grid_index,i_cr,i_ci,Mach,alpha,cr_center,ci_center,cr_target,ci_target,cr_pinn,ci_pinn,cr_failure_reference,ci_failure_reference,status,technical_success,root_class,shoot_cr,shoot_ci,stage1_mismatch,stage2_mismatch,total_mismatch,distance_target,distance_failure,error,seconds,_source_file,cr0,ci0,_cr_key,_ci_key,target_error,failure_branch_error,technical_success_norm,target_recovery_recomputed,worker_class,distance_to_pinn_seed
0,0,0,1.15,0.06,0.0,0.06,-2.549736936302885e-09,0.1998472244836177,0.026089266,0.11558069,0.0,0.102065065,COMPLETED,True,other,0.0016805013020833,0.075984375,0.0009517190373339,1.094299978835058e-21,0.0009517190373339,0.1238742490406997,0.0261347752143078,,21.88443250406999,assets/pinn_supersonic/atlas2d_v1_continuousM/N76/basin_T401_failure/basin_0000_0097.csv,0.0,0.06,0.0,0.06,0.12387424904069978,0.02613477521430791,True,False,UNAVAILABLE,0.061399376886089006
25,0,1,1.15,0.06,0.0,0.066,-2.549736936302885e-09,0.1998472244836177,0.026089266,0.11558069,0.0,0.102065065,COMPLETED,True,other,0.00101318359375,0.081984375,0.0006984090794391,1.2463868204026708e-21,0.0006984090794391,0.1178672042366292,0.0201062341543796,,21.828400281025097,assets/pinn_supersonic/atlas2d_v1_continuousM/N76/basin_T401_failure/basin_0000_0097.csv,0.0,0.066,0.0,0.066,0.11786720423662926,0.020106234154379683,True,False,UNAVAILABLE,0.05602598934423202
50,0,2,1.15,0.06,0.0,0.072,-2.549736936302885e-09,0.1998472244836177,0.026089266,0.11558069,0.0,0.102065065,COMPLETED,True,other,0.00050537109375,0.087984375,0.0004651971975913,1.403570321884961e-21,0.0004651971975913,0.1118639910655526,0.0140897562370148,,21.93892331107054,assets/pinn_supersonic/atlas2d_v1_continuousM/N76/basin_T401_failure/basin_0000_0097.csv,0.0,0.072,0.0,0.072,0.11186399106555263,0.014089756237014814,True,False,UNAVAILABLE,0.050793104669827
75,0,3,1.15,0.06,0.0,0.078,-2.549736936302885e-09,0.1998472244836177,0.026089266,0.11558069,0.0,0.102065065,COMPLETED,True,other,0.000167236328125,0.093984375,0.000252678386543,1.5638272688413421e-21,0.000252678386543,0.1058629815829563,0.0080824203593691,,21.639634115970694,assets/pinn_supersonic/atlas2d_v1_continuousM/N76/basin_T401_failure/basin_0000_0097.csv,0.0,0.078,0.0,0.078,0.10586298158295639,0.008082420359369138,True,False,UNAVAILABLE,0.045748961540126795
100,0,4,1.15,0.06,0.0,0.0839999999999999,-2.549736936302885e-09,0.1998472244836177,0.026089266,0.11558069,0.0,0.102065065,COMPLETED,True,other,1.1291503906250002e-05,0.099984375,6.132479826865837e-05,1.7262075700165556e-21,6.132479826865837e-05,0.0998628501222718,0.0020807206381829,,21.20632127497811,assets/pinn_supersonic/atlas2d_v1_continuousM/N76/basin_T401_failure/basin_0097_0194.csv,0.0,0.0839999999999999,0.0,0.084,0.09986285012227185,0.002080720638182947,True,False,UNAVAILABLE,0.04096334314969918
125,0,5,1.15,0.06,0.0,0.09,-2.549736936302885e-09,0.1998472244836177,0.026089266,0.11558069,0.0,0.102065065,COMPLETED,True,failure_branch,0.0,0.1020625,5.1585415632899436e-08,1.7832789018070147e-21,5.1585415632901217e-08,0.0977847244836177,2.5649999999960427e-06,,16.962789629935287,assets/pinn_supersonic/atlas2d_v1_continuousM/N76/basin_T401_failure/basin_0097_0194.csv,0.0,0.09,0.0,0.09,0.09778472448361772,2.5649999999960427e-06,True,False,UNAVAILABLE,0.03653797315122995
150,0,6,1.15,0.06,0.0,0.096,-2.549736936302885e-09,0.1998472244836177,0.026089266,0.11558069,0.0,0.102065065,COMPLETED,True,failure_branch,0.0,0.1020625,5.158541562699764e-08,1.783428932107135e-21,5.158541562699942e-08,0.0977847244836177,2.564999999982165e-06,,16.94370493700262,assets/pinn_supersonic/atlas2d_v1_continuousM/N76/basin_T401_failure/basin_0097_0194.csv,0.0,0.096,0.0,0.096,0.09778472448361772,2.5649999999960427e-06,True,False,UNAVAILABLE,0.032619801992041585
175,0,7,1.15,0.06,0.0,0.102,-2.549736936302885e-09,0.1998472244836177,0.026089266,0.11558069,0.0,0.102065065,COMPLETED,True,failure_branch,0.0,0.1020625,5.1585415632899436e-08,1.7832789018070147e-21,5.1585415632901217e-08,0.0977847244836177,2.5649999999960427e-06,,17.00709385704249,assets/pinn_supersonic/atlas2d_v1_continuousM/N76/basin_T401_failure/basin_0097_0194.csv,0.0,0.102,0.0,0.102,0.09778472448361772,2.5649999999960427e-06,True,False,UNAVAILABLE,0.02941223354320444
200,0,8,1.15,0.06,0.0,0.108,-2.549736936302885e-09,0.1998472244836177,0.026089266,0.11558069,0.0,0.102065065,COMPLETED,True,failure_branch,0.0,0.1020625,5.158541562699764e-08,1.783428932107135e-21,5.158541562699942e-08,0.0977847244836177,2.564999999982165e-06,,17.290870620985515,assets/pinn_supersonic/atlas2d_v1_continuousM/N76/basin_T401_failure/basin_0194_0291.csv,0.0,0.108,0.0,0.108,0.09778472448361772,2.5649999999960427e-06,True,False,UNAVAILABLE,0.027168133575937822
225,0,9,1.15,0.06,0.0,0.1139999999999999,-2.549736936302885e-09,0.1998472244836177,0.026089266,0.11558069,0.0,0.102065065,COMPLETED,True,failure_branch,0.0,0.1020624999999999,5.158541563610237e-08,1.782866351022196e-21,5.158541563610415e-08,0.0977847244836177,2.5650000000237982e-06,,17.313949318020605,assets/pinn_supersonic/atlas2d_v1_continuousM/N76/basin_T401_failure/basin_0194_0291.csv,0.0,0.1139999999999999,0.0,0.114,0.09778472448361782,2.565000000093187e-06,True,False,UNAVAILABLE,0.026136860599544093
250,0,10,1.15,0.06,0.0,0.12,-2.549736936302885e-09,0.1998472244836177,0.026089266,0.11558069,0.0,0.102065065,COMPLETED,True,other,1.007080078125e-05,0.1040156249999999,5.517151507636263e-05,1.836517491161092e-21,5.517151507636263e-05,0.0958316000130484,0.0019505859977525,,21.57148177002091,assets/pinn_supersonic/atlas2d_v1_continuousM/N76/basin_T401_failure/basin_0194_0291.csv,0.0,0.12,0.0,0.12,0.09583160001304854,0.0019505859977524734,True,False,UNAVAILABLE,0.026460602449679786
275,0,11,1.15,0.06,0.0,0.126,-2.549736936302885e-09,0.1998472244836177,0.026089266,0.11558069,0.0,0.102065065,COMPLETED,True,other,0.000162353515625,0.1100156249999999,0.0002104047949695,1.9994221434468402e-21,0.0002104047949695,0.0898317461996429,0.0079522174880743,,21.334088666946627,assets/pinn_supersonic/atlas2d_v1_continuousM/N76/basin_T401_failure/basin_0194_0291.csv,0.0,0.126,0.0,0.126,0.08983174619964304,0.007952217488074264,True,False,UNAVAILABLE,0.028092552073458902
300,0,12,1.15,0.06,0.0,0.132,-2.549736936302885e-09,0.1998472244836177,0.026089266,0.11558069,0.0,0.102065065,COMPLETED,True,other,0.0004858398437499,0.1160156249999999,0.000343779338027,2.160198220043425e-21,0.000343779338027,0.0838330073110407,0.0139590173245602,,21.574568117037416,assets/pinn_supersonic/atlas2d_v1_continuousM/N76/basin_T401_failure/basin_0291_0388.csv,0.0,0.132,0.0,0.132,0.08383300731104078,0.013959017324560216,True,False,UNAVAILABLE,0.03082563027741688
325,0,13,1.15,0.06,0.0,0.138,-2.549736936302885e-09,0.1998472244836177,0.026089266,0.11558069,0.0,0.102065065,COMPLETED,True,other,0.00095458984375,0.1220156249999999,0.0004552429096271,2.317047312146724e-21,0.0004552429096271,0.0778374532266825,0.019973384442387,,21.736136734951288,assets/pinn_supersonic/atlas2d_v1_continuousM/N76/basin_T401_failure/basin_0291_0388.csv,0.0,0.138,0.0,0.138,0.07783745322668256,0.019973384442387,True,False,UNAVAILABLE,0.0343983645250759
350,0,14,1.15,0.06,0.0,0.144,-2.549736936302885e-09,0.1998472244836177,0.026089266,0.11558069,0.0,0.102065065,COMPLETED,True,other,0.00152099609375,0.1280156249999999,0.0005448561437219,2.46781935944082e-21,0.0005448561437219,0.071847700876565,0.0259950955649484,,21.548816544003785,assets/pinn_supersonic/atlas2d_v1_continuousM/N76/basin_T401_failure/basin_0291_0388.csv,0.0,0.144,0.0,0.144,0.07184770087656506,0.02599509556494837,True,False,UNAVAILABLE,0.03857817364780245
375,0,15,1.15,0.06,0.0,0.15,-2.549736936302885e-09,0.1998472244836177,0.026089266,0.11558069,0.0,0.102065065,COMPLETED,True,other,0.0021036783854166,0.1340156249999999,0.0006127870497738,2.6127092902442538e-21,0.0006127870497738,0.0658652029834296,0.0320197399593261,,21.490209323936146,assets/pinn_supersonic/atlas2d_v1_continuousM/N76/basin_T401_failure/basin_0291_0388.csv,0.0,0.15,0.0,0.15,0.0658652029834297,0.03201973995932606,True,False,UNAVAILABLE,0.043189159311104904
400,0,16,1.15,0.06,0.0,0.156,-2.549736936302885e-09,0.1998472244836177,0.026089266,0.11558069,0.0,0.102065065,COMPLETED,True,other,0.00168701171875,0.171984375,0.0005566596530544,3.3038251545780603e-21,0.0005566596530544,0.0279138746591871,0.069939659131392,,20.66642491193488,assets/pinn_supersonic/atlas2d_v1_continuousM/N76/basin_T401_failure/basin_0388_0485.csv,0.0,0.156,0.0,0.156,0.027913874659187203,0.06993965913139197,True,False,UNAVAILABLE,0.0481074992282908
425,0,17,1.15,0.06,0.0,0.162,-2.549736936302885e-09,0.1998472244836177,0.026089266,0.11558069,0.0,0.102065065,COMPLETED,True,other,0.00110595703125,0.177984375,0.0004729185508626,3.3602204657049027e-21,0.0004729185508626,0.0218908047850712,0.0759273651052838,,20.54781403602101,assets/pinn_supersonic/atlas2d_v1_continuousM/N76/basin_T401_failure/basin_0388_0485.csv,0.0,0.162,0.0,0.162,0.021890804785071268,0.07592736510528383,True,False,UNAVAILABLE,0.05324809369357743
450,0,18,1.15,0.06,0.0,0.1679999999999999,-2.549736936302885e-09,0.1998472244836177,0.026089266,0.11558069,0.0,0.102065065,COMPLETED,True,other,0.00060791015625,0.183984375,0.0003691300603746,3.395218224544769e-21,0.0003691300603746,0.015874493743046,0.0819215655711863,,20.46663998498116,assets/pinn_supersonic/atlas2d_v1_continuousM/N76/basin_T401_failure/basin_0388_0485.csv,0.0,0.1679999999999999,0.0,0.168,0.015874493743046114,0.08192156557118628,True,False,UNAVAILABLE,0.05855243361295916
475,0,19,1.15,0.06,0.0,0.174,-2.549736936302885e-09,0.1998472244836177,0.026089266,0.11558069,0.0,0.102065065,COMPLETED,True,other,0.000240478515625,0.189984375,0.0002455181608626,3.4147570696693956e-21,0.0002455181608626,0.0098657808144766,0.0879196388800169,,20.43134853697848,assets/pinn_supersonic/atlas2d_v1_continuousM/N76/basin_T401_failure/basin_0388_0485.csv,0.0,0.174,0.0,0.174,0.00986578081447663,0.0879196388800169,True,False,UNAVAILABLE,0.06397980526697467
500,0,20,1.15,0.06,0.0,0.18,-2.549736936302885e-09,0.1998472244836177,0.026089266,0.11558069,0.0,0.102065065,COMPLETED,True,other,3.7231445312500006e-05,0.195984375,0.0001023631435858,3.4260289873787615e-21,0.0001023631435858,0.0038630289286352,0.0939193173796351,,21.488828073022887,assets/pinn_supersonic/atlas2d_v1_continuousM/N76/basin_T401_failure/basin_0485_0582.csv,0.0,0.18,0.0,0.18,0.0038630289286352617,0.09391931737963505,True,False,UNAVAILABLE,0.06950139194289565
525,0,21,1.15,0.06,0.0,0.186,-2.549736936302885e-09,0.1998472244836177,0.026089266,0.11558069,0.0,0.102065065,COMPLETED,True,target,0.0,0.1998489583333333,4.096632311842282e-08,3.432738607323302e-21,4.0966323118426255e-08,1.7338515904373383e-06,0.0977838933333333,,21.326710448018275,assets/pinn_supersonic/atlas2d_v1_continuousM/N76/basin_T401_failure/basin_0485_0582.csv,0.0,0.186,0.0,0.186,1.7338515903818274e-06,0.0977838933333333,True,True,UNAVAILABLE,0.07509641457486502
550,0,22,1.15,0.06,0.0,0.192,-2.549736936302885e-09,0.1998472244836177,0.026089266,0.11558069,0.0,0.102065065,COMPLETED,True,target,0.0,0.1998489583333333,4.096632311842282e-08,3.432738607323302e-21,4.0966323118426255e-08,1.7338515904373383e-06,0.0977838933333333,,21.445962156984024,assets/pinn_supersonic/atlas2d_v1_continuousM/N76/basin_T401_failure/basin_0485_0582.csv,0.0,0.192,0.0,0.192,1.7338515903818274e-06,0.0977838933333333,True,True,UNAVAILABLE,0.08074960979472284
575,0,23,1.15,0.06,0.0,0.198,-2.549736936302885e-09,0.1998472244836177,0.026089266,0.11558069,0.0,0.102065065,COMPLETED,True,target,0.0,0.1998489583333334,4.0966323136392274e-08,3.432270281311471e-21,4.0966323136395715e-08,1.7338515904928497e-06,0.0977838933333334,,21.3161066690227,assets/pinn_supersonic/atlas2d_v1_continuousM/N76/basin_T401_failure/basin_0485_0582.csv,0.0,0.198,0.0,0.198,1.7338515904928497e-06,0.09778389333333341,True,True,UNAVAILABLE,0.08644956611805522
600,0,24,1.15,0.06,0.0,0.204,-2.549736936302885e-09,0.1998472244836177,0.026089266,0.11558069,0.0,0.102065065,COMPLETED,True,target,0.0,0.1998489583333333,4.096632311842282e-08,3.432738607323302e-21,4.0966323118426255e-08,1.7338515904373383e-06,0.0977838933333333,,20.137158161960546,assets/pinn_supersonic/atlas2d_v1_continuousM/N76/basin_T401_failure/basin_0582_0679.csv,0.0,0.204,0.0,0.204,1.7338515903818274e-06,0.0977838933333333,True,True,UNAVAILABLE,0.09218761024129
625,0,25,1.15,0.06,0.0,0.21,-2.549736936302885e-09,0.1998472244836177,0.026089266,0.11558069,0.0,0.102065065,COMPLETED,True,target,0.0,0.1998489583333333,4.096632311842282e-08,3.432738607323302e-21,4.0966323118426255e-08,1.7338515904373383e-06,0.0977838933333333,,19.96000791003462,assets/pinn_supersonic/atlas2d_v1_continuousM/N76/basin_T401_failure/basin_0582_0679.csv,0.0,0.21,0.0,0.21,1.7338515903818274e-06,0.0977838933333333,True,True,UNAVAILABLE,0.09795704916952122
650,0,26,1.15,0.06,0.0,0.216,-2.549736936302885e-09,0.1998472244836177,0.026089266,0.11558069,0.0,0.102065065,COMPLETED,True,other,5.722045898437501e-08,0.2000156249999999,4.635275462167448e-06,3.433102882976165e-21,4.635275462167451e-06,0.0001684005269893,0.0979505600000166,,20.027467387961224,assets/pinn_supersonic/atlas2d_v1_continuousM/N76/basin_T401_failure/basin_0582_0679.csv,0.0,0.216,0.0,0.216,0.0001684005269892821,0.0979505600000166,True,False,UNAVAILABLE,0.10375264566265285
675,0,27,1.15,0.06,0.0,0.222,-2.549736936302885e-09,0.1998472244836177,0.026089266,0.11558069,0.0,0.102065065,COMPLETED,True,other,9.46044921875e-05,0.2060156249999999,0.0001797282306344,3.4452390865540506e-21,0.0001797282306344,0.006169125985331,0.10395060304935,,19.84304864308797,assets/pinn_supersonic/atlas2d_v1_continuousM/N76/basin_T401_failure/basin_0582_0679.csv,0.0,0.222,0.0,0.222,0.006169125985330981,0.10395060304934994,True,False,UNAVAILABLE,0.10957024907336846
700,0,28,1.15,0.06,0.0,0.228,-2.549736936302885e-09,0.1998472244836177,0.026089266,0.11558069,0.0,0.102065065,COMPLETED,True,other,0.000360107421875,0.2120156249999999,0.0003734438137137,3.459120328748732e-21,0.0003734438137137,0.0121737278727079,0.1099511497059893,,20.283630802994598,assets/pinn_supersonic/atlas2d_v1_continuousM/N76/basin_T401_failure/basin_0679_0775.csv,0.0,0.228,0.0,0.228,0.0121737278727079,0.10995114970598929,True,False,UNAVAILABLE,0.1154065313662966
725,0,29,1.15,0.06,0.0,0.234,-2.549736936302885e-09,0.1998472244836177,0.026089266,0.11558069,0.0,0.102065065,COMPLETED,True,other,0.00079345703125,0.218015625,0.0005854058550025,3.461262401059123e-21,0.0005854058550025,0.0181857184469115,0.1159532748065963,,20.229923035018142,assets/pinn_supersonic/atlas2d_v1_continuousM/N76/basin_T401_failure/basin_0679_0775.csv,0.0,0.234,0.0,0.234,0.01818571844691159,0.1159532748065963,True,False,UNAVAILABLE,0.1212587954830494
750,0,30,1.15,0.06,0.0,0.24,-2.549736936302885e-09,0.1998472244836177,0.026089266,0.11558069,0.0,0.102065065,COMPLETED,True,other,0.00137939453125,0.2240156249999999,0.0008152316748119,3.444457141000741e-21,0.0008152316748119,0.0242077326453201,0.1219583609826994,,20.20324114302639,assets/pinn_supersonic/atlas2d_v1_continuousM/N76/basin_T401_failure/basin_0679_0775.csv,0.0,0.24,0.0,0.24,0.024207732645320165,0.12195836098269942,True,False,UNAVAILABLE,0.12712483424571297
1,1,0,1.15,0.06,0.005,0.06,-2.549736936302885e-09,0.1998472244836177,0.026089266,0.11558069,0.0,0.102065065,COMPLETED,True,other,0.0016829427083333,0.075984375,0.000951719040377,1.0941236991883164e-21,0.000951719040377,0.1238742821853793,0.0261349323135842,,21.92412131500896,assets/pinn_supersonic/atlas2d_v1_continuousM/N76/basin_T401_failure/basin_0000_0097.csv,0.005,0.06,0.005,0.06,0.12387428218537934,0.02613493231358428,True,False,UNAVAILABLE,0.05944740096926022
26,1,1,1.15,0.06,0.005,0.066,-2.549736936302885e-09,0.1998472244836177,0.026089266,0.11558069,0.0,0.102065065,COMPLETED,True,other,0.0010123697916666,0.081984375,0.0006984090799541,1.246512249286601e-21,0.0006984090799541,0.117867197243998,0.0201061931620875,,21.891315776039846,assets/pinn_supersonic/atlas2d_v1_continuousM/N76/basin_T401_failure/basin_0000_0097.csv,0.005,0.066,0.005,0.066,0.11786719724399812,0.02010619316208762,True,False,UNAVAILABLE,0.053879694524004124
51,1,2,1.15,0.06,0.005,0.072,-2.549736936302885e-09,0.1998472244836177,0.026089266,0.11558069,0.0,0.102065065,COMPLETED,True,other,0.0005061848958333,0.087984375,0.0004651971994643,1.4035037727901357e-21,0.0004651971994643,0.1118639947450678,0.0140897854499232,,21.756246873061173,assets/pinn_supersonic/atlas2d_v1_continuousM/N76/basin_T401_failure/basin_0000_0097.csv,0.005,0.072,0.005,0.072,0.11186399474506781,0.014089785449923273,True,False,UNAVAILABLE,0.04841538476558872
76,1,3,1.15,0.06,0.005,0.078,-2.549736936302885e-09,0.1998472244836177,0.026089266,0.11558069,0.0,0.102065065,COMPLETED,True,other,0.0001676432291666,0.093984375,0.0002526783859909,1.5634760561334241e-21,0.0002526783859909,0.1058629822265473,0.0080824287889461,,21.63974067696836,assets/pinn_supersonic/atlas2d_v1_continuousM/N76/basin_T401_failure/basin_0000_0097.csv,0.005,0.078,0.005,0.078,0.10586298222654734,0.008082428788946144,True,False,UNAVAILABLE,0.0430938218541823
101,1,4,1.15,0.06,0.005,0.0839999999999999,-2.549736936302885e-09,0.1998472244836177,0.026089266,0.11558069,0.0,0.102065065,COMPLETED,True,other,1.0986328125000005e-05,0.099984375,6.132479837184517e-05,1.726502796477169e-21,6.132479837184517e-05,0.099862850088224,0.0020807190044562,,21.19520163803827,assets/pinn_supersonic/atlas2d_v1_continuousM/N76/basin_T401_failure/basin_0097_0194.csv,0.005,0.0839999999999999,0.005,0.084,0.09986285008822408,0.002080719004456309,True,False,UNAVAILABLE,0.03797506394991333
126,1,5,1.15,0.06,0.005,0.09,-2.549736936302885e-09,0.1998472244836177,0.026089266,0.11558069,0.0,0.102065065,COMPLETED,True,failure_branch,0.0,0.1020625,5.1585415632899436e-08,1.7832789018070147e-21,5.1585415632901217e-08,0.0977847244836177,2.5649999999960427e-06,,16.96781249390915,assets/pinn_supersonic/atlas2d_v1_continuousM/N76/basin_T401_failure/basin_0097_0194.csv,0.005,0.09,0.005,0.09,0.09778472448361772,2.5649999999960427e-06,True,False,UNAVAILABLE,0.0331531820795531
151,1,6,1.15,0.06,0.005,0.096,-2.549736936302885e-09,0.1998472244836177,0.026089266,0.11558069,0.0,0.102065065,COMPLETED,True,failure_branch,0.0,0.1020625,5.158541562699764e-08,1.783428932107135e-21,5.158541562699942e-08,0.0977847244836177,2.564999999982165e-06,,16.952570584020577,assets/pinn_supersonic/atlas2d_v1_continuousM/N76/basin_T401_failure/basin_0097_0194.csv,0.005,0.096,0.005,0.096,0.09778472448361772,2.5649999999960427e-06,True,False,UNAVAILABLE,0.028777794946798826
176,1,7,1.15,0.06,0.005,0.102,-2.549736936302885e-09,0.1998472244836177,0.026089266,0.11558069,0.0,0.102065065,COMPLETED,True,failure_branch,0.0,0.1020625,5.1585415632899436e-08,1.7832789018070147e-21,5.1585415632901217e-08,0.0977847244836177,2.5649999999960427e-06,,17.008561419905163,assets/pinn_supersonic/atlas2d_v1_continuousM/N76/basin_T401_failure/basin_0097_0194.csv,0.005,0.102,0.005,0.102,0.09778472448361772,2.5649999999960427e-06,True,False,UNAVAILABLE,0.025083649694571965
201,1,8,1.15,0.06,0.005,0.108,-2.549736936302885e-09,0.1998472244836177,0.026089266,0.11558069,0.0,0.102065065,COMPLETED,True,failure_branch,0.0,0.1020625,5.158541562699764e-08,1.783428932107135e-21,5.158541562699942e-08,0.0977847244836177,2.564999999982165e-06,,17.30475341004785,assets/pinn_supersonic/atlas2d_v1_continuousM/N76/basin_T401_failure/basin_0194_0291.csv,0.005,0.108,0.005,0.108,0.09778472448361772,2.5649999999960427e-06,True,False,UNAVAILABLE,0.022410209325216042
226,1,9,1.15,0.06,0.005,0.1139999999999999,-2.549736936302885e-09,0.1998472244836177,0.026089266,0.11558069,0.0,0.102065065,COMPLETED,True,failure_branch,0.0,0.1020624999999999,5.158541563610237e-08,1.782866351022196e-21,5.158541563610415e-08,0.0977847244836177,2.5650000000237982e-06,,17.308957819011994,assets/pinn_supersonic/atlas2d_v1_continuousM/N76/basin_T401_failure/basin_0194_0291.csv,0.005,0.1139999999999999,0.005,0.114,0.09778472448361782,2.565000000093187e-06,True,False,UNAVAILABLE,0.021148179165119636
251,1,10,1.15,0.06,0.005,0.12,-2.549736936302885e-09,0.1998472244836177,0.026089266,0.11558069,0.0,0.102065065,COMPLETED,True,other,9.83344184027778e-06,0.1040156249999999,5.517151459937472e-05,1.836517491161092e-21,5.517151459937472e-05,0.0958315999883924,0.0019505847867186,,21.481658360920846,assets/pinn_supersonic/atlas2d_v1_continuousM/N76/basin_T401_failure/basin_0194_0291.csv,0.005,0.12,0.005,0.12,0.09583159998839247,0.0019505847867186043,True,False,UNAVAILABLE,0.021547006334987698
276,1,11,1.15,0.06,0.005,0.126,-2.549736936302885e-09,0.1998472244836177,0.026089266,0.11558069,0.0,0.102065065,COMPLETED,True,other,0.0001614040798611,0.1100156249999999,0.0002104047934682,1.9993427146200157e-21,0.0002104047934682,0.0898317444887117,0.0079521981609235,,21.3386562790256,assets/pinn_supersonic/atlas2d_v1_continuousM/N76/basin_T401_failure/basin_0194_0291.csv,0.005,0.126,0.005,0.126,0.08983174448871177,0.007952198160923444,True,False,UNAVAILABLE,0.02352236131854113
301,1,12,1.15,0.06,0.005,0.132,-2.549736936302885e-09,0.1998472244836177,0.026089266,0.11558069,0.0,0.102065065,COMPLETED,True,other,0.0004866536458333,0.1160156249999999,0.0003437793380371,2.160487194584149e-21,0.0003437793380371,0.0838330120312659,0.0139590456724162,,21.58209716901183,assets/pinn_supersonic/atlas2d_v1_continuousM/N76/basin_T401_failure/basin_0291_0388.csv,0.005,0.132,0.005,0.132,0.08383301203126603,0.013959045672416154,True,False,UNAVAILABLE,0.02672694299765688
326,1,13,1.15,0.06,0.005,0.138,-2.549736936302885e-09,0.1998472244836177,0.026089266,0.11558069,0.0,0.102065065,COMPLETED,True,other,0.0009537760416666,0.1220156249999999,0.0004552429122011,2.3173893496134527e-21,0.0004552429122011,0.0778374432505314,0.0199733455648085,,21.511374027002603,assets/pinn_supersonic/atlas2d_v1_continuousM/N76/basin_T401_failure/basin_0291_0388.csv,0.005,0.138,0.005,0.138,0.0778374432505315,0.019973345564808453,True,False,UNAVAILABLE,0.030779172860881113
351,1,14,1.15,0.06,0.005,0.144,-2.549736936302885e-09,0.1998472244836177,0.026089266,0.11558069,0.0,0.102065065,COMPLETED,True,other,0.0015201822916666,0.1280156249999999,0.0005448561450951,2.467995851291145e-21,0.0005448561450951,0.0718476836531763,0.0259950479613617,,21.53882525803056,assets/pinn_supersonic/atlas2d_v1_continuousM/N76/basin_T401_failure/basin_0291_0388.csv,0.005,0.144,0.005,0.144,0.0718476836531764,0.025995047961361647,True,False,UNAVAILABLE,0.03538905878940551
376,1,15,1.15,0.06,0.005,0.15,-2.549736936302885e-09,0.1998472244836177,0.026089266,0.11558069,0.0,0.102065065,COMPLETED,True,other,0.0021061197916666,0.1340156249999999,0.0006127870469653,2.61289088918008e-21,0.0006127870469653,0.0658652810051579,0.0320199004509765,,21.457129825023003,assets/pinn_supersonic/atlas2d_v1_continuousM/N76/basin_T401_failure/basin_0291_0388.csv,0.005,0.15,0.005,0.15,0.065865281005158,0.03201990045097647,True,False,UNAVAILABLE,0.04036599412872176
401,1,16,1.15,0.06,0.005,0.156,-2.549736936302885e-09,0.1998472244836177,0.026089266,0.11558069,0.0,0.102065065,COMPLETED,True,other,0.001689453125,0.171984375,0.0005566596567153,3.304131470845279e-21,0.0005566596567153,0.0279140223153818,0.069939718063041,,20.66099722601939,assets/pinn_supersonic/atlas2d_v1_continuousM/N76/basin_T401_failure/basin_0388_0485.csv,0.005,0.156,0.005,0.156,0.027914022315381846,0.06993971806304107,True,False,UNAVAILABLE,0.045589927418235705
426,1,17,1.15,0.06,0.005,0.162,-2.549736936302885e-09,0.1998472244836177,0.026089266,0.11558069,0.0,0.102065065,COMPLETED,True,other,0.0011100260416666,0.177984375,0.0004729185512322,3.3606323615379545e-21,0.0004729185512322,0.0218910107353921,0.0759274244834452,,20.5594624360092,assets/pinn_supersonic/atlas2d_v1_continuousM/N76/basin_T401_failure/basin_0388_0485.csv,0.005,0.162,0.005,0.162,0.02189101073539218,0.07592742448344524,True,False,UNAVAILABLE,0.05098499271354268
451,1,18,1.15,0.06,0.005,0.1679999999999999,-2.549736936302885e-09,0.1998472244836177,0.026089266,0.11558069,0.0,0.102065065,COMPLETED,True,other,0.0006049262152777,0.183984375,0.0003691300621449,3.3957357725188575e-21,0.0003691300621449,0.0158743797532581,0.0819215434827862,,20.46914612594992,assets/pinn_supersonic/atlas2d_v1_continuousM/N76/basin_T401_failure/basin_0388_0485.csv,0.005,0.1679999999999999,0.005,0.168,0.01587437975325814,0.08192154348278621,True,False,UNAVAILABLE,0.056502190063748764
476,1,19,1.15,0.06,0.005,0.174,-2.549736936302885e-09,0.1998472244836177,0.026089266,0.11558069,0.0,0.102065065,COMPLETED,True,other,0.0002392578125,0.189984375,0.0002455181598472,3.414860873509332e-21,0.0002455181598472,0.0098657511349838,0.087919635549614,,20.44903314195108,assets/pinn_supersonic/atlas2d_v1_continuousM/N76/basin_T401_failure/basin_0388_0485.csv,0.005,0.174,0.005,0.174,0.009865751134983858,0.08791963554961398,True,False,UNAVAILABLE,0.06210898068717598
501,1,20,1.15,0.06,0.005,0.18,-2.549736936302885e-09,0.1998472244836177,0.026089266,0.11558069,0.0,0.102065065,COMPLETED,True,other,3.729926215277779e-05,0.195984375,0.000102363143698,3.426080974692922e-21,0.000102363143698,0.0038630295828863,0.0939193174065435,,21.58183398097753,assets/pinn_supersonic/atlas2d_v1_continuousM/N76/basin_T401_failure/basin_0485_0582.csv,0.005,0.18,0.005,0.18,0.0038630295828864436,0.09391931740654345,True,False,UNAVAILABLE,0.06778313567547609
526,1,21,1.15,0.06,0.005,0.186,-2.549736936302885e-09,0.1998472244836177,0.026089266,0.11558069,0.0,0.102065065,COMPLETED,True,target,0.0,0.1998489583333333,4.096632311842282e-08,3.432738607323302e-21,4.0966323118426255e-08,1.7338515904373383e-06,0.0977838933333333,,21.324396924930625,assets/pinn_supersonic/atlas2d_v1_continuousM/N76/basin_T401_failure/basin_0485_0582.csv,0.005,0.186,0.005,0.186,1.7338515903818274e-06,0.0977838933333333,True,True,UNAVAILABLE,0.07350905714264058
551,1,22,1.15,0.06,0.005,0.192,-2.549736936302885e-09,0.1998472244836177,0.026089266,0.11558069,0.0,0.102065065,COMPLETED,True,target,0.0,0.1998489583333333,4.096632311842282e-08,3.432738607323302e-21,4.0966323118426255e-08,1.7338515904373383e-06,0.0977838933333333,,21.32639227900654,assets/pinn_supersonic/atlas2d_v1_continuousM/N76/basin_T401_failure/basin_0485_0582.csv,0.005,0.192,0.005,0.192,1.7338515903818274e-06,0.0977838933333333,True,True,UNAVAILABLE,0.0792755288976365
576,1,23,1.15,0.06,0.005,0.198,-2.549736936302885e-09,0.1998472244836177,0.026089266,0.11558069,0.0,0.102065065,COMPLETED,True,target,0.0,0.1998489583333334,4.0966323136392274e-08,3.432270281311471e-21,4.0966323136395715e-08,1.7338515904928497e-06,0.0977838933333334,,21.331340687000196,assets/pinn_supersonic/atlas2d_v1_continuousM/N76/basin_T401_failure/basin_0485_0582.csv,0.005,0.198,0.005,0.198,1.7338515904928497e-06,0.09778389333333341,True,True,UNAVAILABLE,0.08507430565100135
601,1,24,1.15,0.06,0.005,0.204,-2.549736936302885e-09,0.1998472244836177,0.026089266,0.11558069,0.0,0.102065065,COMPLETED,True,target,0.0,0.1998489583333333,4.096632311842282e-08,3.432738607323302e-21,4.0966323118426255e-08,1.7338515904373383e-06,0.0977838933333333,,20.077342918957584,assets/pinn_supersonic/atlas2d_v1_continuousM/N76/basin_T401_failure/basin_0582_0679.csv,0.005,0.204,0.005,0.204,1.7338515903818274e-06,0.0977838933333333,True,True,UNAVAILABLE,0.09089920506803124
626,1,25,1.15,0.06,0.005,0.21,-2.549736936302885e-09,0.1998472244836177,0.026089266,0.11558069,0.0,0.102065065,COMPLETED,True,target,0.0,0.1998489583333333,4.096632311842282e-08,3.432738607323302e-21,4.0966323118426255e-08,1.7338515904373383e-06,0.0977838933333333,,20.023414307041094,assets/pinn_supersonic/atlas2d_v1_continuousM/N76/basin_T401_failure/basin_0582_0679.csv,0.005,0.21,0.005,0.21,1.7338515903818274e-06,0.0977838933333333,True,True,UNAVAILABLE,0.09674550884666429
651,1,26,1.15,0.06,0.005,0.216,-2.549736936302885e-09,0.1998472244836177,0.026089266,0.11558069,0.0,0.102065065,COMPLETED,True,other,7.629394531250001e-08,0.2000156249999999,4.635275452370633e-06,3.4326865695220426e-21,4.635275452370636e-06,0.0001684005348392,0.0979505600000296,,20.03977621893864,assets/pinn_supersonic/atlas2d_v1_continuousM/N76/basin_T401_failure/basin_0582_0679.csv,0.005,0.216,0.005,0.216,0.00016840053483916802,0.09795056000002961,True,False,UNAVAILABLE,0.1026095584339003
676,1,27,1.15,0.06,0.005,0.222,-2.549736936302885e-09,0.1998472244836177,0.026089266,0.11558069,0.0,0.102065065,COMPLETED,True,other,9.358723958333337e-05,0.2060156249999999,0.0001797282289821,3.4450305590623645e-21,0.0001797282289821,0.006169110469036,0.1039506021285351,,19.853942004032437,assets/pinn_supersonic/atlas2d_v1_continuousM/N76/basin_T401_failure/basin_0582_0679.csv,0.005,0.222,0.005,0.222,0.006169110469035975,0.10395060212853503,True,False,UNAVAILABLE,0.10848847626361059
701,1,28,1.15,0.06,0.005,0.228,-2.549736936302885e-09,0.1998472244836177,0.026089266,0.11558069,0.0,0.102065065,COMPLETED,True,other,0.0003597005208333,0.2120156249999999,0.0003734438146246,3.459015854377027e-21,0.0003734438146246,0.0121737158429984,0.1099511483740769,,20.28813139302656,assets/pinn_supersonic/atlas2d_v1_continuousM/N76/basin_T401_failure/basin_0679_0775.csv,0.005,0.228,0.005,0.228,0.012173715842998329,0.10995114837407687,True,False,UNAVAILABLE,0.11437996975869508
726,1,29,1.15,0.06,0.005,0.234,-2.549736936302885e-09,0.1998472244836177,0.026089266,0.11558069,0.0,0.102065065,COMPLETED,True,other,0.000791015625,0.218015625,0.00058540585754,3.461366909351847e-21,0.00058540585754,0.0181856120896835,0.1159532581259905,,20.18955332203768,assets/pinn_supersonic/atlas2d_v1_continuousM/N76/basin_T401_failure/basin_0679_0775.csv,0.005,0.234,0.005,0.234,0.018185612089683556,0.11595325812599055,True,False,UNAVAILABLE,0.12028219104256457
751,1,30,1.15,0.06,0.005,0.24,-2.549736936302885e-09,0.1998472244836177,0.026089266,0.11558069,0.0,0.102065065,COMPLETED,True,other,0.001376953125,0.2240156249999999,0.0008152316818691,3.444196512204493e-21,0.0008152316818691,0.0242075936526218,0.1219583333939179,,20.20959747000597,assets/pinn_supersonic/atlas2d_v1_continuousM/N76/basin_T401_failure/basin_0679_0775.csv,0.005,0.24,0.005,0.24,0.024207593652621786,0.12195833339391789,True,False,UNAVAILABLE,0.12619363487117724
2,2,0,1.15,0.06,0.01,0.06,-2.549736936302885e-09,0.1998472244836177,0.026089266,0.11558069,0.0,0.102065065,COMPLETED,True,other,0.0016805013020833,0.075984375,0.0009517190373339,1.094299978835058e-21,0.0009517190373339,0.1238742490406997,0.0261347752143078,,21.985932408017103,assets/pinn_supersonic/atlas2d_v1_continuousM/N76/basin_T401_failure/basin_0000_0097.csv,0.01,0.06,0.01,0.06,0.12387424904069978,0.02613477521430791,True,False,UNAVAILABLE,0.057862798774342056
27,2,1,1.15,0.06,0.01,0.066,-2.549736936302885e-09,0.1998472244836177,0.026089266,0.11558069,0.0,0.102065065,COMPLETED,True,other,0.0010131835937499,0.081984375,0.0006984090794391,1.2463868204026708e-21,0.0006984090794391,0.1178672042366292,0.0201062341543796,,22.014116619015116,assets/pinn_supersonic/atlas2d_v1_continuousM/N76/basin_T401_failure/basin_0000_0097.csv,0.01,0.066,0.01,0.066,0.11786720423662926,0.02010623415437968,True,False,UNAVAILABLE,0.05212611132628253
52,2,2,1.15,0.06,0.01,0.072,-2.549736936302885e-09,0.1998472244836177,0.026089266,0.11558069,0.0,0.102065065,COMPLETED,True,other,0.0005065917968749,0.087984375,0.0004651972009921,1.4034372252730321e-21,0.0004651972009921,0.1118639965870454,0.0140898000739811,,21.731456629000604,assets/pinn_supersonic/atlas2d_v1_continuousM/N76/basin_T401_failure/basin_0000_0097.csv,0.01,0.072,0.01,0.072,0.11186399658704549,0.014089800073981204,True,False,UNAVAILABLE,0.04645599511365568
77,2,3,1.15,0.06,0.01,0.078,-2.549736936302885e-09,0.1998472244836177,0.026089266,0.11558069,0.0,0.102065065,COMPLETED,True,other,0.0001678466796875,0.093984375,0.0002526783859566,1.563967764968562e-21,0.0002526783859566,0.1058629825489292,0.0080824330114131,,21.674566759029403,assets/pinn_supersonic/atlas2d_v1_continuousM/N76/basin_T401_failure/basin_0000_0097.csv,0.01,0.078,0.01,0.078,0.10586298254892933,0.008082433011413218,True,False,UNAVAILABLE,0.04088016000457924
102,2,4,1.15,0.06,0.01,0.0839999999999999,-2.549736936302885e-09,0.1998472244836177,0.026089266,0.11558069,0.0,0.102065065,COMPLETED,True,other,1.1444091796875e-05,0.099984375,6.132479871236336e-05,1.7268718650516768e-21,6.132479871236336e-05,0.0998628501396454,0.0020807214718306,,21.196357724023983,assets/pinn_supersonic/atlas2d_v1_continuousM/N76/basin_T401_failure/basin_0097_0194.csv,0.01,0.0839999999999999,0.01,0.084,0.09986285013964545,0.002080721471830634,True,False,UNAVAILABLE,0.03544313025115032
127,2,5,1.15,0.06,0.01,0.09,-2.549736936302885e-09,0.1998472244836177,0.026089266,0.11558069,0.0,0.102065065,COMPLETED,True,failure_branch,0.0,0.1020625,5.1585415632899436e-08,1.7832789018070147e-21,5.1585415632901217e-08,0.0977847244836177,2.5649999999960427e-06,,16.984789564972743,assets/pinn_supersonic/atlas2d_v1_continuousM/N76/basin_T401_failure/basin_0097_0194.csv,0.01,0.09,0.01,0.09,0.09778472448361772,2.5649999999960427e-06,True,False,UNAVAILABLE,0.030219918629936785
152,2,6,1.15,0.06,0.01,0.096,-2.549736936302885e-09,0.1998472244836177,0.026089266,0.11558069,0.0,0.102065065,COMPLETED,True,failure_branch,0.0,0.1020625,5.158541562699764e-08,1.783428932107135e-21,5.158541562699942e-08,0.0977847244836177,2.564999999982165e-06,,16.947473568026908,assets/pinn_supersonic/atlas2d_v1_continuousM/N76/basin_T401_failure/basin_0097_0194.csv,0.01,0.096,0.01,0.096,0.09778472448361772,2.5649999999960427e-06,True,False,UNAVAILABLE,0.025343075622347024
177,2,7,1.15,0.06,0.01,0.102,-2.549736936302885e-09,0.1998472244836177,0.026089266,0.11558069,0.0,0.102065065,COMPLETED,True,failure_branch,0.0,0.1020625,5.1585415632899436e-08,1.7832789018070147e-21,5.1585415632901217e-08,0.0977847244836177,2.5649999999960427e-06,,16.998730611987412,assets/pinn_supersonic/atlas2d_v1_continuousM/N76/basin_T401_failure/basin_0097_0194.csv,0.01,0.102,0.01,0.102,0.09778472448361772,2.5649999999960427e-06,True,False,UNAVAILABLE,0.02105467838747484
202,2,8,1.15,0.06,0.01,0.108,-2.549736936302885e-09,0.1998472244836177,0.026089266,0.11558069,0.0,0.102065065,COMPLETED,True,failure_branch,0.0,0.1020625,5.158541562699764e-08,1.783428932107135e-21,5.158541562699942e-08,0.0977847244836177,2.564999999982165e-06,,17.29837641492486,assets/pinn_supersonic/atlas2d_v1_continuousM/N76/basin_T401_failure/basin_0194_0291.csv,0.01,0.108,0.01,0.108,0.09778472448361772,2.5649999999960427e-06,True,False,UNAVAILABLE,0.017785597600305705
227,2,9,1.15,0.06,0.01,0.1139999999999999,-2.549736936302885e-09,0.1998472244836177,0.026089266,0.11558069,0.0,0.102065065,COMPLETED,True,failure_branch,0.0,0.1020624999999999,5.158541563610237e-08,1.782866351022196e-21,5.158541563610415e-08,0.0977847244836177,2.5650000000237982e-06,,17.305489349062555,assets/pinn_supersonic/atlas2d_v1_continuousM/N76/basin_T401_failure/basin_0194_0291.csv,0.01,0.1139999999999999,0.01,0.114,0.09778472448361782,2.565000000093187e-06,True,False,UNAVAILABLE,0.016166492569509326
252,2,10,1.15,0.06,0.01,0.12,-2.549736936302885e-09,0.1998472244836177,0.026089266,0.11558069,0.0,0.102065065,COMPLETED,True,other,9.918212890625e-06,0.1040156249999999,5.517151467597129e-05,1.836365244161828e-21,5.517151467597129e-05,0.0958315999971306,0.0019505852159151,,21.35602257598657,assets/pinn_supersonic/atlas2d_v1_continuousM/N76/basin_T401_failure/basin_0194_0291.csv,0.01,0.12,0.01,0.12,0.09583159999713071,0.0019505852159151058,True,False,UNAVAILABLE,0.01668482789842316
277,2,11,1.15,0.06,0.01,0.126,-2.549736936302885e-09,0.1998472244836177,0.026089266,0.11558069,0.0,0.102065065,COMPLETED,True,other,0.0001617431640625,0.1100156249999999,0.0002104047936575,1.999739874531358e-21,0.0002104047936575,0.0898317450986066,0.0079522050504699,,21.31112645601388,assets/pinn_supersonic/atlas2d_v1_continuousM/N76/basin_T401_failure/basin_0194_0291.csv,0.01,0.126,0.01,0.126,0.08983174509860672,0.007952205050469922,True,False,UNAVAILABLE,0.019167980644814935
302,2,12,1.15,0.06,0.01,0.132,-2.549736936302885e-09,0.1998472244836177,0.026089266,0.11558069,0.0,0.102065065,COMPLETED,True,other,0.0004862467447916,0.1160156249999999,0.000343779337882,2.1599918214901065e-21,0.000343779337882,0.0838330096701658,0.0139590314925649,,21.55854911892675,assets/pinn_supersonic/atlas2d_v1_continuousM/N76/basin_T401_failure/basin_0291_0388.csv,0.01,0.132,0.01,0.132,0.08383300967016594,0.013959031492564868,True,False,UNAVAILABLE,0.022987811596583092
327,2,13,1.15,0.06,0.01,0.138,-2.549736936302885e-09,0.1998472244836177,0.026089266,0.11558069,0.0,0.102065065,COMPLETED,True,other,0.0009562174479166,0.1220156249999999,0.000455242906892,2.3171328191468238e-21,0.000455242906892,0.077837473204506,0.0199734622967901,,21.56718027801253,assets/pinn_supersonic/atlas2d_v1_continuousM/N76/basin_T401_failure/basin_0291_0388.csv,0.01,0.138,0.01,0.138,0.0778374732045061,0.01997346229679012,True,False,UNAVAILABLE,0.02759470025204116
352,2,14,1.15,0.06,0.01,0.144,-2.549736936302885e-09,0.1998472244836177,0.026089266,0.11558069,0.0,0.102065065,COMPLETED,True,other,0.00152587890625,0.1280156249999999,0.0005448561481357,2.4682606008995466e-21,0.0005448561481357,0.0718478044103826,0.0259953817196466,,21.615175761980936,assets/pinn_supersonic/atlas2d_v1_continuousM/N76/basin_T401_failure/basin_0291_0388.csv,0.01,0.144,0.01,0.144,0.07184780441038267,0.025995381719646556,True,False,UNAVAILABLE,0.032657242412671636
377,2,15,1.15,0.06,0.01,0.15,-2.549736936302885e-09,0.1998472244836177,0.026089266,0.11558069,0.0,0.102065065,COMPLETED,True,other,0.0021036783854166,0.1340156249999999,0.0006127870497738,2.612800088923306e-21,0.0006127870497738,0.0658652029834296,0.0320197399593261,,21.487759860930964,assets/pinn_supersonic/atlas2d_v1_continuousM/N76/basin_T401_failure/basin_0291_0388.csv,0.01,0.15,0.01,0.15,0.0658652029834297,0.03201973995932606,True,False,UNAVAILABLE,0.03799372950895975
402,2,16,1.15,0.06,0.01,0.156,-2.549736936302885e-09,0.1998472244836177,0.026089266,0.11558069,0.0,0.102065065,COMPLETED,True,other,0.0016886393229166,0.171984375,0.0005566596549492,3.3040804171479998e-21,0.0005566596549492,0.0279139730730115,0.0699396984096943,,20.64899835200049,assets/pinn_supersonic/atlas2d_v1_continuousM/N76/basin_T401_failure/basin_0388_0485.csv,0.01,0.156,0.01,0.156,0.027913973073011546,0.06993969840969433,True,False,UNAVAILABLE,0.04350346517232851
427,2,17,1.15,0.06,0.01,0.162,-2.549736936302885e-09,0.1998472244836177,0.026089266,0.11558069,0.0,0.102065065,COMPLETED,True,other,0.0011108398437499,0.177984375,0.0004729185534217,3.3606323615379545e-21,0.0004729185534217,0.0218910520159833,0.0759274363852393,,20.55338844808284,assets/pinn_supersonic/atlas2d_v1_continuousM/N76/basin_T401_failure/basin_0388_0485.csv,0.01,0.162,0.01,0.162,0.02189105201598338,0.07592743638523931,True,False,UNAVAILABLE,0.04912819436942498
452,2,18,1.15,0.06,0.01,0.1679999999999999,-2.549736936302885e-09,0.1998472244836177,0.026089266,0.11558069,0.0,0.102065065,COMPLETED,True,other,0.0006083170572916,0.183984375,0.0003691300611792,3.395373484795476e-21,0.0003691300611792,0.0158745093305022,0.0819215685916614,,20.470248032012023,assets/pinn_supersonic/atlas2d_v1_continuousM/N76/basin_T401_failure/basin_0388_0485.csv,0.01,0.1679999999999999,0.01,0.168,0.01587450933050232,0.08192156859166146,True,False,UNAVAILABLE,0.05483254035698135
477,2,19,1.15,0.06,0.01,0.174,-2.549736936302885e-09,0.1998472244836177,0.026089266,0.11558069,0.0,0.102065065,COMPLETED,True,other,0.0002380371093749,0.189984375,0.0002455181626338,3.414964678926989e-21,0.0002455181626338,0.0098657216064415,0.0879196322361595,,20.46091019106097,assets/pinn_supersonic/atlas2d_v1_continuousM/N76/basin_T401_failure/basin_0388_0485.csv,0.01,0.174,0.01,0.174,0.009865721606441549,0.08791963223615953,True,False,UNAVAILABLE,0.06059402183384099
502,2,20,1.15,0.06,0.01,0.18,-2.549736936302885e-09,0.1998472244836177,0.026089266,0.11558069,0.0,0.102065065,COMPLETED,True,other,3.712972005208333e-05,0.195984375,0.0001023631434767,3.426236939001987e-21,0.0001023631434767,0.0038630279494905,0.0939193173393643,,21.548148954985663,assets/pinn_supersonic/atlas2d_v1_continuousM/N76/basin_T401_failure/basin_0485_0582.csv,0.01,0.18,0.01,0.18,0.0038630279494905597,0.09391931733936426,True,False,UNAVAILABLE,0.0663977671461925
527,2,21,1.15,0.06,0.01,0.186,-2.549736936302885e-09,0.1998472244836177,0.026089266,0.11558069,0.0,0.102065065,COMPLETED,True,target,0.0,0.1998489583333333,4.096632311842282e-08,3.432738607323302e-21,4.0966323118426255e-08,1.7338515904373383e-06,0.0977838933333333,,21.32728109403979,assets/pinn_supersonic/atlas2d_v1_continuousM/N76/basin_T401_failure/basin_0485_0582.csv,0.01,0.186,0.01,0.186,1.7338515903818274e-06,0.0977838933333333,True,True,UNAVAILABLE,0.0722335897072823
552,2,22,1.15,0.06,0.01,0.192,-2.549736936302885e-09,0.1998472244836177,0.026089266,0.11558069,0.0,0.102065065,COMPLETED,True,target,0.0,0.1998489583333333,4.096632311842282e-08,3.432738607323302e-21,4.0966323118426255e-08,1.7338515904373383e-06,0.0977838933333333,,21.29215368896257,assets/pinn_supersonic/atlas2d_v1_continuousM/N76/basin_T401_failure/basin_0485_0582.csv,0.01,0.192,0.01,0.192,1.7338515903818274e-06,0.0977838933333333,True,True,UNAVAILABLE,0.0780942986523344
577,2,23,1.15,0.06,0.01,0.198,-2.549736936302885e-09,0.1998472244836177,0.026089266,0.11558069,0.0,0.102065065,COMPLETED,True,target,0.0,0.1998489583333334,4.0966323136392274e-08,3.432270281311471e-21,4.0966323136395715e-08,1.7338515904928497e-06,0.0977838933333334,,21.32021298503969,assets/pinn_supersonic/atlas2d_v1_continuousM/N76/basin_T401_failure/basin_0485_0582.csv,0.01,0.198,0.01,0.198,1.7338515904928497e-06,0.09778389333333341,True,True,UNAVAILABLE,0.08397468357784983
602,2,24,1.15,0.06,0.01,0.204,-2.549736936302885e-09,0.1998472244836177,0.026089266,0.11558069,0.0,0.102065065,COMPLETED,True,target,0.0,0.1998489583333333,4.096632311842282e-08,3.432738607323302e-21,4.0966323118426255e-08,1.7338515904373383e-06,0.0977838933333333,,20.12776222208049,assets/pinn_supersonic/atlas2d_v1_continuousM/N76/basin_T401_failure/basin_0582_0679.csv,0.01,0.204,0.01,0.204,1.7338515903818274e-06,0.0977838933333333,True,True,UNAVAILABLE,0.08987088228119271
627,2,25,1.15,0.06,0.01,0.21,-2.549736936302885e-09,0.1998472244836177,0.026089266,0.11558069,0.0,0.102065065,COMPLETED,True,target,0.0,0.1998489583333333,4.096632311842282e-08,3.432738607323302e-21,4.0966323118426255e-08,1.7338515904373383e-06,0.0977838933333333,,19.979097123956308,assets/pinn_supersonic/atlas2d_v1_continuousM/N76/basin_T401_failure/basin_0582_0679.csv,0.01,0.21,0.01,0.21,1.7338515903818274e-06,0.0977838933333333,True,True,UNAVAILABLE,0.0957799743265783
652,2,26,1.15,0.06,0.01,0.216,-2.549736936302885e-09,0.1998472244836177,0.026089266,0.11558069,0.0,0.102065065,COMPLETED,True,other,9.5367431640625e-08,0.2000156249999999,4.635275502199582e-06,3.4326865695220426e-21,4.635275502199585e-06,0.0001684005448494,0.0979505600000464,,20.022501801955517,assets/pinn_supersonic/atlas2d_v1_continuousM/N76/basin_T401_failure/basin_0582_0679.csv,0.01,0.216,0.01,0.216,0.00016840054484936652,0.09795056000004632,True,False,UNAVAILABLE,0.10169971230047802
677,2,27,1.15,0.06,0.01,0.222,-2.549736936302885e-09,0.1998472244836177,0.026089266,0.11558069,0.0,0.102065065,COMPLETED,True,other,9.46044921875e-05,0.2060156249999999,0.0001797282306344,3.4452390865540506e-21,0.0001797282306344,0.006169125985331,0.10395060304935,,19.836600973038003,assets/pinn_supersonic/atlas2d_v1_continuousM/N76/basin_T401_failure/basin_0582_0679.csv,0.01,0.222,0.01,0.222,0.006169125985330981,0.10395060304934994,True,False,UNAVAILABLE,0.10762833958581726
702,2,28,1.15,0.06,0.01,0.228,-2.549736936302885e-09,0.1998472244836177,0.026089266,0.11558069,0.0,0.102065065,COMPLETED,True,other,0.0003601074218749,0.2120156249999999,0.0003734438137137,3.459120328748732e-21,0.0003734438137137,0.0121737278727079,0.1099511497059893,,20.291364670032635,assets/pinn_supersonic/atlas2d_v1_continuousM/N76/basin_T401_failure/basin_0679_0775.csv,0.01,0.228,0.01,0.228,0.012173727872707896,0.10995114970598929,True,False,UNAVAILABLE,0.11356446399292343
727,2,29,1.15,0.06,0.01,0.234,-2.549736936302885e-09,0.1998472244836177,0.026089266,0.11558069,0.0,0.102065065,COMPLETED,True,other,0.0007900661892361,0.218015625,0.000585405861436,3.4615759306704604e-21,0.000585405861436,0.0181855708168862,0.1159532516529699,,20.29849292105064,assets/pinn_supersonic/atlas2d_v1_continuousM/N76/basin_T401_failure/basin_0679_0775.csv,0.01,0.234,0.01,0.234,0.018185570816886203,0.11595325165296992,True,False,UNAVAILABLE,0.11950696834076246
752,2,30,1.15,0.06,0.01,0.24,-2.549736936302885e-09,0.1998472244836177,0.026089266,0.11558069,0.0,0.102065065,COMPLETED,True,other,0.0013793945312499,0.2240156249999999,0.0008152316748119,3.444457141000741e-21,0.0008152316748119,0.0242077326453201,0.1219583609826994,,20.224500495940447,assets/pinn_supersonic/atlas2d_v1_continuousM/N76/basin_T401_failure/basin_0679_0775.csv,0.01,0.24,0.01,0.24,0.02420773264532016,0.12195836098269942,True,False,UNAVAILABLE,0.1254549460244593
3,3,0,1.15,0.06,0.015,0.06,-2.549736936302885e-09,0.1998472244836177,0.026089266,0.11558069,0.0,0.102065065,COMPLETED,True,other,0.0016845703125,0.075984375,0.00095171904724,1.0941236991883164e-21,0.00095171904724,0.1238743043085591,0.0261350371726128,,21.914169121999294,assets/pinn_supersonic/atlas2d_v1_continuousM/N76/basin_T401_failure/basin_0000_0097.csv,0.015,0.06,0.015,0.06,0.12387430430855914,0.026135037172612858,True,False,UNAVAILABLE,0.05667639263397063
28,3,1,1.15,0.06,0.015,0.066,-2.549736936302885e-09,0.1998472244836177,0.026089266,0.11558069,0.0,0.102065065,COMPLETED,True,other,0.00101318359375,0.081984375,0.0006984090794391,1.2463868204026708e-21,0.0006984090794391,0.1178672042366292,0.0201062341543796,,21.884165693074465,assets/pinn_supersonic/atlas2d_v1_continuousM/N76/basin_T401_failure/basin_0000_0097.csv,0.015,0.066,0.015,0.066,0.11786720423662926,0.020106234154379683,True,False,UNAVAILABLE,0.05080591975350904
53,3,2,1.15,0.06,0.015,0.072,-2.549736936302885e-09,0.1998472244836177,0.026089266,0.11558069,0.0,0.102065065,COMPLETED,True,other,0.00050537109375,0.087984375,0.0004651971975913,1.403570321884961e-21,0.0004651971975913,0.1118639910655526,0.0140897562370148,,21.736756243975837,assets/pinn_supersonic/atlas2d_v1_continuousM/N76/basin_T401_failure/basin_0000_0097.csv,0.015,0.072,0.015,0.072,0.11186399106555263,0.014089756237014814,True,False,UNAVAILABLE,0.04496965067687318
78,3,3,1.15,0.06,0.015,0.078,-2.549736936302885e-09,0.1998472244836177,0.026089266,0.11558069,0.0,0.102065065,COMPLETED,True,other,0.000167236328125,0.093984375,0.000252678386543,1.5638272688413421e-21,0.000252678386543,0.1058629815829563,0.0080824203593691,,21.612716816947795,assets/pinn_supersonic/atlas2d_v1_continuousM/N76/basin_T401_failure/basin_0000_0097.csv,0.015,0.078,0.015,0.078,0.10586298158295639,0.008082420359369138,True,False,UNAVAILABLE,0.03918287230410757
103,3,4,1.15,0.06,0.015,0.0839999999999999,-2.549736936302885e-09,0.1998472244836177,0.026089266,0.11558069,0.0,0.102065065,COMPLETED,True,other,1.1291503906250002e-05,0.099984375,6.132479826865837e-05,1.7262075700165556e-21,6.132479826865837e-05,0.0998628501222718,0.0020807206381829,,21.19271892204415,assets/pinn_supersonic/atlas2d_v1_continuousM/N76/basin_T401_failure/basin_0097_0194.csv,0.015,0.0839999999999999,0.015,0.084,0.09986285012227185,0.002080720638182947,True,False,UNAVAILABLE,0.0334712635255977
128,3,5,1.15,0.06,0.015,0.09,-2.549736936302885e-09,0.1998472244836177,0.026089266,0.11558069,0.0,0.102065065,COMPLETED,True,failure_branch,0.0,0.1020625,5.1585415632899436e-08,1.7832789018070147e-21,5.1585415632901217e-08,0.0977847244836177,2.5649999999960427e-06,,16.97070471092593,assets/pinn_supersonic/atlas2d_v1_continuousM/N76/basin_T401_failure/basin_0097_0194.csv,0.015,0.09,0.015,0.09,0.09778472448361772,2.5649999999960427e-06,True,False,UNAVAILABLE,0.027881059556623747
153,3,6,1.15,0.06,0.015,0.096,-2.549736936302885e-09,0.1998472244836177,0.026089266,0.11558069,0.0,0.102065065,COMPLETED,True,failure_branch,0.0,0.1020625,5.158541562699764e-08,1.783428932107135e-21,5.158541562699942e-08,0.0977847244836177,2.564999999982165e-06,,16.946018188027665,assets/pinn_supersonic/atlas2d_v1_continuousM/N76/basin_T401_failure/basin_0097_0194.csv,0.015,0.096,0.015,0.096,0.09778472448361772,2.5649999999960427e-06,True,False,UNAVAILABLE,0.022502921632534742
178,3,7,1.15,0.06,0.015,0.102,-2.549736936302885e-09,0.1998472244836177,0.026089266,0.11558069,0.0,0.102065065,COMPLETED,True,failure_branch,0.0,0.1020625,5.1585415632899436e-08,1.7832789018070147e-21,5.1585415632901217e-08,0.0977847244836177,2.5649999999960427e-06,,17.008015719940886,assets/pinn_supersonic/atlas2d_v1_continuousM/N76/basin_T401_failure/basin_0097_0194.csv,0.015,0.102,0.015,0.102,0.09778472448361772,2.5649999999960427e-06,True,False,UNAVAILABLE,0.017533096760127695
203,3,8,1.15,0.06,0.015,0.108,-2.549736936302885e-09,0.1998472244836177,0.026089266,0.11558069,0.0,0.102065065,COMPLETED,True,failure_branch,0.0,0.1020625,5.158541562699764e-08,1.783428932107135e-21,5.158541562699942e-08,0.0977847244836177,2.564999999982165e-06,,17.29924799199216,assets/pinn_supersonic/atlas2d_v1_continuousM/N76/basin_T401_failure/basin_0194_0291.csv,0.015,0.108,0.015,0.108,0.09778472448361772,2.5649999999960427e-06,True,False,UNAVAILABLE,0.013432701962003033
228,3,9,1.15,0.06,0.015,0.1139999999999999,-2.549736936302885e-09,0.1998472244836177,0.026089266,0.11558069,0.0,0.102065065,COMPLETED,True,failure_branch,0.0,0.1020624999999999,5.158541563610237e-08,1.782866351022196e-21,5.158541563610415e-08,0.0977847244836177,2.5650000000237982e-06,,17.31800137204118,assets/pinn_supersonic/atlas2d_v1_continuousM/N76/basin_T401_failure/basin_0194_0291.csv,0.015,0.1139999999999999,0.015,0.114,0.09778472448361782,2.565000000093187e-06,True,False,UNAVAILABLE,0.011201137531518858
253,3,10,1.15,0.06,0.015,0.12,-2.549736936302885e-09,0.1998472244836177,0.026089266,0.11558069,0.0,0.102065065,COMPLETED,True,other,1.007080078125e-05,0.1040156249999999,5.517151507636263e-05,1.836517491161092e-21,5.517151507636263e-05,0.0958316000130484,0.0019505859977525,,21.380174632999115,assets/pinn_supersonic/atlas2d_v1_continuousM/N76/basin_T401_failure/basin_0194_0291.csv,0.015,0.12,0.015,0.12,0.09583160001304854,0.0019505859977524734,True,False,UNAVAILABLE,0.011937063374213942
278,3,11,1.15,0.06,0.015,0.126,-2.549736936302885e-09,0.1998472244836177,0.026089266,0.11558069,0.0,0.102065065,COMPLETED,True,other,0.000162353515625,0.1100156249999999,0.0002104047949695,1.9994221434468402e-21,0.0002104047949695,0.0898317461996429,0.0079522174880743,,21.307841561036184,assets/pinn_supersonic/atlas2d_v1_continuousM/N76/basin_T401_failure/basin_0194_0291.csv,0.015,0.126,0.015,0.126,0.08983174619964304,0.007952217488074264,True,False,UNAVAILABLE,0.015215829980648443
303,3,12,1.15,0.06,0.015,0.132,-2.549736936302885e-09,0.1998472244836177,0.026089266,0.11558069,0.0,0.102065065,COMPLETED,True,other,0.0004858398437499,0.1160156249999999,0.000343779338027,2.160198220043425e-21,0.000343779338027,0.0838330073110407,0.0139590173245602,,21.58861934696324,assets/pinn_supersonic/atlas2d_v1_continuousM/N76/basin_T401_failure/basin_0291_0388.csv,0.015,0.132,0.015,0.132,0.08383300731104078,0.013959017324560216,True,False,UNAVAILABLE,0.01981286152982451
328,3,13,1.15,0.06,0.015,0.138,-2.549736936302885e-09,0.1998472244836177,0.026089266,0.11558069,0.0,0.102065065,COMPLETED,True,other,0.0009562174479166,0.1220156249999999,0.000455242906892,2.3171328191468238e-21,0.000455242906892,0.077837473204506,0.0199734622967901,,21.73941935203038,assets/pinn_supersonic/atlas2d_v1_continuousM/N76/basin_T401_failure/basin_0291_0388.csv,0.015,0.138,0.015,0.138,0.0778374732045061,0.01997346229679012,True,False,UNAVAILABLE,0.025011546973348137
353,3,14,1.15,0.06,0.015,0.144,-2.549736936302885e-09,0.1998472244836177,0.026089266,0.11558069,0.0,0.102065065,COMPLETED,True,other,0.0015185546875,0.1280156249999999,0.000544856149649,2.4682606008995466e-21,0.000544856149649,0.0718476492340399,0.0259949528303577,,21.7626512759598,assets/pinn_supersonic/atlas2d_v1_continuousM/N76/basin_T401_failure/basin_0291_0388.csv,0.015,0.144,0.015,0.144,0.07184764923403997,0.02599495283035774,True,False,UNAVAILABLE,0.030505827017145416
378,3,15,1.15,0.06,0.015,0.15,-2.549736936302885e-09,0.1998472244836177,0.026089266,0.11558069,0.0,0.102065065,COMPLETED,True,other,0.0021044921875,0.1340156249999999,0.0006127870483495,2.612527697619316e-21,0.0006127870483495,0.0658652289806276,0.032019793435949,,21.600691316998564,assets/pinn_supersonic/atlas2d_v1_continuousM/N76/basin_T401_failure/basin_0291_0388.csv,0.015,0.15,0.015,0.15,0.06586522898062776,0.03201979343594898,True,False,UNAVAILABLE,0.036161215162104264
403,3,16,1.15,0.06,0.015,0.156,-2.549736936302885e-09,0.1998472244836177,0.026089266,0.11558069,0.0,0.102065065,COMPLETED,True,other,0.0016845703125,0.171984375,0.0005566596543061,3.303774103247363e-21,0.0005566596543061,0.0279137272157431,0.0699396002849162,,20.672702903975733,assets/pinn_supersonic/atlas2d_v1_continuousM/N76/basin_T401_failure/basin_0388_0485.csv,0.015,0.156,0.015,0.156,0.027913727215743155,0.06993960028491625,True,False,UNAVAILABLE,0.04191254563970077
428,3,17,1.15,0.06,0.015,0.162,-2.549736936302885e-09,0.1998472244836177,0.026089266,0.11558069,0.0,0.102065065,COMPLETED,True,other,0.0011083984375,0.177984375,0.0004729185489688,3.3599630436282345e-21,0.0004729185489688,0.0218909282647362,0.0759274007060188,,20.552556856069717,assets/pinn_supersonic/atlas2d_v1_continuousM/N76/basin_T401_failure/basin_0388_0485.csv,0.015,0.162,0.015,0.162,0.02189092826473629,0.07592740070601886,True,False,UNAVAILABLE,0.047725145175263745
453,3,18,1.15,0.06,0.015,0.1679999999999999,-2.549736936302885e-09,0.1998472244836177,0.026089266,0.11558069,0.0,0.102065065,COMPLETED,True,other,0.00060791015625,0.183984375,0.0003691300603746,3.395218224544769e-21,0.0003691300603746,0.015874493743046,0.0819215655711863,,20.48548376490362,assets/pinn_supersonic/atlas2d_v1_continuousM/N76/basin_T401_failure/basin_0388_0485.csv,0.015,0.1679999999999999,0.015,0.168,0.015874493743046114,0.08192156557118628,True,False,UNAVAILABLE,0.05357907690507545
478,3,19,1.15,0.06,0.015,0.174,-2.549736936302885e-09,0.1998472244836177,0.026089266,0.11558069,0.0,0.102065065,COMPLETED,True,other,0.000238037109375,0.189984375,0.0002455181626338,3.414964678926989e-21,0.0002455181626338,0.0098657216064415,0.0879196322361595,,20.426318765967157,assets/pinn_supersonic/atlas2d_v1_continuousM/N76/basin_T401_failure/basin_0388_0485.csv,0.015,0.174,0.015,0.174,0.009865721606441552,0.08791963223615953,True,False,UNAVAILABLE,0.059462134859084886
503,3,20,1.15,0.06,0.015,0.18,-2.549736936302885e-09,0.1998472244836177,0.026089266,0.11558069,0.0,0.102065065,COMPLETED,True,other,3.7231445312500006e-05,0.195984375,0.0001023631435858,3.4260289873787615e-21,0.0001023631435858,0.0038630289286352,0.0939193173796351,,21.58690965303685,assets/pinn_supersonic/atlas2d_v1_continuousM/N76/basin_T401_failure/basin_0485_0582.csv,0.015,0.18,0.015,0.18,0.0038630289286352617,0.09391931737963505,True,False,UNAVAILABLE,0.06536645532687235
528,3,21,1.15,0.06,0.015,0.186,-2.549736936302885e-09,0.1998472244836177,0.026089266,0.11558069,0.0,0.102065065,COMPLETED,True,target,0.0,0.1998489583333333,4.096632311842282e-08,3.432738607323302e-21,4.0966323118426255e-08,1.7338515904373383e-06,0.0977838933333333,,21.342790797003545,assets/pinn_supersonic/atlas2d_v1_continuousM/N76/basin_T401_failure/basin_0485_0582.csv,0.015,0.186,0.015,0.186,1.7338515903818274e-06,0.0977838933333333,True,True,UNAVAILABLE,0.07128675530559656
553,3,22,1.15,0.06,0.015,0.192,-2.549736936302885e-09,0.1998472244836177,0.026089266,0.11558069,0.0,0.102065065,COMPLETED,True,target,0.0,0.1998489583333333,4.096632311842282e-08,3.432738607323302e-21,4.0966323118426255e-08,1.7338515904373383e-06,0.0977838933333333,,21.30541979603004,assets/pinn_supersonic/atlas2d_v1_continuousM/N76/basin_T401_failure/basin_0485_0582.csv,0.015,0.192,0.015,0.192,1.7338515903818274e-06,0.0977838933333333,True,True,UNAVAILABLE,0.07721935950265323
578,3,23,1.15,0.06,0.015,0.198,-2.549736936302885e-09,0.1998472244836177,0.026089266,0.11558069,0.0,0.102065065,COMPLETED,True,target,0.0,0.1998489583333334,4.0966323136392274e-08,3.432270281311471e-21,4.0966323136395715e-08,1.7338515904928497e-06,0.0977838933333334,,21.26582304306794,assets/pinn_supersonic/atlas2d_v1_continuousM/N76/basin_T401_failure/basin_0485_0582.csv,0.015,0.198,0.015,0.198,1.7338515904928497e-06,0.09778389333333341,True,True,UNAVAILABLE,0.08316163467609328
603,3,24,1.15,0.06,0.015,0.204,-2.549736936302885e-09,0.1998472244836177,0.026089266,0.11558069,0.0,0.102065065,COMPLETED,True,target,0.0,0.1998489583333333,4.096632311842282e-08,3.432738607323302e-21,4.0966323118426255e-08,1.7338515904373383e-06,0.0977838933333333,,20.133949103066698,assets/pinn_supersonic/atlas2d_v1_continuousM/N76/basin_T401_failure/basin_0582_0679.csv,0.015,0.204,0.015,0.204,1.7338515903818274e-06,0.0977838933333333,True,True,UNAVAILABLE,0.08911164616367491
628,3,25,1.15,0.06,0.015,0.21,-2.549736936302885e-09,0.1998472244836177,0.026089266,0.11558069,0.0,0.102065065,COMPLETED,True,target,0.0,0.1998489583333333,4.096632311842282e-08,3.432738607323302e-21,4.0966323118426255e-08,1.7338515904373383e-06,0.0977838933333333,,19.962365938001312,assets/pinn_supersonic/atlas2d_v1_continuousM/N76/basin_T401_failure/basin_0582_0679.csv,0.015,0.21,0.015,0.21,1.7338515903818274e-06,0.0977838933333333,True,True,UNAVAILABLE,0.09506794139982205
653,3,26,1.15,0.06,0.015,0.216,-2.549736936302885e-09,0.1998472244836177,0.026089266,0.11558069,0.0,0.102065065,COMPLETED,True,other,3.8146972656250014e-08,0.2000156249999999,4.6352755316196645e-06,3.433102882976165e-21,4.635275531619668e-06,0.0001684005212997,0.0979505600000074,,20.06045215402264,assets/pinn_supersonic/atlas2d_v1_continuousM/N76/basin_T401_failure/basin_0582_0679.csv,0.015,0.216,0.015,0.216,0.0001684005212997091,0.09795056000000732,True,False,UNAVAILABLE,0.1010294089955989
678,3,27,1.15,0.06,0.015,0.222,-2.549736936302885e-09,0.1998472244836177,0.026089266,0.11558069,0.0,0.102065065,COMPLETED,True,other,9.399414062500002e-05,0.2060156249999999,0.0001797282290547,3.445082690343641e-21,0.0001797282290547,0.00616911665543,0.1039506024956665,,19.82792732003145,assets/pinn_supersonic/atlas2d_v1_continuousM/N76/basin_T401_failure/basin_0582_0679.csv,0.015,0.222,0.015,0.222,0.006169116655429954,0.10395060249566643,True,False,UNAVAILABLE,0.10699518438696201
703,3,28,1.15,0.06,0.015,0.228,-2.549736936302885e-09,0.1998472244836177,0.026089266,0.11558069,0.0,0.102065065,COMPLETED,True,other,0.00035888671875,0.2120156249999999,0.0003734438177114,3.4588591457776975e-21,0.0003734438177114,0.0121736918243451,0.1099511457147695,,20.311368313035928,assets/pinn_supersonic/atlas2d_v1_continuousM/N76/basin_T401_failure/basin_0679_0775.csv,0.015,0.228,0.015,0.228,0.012173691824345068,0.1099511457147695,True,False,UNAVAILABLE,0.1129645850786874
728,3,29,1.15,0.06,0.015,0.234,-2.549736936302885e-09,0.1998472244836177,0.026089266,0.11558069,0.0,0.102065065,COMPLETED,True,other,0.00079345703125,0.218015625,0.0005854058550025,3.461262401059123e-21,0.0005854058550025,0.0181857184469115,0.1159532748065963,,20.19790673593525,assets/pinn_supersonic/atlas2d_v1_continuousM/N76/basin_T401_failure/basin_0679_0775.csv,0.015,0.234,0.015,0.234,0.01818571844691159,0.1159532748065963,True,False,UNAVAILABLE,0.11893706521518009
753,3,30,1.15,0.06,0.015,0.24,-2.549736936302885e-09,0.1998472244836177,0.026089266,0.11558069,0.0,0.102065065,COMPLETED,True,other,0.0013818359375,0.2240156249999999,0.0008152316763216,3.444561395280253e-21,0.0008152316763216,0.0242078718834406,0.1219583886203476,,20.245040067005903,assets/pinn_supersonic/atlas2d_v1_continuousM/N76/basin_T401_failure/basin_0679_0775.csv,0.015,0.24,0.015,0.24,0.024207871883440594,0.12195838862034766,True,False,UNAVAILABLE,0.12491218308075477
4,4,0,1.15,0.06,0.02,0.06,-2.549736936302885e-09,0.1998472244836177,0.026089266,0.11558069,0.0,0.102065065,COMPLETED,True,other,0.0016750759548611,0.075984375,0.0009517190617269,1.0943587418727488e-21,0.0009517190617269,0.1238741755580956,0.0261344269179687,,21.95697005395777,assets/pinn_supersonic/atlas2d_v1_continuousM/N76/basin_T401_failure/basin_0000_0097.csv,0.02,0.06,0.02,0.06,0.12387417555809563,0.02613442691796882,True,False,UNAVAILABLE,0.05591353576728984
29,4,1,1.15,0.06,0.02,0.066,-2.549736936302885e-09,0.1998472244836177,0.026089266,0.11558069,0.0,0.102065065,COMPLETED,True,other,0.0010131835937499,0.081984375,0.0006984090794391,1.2463868204026708e-21,0.0006984090794391,0.1178672042366292,0.0201062341543796,,21.855754618998617,assets/pinn_supersonic/atlas2d_v1_continuousM/N76/basin_T401_failure/basin_0000_0097.csv,0.02,0.066,0.02,0.066,0.11786720423662926,0.02010623415437968,True,False,UNAVAILABLE,0.04995349319116732
54,4,2,1.15,0.06,0.02,0.072,-2.549736936302885e-09,0.1998472244836177,0.026089266,0.11558069,0.0,0.102065065,COMPLETED,True,other,0.0005086263020833,0.087984375,0.0004651972145448,1.4032375921880524e-21,0.0004651972145448,0.1118640058191347,0.0140898733703064,,21.775510545936413,assets/pinn_supersonic/atlas2d_v1_continuousM/N76/basin_T401_failure/basin_0000_0097.csv,0.02,0.072,0.02,0.072,0.11186400581913473,0.014089873370306446,True,False,UNAVAILABLE,0.04400431208415831
79,4,3,1.15,0.06,0.02,0.078,-2.549736936302885e-09,0.1998472244836177,0.026089266,0.11558069,0.0,0.102065065,COMPLETED,True,other,0.0001688639322916,0.093984375,0.0002526783882004,1.5640380153987546e-21,0.0002526783882004,0.1058629841667041,0.0080824542005339,,21.72717055992689,assets/pinn_supersonic/atlas2d_v1_continuousM/N76/basin_T401_failure/basin_0000_0097.csv,0.02,0.078,0.02,0.078,0.10586298416670413,0.008082454200533957,True,False,UNAVAILABLE,0.03807108459185265
104,4,4,1.15,0.06,0.02,0.0839999999999999,-2.549736936302885e-09,0.1998472244836177,0.026089266,0.11558069,0.0,0.102065065,COMPLETED,True,other,1.0681152343749998e-05,0.099984375,6.132479979576764e-05,1.7262444719436257e-21,6.132479979576764e-05,0.0998628500551089,0.002080717415488,,21.20834710507188,assets/pinn_supersonic/atlas2d_v1_continuousM/N76/basin_T401_failure/basin_0097_0194.csv,0.02,0.0839999999999999,0.02,0.084,0.09986285005510895,0.002080717415488075,True,False,UNAVAILABLE,0.03216264109180101
129,4,5,1.15,0.06,0.02,0.09,-2.549736936302885e-09,0.1998472244836177,0.026089266,0.11558069,0.0,0.102065065,COMPLETED,True,failure_branch,0.0,0.1020625,5.1585415632899436e-08,1.7832789018070147e-21,5.1585415632901217e-08,0.0977847244836177,2.5649999999960427e-06,,16.993722026003525,assets/pinn_supersonic/atlas2d_v1_continuousM/N76/basin_T401_failure/basin_0097_0194.csv,0.02,0.09,0.02,0.09,0.09778472448361772,2.5649999999960427e-06,True,False,UNAVAILABLE,0.026295693221514437
154,4,6,1.15,0.06,0.02,0.096,-2.549736936302885e-09,0.1998472244836177,0.026089266,0.11558069,0.0,0.102065065,COMPLETED,True,failure_branch,0.0,0.1020625,5.158541562699764e-08,1.783428932107135e-21,5.158541562699942e-08,0.0977847244836177,2.564999999982165e-06,,17.079059868934564,assets/pinn_supersonic/atlas2d_v1_continuousM/N76/basin_T401_failure/basin_0097_0194.csv,0.02,0.096,0.02,0.096,0.09778472448361772,2.5649999999960427e-06,True,False,UNAVAILABLE,0.020505888959028332
179,4,7,1.15,0.06,0.02,0.102,-2.549736936302885e-09,0.1998472244836177,0.026089266,0.11558069,0.0,0.102065065,COMPLETED,True,failure_branch,0.0,0.1020625,5.1585415632899436e-08,1.7832789018070147e-21,5.1585415632901217e-08,0.0977847244836177,2.5649999999960427e-06,,16.998853764031082,assets/pinn_supersonic/atlas2d_v1_continuousM/N76/basin_T401_failure/basin_0097_0194.csv,0.02,0.102,0.02,0.102,0.09778472448361772,2.5649999999960427e-06,True,False,UNAVAILABLE,0.014883530562336352
204,4,8,1.15,0.06,0.02,0.108,-2.549736936302885e-09,0.1998472244836177,0.026089266,0.11558069,0.0,0.102065065,COMPLETED,True,failure_branch,0.0,0.1020625,5.158541562699764e-08,1.783428932107135e-21,5.158541562699942e-08,0.0977847244836177,2.564999999982165e-06,,17.31241766200401,assets/pinn_supersonic/atlas2d_v1_continuousM/N76/basin_T401_failure/basin_0194_0291.csv,0.02,0.108,0.02,0.108,0.09778472448361772,2.5649999999960427e-06,True,False,UNAVAILABLE,0.0097235529514679
229,4,9,1.15,0.06,0.02,0.1139999999999999,-2.549736936302885e-09,0.1998472244836177,0.026089266,0.11558069,0.0,0.102065065,COMPLETED,True,failure_branch,0.0,0.1020624999999999,5.158541563610237e-08,1.782866351022196e-21,5.158541563610415e-08,0.0977847244836177,2.5650000000237982e-06,,17.315483425045386,assets/pinn_supersonic/atlas2d_v1_continuousM/N76/basin_T401_failure/basin_0194_0291.csv,0.02,0.1139999999999999,0.02,0.114,0.09778472448361782,2.565000000093187e-06,True,False,UNAVAILABLE,0.006290904704412582
254,4,10,1.15,0.06,0.02,0.12,-2.549736936302885e-09,0.1998472244836177,0.026089266,0.11558069,0.0,0.102065065,COMPLETED,True,other,9.663899739583331e-06,0.1040156249999999,5.517151475861357e-05,1.836441366872599e-21,5.517151475861357e-05,0.0958315999711408,0.0019505839393776,,21.37371330300812,assets/pinn_supersonic/atlas2d_v1_continuousM/N76/basin_T401_failure/basin_0194_0291.csv,0.02,0.12,0.02,0.12,0.09583159997114093,0.001950583939377594,True,False,UNAVAILABLE,0.0075235285604561865
279,4,11,1.15,0.06,0.02,0.126,-2.549736936302885e-09,0.1998472244836177,0.026089266,0.11558069,0.0,0.102065065,COMPLETED,True,other,0.0001607259114583,0.1100156249999999,0.0002104047942457,1.999501573851387e-21,0.0002104047942457,0.0898317432727616,0.0079521844251886,,21.31878366798628,assets/pinn_supersonic/atlas2d_v1_continuousM/N76/basin_T401_failure/basin_0194_0291.csv,0.02,0.126,0.02,0.126,0.08983174327276167,0.007952184425188621,True,False,UNAVAILABLE,0.012067786955361781
304,4,12,1.15,0.06,0.02,0.132,-2.549736936302885e-09,0.1998472244836177,0.026089266,0.11558069,0.0,0.102065065,COMPLETED,True,other,0.0004842122395833,0.1160156249999999,0.0003437793416062,2.1604046284575037e-21,0.0003437793416062,0.0838329978942891,0.0139589607710087,,21.620588434045203,assets/pinn_supersonic/atlas2d_v1_continuousM/N76/basin_T401_failure/basin_0291_0388.csv,0.02,0.132,0.02,0.132,0.08383299789428923,0.013958960771008692,True,False,UNAVAILABLE,0.017511695577527613
329,4,13,1.15,0.06,0.02,0.138,-2.549736936302885e-09,0.1998472244836177,0.026089266,0.11558069,0.0,0.102065065,COMPLETED,True,other,0.0009562174479166,0.1220156249999999,0.000455242906892,2.3171328191468238e-21,0.000455242906892,0.077837473204506,0.0199734622967901,,21.770989991026,assets/pinn_supersonic/atlas2d_v1_continuousM/N76/basin_T401_failure/basin_0291_0388.csv,0.02,0.138,0.02,0.138,0.0778374732045061,0.01997346229679012,True,False,UNAVAILABLE,0.023231174787341265
354,4,14,1.15,0.06,0.02,0.144,-2.549736936302885e-09,0.1998472244836177,0.026089266,0.11558069,0.0,0.102065065,COMPLETED,True,other,0.00152587890625,0.1280156249999999,0.0005448561481357,2.4682606008995466e-21,0.0005448561481357,0.0718478044103826,0.0259953817196466,,21.67039670899976,assets/pinn_supersonic/atlas2d_v1_continuousM/N76/basin_T401_failure/basin_0291_0388.csv,0.02,0.144,0.02,0.144,0.07184780441038267,0.025995381719646556,True,False,UNAVAILABLE,0.029063989437102387
379,4,15,1.15,0.06,0.02,0.15,-2.549736936302885e-09,0.1998472244836177,0.026089266,0.11558069,0.0,0.102065065,COMPLETED,True,other,0.0021077473958333,0.1340156249999999,0.0006127870475334,2.612663891496374e-21,0.0006127870475334,0.0658653330698669,0.0320200075483788,,21.39773124398198,assets/pinn_supersonic/atlas2d_v1_continuousM/N76/basin_T401_failure/basin_0291_0388.csv,0.02,0.15,0.02,0.15,0.06586533306986703,0.0320200075483788,True,False,UNAVAILABLE,0.03495344735501778
404,4,16,1.15,0.06,0.02,0.156,-2.549736936302885e-09,0.1998472244836177,0.026089266,0.11558069,0.0,0.102065065,COMPLETED,True,other,0.0016886393229166,0.171984375,0.0005566596549492,3.3040804171479998e-21,0.0005566596549492,0.0279139730730115,0.0699396984096943,,20.671144366031516,assets/pinn_supersonic/atlas2d_v1_continuousM/N76/basin_T401_failure/basin_0388_0485.csv,0.02,0.156,0.02,0.156,0.027913973073011546,0.06993969840969433,True,False,UNAVAILABLE,0.040875071645197145
429,4,17,1.15,0.06,0.02,0.162,-2.549736936302885e-09,0.1998472244836177,0.026089266,0.11558069,0.0,0.102065065,COMPLETED,True,other,0.00111083984375,0.177984375,0.0004729185534217,3.3606323615379545e-21,0.0004729185534217,0.0218910520159833,0.0759274363852393,,20.57348770799581,assets/pinn_supersonic/atlas2d_v1_continuousM/N76/basin_T401_failure/basin_0388_0485.csv,0.02,0.162,0.02,0.162,0.021891052015983382,0.07592743638523931,True,False,UNAVAILABLE,0.04681665816779323
454,4,18,1.15,0.06,0.02,0.1679999999999999,-2.549736936302885e-09,0.1998472244836177,0.026089266,0.11558069,0.0,0.102065065,COMPLETED,True,other,0.0006062825520833,0.183984375,0.0003691300596667,3.395269977567241e-21,0.0003691300596667,0.015874431497367,0.0819215535094951,,20.490240831975825,assets/pinn_supersonic/atlas2d_v1_continuousM/N76/basin_T401_failure/basin_0388_0485.csv,0.02,0.1679999999999999,0.02,0.168,0.015874431497367048,0.08192155350949505,True,False,UNAVAILABLE,0.05277146465657353
479,4,19,1.15,0.06,0.02,0.174,-2.549736936302885e-09,0.1998472244836177,0.026089266,0.11558069,0.0,0.102065065,COMPLETED,True,other,0.000238037109375,0.189984375,0.0002455181626338,3.414964678926989e-21,0.0002455181626338,0.0098657216064415,0.0879196322361595,,20.45955939998385,assets/pinn_supersonic/atlas2d_v1_continuousM/N76/basin_T401_failure/basin_0388_0485.csv,0.02,0.174,0.02,0.174,0.009865721606441552,0.08791963223615953,True,False,UNAVAILABLE,0.058735470390557
504,4,20,1.15,0.06,0.02,0.18,-2.549736936302885e-09,0.1998472244836177,0.026089266,0.11558069,0.0,0.102065065,COMPLETED,True,other,3.763834635416666e-05,0.195984375,0.0001023631447331,3.4259770004590306e-21,0.0001023631447331,0.0038630328719988,0.09391931754182,,21.38234050106257,assets/pinn_supersonic/atlas2d_v1_continuousM/N76/basin_T401_failure/basin_0485_0582.csv,0.02,0.18,0.02,0.18,0.0038630328719989034,0.09391931754181998,True,False,UNAVAILABLE,0.06470613171871735
529,4,21,1.15,0.06,0.02,0.186,-2.549736936302885e-09,0.1998472244836177,0.026089266,0.11558069,0.0,0.102065065,COMPLETED,True,target,0.0,0.1998489583333333,4.096632311842282e-08,3.432738607323302e-21,4.0966323118426255e-08,1.7338515904373383e-06,0.0977838933333333,,21.302265755017288,assets/pinn_supersonic/atlas2d_v1_continuousM/N76/basin_T401_failure/basin_0485_0582.csv,0.02,0.186,0.02,0.186,1.7338515903818274e-06,0.0977838933333333,True,True,UNAVAILABLE,0.07068176201821796
554,4,22,1.15,0.06,0.02,0.192,-2.549736936302885e-09,0.1998472244836177,0.026089266,0.11558069,0.0,0.102065065,COMPLETED,True,target,0.0,0.1998489583333333,4.096632311842282e-08,3.432738607323302e-21,4.0966323118426255e-08,1.7338515904373383e-06,0.0977838933333333,,21.31870337401051,assets/pinn_supersonic/atlas2d_v1_continuousM/N76/basin_T401_failure/basin_0485_0582.csv,0.02,0.192,0.02,0.192,1.7338515903818274e-06,0.0977838933333333,True,True,UNAVAILABLE,0.0766611993253432
579,4,23,1.15,0.06,0.02,0.198,-2.549736936302885e-09,0.1998472244836177,0.026089266,0.11558069,0.0,0.102065065,COMPLETED,True,target,0.0,0.1998489583333334,4.0966323136392274e-08,3.432270281311471e-21,4.0966323136395715e-08,1.7338515904928497e-06,0.0977838933333334,,21.24586863303557,assets/pinn_supersonic/atlas2d_v1_continuousM/N76/basin_T401_failure/basin_0485_0582.csv,0.02,0.198,0.02,0.198,1.7338515904928497e-06,0.09778389333333341,True,True,UNAVAILABLE,0.08264361730950552
604,4,24,1.15,0.06,0.02,0.204,-2.549736936302885e-09,0.1998472244836177,0.026089266,0.11558069,0.0,0.102065065,COMPLETED,True,target,0.0,0.1998489583333333,4.096632311842282e-08,3.432738607323302e-21,4.0966323118426255e-08,1.7338515904373383e-06,0.0977838933333333,,20.133139177924026,assets/pinn_supersonic/atlas2d_v1_continuousM/N76/basin_T401_failure/basin_0582_0679.csv,0.02,0.204,0.02,0.204,1.7338515903818274e-06,0.0977838933333333,True,True,UNAVAILABLE,0.08862841238564526
629,4,25,1.15,0.06,0.02,0.21,-2.549736936302885e-09,0.1998472244836177,0.026089266,0.11558069,0.0,0.102065065,COMPLETED,True,target,0.0,0.1998489583333333,4.096632311842282e-08,3.432738607323302e-21,4.0966323118426255e-08,1.7338515904373383e-06,0.0977838933333333,,19.997173957992345,assets/pinn_supersonic/atlas2d_v1_continuousM/N76/basin_T401_failure/basin_0582_0679.csv,0.02,0.21,0.02,0.21,1.7338515903818274e-06,0.0977838933333333,True,True,UNAVAILABLE,0.09461513347239964
654,4,26,1.15,0.06,0.02,0.216,-2.549736936302885e-09,0.1998472244836177,0.026089266,0.11558069,0.0,0.102065065,COMPLETED,True,other,6.357828776041668e-08,0.2000156249999999,4.635275452271148e-06,3.433259007029563e-21,4.635275452271151e-06,0.0001684005293659,0.0979505600000206,,20.012513653957285,assets/pinn_supersonic/atlas2d_v1_continuousM/N76/basin_T401_failure/basin_0582_0679.csv,0.02,0.216,0.02,0.216,0.00016840052936587598,0.09795056000002053,True,False,UNAVAILABLE,0.10060343673056105
679,4,27,1.15,0.06,0.02,0.222,-2.549736936302885e-09,0.1998472244836177,0.026089266,0.11558069,0.0,0.102065065,COMPLETED,True,other,9.46044921875e-05,0.2060156249999999,0.0001797282306344,3.4452390865540506e-21,0.0001797282306344,0.006169125985331,0.10395060304935,,20.39112516096793,assets/pinn_supersonic/atlas2d_v1_continuousM/N76/basin_T401_failure/basin_0679_0775.csv,0.02,0.222,0.02,0.222,0.006169125985330981,0.10395060304934994,True,False,UNAVAILABLE,0.10659305550550655
704,4,28,1.15,0.06,0.02,0.228,-2.549736936302885e-09,0.1998472244836177,0.026089266,0.11558069,0.0,0.102065065,COMPLETED,True,other,0.000360107421875,0.2120156249999999,0.0003734438137137,3.459120328748732e-21,0.0003734438137137,0.0121737278727079,0.1099511497059893,,21.18609965906944,assets/pinn_supersonic/atlas2d_v1_continuousM/N76/basin_T401_failure/basin_0679_0775.csv,0.02,0.228,0.02,0.228,0.0121737278727079,0.10995114970598929,True,False,UNAVAILABLE,0.11258377983528534
729,4,29,1.15,0.06,0.02,0.234,-2.549736936302885e-09,0.1998472244836177,0.026089266,0.11558069,0.0,0.102065065,COMPLETED,True,other,0.0007934570312499,0.218015625,0.0005854058550024,3.46131465500827e-21,0.0005854058550024,0.0181857184469115,0.1159532748065963,,20.17996681097429,assets/pinn_supersonic/atlas2d_v1_continuousM/N76/basin_T401_failure/basin_0679_0775.csv,0.02,0.234,0.02,0.234,0.018185718446911588,0.1159532748065963,True,False,UNAVAILABLE,0.11857544215393001
754,4,30,1.15,0.06,0.02,0.24,-2.549736936302885e-09,0.1998472244836177,0.026089266,0.11558069,0.0,0.102065065,COMPLETED,True,other,0.00137939453125,0.2240156249999999,0.0008152316748119,3.444457141000741e-21,0.0008152316748119,0.0242077326453201,0.1219583609826994,,20.251728154951707,assets/pinn_supersonic/atlas2d_v1_continuousM/N76/basin_T401_failure/basin_0679_0775.csv,0.02,0.24,0.02,0.24,0.024207732645320165,0.12195836098269942,True,False,UNAVAILABLE,0.12456790711094089
5,5,0,1.15,0.06,0.025,0.06,-2.549736936302885e-09,0.1998472244836177,0.026089266,0.11558069,0.0,0.102065065,COMPLETED,True,other,0.0016845703125,0.075984375,0.00095171904724,1.0941236991883164e-21,0.00095171904724,0.1238743043085591,0.0261350371726128,,21.96290167595725,assets/pinn_supersonic/atlas2d_v1_continuousM/N76/basin_T401_failure/basin_0000_0097.csv,0.025,0.06,0.025,0.06,0.12387430430855914,0.026135037172612858,True,False,UNAVAILABLE,0.05559166737920352
30,5,1,1.15,0.06,0.025,0.066,-2.549736936302885e-09,0.1998472244836177,0.026089266,0.11558069,0.0,0.102065065,COMPLETED,True,other,0.0010172526041666,0.081984375,0.0006984090945455,1.246763125987123e-21,0.0006984090945455,0.1178672392840608,0.0201064396086622,,21.839282131986693,assets/pinn_supersonic/atlas2d_v1_continuousM/N76/basin_T401_failure/basin_0000_0097.csv,0.025,0.066,0.025,0.066,0.11786723928406087,0.020106439608662287,True,False,UNAVAILABLE,0.049592957988004706
55,5,2,1.15,0.06,0.025,0.072,-2.549736936302885e-09,0.1998472244836177,0.026089266,0.11558069,0.0,0.102065065,COMPLETED,True,other,0.0005086263020833,0.087984375,0.0004651972145448,1.4032375921880524e-21,0.0004651972145448,0.1118640058191347,0.0140898733703064,,21.7002698329743,assets/pinn_supersonic/atlas2d_v1_continuousM/N76/basin_T401_failure/basin_0000_0097.csv,0.025,0.072,0.025,0.072,0.11186400581913473,0.014089873370306446,True,False,UNAVAILABLE,0.04359460381744512
80,5,3,1.15,0.06,0.025,0.078,-2.549736936302885e-09,0.1998472244836177,0.026089266,0.11558069,0.0,0.102065065,COMPLETED,True,other,0.0001688639322916,0.093984375,0.0002526783882004,1.5640380153987546e-21,0.0002526783882004,0.1058629841667041,0.0080824542005339,,21.717656304012053,assets/pinn_supersonic/atlas2d_v1_continuousM/N76/basin_T401_failure/basin_0000_0097.csv,0.025,0.078,0.025,0.078,0.10586298416670413,0.008082454200533957,True,False,UNAVAILABLE,0.037596774888279984
105,5,4,1.15,0.06,0.025,0.0839999999999999,-2.549736936302885e-09,0.1998472244836177,0.026089266,0.11558069,0.0,0.102065065,COMPLETED,True,other,1.0681152343750004e-05,0.099984375,6.132479979576764e-05,1.7262444719436257e-21,6.132479979576764e-05,0.0998628500551089,0.002080717415488,,21.15563537098933,assets/pinn_supersonic/atlas2d_v1_continuousM/N76/basin_T401_failure/basin_0097_0194.csv,0.025,0.0839999999999999,0.025,0.084,0.09986285005510895,0.002080717415488075,True,False,UNAVAILABLE,0.03159977028397528
130,5,5,1.15,0.06,0.025,0.09,-2.549736936302885e-09,0.1998472244836177,0.026089266,0.11558069,0.0,0.102065065,COMPLETED,True,failure_branch,0.0,0.1020625,5.1585415632899436e-08,1.7832789018070147e-21,5.1585415632901217e-08,0.0977847244836177,2.5649999999960427e-06,,16.99988988507539,assets/pinn_supersonic/atlas2d_v1_continuousM/N76/basin_T401_failure/basin_0097_0194.csv,0.025,0.09,0.025,0.09,0.09778472448361772,2.5649999999960427e-06,True,False,UNAVAILABLE,0.025604169230810835
155,5,6,1.15,0.06,0.025,0.096,-2.549736936302885e-09,0.1998472244836177,0.026089266,0.11558069,0.0,0.102065065,COMPLETED,True,failure_branch,0.0,0.1020625,5.158541562699764e-08,1.783428932107135e-21,5.158541562699942e-08,0.0977847244836177,2.564999999982165e-06,,17.076139342039824,assets/pinn_supersonic/atlas2d_v1_continuousM/N76/basin_T401_failure/basin_0097_0194.csv,0.025,0.096,0.025,0.096,0.09778472448361772,2.5649999999960427e-06,True,False,UNAVAILABLE,0.01961125906207962
180,5,7,1.15,0.06,0.025,0.102,-2.549736936302885e-09,0.1998472244836177,0.026089266,0.11558069,0.0,0.102065065,COMPLETED,True,failure_branch,0.0,0.1020625,5.1585415632899436e-08,1.7832789018070147e-21,5.1585415632901217e-08,0.0977847244836177,2.5649999999960427e-06,,17.021549744997174,assets/pinn_supersonic/atlas2d_v1_continuousM/N76/basin_T401_failure/basin_0097_0194.csv,0.025,0.102,0.025,0.102,0.09778472448361772,2.5649999999960427e-06,True,False,UNAVAILABLE,0.013624591076432359
205,5,8,1.15,0.06,0.025,0.108,-2.549736936302885e-09,0.1998472244836177,0.026089266,0.11558069,0.0,0.102065065,COMPLETED,True,failure_branch,0.0,0.1020625,5.1585415632899436e-08,1.7832789018070147e-21,5.1585415632901217e-08,0.0977847244836177,2.5649999999960427e-06,,17.314007165958174,assets/pinn_supersonic/atlas2d_v1_continuousM/N76/basin_T401_failure/basin_0194_0291.csv,0.025,0.108,0.025,0.108,0.09778472448361772,2.5649999999960427e-06,True,False,UNAVAILABLE,0.0076588172716157725
230,5,9,1.15,0.06,0.025,0.1139999999999999,-2.549736936302885e-09,0.1998472244836177,0.026089266,0.11558069,0.0,0.102065065,COMPLETED,True,failure_branch,0.0,0.1020624999999999,5.158541563610237e-08,1.782866351022196e-21,5.158541563610415e-08,0.0977847244836177,2.5650000000237982e-06,,18.921106825000606,assets/pinn_supersonic/atlas2d_v1_continuousM/N76/basin_T401_failure/basin_0194_0291.csv,0.025,0.1139999999999999,0.025,0.114,0.09778472448361782,2.565000000093187e-06,True,False,UNAVAILABLE,0.0019197609226151958
255,5,10,1.15,0.06,0.025,0.12,-2.549736936302885e-09,0.1998472244836177,0.026089266,0.11558069,0.0,0.102065065,COMPLETED,True,other,9.663899739583338e-06,0.1040156249999999,5.517151475861357e-05,1.836441366872599e-21,5.517151475861357e-05,0.0958315999711408,0.0019505839393776,,21.382251237984747,assets/pinn_supersonic/atlas2d_v1_continuousM/N76/basin_T401_failure/basin_0194_0291.csv,0.025,0.12,0.025,0.12,0.09583159997114093,0.001950583939377594,True,False,UNAVAILABLE,0.0045512066531854965
280,5,11,1.15,0.06,0.025,0.126,-2.549736936302885e-09,0.1998472244836177,0.026089266,0.11558069,0.0,0.102065065,COMPLETED,True,other,0.0001607259114583,0.1100156249999999,0.0002104047942457,1.999541289645306e-21,0.0002104047942457,0.0898317432727616,0.0079521844251886,,21.312065804959275,assets/pinn_supersonic/atlas2d_v1_continuousM/N76/basin_T401_failure/basin_0194_0291.csv,0.025,0.126,0.025,0.126,0.08983174327276167,0.007952184425188621,True,False,UNAVAILABLE,0.010475756870030916
305,5,12,1.15,0.06,0.025,0.132,-2.549736936302885e-09,0.1998472244836177,0.026089266,0.11558069,0.0,0.102065065,COMPLETED,True,other,0.0004842122395833,0.1160156249999999,0.0003437793416062,2.1604459113236117e-21,0.0003437793416062,0.0838329978942891,0.0139589607710087,,21.599509527091868,assets/pinn_supersonic/atlas2d_v1_continuousM/N76/basin_T401_failure/basin_0291_0388.csv,0.025,0.132,0.025,0.132,0.08383299789428923,0.013958960771008692,True,False,UNAVAILABLE,0.016455074657989253
330,5,13,1.15,0.06,0.025,0.138,-2.549736936302885e-09,0.1998472244836177,0.026089266,0.11558069,0.0,0.102065065,COMPLETED,True,other,0.0009521484375,0.1220156249999999,0.0004552429197615,2.3170900654495584e-21,0.0004552429197615,0.0778374233237507,0.0199732679088984,,21.721421413938515,assets/pinn_supersonic/atlas2d_v1_continuousM/N76/basin_T401_failure/basin_0291_0388.csv,0.025,0.138,0.025,0.138,0.07783742332375082,0.019973267908898387,True,False,UNAVAILABLE,0.022445433433106173
355,5,14,1.15,0.06,0.025,0.144,-2.549736936302885e-09,0.1998472244836177,0.026089266,0.11558069,0.0,0.102065065,COMPLETED,True,other,0.0015218098958333,0.1280156249999999,0.0005448561429513,2.4679076045771216e-21,0.0005448561429513,0.0718477181091672,0.0259951431939247,,21.697101225028742,assets/pinn_supersonic/atlas2d_v1_continuousM/N76/basin_T401_failure/basin_0291_0388.csv,0.025,0.144,0.025,0.144,0.07184771810916733,0.02599514319392474,True,False,UNAVAILABLE,0.028439857278122885
380,5,15,1.15,0.06,0.025,0.15,-2.549736936302885e-09,0.1998472244836177,0.026089266,0.11558069,0.0,0.102065065,COMPLETED,True,other,0.0021077473958333,0.1340156249999999,0.0006127870475334,2.6126184931429237e-21,0.0006127870475334,0.0658653330698669,0.0320200075483788,,21.38762852002401,assets/pinn_supersonic/atlas2d_v1_continuousM/N76/basin_T401_failure/basin_0291_0388.csv,0.025,0.15,0.025,0.15,0.06586533306986703,0.0320200075483788,True,False,UNAVAILABLE,0.03443622339920566
405,5,16,1.15,0.06,0.025,0.156,-2.549736936302885e-09,0.1998472244836177,0.026089266,0.11558069,0.0,0.102065065,COMPLETED,True,other,0.0016845703125,0.171984375,0.0005566596543061,3.3038251545780603e-21,0.0005566596543061,0.0279137272157431,0.0699396002849162,,20.688660983927548,assets/pinn_supersonic/atlas2d_v1_continuousM/N76/basin_T401_failure/basin_0388_0485.csv,0.025,0.156,0.025,0.156,0.027913727215743155,0.06993960028491625,True,False,UNAVAILABLE,0.04043366767929914
430,5,17,1.15,0.06,0.025,0.162,-2.549736936302885e-09,0.1998472244836177,0.026089266,0.11558069,0.0,0.102065065,COMPLETED,True,other,0.0011149088541666,0.177984375,0.000472918574946,3.360477897642332e-21,0.000472918574946,0.021891258871565,0.0759274960250185,,20.57844003790524,assets/pinn_supersonic/atlas2d_v1_continuousM/N76/basin_T401_failure/basin_0388_0485.csv,0.025,0.162,0.025,0.162,0.021891258871565074,0.0759274960250185,True,False,UNAVAILABLE,0.046431772333177204
455,5,18,1.15,0.06,0.025,0.1679999999999999,-2.549736936302885e-09,0.1998472244836177,0.026089266,0.11558069,0.0,0.102065065,COMPLETED,True,other,0.0006062825520833,0.183984375,0.0003691300596667,3.395269977567241e-21,0.0003691300596667,0.015874431497367,0.0819215535094951,,20.486878970987163,assets/pinn_supersonic/atlas2d_v1_continuousM/N76/basin_T401_failure/basin_0388_0485.csv,0.025,0.1679999999999999,0.025,0.168,0.015874431497367048,0.08192155350949505,True,False,UNAVAILABLE,0.052430310718133165
480,5,19,1.15,0.06,0.025,0.174,-2.549736936302885e-09,0.1998472244836177,0.026089266,0.11558069,0.0,0.102065065,COMPLETED,True,other,0.0002400716145833,0.189984375,0.0002455181601017,3.415276104646291e-21,0.0002455181601017,0.0098657709045401,0.0879196377679994,,20.41429840703495,assets/pinn_supersonic/atlas2d_v1_continuousM/N76/basin_T401_failure/basin_0388_0485.csv,0.025,0.174,0.025,0.174,0.009865770904540182,0.08791963776799942,True,False,UNAVAILABLE,0.05842914924932587
505,5,20,1.15,0.06,0.025,0.18,-2.549736936302885e-09,0.1998472244836177,0.026089266,0.11558069,0.0,0.102065065,COMPLETED,True,other,3.763834635416668e-05,0.195984375,0.0001023631447331,3.4259770004590306e-21,0.0001023631447331,0.0038630328719988,0.09391931754182,,21.40193134406581,assets/pinn_supersonic/atlas2d_v1_continuousM/N76/basin_T401_failure/basin_0485_0582.csv,0.025,0.18,0.025,0.18,0.0038630328719989034,0.09391931754181998,True,False,UNAVAILABLE,0.06442820408796134
530,5,21,1.15,0.06,0.025,0.186,-2.549736936302885e-09,0.1998472244836177,0.026089266,0.11558069,0.0,0.102065065,COMPLETED,True,target,0.0,0.1998489583333333,4.096632311842282e-08,3.432738607323302e-21,4.0966323118426255e-08,1.7338515904373383e-06,0.0977838933333333,,21.334691310999915,assets/pinn_supersonic/atlas2d_v1_continuousM/N76/basin_T401_failure/basin_0485_0582.csv,0.025,0.186,0.025,0.186,1.7338515903818274e-06,0.0977838933333333,True,True,UNAVAILABLE,0.07042741995842244
555,5,22,1.15,0.06,0.025,0.192,-2.549736936302885e-09,0.1998472244836177,0.026089266,0.11558069,0.0,0.102065065,COMPLETED,True,target,0.0,0.1998489583333333,4.096632311842282e-08,3.432738607323302e-21,4.0966323118426255e-08,1.7338515904373383e-06,0.0977838933333333,,21.28261549398303,assets/pinn_supersonic/atlas2d_v1_continuousM/N76/basin_T401_failure/basin_0485_0582.csv,0.025,0.192,0.025,0.192,1.7338515903818274e-06,0.0977838933333333,True,True,UNAVAILABLE,0.07642675893952326
580,5,23,1.15,0.06,0.025,0.198,-2.549736936302885e-09,0.1998472244836177,0.026089266,0.11558069,0.0,0.102065065,COMPLETED,True,target,0.0,0.1998489583333334,4.0966323136392274e-08,3.432270281311471e-21,4.0966323136395715e-08,1.7338515904928497e-06,0.0977838933333334,,21.26460845198017,assets/pinn_supersonic/atlas2d_v1_continuousM/N76/basin_T401_failure/basin_0485_0582.csv,0.025,0.198,0.025,0.198,1.7338515904928497e-06,0.09778389333333341,True,True,UNAVAILABLE,0.0824261941496755
605,5,24,1.15,0.06,0.025,0.204,-2.549736936302885e-09,0.1998472244836177,0.026089266,0.11558069,0.0,0.102065065,COMPLETED,True,target,0.0,0.1998489583333333,4.096632311842282e-08,3.432738607323302e-21,4.0966323118426255e-08,1.7338515904373383e-06,0.0977838933333333,,20.139647167059596,assets/pinn_supersonic/atlas2d_v1_continuousM/N76/basin_T401_failure/basin_0582_0679.csv,0.025,0.204,0.025,0.204,1.7338515903818274e-06,0.0977838933333333,True,True,UNAVAILABLE,0.08842570600227061
630,5,25,1.15,0.06,0.025,0.21,-2.549736936302885e-09,0.1998472244836177,0.026089266,0.11558069,0.0,0.102065065,COMPLETED,True,target,0.0,0.1998489583333333,4.096632311842282e-08,3.432738607323302e-21,4.0966323118426255e-08,1.7338515904373383e-06,0.0977838933333333,,19.97256905690301,assets/pinn_supersonic/atlas2d_v1_continuousM/N76/basin_T401_failure/basin_0582_0679.csv,0.025,0.21,0.025,0.21,1.7338515903818274e-06,0.0977838933333333,True,True,UNAVAILABLE,0.09442527988838581
655,5,26,1.15,0.06,0.025,0.216,-2.549736936302885e-09,0.1998472244836177,0.026089266,0.11558069,0.0,0.102065065,COMPLETED,True,other,1.2715657552083338e-07,0.2000156249999999,4.635275717789945e-06,3.433206965284e-21,4.635275717789948e-06,0.0001684005663338,0.0979505600000825,,20.02500237606,assets/pinn_supersonic/atlas2d_v1_continuousM/N76/basin_T401_failure/basin_0582_0679.csv,0.025,0.216,0.025,0.216,0.00016840056633372436,0.09795056000008243,True,False,UNAVAILABLE,0.10042490469002198
680,5,27,1.15,0.06,0.025,0.222,-2.549736936302885e-09,0.1998472244836177,0.026089266,0.11558069,0.0,0.102065065,COMPLETED,True,other,9.56217447916667e-05,0.2060156249999999,0.0001797282371891,3.445343352666477e-21,0.0001797282371891,0.0061691416693255,0.1039506039801196,,20.68935038591735,assets/pinn_supersonic/atlas2d_v1_continuousM/N76/basin_T401_failure/basin_0679_0775.csv,0.025,0.222,0.025,0.222,0.00616914166932551,0.1039506039801196,True,False,UNAVAILABLE,0.10642457179617872
705,5,28,1.15,0.06,0.025,0.228,-2.549736936302885e-09,0.1998472244836177,0.026089266,0.11558069,0.0,0.102065065,COMPLETED,True,other,0.0003621419270833,0.2120156249999999,0.0003734438154841,3.4592770432645165e-21,0.0003734438154841,0.0121737882250836,0.1099511563881387,,20.367956920992583,assets/pinn_supersonic/atlas2d_v1_continuousM/N76/basin_T401_failure/basin_0679_0775.csv,0.025,0.228,0.025,0.228,0.012173788225083524,0.10995115638813868,True,False,UNAVAILABLE,0.11242427443394955
730,5,29,1.15,0.06,0.025,0.234,-2.549736936302885e-09,0.1998472244836177,0.026089266,0.11558069,0.0,0.102065065,COMPLETED,True,other,0.00079345703125,0.218015625,0.0005854058550025,3.461262401059123e-21,0.0005854058550025,0.0181857184469115,0.1159532748065963,,20.23997486697044,assets/pinn_supersonic/atlas2d_v1_continuousM/N76/basin_T401_failure/basin_0679_0775.csv,0.025,0.234,0.025,0.234,0.01818571844691159,0.1159532748065963,True,False,UNAVAILABLE,0.11842400720293163
755,5,30,1.15,0.06,0.025,0.24,-2.549736936302885e-09,0.1998472244836177,0.026089266,0.11558069,0.0,0.102065065,COMPLETED,True,other,0.0013753255208333,0.2240156249999999,0.0008152316913335,3.444248637174882e-21,0.0008152316913335,0.0242075011271705,0.121958315028545,,20.224158909986727,assets/pinn_supersonic/atlas2d_v1_continuousM/N76/basin_T401_failure/basin_0679_0775.csv,0.025,0.24,0.025,0.24,0.024207501127170537,0.12195831502854504,True,False,UNAVAILABLE,0.12442376574433037
6,6,0,1.15,0.06,0.03,0.06,-2.549736936302885e-09,0.1998472244836177,0.026089266,0.11558069,0.0,0.102065065,COMPLETED,True,other,0.001689453125,0.075984375,0.0009517190910323,1.094476272681296e-21,0.0009517190910323,0.1238743708063868,0.0261353523553379,,21.97586537001189,assets/pinn_supersonic/atlas2d_v1_continuousM/N76/basin_T401_failure/basin_0000_0097.csv,0.03,0.06,0.03,0.06,0.12387437080638687,0.026135352355338003,True,False,UNAVAILABLE,0.05571843036195475
31,6,1,1.15,0.06,0.03,0.066,-2.549736936302885e-09,0.1998472244836177,0.026089266,0.11558069,0.0,0.102065065,COMPLETED,True,other,0.001005859375,0.081984375,0.0006984091265127,1.2461986889096892e-21,0.0006984091265127,0.1178671415052114,0.0201058664065584,,21.84846193192061,assets/pinn_supersonic/atlas2d_v1_continuousM/N76/basin_T401_failure/basin_0000_0097.csv,0.03,0.066,0.03,0.066,0.1178671415052115,0.020105866406558443,True,False,UNAVAILABLE,0.04973501263697437
56,6,2,1.15,0.06,0.03,0.072,-2.549736936302885e-09,0.1998472244836177,0.026089266,0.11558069,0.0,0.102065065,COMPLETED,True,other,0.000498046875,0.087984375,0.0004651972517012,1.4036368725575082e-21,0.0004651972517012,0.1118639582163262,0.0140894954333289,,21.70322969497647,assets/pinn_supersonic/atlas2d_v1_continuousM/N76/basin_T401_failure/basin_0000_0097.csv,0.03,0.072,0.03,0.072,0.11186395821632626,0.014089495433328941,True,False,UNAVAILABLE,0.0437561365067804
81,6,3,1.15,0.06,0.03,0.078,-2.549736936302885e-09,0.1998472244836177,0.026089266,0.11558069,0.0,0.102065065,COMPLETED,True,other,0.000166015625,0.093984375,0.0002526783920645,1.5640380153987546e-21,0.0002526783920645,0.1058629796615674,0.0080823951934957,,21.62105467100628,assets/pinn_supersonic/atlas2d_v1_continuousM/N76/basin_T401_failure/basin_0000_0097.csv,0.03,0.078,0.03,0.078,0.10586297966156742,0.00808239519349581,True,False,UNAVAILABLE,0.03778395799807109
106,6,4,1.15,0.06,0.03,0.0839999999999999,-2.549736936302885e-09,0.1998472244836177,0.026089266,0.11558069,0.0,0.102065065,COMPLETED,True,other,2.9296875e-05,0.099984375,6.132712963388463e-05,1.726834956419289e-21,6.132712963388463e-05,0.0998628537817939,0.0020808962451272,,21.19760984205641,assets/pinn_supersonic/atlas2d_v1_continuousM/N76/basin_T401_failure/basin_0097_0194.csv,0.03,0.0839999999999999,0.03,0.084,0.09986285378179402,0.002080896245127265,True,False,UNAVAILABLE,0.03182224822353076
131,6,5,1.15,0.06,0.03,0.09,-2.549736936302885e-09,0.1998472244836177,0.026089266,0.11558069,0.0,0.102065065,COMPLETED,True,failure_branch,2.9296875e-05,0.1020677083333333,8.511628983333944e-07,1.7835789687181427e-21,8.511628983333962e-07,0.0977795205400395,2.9415881694702226e-05,,21.14595481997821,assets/pinn_supersonic/atlas2d_v1_continuousM/N76/basin_T401_failure/basin_0097_0194.csv,0.03,0.09,0.03,0.09,0.09777952054003955,2.941588169469973e-05,True,False,UNAVAILABLE,0.025878243410247158
156,6,6,1.15,0.06,0.03,0.096,-2.549736936302885e-09,0.1998472244836177,0.026089266,0.11558069,0.0,0.102065065,COMPLETED,True,failure_branch,2.9296875e-05,0.1020677083333333,8.51162898315508e-07,1.784029116416489e-21,8.511628983155098e-07,0.0977795205400395,2.941588169470472e-05,,21.139870193088427,assets/pinn_supersonic/atlas2d_v1_continuousM/N76/basin_T401_failure/basin_0097_0194.csv,0.03,0.096,0.03,0.096,0.09777952054003955,2.941588169469973e-05,True,False,UNAVAILABLE,0.019967761066278813
181,6,7,1.15,0.06,0.03,0.102,-2.549736936302885e-09,0.1998472244836177,0.026089266,0.11558069,0.0,0.102065065,COMPLETED,True,failure_branch,2.9296875e-05,0.1020677083333333,8.511628983333944e-07,1.7835789687181427e-21,8.511628983333962e-07,0.0977795205400395,2.9415881694702226e-05,,21.18915411399212,assets/pinn_supersonic/atlas2d_v1_continuousM/N76/basin_T401_failure/basin_0097_0194.csv,0.03,0.102,0.03,0.102,0.09777952054003955,2.941588169469973e-05,True,False,UNAVAILABLE,0.014132921920112635
206,6,8,1.15,0.06,0.03,0.108,-2.549736936302885e-09,0.1998472244836177,0.026089266,0.11558069,0.0,0.102065065,COMPLETED,True,failure_branch,2.9296875e-05,0.1020677083333333,8.511628983333944e-07,1.7835789687181427e-21,8.511628983333962e-07,0.0977795205400395,2.9415881694702226e-05,,21.53191674593836,assets/pinn_supersonic/atlas2d_v1_continuousM/N76/basin_T401_failure/basin_0194_0291.csv,0.03,0.108,0.03,0.108,0.09777952054003955,2.941588169469973e-05,True,False,UNAVAILABLE,0.008530385806046528
231,6,9,1.15,0.06,0.03,0.1139999999999999,-2.549736936302885e-09,0.1998472244836177,0.026089266,0.11558069,0.0,0.102065065,COMPLETED,True,failure_branch,2.9296875e-05,0.1020677083333333,8.511628983100194e-07,1.7837665233565874e-21,8.511628983100212e-07,0.0977795205400395,2.941588169469973e-05,,25.67667031695601,assets/pinn_supersonic/atlas2d_v1_continuousM/N76/basin_T401_failure/basin_0194_0291.csv,0.03,0.1139999999999999,0.03,0.114,0.09777952054003955,2.941588169469973e-05,True,False,UNAVAILABLE,0.004218469153614891
256,6,10,1.15,0.06,0.03,0.12,-2.549736936302885e-09,0.1998472244836177,0.026089266,0.11558069,0.0,0.102065065,COMPLETED,True,other,2.9296875e-05,0.1040156249999999,5.517426539817784e-05,1.83647942881963e-21,5.517426539817784e-05,0.095831603962601,0.0019507800030973,,21.39660348801408,assets/pinn_supersonic/atlas2d_v1_continuousM/N76/basin_T401_failure/basin_0194_0291.csv,0.03,0.12,0.03,0.12,0.0958316039626011,0.0019507800030973256,True,False,UNAVAILABLE,0.005901142431766913
281,6,11,1.15,0.06,0.03,0.126,-2.549736936302885e-09,0.1998472244836177,0.026089266,0.11558069,0.0,0.102065065,COMPLETED,True,other,0.000166015625,0.1100156249999999,0.0002104048290627,1.9993427146200157e-21,0.0002104048290627,0.0898317528929467,0.0079522930970471,,21.317521581077017,assets/pinn_supersonic/atlas2d_v1_continuousM/N76/basin_T401_failure/basin_0194_0291.csv,0.03,0.126,0.03,0.126,0.08983175289294686,0.007952293097047073,True,False,UNAVAILABLE,0.011128858072596663
306,6,12,1.15,0.06,0.03,0.132,-2.549736936302885e-09,0.1998472244836177,0.026089266,0.11558069,0.0,0.102065065,COMPLETED,True,other,0.000478515625,0.1160156249999999,0.000343779391928,2.16023950093738e-21,0.000343779391928,0.0838329651844979,0.0139587643262922,,21.5901818650309,assets/pinn_supersonic/atlas2d_v1_continuousM/N76/basin_T401_failure/basin_0291_0388.csv,0.03,0.132,0.03,0.132,0.08383296518449804,0.013958764326292155,True,False,UNAVAILABLE,0.016878373203599927
331,6,13,1.15,0.06,0.03,0.138,-2.549736936302885e-09,0.1998472244836177,0.026089266,0.11558069,0.0,0.102065065,COMPLETED,True,other,0.000947265625,0.1220156249999999,0.0004552429617454,2.3169190546048027e-21,0.0004552429617454,0.0778373637475804,0.0199730357351581,,21.715453390963376,assets/pinn_supersonic/atlas2d_v1_continuousM/N76/basin_T401_failure/basin_0291_0388.csv,0.03,0.138,0.03,0.138,0.07783736374758052,0.019973035735158115,True,False,UNAVAILABLE,0.022757580758947123
356,6,14,1.15,0.06,0.03,0.144,-2.549736936302885e-09,0.1998472244836177,0.026089266,0.11558069,0.0,0.102065065,COMPLETED,True,other,0.001513671875,0.1280156249999999,0.0005448561777719,2.4681723494523574e-21,0.0005448561777719,0.071847546197758,0.0259946680467122,,21.69282690598629,assets/pinn_supersonic/atlas2d_v1_continuousM/N76/basin_T401_failure/basin_0291_0388.csv,0.03,0.144,0.03,0.144,0.07184754619775807,0.025994668046712223,True,False,UNAVAILABLE,0.028686852075471773
381,6,15,1.15,0.06,0.03,0.15,-2.549736936302885e-09,0.1998472244836177,0.026089266,0.11558069,0.0,0.102065065,COMPLETED,True,other,0.002099609375,0.1340156249999999,0.000612787064217,2.6123007157128286e-21,0.000612787064217,0.0658650731481105,0.0320194728851239,,21.386530702002347,assets/pinn_supersonic/atlas2d_v1_continuousM/N76/basin_T401_failure/basin_0291_0388.csv,0.03,0.15,0.03,0.15,0.06586507314811064,0.03201947288512384,True,False,UNAVAILABLE,0.03464048905543915
406,6,16,1.15,0.06,0.03,0.156,-2.549736936302885e-09,0.1998472244836177,0.026089266,0.11558069,0.0,0.102065065,COMPLETED,True,other,0.001689453125,0.171984375,0.0005566596567153,3.304131470845279e-21,0.0005566596567153,0.0279140223153818,0.069939718063041,,20.650811551953662,assets/pinn_supersonic/atlas2d_v1_continuousM/N76/basin_T401_failure/basin_0388_0485.csv,0.03,0.156,0.03,0.156,0.027914022315381846,0.06993971806304107,True,False,UNAVAILABLE,0.04060777612723947
431,6,17,1.15,0.06,0.03,0.162,-2.549736936302885e-09,0.1998472244836177,0.026089266,0.11558069,0.0,0.102065065,COMPLETED,True,other,0.001103515625,0.177984375,0.0004729185591031,3.3598600775585805e-21,0.0004729185591031,0.0218906815769928,0.0759273295830343,,20.57235371193383,assets/pinn_supersonic/atlas2d_v1_continuousM/N76/basin_T401_failure/basin_0388_0485.csv,0.03,0.162,0.03,0.162,0.021890681576992917,0.07592732958303433,True,False,UNAVAILABLE,0.04658346790439716
456,6,18,1.15,0.06,0.03,0.1679999999999999,-2.549736936302885e-09,0.1998472244836177,0.026089266,0.11558069,0.0,0.102065065,COMPLETED,True,other,0.000615234375,0.183984375,0.0003691301132613,3.395321730984143e-21,0.0003691301132613,0.0158747759106536,0.0819216202489445,,20.504328034003265,assets/pinn_supersonic/atlas2d_v1_continuousM/N76/basin_T401_failure/basin_0388_0485.csv,0.03,0.1679999999999999,0.03,0.168,0.015874775910653657,0.08192162024894456,True,False,UNAVAILABLE,0.05256469805867802
481,6,19,1.15,0.06,0.03,0.174,-2.549736936302885e-09,0.1998472244836177,0.026089266,0.11558069,0.0,0.102065065,COMPLETED,True,other,0.000244140625,0.189984375,0.0002455181867203,3.414912776020945e-21,0.0002455181867203,0.009865870758644,0.0879196489729166,,20.37416513694916,assets/pinn_supersonic/atlas2d_v1_continuousM/N76/basin_T401_failure/basin_0388_0485.csv,0.03,0.174,0.03,0.174,0.009865870758644073,0.08791964897291663,True,False,UNAVAILABLE,0.05854976927367005
506,6,20,1.15,0.06,0.03,0.18,-2.549736936302885e-09,0.1998472244836177,0.026089266,0.11558069,0.0,0.102065065,COMPLETED,True,other,2.9296875e-05,0.195984375,0.0001023633485382,3.426184950504535e-21,0.0001023633485382,0.0038629605989933,0.0939193145693844,,21.45429632999003,assets/pinn_supersonic/atlas2d_v1_continuousM/N76/basin_T401_failure/basin_0485_0582.csv,0.03,0.18,0.03,0.18,0.003862960598993403,0.09391931456938442,True,False,UNAVAILABLE,0.0645376129245574
531,6,21,1.15,0.06,0.03,0.186,-2.549736936302885e-09,0.1998472244836177,0.026089266,0.11558069,0.0,0.102065065,COMPLETED,True,target,2.9296875e-05,0.1998489583333333,8.072815152096443e-07,3.4323743509975314e-21,8.072815152096477e-07,2.9350681844752743e-05,0.097783897722128,,21.33542298793327,assets/pinn_supersonic/atlas2d_v1_continuousM/N76/basin_T401_failure/basin_0485_0582.csv,0.03,0.186,0.03,0.186,2.9350681844749466e-05,0.097783897722128,True,True,UNAVAILABLE,0.07052752286873544
556,6,22,1.15,0.06,0.03,0.192,-2.549736936302885e-09,0.1998472244836177,0.026089266,0.11558069,0.0,0.102065065,COMPLETED,True,target,2.9296875e-05,0.1998489583333333,8.072815152096443e-07,3.4323743509975314e-21,8.072815152096477e-07,2.9350681844752743e-05,0.097783897722128,,21.30998355790507,assets/pinn_supersonic/atlas2d_v1_continuousM/N76/basin_T401_failure/basin_0485_0582.csv,0.03,0.192,0.03,0.192,2.9350681844749466e-05,0.097783897722128,True,True,UNAVAILABLE,0.07651901385930167
581,6,23,1.15,0.06,0.03,0.198,-2.549736936302885e-09,0.1998472244836177,0.026089266,0.11558069,0.0,0.102065065,COMPLETED,True,target,2.9296875e-05,0.1998489583333333,8.072815152096443e-07,3.4323743509975314e-21,8.072815152096477e-07,2.9350681844752743e-05,0.097783897722128,,21.3037200140534,assets/pinn_supersonic/atlas2d_v1_continuousM/N76/basin_T401_failure/basin_0485_0582.csv,0.03,0.198,0.03,0.198,2.9350681844749466e-05,0.097783897722128,True,True,UNAVAILABLE,0.08251174147962216
606,6,24,1.15,0.06,0.03,0.204,-2.549736936302885e-09,0.1998472244836177,0.026089266,0.11558069,0.0,0.102065065,COMPLETED,True,target,2.9296875e-05,0.1998489583333333,8.072815152096443e-07,3.4323743509975314e-21,8.072815152096477e-07,2.9350681844752743e-05,0.097783897722128,,20.13468134996947,assets/pinn_supersonic/atlas2d_v1_continuousM/N76/basin_T401_failure/basin_0582_0679.csv,0.03,0.204,0.03,0.204,2.9350681844749466e-05,0.097783897722128,True,True,UNAVAILABLE,0.08850545453247498
631,6,25,1.15,0.06,0.03,0.21,-2.549736936302885e-09,0.1998472244836177,0.026089266,0.11558069,0.0,0.102065065,COMPLETED,True,target,2.9296875e-05,0.1998489583333333,8.072815152096443e-07,3.4323743509975314e-21,8.072815152096477e-07,2.9350681844752743e-05,0.097783897722128,,20.03796951903496,assets/pinn_supersonic/atlas2d_v1_continuousM/N76/basin_T401_failure/basin_0582_0679.csv,0.03,0.21,0.03,0.21,2.9350681844749466e-05,0.097783897722128,True,True,UNAVAILABLE,0.0944999655132212
656,6,26,1.15,0.06,0.03,0.216,-2.549736936302885e-09,0.1998472244836177,0.026089266,0.11558069,0.0,0.102065065,COMPLETED,True,other,2.9296875e-05,0.2000156249999999,4.704759983445355e-06,3.433154923932867e-21,4.704759983445359e-06,0.0001709303665465,0.0979505643813269,,20.036531189922243,assets/pinn_supersonic/atlas2d_v1_continuousM/N76/basin_T401_failure/basin_0582_0679.csv,0.03,0.216,0.03,0.216,0.00017093036654645952,0.09795056438132689,True,False,UNAVAILABLE,0.10049513163332838
681,6,27,1.15,0.06,0.03,0.222,-2.549736936302885e-09,0.1998472244836177,0.026089266,0.11558069,0.0,0.102065065,COMPLETED,True,other,8.789062500000001e-05,0.2060156249999999,0.0001797283103268,3.4448220378815656e-21,0.0001797283103268,0.0061690266769297,0.1039505971559353,,20.41731288097799,assets/pinn_supersonic/atlas2d_v1_continuousM/N76/basin_T401_failure/basin_0679_0775.csv,0.03,0.222,0.03,0.222,0.006169026676929644,0.10395059715593528,True,False,UNAVAILABLE,0.1064908422447677
706,6,28,1.15,0.06,0.03,0.228,-2.549736936302885e-09,0.1998472244836177,0.026089266,0.11558069,0.0,0.102065065,COMPLETED,True,other,0.000361328125,0.2120156249999999,0.000373443813511,3.458754675350298e-21,0.000373443813511,0.0121737640433679,0.1099511537107615,,20.35975540592335,assets/pinn_supersonic/atlas2d_v1_continuousM/N76/basin_T401_failure/basin_0679_0775.csv,0.03,0.228,0.03,0.228,0.01217376404336788,0.10995115371076146,True,False,UNAVAILABLE,0.11248701028118759
731,6,29,1.15,0.06,0.03,0.234,-2.549736936302885e-09,0.1998472244836177,0.026089266,0.11558069,0.0,0.102065065,COMPLETED,True,other,0.000791015625,0.218015625,0.00058540585754,3.461366909351847e-21,0.00058540585754,0.0181856120896835,0.1159532581259905,,20.175191279966384,assets/pinn_supersonic/atlas2d_v1_continuousM/N76/basin_T401_failure/basin_0679_0775.csv,0.03,0.234,0.03,0.234,0.018185612089683556,0.11595325812599055,True,False,UNAVAILABLE,0.1184835662950774
756,6,30,1.15,0.06,0.03,0.24,-2.549736936302885e-09,0.1998472244836177,0.026089266,0.11558069,0.0,0.102065065,COMPLETED,True,other,0.001376953125,0.2240156249999999,0.0008152316818691,3.444248637174882e-21,0.0008152316818691,0.0242075936526218,0.1219583333939179,,20.291117593063973,assets/pinn_supersonic/atlas2d_v1_continuousM/N76/basin_T401_failure/basin_0679_0775.csv,0.03,0.24,0.03,0.24,0.024207593652621786,0.12195833339391789,True,False,UNAVAILABLE,0.12448045421671627
7,7,0,1.15,0.06,0.035,0.06,-2.549736936302885e-09,0.1998472244836177,0.026089266,0.11558069,0.0,0.102065065,COMPLETED,True,other,0.005029296875,0.075984375,0.0009597492772733,1.113599586310174e-21,0.0009597492772733,0.1239649117085354,0.0265611787752912,,22.02229933103081,assets/pinn_supersonic/atlas2d_v1_continuousM/N76/basin_T401_failure/basin_0000_0097.csv,0.035,0.06,0.035,0.06,0.12396491170853545,0.026561178775291287,True,False,UNAVAILABLE,0.05629079393648664
32,7,1,1.15,0.06,0.035,0.066,-2.549736936302885e-09,0.1998472244836177,0.026089266,0.11558069,0.0,0.102065065,COMPLETED,True,other,0.005029296875,0.081984375,0.0007123664588633,1.2722950627796217e-21,0.0007123664588633,0.1179701027426083,0.02070091635491,,21.879987584077757,assets/pinn_supersonic/atlas2d_v1_continuousM/N76/basin_T401_failure/basin_0000_0097.csv,0.035,0.066,0.035,0.066,0.11797010274260838,0.020700916354910105,True,False,UNAVAILABLE,0.050375405526903706
57,7,2,1.15,0.06,0.035,0.072,-2.549736936302885e-09,0.1998472244836177,0.026089266,0.11558069,0.0,0.102065065,COMPLETED,True,other,0.005029296875,0.087984375,0.0004884867344549,1.43475387356149e-21,0.0004884867344549,0.1119758498395889,0.014951911514351,,21.76785496796947,assets/pinn_supersonic/atlas2d_v1_continuousM/N76/basin_T401_failure/basin_0000_0097.csv,0.035,0.072,0.035,0.072,0.11197584983958891,0.014951911514351084,True,False,UNAVAILABLE,0.04448268744129564
82,7,3,1.15,0.06,0.035,0.078,-2.549736936302885e-09,0.1998472244836177,0.026089266,0.11558069,0.0,0.102065065,COMPLETED,True,other,0.005029296875,0.093984375,0.000294224398811,1.6002844945087929e-21,0.000294224398811,0.1059822473506518,0.0095179503010356,,21.631698180921376,assets/pinn_supersonic/atlas2d_v1_continuousM/N76/basin_T401_failure/basin_0000_0097.csv,0.035,0.078,0.035,0.078,0.10598224735065187,0.009517950301035659,True,False,UNAVAILABLE,0.03862301751546609
107,7,4,1.15,0.06,0.035,0.0839999999999999,-2.549736936302885e-09,0.1998472244836177,0.026089266,0.11558069,0.0,0.102065065,COMPLETED,True,other,0.005029296875,0.099984375,0.0001586215685086,1.7670007678746166e-21,0.0001586215685086,0.0999894122379531,0.0054427105318016,,21.22794773511123,assets/pinn_supersonic/atlas2d_v1_continuousM/N76/basin_T401_failure/basin_0097_0194.csv,0.035,0.0839999999999999,0.035,0.084,0.09998941223795318,0.005442710531801664,True,False,UNAVAILABLE,0.032814104924559606
132,7,5,1.15,0.06,0.035,0.09,-2.549736936302885e-09,0.1998472244836177,0.026089266,0.11558069,0.0,0.102065065,COMPLETED,True,other,0.005029296875,0.102328125,0.0001432898235015,1.831686729633509e-21,0.0001432898235015,0.097648700026162,0.0050361719212597,,21.17595171800349,assets/pinn_supersonic/atlas2d_v1_continuousM/N76/basin_T401_failure/basin_0097_0194.csv,0.035,0.09,0.035,0.09,0.09764870002616206,0.005036171921259716,True,False,UNAVAILABLE,0.02708862274092207
157,7,6,1.15,0.06,0.035,0.096,-2.549736936302885e-09,0.1998472244836177,0.026089266,0.11558069,0.0,0.102065065,COMPLETED,True,other,0.005029296875,0.102328125,0.0001432898235015,1.831686729633509e-21,0.0001432898235015,0.097648700026162,0.0050361719212597,,21.140080934972502,assets/pinn_supersonic/atlas2d_v1_continuousM/N76/basin_T401_failure/basin_0097_0194.csv,0.035,0.096,0.035,0.096,0.09764870002616206,0.005036171921259716,True,False,UNAVAILABLE,0.021513286173897285
182,7,7,1.15,0.06,0.035,0.102,-2.549736936302885e-09,0.1998472244836177,0.026089266,0.11558069,0.0,0.102065065,COMPLETED,True,other,0.005029296875,0.102328125,0.0001432898235015,1.831686729633509e-21,0.0001432898235015,0.097648700026162,0.0050361719212597,,21.23773539590184,assets/pinn_supersonic/atlas2d_v1_continuousM/N76/basin_T401_failure/basin_0097_0194.csv,0.035,0.102,0.035,0.102,0.09764870002616206,0.005036171921259716,True,False,UNAVAILABLE,0.016243444277615517
207,7,8,1.15,0.06,0.035,0.108,-2.549736936302885e-09,0.1998472244836177,0.026089266,0.11558069,0.0,0.102065065,COMPLETED,True,other,0.005029296875,0.102328125,0.0001432898235015,1.831686729633509e-21,0.0001432898235015,0.097648700026162,0.0050361719212597,,21.57668228202965,assets/pinn_supersonic/atlas2d_v1_continuousM/N76/basin_T401_failure/basin_0194_0291.csv,0.035,0.108,0.035,0.108,0.09764870002616206,0.005036171921259716,True,False,UNAVAILABLE,0.011699465030504605
232,7,9,1.15,0.06,0.035,0.1139999999999999,-2.549736936302885e-09,0.1998472244836177,0.026089266,0.11558069,0.0,0.102065065,COMPLETED,True,other,0.005029296875,0.1023281249999999,0.0001432898235015,1.832028857622027e-21,0.0001432898235015,0.097648700026162,0.0050361719212597,,25.725998311070725,assets/pinn_supersonic/atlas2d_v1_continuousM/N76/basin_T401_failure/basin_0194_0291.csv,0.035,0.1139999999999999,0.035,0.114,0.09764870002616217,0.00503617192125971,True,False,UNAVAILABLE,0.00905016474988165
257,7,10,1.15,0.06,0.035,0.12,-2.549736936302885e-09,0.1998472244836177,0.026089266,0.11558069,0.0,0.102065065,COMPLETED,True,other,0.005029296875,0.1040156249999999,0.0001507888302521,1.879009897972797e-21,0.0001507888302521,0.0959634790547538,0.0053943036038477,,21.496500816079788,assets/pinn_supersonic/atlas2d_v1_continuousM/N76/basin_T401_failure/basin_0194_0291.csv,0.035,0.12,0.035,0.12,0.09596347905475391,0.005394303603847711,True,False,UNAVAILABLE,0.009946531154126043
282,7,11,1.15,0.06,0.035,0.126,-2.549736936302885e-09,0.1998472244836177,0.026089266,0.11558069,0.0,0.102065065,COMPLETED,True,other,0.005029296875,0.1100156249999999,0.0002462240768075,2.0430660313920198e-21,0.0002462240768075,0.0899722741653714,0.0094077219012088,,21.37839323503431,assets/pinn_supersonic/atlas2d_v1_continuousM/N76/basin_T401_failure/basin_0194_0291.csv,0.035,0.126,0.035,0.126,0.08997227416537153,0.00940772190120877,True,False,UNAVAILABLE,0.013709904521914075
307,7,12,1.15,0.06,0.035,0.132,-2.549736936302885e-09,0.1998472244836177,0.026089266,0.11558069,0.0,0.102065065,COMPLETED,True,other,0.005029296875,0.1160156249999999,0.0003616570371964,2.2030516259742226e-21,0.0003616570371964,0.083982325073109,0.0148294285584605,,21.69140429899562,assets/pinn_supersonic/atlas2d_v1_continuousM/N76/basin_T401_failure/basin_0291_0388.csv,0.035,0.132,0.035,0.132,0.08398232507310907,0.01482942855846044,True,False,UNAVAILABLE,0.01868126018233246
332,7,13,1.15,0.06,0.035,0.138,-2.549736936302885e-09,0.1998472244836177,0.026089266,0.11558069,0.0,0.102065065,COMPLETED,True,other,0.005029296875,0.1220156249999999,0.0004650502141626,2.3566764420039218e-21,0.0004650502141626,0.0779939211149301,0.0205747095087751,,21.73921034997329,assets/pinn_supersonic/atlas2d_v1_continuousM/N76/basin_T401_failure/basin_0291_0388.csv,0.035,0.138,0.035,0.138,0.07799392111493018,0.020574709508775116,True,False,UNAVAILABLE,0.024125038487015943
357,7,14,1.15,0.06,0.035,0.144,-2.549736936302885e-09,0.1998472244836177,0.026089266,0.11558069,0.0,0.102065065,COMPLETED,True,other,0.005029296875,0.1280156249999999,0.000550355728706,2.5025323631597288e-21,0.000550355728706,0.0720074477889511,0.0264334142965013,,21.723841054015796,assets/pinn_supersonic/atlas2d_v1_continuousM/N76/basin_T401_failure/basin_0291_0388.csv,0.035,0.144,0.035,0.144,0.07200744778895123,0.02643341429650132,True,False,UNAVAILABLE,0.029783308781933533
382,7,15,1.15,0.06,0.035,0.15,-2.549736936302885e-09,0.1998472244836177,0.026089266,0.11558069,0.0,0.102065065,COMPLETED,True,other,0.005029296875,0.165984375,0.0006228011597905,3.2525149439898348e-21,0.0006228011597905,0.0342342873133618,0.0641168621965625,,21.123208313947544,assets/pinn_supersonic/atlas2d_v1_continuousM/N76/basin_T401_failure/basin_0291_0388.csv,0.035,0.15,0.035,0.15,0.03423428731336183,0.06411686219656249,True,False,UNAVAILABLE,0.03555381107560763
407,7,16,1.15,0.06,0.035,0.156,-2.549736936302885e-09,0.1998472244836177,0.026089266,0.11558069,0.0,0.102065065,COMPLETED,True,other,0.005029296875,0.171984375,0.0005611968908305,3.3336039453530603e-21,0.0005611968908305,0.0283131106388964,0.0700999553347431,,20.664721918059517,assets/pinn_supersonic/atlas2d_v1_continuousM/N76/basin_T401_failure/basin_0388_0485.csv,0.035,0.156,0.035,0.156,0.0283131106388965,0.07009995533474316,True,False,UNAVAILABLE,0.0413896301263976
432,7,17,1.15,0.06,0.035,0.162,-2.549736936302885e-09,0.1998472244836177,0.026089266,0.11558069,0.0,0.102065065,COMPLETED,True,other,0.005029296875,0.177984375,0.0004809207411111,3.390924098664168e-21,0.0004809207411111,0.0224338592365865,0.0760857112599533,,20.615289323031902,assets/pinn_supersonic/atlas2d_v1_continuousM/N76/basin_T401_failure/basin_0388_0485.csv,0.035,0.162,0.035,0.162,0.022433859236586595,0.07608571125995331,True,False,UNAVAILABLE,0.04726657891153114
457,7,18,1.15,0.06,0.035,0.1679999999999999,-2.549736936302885e-09,0.1998472244836177,0.026089266,0.11558069,0.0,0.102065065,COMPLETED,True,other,0.005029296875,0.183984375,0.0003834196545649,3.427640777527902e-21,0.0003834196545649,0.016641029007954,0.0820735473702275,,20.514569982071407,assets/pinn_supersonic/atlas2d_v1_continuousM/N76/basin_T401_failure/basin_0388_0485.csv,0.035,0.1679999999999999,0.035,0.168,0.01664102900795408,0.08207354737022755,True,False,UNAVAILABLE,0.05317102107351324
482,7,19,1.15,0.06,0.035,0.174,-2.549736936302885e-09,0.1998472244836177,0.026089266,0.11558069,0.0,0.102065065,COMPLETED,True,other,0.005029296875,0.189984375,0.0002726930601877,3.449358797655091e-21,0.0002726930601877,0.0110711179489768,0.0880630393407642,,20.368741501006298,assets/pinn_supersonic/atlas2d_v1_continuousM/N76/basin_T401_failure/basin_0388_0485.csv,0.035,0.174,0.035,0.174,0.011071117948976826,0.08806303934076423,True,False,UNAVAILABLE,0.05909471619358196
507,7,20,1.15,0.06,0.035,0.18,-2.549736936302885e-09,0.1998472244836177,0.026089266,0.11558069,0.0,0.102065065,COMPLETED,True,other,0.005029296875,0.195984375,0.0001662018690894,3.465862258463798e-21,0.0001662018690894,0.0063415659609235,0.0940538708290785,,21.364405646920204,assets/pinn_supersonic/atlas2d_v1_continuousM/N76/basin_T401_failure/basin_0485_0582.csv,0.035,0.18,0.035,0.18,0.006341565960923598,0.0940538708290785,True,False,UNAVAILABLE,0.06503240332326646
532,7,21,1.15,0.06,0.035,0.186,-2.549736936302885e-09,0.1998472244836177,0.026089266,0.11558069,0.0,0.102065065,COMPLETED,True,other,0.005029296875,0.1996093749999999,0.0001367197743136,3.4754900123557635e-21,0.0001367197743136,0.0050349205634763,0.097673876960183,,21.347621855093166,assets/pinn_supersonic/atlas2d_v1_continuousM/N76/basin_T401_failure/basin_0485_0582.csv,0.035,0.186,0.035,0.186,0.005034920563476303,0.09767387696018298,True,False,UNAVAILABLE,0.0709805711585924
557,7,22,1.15,0.06,0.035,0.192,-2.549736936302885e-09,0.1998472244836177,0.026089266,0.11558069,0.0,0.102065065,COMPLETED,True,other,0.005029296875,0.1996093749999999,0.0001367197743136,3.4754900123557635e-21,0.0001367197743136,0.0050349205634763,0.097673876960183,,21.36429648601916,assets/pinn_supersonic/atlas2d_v1_continuousM/N76/basin_T401_failure/basin_0485_0582.csv,0.035,0.192,0.035,0.192,0.005034920563476303,0.09767387696018298,True,False,UNAVAILABLE,0.07693678887242436
582,7,23,1.15,0.06,0.035,0.198,-2.549736936302885e-09,0.1998472244836177,0.026089266,0.11558069,0.0,0.102065065,COMPLETED,True,other,0.005029296875,0.1996093749999999,0.0001367197743136,3.4754900123557635e-21,0.0001367197743136,0.0050349205634763,0.097673876960183,,20.216996661038134,assets/pinn_supersonic/atlas2d_v1_continuousM/N76/basin_T401_failure/basin_0582_0679.csv,0.035,0.198,0.035,0.198,0.005034920563476303,0.09767387696018298,True,False,UNAVAILABLE,0.08289932136031031
607,7,24,1.15,0.06,0.035,0.204,-2.549736936302885e-09,0.1998472244836177,0.026089266,0.11558069,0.0,0.102065065,COMPLETED,True,other,0.005029296875,0.1996093749999999,0.0001367197743136,3.4754900123557635e-21,0.0001367197743136,0.0050349205634763,0.097673876960183,,20.143349905032665,assets/pinn_supersonic/atlas2d_v1_continuousM/N76/basin_T401_failure/basin_0582_0679.csv,0.035,0.204,0.035,0.204,0.005034920563476303,0.09767387696018298,True,False,UNAVAILABLE,0.08886689756034019
632,7,25,1.15,0.06,0.035,0.21,-2.549736936302885e-09,0.1998472244836177,0.026089266,0.11558069,0.0,0.102065065,COMPLETED,True,other,0.005029296875,0.1996093749999999,0.0001367197743136,3.4754900123557635e-21,0.0001367197743136,0.0050349205634763,0.097673876960183,,20.041787801892497,assets/pinn_supersonic/atlas2d_v1_continuousM/N76/basin_T401_failure/basin_0582_0679.csv,0.035,0.21,0.035,0.21,0.005034920563476303,0.09767387696018298,True,False,UNAVAILABLE,0.09483856537295363
657,7,26,1.15,0.06,0.035,0.216,-2.549736936302885e-09,0.1998472244836177,0.026089266,0.11558069,0.0,0.102065065,COMPLETED,True,other,0.005029296875,0.2000156249999999,0.0001371754287959,3.4767991615406416e-21,0.0001371754287959,0.0050321179872472,0.0980795902895728,,20.03266914398409,assets/pinn_supersonic/atlas2d_v1_continuousM/N76/basin_T401_failure/basin_0582_0679.csv,0.035,0.216,0.035,0.216,0.005032117987247226,0.0980795902895728,True,False,UNAVAILABLE,0.10081359770388118
682,7,27,1.15,0.06,0.035,0.222,-2.549736936302885e-09,0.1998472244836177,0.026089266,0.11558069,0.0,0.102065065,COMPLETED,True,other,0.005029296875,0.2060156249999999,0.000229331019097,3.495415684299951e-21,0.000229331019097,0.0079588326803724,0.1040721516610975,,20.429262427031063,assets/pinn_supersonic/atlas2d_v1_continuousM/N76/basin_T401_failure/basin_0679_0775.csv,0.035,0.222,0.035,0.222,0.00795883268037239,0.10407215166109743,True,False,UNAVAILABLE,0.10679142981531804
707,7,28,1.15,0.06,0.035,0.228,-2.549736936302885e-09,0.1998472244836177,0.026089266,0.11558069,0.0,0.102065065,COMPLETED,True,other,0.005029296875,0.2120156249999999,0.0003997053170173,3.509239697594186e-21,0.0003997053170173,0.0131667696809335,0.1100655235365302,,20.385072088916782,assets/pinn_supersonic/atlas2d_v1_continuousM/N76/basin_T401_failure/basin_0679_0775.csv,0.035,0.228,0.035,0.228,0.013166769680933518,0.11006552353653011,True,False,UNAVAILABLE,0.11277161647329527
732,7,29,1.15,0.06,0.035,0.234,-2.549736936302885e-09,0.1998472244836177,0.026089266,0.11558069,0.0,0.102065065,COMPLETED,True,other,0.005029296875,0.218015625,0.0006011156170527,3.5030864825453415e-21,0.0006011156170527,0.0188516479393006,0.116059580351518,,20.222345450078137,assets/pinn_supersonic/atlas2d_v1_continuousM/N76/basin_T401_failure/basin_0679_0775.csv,0.035,0.234,0.035,0.234,0.01885164793930069,0.11605958035151809,True,False,UNAVAILABLE,0.11875380196861068
757,7,30,1.15,0.06,0.035,0.24,-2.549736936302885e-09,0.1998472244836177,0.026089266,0.11558069,0.0,0.102065065,COMPLETED,True,other,0.005029296875,0.2240156249999999,0.0008245980399462,3.479837337043661e-21,0.0008245980399462,0.0246861385442098,0.1220542211943957,,22.515945202088915,assets/pinn_supersonic/atlas2d_v1_continuousM/N76/basin_T401_failure/basin_0679_0775.csv,0.035,0.24,0.035,0.24,0.024686138544209858,0.12205422119439567,True,False,UNAVAILABLE,0.12473769872015436
8,8,0,1.15,0.06,0.04,0.06,-2.549736936302885e-09,0.1998472244836177,0.026089266,0.11558069,0.0,0.102065065,COMPLETED,True,other,0.010029296875,0.075984375,0.000999702594372,1.1447577398209985e-21,0.000999702594372,0.1242682273517746,0.0279426052236183,,22.029372378019616,assets/pinn_supersonic/atlas2d_v1_continuousM/N76/basin_T401_failure/basin_0000_0097.csv,0.04,0.06,0.04,0.06,0.12426822735177467,0.027942605223618362,True,False,UNAVAILABLE,0.0572954054178867
33,8,1,1.15,0.06,0.04,0.066,-2.549736936302885e-09,0.1998472244836177,0.026089266,0.11558069,0.0,0.102065065,COMPLETED,True,other,0.010029296875,0.081984375,0.0007649638591474,1.306547568156247e-21,0.0007649638591474,0.118288791249843,0.0224459552410447,,21.93568936293013,assets/pinn_supersonic/atlas2d_v1_continuousM/N76/basin_T401_failure/basin_0000_0097.csv,0.04,0.066,0.04,0.066,0.11828879124984305,0.022445955241044757,True,False,UNAVAILABLE,0.051495548176517164
58,8,2,1.15,0.06,0.04,0.072,-2.549736936302885e-09,0.1998472244836177,0.026089266,0.11558069,0.0,0.102065065,COMPLETED,True,other,0.010029296875,0.087984375,0.0005594878646896,1.4715904214174945e-21,0.0005594878646896,0.1123115485671243,0.0172873545310722,,21.872471643961035,assets/pinn_supersonic/atlas2d_v1_continuousM/N76/basin_T401_failure/basin_0000_0097.csv,0.04,0.072,0.04,0.072,0.11231154856712437,0.017287354531072257,True,False,UNAVAILABLE,0.04574734398847654
83,8,3,1.15,0.06,0.04,0.078,-2.549736936302885e-09,0.1998472244836177,0.026089266,0.11558069,0.0,0.102065065,COMPLETED,True,other,0.010029296875,0.093984375,0.0003945396191884,1.639534522072415e-21,0.0003945396191884,0.1063368691834686,0.0128796097255695,,21.653029959998094,assets/pinn_supersonic/atlas2d_v1_continuousM/N76/basin_T401_failure/basin_0000_0097.csv,0.04,0.078,0.04,0.078,0.10633686918346864,0.012879609725569513,True,False,UNAVAILABLE,0.04007302686346516
108,8,4,1.15,0.06,0.04,0.0839999999999999,-2.549736936302885e-09,0.1998472244836177,0.026089266,0.11558069,0.0,0.102065065,COMPLETED,True,other,0.010029296875,0.099984375,0.0002959320009319,1.809176921335495e-21,0.0002959320009319,0.1003652108747782,0.0102428544206673,,21.28633757901844,assets/pinn_supersonic/atlas2d_v1_continuousM/N76/basin_T401_failure/basin_0097_0194.csv,0.04,0.0839999999999999,0.04,0.084,0.10036521087477827,0.010242854420667354,True,False,UNAVAILABLE,0.03450906376591528
133,8,5,1.15,0.06,0.04,0.09,-2.549736936302885e-09,0.1998472244836177,0.026089266,0.11558069,0.0,0.102065065,COMPLETED,True,other,0.010029296875,0.1031197916666666,0.0002821551489487,1.8976515782952338e-21,0.0002821551489487,0.0972459927519319,0.0100846043129248,,21.189528474002145,assets/pinn_supersonic/atlas2d_v1_continuousM/N76/basin_T401_failure/basin_0097_0194.csv,0.04,0.09,0.04,0.09,0.09724599275193202,0.010084604312924846,True,False,UNAVAILABLE,0.02911878228909994
158,8,6,1.15,0.06,0.04,0.096,-2.549736936302885e-09,0.1998472244836177,0.026089266,0.11558069,0.0,0.102065065,COMPLETED,True,other,0.010029296875,0.1031197916666666,0.0002821551489487,1.8976515782952338e-21,0.0002821551489487,0.0972459927519319,0.0100846043129248,,21.17407470394392,assets/pinn_supersonic/atlas2d_v1_continuousM/N76/basin_T401_failure/basin_0097_0194.csv,0.04,0.096,0.04,0.096,0.09724599275193202,0.010084604312924846,True,False,UNAVAILABLE,0.02401939803575435
183,8,7,1.15,0.06,0.04,0.102,-2.549736936302885e-09,0.1998472244836177,0.026089266,0.11558069,0.0,0.102065065,COMPLETED,True,other,0.010029296875,0.1031197916666666,0.0002821551489487,1.8976515782952338e-21,0.0002821551489487,0.0972459927519319,0.0100846043129248,,21.243318574037403,assets/pinn_supersonic/atlas2d_v1_continuousM/N76/basin_T401_failure/basin_0097_0194.csv,0.04,0.102,0.04,0.102,0.09724599275193202,0.010084604312924846,True,False,UNAVAILABLE,0.019441180056776395
208,8,8,1.15,0.06,0.04,0.108,-2.549736936302885e-09,0.1998472244836177,0.026089266,0.11558069,0.0,0.102065065,COMPLETED,True,other,0.010029296875,0.1031197916666666,0.0002821551489487,1.897690269358837e-21,0.0002821551489487,0.0972459927519319,0.0100846043129248,,21.58677968999837,assets/pinn_supersonic/atlas2d_v1_continuousM/N76/basin_T401_failure/basin_0194_0291.csv,0.04,0.108,0.04,0.108,0.09724599275193202,0.010084604312924846,True,False,UNAVAILABLE,0.015842584448252123
233,8,9,1.15,0.06,0.04,0.1139999999999999,-2.549736936302885e-09,0.1998472244836177,0.026089266,0.11558069,0.0,0.102065065,COMPLETED,True,other,0.010029296875,0.1033489583333333,0.0002822224146269,1.904079696578405e-21,0.0002822224146269,0.0970180509851756,0.0101111412757543,,25.78617667092476,assets/pinn_supersonic/atlas2d_v1_continuousM/N76/basin_T401_failure/basin_0194_0291.csv,0.04,0.1139999999999999,0.04,0.114,0.0970180509851757,0.010111141275754307,True,False,UNAVAILABLE,0.014000552917652943
258,8,10,1.15,0.06,0.04,0.12,-2.549736936302885e-09,0.1998472244836177,0.026089266,0.11558069,0.0,0.102065065,COMPLETED,True,other,0.010029296875,0.1040156249999999,0.000283197796158,1.922922912323895e-21,0.000283197796158,0.0963549807043702,0.0102172148905895,,21.47849882498849,assets/pinn_supersonic/atlas2d_v1_continuousM/N76/basin_T401_failure/basin_0194_0291.csv,0.04,0.12,0.04,0.12,0.09635498070437025,0.010217214890589528,True,False,UNAVAILABLE,0.014596009112082656
283,8,11,1.15,0.06,0.04,0.126,-2.549736936302885e-09,0.1998472244836177,0.026089266,0.11558069,0.0,0.102065065,COMPLETED,True,other,0.010029296875,0.1100156249999999,0.0003323237262042,2.0899412754374225e-21,0.0003323237262042,0.0903897290223625,0.0127983670880501,,21.427587643032894,assets/pinn_supersonic/atlas2d_v1_continuousM/N76/basin_T401_failure/basin_0194_0291.csv,0.04,0.126,0.04,0.126,0.09038972902236266,0.012798367088050067,True,False,UNAVAILABLE,0.01738020373873678
308,8,12,1.15,0.06,0.04,0.132,-2.549736936302885e-09,0.1998472244836177,0.026089266,0.11558069,0.0,0.102065065,COMPLETED,True,other,0.010029296875,0.1160156249999999,0.0004160000643073,2.251633099638111e-21,0.0004160000643073,0.0844294019813756,0.0171815284570518,,21.764011391089294,assets/pinn_supersonic/atlas2d_v1_continuousM/N76/basin_T401_failure/basin_0291_0388.csv,0.04,0.132,0.04,0.132,0.08442940198137575,0.017181528457051835,True,False,UNAVAILABLE,0.02151974632750117
333,8,13,1.15,0.06,0.04,0.138,-2.549736936302885e-09,0.1998472244836177,0.026089266,0.11558069,0.0,0.102065065,COMPLETED,True,other,0.010029296875,0.1220156249999999,0.0005015002494776,2.4068705775082518e-21,0.0005015002494776,0.0784751216955368,0.0223296135237599,,21.62044592399616,assets/pinn_supersonic/atlas2d_v1_continuousM/N76/basin_T401_failure/basin_0291_0388.csv,0.04,0.138,0.04,0.138,0.07847512169553686,0.0223296135237599,True,False,UNAVAILABLE,0.026384227902290423
358,8,14,1.15,0.06,0.04,0.144,-2.549736936302885e-09,0.1998472244836177,0.026089266,0.11558069,0.0,0.102065065,COMPLETED,True,other,0.010029296875,0.1280156249999999,0.0005761666190785,2.552812172113809e-21,0.0005761666190785,0.0725283774210198,0.0278211854549816,,21.80989650497213,assets/pinn_supersonic/atlas2d_v1_continuousM/N76/basin_T401_failure/basin_0291_0388.csv,0.04,0.144,0.04,0.144,0.07252837742101989,0.02782118545498161,True,False,UNAVAILABLE,0.031641041101708386
383,8,15,1.15,0.06,0.04,0.15,-2.549736936302885e-09,0.1998472244836177,0.026089266,0.11558069,0.0,0.102065065,COMPLETED,True,other,0.010029296875,0.165984375,0.0006403025307925,3.3012220396113602e-21,0.0006403025307925,0.0353168433201663,0.0647013522786269,,21.157227501040325,assets/pinn_supersonic/atlas2d_v1_continuousM/N76/basin_T401_failure/basin_0291_0388.csv,0.04,0.15,0.04,0.15,0.03531684332016632,0.06470135227862694,True,False,UNAVAILABLE,0.03712389368048561
408,8,16,1.15,0.06,0.04,0.156,-2.549736936302885e-09,0.1998472244836177,0.026089266,0.11558069,0.0,0.102065065,COMPLETED,True,other,0.010029296875,0.171984375,0.0005841076626822,3.377645062037696e-21,0.0005841076626822,0.0296129233325209,0.070634953859141,,20.698567829094827,assets/pinn_supersonic/atlas2d_v1_continuousM/N76/basin_T401_failure/basin_0388_0485.csv,0.04,0.156,0.04,0.156,0.029612923332520948,0.07063495385914105,True,False,UNAVAILABLE,0.04274589432916335
433,8,17,1.15,0.06,0.04,0.162,-2.549736936302885e-09,0.1998472244836177,0.026089266,0.11558069,0.0,0.102065065,COMPLETED,True,other,0.010029296875,0.177984375,0.0005125600174316,3.4298250978757176e-21,0.0005125600174316,0.0240535035804422,0.0765789032742242,,20.62269079999533,assets/pinn_supersonic/atlas2d_v1_continuousM/N76/basin_T401_failure/basin_0388_0485.csv,0.04,0.162,0.04,0.162,0.02405350358044231,0.07657890327422419,True,False,UNAVAILABLE,0.04845863681532942
458,8,18,1.15,0.06,0.04,0.1679999999999999,-2.549736936302885e-09,0.1998472244836177,0.026089266,0.11558069,0.0,0.102065065,COMPLETED,True,other,0.010029296875,0.183984375,0.0004294505507613,3.464136953991409e-21,0.0004294505507613,0.0187674409734235,0.0825309647749436,,20.59704789496027,assets/pinn_supersonic/atlas2d_v1_continuousM/N76/basin_T401_failure/basin_0388_0485.csv,0.04,0.1679999999999999,0.04,0.168,0.018767440973423588,0.08253096477494362,True,False,UNAVAILABLE,0.0542334535319298
483,8,19,1.15,0.06,0.04,0.174,-2.549736936302885e-09,0.1998472244836177,0.026089266,0.11558069,0.0,0.102065065,COMPLETED,True,other,0.010029296875,0.189984375,0.0003438522163864,3.4875434835545694e-21,0.0003438522163864,0.0140663658024212,0.0884895014489458,,20.411725188954733,assets/pinn_supersonic/atlas2d_v1_continuousM/N76/basin_T401_failure/basin_0388_0485.csv,0.04,0.174,0.04,0.174,0.014066365802421255,0.08848950144894584,True,False,UNAVAILABLE,0.06005243943421448
508,8,20,1.15,0.06,0.04,0.18,-2.549736936302885e-09,0.1998472244836177,0.026089266,0.11558069,0.0,0.102065065,COMPLETED,True,other,0.010029296875,0.195984375,0.0002793858590543,3.5093975433365095e-21,0.0002793858590543,0.0107474858959718,0.0944532878553361,,21.400636915001087,assets/pinn_supersonic/atlas2d_v1_continuousM/N76/basin_T401_failure/basin_0485_0582.csv,0.04,0.18,0.04,0.18,0.010747485895971865,0.0944532878553361,True,False,UNAVAILABLE,0.06590389580290378
533,8,21,1.15,0.06,0.04,0.186,-2.549736936302885e-09,0.1998472244836177,0.026089266,0.11558069,0.0,0.102065065,COMPLETED,True,other,0.010029296875,0.1988697916666666,0.0002694214700188,3.521035275963579e-21,0.0002694214700188,0.0100768160577973,0.0973228744993433,,21.366086911060847,assets/pinn_supersonic/atlas2d_v1_continuousM/N76/basin_T401_failure/basin_0485_0582.csv,0.04,0.186,0.04,0.186,0.010076816057797302,0.09732287449934325,True,False,UNAVAILABLE,0.07177988215370655
558,8,22,1.15,0.06,0.04,0.192,-2.549736936302885e-09,0.1998472244836177,0.026089266,0.11558069,0.0,0.102065065,COMPLETED,True,other,0.010029296875,0.1988697916666666,0.0002694214700188,3.521035275963579e-21,0.0002694214700188,0.0100768160577973,0.0973228744993433,,21.37566608097404,assets/pinn_supersonic/atlas2d_v1_continuousM/N76/basin_T401_failure/basin_0485_0582.csv,0.04,0.192,0.04,0.192,0.010076816057797302,0.09732287449934325,True,False,UNAVAILABLE,0.07767483171529888
583,8,23,1.15,0.06,0.04,0.198,-2.549736936302885e-09,0.1998472244836177,0.026089266,0.11558069,0.0,0.102065065,COMPLETED,True,other,0.010029296875,0.1988697916666666,0.0002694214700188,3.521035275963579e-21,0.0002694214700188,0.0100768160577973,0.0973228744993433,,20.27095624199137,assets/pinn_supersonic/atlas2d_v1_continuousM/N76/basin_T401_failure/basin_0582_0679.csv,0.04,0.198,0.04,0.198,0.010076816057797302,0.09732287449934325,True,False,UNAVAILABLE,0.08358473234987357
608,8,24,1.15,0.06,0.04,0.204,-2.549736936302885e-09,0.1998472244836177,0.026089266,0.11558069,0.0,0.102065065,COMPLETED,True,other,0.010029296875,0.1988697916666666,0.0002694214700188,3.521035275963579e-21,0.0002694214700188,0.0100768160577973,0.0973228744993433,,20.19264533207752,assets/pinn_supersonic/atlas2d_v1_continuousM/N76/basin_T401_failure/basin_0582_0679.csv,0.04,0.204,0.04,0.204,0.010076816057797302,0.09732287449934325,True,False,UNAVAILABLE,0.08950662255945085
633,8,25,1.15,0.06,0.04,0.21,-2.549736936302885e-09,0.1998472244836177,0.026089266,0.11558069,0.0,0.102065065,COMPLETED,True,other,0.010029296875,0.1988697916666666,0.0002694214700188,3.521035275963579e-21,0.0002694214700188,0.0100768160577973,0.0973228744993433,,20.077148792915978,assets/pinn_supersonic/atlas2d_v1_continuousM/N76/basin_T401_failure/basin_0582_0679.csv,0.04,0.21,0.04,0.21,0.010076816057797302,0.09732287449934325,True,False,UNAVAILABLE,0.09543827053127062
658,8,26,1.15,0.06,0.04,0.216,-2.549736936302885e-09,0.1998472244836177,0.026089266,0.11558069,0.0,0.102065065,COMPLETED,True,other,0.010029296875,0.2000156249999999,0.0002711338624614,3.525621930400498e-21,0.0002711338624614,0.0100307131194619,0.0984626782091594,,20.08920702303294,assets/pinn_supersonic/atlas2d_v1_continuousM/N76/basin_T401_failure/basin_0582_0679.csv,0.04,0.216,0.04,0.216,0.010030713119461966,0.09846267820915935,True,False,UNAVAILABLE,0.10137796349305897
683,8,27,1.15,0.06,0.04,0.222,-2.549736936302885e-09,0.1998472244836177,0.026089266,0.11558069,0.0,0.102065065,COMPLETED,True,other,0.010029296875,0.2060156249999999,0.0003362849356718,3.550769580702766e-21,0.0003362849356718,0.0117743794690647,0.1044332596451938,,20.4117642310448,assets/pinn_supersonic/atlas2d_v1_continuousM/N76/basin_T401_failure/basin_0679_0775.csv,0.04,0.222,0.04,0.222,0.011774379469064723,0.1044332596451938,True,False,UNAVAILABLE,0.10732436574236066
708,8,28,1.15,0.06,0.04,0.228,-2.549736936302885e-09,0.1998472244836177,0.026089266,0.11558069,0.0,0.102065065,COMPLETED,True,other,0.010029296875,0.2120156249999999,0.0004743168070503,3.5641722476103045e-21,0.0004743168070503,0.0157688559533696,0.1104070307549319,,22.09820573905017,assets/pinn_supersonic/atlas2d_v1_continuousM/N76/basin_T401_failure/basin_0679_0775.csv,0.04,0.228,0.04,0.228,0.015768855953369586,0.11040703075493184,True,False,UNAVAILABLE,0.11327642067968073
733,8,29,1.15,0.06,0.04,0.234,-2.549736936302885e-09,0.1998472244836177,0.026089266,0.11558069,0.0,0.102065065,COMPLETED,True,other,0.010029296875,0.218015625,0.0006554971545199,3.551616432350852e-21,0.0006554971545199,0.0207527738934993,0.116383500377504,,20.230776621960104,assets/pinn_supersonic/atlas2d_v1_continuousM/N76/basin_T401_failure/basin_0679_0775.csv,0.04,0.234,0.04,0.234,0.020752773893499374,0.11638350037750404,True,False,UNAVAILABLE,0.11923328177149198
758,8,30,1.15,0.06,0.04,0.24,-2.549736936302885e-09,0.1998472244836177,0.026089266,0.11558069,0.0,0.102065065,COMPLETED,True,other,0.010029296875,0.2240156249999999,0.00086561325101,3.52588562194921e-21,0.00086561325101,0.0261667428326739,0.1223622731078516,,22.828631895012222,assets/pinn_supersonic/atlas2d_v1_continuousM/N76/basin_T401_failure/basin_0679_0775.csv,0.04,0.24,0.04,0.24,0.02616674283267394,0.12236227310785161,True,False,UNAVAILABLE,0.12519426297558525
9,9,0,1.15,0.06,0.045,0.06,-2.549736936302885e-09,0.1998472244836177,0.026089266,0.11558069,0.0,0.102065065,COMPLETED,True,other,0.015029296875,0.075984375,0.0010684538986107,1.1799431363269205e-21,0.0010684538986107,0.1247713321376337,0.0301011985713689,,22.089210450998507,assets/pinn_supersonic/atlas2d_v1_continuousM/N76/basin_T401_failure/basin_0000_0097.csv,0.045,0.06,0.045,0.06,0.12477133213763379,0.030101198571368955,True,False,UNAVAILABLE,0.05871007990115497
34,9,1,1.15,0.06,0.045,0.066,-2.549736936302885e-09,0.1998472244836177,0.026089266,0.11558069,0.0,0.102065065,COMPLETED,True,other,0.015029296875,0.081984375,0.0008483695195409,1.344444666924118e-21,0.0008483695195409,0.1188172173112815,0.0250821425606542,,22.038654752075672,assets/pinn_supersonic/atlas2d_v1_continuousM/N76/basin_T401_failure/basin_0000_0097.csv,0.045,0.066,0.045,0.066,0.1188172173112816,0.025082142560654278,True,False,UNAVAILABLE,0.05306506837835979
59,9,2,1.15,0.06,0.045,0.072,-2.549736936302885e-09,0.1998472244836177,0.026089266,0.11558069,0.0,0.102065065,COMPLETED,True,other,0.015029296875,0.087984375,0.0006617893379351,1.5116552026678296e-21,0.0006617893379351,0.1128679623976303,0.0205947953481695,,21.82217951596249,assets/pinn_supersonic/atlas2d_v1_continuousM/N76/basin_T401_failure/basin_0000_0097.csv,0.045,0.072,0.045,0.072,0.11286796239763038,0.020594795348169513,True,False,UNAVAILABLE,0.047507151903687095
84,9,3,1.15,0.06,0.045,0.078,-2.549736936302885e-09,0.1998472244836177,0.026089266,0.11558069,0.0,0.102065065,COMPLETED,True,other,0.015029296875,0.093984375,0.0005192646064208,1.6812260607270608e-21,0.0005192646064208,0.1069243786139975,0.0170639185251507,,21.773387742927294,assets/pinn_supersonic/atlas2d_v1_continuousM/N76/basin_T401_failure/basin_0000_0097.csv,0.045,0.078,0.045,0.078,0.10692437861399753,0.017063918525150806,True,False,UNAVAILABLE,0.04207086262486188
109,9,4,1.15,0.06,0.045,0.0839999999999999,-2.549736936302885e-09,0.1998472244836177,0.026089266,0.11558069,0.0,0.102065065,COMPLETED,True,other,0.015029296875,0.099984375,0.0004357305016035,1.8529590802284957e-21,0.0004357305016035,0.1009874672827577,0.0151726410170736,,21.309597867075357,assets/pinn_supersonic/atlas2d_v1_continuousM/N76/basin_T401_failure/basin_0097_0194.csv,0.045,0.0839999999999999,0.045,0.084,0.10098746728275781,0.01517264101707362,True,False,UNAVAILABLE,0.03681012743797563
134,9,5,1.15,0.06,0.045,0.09,-2.549736936302885e-09,0.1998472244836177,0.026089266,0.11558069,0.0,0.102065065,COMPLETED,True,other,0.015029296875,0.104484375,0.0004175620346351,1.9822626073364296e-21,0.0004175620346351,0.0965399031635805,0.0152227732503964,,21.222542835981585,assets/pinn_supersonic/atlas2d_v1_continuousM/N76/basin_T401_failure/basin_0097_0194.csv,0.045,0.09,0.045,0.09,0.0965399031635806,0.01522277325039642,True,False,UNAVAILABLE,0.031812159341987466
159,9,6,1.15,0.06,0.045,0.096,-2.549736936302885e-09,0.1998472244836177,0.026089266,0.11558069,0.0,0.102065065,COMPLETED,True,other,0.015029296875,0.104484375,0.0004175620346351,1.9822626073364296e-21,0.0004175620346351,0.0965399031635805,0.0152227732503964,,21.22302669298369,assets/pinn_supersonic/atlas2d_v1_continuousM/N76/basin_T401_failure/basin_0097_0194.csv,0.045,0.096,0.045,0.096,0.0965399031635806,0.01522277325039642,True,False,UNAVAILABLE,0.02722207710664269
184,9,7,1.15,0.06,0.045,0.102,-2.549736936302885e-09,0.1998472244836177,0.026089266,0.11558069,0.0,0.102065065,COMPLETED,True,other,0.015029296875,0.1046822916666666,0.0004175941372639,1.98768383953461e-21,0.0004175941372639,0.0963444045041184,0.0152554790151471,,21.24879169696942,assets/pinn_supersonic/atlas2d_v1_continuousM/N76/basin_T401_failure/basin_0097_0194.csv,0.045,0.102,0.045,0.102,0.09634440450411853,0.015255479015147165,True,False,UNAVAILABLE,0.023282385659549584
209,9,8,1.15,0.06,0.045,0.108,-2.549736936302885e-09,0.1998472244836177,0.026089266,0.11558069,0.0,0.102065065,COMPLETED,True,other,0.015029296875,0.104484375,0.0004175620346351,1.981867186863383e-21,0.0004175620346351,0.0965399031635806,0.0152227732503964,,21.615003237035125,assets/pinn_supersonic/atlas2d_v1_continuousM/N76/basin_T401_failure/basin_0194_0291.csv,0.045,0.108,0.045,0.108,0.0965399031635806,0.01522277325039642,True,False,UNAVAILABLE,0.020373941248565532
234,9,9,1.15,0.06,0.045,0.1139999999999999,-2.549736936302885e-09,0.1998472244836177,0.026089266,0.11558069,0.0,0.102065065,COMPLETED,True,other,0.015029296875,0.104484375,0.0004175620346351,1.981867186863383e-21,0.0004175620346351,0.0965399031635806,0.0152227732503964,,25.76326431997586,assets/pinn_supersonic/atlas2d_v1_continuousM/N76/basin_T401_failure/basin_0194_0291.csv,0.045,0.1139999999999999,0.045,0.114,0.0965399031635806,0.01522277325039642,True,False,UNAVAILABLE,0.018976972413954768
259,9,10,1.15,0.06,0.045,0.12,-2.549736936302885e-09,0.1998472244836177,0.026089266,0.11558069,0.0,0.102065065,COMPLETED,True,other,0.015029296875,0.104484375,0.0004175620346351,1.981867186863383e-21,0.0004175620346351,0.0965399031635806,0.0152227732503964,,21.54505836602766,assets/pinn_supersonic/atlas2d_v1_continuousM/N76/basin_T401_failure/basin_0194_0291.csv,0.045,0.12,0.045,0.12,0.0965399031635806,0.01522277325039642,True,False,UNAVAILABLE,0.019420439799345428
284,9,11,1.15,0.06,0.045,0.126,-2.549736936302885e-09,0.1998472244836177,0.026089266,0.11558069,0.0,0.102065065,COMPLETED,True,other,0.015029296875,0.1100156249999999,0.0004394260986995,2.1383337770770348e-21,0.0004394260986995,0.0910801630816694,0.0170026812259268,,21.39814103592653,assets/pinn_supersonic/atlas2d_v1_continuousM/N76/basin_T401_failure/basin_0194_0291.csv,0.045,0.126,0.045,0.126,0.09108016308166954,0.017002681225926786,True,False,UNAVAILABLE,0.021591236231397217
309,9,12,1.15,0.06,0.045,0.132,-2.549736936302885e-09,0.1998472244836177,0.026089266,0.11558069,0.0,0.102065065,COMPLETED,True,other,0.015029296875,0.1160156249999999,0.0004946977409431,2.302534054316303e-21,0.0004946977409431,0.0851681684268253,0.0205060451786902,,21.68985673598945,assets/pinn_supersonic/atlas2d_v1_continuousM/N76/basin_T401_failure/basin_0291_0388.csv,0.045,0.132,0.045,0.132,0.08516816842682544,0.020506045178690164,True,False,UNAVAILABLE,0.02504415065439433
334,9,13,1.15,0.06,0.045,0.138,-2.549736936302885e-09,0.1998472244836177,0.026089266,0.11558069,0.0,0.102065065,COMPLETED,True,other,0.015029296875,0.1220156249999999,0.0005596979921927,2.4579899220171666e-21,0.0005596979921927,0.0792693996405717,0.0249780825699348,,21.797722366987728,assets/pinn_supersonic/atlas2d_v1_continuousM/N76/basin_T401_failure/basin_0291_0388.csv,0.045,0.138,0.045,0.138,0.07926939964057184,0.02497808256993481,True,False,UNAVAILABLE,0.029329805352235127
359,9,14,1.15,0.06,0.045,0.144,-2.549736936302885e-09,0.1998472244836177,0.026089266,0.11558069,0.0,0.102065065,COMPLETED,True,other,0.015029296875,0.1280156249999999,0.0006206690539301,2.604679855518181e-21,0.0006206690539301,0.0733870460338421,0.029988519951316,,21.808747383067384,assets/pinn_supersonic/atlas2d_v1_continuousM/N76/basin_T401_failure/basin_0291_0388.csv,0.045,0.144,0.045,0.144,0.07338704603384222,0.02998851995131604,True,False,UNAVAILABLE,0.03413598514764147
384,9,15,1.15,0.06,0.045,0.15,-2.549736936302885e-09,0.1998472244836177,0.026089266,0.11558069,0.0,0.102065065,COMPLETED,True,other,0.015029296875,0.165984375,0.0006732532505586,3.349571438088326e-21,0.0006732532505586,0.0370482444435433,0.0656624546863197,,21.221313021029346,assets/pinn_supersonic/atlas2d_v1_continuousM/N76/basin_T401_failure/basin_0291_0388.csv,0.045,0.15,0.045,0.15,0.03704824444354342,0.06566245468631968,True,False,UNAVAILABLE,0.039272044535521695
409,9,16,1.15,0.06,0.045,0.156,-2.549736936302885e-09,0.1998472244836177,0.026089266,0.11558069,0.0,0.102065065,COMPLETED,True,other,0.015029296875,0.171984375,0.0006244331364646,3.419741433656494e-21,0.0006244331364646,0.0316578303511963,0.0715163594951042,,20.74041454005055,assets/pinn_supersonic/atlas2d_v1_continuousM/N76/basin_T401_failure/basin_0388_0485.csv,0.045,0.156,0.045,0.156,0.03165783035119642,0.07151635949510422,True,False,UNAVAILABLE,0.0446242252817906
434,9,17,1.15,0.06,0.045,0.162,-2.549736936302885e-09,0.1998472244836177,0.026089266,0.11558069,0.0,0.102065065,COMPLETED,True,other,0.015029296875,0.177984375,0.000564304900825,3.468006416916853e-21,0.000564304900825,0.0265304358943029,0.0773926443238179,,20.683810801943764,assets/pinn_supersonic/atlas2d_v1_continuousM/N76/basin_T401_failure/basin_0388_0485.csv,0.045,0.162,0.045,0.162,0.026530435894302987,0.07739264432381791,True,False,UNAVAILABLE,0.05012334268581855
459,9,18,1.15,0.06,0.045,0.1679999999999999,-2.549736936302885e-09,0.1998472244836177,0.026089266,0.11558069,0.0,0.102065065,COMPLETED,True,other,0.015029296875,0.183984375,0.0004983977327916,3.5017198346695884e-21,0.0004983977327916,0.0218519984197854,0.0832865722396653,,20.67691001901403,assets/pinn_supersonic/atlas2d_v1_continuousM/N76/basin_T401_failure/basin_0388_0485.csv,0.045,0.1679999999999999,0.045,0.168,0.0218519984197855,0.08328657223966529,True,False,UNAVAILABLE,0.055725913918032687
484,9,19,1.15,0.06,0.045,0.174,-2.549736936302885e-09,0.1998472244836177,0.026089266,0.11558069,0.0,0.102065065,COMPLETED,True,other,0.015029296875,0.189984375,0.0004374906843685,3.528892402563138e-21,0.0004374906843685,0.0179765302863176,0.0891946457778323,,20.449526284937747,assets/pinn_supersonic/atlas2d_v1_continuousM/N76/basin_T401_failure/basin_0388_0485.csv,0.045,0.174,0.045,0.174,0.017976530286317644,0.08919464577783236,True,False,UNAVAILABLE,0.06140362759642135
509,9,20,1.15,0.06,0.045,0.18,-2.549736936302885e-09,0.1998472244836177,0.026089266,0.11558069,0.0,0.102065065,COMPLETED,True,other,0.015029296875,0.195984375,0.0004012277411257,3.559136665448429e-21,0.0004012277411257,0.0155177784277093,0.0951142289851155,,21.415334835997783,assets/pinn_supersonic/atlas2d_v1_continuousM/N76/basin_T401_failure/basin_0485_0582.csv,0.045,0.18,0.045,0.18,0.01551777842770941,0.0951142289851155,True,False,UNAVAILABLE,0.06713742236636731
534,9,21,1.15,0.06,0.045,0.186,-2.549736936302885e-09,0.1998472244836177,0.026089266,0.11558069,0.0,0.102065065,COMPLETED,True,other,0.015029296875,0.1966510416666667,0.0003998719551259,3.5622105976496984e-21,0.0003998719551259,0.015365397027014,0.0957725782598761,,21.454458993976004,assets/pinn_supersonic/atlas2d_v1_continuousM/N76/basin_T401_failure/basin_0485_0582.csv,0.045,0.186,0.045,0.186,0.015365397027014005,0.09577257825987615,True,False,UNAVAILABLE,0.07291406916363946
559,9,22,1.15,0.06,0.045,0.192,-2.549736936302885e-09,0.1998472244836177,0.026089266,0.11558069,0.0,0.102065065,COMPLETED,True,other,0.015029296875,0.1973177083333333,0.0003991875537236,3.5659753209489576e-21,0.0003991875537236,0.0152406788940961,0.0964310418202774,,21.46497974090744,assets/pinn_supersonic/atlas2d_v1_continuousM/N76/basin_T401_failure/basin_0485_0582.csv,0.045,0.192,0.045,0.192,0.015240678894096138,0.09643104182027742,True,False,UNAVAILABLE,0.07872413532075154
584,9,23,1.15,0.06,0.045,0.198,-2.549736936302885e-09,0.1998472244836177,0.026089266,0.11558069,0.0,0.102065065,COMPLETED,True,other,0.015029296875,0.1976302083333333,0.0003991070398148,3.567354449393094e-21,0.0003991070398148,0.015191938711337,0.0967397352946421,,20.23417944193352,assets/pinn_supersonic/atlas2d_v1_continuousM/N76/basin_T401_failure/basin_0582_0679.csv,0.045,0.198,0.045,0.198,0.015191938711337002,0.09673973529464211,True,False,UNAVAILABLE,0.08456073250628805
609,9,24,1.15,0.06,0.045,0.204,-2.549736936302885e-09,0.1998472244836177,0.026089266,0.11558069,0.0,0.102065065,COMPLETED,True,other,0.015029296875,0.1976302083333333,0.0003991070398148,3.567354449393094e-21,0.0003991070398148,0.015191938711337,0.0967397352946421,,20.252450191997923,assets/pinn_supersonic/atlas2d_v1_continuousM/N76/basin_T401_failure/basin_0582_0679.csv,0.045,0.204,0.045,0.204,0.015191938711337002,0.09673973529464211,True,False,UNAVAILABLE,0.0904187230721602
634,9,25,1.15,0.06,0.045,0.21,-2.549736936302885e-09,0.1998472244836177,0.026089266,0.11558069,0.0,0.102065065,COMPLETED,True,other,0.015029296875,0.1976302083333332,0.0003991070398149,3.5673014010610155e-21,0.0003991070398149,0.015191938711337,0.096739735294642,,20.14419786294457,assets/pinn_supersonic/atlas2d_v1_continuousM/N76/basin_T401_failure/basin_0582_0679.csv,0.045,0.21,0.045,0.21,0.015191938711337019,0.096739735294642,True,False,UNAVAILABLE,0.09629420274346737
659,9,26,1.15,0.06,0.045,0.216,-2.549736936302885e-09,0.1998472244836177,0.026089266,0.11558069,0.0,0.102065065,COMPLETED,True,other,0.015029296875,0.2000156249999999,0.0004038783378522,3.580575760728396e-21,0.0004038783378522,0.0150302428434245,0.0990968817313162,,20.12394998804666,assets/pinn_supersonic/atlas2d_v1_continuousM/N76/basin_T401_failure/basin_0582_0679.csv,0.045,0.216,0.045,0.216,0.01503024284342458,0.09909688173131617,True,False,UNAVAILABLE,0.10218415475013726
684,9,27,1.15,0.06,0.045,0.222,-2.549736936302885e-09,0.1998472244836177,0.026089266,0.11558069,0.0,0.102065065,COMPLETED,True,other,0.015029296875,0.2060156249999999,0.0004609468120827,3.609385869557615e-21,0.0004609468120827,0.0162458919770169,0.105031417627634,,20.45086983998772,assets/pinn_supersonic/atlas2d_v1_continuousM/N76/basin_T401_failure/basin_0679_0775.csv,0.045,0.222,0.045,0.222,0.016245891977016907,0.10503141762763399,True,False,UNAVAILABLE,0.10808621319113738
709,9,28,1.15,0.06,0.045,0.228,-2.549736936302885e-09,0.1998472244836177,0.026089266,0.11558069,0.0,0.102065065,COMPLETED,True,other,0.015029296875,0.2120156249999999,0.0005775167504152,3.6150976613152926e-21,0.0005775167504152,0.019337781990846,0.1109729940520236,,25.01529939402826,assets/pinn_supersonic/atlas2d_v1_continuousM/N76/basin_T401_failure/basin_0679_0775.csv,0.045,0.228,0.045,0.228,0.019337781990846025,0.1109729940520236,True,False,UNAVAILABLE,0.1139984977181717
734,9,29,1.15,0.06,0.045,0.234,-2.549736936302885e-09,0.1998472244836177,0.026089266,0.11558069,0.0,0.102065065,COMPLETED,True,other,0.015029296875,0.218015625,0.0007390966650737,3.59973414711312e-21,0.0007390966650737,0.0235790292107643,0.116920537669267,,20.24957844393793,assets/pinn_supersonic/atlas2d_v1_continuousM/N76/basin_T401_failure/basin_0679_0775.csv,0.045,0.234,0.045,0.234,0.023579029210764352,0.116920537669267,True,False,UNAVAILABLE,0.11991949583783282
759,9,30,1.15,0.06,0.045,0.24,-2.549736936302885e-09,0.1998472244836177,0.026089266,0.11558069,0.0,0.102065065,COMPLETED,True,other,0.015029296875,0.2240156249999999,0.0009339394218394,3.565444957929465e-21,0.0009339394218394,0.02846034828878,0.1228731819758505,,20.279733596020375,assets/pinn_supersonic/atlas2d_v1_continuousM/N76/basin_T401_failure/basin_0679_0775.csv,0.045,0.24,0.045,0.24,0.028460348288779996,0.12287318197585047,True,False,UNAVAILABLE,0.12584797766352862
10,10,0,1.15,0.06,0.05,0.06,-2.549736936302885e-09,0.1998472244836177,0.026089266,0.11558069,0.0,0.102065065,COMPLETED,True,other,0.020029296875,0.075984375,0.0011603368709801,1.2146084423600562e-21,0.0011603368709801,0.1254718228035565,0.0328842686429694,,22.069654603954405,assets/pinn_supersonic/atlas2d_v1_continuousM/N76/basin_T401_failure/basin_0000_0097.csv,0.05,0.06,0.05,0.06,0.12547182280355657,0.03288426864296946,True,False,UNAVAILABLE,0.060506061531056546
35,10,1,1.15,0.06,0.05,0.066,-2.549736936302885e-09,0.1998472244836177,0.026089266,0.11558069,0.0,0.102065065,COMPLETED,True,other,0.020029296875,0.081984375,0.0009540733067697,1.3834781316588732e-21,0.0009540733067697,0.1195525998205128,0.028362066994191,,21.976963452994823,assets/pinn_supersonic/atlas2d_v1_continuousM/N76/basin_T401_failure/basin_0000_0097.csv,0.05,0.066,0.05,0.066,0.11955259982051283,0.02836206699419111,True,False,UNAVAILABLE,0.05504554007365175
60,10,2,1.15,0.06,0.05,0.072,-2.549736936302885e-09,0.1998472244836177,0.026089266,0.11558069,0.0,0.102065065,COMPLETED,True,other,0.020029296875,0.087984375,0.0007828908443022,1.5544984403787745e-21,0.0007828908443022,0.1136418493779482,0.0244834344850346,,21.84821106295567,assets/pinn_supersonic/atlas2d_v1_continuousM/N76/basin_T401_failure/basin_0000_0097.csv,0.05,0.072,0.05,0.072,0.11364184937794823,0.024483434485034664,True,False,UNAVAILABLE,0.04970955121503312
85,10,3,1.15,0.06,0.05,0.078,-2.549736936302885e-09,0.1998472244836177,0.026089266,0.11558069,0.0,0.102065065,COMPLETED,True,other,0.020029296875,0.093984375,0.0006544605750454,1.7263920835962106e-21,0.0006544605750454,0.10774096591472,0.0215979231451309,,21.843005626113158,assets/pinn_supersonic/atlas2d_v1_continuousM/N76/basin_T401_failure/basin_0000_0097.csv,0.05,0.078,0.05,0.078,0.10774096591472003,0.02159792314513099,True,False,UNAVAILABLE,0.04454287240401095
110,10,4,1.15,0.06,0.05,0.0839999999999999,-2.549736936302885e-09,0.1998472244836177,0.026089266,0.11558069,0.0,0.102065065,COMPLETED,True,other,0.020029296875,0.099984375,0.0005763301600668,1.899857598431616e-21,0.0005763301600668,0.1018516644067903,0.0201370803291585,,21.36606806400232,assets/pinn_supersonic/atlas2d_v1_continuousM/N76/basin_T401_failure/basin_0097_0194.csv,0.05,0.0839999999999999,0.05,0.084,0.10185166440679037,0.020137080329158567,True,False,UNAVAILABLE,0.03961180988038803
135,10,5,1.15,0.06,0.05,0.09,-2.549736936302885e-09,0.1998472244836177,0.026089266,0.11558069,0.0,0.102065065,COMPLETED,True,other,0.020029296875,0.105984375,0.0005497247422408,2.074054869517389e-21,0.0005497247422408,0.0959760769599905,0.0204091578509007,,21.230492255068384,assets/pinn_supersonic/atlas2d_v1_continuousM/N76/basin_T401_failure/basin_0097_0194.csv,0.05,0.09,0.05,0.09,0.09597607695999058,0.02040915785090078,True,False,UNAVAILABLE,0.03501604606462586
160,10,6,1.15,0.06,0.05,0.096,-2.549736936302885e-09,0.1998472244836177,0.026089266,0.11558069,0.0,0.102065065,COMPLETED,True,other,0.020029296875,0.1066822916666666,0.0005496119576393,2.094044276492337e-21,0.0005496119576393,0.0952936385192252,0.0205545984003157,,21.13524846406653,assets/pinn_supersonic/atlas2d_v1_continuousM/N76/basin_T401_failure/basin_0097_0194.csv,0.05,0.096,0.05,0.096,0.0952936385192253,0.02055459840031573,True,False,UNAVAILABLE,0.030905525104744622
185,10,7,1.15,0.06,0.05,0.102,-2.549736936302885e-09,0.1998472244836177,0.026089266,0.11558069,0.0,0.102065065,COMPLETED,True,other,0.020029296875,0.1073489583333333,0.0005500090970623,2.112945409024982e-21,0.0005500090970623,0.0946419678380294,0.0207145422847073,,21.238017497002147,assets/pinn_supersonic/atlas2d_v1_continuousM/N76/basin_T401_failure/basin_0097_0194.csv,0.05,0.102,0.05,0.102,0.09464196783802953,0.020714542284707354,True,False,UNAVAILABLE,0.02749871782465503
210,10,8,1.15,0.06,0.05,0.108,-2.549736936302885e-09,0.1998472244836177,0.026089266,0.11558069,0.0,0.102065065,COMPLETED,True,other,0.020029296875,0.1080156249999999,0.0005508753283552,2.1320955029038705e-21,0.0005508753283552,0.0939905074949877,0.0208945422926774,,21.683577132993378,assets/pinn_supersonic/atlas2d_v1_continuousM/N76/basin_T401_failure/basin_0194_0291.csv,0.05,0.108,0.05,0.108,0.0939905074949878,0.02089454229267738,True,False,UNAVAILABLE,0.02508400849146723
235,10,9,1.15,0.06,0.05,0.1139999999999999,-2.549736936302885e-09,0.1998472244836177,0.026089266,0.11558069,0.0,0.102065065,COMPLETED,True,other,0.020029296875,0.1086822916666666,0.0005521860510535,2.1510436249224105e-21,0.0005521860510535,0.0933392618942584,0.0210940850018418,,25.80561827099882,assets/pinn_supersonic/atlas2d_v1_continuousM/N76/basin_T401_failure/basin_0194_0291.csv,0.05,0.1139999999999999,0.05,0.114,0.09333926189425848,0.02109408500184183,True,False,UNAVAILABLE,0.023963211011882368
260,10,10,1.15,0.06,0.05,0.12,-2.549736936302885e-09,0.1998472244836177,0.026089266,0.11558069,0.0,0.102065065,COMPLETED,True,other,0.020029296875,0.1093489583333333,0.0005539161326416,2.1703652061180414e-21,0.0005539161326416,0.0926882355623057,0.0213126215045982,,21.4933197600767,assets/pinn_supersonic/atlas2d_v1_continuousM/N76/basin_T401_failure/basin_0194_0291.csv,0.05,0.12,0.05,0.12,0.09268823556230572,0.021312621504598214,True,False,UNAVAILABLE,0.024315910059053928
285,10,11,1.15,0.06,0.05,0.126,-2.549736936302885e-09,0.1998472244836177,0.026089266,0.11558069,0.0,0.102065065,COMPLETED,True,other,0.020029296875,0.1100156249999999,0.0005560401115664,2.1893575735698186e-21,0.0005560401115664,0.0920374331521195,0.0215495739545004,,21.647118163993586,assets/pinn_supersonic/atlas2d_v1_continuousM/N76/basin_T401_failure/basin_0194_0291.csv,0.05,0.126,0.05,0.126,0.09203743315211962,0.02154957395450043,True,False,UNAVAILABLE,0.0260823979342391
310,10,12,1.15,0.06,0.05,0.132,-2.549736936302885e-09,0.1998472244836177,0.026089266,0.11558069,0.0,0.102065065,COMPLETED,True,other,0.020029296875,0.1160156249999999,0.0005887370741701,2.3546934697246936e-21,0.0005887370741701,0.0861911242961098,0.0244088274527983,,21.72170949506108,assets/pinn_supersonic/atlas2d_v1_continuousM/N76/basin_T401_failure/basin_0291_0388.csv,0.05,0.132,0.05,0.132,0.08619112429610995,0.024408827452798345,True,False,UNAVAILABLE,0.029005507787315157
335,10,13,1.15,0.06,0.05,0.138,-2.549736936302885e-09,0.1998472244836177,0.026089266,0.11558069,0.0,0.102065065,COMPLETED,True,other,0.020029296875,0.1220156249999999,0.0006344611243128,2.511382023111754e-21,0.0006344611243128,0.0803674729826939,0.0282700827310512,,21.78162285999861,assets/pinn_supersonic/atlas2d_v1_continuousM/N76/basin_T401_failure/basin_0291_0388.csv,0.05,0.138,0.05,0.138,0.08036747298269406,0.028270082731051232,True,False,UNAVAILABLE,0.03277724030482128
360,10,14,1.15,0.06,0.05,0.144,-2.549736936302885e-09,0.1998472244836177,0.026089266,0.11558069,0.0,0.102065065,COMPLETED,True,other,0.020029296875,0.1280156249999999,0.0006810417478956,2.6573438766514338e-21,0.0006810417478956,0.0745717876936086,0.0327811576613835,,21.84641049208585,assets/pinn_supersonic/atlas2d_v1_continuousM/N76/basin_T401_failure/basin_0291_0388.csv,0.05,0.144,0.05,0.144,0.07457178769360867,0.032781157661383474,True,False,UNAVAILABLE,0.0371399445610787
385,10,15,1.15,0.06,0.05,0.15,-2.549736936302885e-09,0.1998472244836177,0.026089266,0.11558069,0.0,0.102065065,COMPLETED,True,other,0.020029296875,0.165984375,0.0007203829028934,3.396253359935991e-21,0.0007203829028934,0.0393429207176578,0.0669839602008047,,21.200352734071203,assets/pinn_supersonic/atlas2d_v1_continuousM/N76/basin_T401_failure/basin_0291_0388.csv,0.05,0.15,0.05,0.15,0.0393429207176579,0.06698396020080467,True,False,UNAVAILABLE,0.04190946768929426
410,10,16,1.15,0.06,0.05,0.156,-2.549736936302885e-09,0.1998472244836177,0.026089266,0.11558069,0.0,0.102065065,COMPLETED,True,other,0.020029296875,0.171984375,0.0006798871652847,3.461001137229847e-21,0.0006798871652847,0.0343148833131121,0.0727315794148799,,20.762923771049827,assets/pinn_supersonic/atlas2d_v1_continuousM/N76/basin_T401_failure/basin_0388_0485.csv,0.05,0.156,0.05,0.156,0.034314883313112145,0.07273157941487993,True,False,UNAVAILABLE,0.04696202169838943
435,10,17,1.15,0.06,0.05,0.162,-2.549736936302885e-09,0.1998472244836177,0.026089266,0.11558069,0.0,0.102065065,COMPLETED,True,other,0.020029296875,0.177984375,0.0006319750018019,3.506556863105418e-21,0.0006319750018019,0.02965058216948,0.0785169686385241,,20.67227012803778,assets/pinn_supersonic/atlas2d_v1_continuousM/N76/basin_T401_failure/basin_0388_0485.csv,0.05,0.162,0.05,0.162,0.029650582169480074,0.07851696863852416,True,False,UNAVAILABLE,0.052215509975485255
460,10,18,1.15,0.06,0.05,0.1679999999999999,-2.549736936302885e-09,0.1998472244836177,0.026089266,0.11558069,0.0,0.102065065,COMPLETED,True,other,0.020029296875,0.183984375,0.0005828164082706,3.542200894664165e-21,0.0005828164082706,0.0255500064419889,0.084332354907135,,20.61006190895569,assets/pinn_supersonic/atlas2d_v1_continuousM/N76/basin_T401_failure/basin_0388_0485.csv,0.05,0.1679999999999999,0.05,0.168,0.02555000644198896,0.08433235490713506,True,False,UNAVAILABLE,0.05761499355202593
485,10,19,1.15,0.06,0.05,0.174,-2.549736936302885e-09,0.1998472244836177,0.026089266,0.11558069,0.0,0.102065065,COMPLETED,True,other,0.020029296875,0.189984375,0.0005425594626478,3.5760597124979375e-21,0.0005425594626478,0.0223259632576573,0.0901719346813796,,21.5811460360419,assets/pinn_supersonic/atlas2d_v1_continuousM/N76/basin_T401_failure/basin_0485_0582.csv,0.05,0.174,0.05,0.174,0.022325963257657327,0.09017193468137959,True,False,UNAVAILABLE,0.06312301863821151
510,10,20,1.15,0.06,0.05,0.18,-2.549736936302885e-09,0.1998472244836177,0.026089266,0.11558069,0.0,0.102065065,COMPLETED,True,other,0.020029296875,0.1958177083333333,0.0005259757411072,3.61365594208314e-21,0.0005259757411072,0.0204306102662443,0.0958682995848685,,21.44198247406166,assets/pinn_supersonic/atlas2d_v1_continuousM/N76/basin_T401_failure/basin_0485_0582.csv,0.05,0.18,0.05,0.18,0.020430610266244376,0.09586829958486848,True,False,UNAVAILABLE,0.0687134883556351
535,10,21,1.15,0.06,0.05,0.186,-2.549736936302885e-09,0.1998472244836177,0.026089266,0.11558069,0.0,0.102065065,COMPLETED,True,other,0.020029296875,0.1958177083333333,0.0005259757411072,3.61365594208314e-21,0.0005259757411072,0.0204306102662443,0.0958682995848685,,21.45935254101641,assets/pinn_supersonic/atlas2d_v1_continuousM/N76/basin_T401_failure/basin_0485_0582.csv,0.05,0.186,0.05,0.186,0.020430610266244376,0.09586829958486848,True,False,UNAVAILABLE,0.07436781213670333
560,10,22,1.15,0.06,0.05,0.192,-2.549736936302885e-09,0.1998472244836177,0.026089266,0.11558069,0.0,0.102065065,COMPLETED,True,other,0.020029296875,0.191984375,0.0005335702361498,3.5884990037325735e-21,0.0005335702361498,0.0215173705979098,0.0921230429598534,,21.56268739001825,assets/pinn_supersonic/atlas2d_v1_continuousM/N76/basin_T401_failure/basin_0485_0582.csv,0.05,0.192,0.05,0.192,0.021517370597909823,0.09212304295985337,True,False,UNAVAILABLE,0.08007246394360548
585,10,23,1.15,0.06,0.05,0.198,-2.549736936302885e-09,0.1998472244836177,0.026089266,0.11558069,0.0,0.102065065,COMPLETED,True,other,0.020029296875,0.1953177083333333,0.0005261314783745,3.610453151030725e-21,0.0005261314783745,0.0205350761381947,0.0953793909708002,,20.30397011199966,assets/pinn_supersonic/atlas2d_v1_continuousM/N76/basin_T401_failure/basin_0582_0679.csv,0.05,0.198,0.05,0.198,0.020535076138194726,0.09537939097080018,True,False,UNAVAILABLE,0.08581740780284616
610,10,24,1.15,0.06,0.05,0.204,-2.549736936302885e-09,0.1998472244836177,0.026089266,0.11558069,0.0,0.102065065,COMPLETED,True,other,0.020029296875,0.1958177083333333,0.0005259757411072,3.61365594208314e-21,0.0005259757411072,0.0204306102662443,0.0958682995848685,,20.20389186998364,assets/pinn_supersonic/atlas2d_v1_continuousM/N76/basin_T401_failure/basin_0582_0679.csv,0.05,0.204,0.05,0.204,0.020430610266244376,0.09586829958486848,True,False,UNAVAILABLE,0.09159506254160207
635,10,25,1.15,0.06,0.05,0.21,-2.549736936302885e-09,0.1998472244836177,0.026089266,0.11558069,0.0,0.102065065,COMPLETED,True,other,0.020029296875,0.1958177083333333,0.0005259757411072,3.61365594208314e-21,0.0005259757411072,0.0204306102662443,0.0958682995848685,,20.07440744095948,assets/pinn_supersonic/atlas2d_v1_continuousM/N76/basin_T401_failure/basin_0582_0679.csv,0.05,0.21,0.05,0.21,0.020430610266244376,0.09586829958486848,True,False,UNAVAILABLE,0.09739960719633318
660,10,26,1.15,0.06,0.05,0.216,-2.549736936302885e-09,0.1998472244836177,0.026089266,0.11558069,0.0,0.102065065,COMPLETED,True,other,0.020029296875,0.2000156249999999,0.0005363674202511,3.640936996494958e-21,0.0005363674202511,0.0200300073434755,0.0999774221393034,,20.10108929208945,assets/pinn_supersonic/atlas2d_v1_continuousM/N76/basin_T401_failure/basin_0582_0679.csv,0.05,0.216,0.05,0.216,0.02003000734347557,0.09997742213930336,True,False,UNAVAILABLE,0.1032265057143755
685,10,27,1.15,0.06,0.05,0.222,-2.549736936302885e-09,0.1998472244836177,0.026089266,0.11558069,0.0,0.102065065,COMPLETED,True,other,0.020029296875,0.2060156249999999,0.0005920213636359,3.666438093756443e-21,0.0005920213636359,0.0209576239200982,0.1058626074571209,,20.506717275013216,assets/pinn_supersonic/atlas2d_v1_continuousM/N76/basin_T401_failure/basin_0679_0775.csv,0.05,0.222,0.05,0.222,0.020957623920098187,0.10586260745712087,True,False,UNAVAILABLE,0.10907217556278961
710,10,28,1.15,0.06,0.05,0.228,-2.549736936302885e-09,0.1998472244836177,0.026089266,0.11558069,0.0,0.102065065,COMPLETED,True,other,0.020029296875,0.2120156249999999,0.0006962805749503,3.663588297251515e-21,0.0006962805749503,0.0234359298209578,0.1117600034789749,,24.88993967708666,assets/pinn_supersonic/atlas2d_v1_continuousM/N76/basin_T401_failure/basin_0679_0775.csv,0.05,0.228,0.05,0.228,0.023435929820957782,0.11176000347897483,True,False,UNAVAILABLE,0.1149337525794751
735,10,29,1.15,0.06,0.05,0.234,-2.549736936302885e-09,0.1998472244836177,0.026089266,0.11558069,0.0,0.102065065,COMPLETED,True,other,0.020029296875,0.218015625,0.0008426848902652,3.6425985641616475e-21,0.0008426848902652,0.0270418862650046,0.1176677742528534,,21.696511492948048,assets/pinn_supersonic/atlas2d_v1_continuousM/N76/basin_T401_failure/basin_0679_0775.csv,0.05,0.234,0.05,0.234,0.027041886265004665,0.11766777425285345,True,False,UNAVAILABLE,0.12080892136758777
760,10,30,1.15,0.06,0.05,0.24,-2.549736936302885e-09,0.1998472244836177,0.026089266,0.11558069,0.0,0.102065065,COMPLETED,True,other,0.020029296875,0.2240156249999999,0.0010234445263781,3.595312540521374e-21,0.0010234445263781,0.0313892404968013,0.1235844319387376,,21.78737929498311,assets/pinn_supersonic/atlas2d_v1_continuousM/N76/basin_T401_failure/basin_0679_0775.csv,0.05,0.24,0.05,0.24,0.03138924049680132,0.1235844319387376,True,False,UNAVAILABLE,0.126695791098205
11,11,0,1.15,0.06,0.055,0.06,-2.549736936302885e-09,0.1998472244836177,0.026089266,0.11558069,0.0,0.102065065,COMPLETED,True,other,0.0250292968749999,0.075984375,0.0012703783421996,1.249461644805624e-21,0.0012703783421996,0.1263664168673562,0.0361478642928317,,22.21653589594644,assets/pinn_supersonic/atlas2d_v1_continuousM/N76/basin_T401_failure/basin_0000_0097.csv,0.055,0.06,0.055,0.06,0.12636641686735625,0.03614786429283173,True,False,UNAVAILABLE,0.06265056649384745
36,11,1,1.15,0.06,0.055,0.066,-2.549736936302885e-09,0.1998472244836177,0.026089266,0.11558069,0.0,0.102065065,COMPLETED,True,other,0.0250292968749999,0.081984375,0.0010757176400167,1.4229361313561039e-21,0.0010757176400167,0.1204911495425744,0.0320889359894182,,22.081132674939,assets/pinn_supersonic/atlas2d_v1_continuousM/N76/basin_T401_failure/basin_0000_0097.csv,0.055,0.066,0.055,0.066,0.1204911495425745,0.03208893598941821,True,False,UNAVAILABLE,0.057394437727013234
61,11,2,1.15,0.06,0.055,0.072,-2.549736936302885e-09,0.1998472244836177,0.026089266,0.11558069,0.0,0.102065065,COMPLETED,True,other,0.0250292968749999,0.087984375,0.0009157613158355,1.5988635982463088e-21,0.0009157613158355,0.1146288049500981,0.0287181394406563,,21.913859114982188,assets/pinn_supersonic/atlas2d_v1_continuousM/N76/basin_T401_failure/basin_0000_0097.csv,0.055,0.072,0.055,0.072,0.11462880495009811,0.02871813944065631,True,False,UNAVAILABLE,0.05229865659842517
86,11,3,1.15,0.06,0.055,0.078,-2.549736936302885e-09,0.1998472244836177,0.026089266,0.11558069,0.0,0.102065065,COMPLETED,True,other,0.0250292968749999,0.093984375,0.0007954430982346,1.7736526836300167e-21,0.0007954430982346,0.1087814723676979,0.0263013926044417,,21.880356739042327,assets/pinn_supersonic/atlas2d_v1_continuousM/N76/basin_T401_failure/basin_0000_0097.csv,0.055,0.078,0.055,0.078,0.10878147236769792,0.026301392604441684,True,False,UNAVAILABLE,0.047414949984155845
111,11,4,1.15,0.06,0.055,0.0839999999999999,-2.549736936302885e-09,0.1998472244836177,0.026089266,0.11558069,0.0,0.102065065,COMPLETED,True,other,0.0250292968749999,0.099984375,0.0007181521909203,1.9489495169687865e-21,0.0007181521909203,0.1029517097317029,0.025115632043271,,21.3855258950498,assets/pinn_supersonic/atlas2d_v1_continuousM/N76/basin_T401_failure/basin_0097_0194.csv,0.055,0.0839999999999999,0.055,0.084,0.10295170973170292,0.025115632043270972,True,False,UNAVAILABLE,0.04281594892093374
136,11,5,1.15,0.06,0.055,0.09,-2.549736936302885e-09,0.1998472244836177,0.026089266,0.11558069,0.0,0.102065065,COMPLETED,True,other,0.0250292968749999,0.105984375,0.0006825905052633,2.125415900694496e-21,0.0006825905052633,0.0971426803360778,0.025334298745633,,21.29641284304671,assets/pinn_supersonic/atlas2d_v1_continuousM/N76/basin_T401_failure/basin_0097_0194.csv,0.055,0.09,0.055,0.09,0.09714268033607783,0.02533429874563296,True,False,UNAVAILABLE,0.03860354235041132
161,11,6,1.15,0.06,0.055,0.096,-2.549736936302885e-09,0.1998472244836177,0.026089266,0.11558069,0.0,0.102065065,COMPLETED,True,other,0.0250292968749999,0.1093489583333333,0.0006782490968399,2.2235680492262745e-21,0.0006782490968399,0.0938956974834355,0.0260676198404891,,21.155659412033856,assets/pinn_supersonic/atlas2d_v1_continuousM/N76/basin_T401_failure/basin_0097_0194.csv,0.055,0.096,0.055,0.096,0.09389569748343553,0.026067619840489026,True,False,UNAVAILABLE,0.034917924938346494
186,11,7,1.15,0.06,0.055,0.102,-2.549736936302885e-09,0.1998472244836177,0.026089266,0.11558069,0.0,0.102065065,COMPLETED,True,other,0.0250292968749999,0.1100156249999999,0.0006784926730181,2.2427071621613624e-21,0.0006784926730181,0.0932533221685867,0.0262617041787178,,21.227030028006997,assets/pinn_supersonic/atlas2d_v1_continuousM/N76/basin_T401_failure/basin_0097_0194.csv,0.055,0.102,0.055,0.102,0.09325332216858685,0.026261704178717687,True,False,UNAVAILABLE,0.031941970540340814
211,11,8,1.15,0.06,0.055,0.108,-2.549736936302885e-09,0.1998472244836177,0.026089266,0.11558069,0.0,0.102065065,COMPLETED,True,other,0.0250292968749999,0.1106822916666666,0.0006790613226254,2.2617593284251986e-21,0.0006790613226254,0.0926112902077523,0.0264711597305746,,21.63961730909068,assets/pinn_supersonic/atlas2d_v1_continuousM/N76/basin_T401_failure/basin_0194_0291.csv,0.055,0.108,0.055,0.108,0.09261129020775238,0.02647115973057451,True,False,UNAVAILABLE,0.029888417187934193
236,11,9,1.15,0.06,0.055,0.1139999999999999,-2.549736936302885e-09,0.1998472244836177,0.026089266,0.11558069,0.0,0.102065065,COMPLETED,True,other,0.0250292968749999,0.1140156249999999,0.0006861686371948,2.3546503709007826e-21,0.0006861686371948,0.0894065394678113,0.0277359259151462,,25.729853822034784,assets/pinn_supersonic/atlas2d_v1_continuousM/N76/basin_T401_failure/basin_0194_0291.csv,0.055,0.1139999999999999,0.055,0.114,0.08940653946781137,0.02773592591514618,True,False,UNAVAILABLE,0.02895419627618768
261,11,10,1.15,0.06,0.055,0.12,-2.549736936302885e-09,0.1998472244836177,0.026089266,0.11558069,0.0,0.102065065,COMPLETED,True,other,0.0250292968749999,0.1200156249999999,0.0007115511441838,2.5151667893944636e-21,0.0007115511441838,0.0836633139781463,0.0308007841843431,,21.365286195999943,assets/pinn_supersonic/atlas2d_v1_continuousM/N76/basin_T401_failure/basin_0194_0291.csv,0.055,0.12,0.055,0.12,0.08366331397814633,0.03080078418434304,True,False,UNAVAILABLE,0.029246768744598094
286,11,11,1.15,0.06,0.055,0.126,-2.549736936302885e-09,0.1998472244836177,0.026089266,0.11558069,0.0,0.102065065,COMPLETED,True,other,0.0250292968749999,0.1153489583333333,0.0006906778946366,2.391339824596956e-21,0.0006906778946366,0.0881273102511215,0.0283359757931196,,21.41336125996895,assets/pinn_supersonic/atlas2d_v1_continuousM/N76/basin_T401_failure/basin_0194_0291.csv,0.055,0.126,0.055,0.126,0.08812731025112151,0.028335975793119545,True,False,UNAVAILABLE,0.0307311158599879
311,11,12,1.15,0.06,0.055,0.132,-2.549736936302885e-09,0.1998472244836177,0.026089266,0.11558069,0.0,0.102065065,COMPLETED,True,other,0.0250292968749999,0.1160156249999999,0.0006932220328663,2.4103141476443867e-21,0.0006932220328663,0.0874883015132585,0.028654560306703,,21.758280767011456,assets/pinn_supersonic/atlas2d_v1_continuousM/N76/basin_T401_failure/basin_0291_0388.csv,0.055,0.132,0.055,0.132,0.08748830151325855,0.02865456030670296,True,False,UNAVAILABLE,0.03324799966915303
336,11,13,1.15,0.06,0.055,0.138,-2.549736936302885e-09,0.1998472244836177,0.026089266,0.11558069,0.0,0.102065065,COMPLETED,True,other,0.0250292968749999,0.1220156249999999,0.0007220391762405,2.566247588581828e-21,0.0007220391762405,0.0817571018803346,0.0320076638693061,,21.65637008298654,assets/pinn_supersonic/atlas2d_v1_continuousM/N76/basin_T401_failure/basin_0291_0388.csv,0.055,0.138,0.055,0.138,0.08175710188033468,0.03200766386930599,True,False,UNAVAILABLE,0.036584935178294364
361,11,14,1.15,0.06,0.055,0.144,-2.549736936302885e-09,0.1998472244836177,0.026089266,0.11558069,0.0,0.102065065,COMPLETED,True,other,0.0250292968749999,0.1280156249999999,0.0007548888441383,2.711228649583109e-21,0.0007548888441383,0.0760673682604308,0.0360540880673812,,21.837556564016268,assets/pinn_supersonic/atlas2d_v1_continuousM/N76/basin_T401_failure/basin_0291_0388.csv,0.055,0.144,0.055,0.144,0.0760673682604309,0.03605408806738114,True,False,UNAVAILABLE,0.04053992454359035
386,11,15,1.15,0.06,0.055,0.15,-2.549736936302885e-09,0.1998472244836177,0.026089266,0.11558069,0.0,0.102065065,COMPLETED,True,other,0.0250292968749999,0.165984375,0.0007804919118936,3.441851296772524e-21,0.0007804919118936,0.0421088874804747,0.0686450573088331,,21.22977793496102,assets/pinn_supersonic/atlas2d_v1_continuousM/N76/basin_T401_failure/basin_0291_0388.csv,0.055,0.15,0.055,0.15,0.042108887480474706,0.06864505730883308,True,False,UNAVAILABLE,0.044950122157787285
411,11,16,1.15,0.06,0.055,0.156,-2.549736936302885e-09,0.1998472244836177,0.026089266,0.11558069,0.0,0.102065065,COMPLETED,True,other,0.0250292968749999,0.171984375,0.0007484530712331,3.5017723931190445e-21,0.0007484530712331,0.0374540279681621,0.0742642283534474,,20.75961500697304,assets/pinn_supersonic/atlas2d_v1_continuousM/N76/basin_T401_failure/basin_0388_0485.csv,0.055,0.156,0.055,0.156,0.03745402796816207,0.07426422835344738,True,False,UNAVAILABLE,0.04969448140387421
436,11,17,1.15,0.06,0.055,0.162,-2.549736936302885e-09,0.1998472244836177,0.026089266,0.11558069,0.0,0.102065065,COMPLETED,True,other,0.0250292968749999,0.177984375,0.0007123390714737,3.547012894712839e-21,0.0007123390714737,0.0332332667253229,0.0799387724007129,,20.720768437953662,assets/pinn_supersonic/atlas2d_v1_continuousM/N76/basin_T401_failure/basin_0388_0485.csv,0.055,0.162,0.055,0.162,0.033233266725322896,0.07993877240071291,True,False,UNAVAILABLE,0.0546860995317823
461,11,18,1.15,0.06,0.055,0.1679999999999999,-2.549736936302885e-09,0.1998472244836177,0.026089266,0.11558069,0.0,0.102065065,COMPLETED,True,other,0.0250292968749999,0.183984375,0.0006781677886621,3.587222185025819e-21,0.0006781677886621,0.0296326816780568,0.0856576853115527,,20.623087254934944,assets/pinn_supersonic/atlas2d_v1_continuousM/N76/basin_T401_failure/basin_0388_0485.csv,0.055,0.1679999999999999,0.055,0.168,0.02963268167805677,0.08565768531155264,True,False,UNAVAILABLE,0.05986315629834422
486,11,19,1.15,0.06,0.055,0.174,-2.549736936302885e-09,0.1998472244836177,0.026089266,0.11558069,0.0,0.102065065,COMPLETED,True,other,0.0250292968749999,0.189984375,0.0006546655589542,3.6303868600870295e-21,0.0006546655589542,0.0269024465361355,0.0914126401157574,,21.59890569001436,assets/pinn_supersonic/atlas2d_v1_continuousM/N76/basin_T401_failure/basin_0485_0582.csv,0.055,0.174,0.055,0.174,0.026902446536135504,0.09141264011575742,True,False,UNAVAILABLE,0.06518148112769452
511,11,20,1.15,0.06,0.055,0.18,-2.549736936302885e-09,0.1998472244836177,0.026089266,0.11558069,0.0,0.102065065,COMPLETED,True,other,0.0250292968749999,0.1906510416666667,0.0006531806181327,3.6360081241393765e-21,0.0006531806181327,0.0266652509475519,0.0920540111241444,,21.557161571923643,assets/pinn_supersonic/atlas2d_v1_continuousM/N76/basin_T401_failure/basin_0485_0582.csv,0.055,0.18,0.055,0.18,0.026665250947551882,0.09205401112414437,True,False,UNAVAILABLE,0.07060916004315586
536,11,21,1.15,0.06,0.055,0.186,-2.549736936302885e-09,0.1998472244836177,0.026089266,0.11558069,0.0,0.102065065,COMPLETED,True,other,0.0250292968749999,0.1913177083333333,0.000651980083754,3.640776219739941e-21,0.000651980083754,0.0264427395602478,0.0926957390824632,,21.54971252300311,assets/pinn_supersonic/atlas2d_v1_continuousM/N76/basin_T401_failure/basin_0485_0582.csv,0.055,0.186,0.055,0.186,0.026442739560247792,0.09269573908246316,True,False,UNAVAILABLE,0.07612280526885487
561,11,22,1.15,0.06,0.055,0.192,-2.549736936302885e-09,0.1998472244836177,0.026089266,0.11558069,0.0,0.102065065,COMPLETED,True,other,0.0250292968749999,0.191984375,0.0006510802922507,3.646030096477585e-21,0.0006510802922507,0.0262352860036852,0.0933378166282723,,21.47765948600136,assets/pinn_supersonic/atlas2d_v1_continuousM/N76/basin_T401_failure/basin_0485_0582.csv,0.055,0.192,0.055,0.192,0.02623528600368516,0.09333781662827229,True,False,UNAVAILABLE,0.08170501503579813
586,11,23,1.15,0.06,0.055,0.198,-2.549736936302885e-09,0.1998472244836177,0.026089266,0.11558069,0.0,0.102065065,COMPLETED,True,other,0.0250292968749999,0.1926510416666667,0.0006504974742282,3.650912088210075e-21,0.0006504974742282,0.0260432501202925,0.0939802365963757,,20.338365013012663,assets/pinn_supersonic/atlas2d_v1_continuousM/N76/basin_T401_failure/basin_0582_0679.csv,0.055,0.198,0.055,0.198,0.026043250120292443,0.09398023659637574,True,False,UNAVAILABLE,0.08734264412072719
611,11,24,1.15,0.06,0.055,0.204,-2.549736936302885e-09,0.1998472244836177,0.026089266,0.11558069,0.0,0.102065065,COMPLETED,True,other,0.0250292968749999,0.1933177083333333,0.0006502476756435,3.6562806811005566e-21,0.0006502476756435,0.025866975293798,0.0946229920123932,,20.29814299196005,assets/pinn_supersonic/atlas2d_v1_continuousM/N76/basin_T401_failure/basin_0582_0679.csv,0.055,0.204,0.055,0.204,0.025866975293798,0.09462299201239317,True,False,UNAVAILABLE,0.09302561734275133
636,11,25,1.15,0.06,0.055,0.21,-2.549736936302885e-09,0.1998472244836177,0.026089266,0.11558069,0.0,0.102065065,COMPLETED,True,other,0.0250292968749999,0.1940156249999999,0.0006503601344963,3.661921948693309e-21,0.0006503601344963,0.0256996766950572,0.0952962286051787,,20.15944955602754,assets/pinn_supersonic/atlas2d_v1_continuousM/N76/basin_T401_failure/basin_0582_0679.csv,0.055,0.21,0.055,0.21,0.025699676695057135,0.09529622860517863,True,False,UNAVAILABLE,0.09874610616120515
661,11,26,1.15,0.06,0.055,0.216,-2.549736936302885e-09,0.1998472244836177,0.026089266,0.11558069,0.0,0.102065065,COMPLETED,True,other,0.0250292968749999,0.2000156249999999,0.0006694902416532,3.70364032439595e-21,0.0006694902416532,0.0250298659290667,0.1010978630158446,,20.147026572027244,assets/pinn_supersonic/atlas2d_v1_continuousM/N76/basin_T401_failure/basin_0582_0679.csv,0.055,0.216,0.055,0.216,0.025029865929066607,0.10109786301584449,True,False,UNAVAILABLE,0.1044979496545267
686,11,27,1.15,0.06,0.055,0.222,-2.549736936302885e-09,0.1998472244836177,0.026089266,0.11558069,0.0,0.102065065,COMPLETED,True,other,0.0250292968749999,0.2060156249999999,0.0007265100652451,3.717490651920616e-21,0.0007265100652451,0.0257781883503019,0.1069213946147845,,20.54057168599684,assets/pinn_supersonic/atlas2d_v1_continuousM/N76/basin_T401_failure/basin_0679_0775.csv,0.055,0.222,0.055,0.222,0.02577818835030181,0.10692139461478446,True,False,UNAVAILABLE,0.11027624169330401
711,11,28,1.15,0.06,0.055,0.228,-2.549736936302885e-09,0.1998472244836177,0.026089266,0.11558069,0.0,0.102065065,COMPLETED,True,other,0.0250292968749999,0.2120156249999999,0.0008241100949273,3.70823619943356e-21,0.0008241100949273,0.027830483301952,0.1127634308912711,,20.40785042895004,assets/pinn_supersonic/atlas2d_v1_continuousM/N76/basin_T401_failure/basin_0679_0775.csv,0.055,0.228,0.055,0.228,0.02783048330195188,0.11276343089127103,True,False,UNAVAILABLE,0.11607703253443379
736,11,29,1.15,0.06,0.055,0.234,-2.549736936302885e-09,0.1998472244836177,0.026089266,0.11558069,0.0,0.102065065,COMPLETED,True,other,0.0250292968749999,0.218015625,0.0009597956182141,3.675801819058875e-21,0.0009597956182141,0.030928249336437,0.1186212378386369,,20.334512110915966,assets/pinn_supersonic/atlas2d_v1_continuousM/N76/basin_T401_failure/basin_0679_0775.csv,0.055,0.234,0.055,0.234,0.030928249336436942,0.11862123783863697,True,False,UNAVAILABLE,0.12189711022825768
761,11,30,1.15,0.06,0.055,0.24,-2.549736936302885e-09,0.1998472244836177,0.026089266,0.11558069,0.0,0.102065065,COMPLETED,True,other,0.0250292968749999,0.2240156249999999,0.0011289137350606,3.6137093339641415e-21,0.0011289137350606,0.0347933530033166,0.1244925892829387,,24.96614746400155,assets/pinn_supersonic/atlas2d_v1_continuousM/N76/basin_T401_failure/basin_0679_0775.csv,0.055,0.24,0.055,0.24,0.03479335300331654,0.12449258928293867,True,False,UNAVAILABLE,0.12773383843758865
12,12,0,1.15,0.06,0.06,0.06,-2.549736936302885e-09,0.1998472244836177,0.026089266,0.11558069,0.0,0.102065065,COMPLETED,True,other,0.030029296875,0.075984375,0.0013947694791321,1.2880571852417594e-21,0.0013947694791321,0.1274510270893955,0.0397738741095581,,22.1887333659688,assets/pinn_supersonic/atlas2d_v1_continuousM/N76/basin_T401_failure/basin_0000_0097.csv,0.06,0.06,0.06,0.06,0.12745102708939554,0.039773874109558204,True,False,UNAVAILABLE,0.0651091658831535
37,12,1,1.15,0.06,0.06,0.066,-2.549736936302885e-09,0.1998472244836177,0.026089266,0.11558069,0.0,0.102065065,COMPLETED,True,other,0.030029296875,0.081984375,0.0012091630179929,1.4631527714861378e-21,0.0012091630179929,0.1216281633189386,0.0361246838281386,,22.078453427064236,assets/pinn_supersonic/atlas2d_v1_continuousM/N76/basin_T401_failure/basin_0000_0097.csv,0.06,0.066,0.06,0.066,0.12162816331893869,0.03612468382813869,True,False,UNAVAILABLE,0.06006855651670015
62,12,2,1.15,0.06,0.06,0.072,-2.549736936302885e-09,0.1998472244836177,0.026089266,0.11558069,0.0,0.102065065,COMPLETED,True,other,0.030029296875,0.087984375,0.0010568438178118,1.644861422086334e-21,0.0010568438178118,0.1158233824343556,0.0331666172782661,,21.9704184809234,assets/pinn_supersonic/atlas2d_v1_continuousM/N76/basin_T401_failure/basin_0000_0097.csv,0.06,0.072,0.06,0.072,0.11582338243435568,0.033166617278266176,True,False,UNAVAILABLE,0.05522010034398707
87,12,3,1.15,0.06,0.06,0.078,-2.549736936302885e-09,0.1998472244836177,0.026089266,0.11558069,0.0,0.102065065,COMPLETED,True,other,0.030029296875,0.093984375,0.0009407181768106,1.8242818017706498e-21,0.0009407181768106,0.1100395461855945,0.0310975275815133,,22.15278912894428,assets/pinn_supersonic/atlas2d_v1_continuousM/N76/basin_T401_failure/basin_0000_0097.csv,0.06,0.078,0.06,0.078,0.11003954618559458,0.03109752758151337,True,False,UNAVAILABLE,0.05061904268158378
112,12,4,1.15,0.06,0.06,0.0839999999999999,-2.549736936302885e-09,0.1998472244836177,0.026089266,0.11558069,0.0,0.102065065,COMPLETED,True,other,0.030029296875,0.099984375,0.0008619245154866,2.001686528246156e-21,0.0008619245154866,0.1042801396763937,0.0301012946844979,,21.415321224951185,assets/pinn_supersonic/atlas2d_v1_continuousM/N76/basin_T401_failure/basin_0097_0194.csv,0.06,0.0839999999999999,0.06,0.084,0.10428013967639374,0.030101294684497952,True,False,UNAVAILABLE,0.046339135533585506
137,12,5,1.15,0.06,0.06,0.09,-2.549736936302885e-09,0.1998472244836177,0.026089266,0.11558069,0.0,0.102065065,COMPLETED,True,other,0.030029296875,0.105984375,0.00081826208517,2.180431639051298e-21,0.00081826208517,0.0985494461533131,0.0302839835834552,,21.370232533896345,assets/pinn_supersonic/atlas2d_v1_continuousM/N76/basin_T401_failure/basin_0097_0194.csv,0.06,0.09,0.06,0.09,0.09854944615331318,0.03028398358345521,True,False,UNAVAILABLE,0.04247756445466242
162,12,6,1.15,0.06,0.06,0.096,-2.549736936302885e-09,0.1998472244836177,0.026089266,0.11558069,0.0,0.102065065,COMPLETED,True,other,0.030029296875,0.111984375,0.0008036339244248,2.3550382745154785e-21,0.0008036339244248,0.0928527820979067,0.0316251700656768,,21.179651172016747,assets/pinn_supersonic/atlas2d_v1_continuousM/N76/basin_T401_failure/basin_0097_0194.csv,0.06,0.096,0.06,0.096,0.09285278209790682,0.031625170065676875,True,False,UNAVAILABLE,0.039158287526397266
187,12,7,1.15,0.06,0.06,0.102,-2.549736936302885e-09,0.1998472244836177,0.026089266,0.11558069,0.0,0.102065065,COMPLETED,True,other,0.030029296875,0.114015625,0.0008037567130394,2.4127566503335686e-21,0.0008037567130394,0.0909330649096172,0.0323198786371558,,21.245460567995902,assets/pinn_supersonic/atlas2d_v1_continuousM/N76/basin_T401_failure/basin_0097_0194.csv,0.06,0.102,0.06,0.102,0.09093306490961726,0.03231987863715587,True,False,UNAVAILABLE,0.03652943309168649
212,12,8,1.15,0.06,0.06,0.108,-2.549736936302885e-09,0.1998472244836177,0.026089266,0.11558069,0.0,0.102065065,COMPLETED,True,other,0.030029296875,0.1160156249999999,0.0008058048348724,2.4670252242115866e-21,0.0008058048348724,0.089047716960752,0.0331115809818933,,21.460842658998445,assets/pinn_supersonic/atlas2d_v1_continuousM/N76/basin_T401_failure/basin_0194_0291.csv,0.06,0.108,0.06,0.108,0.08904771696075207,0.03311158098189336,True,False,UNAVAILABLE,0.034748057240657354
237,12,9,1.15,0.06,0.06,0.1139999999999999,-2.549736936302885e-09,0.1998472244836177,0.026089266,0.11558069,0.0,0.102065065,COMPLETED,True,other,0.030029296875,0.1166822916666666,0.0008068530038014,2.4849241773978316e-21,0.0008068530038014,0.0884203872101252,0.0333979338617166,,25.693492172053084,assets/pinn_supersonic/atlas2d_v1_continuousM/N76/basin_T401_failure/basin_0194_0291.csv,0.06,0.1139999999999999,0.06,0.114,0.08842038721012532,0.03339793386171657,True,False,UNAVAILABLE,0.03394783471740135
262,12,10,1.15,0.06,0.06,0.12,-2.549736936302885e-09,0.1998472244836177,0.026089266,0.11558069,0.0,0.102065065,COMPLETED,True,other,0.030029296875,0.1200156249999999,0.0008142875618533,2.5722352087104604e-21,0.0008142875618533,0.0852926907774239,0.0349854437605196,,21.41929746000096,assets/pinn_supersonic/atlas2d_v1_continuousM/N76/basin_T401_failure/basin_0194_0291.csv,0.06,0.12,0.06,0.12,0.085292690777424,0.034985443760519624,True,False,UNAVAILABLE,0.03419771164858841
287,12,11,1.15,0.06,0.06,0.126,-2.549736936302885e-09,0.1998472244836177,0.026089266,0.11558069,0.0,0.102065065,COMPLETED,True,other,0.030029296875,0.1260156249999999,0.0008334111596024,2.7193279091489164e-21,0.0008334111596024,0.0797048549728926,0.0384107796734261,,21.30170919408556,assets/pinn_supersonic/atlas2d_v1_continuousM/N76/basin_T401_failure/basin_0194_0291.csv,0.06,0.126,0.06,0.126,0.07970485497289269,0.03841077967342606,True,False,UNAVAILABLE,0.035475505380473435
312,12,12,1.15,0.06,0.06,0.132,-2.549736936302885e-09,0.1998472244836177,0.026089266,0.11558069,0.0,0.102065065,COMPLETED,True,other,0.030029296875,0.1320156249999999,0.0008542013529565,2.8576763625543144e-21,0.0008542013529565,0.0741814310487903,0.042412200074041,,21.58458223193884,assets/pinn_supersonic/atlas2d_v1_continuousM/N76/basin_T401_failure/basin_0291_0388.csv,0.06,0.132,0.06,0.132,0.07418143104879041,0.04241220007404094,True,False,UNAVAILABLE,0.03767677642792706
337,12,13,1.15,0.06,0.06,0.138,-2.549736936302885e-09,0.1998472244836177,0.026089266,0.11558069,0.0,0.102065065,COMPLETED,True,other,0.030029296875,0.1380156249999999,0.0008717327342407,2.9912422897266097e-21,0.0008717327342407,0.0687379481701557,0.0468423039049157,,21.79994506202638,assets/pinn_supersonic/atlas2d_v1_continuousM/N76/basin_T401_failure/basin_0291_0388.csv,0.06,0.138,0.06,0.138,0.06873794817015584,0.046842303904915665,True,False,UNAVAILABLE,0.0406517832573185
362,12,14,1.15,0.06,0.06,0.144,-2.549736936302885e-09,0.1998472244836177,0.026089266,0.11558069,0.0,0.102065065,COMPLETED,True,other,0.030029296875,0.159984375,0.0008714351079994,3.409465165891816e-21,0.0008714351079994,0.0499079712360065,0.0652411307511066,,21.56552183395252,assets/pinn_supersonic/atlas2d_v1_continuousM/N76/basin_T401_failure/basin_0291_0388.csv,0.06,0.144,0.06,0.144,0.04990797123600662,0.06524113075110659,True,False,UNAVAILABLE,0.04424472264575741
387,12,15,1.15,0.06,0.06,0.15,-2.549736936302885e-09,0.1998472244836177,0.026089266,0.11558069,0.0,0.102065065,COMPLETED,True,other,0.030029296875,0.165984375,0.0008525535113336,3.4861274299119665e-21,0.0008525535113336,0.0452598210236259,0.0706217874432741,,21.2581734029809,assets/pinn_supersonic/atlas2d_v1_continuousM/N76/basin_T401_failure/basin_0291_0388.csv,0.06,0.15,0.06,0.15,0.04525982102362595,0.07062178744327408,True,False,UNAVAILABLE,0.04831794161592564
412,12,16,1.15,0.06,0.06,0.156,-2.549736936302885e-09,0.1998472244836177,0.026089266,0.11558069,0.0,0.102065065,COMPLETED,True,other,0.030029296875,0.171984375,0.0008285684694033,3.542940989765947e-21,0.0008285684694033,0.0409645847688859,0.0760951285016523,,20.81164410396013,assets/pinn_supersonic/atlas2d_v1_continuousM/N76/basin_T401_failure/basin_0388_0485.csv,0.06,0.156,0.06,0.156,0.040964584768885925,0.07609512850165236,True,False,UNAVAILABLE,0.05276032109454983
437,12,17,1.15,0.06,0.06,0.162,-2.549736936302885e-09,0.1998472244836177,0.026089266,0.11558069,0.0,0.102065065,COMPLETED,True,other,0.030029296875,0.177984375,0.0008032357567015,3.5914259035023776e-21,0.0008032357567015,0.0371448921318103,0.0816425152826821,,20.710908103035763,assets/pinn_supersonic/atlas2d_v1_continuousM/N76/basin_T401_failure/basin_0388_0485.csv,0.06,0.162,0.06,0.162,0.037144892131810374,0.08164251528268213,True,False,UNAVAILABLE,0.05748634169957243
462,12,18,1.15,0.06,0.06,0.1679999999999999,-2.549736936302885e-09,0.1998472244836177,0.026089266,0.11558069,0.0,0.102065065,COMPLETED,True,other,0.030029296875,0.183984375,0.0007820254448595,3.639650881851296e-21,0.0007820254448595,0.0339615785510687,0.0872498253389827,,20.6283834381029,assets/pinn_supersonic/atlas2d_v1_continuousM/N76/basin_T401_failure/basin_0388_0485.csv,0.06,0.1679999999999999,0.06,0.168,0.033961578551068794,0.08724982533898269,True,False,UNAVAILABLE,0.06243162245208744
487,12,19,1.15,0.06,0.06,0.174,-2.549736936302885e-09,0.1998472244836177,0.026089266,0.11558069,0.0,0.102065065,COMPLETED,True,other,0.030029296875,0.1846510416666666,0.0007802228670494,3.644850325017113e-21,0.0007802228670494,0.0336553531573612,0.087876061659556,,21.686561405076645,assets/pinn_supersonic/atlas2d_v1_continuousM/N76/basin_T401_failure/basin_0485_0582.csv,0.06,0.174,0.06,0.174,0.03365535315736125,0.08787606165955598,True,False,UNAVAILABLE,0.06754802352400845
512,12,20,1.15,0.06,0.06,0.18,-2.549736936302885e-09,0.1998472244836177,0.026089266,0.11558069,0.0,0.102065065,COMPLETED,True,other,0.030029296875,0.1853177083333333,0.0007785706125772,3.6509657546146724e-21,0.0007785706125772,0.0333596412376074,0.0885028886127119,,21.620176446973343,assets/pinn_supersonic/atlas2d_v1_continuousM/N76/basin_T401_failure/basin_0485_0582.csv,0.06,0.18,0.06,0.18,0.03335964123760747,0.08850288861271191,True,False,UNAVAILABLE,0.0727994744623888
537,12,21,1.15,0.06,0.06,0.186,-2.549736936302885e-09,0.1998472244836177,0.026089266,0.11558069,0.0,0.102065065,COMPLETED,True,other,0.030029296875,0.185984375,0.0007770801024432,3.657032598860725e-21,0.0007770801024432,0.0330747247871534,0.0891302937372192,,21.67036205995828,assets/pinn_supersonic/atlas2d_v1_continuousM/N76/basin_T401_failure/basin_0485_0582.csv,0.06,0.186,0.06,0.186,0.03307472478715349,0.08913029373721926,True,False,UNAVAILABLE,0.07815875819126095
562,12,22,1.15,0.06,0.06,0.192,-2.549736936302885e-09,0.1998472244836177,0.026089266,0.11558069,0.0,0.102065065,COMPLETED,True,other,0.030029296875,0.1893177083333333,0.0007724637615311,3.686309839760795e-21,0.0007724637615311,0.0318218405234456,0.0922755787814997,,21.661859191954136,assets/pinn_supersonic/atlas2d_v1_continuousM/N76/basin_T401_failure/basin_0485_0582.csv,0.06,0.192,0.06,0.192,0.03182184052344562,0.0922755787814997,True,False,UNAVAILABLE,0.08360514028455428
587,12,23,1.15,0.06,0.06,0.198,-2.549736936302885e-09,0.1998472244836177,0.026089266,0.11558069,0.0,0.102065065,COMPLETED,True,other,0.030029296875,0.189984375,0.0007721911105045,3.69240596691808e-21,0.0007721911105045,0.0316075089793074,0.0929062093817361,,20.432571370038204,assets/pinn_supersonic/atlas2d_v1_continuousM/N76/basin_T401_failure/basin_0582_0679.csv,0.06,0.198,0.06,0.198,0.03160750897930749,0.09290620938173609,True,False,UNAVAILABLE,0.08912265414584554
612,12,24,1.15,0.06,0.06,0.204,-2.549736936302885e-09,0.1998472244836177,0.026089266,0.11558069,0.0,0.102065065,COMPLETED,True,other,0.030029296875,0.189984375,0.0007721911105045,3.69240596691808e-21,0.0007721911105045,0.0316075089793074,0.0929062093817361,,20.30936471396126,assets/pinn_supersonic/atlas2d_v1_continuousM/N76/basin_T401_failure/basin_0582_0679.csv,0.06,0.204,0.06,0.204,0.03160750897930749,0.09290620938173609,True,False,UNAVAILABLE,0.0946988673744306
637,12,25,1.15,0.06,0.06,0.21,-2.549736936302885e-09,0.1998472244836177,0.026089266,0.11558069,0.0,0.102065065,COMPLETED,True,other,0.030029296875,0.1940156249999999,0.0007761831917902,3.726919302053269e-21,0.0007761831917902,0.0305902987314252,0.0967298514168221,,20.183819624013267,assets/pinn_supersonic/atlas2d_v1_continuousM/N76/basin_T401_failure/basin_0582_0679.csv,0.06,0.21,0.06,0.21,0.03059029873142525,0.09672985141682204,True,False,UNAVAILABLE,0.10032399255412434
662,12,26,1.15,0.06,0.06,0.216,-2.549736936302885e-09,0.1998472244836177,0.026089266,0.11558069,0.0,0.102065065,COMPLETED,True,other,0.030029296875,0.2000156249999999,0.0008040482166779,3.761048471393946e-21,0.0008040482166779,0.0300297716054322,0.10245033369941,,20.21106001001317,assets/pinn_supersonic/atlas2d_v1_continuousM/N76/basin_T401_failure/basin_0582_0679.csv,0.06,0.216,0.06,0.216,0.03002977160543223,0.10245033369940999,True,False,UNAVAILABLE,0.10599024239051441
687,12,27,1.15,0.06,0.06,0.222,-2.549736936302885e-09,0.1998472244836177,0.026089266,0.11558069,0.0,0.102065065,COMPLETED,True,other,0.030029296875,0.2060156249999999,0.0008636825381278,3.7627917025331904e-21,0.0008636825381278,0.0306562879173426,0.1082010979386091,,20.56090133299585,assets/pinn_supersonic/atlas2d_v1_continuousM/N76/basin_T401_failure/basin_0679_0775.csv,0.06,0.222,0.06,0.222,0.03065628791734267,0.10820109793860903,True,False,UNAVAILABLE,0.11169135813481722
712,12,28,1.15,0.06,0.06,0.228,-2.549736936302885e-09,0.1998472244836177,0.026089266,0.11558069,0.0,0.102065065,COMPLETED,True,other,0.030029296875,0.2120156249999999,0.0009579878622764,3.744779673630361e-21,0.0009579878622764,0.0324010616348847,0.1139775605771613,,20.44256434496492,assets/pinn_supersonic/atlas2d_v1_continuousM/N76/basin_T401_failure/basin_0679_0775.csv,0.06,0.228,0.06,0.228,0.032401061634884695,0.11397756057716125,True,False,UNAVAILABLE,0.1174222614413468
737,12,29,1.15,0.06,0.06,0.234,-2.549736936302885e-09,0.1998472244836177,0.026089266,0.11558069,0.0,0.102065065,COMPLETED,True,other,0.030029296875,0.218015625,0.0010864336457403,3.697588934526676e-21,0.0010864336457403,0.0350977150433498,0.1197760035863631,,20.30370331997983,assets/pinn_supersonic/atlas2d_v1_continuousM/N76/basin_T401_failure/basin_0679_0775.csv,0.06,0.234,0.06,0.234,0.03509771504334985,0.11977600358636317,True,False,UNAVAILABLE,0.12317879477410064
762,12,30,1.15,0.06,0.06,0.24,-2.549736936302885e-09,0.1998472244836177,0.026089266,0.11558069,0.0,0.102065065,COMPLETED,True,other,0.030029296875,0.2240156249999999,0.0012464690933198,3.6253047016051575e-21,0.0012464690933198,0.0385469896030905,0.1255933826088001,,24.846764113986865,assets/pinn_supersonic/atlas2d_v1_continuousM/N76/basin_T401_failure/basin_0679_0775.csv,0.06,0.24,0.06,0.24,0.038546989603090547,0.12559338260880015,True,False,UNAVAILABLE,0.1289575258835249
13,13,0,1.15,0.06,0.065,0.06,-2.549736936302885e-09,0.1998472244836177,0.026089266,0.11558069,0.0,0.102065065,COMPLETED,True,other,0.035029296875,0.075984375,0.0015308273588691,1.3328759712619538e-21,0.0015308273588691,0.1287208502939178,0.0436721196008733,,22.246425261022523,assets/pinn_supersonic/atlas2d_v1_continuousM/N76/basin_T401_failure/basin_0000_0097.csv,0.065,0.06,0.065,0.06,0.12872085029391783,0.043672119600873326,True,False,UNAVAILABLE,0.06784772274734062
38,13,1,1.15,0.06,0.065,0.066,-2.549736936302885e-09,0.1998472244836177,0.026089266,0.11558069,0.0,0.102065065,COMPLETED,True,other,0.035029296875,0.081984375,0.00135190540016,1.5081349511101868e-21,0.00135190540016,0.1229581355851892,0.0403767971789861,,22.052093136007898,assets/pinn_supersonic/atlas2d_v1_continuousM/N76/basin_T401_failure/basin_0000_0097.csv,0.065,0.066,0.065,0.066,0.1229581355851893,0.04037679717898616,True,False,UNAVAILABLE,0.06302651411905945
63,13,2,1.15,0.06,0.065,0.072,-2.549736936302885e-09,0.1998472244836177,0.026089266,0.11558069,0.0,0.102065065,COMPLETED,True,other,0.035029296875,0.087984375,0.0012044384270488,1.6931923044201326e-21,0.0012044384270488,0.1172192343976976,0.0377533769407848,,22.065894623985518,assets/pinn_supersonic/atlas2d_v1_continuousM/N76/basin_T401_failure/basin_0000_0097.csv,0.065,0.072,0.065,0.072,0.11721923439769763,0.03775337694078484,True,False,UNAVAILABLE,0.05842404883265111
88,13,3,1.15,0.06,0.065,0.078,-2.549736936302885e-09,0.1998472244836177,0.026089266,0.11558069,0.0,0.102065065,COMPLETED,True,other,0.035029296875,0.093984375,0.0010899590056039,1.876777540729018e-21,0.0010899590056039,0.1115078235774466,0.0359492585519226,,21.906091772951186,assets/pinn_supersonic/atlas2d_v1_continuousM/N76/basin_T401_failure/basin_0000_0097.csv,0.065,0.078,0.065,0.078,0.11150782357744667,0.035949258551922665,True,False,UNAVAILABLE,0.054096187314819154
113,13,4,1.15,0.06,0.065,0.0839999999999999,-2.549736936302885e-09,0.1998472244836177,0.026089266,0.11558069,0.0,0.102065065,COMPLETED,True,other,0.035029296875,0.099984375,0.0010083972283843,2.0567384423835648e-21,0.0010083972283843,0.1058283540700485,0.0350910374658969,,21.524426463991404,assets/pinn_supersonic/atlas2d_v1_continuousM/N76/basin_T401_failure/basin_0097_0194.csv,0.065,0.0839999999999999,0.065,0.084,0.10582835407004854,0.035091037465896965,True,False,UNAVAILABLE,0.050114124575812026
138,13,5,1.15,0.06,0.065,0.09,-2.549736936302885e-09,0.1998472244836177,0.026089266,0.11558069,0.0,0.102065065,COMPLETED,True,other,0.035029296875,0.105984375,0.0009572947337324,2.238418923746912e-21,0.0009572947337324,0.1001862581962823,0.0352478741264347,,21.38212875998579,assets/pinn_supersonic/atlas2d_v1_continuousM/N76/basin_T401_failure/basin_0097_0194.csv,0.065,0.09,0.065,0.09,0.10018625819628231,0.0352478741264347,True,False,UNAVAILABLE,0.04656665633261637
163,13,6,1.15,0.06,0.065,0.096,-2.549736936302885e-09,0.1998472244836177,0.026089266,0.11558069,0.0,0.102065065,COMPLETED,True,other,0.035029296875,0.111984375,0.0009316729322767,2.415113092242295e-21,0.0009316729322767,0.094588224095649,0.036406652557369,,21.244484964059662,assets/pinn_supersonic/atlas2d_v1_continuousM/N76/basin_T401_failure/basin_0097_0194.csv,0.065,0.096,0.065,0.096,0.0945882240956491,0.036406652557369024,True,False,UNAVAILABLE,0.043560090472816976
188,13,7,1.15,0.06,0.065,0.102,-2.549736936302885e-09,0.1998472244836177,0.026089266,0.11558069,0.0,0.102065065,COMPLETED,True,other,0.035029296875,0.1179114583333333,0.0009248468266847,2.5764261859001087e-21,0.0009248468266847,0.089109604380347,0.0384468440997645,,21.235934732016176,assets/pinn_supersonic/atlas2d_v1_continuousM/N76/basin_T401_failure/basin_0097_0194.csv,0.065,0.102,0.065,0.102,0.08910960438034704,0.03844684409976448,True,False,UNAVAILABLE,0.04121297710673181
213,13,8,1.15,0.06,0.065,0.108,-2.549736936302885e-09,0.1998472244836177,0.026089266,0.11558069,0.0,0.102065065,COMPLETED,True,other,0.035029296875,0.1200156249999999,0.0009255373587663,2.6304904282375958e-21,0.0009255373587663,0.0871787594216654,0.0393608211788128,,21.509205022011884,assets/pinn_supersonic/atlas2d_v1_continuousM/N76/basin_T401_failure/basin_0194_0291.csv,0.065,0.108,0.065,0.108,0.08717875942166554,0.03936082117881284,True,False,UNAVAILABLE,0.03964262203739809
238,13,9,1.15,0.06,0.065,0.1139999999999999,-2.549736936302885e-09,0.1998472244836177,0.026089266,0.11558069,0.0,0.102065065,COMPLETED,True,other,0.035029296875,0.1220156249999999,0.0009272712336766,2.680055820104004e-21,0.0009272712336766,0.0853510966324754,0.0403122373959878,,25.661795828025788,assets/pinn_supersonic/atlas2d_v1_continuousM/N76/basin_T401_failure/basin_0194_0291.csv,0.065,0.1139999999999999,0.065,0.114,0.08535109663247548,0.04031223739598785,True,False,UNAVAILABLE,0.03894310570563165
263,13,10,1.15,0.06,0.065,0.12,-2.549736936302885e-09,0.1998472244836177,0.026089266,0.11558069,0.0,0.102065065,COMPLETED,True,other,0.035029296875,0.1280156249999999,0.000936485563136,2.8220832551224428e-21,0.000936485563136,0.0799176482547049,0.0435945318115756,,21.368882772978395,assets/pinn_supersonic/atlas2d_v1_continuousM/N76/basin_T401_failure/basin_0194_0291.csv,0.065,0.12,0.065,0.12,0.079917648254705,0.04359453181157564,True,False,UNAVAILABLE,0.03916112207279051
288,13,11,1.15,0.06,0.065,0.126,-2.549736936302885e-09,0.1998472244836177,0.026089266,0.11558069,0.0,0.102065065,COMPLETED,True,other,0.035029296875,0.1286822916666666,0.0009377175377443,2.837154686277495e-21,0.0009377175377443,0.079318973020514,0.0439946405256549,,21.365324401063845,assets/pinn_supersonic/atlas2d_v1_continuousM/N76/basin_T401_failure/basin_0194_0291.csv,0.065,0.126,0.065,0.126,0.07931897302051408,0.04399464052565485,True,False,UNAVAILABLE,0.040281776053198055
313,13,12,1.15,0.06,0.065,0.132,-2.549736936302885e-09,0.1998472244836177,0.026089266,0.11558069,0.0,0.102065065,COMPLETED,True,other,0.035029296875,0.1320156249999999,0.0009440120944456,2.912682481541239e-21,0.0009440120944456,0.0763425026226793,0.0460878257663613,,21.58861246495508,assets/pinn_supersonic/atlas2d_v1_continuousM/N76/basin_T401_failure/basin_0291_0388.csv,0.065,0.132,0.065,0.132,0.07634250262267943,0.046087825766361314,True,False,UNAVAILABLE,0.04223327458296361
338,13,13,1.15,0.06,0.065,0.138,-2.549736936302885e-09,0.1998472244836177,0.026089266,0.11558069,0.0,0.102065065,COMPLETED,True,other,0.035029296875,0.153984375,0.0009588758673517,3.3662469573490704e-21,0.0009588758673517,0.0577100752117413,0.0626311934297359,,21.55346696206834,assets/pinn_supersonic/atlas2d_v1_continuousM/N76/basin_T401_failure/basin_0291_0388.csv,0.065,0.138,0.065,0.138,0.057710075211741374,0.06263119342973583,True,False,UNAVAILABLE,0.04490743236926378
363,13,14,1.15,0.06,0.065,0.144,-2.549736936302885e-09,0.1998472244836177,0.026089266,0.11558069,0.0,0.102065065,COMPLETED,True,other,0.035029296875,0.159984375,0.0009497385901063,3.4588591457776975e-21,0.0009497385901063,0.0530669255482304,0.0676882420397589,,21.676649258006364,assets/pinn_supersonic/atlas2d_v1_continuousM/N76/basin_T401_failure/basin_0291_0388.csv,0.065,0.144,0.065,0.144,0.05306692554823045,0.06768824203975891,True,False,UNAVAILABLE,0.048184079134087426
388,13,15,1.15,0.06,0.065,0.15,-2.549736936302885e-09,0.1998472244836177,0.026089266,0.11558069,0.0,0.102065065,COMPLETED,True,other,0.035029296875,0.165984375,0.000935737298737,3.530369886973797e-21,0.000935737298737,0.0487210877684193,0.0728884752922777,,20.917161268065684,assets/pinn_supersonic/atlas2d_v1_continuousM/N76/basin_T401_failure/basin_0388_0485.csv,0.065,0.15,0.065,0.15,0.048721087768419366,0.07288847529227775,True,False,UNAVAILABLE,0.05194933572241323
413,13,16,1.15,0.06,0.065,0.156,-2.549736936302885e-09,0.1998472244836177,0.026089266,0.11558069,0.0,0.102065065,COMPLETED,True,other,0.035029296875,0.171984375,0.0009191095068431,3.587860565980204e-21,0.0009191095068431,0.0447592470840899,0.0782033346503394,,20.819859258946963,assets/pinn_supersonic/atlas2d_v1_continuousM/N76/basin_T401_failure/basin_0388_0485.csv,0.065,0.156,0.065,0.156,0.0447592470840899,0.07820333465033946,True,False,UNAVAILABLE,0.05610491495403945
438,13,17,1.15,0.06,0.065,0.162,-2.549736936302885e-09,0.1998472244836177,0.026089266,0.11558069,0.0,0.102065065,COMPLETED,True,other,0.035029296875,0.177984375,0.0009033275288222,3.641633736787465e-21,0.0009033275288222,0.0412920816347541,0.0836109638171513,,20.753782470012084,assets/pinn_supersonic/atlas2d_v1_continuousM/N76/basin_T401_failure/basin_0388_0485.csv,0.065,0.162,0.065,0.162,0.041292081634754105,0.08361096381715132,True,False,UNAVAILABLE,0.06057053311635948
463,13,18,1.15,0.06,0.065,0.1679999999999999,-2.549736936302885e-09,0.1998472244836177,0.026089266,0.11558069,0.0,0.102065065,COMPLETED,True,other,0.035029296875,0.1786510416666666,0.0009018216209852,3.6481219786961725e-21,0.0009018216209852,0.040943008978304,0.0842167647297383,,20.68915769190062,assets/pinn_supersonic/atlas2d_v1_continuousM/N76/basin_T401_failure/basin_0388_0485.csv,0.065,0.1679999999999999,0.065,0.168,0.04094300897830407,0.08421676472973826,True,False,UNAVAILABLE,0.06528259708375571
488,13,19,1.15,0.06,0.065,0.174,-2.549736936302885e-09,0.1998472244836177,0.026089266,0.11558069,0.0,0.102065065,COMPLETED,True,other,0.035029296875,0.173984375,0.0009135455719793,3.606078299633185e-21,0.0009135455719793,0.0435423793745833,0.0799964923633092,,21.79063033894636,assets/pinn_supersonic/atlas2d_v1_continuousM/N76/basin_T401_failure/basin_0485_0582.csv,0.065,0.174,0.065,0.174,0.04354237937458332,0.07999649236330919,True,False,UNAVAILABLE,0.07019149152140876
513,13,20,1.15,0.06,0.065,0.18,-2.549736936302885e-09,0.1998472244836177,0.026089266,0.11558069,0.0,0.102065065,COMPLETED,True,other,0.035029296875,0.179984375,0.0008990451761114,3.660578395312201e-21,0.0008990451761114,0.0402689037322439,0.0854310863236152,,21.669494469999336,assets/pinn_supersonic/atlas2d_v1_continuousM/N76/basin_T401_failure/basin_0485_0582.csv,0.065,0.18,0.065,0.18,0.0402689037322439,0.08543108632361517,True,False,UNAVAILABLE,0.0752587103397341
538,13,21,1.15,0.06,0.065,0.186,-2.549736936302885e-09,0.1998472244836177,0.026089266,0.11558069,0.0,0.102065065,COMPLETED,True,other,0.035029296875,0.1833177083333333,0.000893851477893,3.6936473884499405e-21,0.000893851477893,0.0387334057675075,0.0884818833898259,,21.68743143195752,assets/pinn_supersonic/atlas2d_v1_continuousM/N76/basin_T401_failure/basin_0485_0582.csv,0.065,0.186,0.065,0.186,0.038733405767507556,0.08848188338982596,True,False,UNAVAILABLE,0.08045434408408286
563,13,22,1.15,0.06,0.065,0.192,-2.549736936302885e-09,0.1998472244836177,0.026089266,0.11558069,0.0,0.102065065,COMPLETED,True,other,0.035029296875,0.183984375,0.0008931793938063,3.699749577214422e-21,0.0008931793938063,0.0384536319731671,0.0890944722776502,,21.728688202914785,assets/pinn_supersonic/atlas2d_v1_continuousM/N76/basin_T401_failure/basin_0485_0582.csv,0.065,0.192,0.065,0.192,0.03845363197316718,0.08909447227765023,True,False,UNAVAILABLE,0.08575505513962428
588,13,23,1.15,0.06,0.065,0.198,-2.549736936302885e-09,0.1998472244836177,0.026089266,0.11558069,0.0,0.102065065,COMPLETED,True,other,0.035029296875,0.185984375,0.0008920541952006,3.720252984655968e-21,0.0008920541952006,0.0376726746328597,0.0909368034979952,,20.40084818995092,assets/pinn_supersonic/atlas2d_v1_continuousM/N76/basin_T401_failure/basin_0582_0679.csv,0.065,0.198,0.065,0.198,0.03767267463285975,0.09093680349799517,True,False,UNAVAILABLE,0.0911425119359786
613,13,24,1.15,0.06,0.065,0.204,-2.549736936302885e-09,0.1998472244836177,0.026089266,0.11558069,0.0,0.102065065,COMPLETED,True,other,0.035029296875,0.1880156249999999,0.0008924755818596,3.7404871179773905e-21,0.0008924755818596,0.0369734846143641,0.0928146023202732,,20.35287181299645,assets/pinn_supersonic/atlas2d_v1_continuousM/N76/basin_T401_failure/basin_0582_0679.csv,0.065,0.204,0.065,0.204,0.03697348461436411,0.09281460232027323,True,False,UNAVAILABLE,0.09660220226268135
638,13,25,1.15,0.06,0.065,0.21,-2.549736936302885e-09,0.1998472244836177,0.026089266,0.11558069,0.0,0.102065065,COMPLETED,True,other,0.035029296875,0.1940156249999999,0.000905416089675,3.791832094257355e-21,0.000905416089675,0.0355113977579763,0.0983969365573465,,20.17389045201708,assets/pinn_supersonic/atlas2d_v1_continuousM/N76/basin_T401_failure/basin_0582_0679.csv,0.065,0.21,0.065,0.21,0.03551139775797633,0.09839693655734648,True,False,UNAVAILABLE,0.10212254149794744
663,13,26,1.15,0.06,0.065,0.216,-2.549736936302885e-09,0.1998472244836177,0.026089266,0.11558069,0.0,0.102065065,COMPLETED,True,other,0.035029296875,0.2000156249999999,0.0009407502181607,3.8081478598131604e-21,0.0009407502181607,0.0350297042083114,0.1040257845145638,,20.21720150008332,assets/pinn_supersonic/atlas2d_v1_continuousM/N76/basin_T401_failure/basin_0582_0679.csv,0.065,0.216,0.065,0.216,0.03502970420831145,0.1040257845145638,True,False,UNAVAILABLE,0.10769420356732297
688,13,27,1.15,0.06,0.065,0.222,-2.549736936302885e-09,0.1998472244836177,0.026089266,0.11558069,0.0,0.102065065,COMPLETED,True,other,0.035029296875,0.2060156249999999,0.0010035335881371,3.8022307167150145e-21,0.0010035335881371,0.0355682580838362,0.1096939859968197,,20.591947052977048,assets/pinn_supersonic/atlas2d_v1_continuousM/N76/basin_T401_failure/basin_0679_0775.csv,0.065,0.222,0.065,0.222,0.03556825808383621,0.10969398599681965,True,False,UNAVAILABLE,0.11330961778242835
713,13,28,1.15,0.06,0.065,0.228,-2.549736936302885e-09,0.1998472244836177,0.026089266,0.11558069,0.0,0.102065065,COMPLETED,True,other,0.035029296875,0.2120156249999999,0.0010965556297336,3.769605069519681e-21,0.0010965556297336,0.0370826346059037,0.1153957420526012,,20.99700515391305,assets/pinn_supersonic/atlas2d_v1_continuousM/N76/basin_T401_failure/basin_0679_0775.csv,0.065,0.228,0.065,0.228,0.03708263460590369,0.11539574205260116,True,False,UNAVAILABLE,0.11896258858145278
738,13,29,1.15,0.06,0.065,0.234,-2.549736936302885e-09,0.1998472244836177,0.026089266,0.11558069,0.0,0.102065065,COMPLETED,True,other,0.035029296875,0.218015625,0.0012202621407783,3.711590282174683e-21,0.0012202621407783,0.0394606461618605,0.1211263142503332,,20.326118192984723,assets/pinn_supersonic/atlas2d_v1_continuousM/N76/basin_T401_failure/basin_0679_0775.csv,0.065,0.234,0.065,0.234,0.0394606461618605,0.12112631425033325,True,False,UNAVAILABLE,0.12464800632982463
763,13,30,1.15,0.06,0.065,0.24,-2.549736936302885e-09,0.1998472244836177,0.026089266,0.11558069,0.0,0.102065065,COMPLETED,True,other,0.035029296875,0.2240156249999999,0.0013734312058868,3.638043558035386e-21,0.0013734312058868,0.0425577654689263,0.1268817982370618,,24.88260206603445,assets/pinn_supersonic/atlas2d_v1_continuousM/N76/basin_T401_failure/basin_0679_0775.csv,0.065,0.24,0.065,0.24,0.04255776546892635,0.12688179823706183,True,False,UNAVAILABLE,0.13036162580299462
14,14,0,1.15,0.06,0.07,0.06,-2.549736936302885e-09,0.1998472244836177,0.026089266,0.11558069,0.0,0.102065065,COMPLETED,True,other,0.040029296875,0.075984375,0.0016767632337134,1.381034553752278e-21,0.0016767632337134,0.1301704662918458,0.0477760086150254,,22.27391682693269,assets/pinn_supersonic/atlas2d_v1_continuousM/N76/basin_T401_failure/basin_0000_0097.csv,0.07,0.06,0.07,0.06,0.13017046629184584,0.047776008615025435,True,False,UNAVAILABLE,0.07083377359706315
39,14,1,1.15,0.06,0.07,0.066,-2.549736936302885e-09,0.1998472244836177,0.026089266,0.11558069,0.0,0.102065065,COMPLETED,True,other,0.040029296875,0.081984375,0.0015025046371127,1.5566703345896117e-21,0.0015025046371127,0.1244748814051781,0.0447836880926859,,22.148375547956675,assets/pinn_supersonic/atlas2d_v1_continuousM/N76/basin_T401_failure/basin_0000_0097.csv,0.07,0.066,0.07,0.066,0.12447488140517815,0.04478368809268599,True,False,UNAVAILABLE,0.0662302912721966
64,14,2,1.15,0.06,0.07,0.072,-2.549736936302885e-09,0.1998472244836177,0.026089266,0.11558069,0.0,0.102065065,COMPLETED,True,other,0.040029296875,0.087984375,0.0013578031968248,1.7444480557985502e-21,0.0013578031968248,0.1188092669240482,0.0424336003561209,,22.117249132948928,assets/pinn_supersonic/atlas2d_v1_continuousM/N76/basin_T401_failure/basin_0000_0097.csv,0.07,0.072,0.07,0.072,0.11880926692404828,0.04243360035612091,True,False,UNAVAILABLE,0.06186662656069103
89,14,3,1.15,0.06,0.07,0.078,-2.549736936302885e-09,0.1998472244836177,0.026089266,0.11558069,0.0,0.102065065,COMPLETED,True,other,0.040029296875,0.093984375,0.0012432950311029,1.932750241713994e-21,0.0012432950311029,0.113178123828001,0.0408367745932876,,22.02494604501408,assets/pinn_supersonic/atlas2d_v1_continuousM/N76/basin_T401_failure/basin_0000_0097.csv,0.07,0.078,0.07,0.078,0.11317812382800105,0.04083677459328767,True,False,UNAVAILABLE,0.05779712347513499
114,14,4,1.15,0.06,0.07,0.0839999999999999,-2.549736936302885e-09,0.1998472244836177,0.026089266,0.11558069,0.0,0.102065065,COMPLETED,True,other,0.040029296875,0.099984375,0.0011582693444687,2.1151506262981775e-21,0.0011582693444687,0.1075868649948632,0.0400833366772651,,21.48629387305118,assets/pinn_supersonic/atlas2d_v1_continuousM/N76/basin_T401_failure/basin_0097_0194.csv,0.07,0.0839999999999999,0.07,0.084,0.10758686499486324,0.040083336677265095,True,False,UNAVAILABLE,0.05408821943824743
139,14,5,1.15,0.06,0.07,0.09,-2.549736936302885e-09,0.1998472244836177,0.026089266,0.11558069,0.0,0.102065065,COMPLETED,True,other,0.040029296875,0.105984375,0.0011002795290512,2.300275801332804e-21,0.0011002795290512,0.1020420468513813,0.0402207110725679,,21.37956786097493,assets/pinn_supersonic/atlas2d_v1_continuousM/N76/basin_T401_failure/basin_0097_0194.csv,0.07,0.09,0.07,0.09,0.1020420468513814,0.04022071107256789,True,False,UNAVAILABLE,0.05081892838303462
164,14,6,1.15,0.06,0.07,0.096,-2.549736936302885e-09,0.1998472244836177,0.026089266,0.11558069,0.0,0.102065065,COMPLETED,True,other,0.040029296875,0.111984375,0.0010651694309236,2.4771379183149078e-21,0.0010651694309236,0.0965516707872841,0.0412399965953319,,21.33010495000053,assets/pinn_supersonic/atlas2d_v1_continuousM/N76/basin_T401_failure/basin_0097_0194.csv,0.07,0.096,0.07,0.096,0.09655167078728417,0.041239996595331875,True,False,UNAVAILABLE,0.04807901290584074
189,14,7,1.15,0.06,0.07,0.102,-2.549736936302885e-09,0.1998472244836177,0.026089266,0.11558069,0.0,0.102065065,COMPLETED,True,other,0.040029296875,0.117984375,0.0010476164690214,2.6389245138981667e-21,0.0010476164690214,0.0911255778473458,0.0430786378519909,,21.2804573669564,assets/pinn_supersonic/atlas2d_v1_continuousM/N76/basin_T401_failure/basin_0097_0194.csv,0.07,0.102,0.07,0.102,0.09112557784734586,0.043078637851990925,True,False,UNAVAILABLE,0.04596324055155381
214,14,8,1.15,0.06,0.07,0.108,-2.549736936302885e-09,0.1998472244836177,0.026089266,0.11558069,0.0,0.102065065,COMPLETED,True,other,0.040029296875,0.123984375,0.001041973156304,2.7847443211989486e-21,0.001041973156304,0.0857759683373453,0.0456377120283542,,21.487769118044525,assets/pinn_supersonic/atlas2d_v1_continuousM/N76/basin_T401_failure/basin_0194_0291.csv,0.07,0.108,0.07,0.108,0.0857759683373454,0.04563771202835419,True,False,UNAVAILABLE,0.04456060459643698
239,14,9,1.15,0.06,0.07,0.1139999999999999,-2.549736936302885e-09,0.1998472244836177,0.026089266,0.11558069,0.0,0.102065065,COMPLETED,True,other,0.040029296875,0.1280156249999999,0.0010422361141239,2.8784149430395577e-21,0.0010422361141239,0.082232131778339,0.0477050958768608,,25.61321253294591,assets/pinn_supersonic/atlas2d_v1_continuousM/N76/basin_T401_failure/basin_0194_0291.csv,0.07,0.1139999999999999,0.07,0.114,0.08223213177833907,0.047705095876860795,True,False,UNAVAILABLE,0.043939452454485606
264,14,10,1.15,0.06,0.07,0.12,-2.549736936302885e-09,0.1998472244836177,0.026089266,0.11558069,0.0,0.102065065,COMPLETED,True,other,0.040029296875,0.1320156249999999,0.0010441423698876,2.968406519566608e-21,0.0010441423698876,0.0787621146296947,0.0499938061425661,,21.327746683964502,assets/pinn_supersonic/atlas2d_v1_continuousM/N76/basin_T401_failure/basin_0194_0291.csv,0.07,0.12,0.07,0.12,0.0787621146296948,0.049993806142566086,True,False,UNAVAILABLE,0.04413279372530138
289,14,11,1.15,0.06,0.07,0.126,-2.549736936302885e-09,0.1998472244836177,0.026089266,0.11558069,0.0,0.102065065,COMPLETED,True,other,0.040029296875,0.1380156249999999,0.0010477293933338,3.1042588782283678e-21,0.0010477293933338,0.0736579358055719,0.0538032282732224,,21.22676457895432,assets/pinn_supersonic/atlas2d_v1_continuousM/N76/basin_T401_failure/basin_0194_0291.csv,0.07,0.126,0.07,0.126,0.07365793580557202,0.05380322827322239,True,False,UNAVAILABLE,0.04513016155521716
314,14,12,1.15,0.06,0.07,0.132,-2.549736936302885e-09,0.1998472244836177,0.026089266,0.11558069,0.0,0.102065065,COMPLETED,True,other,0.040029296875,0.147984375,0.0010495594019107,3.312918575113596e-21,0.0010495594019107,0.0655141203787063,0.0609173837191239,,21.51136587606743,assets/pinn_supersonic/atlas2d_v1_continuousM/N76/basin_T401_failure/basin_0291_0388.csv,0.07,0.132,0.07,0.132,0.06551412037870637,0.06091738371912393,True,False,UNAVAILABLE,0.04688026751203539
339,14,13,1.15,0.06,0.07,0.138,-2.549736936302885e-09,0.1998472244836177,0.026089266,0.11558069,0.0,0.102065065,COMPLETED,True,other,0.040029296875,0.153984375,0.0010460694002132,3.420053077101406e-21,0.0010460694002132,0.060874836962346,0.0655588236561867,,21.54956585494801,assets/pinn_supersonic/atlas2d_v1_continuousM/N76/basin_T401_failure/basin_0291_0388.csv,0.07,0.138,0.07,0.138,0.06087483696234607,0.0655588236561867,True,False,UNAVAILABLE,0.04930301696651029
364,14,14,1.15,0.06,0.07,0.144,-2.549736936302885e-09,0.1998472244836177,0.026089266,0.11558069,0.0,0.102065065,COMPLETED,True,other,0.040029296875,0.159984375,0.0010389963312408,3.507398426229995e-21,0.0010389963312408,0.0564924028643569,0.0704059023035923,,21.656949202995747,assets/pinn_supersonic/atlas2d_v1_continuousM/N76/basin_T401_failure/basin_0291_0388.csv,0.07,0.144,0.07,0.144,0.05649240286435693,0.07040590230359232,True,False,UNAVAILABLE,0.05230502348723304
389,14,15,1.15,0.06,0.07,0.15,-2.549736936302885e-09,0.1998472244836177,0.026089266,0.11558069,0.0,0.102065065,COMPLETED,True,other,0.040029296875,0.165984375,0.0010293851280277,3.576272168516932e-21,0.0010293851280277,0.0524312634559324,0.0754189816901752,,20.963212908012792,assets/pinn_supersonic/atlas2d_v1_continuousM/N76/basin_T401_failure/basin_0388_0485.csv,0.07,0.15,0.07,0.15,0.0524312634559324,0.0754189816901752,True,False,UNAVAILABLE,0.05579286228542142
414,14,16,1.15,0.06,0.07,0.156,-2.549736936302885e-09,0.1998472244836177,0.026089266,0.11558069,0.0,0.102065065,COMPLETED,True,other,0.040029296875,0.171984375,0.0010192922776766,3.637882845178102e-21,0.0010192922776766,0.048771745855382,0.0805670808654688,,20.82985357893631,assets/pinn_supersonic/atlas2d_v1_continuousM/N76/basin_T401_failure/basin_0388_0485.csv,0.07,0.156,0.07,0.156,0.04877174585538209,0.08056708086546877,True,False,UNAVAILABLE,0.059681416554904256
439,14,17,1.15,0.06,0.07,0.162,-2.549736936302885e-09,0.1998472244836177,0.026089266,0.11558069,0.0,0.102065065,COMPLETED,True,other,0.040029296875,0.1726510416666667,0.0010182656278209,3.644850325017113e-21,0.0010182656278209,0.0483939786776027,0.0811463166773089,,20.81364264898002,assets/pinn_supersonic/atlas2d_v1_continuousM/N76/basin_T401_failure/basin_0388_0485.csv,0.07,0.162,0.07,0.162,0.04839397867760271,0.0811463166773089,True,False,UNAVAILABLE,0.06389757023549487
464,14,18,1.15,0.06,0.07,0.1679999999999999,-2.549736936302885e-09,0.1998472244836177,0.026089266,0.11558069,0.0,0.102065065,COMPLETED,True,other,0.040029296875,0.167984375,0.001025942929045,3.597443096054195e-21,0.001025942929045,0.0511623493367038,0.0771213332300667,,20.83880988403689,assets/pinn_supersonic/atlas2d_v1_continuousM/N76/basin_T401_failure/basin_0388_0485.csv,0.07,0.1679999999999999,0.07,0.168,0.051162349336703855,0.07712133323006666,True,False,UNAVAILABLE,0.06838075373963048
489,14,19,1.15,0.06,0.07,0.174,-2.549736936302885e-09,0.1998472244836177,0.026089266,0.11558069,0.0,0.102065065,COMPLETED,True,other,0.040029296875,0.173984375,0.0010163264701274,3.658536666306169e-21,0.0010163264701274,0.0476574421874224,0.0823087587027224,,21.84386053401977,assets/pinn_supersonic/atlas2d_v1_continuousM/N76/basin_T401_failure/basin_0485_0582.csv,0.07,0.174,0.07,0.174,0.047657442187422405,0.08230875870272243,True,False,UNAVAILABLE,0.0730818409866637
514,14,20,1.15,0.06,0.07,0.18,-2.549736936302885e-09,0.1998472244836177,0.026089266,0.11558069,0.0,0.102065065,COMPLETED,True,other,0.040029296875,0.1746510416666666,0.0010154245328841,3.6654701140940816e-21,0.0010154245328841,0.047298968709481,0.0828919092370345,,21.72338498395402,assets/pinn_supersonic/atlas2d_v1_continuousM/N76/basin_T401_failure/basin_0485_0582.csv,0.07,0.18,0.07,0.18,0.04729896870948104,0.08289190923703442,True,False,UNAVAILABLE,0.07796142303729453
539,14,21,1.15,0.06,0.07,0.186,-2.549736936302885e-09,0.1998472244836177,0.026089266,0.11558069,0.0,0.102065065,COMPLETED,True,other,0.040029296875,0.177984375,0.0010118162586268,3.700722072316604e-21,0.0010118162586268,0.0456106237622175,0.0858259065736155,,21.712541945977136,assets/pinn_supersonic/atlas2d_v1_continuousM/N76/basin_T401_failure/basin_0485_0582.csv,0.07,0.186,0.07,0.186,0.045610623762217584,0.08582590657361555,True,False,UNAVAILABLE,0.08298802011133896
564,14,22,1.15,0.06,0.07,0.192,-2.549736936302885e-09,0.1998472244836177,0.026089266,0.11558069,0.0,0.102065065,COMPLETED,True,other,0.040029296875,0.179984375,0.0010105890835789,3.722582807439524e-21,0.0010105890835789,0.0446864364437812,0.0876000198583481,,21.80785989190917,assets/pinn_supersonic/atlas2d_v1_continuousM/N76/basin_T401_failure/basin_0485_0582.csv,0.07,0.192,0.07,0.192,0.044686436443781195,0.08760001985834813,True,False,UNAVAILABLE,0.08813648212857149
589,14,23,1.15,0.06,0.07,0.198,-2.549736936302885e-09,0.1998472244836177,0.026089266,0.11558069,0.0,0.102065065,COMPLETED,True,other,0.040029296875,0.1820156249999999,0.001010280114179,3.745758068623253e-21,0.001010280114179,0.0438213504193949,0.0894116136339149,,20.473515385994688,assets/pinn_supersonic/atlas2d_v1_continuousM/N76/basin_T401_failure/basin_0582_0679.csv,0.07,0.198,0.07,0.198,0.04382135041939492,0.08941161363391487,True,False,UNAVAILABLE,0.09338665580263597
614,14,24,1.15,0.06,0.07,0.204,-2.549736936302885e-09,0.1998472244836177,0.026089266,0.11558069,0.0,0.102065065,COMPLETED,True,other,0.040029296875,0.1880156249999999,0.0010167660646304,3.809518224604285e-21,0.0010167660646304,0.0417412452949835,0.0948147845677059,,20.363871032954197,assets/pinn_supersonic/atlas2d_v1_continuousM/N76/basin_T401_failure/basin_0582_0679.csv,0.07,0.204,0.07,0.204,0.04174124529498359,0.09481478456770584,True,False,UNAVAILABLE,0.09872231501540063
639,14,25,1.15,0.06,0.07,0.21,-2.549736936302885e-09,0.1998472244836177,0.026089266,0.11558069,0.0,0.102065065,COMPLETED,True,other,0.040029296875,0.1940156249999999,0.0010383972463523,3.8447385702121055e-21,0.0010383972463523,0.0404518524294324,0.1002858419350432,,20.196675800019875,assets/pinn_supersonic/atlas2d_v1_continuousM/N76/basin_T401_failure/basin_0582_0679.csv,0.07,0.21,0.07,0.21,0.0404518524294324,0.10028584193504321,True,False,UNAVAILABLE,0.10413031970564576
664,14,26,1.15,0.06,0.07,0.216,-2.549736936302885e-09,0.1998472244836177,0.026089266,0.11558069,0.0,0.102065065,COMPLETED,True,other,0.040029296875,0.2000156249999999,0.0010802115394393,3.8485946012029155e-21,0.0010802115394393,0.0400296536478791,0.1058142561880037,,20.203376377932727,assets/pinn_supersonic/atlas2d_v1_continuousM/N76/basin_T401_failure/basin_0582_0679.csv,0.07,0.216,0.07,0.216,0.040029653647879124,0.10581425618800364,True,False,UNAVAILABLE,0.10959996114050406
689,14,27,1.15,0.06,0.07,0.222,-2.549736936302885e-09,0.1998472244836177,0.026089266,0.11558069,0.0,0.102065065,COMPLETED,True,other,0.040029296875,0.2060156249999999,0.0011463050267153,3.829828446518245e-21,0.0011463050267153,0.0405017774593381,0.1113914877026987,,20.598383578006175,assets/pinn_supersonic/atlas2d_v1_continuousM/N76/basin_T401_failure/basin_0679_0775.csv,0.07,0.222,0.07,0.222,0.04050177745933812,0.11139148770269865,True,False,UNAVAILABLE,0.11512245429107217
714,14,28,1.15,0.06,0.07,0.228,-2.549736936302885e-09,0.1998472244836177,0.026089266,0.11558069,0.0,0.102065065,COMPLETED,True,other,0.040029296875,0.2120156249999999,0.0012392451853593,3.785545108514939e-21,0.0012392451853593,0.0418379586447802,0.117010556158923,,20.504791305051185,assets/pinn_supersonic/atlas2d_v1_continuousM/N76/basin_T401_failure/basin_0679_0775.csv,0.07,0.228,0.07,0.228,0.04183795864478017,0.11701055615892296,True,False,UNAVAILABLE,0.12069054429407468
739,14,29,1.15,0.06,0.07,0.234,-2.549736936302885e-09,0.1998472244836177,0.026089266,0.11558069,0.0,0.102065065,COMPLETED,True,other,0.040029296875,0.218015625,0.0013599510343106,3.724804945581922e-21,0.0013599510343106,0.0439594766774915,0.1226657122941064,,20.337866485933773,assets/pinn_supersonic/atlas2d_v1_continuousM/N76/basin_T401_failure/basin_0679_0775.csv,0.07,0.234,0.07,0.234,0.043959476677491574,0.12266571229410639,True,False,UNAVAILABLE,0.12629820062851252
764,14,30,1.15,0.06,0.07,0.24,-2.549736936302885e-09,0.1998472244836177,0.026089266,0.11558069,0.0,0.102065065,COMPLETED,True,other,0.040029296875,0.2240156249999999,0.0015080198856391,3.651126756195048e-21,0.0015080198856391,0.0467595594072004,0.1283521861622172,,24.901561937993392,assets/pinn_supersonic/atlas2d_v1_continuousM/N76/basin_T401_failure/basin_0679_0775.csv,0.07,0.24,0.07,0.24,0.04675955940720047,0.12835218616221722,True,False,UNAVAILABLE,0.13194037851241747
15,15,0,1.15,0.06,0.075,0.06,-2.549736936302885e-09,0.1998472244836177,0.026089266,0.11558069,0.0,0.102065065,COMPLETED,True,other,0.0450292968749999,0.075984375,0.0018314340987257,1.4328032690340636e-21,0.0018314340987257,0.1317939425348674,0.0520369096693201,,22.30576124601066,assets/pinn_supersonic/atlas2d_v1_continuousM/N76/basin_T401_failure/basin_0000_0097.csv,0.075,0.06,0.075,0.06,0.13179394253486743,0.052036909669320064,True,False,UNAVAILABLE,0.07403737895144587
40,15,1,1.15,0.06,0.075,0.066,-2.549736936302885e-09,0.1998472244836177,0.026089266,0.11558069,0.0,0.102065065,COMPLETED,True,other,0.0450292968749999,0.081984375,0.0016601774280533,1.6085381379008416e-21,0.0016601774280533,0.1261716651831168,0.049303870922403,,22.199137428076934,assets/pinn_supersonic/atlas2d_v1_continuousM/N76/basin_T401_failure/basin_0000_0097.csv,0.075,0.066,0.075,0.066,0.1261716651831168,0.049303870922403,True,False,UNAVAILABLE,0.06964597247508286
65,15,2,1.15,0.06,0.075,0.072,-2.549736936302885e-09,0.1998472244836177,0.026089266,0.11558069,0.0,0.102065065,COMPLETED,True,other,0.0450292968749999,0.087984375,0.0015166890316184,1.7999331113709108e-21,0.0015166890316184,0.1205857989204247,0.0471794807933807,,22.11141822906211,assets/pinn_supersonic/atlas2d_v1_continuousM/N76/basin_T401_failure/basin_0000_0097.csv,0.075,0.072,0.075,0.072,0.12058579892042474,0.04717948079338067,True,False,UNAVAILABLE,0.06551022425545497
90,15,3,1.15,0.06,0.075,0.078,-2.549736936302885e-09,0.1998472244836177,0.026089266,0.11558069,0.0,0.102065065,COMPLETED,True,other,0.0450292968749999,0.093984375,0.0014010310986487,1.9916059800275068e-21,0.0014010310986487,0.1150416477084438,0.045748607934373,,22.30821393302176,assets/pinn_supersonic/atlas2d_v1_continuousM/N76/basin_T401_failure/basin_0000_0097.csv,0.075,0.078,0.075,0.078,0.11504164770844383,0.045748607934373,True,False,UNAVAILABLE,0.06168158138374859
115,15,4,1.15,0.06,0.075,0.0839999999999999,-2.549736936302885e-09,0.1998472244836177,0.026089266,0.11558069,0.0,0.102065065,COMPLETED,True,other,0.0450292968749999,0.099984375,0.0013121651302589,2.1777781381580756e-21,0.0013121651302589,0.1095455453848776,0.0450773429555578,,21.521039224928245,assets/pinn_supersonic/atlas2d_v1_continuousM/N76/basin_T401_failure/basin_0097_0194.csv,0.075,0.0839999999999999,0.075,0.084,0.10954554538487764,0.0450773429555578,True,False,UNAVAILABLE,0.05822066198524375
140,15,5,1.15,0.06,0.075,0.09,-2.549736936302885e-09,0.1998472244836177,0.026089266,0.11558069,0.0,0.102065065,COMPLETED,True,other,0.0450292968749999,0.105984375,0.0012477682695707,2.3659125469668288e-21,0.0012477682695707,0.1041051022758581,0.0451995416783509,,21.422975581954237,assets/pinn_supersonic/atlas2d_v1_continuousM/N76/basin_T401_failure/basin_0097_0194.csv,0.075,0.09,0.075,0.09,0.10410510227585809,0.04519954167835086,True,False,UNAVAILABLE,0.05519667999073857
165,15,6,1.15,0.06,0.075,0.096,-2.549736936302885e-09,0.1998472244836177,0.026089266,0.11558069,0.0,0.102065065,COMPLETED,True,other,0.0450292968749999,0.111984375,0.0012043157551176,2.541471285084361e-21,0.0012043157551176,0.0987295200335921,0.0461088959739114,,21.37247450405266,assets/pinn_supersonic/atlas2d_v1_continuousM/N76/basin_T401_failure/basin_0097_0194.csv,0.075,0.096,0.075,0.096,0.0987295200335921,0.046108895973911324,True,False,UNAVAILABLE,0.05268492651603492
190,15,7,1.15,0.06,0.075,0.102,-2.549736936302885e-09,0.1998472244836177,0.026089266,0.11558069,0.0,0.102065065,COMPLETED,True,other,0.0450292968749999,0.117984375,0.0011774626987015,2.6997253814527787e-21,0.0011774626987015,0.0934299948210426,0.0477604649049083,,21.31446046498604,assets/pinn_supersonic/atlas2d_v1_continuousM/N76/basin_T401_failure/basin_0097_0194.csv,0.075,0.102,0.075,0.102,0.09342999482104261,0.04776046490490829,True,False,UNAVAILABLE,0.05076149605754346
215,15,8,1.15,0.06,0.075,0.108,-2.549736936302885e-09,0.1998472244836177,0.026089266,0.11558069,0.0,0.102065065,COMPLETED,True,other,0.0450292968749999,0.123984375,0.0011626044240211,2.842124282196801e-21,0.0011626044240211,0.0882202342915537,0.0500808718767253,,21.551254929043356,assets/pinn_supersonic/atlas2d_v1_continuousM/N76/basin_T401_failure/basin_0194_0291.csv,0.075,0.108,0.075,0.108,0.08822023429155376,0.05008087187672531,True,False,UNAVAILABLE,0.04949502482068273
240,15,9,1.15,0.06,0.075,0.1139999999999999,-2.549736936302885e-09,0.1998472244836177,0.026089266,0.11558069,0.0,0.102065065,COMPLETED,True,other,0.0450292968749999,0.129984375,0.0011554211635346,2.979692259302324e-21,0.0011554211635346,0.0831171194439101,0.0529823125951763,,25.68419966008514,assets/pinn_supersonic/atlas2d_v1_continuousM/N76/basin_T401_failure/basin_0194_0291.csv,0.075,0.1139999999999999,0.075,0.114,0.08311711944391013,0.052982312595176294,True,False,UNAVAILABLE,0.04893654546450944
265,15,10,1.15,0.06,0.075,0.12,-2.549736936302885e-09,0.1998472244836177,0.026089266,0.11558069,0.0,0.102065065,COMPLETED,True,other,0.0450292968749999,0.135984375,0.0011522674825866,3.117882343358973e-21,0.0011522674825866,0.0781415468931209,0.0563751467220528,,21.373463046038523,assets/pinn_supersonic/atlas2d_v1_continuousM/N76/basin_T401_failure/basin_0194_0291.csv,0.075,0.12,0.075,0.12,0.07814154689312092,0.05637514672205276,True,False,UNAVAILABLE,0.04911021769448797
290,15,11,1.15,0.06,0.075,0.126,-2.549736936302885e-09,0.1998472244836177,0.026089266,0.11558069,0.0,0.102065065,COMPLETED,True,other,0.0450292968749999,0.141984375,0.0011503765060226,3.2538827335445337e-21,0.0011503765060226,0.073319486884773,0.0601763150079247,,21.259427426033653,assets/pinn_supersonic/atlas2d_v1_continuousM/N76/basin_T401_failure/basin_0194_0291.csv,0.075,0.126,0.075,0.126,0.07331948688477301,0.060176315007924634,True,False,UNAVAILABLE,0.05000841411202718
315,15,12,1.15,0.06,0.075,0.132,-2.549736936302885e-09,0.1998472244836177,0.026089266,0.11558069,0.0,0.102065065,COMPLETED,True,other,0.0450292968749999,0.147984375,0.0011479260927085,3.3712989432818242e-21,0.0011479260927085,0.0686832800850613,0.0643134558854753,,21.54611696500797,assets/pinn_supersonic/atlas2d_v1_continuousM/N76/basin_T401_failure/basin_0291_0388.csv,0.075,0.132,0.075,0.132,0.06868328008506137,0.06431345588547528,True,False,UNAVAILABLE,0.05159330850023092
340,15,13,1.15,0.06,0.075,0.138,-2.549736936302885e-09,0.1998472244836177,0.026089266,0.11558069,0.0,0.102065065,COMPLETED,True,other,0.0450292968749999,0.153984375,0.0011440343084762,3.4738670097321465e-21,0.0011440343084762,0.0642731574565897,0.0687259218048982,,21.69796401297208,assets/pinn_supersonic/atlas2d_v1_continuousM/N76/basin_T401_failure/basin_0291_0388.csv,0.075,0.138,0.075,0.138,0.06427315745658974,0.06872592180489816,True,False,UNAVAILABLE,0.05380425152346235
365,15,14,1.15,0.06,0.075,0.144,-2.549736936302885e-09,0.1998472244836177,0.026089266,0.11558069,0.0,0.102065065,COMPLETED,True,other,0.0450292968749999,0.159984375,0.0011387364082409,3.5565407567260985e-21,0.0011387364082409,0.0601388774058525,0.0733640514689108,,21.680685751955025,assets/pinn_supersonic/atlas2d_v1_continuousM/N76/basin_T401_failure/basin_0291_0388.csv,0.075,0.144,0.075,0.144,0.06013887740585256,0.0733640514689107,True,False,UNAVAILABLE,0.05656788383880025
390,15,15,1.15,0.06,0.075,0.15,-2.549736936302885e-09,0.1998472244836177,0.026089266,0.11558069,0.0,0.102065065,COMPLETED,True,other,0.0450292968749999,0.165984375,0.0011329695787136,3.627230153302621e-21,0.0011329695787136,0.0563411961342032,0.0781876957579195,,20.987221566028893,assets/pinn_supersonic/atlas2d_v1_continuousM/N76/basin_T401_failure/basin_0388_0485.csv,0.075,0.15,0.075,0.15,0.05634119613420319,0.07818769575791945,True,False,UNAVAILABLE,0.059807637321666524
415,15,16,1.15,0.06,0.075,0.156,-2.549736936302885e-09,0.1998472244836177,0.026089266,0.11558069,0.0,0.102065065,COMPLETED,True,other,0.0450292968749999,0.1666510416666667,0.0011323708769968,3.634455149881608e-21,0.0011323708769968,0.0559430456830788,0.0787336393102979,,20.907571334042583,assets/pinn_supersonic/atlas2d_v1_continuousM/N76/basin_T401_failure/basin_0388_0485.csv,0.075,0.156,0.075,0.156,0.05594304568307877,0.07873363931029793,True,False,UNAVAILABLE,0.06345062239253449
440,15,17,1.15,0.06,0.075,0.162,-2.549736936302885e-09,0.1998472244836177,0.026089266,0.11558069,0.0,0.102065065,COMPLETED,True,other,0.0450292968749999,0.1673177083333333,0.0011317912993233,3.642437750724599e-21,0.0011317912993233,0.055550042553127,0.0792814293453649,,20.930942332022823,assets/pinn_supersonic/atlas2d_v1_continuousM/N76/basin_T401_failure/basin_0388_0485.csv,0.075,0.162,0.075,0.162,0.05555004255312699,0.07928142934536486,True,False,UNAVAILABLE,0.06743151697833885
465,15,18,1.15,0.06,0.075,0.1679999999999999,-2.549736936302885e-09,0.1998472244836177,0.026089266,0.11558069,0.0,0.102065065,COMPLETED,True,other,0.0450292968749999,0.167984375,0.0011312341705562,3.650107139472768e-21,0.0011312341705562,0.0551622967605436,0.079831027852164,,20.85491544508841,assets/pinn_supersonic/atlas2d_v1_continuousM/N76/basin_T401_failure/basin_0388_0485.csv,0.075,0.1679999999999999,0.075,0.168,0.05516229676054363,0.07983102785216394,True,False,UNAVAILABLE,0.07169405471864448
490,15,19,1.15,0.06,0.075,0.174,-2.549736936302885e-09,0.1998472244836177,0.026089266,0.11558069,0.0,0.102065065,COMPLETED,True,other,0.0450292968749999,0.1686510416666666,0.0011307029482212,3.657569730306786e-21,0.0011307029482212,0.0547799199436366,0.0803823977355164,,21.889443640015088,assets/pinn_supersonic/atlas2d_v1_continuousM/N76/basin_T401_failure/basin_0485_0582.csv,0.075,0.174,0.075,0.174,0.05477991994363664,0.08038239773551636,True,False,UNAVAILABLE,0.07619098031919525
515,15,20,1.15,0.06,0.075,0.18,-2.549736936302885e-09,0.1998472244836177,0.026089266,0.11558069,0.0,0.102065065,COMPLETED,True,other,0.0450292968749999,0.171984375,0.0011285655969269,3.6956988898648665e-21,0.0011285655969269,0.0529525843375877,0.083164580729617,,21.80239955196157,assets/pinn_supersonic/atlas2d_v1_continuousM/N76/basin_T401_failure/basin_0485_0582.csv,0.075,0.18,0.075,0.18,0.05295258433758772,0.08316458072961695,True,False,UNAVAILABLE,0.08088320890024084
540,15,21,1.15,0.06,0.075,0.186,-2.549736936302885e-09,0.1998472244836177,0.026089266,0.11558069,0.0,0.102065065,COMPLETED,True,other,0.0450292968749999,0.173984375,0.0011278435580378,3.719277926544705e-21,0.0011278435580378,0.0519280732368809,0.0848529594530031,,22.046792206005197,assets/pinn_supersonic/atlas2d_v1_continuousM/N76/basin_T401_failure/basin_0485_0582.csv,0.075,0.186,0.075,0.186,0.05192807323688093,0.08485295945300303,True,False,UNAVAILABLE,0.08573868136378118
565,15,22,1.15,0.06,0.075,0.192,-2.549736936302885e-09,0.1998472244836177,0.026089266,0.11558069,0.0,0.102065065,COMPLETED,True,other,0.0450292968749999,0.1760156249999999,0.001127689906855,3.74304062029847e-21,0.001127689906855,0.0509468638939648,0.0865813080368417,,21.817799028009176,assets/pinn_supersonic/atlas2d_v1_continuousM/N76/basin_T401_failure/basin_0485_0582.csv,0.075,0.192,0.075,0.192,0.05094686389396483,0.08658130803684165,True,False,UNAVAILABLE,0.09073119354444754
590,15,23,1.15,0.06,0.075,0.198,-2.549736936302885e-09,0.1998472244836177,0.026089266,0.11558069,0.0,0.102065065,COMPLETED,True,other,0.0450292968749999,0.1820156249999999,0.001131996052198,3.8158799428873406e-21,0.001131996052198,0.0484314334583106,0.0917590846803218,,20.47828516596928,assets/pinn_supersonic/atlas2d_v1_continuousM/N76/basin_T401_failure/basin_0582_0679.csv,0.075,0.198,0.075,0.198,0.04843143345831056,0.09175908468032176,True,False,UNAVAILABLE,0.09583933160242719
615,15,24,1.15,0.06,0.075,0.204,-2.549736936302885e-09,0.1998472244836177,0.026089266,0.11558069,0.0,0.102065065,COMPLETED,True,other,0.0450292968749999,0.1880156249999999,0.0011465231551189,3.869671565151176e-21,0.0011465231551189,0.0465577550255954,0.0970316254701037,,20.428281757049263,assets/pinn_supersonic/atlas2d_v1_continuousM/N76/basin_T401_failure/basin_0582_0679.csv,0.075,0.204,0.075,0.204,0.04655775502559536,0.09703162547010362,True,False,UNAVAILABLE,0.10104556141662036
640,15,25,1.15,0.06,0.075,0.21,-2.549736936302885e-09,0.1998472244836177,0.026089266,0.11558069,0.0,0.102065065,COMPLETED,True,other,0.0450292968749999,0.1940156249999999,0.0011754884382441,3.884216123207379e-21,0.0011754884382441,0.0454053450512155,0.1023842910869166,,20.22798158589285,assets/pinn_supersonic/atlas2d_v1_continuousM/N76/basin_T401_failure/basin_0582_0679.csv,0.075,0.21,0.075,0.21,0.04540534505121546,0.10238429108691656,True,False,UNAVAILABLE,0.10633547612156537
665,15,26,1.15,0.06,0.075,0.216,-2.549736936302885e-09,0.1998472244836177,0.026089266,0.11558069,0.0,0.102065065,COMPLETED,True,other,0.0450292968749999,0.2000156249999999,0.0012229553203865,3.878627343658247e-21,0.0012229553203865,0.0450296143156537,0.1078051472860664,,20.275017698993903,assets/pinn_supersonic/atlas2d_v1_continuousM/N76/basin_T401_failure/basin_0582_0679.csv,0.075,0.216,0.075,0.216,0.04502961431565368,0.10780514728606634,True,False,UNAVAILABLE,0.11169718654469322
690,15,27,1.15,0.06,0.075,0.222,-2.549736936302885e-09,0.1998472244836177,0.026089266,0.11558069,0.0,0.102065065,COMPLETED,True,other,0.0450292968749999,0.2060156249999999,0.0012923098449207,3.849476251083253e-21,0.0012923098449207,0.0454498291703403,0.1132844053758966,,20.61607706197537,assets/pinn_supersonic/atlas2d_v1_continuousM/N76/basin_T401_failure/basin_0679_0775.csv,0.075,0.222,0.075,0.222,0.04544982917034023,0.11328440537589654,True,False,UNAVAILABLE,0.11712083282661544
715,15,28,1.15,0.06,0.075,0.228,-2.549736936302885e-09,0.1998472244836177,0.026089266,0.11558069,0.0,0.102065065,COMPLETED,True,other,0.0450292968749999,0.2120156249999999,0.0013858688857837,3.801847356939133e-21,0.0013858688857837,0.0466444828228345,0.1188139857986865,,20.47982471599244,assets/pinn_supersonic/atlas2d_v1_continuousM/N76/basin_T401_failure/basin_0679_0775.csv,0.075,0.228,0.075,0.228,0.046644482822834434,0.1188139857986864,True,False,UNAVAILABLE,0.12259819526404131
740,15,29,1.15,0.06,0.075,0.234,-2.549736936302885e-09,0.1998472244836177,0.026089266,0.11558069,0.0,0.102065065,COMPLETED,True,other,0.0450292968749999,0.218015625,0.0015047599715378,3.7367942313103885e-21,0.0015047599715378,0.0485564473989427,0.1243871775601106,,20.40879244706593,assets/pinn_supersonic/atlas2d_v1_continuousM/N76/basin_T401_failure/basin_0679_0775.csv,0.075,0.234,0.075,0.234,0.048556447398942666,0.12438717756011057,True,False,UNAVAILABLE,0.12812238478111465
765,15,30,1.15,0.06,0.075,0.24,-2.549736936302885e-09,0.1998472244836177,0.026089266,0.11558069,0.0,0.102065065,COMPLETED,True,other,0.0450292968749999,0.2240156249999999,0.0016490760408049,3.668804804267573e-21,0.0016490760408049,0.0511052775181084,0.129998371764305,,24.90267206099816,assets/pinn_supersonic/atlas2d_v1_continuousM/N76/basin_T401_failure/basin_0679_0775.csv,0.075,0.24,0.075,0.24,0.05110527751810834,0.129998371764305,True,False,UNAVAILABLE,0.1336875965899604
16,16,0,1.15,0.06,0.08,0.06,-2.549736936302885e-09,0.1998472244836177,0.026089266,0.11558069,0.0,0.102065065,COMPLETED,True,other,0.0500292968749999,0.075984375,0.0019941392740917,1.4874421458566909e-21,0.0019941392740917,0.133584940330605,0.0564192603344193,,22.474997070035897,assets/pinn_supersonic/atlas2d_v1_continuousM/N76/basin_T401_failure/basin_0000_0097.csv,0.08,0.06,0.08,0.06,0.133584940330605,0.056419260334419255,True,False,UNAVAILABLE,0.07743154061491997
41,16,1,1.15,0.06,0.08,0.066,-2.549736936302885e-09,0.1998472244836177,0.026089266,0.11558069,0.0,0.102065065,COMPLETED,True,other,0.0500292968749999,0.081984375,0.0018245350509026,1.663790972544228e-21,0.0018245350509026,0.1280413296140269,0.0539088550859966,,22.22761492896825,assets/pinn_supersonic/atlas2d_v1_continuousM/N76/basin_T401_failure/basin_0000_0097.csv,0.08,0.066,0.08,0.066,0.12804132961402695,0.053908855085996535,True,False,UNAVAILABLE,0.07324391771335009
66,16,2,1.15,0.06,0.08,0.072,-2.549736936302885e-09,0.1998472244836177,0.026089266,0.11558069,0.0,0.102065065,COMPLETED,True,other,0.0500292968749999,0.087984375,0.0016810968235664,1.859502611031468e-21,0.0016810968235664,0.1225407193365718,0.0519730350920838,,22.145888736005872,assets/pinn_supersonic/atlas2d_v1_continuousM/N76/basin_T401_failure/basin_0000_0097.csv,0.08,0.072,0.08,0.072,0.12254071933657187,0.05197303509208381,True,False,UNAVAILABLE,0.06932315256824376
91,16,3,1.15,0.06,0.08,0.078,-2.549736936302885e-09,0.1998472244836177,0.026089266,0.11558069,0.0,0.102065065,COMPLETED,True,other,0.0500292968749999,0.093984375,0.0015635242839595,2.054080819692113e-21,0.0015635242839595,0.1170891698737379,0.050677688351808,,22.01242386503145,assets/pinn_supersonic/atlas2d_v1_continuousM/N76/basin_T401_failure/basin_0000_0097.csv,0.08,0.078,0.08,0.078,0.11708916987373798,0.050677688351807984,True,False,UNAVAILABLE,0.065717025815233
116,16,4,1.15,0.06,0.08,0.0839999999999999,-2.549736936302885e-09,0.1998472244836177,0.026089266,0.11558069,0.0,0.102065065,COMPLETED,True,other,0.0500292968749999,0.099984375,0.0014706262413149,2.244600336628813e-21,0.0014706262413149,0.11169386513107,0.0500725455382786,,21.555226374068297,assets/pinn_supersonic/atlas2d_v1_continuousM/N76/basin_T401_failure/basin_0097_0194.csv,0.08,0.0839999999999999,0.08,0.084,0.11169386513107,0.05007254553827851,True,False,UNAVAILABLE,0.062480040669000904
141,16,5,1.15,0.06,0.08,0.09,-2.549736936302885e-09,0.1998472244836177,0.026089266,0.11558069,0.0,0.102065065,COMPLETED,True,other,0.0500292968749999,0.105984375,0.0014002452600193,2.4340936717455648e-21,0.0014002452600193,0.1063633645298711,0.0501825820049445,,21.453106465982277,assets/pinn_supersonic/atlas2d_v1_continuousM/N76/basin_T401_failure/basin_0097_0194.csv,0.08,0.09,0.08,0.09,0.1063633645298711,0.05018258200494445,True,False,UNAVAILABLE,0.05967230079358429
166,16,6,1.15,0.06,0.08,0.096,-2.549736936302885e-09,0.1998472244836177,0.026089266,0.11558069,0.0,0.102065065,COMPLETED,True,other,0.0500292968749999,0.111984375,0.0013493559458373,2.607264256732057e-21,0.0013493559458373,0.1011079181879976,0.0510031690847047,,21.408825332997367,assets/pinn_supersonic/atlas2d_v1_continuousM/N76/basin_T401_failure/basin_0097_0194.csv,0.08,0.096,0.08,0.096,0.10110791818799768,0.051003169084704675,True,False,UNAVAILABLE,0.05735687824489753
191,16,7,1.15,0.06,0.08,0.102,-2.549736936302885e-09,0.1998472244836177,0.026089266,0.11558069,0.0,0.102065065,COMPLETED,True,other,0.0500292968749999,0.117984375,0.0013143451129979,2.76014538360969e-21,0.0013143451129979,0.0959398609885767,0.0525009997684138,,21.735937491059303,assets/pinn_supersonic/atlas2d_v1_continuousM/N76/basin_T401_failure/basin_0097_0194.csv,0.08,0.102,0.08,0.102,0.0959398609885767,0.05250099976841369,True,False,UNAVAILABLE,0.05559531888567598
216,16,8,1.15,0.06,0.08,0.108,-2.549736936302885e-09,0.1998472244836177,0.026089266,0.11558069,0.0,0.102065065,COMPLETED,True,other,0.0500292968749999,0.123984375,0.0012914033297122,2.8992285031761207e-21,0.0012914033297122,0.090874103751861,0.0546203871890614,,21.58033767901361,assets/pinn_supersonic/atlas2d_v1_continuousM/N76/basin_T401_failure/basin_0194_0291.csv,0.08,0.108,0.08,0.108,0.09087410375186106,0.05462038718906133,True,False,UNAVAILABLE,0.05444141329906857
241,16,9,1.15,0.06,0.08,0.1139999999999999,-2.549736936302885e-09,0.1998472244836177,0.026089266,0.11558069,0.0,0.102065065,COMPLETED,True,other,0.0500292968749999,0.129984375,0.0012769182453527,3.038547032050089e-21,0.0012769182453527,0.085928741052692,0.0572923940561309,,25.69722192094196,assets/pinn_supersonic/atlas2d_v1_continuousM/N76/basin_T401_failure/basin_0194_0291.csv,0.08,0.1139999999999999,0.08,0.114,0.08592874105269198,0.05729239405613083,True,False,UNAVAILABLE,0.05393417730901252
266,16,10,1.15,0.06,0.08,0.12,-2.549736936302885e-09,0.1998472244836177,0.026089266,0.11558069,0.0,0.102065065,COMPLETED,True,other,0.0500292968749999,0.135984375,0.0012677827815626,3.184141241698056e-21,0.0012677827815626,0.0811257933403254,0.0604437766580066,,21.41354918491561,assets/pinn_supersonic/atlas2d_v1_continuousM/N76/basin_T401_failure/basin_0194_0291.csv,0.08,0.12,0.08,0.12,0.0811257933403254,0.06044377665800652,True,False,UNAVAILABLE,0.054091806052303334
291,16,11,1.15,0.06,0.08,0.126,-2.549736936302885e-09,0.1998472244836177,0.026089266,0.11558069,0.0,0.102065065,COMPLETED,True,other,0.0500292968749999,0.141984375,0.0012615871774256,3.314247873580931e-21,0.0012615871774256,0.0764920920833897,0.0640037643946275,,21.74628000194207,assets/pinn_supersonic/atlas2d_v1_continuousM/N76/basin_T401_failure/basin_0291_0388.csv,0.08,0.126,0.08,0.126,0.07649209208338971,0.0640037643946274,True,False,UNAVAILABLE,0.05490857384780632
316,16,12,1.15,0.06,0.08,0.132,-2.549736936302885e-09,0.1998472244836177,0.026089266,0.11558069,0.0,0.102065065,COMPLETED,True,other,0.0500292968749999,0.147984375,0.0012567112708686,3.4298250978757176e-21,0.0012567112708686,0.0720602939037189,0.0679081259989037,,21.613460661028512,assets/pinn_supersonic/atlas2d_v1_continuousM/N76/basin_T401_failure/basin_0291_0388.csv,0.08,0.132,0.08,0.132,0.07206029390371897,0.06790812599890365,True,False,UNAVAILABLE,0.0563558291749842
341,16,13,1.15,0.06,0.08,0.138,-2.549736936302885e-09,0.1998472244836177,0.026089266,0.11558069,0.0,0.102065065,COMPLETED,True,other,0.0500292968749999,0.153984375,0.0012523532533828,3.528048264596566e-21,0.0012523532533828,0.0678699621606418,0.0721009382510587,,21.728613118990324,assets/pinn_supersonic/atlas2d_v1_continuousM/N76/basin_T401_failure/basin_0291_0388.csv,0.08,0.138,0.08,0.138,0.06786996216064176,0.07210093825105868,True,False,UNAVAILABLE,0.05838670638081926
366,16,14,1.15,0.06,0.08,0.144,-2.549736936302885e-09,0.1998472244836177,0.026089266,0.11558069,0.0,0.102065065,COMPLETED,True,other,0.0500292968749999,0.159984375,0.0012485279507618,3.608745576404396e-21,0.0012485279507618,0.0639685670457259,0.0765348091830311,,21.69263687892817,assets/pinn_supersonic/atlas2d_v1_continuousM/N76/basin_T401_failure/basin_0291_0388.csv,0.08,0.144,0.08,0.144,0.06396856704572591,0.07653480918303107,True,False,UNAVAILABLE,0.06094288705008977
391,16,15,1.15,0.06,0.08,0.15,-2.549736936302885e-09,0.1998472244836177,0.026089266,0.11558069,0.0,0.102065065,COMPLETED,True,other,0.0500292968749999,0.165984375,0.0012460530971069,3.68409921583217e-21,0.0012460530971069,0.0604121128258243,0.0811702453900626,,20.979010389070027,assets/pinn_supersonic/atlas2d_v1_continuousM/N76/basin_T401_failure/basin_0388_0485.csv,0.08,0.15,0.08,0.15,0.06041211282582427,0.08117024539006257,True,False,UNAVAILABLE,0.06396142182597256
416,16,16,1.15,0.06,0.08,0.156,-2.549736936302885e-09,0.1998472244836177,0.026089266,0.11558069,0.0,0.102065065,COMPLETED,True,other,0.0500292968749999,0.163984375,0.0012466451076852,3.659073908192756e-21,0.0012466451076852,0.0615554609601341,0.0796048459371851,,20.970303723937832,assets/pinn_supersonic/atlas2d_v1_continuousM/N76/basin_T401_failure/basin_0388_0485.csv,0.08,0.156,0.08,0.156,0.06155546096013409,0.07960484593718509,True,False,UNAVAILABLE,0.06738020096437825
441,16,17,1.15,0.06,0.08,0.162,-2.549736936302885e-09,0.1998472244836177,0.026089266,0.11558069,0.0,0.102065065,COMPLETED,True,other,0.0500292968749999,0.1646510416666666,0.0012464164942552,3.667890302866484e-21,0.0012464164942552,0.0611694538623177,0.0801244970101368,,20.93487442901824,assets/pinn_supersonic/atlas2d_v1_continuousM/N76/basin_T401_failure/basin_0388_0485.csv,0.08,0.162,0.08,0.162,0.061169453862317716,0.08012449701013674,True,False,UNAVAILABLE,0.07114154540070099
466,16,18,1.15,0.06,0.08,0.1679999999999999,-2.549736936302885e-09,0.1998472244836177,0.026089266,0.11558069,0.0,0.102065065,COMPLETED,True,other,0.0500292968749999,0.1653177083333333,0.0012462183101532,3.675963367319857e-21,0.0012462183101532,0.0607883071527965,0.0806463107306264,,20.95703915099148,assets/pinn_supersonic/atlas2d_v1_continuousM/N76/basin_T401_failure/basin_0388_0485.csv,0.08,0.1679999999999999,0.08,0.168,0.06078830715279644,0.08064631073062642,True,False,UNAVAILABLE,0.07519406547062069
491,16,19,1.15,0.06,0.08,0.174,-2.549736936302885e-09,0.1998472244836177,0.026089266,0.11558069,0.0,0.102065065,COMPLETED,True,other,0.0500292968749999,0.165984375,0.0012460530971069,3.68409921583217e-21,0.0012460530971069,0.0604121128258243,0.0811702453900626,,21.974646289017983,assets/pinn_supersonic/atlas2d_v1_continuousM/N76/basin_T401_failure/basin_0485_0582.csv,0.08,0.174,0.08,0.174,0.06041211282582427,0.08117024539006257,True,False,UNAVAILABLE,0.07949324173789869
516,16,20,1.15,0.06,0.08,0.18,-2.549736936302885e-09,0.1998472244836177,0.026089266,0.11558069,0.0,0.102065065,COMPLETED,True,other,0.0500292968749999,0.1666510416666666,0.001245923509838,3.692675823414767e-21,0.001245923509838,0.0600409639708292,0.0816962601824226,,21.85891652002465,assets/pinn_supersonic/atlas2d_v1_continuousM/N76/basin_T401_failure/basin_0485_0582.csv,0.08,0.18,0.08,0.18,0.06004096397082921,0.08169626018242254,True,False,UNAVAILABLE,0.08400121119364887
541,16,21,1.15,0.06,0.08,0.186,-2.549736936302885e-09,0.1998472244836177,0.026089266,0.11558069,0.0,0.102065065,COMPLETED,True,other,0.0500292968749999,0.1700156249999999,0.0012459162502157,3.7355998643454484e-21,0.0012459162502157,0.05824821996148,0.0843813317631363,,21.905654257978316,assets/pinn_supersonic/atlas2d_v1_continuousM/N76/basin_T401_failure/basin_0485_0582.csv,0.08,0.186,0.08,0.186,0.05824821996148002,0.08438133176313621,True,False,UNAVAILABLE,0.08868614030388287
566,16,22,1.15,0.06,0.08,0.192,-2.549736936302885e-09,0.1998472244836177,0.026089266,0.11558069,0.0,0.102065065,COMPLETED,True,other,0.0500292968749999,0.1760156249999999,0.0012496288241064,3.8146181458671585e-21,0.0012496288241064,0.0554154846128548,0.0892839059972203,,21.82791500503663,assets/pinn_supersonic/atlas2d_v1_continuousM/N76/basin_T401_failure/basin_0485_0582.csv,0.08,0.192,0.08,0.192,0.05541548461285478,0.08928390599722023,True,False,UNAVAILABLE,0.0935214386223822
591,16,23,1.15,0.06,0.08,0.198,-2.549736936302885e-09,0.1998472244836177,0.026089266,0.11558069,0.0,0.102065065,COMPLETED,True,other,0.0500292968749999,0.1820156249999999,0.0012605205987195,3.8828323872239105e-21,0.0012605205987195,0.0531121148239659,0.0943134274115858,,20.518480116967112,assets/pinn_supersonic/atlas2d_v1_continuousM/N76/basin_T401_failure/basin_0582_0679.csv,0.08,0.198,0.08,0.198,0.053112114823965835,0.09431342741158578,True,False,UNAVAILABLE,0.09848496068943725
616,16,24,1.15,0.06,0.08,0.204,-2.549736936302885e-09,0.1998472244836177,0.026089266,0.11558069,0.0,0.102065065,COMPLETED,True,other,0.0500292968749999,0.1880156249999999,0.0012818304777885,3.910831659060812e-21,0.0012818304777885,0.0514093138183221,0.0994506375551231,,20.4495023409836,assets/pinn_supersonic/atlas2d_v1_continuousM/N76/basin_T401_failure/basin_0582_0679.csv,0.08,0.204,0.08,0.204,0.05140931381832205,0.0994506375551231,True,False,UNAVAILABLE,0.1035582709492583
641,16,25,1.15,0.06,0.08,0.21,-2.549736936302885e-09,0.1998472244836177,0.026089266,0.11558069,0.0,0.102065065,COMPLETED,True,other,0.0500292968749999,0.1940156249999999,0.0013170186820404,3.9164991679143604e-21,0.0013170186820404,0.0503680290806312,0.1046796829863392,,20.28131128498353,assets/pinn_supersonic/atlas2d_v1_continuousM/N76/basin_T401_failure/basin_0582_0679.csv,0.08,0.21,0.08,0.21,0.05036802908063114,0.10467968298633915,True,False,UNAVAILABLE,0.10872600186707869
666,16,26,1.15,0.06,0.08,0.216,-2.549736936302885e-09,0.1998472244836177,0.026089266,0.11558069,0.0,0.102065065,COMPLETED,True,other,0.0500292968749999,0.2000156249999999,0.0013694158634773,3.9020051971414266e-21,0.0013694158634773,0.0500295828451917,0.1099874663319438,,20.356466030003503,assets/pinn_supersonic/atlas2d_v1_continuousM/N76/basin_T401_failure/basin_0582_0679.csv,0.08,0.216,0.08,0.216,0.05002958284519162,0.10998746633194373,True,False,UNAVAILABLE,0.11397531084405955
691,16,27,1.15,0.06,0.08,0.222,-2.549736936302885e-09,0.1998472244836177,0.026089266,0.11558069,0.0,0.102065065,COMPLETED,True,other,0.0500292968749999,0.2060156249999999,0.0014418595779222,3.867627561661939e-21,0.0014418595779222,0.0504081339255926,0.1153631200606176,,20.648634342942387,assets/pinn_supersonic/atlas2d_v1_continuousM/N76/basin_T401_failure/basin_0679_0775.csv,0.08,0.222,0.08,0.222,0.05040813392559258,0.11536312006061754,True,False,UNAVAILABLE,0.11929542942627769
716,16,28,1.15,0.06,0.08,0.228,-2.549736936302885e-09,0.1998472244836177,0.026089266,0.11558069,0.0,0.102065065,COMPLETED,True,other,0.0500292968749999,0.2120156249999999,0.0015364193378604,3.813027481807491e-21,0.0015364193378604,0.0514878701448902,0.1207975835442103,,20.511775744962502,assets/pinn_supersonic/atlas2d_v1_continuousM/N76/basin_T401_failure/basin_0679_0775.csv,0.08,0.228,0.08,0.228,0.05148787014489009,0.12079758354421025,True,False,UNAVAILABLE,0.12467729336972311
741,16,29,1.15,0.06,0.08,0.234,-2.549736936302885e-09,0.1998472244836177,0.026089266,0.11558069,0.0,0.102065065,COMPLETED,True,other,0.0500292968749999,0.218015625,0.0016542885255633,3.753698661242535e-21,0.0016542885255633,0.0532261362326222,0.1262832645686691,,23.351574278902262,assets/pinn_supersonic/atlas2d_v1_continuousM/N76/basin_T401_failure/basin_0679_0775.csv,0.08,0.234,0.08,0.234,0.053226136232622165,0.1262832645686691,True,False,UNAVAILABLE,0.13011324099414326
766,16,30,1.15,0.06,0.08,0.24,-2.549736936302885e-09,0.1998472244836177,0.026089266,0.11558069,0.0,0.102065065,COMPLETED,True,other,0.0500292968749999,0.2240156249999999,0.0017958518282939,3.702181054586377e-21,0.0017958518282939,0.0555611589552472,0.1318137687425728,,24.97296214196831,assets/pinn_supersonic/atlas2d_v1_continuousM/N76/basin_T401_failure/basin_0679_0775.csv,0.08,0.24,0.08,0.24,0.055561158955247124,0.13181376874257278,True,False,UNAVAILABLE,0.13559676796295697
17,17,0,1.15,0.06,0.085,0.06,-2.549736936302885e-09,0.1998472244836177,0.026089266,0.11558069,0.0,0.102065065,COMPLETED,True,other,0.055029296875,0.075984375,0.002164469887629,1.5433825563982336e-21,0.002164469887629,0.1355368188994366,0.0608968464325779,,22.42389406496659,assets/pinn_supersonic/atlas2d_v1_continuousM/N76/basin_T401_failure/basin_0000_0097.csv,0.085,0.06,0.085,0.06,0.13553681889943664,0.06089684643257797,True,False,UNAVAILABLE,0.08099230507893945
42,17,1,1.15,0.06,0.085,0.066,-2.549736936302885e-09,0.1998472244836177,0.026089266,0.11558069,0.0,0.102065065,COMPLETED,True,other,0.055029296875,0.081984375,0.0019954190484972,1.7225562316673554e-21,0.0019954190484972,0.1300764201674356,0.0585786447899999,,22.269567508017644,assets/pinn_supersonic/atlas2d_v1_continuousM/N76/basin_T401_failure/basin_0000_0097.csv,0.085,0.066,0.085,0.066,0.1300764201674357,0.05857864478999992,True,False,UNAVAILABLE,0.0769985810388737
67,17,2,1.15,0.06,0.085,0.072,-2.549736936302885e-09,0.1998472244836177,0.026089266,0.11558069,0.0,0.102065065,COMPLETED,True,other,0.055029296875,0.087984375,0.0018511462842598,1.924169438771889e-21,0.0018511462842598,0.1246656363629202,0.0568021948997834,,22.27318464906421,assets/pinn_supersonic/atlas2d_v1_continuousM/N76/basin_T401_failure/basin_0000_0097.csv,0.085,0.072,0.085,0.072,0.12466563636292023,0.05680219489978345,True,False,UNAVAILABLE,0.07327898390398165
92,17,3,1.15,0.06,0.085,0.078,-2.549736936302885e-09,0.1998472244836177,0.026089266,0.11558069,0.0,0.102065065,COMPLETED,True,other,0.055029296875,0.093984375,0.0017311253027739,2.121118639091796e-21,0.0017311253027739,0.1193112178127792,0.0556194306464295,,22.12500414892565,assets/pinn_supersonic/atlas2d_v1_continuousM/N76/basin_T401_failure/basin_0000_0097.csv,0.085,0.078,0.085,0.078,0.11931121781277923,0.05561943064642954,True,False,UNAVAILABLE,0.06987730305328048
117,17,4,1.15,0.06,0.085,0.0839999999999999,-2.549736936302885e-09,0.1998472244836177,0.026089266,0.11558069,0.0,0.102065065,COMPLETED,True,other,0.055029296875,0.099984375,0.0016341100096147,2.317560377813149e-21,0.0016341100096147,0.1140211055119403,0.0550686188807471,,21.624320706934668,assets/pinn_supersonic/atlas2d_v1_continuousM/N76/basin_T401_failure/basin_0097_0194.csv,0.085,0.0839999999999999,0.085,0.084,0.11402110551194036,0.055068618880747176,True,False,UNAVAILABLE,0.0668420936386646
142,17,5,1.15,0.06,0.085,0.09,-2.549736936302885e-09,0.1998472244836177,0.026089266,0.11558069,0.0,0.102065065,COMPLETED,True,other,0.055029296875,0.105984375,0.0015581171009438,2.5065772543537828e-21,0.0015581171009438,0.1088046796252882,0.0551686913514629,,21.476159875979647,assets/pinn_supersonic/atlas2d_v1_continuousM/N76/basin_T401_failure/basin_0097_0194.csv,0.085,0.09,0.085,0.09,0.10880467962528828,0.05516869135146297,True,False,UNAVAILABLE,0.06422533364646696
167,17,6,1.15,0.06,0.085,0.096,-2.549736936302885e-09,0.1998472244836177,0.026089266,0.11558069,0.0,0.102065065,COMPLETED,True,other,0.055029296875,0.111984375,0.0015005240691635,2.672566265215385e-21,0.0015005240691635,0.1036730635920353,0.0559161535285912,,21.441944863065142,assets/pinn_supersonic/atlas2d_v1_continuousM/N76/basin_T401_failure/basin_0097_0194.csv,0.085,0.096,0.085,0.096,0.10367306359203537,0.05591615352859122,True,False,UNAVAILABLE,0.062079960389806954
192,17,7,1.15,0.06,0.085,0.102,-2.549736936302885e-09,0.1998472244836177,0.026089266,0.11558069,0.0,0.102065065,COMPLETED,True,other,0.055029296875,0.117984375,0.0014582820499016,2.818922882501408e-21,0.0014582820499016,0.0986394947308368,0.0572856696341501,,21.221683984040283,assets/pinn_supersonic/atlas2d_v1_continuousM/N76/basin_T401_failure/basin_0097_0194.csv,0.085,0.102,0.085,0.102,0.09863949473083689,0.057285669634150084,True,False,UNAVAILABLE,0.060456178195449975
217,17,8,1.15,0.06,0.085,0.108,-2.549736936302885e-09,0.1998472244836177,0.026089266,0.11558069,0.0,0.102065065,COMPLETED,True,other,0.055029296875,0.123984375,0.0014282004845704,2.95728709123402e-21,0.0014282004845704,0.0937197723372788,0.0592341089696889,,21.606544035021216,assets/pinn_supersonic/atlas2d_v1_continuousM/N76/basin_T401_failure/basin_0194_0291.csv,0.085,0.108,0.085,0.108,0.0937197723372789,0.05923410896968895,True,False,UNAVAILABLE,0.059396780064242545
242,17,9,1.15,0.06,0.085,0.1139999999999999,-2.549736936302885e-09,0.1998472244836177,0.026089266,0.11558069,0.0,0.102065065,COMPLETED,True,other,0.055029296875,0.129984375,0.0014072387693489,3.1035166380165688e-21,0.0014072387693489,0.0889327922261972,0.0617066559248918,,25.0738235990284,assets/pinn_supersonic/atlas2d_v1_continuousM/N76/basin_T401_failure/basin_0194_0291.csv,0.085,0.1139999999999999,0.085,0.114,0.08893279222619727,0.061706655924891815,True,False,UNAVAILABLE,0.058932210903715476
267,17,10,1.15,0.06,0.085,0.12,-2.549736936302885e-09,0.1998472244836177,0.026089266,0.11558069,0.0,0.102065065,COMPLETED,True,other,0.055029296875,0.135984375,0.0013927497025998,3.2510967992741877e-21,0.0013927497025998,0.0843011704506204,0.0646431984468048,,21.4414559249999,assets/pinn_supersonic/atlas2d_v1_continuousM/N76/basin_T401_failure/basin_0194_0291.csv,0.085,0.12,0.085,0.12,0.08430117045062045,0.06464319844680479,True,False,UNAVAILABLE,0.0590765053299533
292,17,11,1.15,0.06,0.085,0.126,-2.549736936302885e-09,0.1998472244836177,0.026089266,0.11558069,0.0,0.102065065,COMPLETED,True,other,0.055029296875,0.141984375,0.0013826487984779,3.377283740668923e-21,0.0013826487984779,0.0798519451581559,0.0679836364534362,,21.770745458081365,assets/pinn_supersonic/atlas2d_v1_continuousM/N76/basin_T401_failure/basin_0291_0388.csv,0.085,0.126,0.085,0.126,0.07985194515815598,0.06798363645343623,True,False,UNAVAILABLE,0.059825257893301224
317,17,12,1.15,0.06,0.085,0.132,-2.549736936302885e-09,0.1998472244836177,0.026089266,0.11558069,0.0,0.102065065,COMPLETED,True,other,0.055029296875,0.147984375,0.0013755120519725,3.4900091517358784e-21,0.0013755120519725,0.0756173191255662,0.0716715183698028,,21.6443923470797,assets/pinn_supersonic/atlas2d_v1_continuousM/N76/basin_T401_failure/basin_0291_0388.csv,0.085,0.132,0.085,0.132,0.07561731912556631,0.07167151836980283,True,False,UNAVAILABLE,0.06115627099488654
342,17,13,1.15,0.06,0.085,0.138,-2.549736936302885e-09,0.1998472244836177,0.026089266,0.11558069,0.0,0.102065065,COMPLETED,True,other,0.055029296875,0.153984375,0.0013706201421312,3.584137477773445e-21,0.0013706201421312,0.0716353596901301,0.0756560524045035,,21.81177852593828,assets/pinn_supersonic/atlas2d_v1_continuousM/N76/basin_T401_failure/basin_0291_0388.csv,0.085,0.138,0.085,0.138,0.07163535969013016,0.07565605240450354,True,False,UNAVAILABLE,0.06303266995772906
367,17,14,1.15,0.06,0.085,0.144,-2.549736936302885e-09,0.1998472244836177,0.026089266,0.11558069,0.0,0.102065065,COMPLETED,True,other,0.055029296875,0.159984375,0.0013679684939799,3.66681456480447e-21,0.0013679684939799,0.0679505008379696,0.0798928656729309,,21.634143844014037,assets/pinn_supersonic/atlas2d_v1_continuousM/N76/basin_T401_failure/basin_0291_0388.csv,0.085,0.144,0.085,0.144,0.06795050083796962,0.07989286567293094,True,False,UNAVAILABLE,0.06540753383212058
392,17,15,1.15,0.06,0.085,0.15,-2.549736936302885e-09,0.1998472244836177,0.026089266,0.11558069,0.0,0.102065065,COMPLETED,True,other,0.055029296875,0.161984375,0.0013676833605137,3.693593409261995e-21,0.0013676833605137,0.066796849972109,0.0813544542445771,,21.041009548935108,assets/pinn_supersonic/atlas2d_v1_continuousM/N76/basin_T401_failure/basin_0388_0485.csv,0.085,0.15,0.085,0.15,0.06679684997210902,0.08135445424457709,True,False,UNAVAILABLE,0.06822883175022125
417,17,16,1.15,0.06,0.085,0.156,-2.549736936302885e-09,0.1998472244836177,0.026089266,0.11558069,0.0,0.102065065,COMPLETED,True,other,0.055029296875,0.161984375,0.0013676833605137,3.693593409261995e-21,0.0013676833605137,0.066796849972109,0.0813544542445771,,20.999235069029965,assets/pinn_supersonic/atlas2d_v1_continuousM/N76/basin_T401_failure/basin_0388_0485.csv,0.085,0.156,0.085,0.156,0.06679684997210902,0.08135445424457709,True,False,UNAVAILABLE,0.07144369448733737
442,17,17,1.15,0.06,0.085,0.162,-2.549736936302885e-09,0.1998472244836177,0.026089266,0.11558069,0.0,0.102065065,COMPLETED,True,other,0.055029296875,0.161984375,0.0013676833605137,3.693593409261995e-21,0.0013676833605137,0.066796849972109,0.0813544542445771,,21.01675503794104,assets/pinn_supersonic/atlas2d_v1_continuousM/N76/basin_T401_failure/basin_0388_0485.csv,0.085,0.162,0.085,0.162,0.06679684997210902,0.08135445424457709,True,False,UNAVAILABLE,0.07500152986439677
467,17,18,1.15,0.06,0.085,0.1679999999999999,-2.549736936302885e-09,0.1998472244836177,0.026089266,0.11558069,0.0,0.102065065,COMPLETED,True,other,0.055029296875,0.161984375,0.0013676833605137,3.693593409261995e-21,0.0013676833605137,0.066796849972109,0.0813544542445771,,20.969390843994915,assets/pinn_supersonic/atlas2d_v1_continuousM/N76/basin_T401_failure/basin_0388_0485.csv,0.085,0.1679999999999999,0.085,0.168,0.06679684997210902,0.08135445424457709,True,False,UNAVAILABLE,0.07885592864204942
492,17,19,1.15,0.06,0.085,0.174,-2.549736936302885e-09,0.1998472244836177,0.026089266,0.11558069,0.0,0.102065065,COMPLETED,True,other,0.055029296875,0.161984375,0.0013676833605137,3.693593409261995e-21,0.0013676833605137,0.066796849972109,0.0813544542445771,,22.007253811927512,assets/pinn_supersonic/atlas2d_v1_continuousM/N76/basin_T401_failure/basin_0485_0582.csv,0.085,0.174,0.085,0.174,0.06679684997210902,0.08135445424457709,True,False,UNAVAILABLE,0.08296556805084866
517,17,20,1.15,0.06,0.085,0.18,-2.549736936302885e-09,0.1998472244836177,0.026089266,0.11558069,0.0,0.102065065,COMPLETED,True,other,0.055029296875,0.1640156249999999,0.0013677663160282,3.721661627542012e-21,0.0013677663160282,0.0656667900596012,0.0828619055952159,,21.95379136491101,assets/pinn_supersonic/atlas2d_v1_continuousM/N76/basin_T401_failure/basin_0485_0582.csv,0.085,0.18,0.085,0.18,0.0656667900596013,0.08286190559521589,True,False,UNAVAILABLE,0.08729440693423605
542,17,21,1.15,0.06,0.085,0.186,-2.549736936302885e-09,0.1998472244836177,0.026089266,0.11558069,0.0,0.102065065,COMPLETED,True,other,0.055029296875,0.1700156249999999,0.0013707560120868,3.805846201927719e-21,0.0013707560120868,0.0625951126121547,0.0874385619670776,,21.897437120089307,assets/pinn_supersonic/atlas2d_v1_continuousM/N76/basin_T401_failure/basin_0485_0582.csv,0.085,0.186,0.085,0.186,0.06259511261215478,0.08743856196707761,True,False,UNAVAILABLE,0.09181144526691648
567,17,22,1.15,0.06,0.085,0.192,-2.549736936302885e-09,0.1998472244836177,0.026089266,0.11558069,0.0,0.102065065,COMPLETED,True,other,0.055029296875,0.1760156249999999,0.0013793145359197,3.884548256525443e-21,0.0013793145359197,0.0599680659111574,0.092178678873536,,21.873813746031374,assets/pinn_supersonic/atlas2d_v1_continuousM/N76/basin_T401_failure/basin_0485_0582.csv,0.085,0.192,0.085,0.192,0.059968065911157456,0.092178678873536,True,False,UNAVAILABLE,0.09649025589146296
592,17,23,1.15,0.06,0.085,0.198,-2.549736936302885e-09,0.1998472244836177,0.026089266,0.11558069,0.0,0.102065065,COMPLETED,True,other,0.055029296875,0.1820156249999999,0.0013957590826272,3.9300177078392535e-21,0.0013957590826272,0.0578462594756265,0.097058310096923,,20.581524525070563,assets/pinn_supersonic/atlas2d_v1_continuousM/N76/basin_T401_failure/basin_0582_0679.csv,0.085,0.198,0.085,0.198,0.05784625947562652,0.09705831009692302,True,False,UNAVAILABLE,0.10130842749741999
617,17,24,1.15,0.06,0.085,0.204,-2.549736936302885e-09,0.1998472244836177,0.026089266,0.11558069,0.0,0.102065065,COMPLETED,True,other,0.055029296875,0.1880156249999999,0.0014227877138161,3.944284654896072e-21,0.0014227877138161,0.0562868594035774,0.1020574459746592,,20.458222293993455,assets/pinn_supersonic/atlas2d_v1_continuousM/N76/basin_T401_failure/basin_0582_0679.csv,0.085,0.204,0.085,0.204,0.05628685940357747,0.10205744597465914,True,False,UNAVAILABLE,0.10624700222594517
642,17,25,1.15,0.06,0.085,0.21,-2.549736936302885e-09,0.1998472244836177,0.026089266,0.11558069,0.0,0.102065065,COMPLETED,True,other,0.055029296875,0.1940156249999999,0.0014632618523425,3.945177197367788e-21,0.0014632618523425,0.0553374317050826,0.1071593626281459,,20.279101543012075,assets/pinn_supersonic/atlas2d_v1_continuousM/N76/basin_T401_failure/basin_0582_0679.csv,0.085,0.21,0.085,0.21,0.05533743170508263,0.10715936262814589,True,False,UNAVAILABLE,0.11128995229579353
667,17,26,1.15,0.06,0.085,0.216,-2.549736936302885e-09,0.1998472244836177,0.026089266,0.11558069,0.0,0.102065065,COMPLETED,True,other,0.055029296875,0.2000156249999999,0.0015199433695072,3.924229144335494e-21,0.0015199433695072,0.0550295570935408,0.1123500588289587,,20.25273266294971,assets/pinn_supersonic/atlas2d_v1_continuousM/N76/basin_T401_failure/basin_0582_0679.csv,0.085,0.216,0.085,0.216,0.05502955709354084,0.11235005882895863,True,False,UNAVAILABLE,0.11642371529031359
692,17,27,1.15,0.06,0.085,0.222,-2.549736936302885e-09,0.1998472244836177,0.026089266,0.11558069,0.0,0.102065065,COMPLETED,True,other,0.055029296875,0.2060156249999999,0.0015952325268315,3.879457106015328e-21,0.0015952325268315,0.0553739375528583,0.117617781133936,,20.703305225935765,assets/pinn_supersonic/atlas2d_v1_continuousM/N76/basin_T401_failure/basin_0679_0775.csv,0.085,0.222,0.085,0.222,0.055373937552858354,0.11761778113393596,True,False,UNAVAILABLE,0.12163679329051716
717,17,28,1.15,0.06,0.085,0.228,-2.549736936302885e-09,0.1998472244836177,0.026089266,0.11558069,0.0,0.102065065,COMPLETED,True,other,0.055029296875,0.2120156249999999,0.0016909670674719,3.830158246385751e-21,0.0016909670674719,0.0563586174981647,0.1229526297354818,,20.503609242034145,assets/pinn_supersonic/atlas2d_v1_continuousM/N76/basin_T401_failure/basin_0679_0775.csv,0.085,0.228,0.085,0.228,0.056358617498164766,0.12295262973548172,True,False,UNAVAILABLE,0.1269194133377554
742,17,29,1.15,0.06,0.085,0.234,-2.549736936302885e-09,0.1998472244836177,0.026089266,0.11558069,0.0,0.102065065,COMPLETED,True,other,0.055029296875,0.218015625,0.0018083285918021,3.78964472496214e-21,0.0018083285918021,0.0579509669677826,0.1283462343774467,,24.870128978043795,assets/pinn_supersonic/atlas2d_v1_continuousM/N76/basin_T401_failure/basin_0679_0775.csv,0.085,0.234,0.085,0.234,0.05795096696778263,0.12834623437744672,True,False,UNAVAILABLE,0.13226324312521603
767,17,30,1.15,0.06,0.085,0.24,-2.549736936302885e-09,0.1998472244836177,0.026089266,0.11558069,0.0,0.102065065,COMPLETED,True,other,0.055029296875,0.2240156249999999,0.0019478647995409,3.757672110431998e-21,0.0019478647995409,0.0601027069165575,0.1337914892617257,,24.980028646066785,assets/pinn_supersonic/atlas2d_v1_continuousM/N76/basin_T401_failure/basin_0679_0775.csv,0.085,0.24,0.085,0.24,0.06010270691655757,0.1337914892617257,True,False,UNAVAILABLE,0.13766115458617945
18,18,0,1.15,0.06,0.09,0.06,-2.549736936302885e-09,0.1998472244836177,0.026089266,0.11558069,0.0,0.102065065,COMPLETED,True,other,0.060029296875,0.075984375,0.0023422017635704,1.6017771147936406e-21,0.0023422017635704,0.1376427341766576,0.0654501250891316,,22.507612252025865,assets/pinn_supersonic/atlas2d_v1_continuousM/N76/basin_T401_failure/basin_0000_0097.csv,0.09,0.06,0.09,0.06,0.13764273417665768,0.06545012508913169,True,False,UNAVAILABLE,0.08469866281116839
43,18,1,1.15,0.06,0.09,0.066,-2.549736936302885e-09,0.1998472244836177,0.026089266,0.11558069,0.0,0.102065065,COMPLETED,True,other,0.060029296875,0.081984375,0.0021727979488685,1.7867687386352413e-21,0.0021727979488685,0.1322693013432165,0.0632988988386289,,22.306595240021124,assets/pinn_supersonic/atlas2d_v1_continuousM/N76/basin_T401_failure/basin_0000_0097.csv,0.09,0.066,0.09,0.066,0.1322693013432166,0.06329889883862898,True,False,UNAVAILABLE,0.08088814178852176
68,18,2,1.15,0.06,0.09,0.072,-2.549736936302885e-09,0.1998472244836177,0.026089266,0.11558069,0.0,0.102065065,COMPLETED,True,other,0.060029296875,0.087984375,0.0020270021590077,1.994778210608454e-21,0.0020270021590077,0.1269520140998922,0.0616585948119399,,22.18808456591796,assets/pinn_supersonic/atlas2d_v1_continuousM/N76/basin_T401_failure/basin_0000_0097.csv,0.09,0.072,0.09,0.072,0.1269520140998922,0.06165859481193992,True,False,UNAVAILABLE,0.07735579798567138
93,18,3,1.15,0.06,0.09,0.078,-2.549736936302885e-09,0.1998472244836177,0.026089266,0.11558069,0.0,0.102065065,COMPLETED,True,other,0.060029296875,0.093984375,0.0019041488951756,2.193972983170024e-21,0.0019041488951756,0.1216982320751448,0.0605707357903384,,22.07602236897219,assets/pinn_supersonic/atlas2d_v1_continuousM/N76/basin_T401_failure/basin_0000_0097.csv,0.09,0.078,0.09,0.078,0.12169823207514485,0.06057073579033843,True,False,UNAVAILABLE,0.07414140194250443
118,18,4,1.15,0.06,0.09,0.0839999999999999,-2.549736936302885e-09,0.1998472244836177,0.026089266,0.11558069,0.0,0.102065065,COMPLETED,True,other,0.060029296875,0.099984375,0.0018029903864793,2.394815735071977e-21,0.0018029903864793,0.1165165460199211,0.0600653457010195,,21.64665024902206,assets/pinn_supersonic/atlas2d_v1_continuousM/N76/basin_T401_failure/basin_0097_0194.csv,0.09,0.0839999999999999,0.09,0.084,0.11651654601992115,0.06006534570101952,True,False,UNAVAILABLE,0.07128797571820936
143,18,5,1.15,0.06,0.09,0.09,-2.549736936302885e-09,0.1998472244836177,0.026089266,0.11558069,0.0,0.102065065,COMPLETED,True,other,0.060029296875,0.105984375,0.0017217102215217,2.5785906056538685e-21,0.0017217102215217,0.111417015319066,0.0601571065975,,21.52538658597041,assets/pinn_supersonic/atlas2d_v1_continuousM/N76/basin_T401_failure/basin_0097_0194.csv,0.09,0.09,0.09,0.09,0.11141701531906602,0.06015710659750006,True,False,UNAVAILABLE,0.06884042040836183
168,18,6,1.15,0.06,0.09,0.096,-2.549736936302885e-09,0.1998472244836177,0.026089266,0.11558069,0.0,0.102065065,COMPLETED,True,other,0.060029296875,0.111984375,0.0016580148966461,2.7357949417415265e-21,0.0016580148966461,0.1064114519626791,0.0608433167585642,,21.48275442502927,assets/pinn_supersonic/atlas2d_v1_continuousM/N76/basin_T401_failure/basin_0097_0194.csv,0.09,0.096,0.09,0.096,0.10641145196267919,0.06084331675856424,True,False,UNAVAILABLE,0.06684333535963027
193,18,7,1.15,0.06,0.09,0.102,-2.549736936302885e-09,0.1998472244836177,0.026089266,0.11558069,0.0,0.102065065,COMPLETED,True,other,0.060029296875,0.117984375,0.0016093000563732,2.8758423350990002e-21,0.0016093000563732,0.1015137572696536,0.0621042745242466,,21.244041246944107,assets/pinn_supersonic/atlas2d_v1_continuousM/N76/basin_T401_failure/basin_0097_0194.csv,0.09,0.102,0.09,0.102,0.10151375726965368,0.06210427452424659,True,False,UNAVAILABLE,0.06533804008385925
218,18,8,1.15,0.06,0.09,0.108,-2.549736936302885e-09,0.1998472244836177,0.026089266,0.11558069,0.0,0.102065065,COMPLETED,True,other,0.060029296875,0.123984375,0.001572864208227,3.0196294069997137e-21,0.001572864208227,0.096740315903964,0.063905967125011,,21.65036315191537,assets/pinn_supersonic/atlas2d_v1_continuousM/N76/basin_T401_failure/basin_0194_0291.csv,0.09,0.108,0.09,0.108,0.09674031590396404,0.06390596712501098,True,False,UNAVAILABLE,0.06435905128262846
243,18,9,1.15,0.06,0.09,0.1139999999999999,-2.549736936302885e-09,0.1998472244836177,0.026089266,0.11558069,0.0,0.102065065,COMPLETED,True,other,0.060029296875,0.129984375,0.0015461299828397,3.1788309172294774e-21,0.0015461299828397,0.0921104474389053,0.066204262356611,,21.61249779094942,assets/pinn_supersonic/atlas2d_v1_continuousM/N76/basin_T401_failure/basin_0194_0291.csv,0.09,0.1139999999999999,0.09,0.114,0.09211044743890533,0.06620426235661103,True,False,UNAVAILABLE,0.06393055202326975
268,18,10,1.15,0.06,0.09,0.12,-2.549736936302885e-09,0.1998472244836177,0.026089266,0.11558069,0.0,0.102065065,COMPLETED,True,other,0.060029296875,0.135984375,0.0015268370681409,3.3164980630254718e-21,0.0015268370681409,0.0876469071536008,0.0689495183027625,,21.486540350015275,assets/pinn_supersonic/atlas2d_v1_continuousM/N76/basin_T401_failure/basin_0194_0291.csv,0.09,0.12,0.09,0.12,0.08764690715360086,0.06894951830276252,True,False,UNAVAILABLE,0.06406358936244518
293,18,11,1.15,0.06,0.09,0.126,-2.549736936302885e-09,0.1998472244836177,0.026089266,0.11558069,0.0,0.102065065,COMPLETED,True,other,0.060029296875,0.141984375,0.0015131866134664,3.4429456312443016e-21,0.0015131866134664,0.083376412370577,0.0720906914530786,,21.793011579895392,assets/pinn_supersonic/atlas2d_v1_continuousM/N76/basin_T401_failure/basin_0291_0388.csv,0.09,0.126,0.09,0.126,0.08337641237057708,0.07209069145307863,True,False,UNAVAILABLE,0.06475470239295367
318,18,12,1.15,0.06,0.09,0.132,-2.549736936302885e-09,0.1998472244836177,0.026089266,0.11558069,0.0,0.102065065,COMPLETED,True,other,0.060029296875,0.147984375,0.001503933960435,3.551245922330255e-21,0.001503933960435,0.0793301452537753,0.075578432864032,,21.670838476042263,assets/pinn_supersonic/atlas2d_v1_continuousM/N76/basin_T401_failure/basin_0291_0388.csv,0.09,0.132,0.09,0.132,0.07933014525377541,0.07557843286403196,True,False,UNAVAILABLE,0.06598635830230366
343,18,13,1.15,0.06,0.09,0.138,-2.549736936302885e-09,0.1998472244836177,0.026089266,0.11558069,0.0,0.102065065,COMPLETED,True,other,0.060029296875,0.153984375,0.0014984374742048,3.644153277068853e-21,0.0014984374742048,0.0755441443937363,0.0793670664330173,,21.76447015302256,assets/pinn_supersonic/atlas2d_v1_continuousM/N76/basin_T401_failure/basin_0291_0388.csv,0.09,0.138,0.09,0.138,0.07554414439373638,0.07936706643301733,True,False,UNAVAILABLE,0.06772907412625688
368,18,14,1.15,0.06,0.09,0.144,-2.549736936302885e-09,0.1998472244836177,0.026089266,0.11558069,0.0,0.102065065,COMPLETED,True,other,0.060029296875,0.1596302083333333,0.0014966667631881,3.725943370672984e-21,0.0014966667631881,0.0722559698395707,0.0831700800185625,,21.766012770007364,assets/pinn_supersonic/atlas2d_v1_continuousM/N76/basin_T401_failure/basin_0291_0388.csv,0.09,0.144,0.09,0.144,0.07225596983957075,0.08317008001856252,True,False,UNAVAILABLE,0.0699446601392844
393,18,15,1.15,0.06,0.09,0.15,-2.549736936302885e-09,0.1998472244836177,0.026089266,0.11558069,0.0,0.102065065,COMPLETED,True,other,0.060029296875,0.1596302083333334,0.0014966667631881,3.725401241793089e-21,0.0014966667631881,0.0722559698395707,0.0831700800185626,,21.129603840992782,assets/pinn_supersonic/atlas2d_v1_continuousM/N76/basin_T401_failure/basin_0388_0485.csv,0.09,0.15,0.09,0.15,0.0722559698395707,0.0831700800185626,True,False,UNAVAILABLE,0.0725898304309908
418,18,16,1.15,0.06,0.09,0.156,-2.549736936302885e-09,0.1998472244836177,0.026089266,0.11558069,0.0,0.102065065,COMPLETED,True,other,0.060029296875,0.1596302083333333,0.0014966667631881,3.725943370672984e-21,0.0014966667631881,0.0722559698395707,0.0831700800185625,,21.06505880597979,assets/pinn_supersonic/atlas2d_v1_continuousM/N76/basin_T401_failure/basin_0388_0485.csv,0.09,0.156,0.09,0.156,0.07225596983957075,0.08317008001856252,True,False,UNAVAILABLE,0.075619517864107
443,18,17,1.15,0.06,0.09,0.162,-2.549736936302885e-09,0.1998472244836177,0.026089266,0.11558069,0.0,0.102065065,COMPLETED,True,other,0.060029296875,0.1596302083333334,0.0014966667631881,3.725401241793089e-21,0.0014966667631881,0.0722559698395707,0.0831700800185626,,21.089562951005064,assets/pinn_supersonic/atlas2d_v1_continuousM/N76/basin_T401_failure/basin_0388_0485.csv,0.09,0.162,0.09,0.162,0.0722559698395707,0.0831700800185626,True,False,UNAVAILABLE,0.07898948969324969
468,18,18,1.15,0.06,0.09,0.1679999999999999,-2.549736936302885e-09,0.1998472244836177,0.026089266,0.11558069,0.0,0.102065065,COMPLETED,True,other,0.060029296875,0.1596302083333333,0.0014966667631881,3.725780727867496e-21,0.0014966667631881,0.0722559698395707,0.0831700800185625,,21.03199268504977,assets/pinn_supersonic/atlas2d_v1_continuousM/N76/basin_T401_failure/basin_0388_0485.csv,0.09,0.1679999999999999,0.09,0.168,0.07225596983957075,0.08317008001856252,True,False,UNAVAILABLE,0.08265813621174863
493,18,19,1.15,0.06,0.09,0.174,-2.549736936302885e-09,0.1998472244836177,0.026089266,0.11558069,0.0,0.102065065,COMPLETED,True,other,0.060029296875,0.1596302083333333,0.0014966667631881,3.725780727867496e-21,0.0014966667631881,0.0722559698395707,0.0831700800185625,,22.060050376923755,assets/pinn_supersonic/atlas2d_v1_continuousM/N76/basin_T401_failure/basin_0485_0582.csv,0.09,0.174,0.09,0.174,0.07225596983957075,0.08317008001856252,True,False,UNAVAILABLE,0.08658750188104515
518,18,20,1.15,0.06,0.09,0.18,-2.549736936302885e-09,0.1998472244836177,0.026089266,0.11558069,0.0,0.102065065,COMPLETED,True,other,0.060029296875,0.1640156249999999,0.0014978543162413,3.7911211300138656e-21,0.0014978543162413,0.0699100873335108,0.0862634822368102,,21.92488669196609,assets/pinn_supersonic/atlas2d_v1_continuousM/N76/basin_T401_failure/basin_0485_0582.csv,0.09,0.18,0.09,0.18,0.06991008733351091,0.08626348223681021,True,False,UNAVAILABLE,0.09074372420173198
543,18,21,1.15,0.06,0.09,0.186,-2.549736936302885e-09,0.1998472244836177,0.026089266,0.11558069,0.0,0.102065065,COMPLETED,True,other,0.060029296875,0.1700156249999999,0.0015039264808275,3.87729990848037e-21,0.0015039264808275,0.0670331344722571,0.0906686003400321,,22.15258963999804,assets/pinn_supersonic/atlas2d_v1_continuousM/N76/basin_T401_failure/basin_0485_0582.csv,0.09,0.186,0.09,0.186,0.06703313447225713,0.09066860034003212,True,False,UNAVAILABLE,0.09509706347727041
568,18,22,1.15,0.06,0.09,0.192,-2.549736936302885e-09,0.1998472244836177,0.026089266,0.11558069,0.0,0.102065065,COMPLETED,True,other,0.060029296875,0.1760156249999999,0.0015165396321004,3.9383741114082604e-21,0.0015165396321004,0.064586855654787,0.0952481065828632,,21.85902061802335,assets/pinn_supersonic/atlas2d_v1_continuousM/N76/basin_T401_failure/basin_0485_0582.csv,0.09,0.192,0.09,0.192,0.06458685565478701,0.09524810658286322,True,False,UNAVAILABLE,0.09962168178664722
593,18,23,1.15,0.06,0.09,0.198,-2.549736936302885e-09,0.1998472244836177,0.026089266,0.11558069,0.0,0.102065065,COMPLETED,True,other,0.060029296875,0.1820156249999999,0.0015376391004019,3.9628256014280005e-21,0.0015376391004019,0.0626217432651701,0.0999780402269442,,20.566431217012,assets/pinn_supersonic/atlas2d_v1_continuousM/N76/basin_T401_failure/basin_0582_0679.csv,0.09,0.198,0.09,0.198,0.06262174326517013,0.09997804022694419,True,False,UNAVAILABLE,0.10429528983611867
618,18,24,1.15,0.06,0.09,0.204,-2.549736936302885e-09,0.1998472244836177,0.026089266,0.11558069,0.0,0.102065065,COMPLETED,True,other,0.060029296875,0.1880156249999999,0.0015694755106611,3.97715192131199e-21,0.0015694755106611,0.0611841771683289,0.1048380429406257,,20.364656581077725,assets/pinn_supersonic/atlas2d_v1_continuousM/N76/basin_T401_failure/basin_0582_0679.csv,0.09,0.204,0.09,0.204,0.06118417716832896,0.10483804294062565,True,False,UNAVAILABLE,0.1090987418900878
643,18,25,1.15,0.06,0.09,0.21,-2.549736936302885e-09,0.1998472244836177,0.026089266,0.11558069,0.0,0.102065065,COMPLETED,True,other,0.060029296875,0.1940156249999999,0.0016144292439361,3.970489205853583e-21,0.0016144292439361,0.0603118922100944,0.1098108463113752,,20.30979476904031,assets/pinn_supersonic/atlas2d_v1_continuousM/N76/basin_T401_failure/basin_0582_0679.csv,0.09,0.21,0.09,0.21,0.06031189221009446,0.10981084631137522,True,False,UNAVAILABLE,0.11401562823578178
668,18,26,1.15,0.06,0.09,0.216,-2.549736936302885e-09,0.1998472244836177,0.026089266,0.11558069,0.0,0.102065065,COMPLETED,True,other,0.060029296875,0.2000156249999999,0.0016748096563191,3.937426606433479e-21,0.0016748096563191,0.0600295356317091,0.1148818031179023,,20.23229315504432,assets/pinn_supersonic/atlas2d_v1_continuousM/N76/basin_T401_failure/basin_0582_0679.csv,0.09,0.216,0.09,0.216,0.06002953563170916,0.11488180311790229,True,False,UNAVAILABLE,0.11903189270947513
693,18,27,1.15,0.06,0.09,0.222,-2.549736936302885e-09,0.1998472244836177,0.026089266,0.11558069,0.0,0.102065065,COMPLETED,True,other,0.060029296875,0.2060156249999999,0.0017526601545252,3.89812249476341e-21,0.0017526601545252,0.0603453888408652,0.120038474697159,,20.713815478025936,assets/pinn_supersonic/atlas2d_v1_continuousM/N76/basin_T401_failure/basin_0679_0775.csv,0.09,0.222,0.09,0.222,0.060345388840865266,0.12003847469715893,True,False,UNAVAILABLE,0.12413548840682104
718,18,28,1.15,0.06,0.09,0.228,-2.549736936302885e-09,0.1998472244836177,0.026089266,0.11558069,0.0,0.102065065,COMPLETED,True,other,0.060029296875,0.2120156249999999,0.0018496064947409,3.8683456635188985e-21,0.0018496064947409,0.0612501980450007,0.1252702763133397,,20.55031328496989,assets/pinn_supersonic/atlas2d_v1_continuousM/N76/basin_T401_failure/basin_0679_0775.csv,0.09,0.228,0.09,0.228,0.061250198045000745,0.12527027631333965,True,False,UNAVAILABLE,0.12931607588385907
743,18,29,1.15,0.06,0.09,0.234,-2.549736936302885e-09,0.1998472244836177,0.026089266,0.11558069,0.0,0.102065065,COMPLETED,True,other,0.060029296875,0.218015625,0.0019667767341195,3.84920072464881e-21,0.0019667767341195,0.0627184786705513,0.1305681770096392,,20.59133397601545,assets/pinn_supersonic/atlas2d_v1_continuousM/N76/basin_T401_failure/basin_0679_0775.csv,0.09,0.234,0.09,0.234,0.06271847867055133,0.13056817700963924,True,False,UNAVAILABLE,0.13456476315142832
768,18,30,1.15,0.06,0.09,0.24,-2.549736936302885e-09,0.1998472244836177,0.026089266,0.11558069,0.0,0.102065065,COMPLETED,True,other,0.060029296875,0.2240156249999999,0.0021047999923584,3.826421346013403e-21,0.0021047999923584,0.0647118874160303,0.1359244480129328,,25.006005836068653,assets/pinn_supersonic/atlas2d_v1_continuousM/N76/basin_T401_failure/basin_0679_0775.csv,0.09,0.24,0.09,0.24,0.06471188741603034,0.13592444801293277,True,False,UNAVAILABLE,0.13987388420287755
19,19,0,1.15,0.06,0.095,0.06,-2.549736936302885e-09,0.1998472244836177,0.026089266,0.11558069,0.0,0.102065065,COMPLETED,True,other,0.065029296875,0.075984375,0.0025272197433465,1.661835212021925e-21,0.0025272197433465,0.1398957299772706,0.0700643407371609,,22.599415351985957,assets/pinn_supersonic/atlas2d_v1_continuousM/N76/basin_T401_failure/basin_0000_0097.csv,0.095,0.06,0.095,0.06,0.13989572997727065,0.0700643407371609,True,False,UNAVAILABLE,0.08853233015119392
44,19,1,1.15,0.06,0.095,0.066,-2.549736936302885e-09,0.1998472244836177,0.026089266,0.11558069,0.0,0.102065065,COMPLETED,True,other,0.065029296875,0.081984375,0.0023567010395296,1.857741228991655e-21,0.0023567010395296,0.1346122619677346,0.0680591181468948,,22.382939427974637,assets/pinn_supersonic/atlas2d_v1_continuousM/N76/basin_T401_failure/basin_0000_0097.csv,0.095,0.066,0.095,0.066,0.13461226196773463,0.0680591181468948,True,False,UNAVAILABLE,0.0848940603458216
69,19,2,1.15,0.06,0.095,0.072,-2.549736936302885e-09,0.1998472244836177,0.026089266,0.11558069,0.0,0.102065065,COMPLETED,True,other,0.065029296875,0.087984375,0.0022088308765428,2.070213971836969e-21,0.0022088308765428,0.1293912936725906,0.0665362704314946,,22.262720025959425,assets/pinn_supersonic/atlas2d_v1_continuousM/N76/basin_T401_failure/basin_0000_0097.csv,0.095,0.072,0.095,0.072,0.12939129367259064,0.06653627043149461,True,False,UNAVAILABLE,0.08153544923528662
94,19,3,1.15,0.06,0.095,0.078,-2.549736936302885e-09,0.1998472244836177,0.026089266,0.11558069,0.0,0.102065065,COMPLETED,True,other,0.065029296875,0.093984375,0.0020828581322506,2.2746608596097817e-21,0.0020828581322506,0.1242407046199561,0.065529436156074,,22.12422326602973,assets/pinn_supersonic/atlas2d_v1_continuousM/N76/basin_T401_failure/basin_0000_0097.csv,0.095,0.078,0.095,0.078,0.12424070461995612,0.06552943615607405,True,False,UNAVAILABLE,0.07849240397643584
119,19,4,1.15,0.06,0.095,0.0839999999999999,-2.549736936302885e-09,0.1998472244836177,0.026089266,0.11558069,0.0,0.102065065,COMPLETED,True,other,0.065029296875,0.099984375,0.0019775600078787,2.475458397948952e-21,0.0019775600078787,0.1191696206701178,0.0650625754403634,,21.712338280980475,assets/pinn_supersonic/atlas2d_v1_continuousM/N76/basin_T401_failure/basin_0097_0194.csv,0.095,0.0839999999999999,0.095,0.084,0.11916962067011783,0.06506257544036345,True,False,UNAVAILABLE,0.07580293847866326
144,19,5,1.15,0.06,0.095,0.09,-2.549736936302885e-09,0.1998472244836177,0.026089266,0.11558069,0.0,0.102065065,COMPLETED,True,other,0.065029296875,0.105984375,0.00189127190189,2.6486061185909668e-21,0.00189127190189,0.1141886347096608,0.0651472980478315,,21.55300758499652,assets/pinn_supersonic/atlas2d_v1_continuousM/N76/basin_T401_failure/basin_0097_0194.csv,0.095,0.09,0.095,0.09,0.11418863470966084,0.06514729804783147,True,False,UNAVAILABLE,0.07350587379250723
169,19,6,1.15,0.06,0.095,0.096,-2.549736936302885e-09,0.1998472244836177,0.026089266,0.11558069,0.0,0.102065065,COMPLETED,True,other,0.065029296875,0.111984375,0.0018219704592791,2.79426701282062e-21,0.0018219704592791,0.1093100640520027,0.0657814727938877,,21.52115591696929,assets/pinn_supersonic/atlas2d_v1_continuousM/N76/basin_T401_failure/basin_0097_0194.csv,0.095,0.096,0.095,0.096,0.10931006405200278,0.06578147279388769,True,False,UNAVAILABLE,0.07163896622648878
194,19,7,1.15,0.06,0.095,0.102,-2.549736936302885e-09,0.1998472244836177,0.026089266,0.11558069,0.0,0.102065065,COMPLETED,True,other,0.065029296875,0.117984375,0.0017674062492788,2.9356882815974604e-21,0.0017674062492788,0.1045482468014147,0.066949487547949,,21.78261090896558,assets/pinn_supersonic/atlas2d_v1_continuousM/N76/basin_T401_failure/basin_0194_0291.csv,0.095,0.102,0.095,0.102,0.10454824680141478,0.06694948754794906,True,False,UNAVAILABLE,0.07023652526997616
219,19,8,1.15,0.06,0.095,0.108,-2.549736936302885e-09,0.1998472244836177,0.026089266,0.11558069,0.0,0.102065065,COMPLETED,True,other,0.065029296875,0.123984375,0.0017252683585484,3.096197958880276e-21,0.0017252683585484,0.099919876478337,0.0686240890863623,,21.74723414995242,assets/pinn_supersonic/atlas2d_v1_continuousM/N76/basin_T401_failure/basin_0194_0291.csv,0.095,0.108,0.095,0.108,0.09991987647833701,0.06862408908636228,True,False,UNAVAILABLE,0.06932674434877206
244,19,9,1.15,0.06,0.095,0.1139999999999999,-2.549736936302885e-09,0.1998472244836177,0.026089266,0.11558069,0.0,0.102065065,COMPLETED,True,other,0.065029296875,0.129984375,0.0016933554427384,3.251198085070114e-21,0.0016933554427384,0.0954443687267232,0.0707693247313621,,21.65874901006464,assets/pinn_supersonic/atlas2d_v1_continuousM/N76/basin_T401_failure/basin_0194_0291.csv,0.095,0.1139999999999999,0.095,0.114,0.09544436872672327,0.07076932473136215,True,False,UNAVAILABLE,0.0689291337679504
269,19,10,1.15,0.06,0.095,0.12,-2.549736936302885e-09,0.1998472244836177,0.026089266,0.11558069,0.0,0.102065065,COMPLETED,True,other,0.065029296875,0.135984375,0.0016697293565357,3.3878733000061592e-21,0.0016697293565357,0.091144244622682,0.0733439093785775,,21.48978378204629,assets/pinn_supersonic/atlas2d_v1_continuousM/N76/basin_T401_failure/basin_0194_0291.csv,0.095,0.12,0.095,0.12,0.09114424462268203,0.07334390937857747,True,False,UNAVAILABLE,0.06905254145938439
294,19,11,1.15,0.06,0.095,0.126,-2.549736936302885e-09,0.1998472244836177,0.026089266,0.11558069,0.0,0.102065065,COMPLETED,True,other,0.065029296875,0.141984375,0.0016528360207431,3.5109761960028205e-21,0.0016528360207431,0.0870455003663939,0.0763043954365211,,21.769711229018867,assets/pinn_supersonic/atlas2d_v1_continuousM/N76/basin_T401_failure/basin_0291_0388.csv,0.095,0.126,0.095,0.126,0.08704550036639394,0.07630439543652112,True,False,UNAVAILABLE,0.06969419977300836
319,19,12,1.15,0.06,0.095,0.132,-2.549736936302885e-09,0.1998472244836177,0.026089266,0.11558069,0.0,0.102065065,COMPLETED,True,other,0.065029296875,0.147984375,0.0016415884119781,3.6144568617133725e-21,0.0016415884119781,0.0831779113721453,0.0796077413505307,,21.736518439021893,assets/pinn_supersonic/atlas2d_v1_continuousM/N76/basin_T401_failure/basin_0291_0388.csv,0.095,0.132,0.095,0.132,0.0831779113721454,0.07960774135053064,True,False,UNAVAILABLE,0.07084002739976884
344,19,13,1.15,0.06,0.095,0.138,-2.549736936302885e-09,0.1998472244836177,0.026089266,0.11558069,0.0,0.102065065,COMPLETED,True,other,0.065029296875,0.153984375,0.0016354139931156,3.707749442475539e-21,0.0016354139931156,0.0795751892641736,0.08321312518427,,21.673497879994105,assets/pinn_supersonic/atlas2d_v1_continuousM/N76/basin_T401_failure/basin_0291_0388.csv,0.095,0.138,0.095,0.138,0.07957518926417369,0.08321312518426997,True,False,UNAVAILABLE,0.07246611264584296
369,19,14,1.15,0.06,0.095,0.144,-2.549736936302885e-09,0.1998472244836177,0.026089266,0.11558069,0.0,0.102065065,COMPLETED,True,other,0.065029296875,0.1583177083333333,0.0016340659124687,3.7749510591786445e-21,0.0016340659124687,0.0771589949088816,0.0859835410648113,,21.803012587944977,assets/pinn_supersonic/atlas2d_v1_continuousM/N76/basin_T401_failure/basin_0291_0388.csv,0.095,0.144,0.095,0.144,0.07715899490888165,0.08598354106481132,True,False,UNAVAILABLE,0.07454103220374668
394,19,15,1.15,0.06,0.095,0.15,-2.549736936302885e-09,0.1998472244836177,0.026089266,0.11558069,0.0,0.102065065,COMPLETED,True,other,0.065029296875,0.1583177083333333,0.0016340659124687,3.7749510591786445e-21,0.0016340659124687,0.0771589949088816,0.0859835410648113,,21.1694680810906,assets/pinn_supersonic/atlas2d_v1_continuousM/N76/basin_T401_failure/basin_0388_0485.csv,0.095,0.15,0.095,0.15,0.07715899490888165,0.08598354106481132,True,False,UNAVAILABLE,0.077028523820725
419,19,16,1.15,0.06,0.095,0.156,-2.549736936302885e-09,0.1998472244836177,0.026089266,0.11558069,0.0,0.102065065,COMPLETED,True,other,0.065029296875,0.1583177083333333,0.0016340659124687,3.7749510591786445e-21,0.0016340659124687,0.0771589949088816,0.0859835410648113,,21.10535136098042,assets/pinn_supersonic/atlas2d_v1_continuousM/N76/basin_T401_failure/basin_0388_0485.csv,0.095,0.156,0.095,0.156,0.07715899490888165,0.08598354106481132,True,False,UNAVAILABLE,0.079890058718216
444,19,17,1.15,0.06,0.095,0.162,-2.549736936302885e-09,0.1998472244836177,0.026089266,0.11558069,0.0,0.102065065,COMPLETED,True,other,0.065029296875,0.1583177083333332,0.0016340659124687,3.774623644826516e-21,0.0016340659124687,0.0771589949088816,0.0859835410648113,,21.09976725303568,assets/pinn_supersonic/atlas2d_v1_continuousM/N76/basin_T401_failure/basin_0388_0485.csv,0.095,0.162,0.095,0.162,0.0771589949088817,0.08598354106481124,True,False,UNAVAILABLE,0.0830869994764524
469,19,18,1.15,0.06,0.095,0.1679999999999999,-2.549736936302885e-09,0.1998472244836177,0.026089266,0.11558069,0.0,0.102065065,COMPLETED,True,other,0.065029296875,0.1583177083333332,0.0016340659124687,3.774623644826516e-21,0.0016340659124687,0.0771589949088816,0.0859835410648113,,21.071885916986503,assets/pinn_supersonic/atlas2d_v1_continuousM/N76/basin_T401_failure/basin_0388_0485.csv,0.095,0.1679999999999999,0.095,0.168,0.0771589949088817,0.08598354106481124,True,False,UNAVAILABLE,0.08658220072278129
494,19,19,1.15,0.06,0.095,0.174,-2.549736936302885e-09,0.1998472244836177,0.026089266,0.11558069,0.0,0.102065065,COMPLETED,True,other,0.065029296875,0.1583177083333332,0.0016340659124687,3.774623644826516e-21,0.0016340659124687,0.0771589949088816,0.0859835410648113,,22.096436102990992,assets/pinn_supersonic/atlas2d_v1_continuousM/N76/basin_T401_failure/basin_0485_0582.csv,0.095,0.174,0.095,0.174,0.0771589949088817,0.08598354106481124,True,False,UNAVAILABLE,0.09034105092370798
519,19,20,1.15,0.06,0.095,0.18,-2.549736936302885e-09,0.1998472244836177,0.026089266,0.11558069,0.0,0.102065065,COMPLETED,True,other,0.065029296875,0.1640156249999999,0.0016365507175287,3.8625475151579245e-21,0.0016365507175287,0.0742476484828071,0.0898147055685787,,22.01745431800373,assets/pinn_supersonic/atlas2d_v1_continuousM/N76/basin_T401_failure/basin_0485_0582.csv,0.095,0.18,0.095,0.18,0.07424764848280713,0.08981470556857865,True,False,UNAVAILABLE,0.09433203847050056
544,19,21,1.15,0.06,0.095,0.186,-2.549736936302885e-09,0.1998472244836177,0.026089266,0.11558069,0.0,0.102065065,COMPLETED,True,other,0.065029296875,0.1700156249999999,0.0016451423472245,3.937816741735676e-21,0.0016451423472245,0.071545329067823,0.0940536445671856,,22.08656174596399,assets/pinn_supersonic/atlas2d_v1_continuousM/N76/basin_T401_failure/basin_0485_0582.csv,0.095,0.186,0.095,0.186,0.071545329067823,0.09405364456718554,True,False,UNAVAILABLE,0.09852695814851892
569,19,22,1.15,0.06,0.095,0.192,-2.549736936302885e-09,0.1998472244836177,0.026089266,0.11558069,0.0,0.102065065,COMPLETED,True,other,0.065029296875,0.1760156249999999,0.0016611102693443,3.972952080086781e-21,0.0016611102693443,0.0692586089783765,0.0984758588506365,,21.88736021099612,assets/pinn_supersonic/atlas2d_v1_continuousM/N76/basin_T401_failure/basin_0485_0582.csv,0.095,0.192,0.095,0.192,0.06925860897837657,0.09847585885063644,True,False,UNAVAILABLE,0.10290087211486597
594,19,23,1.15,0.06,0.095,0.198,-2.549736936302885e-09,0.1998472244836177,0.026089266,0.11558069,0.0,0.102065065,COMPLETED,True,other,0.065029296875,0.1820156249999999,0.001686082823568,4.0019480520394475e-21,0.001686082823568,0.0674297836554163,0.1030577580600824,,20.60887072107289,assets/pinn_supersonic/atlas2d_v1_continuousM/N76/basin_T401_failure/basin_0582_0679.csv,0.095,0.198,0.095,0.198,0.06742978365541633,0.10305775806008237,True,False,UNAVAILABLE,0.10743192021927189
619,19,24,1.15,0.06,0.095,0.204,-2.549736936302885e-09,0.1998472244836177,0.026089266,0.11558069,0.0,0.102065065,COMPLETED,True,other,0.065029296875,0.1880156249999999,0.0017219395101427,4.0075124991739576e-21,0.0017219395101427,0.0660968723164178,0.1077789785457743,,20.41324098606128,assets/pinn_supersonic/atlas2d_v1_continuousM/N76/basin_T401_failure/basin_0582_0679.csv,0.095,0.204,0.095,0.204,0.0660968723164178,0.10777897854577427,True,False,UNAVAILABLE,0.11210105031622138
644,19,25,1.15,0.06,0.095,0.21,-2.549736936302885e-09,0.1998472244836177,0.026089266,0.11558069,0.0,0.102065065,COMPLETED,True,other,0.065029296875,0.1940156249999999,0.0017706692506236,3.986062922299144e-21,0.0017706692506236,0.0652902545270687,0.1126220002325055,,20.35249099403154,assets/pinn_supersonic/atlas2d_v1_continuousM/N76/basin_T401_failure/basin_0582_0679.csv,0.095,0.21,0.095,0.21,0.06529025452706877,0.1126220002325055,True,False,UNAVAILABLE,0.11689171690928317
669,19,26,1.15,0.06,0.095,0.216,-2.549736936302885e-09,0.1998472244836177,0.026089266,0.11558069,0.0,0.102065065,COMPLETED,True,other,0.065029296875,0.2000156249999999,0.0018342144673518,3.959192174165654e-21,0.0018342144673518,0.065029517470192,0.1175717723621213,,20.722584074013863,assets/pinn_supersonic/atlas2d_v1_continuousM/N76/basin_T401_failure/basin_0582_0679.csv,0.095,0.216,0.095,0.216,0.06502951747019203,0.11757177236212127,True,False,UNAVAILABLE,0.12178957870852497
694,19,27,1.15,0.06,0.095,0.222,-2.549736936302885e-09,0.1998472244836177,0.026089266,0.11558069,0.0,0.102065065,COMPLETED,True,other,0.065029296875,0.2060156249999999,0.001914322303074,3.9409942772089946e-21,0.001914322303074,0.0653211983096039,0.122615367619114,,20.78553363692481,assets/pinn_supersonic/atlas2d_v1_continuousM/N76/basin_T401_failure/basin_0679_0775.csv,0.095,0.222,0.095,0.222,0.06532119830960387,0.12261536761911397,True,False,UNAVAILABLE,0.12678221279816818
719,19,28,1.15,0.06,0.095,0.228,-2.549736936302885e-09,0.1998472244836177,0.026089266,0.11558069,0.0,0.102065065,COMPLETED,True,other,0.065029296875,0.2120156249999999,0.002012427002508,3.934473352004123e-21,0.002012427002508,0.0661579908612647,0.1277416732956418,,20.55424270802177,assets/pinn_supersonic/atlas2d_v1_continuousM/N76/basin_T401_failure/basin_0679_0775.csv,0.095,0.228,0.095,0.228,0.0661579908612647,0.12774167329564173,True,False,UNAVAILABLE,0.13185885439362804
744,19,29,1.15,0.06,0.095,0.234,-2.549736936302885e-09,0.1998472244836177,0.026089266,0.11558069,0.0,0.102065065,COMPLETED,True,other,0.065029296875,0.218015625,0.002129581684036,3.925620236446903e-21,0.002129581684036,0.0675196309305358,0.1329411216154372,,20.568351558060385,assets/pinn_supersonic/atlas2d_v1_continuousM/N76/basin_T401_failure/basin_0679_0775.csv,0.095,0.234,0.095,0.234,0.06751963093053584,0.13294112161543728,True,False,UNAVAILABLE,0.1370101656155484
769,19,30,1.15,0.06,0.095,0.24,-2.549736936302885e-09,0.1998472244836177,0.026089266,0.11558069,0.0,0.102065065,COMPLETED,True,other,0.065029296875,0.2240156249999999,0.0022664451455769,3.886652097283709e-21,0.0022664451455769,0.0693752215649965,0.1382054576938641,,25.057535526924767,assets/pinn_supersonic/atlas2d_v1_continuousM/N76/basin_T401_failure/basin_0679_0775.csv,0.095,0.24,0.095,0.24,0.06937522156499651,0.13820545769386414,True,False,UNAVAILABLE,0.14222803339004586
20,20,0,1.15,0.06,0.1,0.06,-2.549736936302885e-09,0.1998472244836177,0.026089266,0.11558069,0.0,0.102065065,COMPLETED,True,other,0.070029296875,0.075984375,0.0027194635046985,1.725580297604223e-21,0.0027194635046985,0.1422888198704339,0.0747282062656597,,22.45353184302803,assets/pinn_supersonic/atlas2d_v1_continuousM/N76/basin_T401_failure/basin_0000_0097.csv,0.1,0.06,0.1,0.06,0.14228881987043393,0.07472820626565971,True,False,UNAVAILABLE,0.0924774755386413
45,20,1,1.15,0.06,0.1,0.066,-2.549736936302885e-09,0.1998472244836177,0.026089266,0.11558069,0.0,0.102065065,COMPLETED,True,other,0.070029296875,0.081984375,0.002547174538049,1.9365005748098357e-21,0.002547174538049,0.1370976078066914,0.0728514689740913,,22.437270259018987,assets/pinn_supersonic/atlas2d_v1_continuousM/N76/basin_T401_failure/basin_0000_0097.csv,0.1,0.066,0.1,0.066,0.13709760780669145,0.07285146897409127,True,False,UNAVAILABLE,0.08900062630116712
70,20,2,1.15,0.06,0.1,0.072,-2.549736936302885e-09,0.1998472244836177,0.026089266,0.11558069,0.0,0.102065065,COMPLETED,True,other,0.070029296875,0.087984375,0.0023967738400611,2.1508376641868947e-21,0.0023967738400611,0.1319749971491341,0.0714308634392934,,22.244968918035735,assets/pinn_supersonic/atlas2d_v1_continuousM/N76/basin_T401_failure/basin_0000_0097.csv,0.1,0.072,0.1,0.072,0.13197499714913416,0.0714308634392934,True,False,UNAVAILABLE,0.08580291068489461
95,20,3,1.15,0.06,0.1,0.078,-2.549736936302885e-09,0.1998472244836177,0.026089266,0.11558069,0.0,0.102065065,COMPLETED,True,other,0.070029296875,0.093984375,0.0022674557203826,2.3625008535165824e-21,0.0022674557203826,0.1269292940132834,0.0704939711725973,,22.179970923927613,assets/pinn_supersonic/atlas2d_v1_continuousM/N76/basin_T401_failure/basin_0000_0097.csv,0.1,0.078,0.1,0.078,0.12692929401328346,0.07049397117259734,True,False,UNAVAILABLE,0.08291662970719445
120,20,4,1.15,0.06,0.1,0.0839999999999999,-2.549736936302885e-09,0.1998472244836177,0.026089266,0.11558069,0.0,0.102065065,COMPLETED,True,other,0.070029296875,0.099984375,0.002158032611387,2.555191129493277e-21,0.002158032611387,0.1219700433914292,0.070060200482749,,21.68891004496254,assets/pinn_supersonic/atlas2d_v1_continuousM/N76/basin_T401_failure/basin_0097_0194.csv,0.1,0.0839999999999999,0.1,0.084,0.12197004339142929,0.07006020048274901,True,False,UNAVAILABLE,0.08037534125588523
145,20,5,1.15,0.06,0.1,0.09,-2.549736936302885e-09,0.1998472244836177,0.026089266,0.11558069,0.0,0.102065065,COMPLETED,True,other,0.070029296875,0.105984375,0.0020669728012622,2.7128937961145116e-21,0.0020669728012622,0.1171082289640814,0.070138886587135,,21.598387266974896,assets/pinn_supersonic/atlas2d_v1_continuousM/N76/basin_T401_failure/basin_0097_0194.csv,0.1,0.09,0.1,0.09,0.11710822896408146,0.07013888658713499,True,False,UNAVAILABLE,0.07821268108177856
170,20,6,1.15,0.06,0.1,0.096,-2.549736936302885e-09,0.1998472244836177,0.026089266,0.11558069,0.0,0.102065065,COMPLETED,True,other,0.070029296875,0.111984375,0.0019924746220711,2.852266255069835e-21,0.0019924746220711,0.1123565000224745,0.0707283191634227,,21.479702198994342,assets/pinn_supersonic/atlas2d_v1_continuousM/N76/basin_T401_failure/basin_0097_0194.csv,0.1,0.096,0.1,0.096,0.11235650002247453,0.07072831916342268,True,False,UNAVAILABLE,0.07646078394837448
195,20,7,1.15,0.06,0.1,0.102,-2.549736936302885e-09,0.1998472244836177,0.026089266,0.11558069,0.0,0.102065065,COMPLETED,True,other,0.070029296875,0.117984375,0.001932574058172,3.007196591327034e-21,0.001932574058172,0.1077294245018365,0.0718159233852979,,24.32314836292062,assets/pinn_supersonic/atlas2d_v1_continuousM/N76/basin_T401_failure/basin_0194_0291.csv,0.1,0.102,0.1,0.102,0.10772942450183658,0.07181592338529794,True,False,UNAVAILABLE,0.07514838309637807
220,20,8,1.15,0.06,0.1,0.108,-2.549736936302885e-09,0.1998472244836177,0.026089266,0.11558069,0.0,0.102065065,COMPLETED,True,other,0.070029296875,0.123984375,0.0018852740043795,3.179882610613885e-21,0.0018852740043795,0.1032437635389832,0.073379551454632,,21.81275652302429,assets/pinn_supersonic/atlas2d_v1_continuousM/N76/basin_T401_failure/basin_0194_0291.csv,0.1,0.108,0.1,0.108,0.10324376353898329,0.07337955145463199,True,False,UNAVAILABLE,0.07429877173951129
245,20,9,1.15,0.06,0.1,0.1139999999999999,-2.549736936302885e-09,0.1998472244836177,0.026089266,0.11558069,0.0,0.102065065,COMPLETED,True,other,0.070029296875,0.129984375,0.0018486784649431,3.326223558361317e-21,0.0018486784649431,0.0989187571489355,0.0753895900750428,,21.66681492701173,assets/pinn_supersonic/atlas2d_v1_continuousM/N76/basin_T401_failure/basin_0194_0291.csv,0.1,0.1139999999999999,0.1,0.114,0.09891875714893551,0.07538959007504276,True,False,UNAVAILABLE,0.07392790732869423
270,20,10,1.15,0.06,0.1,0.12,-2.549736936302885e-09,0.1998472244836177,0.026089266,0.11558069,0.0,0.102065065,COMPLETED,True,other,0.070029296875,0.135984375,0.0018211154307699,3.4629869896402404e-21,0.0018211154307699,0.0947764017152301,0.0778114516744353,,21.547979875002056,assets/pinn_supersonic/atlas2d_v1_continuousM/N76/basin_T401_failure/basin_0194_0291.csv,0.1,0.12,0.1,0.12,0.0947764017152301,0.07781145167443532,True,False,UNAVAILABLE,0.074042984016043
295,20,11,1.15,0.06,0.1,0.126,-2.549736936302885e-09,0.1998472244836177,0.026089266,0.11558069,0.0,0.102065065,COMPLETED,True,other,0.070029296875,0.141984375,0.0018012368752383,3.57924721542601e-21,0.0018012368752383,0.0908416871721527,0.0806080252312571,,21.795032856985927,assets/pinn_supersonic/atlas2d_v1_continuousM/N76/basin_T401_failure/basin_0291_0388.csv,0.1,0.126,0.1,0.126,0.09084168717215273,0.08060802523125712,True,False,UNAVAILABLE,0.07464175428002748
320,20,12,1.15,0.06,0.1,0.132,-2.549736936302885e-09,0.1998472244836177,0.026089266,0.11558069,0.0,0.102065065,COMPLETED,True,other,0.070029296875,0.147984375,0.001788090472871,3.6794644513324405e-21,0.001788090472871,0.0871427445888631,0.0837417784124686,,21.7548795969924,assets/pinn_supersonic/atlas2d_v1_continuousM/N76/basin_T401_failure/basin_0291_0388.csv,0.1,0.132,0.1,0.132,0.08714274458886319,0.08374177841246856,True,False,UNAVAILABLE,0.07571274319426025
345,20,13,1.15,0.06,0.1,0.138,-2.549736936302885e-09,0.1998472244836177,0.026089266,0.11558069,0.0,0.102065065,COMPLETED,True,other,0.070029296875,0.153984375,0.001781162624987,3.7764245994819936e-21,0.001781162624987,0.0837108340698886,0.0871763567240739,,21.767451853025705,assets/pinn_supersonic/atlas2d_v1_continuousM/N76/basin_T401_failure/basin_0291_0388.csv,0.1,0.138,0.1,0.138,0.08371083406988865,0.08717635672407391,True,False,UNAVAILABLE,0.07723630934994241
370,20,14,1.15,0.06,0.1,0.144,-2.549736936302885e-09,0.1998472244836177,0.026089266,0.11558069,0.0,0.102065065,COMPLETED,True,other,0.070029296875,0.157734375,0.0017799457129396,3.836757225630106e-21,0.0017799457129396,0.0817165519925388,0.0894604633158301,,21.876321192015894,assets/pinn_supersonic/atlas2d_v1_continuousM/N76/basin_T401_failure/basin_0291_0388.csv,0.1,0.144,0.1,0.144,0.08171655199253881,0.08946046331583012,True,False,UNAVAILABLE,0.07918633393458747
395,20,15,1.15,0.06,0.1,0.15,-2.549736936302885e-09,0.1998472244836177,0.026089266,0.11558069,0.0,0.102065065,COMPLETED,True,other,0.070029296875,0.157734375,0.0017799457129396,3.837032306358137e-21,0.0017799457129396,0.0817165519925388,0.0894604633158301,,21.188211176078767,assets/pinn_supersonic/atlas2d_v1_continuousM/N76/basin_T401_failure/basin_0388_0485.csv,0.1,0.15,0.1,0.15,0.08171655199253881,0.08946046331583012,True,False,UNAVAILABLE,0.08153222358061872
420,20,16,1.15,0.06,0.1,0.156,-2.549736936302885e-09,0.1998472244836177,0.026089266,0.11558069,0.0,0.102065065,COMPLETED,True,other,0.070029296875,0.157734375,0.0017799457129396,3.836757225630106e-21,0.0017799457129396,0.0817165519925388,0.0894604633158301,,21.131779309012927,assets/pinn_supersonic/atlas2d_v1_continuousM/N76/basin_T401_failure/basin_0388_0485.csv,0.1,0.156,0.1,0.156,0.08171655199253881,0.08946046331583012,True,False,UNAVAILABLE,0.08424091334974948
445,20,17,1.15,0.06,0.1,0.162,-2.549736936302885e-09,0.1998472244836177,0.026089266,0.11558069,0.0,0.102065065,COMPLETED,True,other,0.070029296875,0.157734375,0.0017799457129396,3.837032306358137e-21,0.0017799457129396,0.0817165519925388,0.0894604633158301,,21.110423034988344,assets/pinn_supersonic/atlas2d_v1_continuousM/N76/basin_T401_failure/basin_0388_0485.csv,0.1,0.162,0.1,0.162,0.08171655199253881,0.08946046331583012,True,False,UNAVAILABLE,0.08727863130228385
470,20,18,1.15,0.06,0.1,0.1679999999999999,-2.549736936302885e-09,0.1998472244836177,0.026089266,0.11558069,0.0,0.102065065,COMPLETED,True,other,0.070029296875,0.157734375,0.0017799457129396,3.837032306358137e-21,0.0017799457129396,0.0817165519925388,0.0894604633158301,,21.064871239010245,assets/pinn_supersonic/atlas2d_v1_continuousM/N76/basin_T401_failure/basin_0388_0485.csv,0.1,0.1679999999999999,0.1,0.168,0.08171655199253881,0.08946046331583012,True,False,UNAVAILABLE,0.09061229211315643
495,20,19,1.15,0.06,0.1,0.174,-2.549736936302885e-09,0.1998472244836177,0.026089266,0.11558069,0.0,0.102065065,COMPLETED,True,other,0.070029296875,0.1580156249999999,0.0017799527539004,3.841434939070176e-21,0.0017799527539004,0.0815719651183988,0.0896357494815572,,22.13693861698266,assets/pinn_supersonic/atlas2d_v1_continuousM/N76/basin_T401_failure/basin_0485_0582.csv,0.1,0.174,0.1,0.174,0.0815719651183988,0.08963574948155716,True,False,UNAVAILABLE,0.09421048498972924
520,20,20,1.15,0.06,0.1,0.18,-2.549736936302885e-09,0.1998472244836177,0.026089266,0.11558069,0.0,0.102065065,COMPLETED,True,other,0.070029296875,0.1640156249999999,0.0017835155128968,3.926955916798961e-21,0.0017835155128968,0.0786638817976449,0.0934985256842078,,22.045210062060505,assets/pinn_supersonic/atlas2d_v1_continuousM/N76/basin_T401_failure/basin_0485_0582.csv,0.1,0.18,0.1,0.18,0.07866388179764497,0.09349852568420783,True,False,UNAVAILABLE,0.09804408948019253
545,20,21,1.15,0.06,0.1,0.186,-2.549736936302885e-09,0.1998472244836177,0.026089266,0.11558069,0.0,0.102065065,COMPLETED,True,other,0.070029296875,0.1700156249999999,0.0017941237771225,3.975863734133515e-21,0.0017941237771225,0.0761185069852952,0.097577564148325,,21.969889928004704,assets/pinn_supersonic/atlas2d_v1_continuousM/N76/basin_T401_failure/basin_0485_0582.csv,0.1,0.186,0.1,0.186,0.07611850698529528,0.09757756414832496,True,False,UNAVAILABLE,0.10208658815926801
570,20,22,1.15,0.06,0.1,0.192,-2.549736936302885e-09,0.1998472244836177,0.026089266,0.11558069,0.0,0.102065065,COMPLETED,True,other,0.070029296875,0.1760156249999999,0.0018128297960357,4.017245510184862e-21,0.0018128297960357,0.0739732918820504,0.1018468838262638,,21.84996203402989,assets/pinn_supersonic/atlas2d_v1_continuousM/N76/basin_T401_failure/basin_0485_0582.csv,0.1,0.192,0.1,0.192,0.07397329188205046,0.10184688382626378,True,False,UNAVAILABLE,0.10631415466437195
595,20,23,1.15,0.06,0.1,0.198,-2.549736936302885e-09,0.1998472244836177,0.026089266,0.11558069,0.0,0.102065065,COMPLETED,True,other,0.070029296875,0.1820156249999999,0.0018409931200471,4.0351670399785684e-21,0.0018409931200471,0.0722638825282977,0.1062835568896736,,20.60719489492476,assets/pinn_supersonic/atlas2d_v1_continuousM/N76/basin_T401_failure/basin_0582_0679.csv,0.1,0.198,0.1,0.198,0.07226388252829775,0.10628355688967353,True,False,UNAVAILABLE,0.11070558920849481
620,20,24,1.15,0.06,0.1,0.204,-2.549736936302885e-09,0.1998472244836177,0.026089266,0.11558069,0.0,0.102065065,COMPLETED,True,other,0.070029296875,0.1880156249999999,0.0018801843726516,4.0270466888359526e-21,0.0018801843726516,0.0710217538804851,0.1108674938163593,,20.3960211169906,assets/pinn_supersonic/atlas2d_v1_continuousM/N76/basin_T401_failure/basin_0582_0679.csv,0.1,0.204,0.1,0.204,0.07102175388048514,0.1108674938163593,True,False,UNAVAILABLE,0.11524216017586618
645,20,25,1.15,0.06,0.1,0.21,-2.549736936302885e-09,0.1998472244836177,0.026089266,0.11558069,0.0,0.102065065,COMPLETED,True,other,0.070029296875,0.1940156249999999,0.00193207051793,4.0121806208542815e-21,0.00193207051793,0.0702716893952094,0.1155811745273445,,20.64802879502531,assets/pinn_supersonic/atlas2d_v1_continuousM/N76/basin_T401_failure/basin_0582_0679.csv,0.1,0.21,0.1,0.21,0.07027168939520945,0.1155811745273445,True,False,UNAVAILABLE,0.11990739544331701
670,20,26,1.15,0.06,0.1,0.216,-2.549736936302885e-09,0.1998472244836177,0.026089266,0.11558069,0.0,0.102065065,COMPLETED,True,other,0.070029296875,0.2000156249999999,0.0019982920360576,4.0059383240821455e-21,0.0019982920360576,0.0700295019020797,0.1204093626970946,,20.169569207937457,assets/pinn_supersonic/atlas2d_v1_continuousM/N76/basin_T401_failure/basin_0582_0679.csv,0.1,0.216,0.1,0.216,0.07002950190207965,0.12040936269709454,True,False,UNAVAILABLE,0.12468685368554297
695,20,27,1.15,0.06,0.1,0.222,-2.549736936302885e-09,0.1998472244836177,0.026089266,0.11558069,0.0,0.102065065,COMPLETED,True,other,0.070029296875,0.2060156249999999,0.0020803469465061,4.012405659204714e-21,0.0020803469465061,0.0703004405594301,0.125338826167794,,24.01512407499831,assets/pinn_supersonic/atlas2d_v1_continuousM/N76/basin_T401_failure/basin_0679_0775.csv,0.1,0.222,0.1,0.222,0.0703004405594301,0.12533882616779393,True,False,UNAVAILABLE,0.12956789525958967
720,20,28,1.15,0.06,0.1,0.228,-2.549736936302885e-09,0.1998472244836177,0.026089266,0.11558069,0.0,0.102065065,COMPLETED,True,other,0.070029296875,0.2120156249999999,0.0021794976563076,4.016626296775537e-21,0.0021794976563076,0.0710786377827161,0.1303580763325406,,20.634179393062368,assets/pinn_supersonic/atlas2d_v1_continuousM/N76/basin_T401_failure/basin_0679_0775.csv,0.1,0.228,0.1,0.228,0.07107863778271606,0.13035807633254054,True,False,UNAVAILABLE,0.13453946440357195
745,20,29,1.15,0.06,0.1,0.234,-2.549736936302885e-09,0.1998472244836177,0.026089266,0.11558069,0.0,0.102065065,COMPLETED,True,other,0.070029296875,0.218015625,0.0022967127493735,3.988418436507446e-21,0.0022967127493735,0.0723477266764004,0.1354571326476405,,20.68840139207896,assets/pinn_supersonic/atlas2d_v1_continuousM/N76/basin_T401_failure/basin_0679_0775.csv,0.1,0.234,0.1,0.234,0.07234772667640041,0.13545713264764053,True,False,UNAVAILABLE,0.13959188902654768
770,20,30,1.15,0.06,0.1,0.24,-2.549736936302885e-09,0.1998472244836177,0.026089266,0.11558069,0.0,0.102065065,COMPLETED,True,other,0.070029296875,0.2240156249999999,0.0024326480938528,3.937761006937785e-21,0.0024326480938528,0.0740824834994057,0.1406273142213861,,25.05917562602553,assets/pinn_supersonic/atlas2d_v1_continuousM/N76/basin_T401_failure/basin_0679_0775.csv,0.1,0.24,0.1,0.24,0.07408248349940574,0.1406273142213861,True,False,UNAVAILABLE,0.1447167007708509
21,21,0,1.15,0.06,0.105,0.06,-2.549736936302885e-09,0.1998472244836177,0.026089266,0.11558069,0.0,0.102065065,COMPLETED,True,other,0.075029296875,0.075984375,0.0029188876659012,1.80038531799622e-21,0.0029188876659012,0.144815058796964,0.0794329766560021,,22.50436719506979,assets/pinn_supersonic/atlas2d_v1_continuousM/N76/basin_T401_failure/basin_0000_0097.csv,0.105,0.06,0.105,0.06,0.14481505879696407,0.07943297665600216,True,False,UNAVAILABLE,0.0965204303865249
46,21,1,1.15,0.06,0.105,0.066,-2.549736936302885e-09,0.1998472244836177,0.026089266,0.11558069,0.0,0.102065065,COMPLETED,True,other,0.075029296875,0.081984375,0.0027442513589682,2.0244008589890402e-21,0.0027442513589682,0.139717740679431,0.0776700038652824,,22.408794521004893,assets/pinn_supersonic/atlas2d_v1_continuousM/N76/basin_T401_failure/basin_0000_0097.csv,0.105,0.066,0.105,0.066,0.13971774067943107,0.0776700038652824,True,False,UNAVAILABLE,0.09319453568745326
71,21,2,1.15,0.06,0.105,0.072,-2.549736936302885e-09,0.1998472244836177,0.026089266,0.11558069,0.0,0.102065065,COMPLETED,True,other,0.075029296875,0.087984375,0.0025909300570508,2.2415716408672918e-21,0.0025909300570508,0.1346948138079612,0.0763391198562898,,22.285270418971777,assets/pinn_supersonic/atlas2d_v1_continuousM/N76/basin_T401_failure/basin_0000_0097.csv,0.105,0.072,0.105,0.072,0.1346948138079612,0.07633911985628983,True,False,UNAVAILABLE,0.0901457124992642
96,21,3,1.15,0.06,0.105,0.078,-2.549736936302885e-09,0.1998472244836177,0.026089266,0.11558069,0.0,0.102065065,COMPLETED,True,other,0.075029296875,0.093984375,0.0024580789096255,2.452972584433092e-21,0.0024580789096255,0.1297549177216722,0.0754631893073237,,22.182877277955413,assets/pinn_supersonic/atlas2d_v1_continuousM/N76/basin_T401_failure/basin_0000_0097.csv,0.105,0.078,0.105,0.078,0.12975491772167222,0.07546318930732376,True,False,UNAVAILABLE,0.08740296037320475
121,21,4,1.15,0.06,0.105,0.0839999999999999,-2.549736936302885e-09,0.1998472244836177,0.026089266,0.11558069,0.0,0.102065065,COMPLETED,True,other,0.075029296875,0.099984375,0.0023445454025774,2.6278034778670546e-21,0.0023445454025774,0.1249079039899177,0.0750581418663757,,21.722209046944045,assets/pinn_supersonic/atlas2d_v1_continuousM/N76/basin_T401_failure/basin_0097_0194.csv,0.105,0.0839999999999999,0.105,0.084,0.12490790398991776,0.07505814186637573,True,False,UNAVAILABLE,0.08499591450181594
146,21,5,1.15,0.06,0.105,0.09,-2.549736936302885e-09,0.1998472244836177,0.026089266,0.11558069,0.0,0.102065065,COMPLETED,True,other,0.075029296875,0.105984375,0.0022489100032154,2.7703738872270638e-21,0.0022489100032154,0.120165012733953,0.0751315937567744,,21.642399864038453,assets/pinn_supersonic/atlas2d_v1_continuousM/N76/basin_T401_failure/basin_0097_0194.csv,0.105,0.09,0.105,0.09,0.12016501273395305,0.07513159375677442,True,False,UNAVAILABLE,0.08295380330039123
171,21,6,1.15,0.06,0.105,0.096,-2.549736936302885e-09,0.1998472244836177,0.026089266,0.11558069,0.0,0.102065065,COMPLETED,True,other,0.075029296875,0.111984375,0.0021695517278628,2.9174778880979868e-21,0.0021695517278628,0.1155390673821962,0.075682151795737,,21.582182571990412,assets/pinn_supersonic/atlas2d_v1_continuousM/N76/basin_T401_failure/basin_0097_0194.csv,0.105,0.096,0.105,0.096,0.11553906738219626,0.07568215179573705,True,False,UNAVAILABLE,0.08130412955071839
196,21,7,1.15,0.06,0.105,0.102,-2.549736936302885e-09,0.1998472244836177,0.026089266,0.11558069,0.0,0.102065065,COMPLETED,True,other,0.075029296875,0.117984375,0.0021047363511827,3.100746392020261e-21,0.0021047363511827,0.1110446842390227,0.0766995425047176,,26.0941945030354,assets/pinn_supersonic/atlas2d_v1_continuousM/N76/basin_T401_failure/basin_0194_0291.csv,0.105,0.102,0.105,0.102,0.11104468423902278,0.07669954250471762,True,False,UNAVAILABLE,0.08007115262065359
221,21,8,1.15,0.06,0.105,0.108,-2.549736936302885e-09,0.1998472244836177,0.026089266,0.11558069,0.0,0.102065065,COMPLETED,True,other,0.075029296875,0.123984375,0.0020527193310669,3.2581399176605893e-21,0.0020527193310669,0.1066984896984997,0.0781655393407669,,21.88849403697532,assets/pinn_supersonic/atlas2d_v1_continuousM/N76/basin_T401_failure/basin_0194_0291.csv,0.105,0.108,0.105,0.108,0.10669848969849978,0.07816553934076693,True,False,UNAVAILABLE,0.07927431792201052
246,21,9,1.15,0.06,0.105,0.1139999999999999,-2.549736936302885e-09,0.1998472244836177,0.026089266,0.11558069,0.0,0.102065065,COMPLETED,True,other,0.075029296875,0.129984375,0.0020118522183811,3.4087910024039855e-21,0.0020118522183811,0.1025193323726673,0.0800555011253629,,21.74759791290853,assets/pinn_supersonic/atlas2d_v1_continuousM/N76/basin_T401_failure/basin_0194_0291.csv,0.105,0.1139999999999999,0.105,0.114,0.10251933237266739,0.08005550112536293,True,False,UNAVAILABLE,0.07892683625991859
271,21,10,1.15,0.06,0.105,0.12,-2.549736936302885e-09,0.1998472244836177,0.026089266,0.11558069,0.0,0.102065065,COMPLETED,True,other,0.075029296875,0.135984375,0.0019806812445676,3.538184584492353e-21,0.0019806812445676,0.0985284695726775,0.0823402391327168,,21.627045354922306,assets/pinn_supersonic/atlas2d_v1_continuousM/N76/basin_T401_failure/basin_0194_0291.csv,0.105,0.12,0.105,0.12,0.09852846957267752,0.08234023913271678,True,False,UNAVAILABLE,0.07903463469897232
296,21,11,1.15,0.06,0.105,0.126,-2.549736936302885e-09,0.1998472244836177,0.026089266,0.11558069,0.0,0.102065065,COMPLETED,True,other,0.075029296875,0.141984375,0.0019580293767629,3.647370977592377e-21,0.0019580293767629,0.0947496972160366,0.0849879209089914,,21.83499108301476,assets/pinn_supersonic/atlas2d_v1_continuousM/N76/basin_T401_failure/basin_0291_0388.csv,0.105,0.126,0.105,0.126,0.09474969721603667,0.08498792090899143,True,False,UNAVAILABLE,0.07959586347292175
321,21,12,1.15,0.06,0.105,0.132,-2.549736936302885e-09,0.1998472244836177,0.026089266,0.11558069,0.0,0.102065065,COMPLETED,True,other,0.075029296875,0.147984375,0.0019430568694126,3.747008425977018e-21,0.0019430568694126,0.0912093796093757,0.0879657798262085,,21.77185424999334,assets/pinn_supersonic/atlas2d_v1_continuousM/N76/basin_T401_failure/basin_0291_0388.csv,0.105,0.132,0.105,0.132,0.09120937960937578,0.08796577982620847,True,False,UNAVAILABLE,0.08060105137031402
346,21,13,1.15,0.06,0.105,0.138,-2.549736936302885e-09,0.1998472244836177,0.026089266,0.11558069,0.0,0.102065065,COMPLETED,True,other,0.075029296875,0.153984375,0.0019352986711137,3.846280750683324e-21,0.0019352986711137,0.0879363220456928,0.0912414935236868,,21.858750524930656,assets/pinn_supersonic/atlas2d_v1_continuousM/N76/basin_T401_failure/basin_0291_0388.csv,0.105,0.138,0.105,0.138,0.08793632204569282,0.09124149352368682,True,False,UNAVAILABLE,0.08203388008621804
371,21,14,1.15,0.06,0.105,0.144,-2.549736936302885e-09,0.1998472244836177,0.026089266,0.11558069,0.0,0.102065065,COMPLETED,True,other,0.075029296875,0.1575052083333333,0.0019340584216321,3.900840183493554e-21,0.0019340584216321,0.0861524352751434,0.0932898970005725,,21.83915532997344,assets/pinn_supersonic/atlas2d_v1_continuousM/N76/basin_T401_failure/basin_0291_0388.csv,0.105,0.144,0.105,0.144,0.08615243527514341,0.0932898970005725,True,False,UNAVAILABLE,0.08387243577004305
396,21,15,1.15,0.06,0.105,0.15,-2.549736936302885e-09,0.1998472244836177,0.026089266,0.11558069,0.0,0.102065065,COMPLETED,True,other,0.075029296875,0.1575052083333333,0.0019340584216321,3.900840183493554e-21,0.0019340584216321,0.0861524352751434,0.0932898970005725,,21.228931366000324,assets/pinn_supersonic/atlas2d_v1_continuousM/N76/basin_T401_failure/basin_0388_0485.csv,0.105,0.15,0.105,0.15,0.08615243527514341,0.0932898970005725,True,False,UNAVAILABLE,0.08609072819996354
421,21,16,1.15,0.06,0.105,0.156,-2.549736936302885e-09,0.1998472244836177,0.026089266,0.11558069,0.0,0.102065065,COMPLETED,True,other,0.075029296875,0.1575052083333333,0.0019340584216321,3.900840183493554e-21,0.0019340584216321,0.0861524352751434,0.0932898970005725,,21.1902750399895,assets/pinn_supersonic/atlas2d_v1_continuousM/N76/basin_T401_failure/basin_0388_0485.csv,0.105,0.156,0.105,0.156,0.08615243527514341,0.0932898970005725,True,False,UNAVAILABLE,0.0886602587521602
446,21,17,1.15,0.06,0.105,0.162,-2.549736936302885e-09,0.1998472244836177,0.026089266,0.11558069,0.0,0.102065065,COMPLETED,True,other,0.075029296875,0.1575052083333332,0.0019340584216321,3.90111755191821e-21,0.0019340584216321,0.0861524352751434,0.0932898970005725,,21.181400881963786,assets/pinn_supersonic/atlas2d_v1_continuousM/N76/basin_T401_failure/basin_0388_0485.csv,0.105,0.162,0.105,0.162,0.08615243527514346,0.09328989700057244,True,False,UNAVAILABLE,0.09155145810963362
471,21,18,1.15,0.06,0.105,0.1679999999999999,-2.549736936302885e-09,0.1998472244836177,0.026089266,0.11558069,0.0,0.102065065,COMPLETED,True,other,0.075029296875,0.1575052083333332,0.0019340584216321,3.90111755191821e-21,0.0019340584216321,0.0861524352751434,0.0932898970005725,,21.14170030900277,assets/pinn_supersonic/atlas2d_v1_continuousM/N76/basin_T401_failure/basin_0388_0485.csv,0.105,0.1679999999999999,0.105,0.168,0.08615243527514346,0.09328989700057244,True,False,UNAVAILABLE,0.09473487996508989
496,21,19,1.15,0.06,0.105,0.174,-2.549736936302885e-09,0.1998472244836177,0.026089266,0.11558069,0.0,0.102065065,COMPLETED,True,other,0.075029296875,0.1580156249999999,0.0019340842308014,3.907999443504448e-21,0.0019340842308014,0.0859027268922508,0.0935941267060624,,22.209400115069,assets/pinn_supersonic/atlas2d_v1_continuousM/N76/basin_T401_failure/basin_0485_0582.csv,0.105,0.174,0.105,0.174,0.08590272689225087,0.09359412670606246,True,False,UNAVAILABLE,0.09818210367475326
521,21,20,1.15,0.06,0.105,0.18,-2.549736936302885e-09,0.1998472244836177,0.026089266,0.11558069,0.0,0.102065065,COMPLETED,True,other,0.075029296875,0.1640156249999999,0.0019384103549685,3.9708250073748555e-21,0.0019384103549685,0.0831462524334153,0.0972998832161194,,22.07930496800691,assets/pinn_supersonic/atlas2d_v1_continuousM/N76/basin_T401_failure/basin_0485_0582.csv,0.105,0.18,0.105,0.18,0.08314625243341536,0.09729988321611939,True,False,UNAVAILABLE,0.10186635107826332
546,21,21,1.15,0.06,0.105,0.186,-2.549736936302885e-09,0.1998472244836177,0.026089266,0.11558069,0.0,0.102065065,COMPLETED,True,other,0.075029296875,0.1700156249999999,0.0019505885066442,4.025806799863616e-21,0.0019505885066442,0.0807423067537571,0.1012258563503934,,22.01309116696939,assets/pinn_supersonic/atlas2d_v1_continuousM/N76/basin_T401_failure/basin_0485_0582.csv,0.105,0.186,0.105,0.186,0.08074230675375714,0.10122585635039336,True,False,UNAVAILABLE,0.10576285492553611
571,21,22,1.15,0.06,0.105,0.192,-2.549736936302885e-09,0.1998472244836177,0.026089266,0.11558069,0.0,0.102065065,COMPLETED,True,other,0.075029296875,0.1760156249999999,0.0019714901643767,4.0551643373375056e-21,0.0019714901643767,0.0787231916662072,0.1053474286058776,,21.876894359011203,assets/pinn_supersonic/atlas2d_v1_continuousM/N76/basin_T401_failure/basin_0485_0582.csv,0.105,0.192,0.105,0.192,0.07872319166620725,0.10534742860587756,True,False,UNAVAILABLE,0.10984903040992214
596,21,23,1.15,0.06,0.105,0.198,-2.549736936302885e-09,0.1998472244836177,0.026089266,0.11558069,0.0,0.102065065,COMPLETED,True,other,0.075029296875,0.1820156249999999,0.0020022474841694,4.059803530502359e-21,0.0020022474841694,0.0771191397275085,0.1096425439045924,,20.668627477949485,assets/pinn_supersonic/atlas2d_v1_continuousM/N76/basin_T401_failure/basin_0582_0679.csv,0.105,0.198,0.105,0.198,0.07711913972750856,0.1096425439045924,True,False,UNAVAILABLE,0.11410450246155933
621,21,24,1.15,0.06,0.105,0.204,-2.549736936302885e-09,0.1998472244836177,0.026089266,0.11558069,0.0,0.102065065,COMPLETED,True,other,0.075029296875,0.1880156249999999,0.0020441730569968,4.057823062659289e-21,0.0020441730569968,0.0759564514607388,0.1140916042216537,,20.484828062006272,assets/pinn_supersonic/atlas2d_v1_continuousM/N76/basin_T401_failure/basin_0582_0679.csv,0.105,0.204,0.105,0.204,0.07595645146073883,0.11409160422165371,True,False,UNAVAILABLE,0.11851103527520125
646,21,25,1.15,0.06,0.105,0.21,-2.549736936302885e-09,0.1998472244836177,0.026089266,0.11558069,0.0,0.102065065,COMPLETED,True,other,0.075029296875,0.1940156249999999,0.002098666721804,4.063765915720412e-21,0.002098666721804,0.0752555866677296,0.1186772972133696,,20.682946112938225,assets/pinn_supersonic/atlas2d_v1_continuousM/N76/basin_T401_failure/basin_0582_0679.csv,0.105,0.21,0.105,0.21,0.07525558666772961,0.11867729721336963,True,False,UNAVAILABLE,0.1230524013662472
671,21,26,1.15,0.06,0.105,0.216,-2.549736936302885e-09,0.1998472244836177,0.026089266,0.11558069,0.0,0.102065065,COMPLETED,True,other,0.075029296875,0.2000156249999999,0.0021671176400737,4.0827555164397786e-21,0.0021671176400737,0.0750294884088966,0.1233843895874615,,20.219479423947632,assets/pinn_supersonic/atlas2d_v1_continuousM/N76/basin_T401_failure/basin_0582_0679.csv,0.105,0.216,0.105,0.216,0.07502948840889659,0.12338438958746145,True,False,UNAVAILABLE,0.12771421801036875
696,21,27,1.15,0.06,0.105,0.222,-2.549736936302885e-09,0.1998472244836177,0.026089266,0.11558069,0.0,0.102065065,COMPLETED,True,other,0.075029296875,0.2060156249999999,0.0022508123303591,4.098831969404287e-21,0.0022508123303591,0.0752824344525158,0.1281995098035498,,21.448390497011133,assets/pinn_supersonic/atlas2d_v1_continuousM/N76/basin_T401_failure/basin_0679_0775.csv,0.105,0.222,0.105,0.222,0.07528243445251577,0.12819950980354983,True,False,UNAVAILABLE,0.13248377063625566
721,21,28,1.15,0.06,0.105,0.228,-2.549736936302885e-09,0.1998472244836177,0.026089266,0.11558069,0.0,0.102065065,COMPLETED,True,other,0.075029296875,0.2120156249999999,0.0023508596282959,4.080826195379575e-21,0.0023508596282959,0.0760096424362983,0.1331109350649693,,20.673340021981858,assets/pinn_supersonic/atlas2d_v1_continuousM/N76/basin_T401_failure/basin_0679_0775.csv,0.105,0.228,0.105,0.228,0.0760096424362983,0.13311093506496927,True,False,UNAVAILABLE,0.1373498361193052
746,21,29,1.15,0.06,0.105,0.234,-2.549736936302885e-09,0.1998472244836177,0.026089266,0.11558069,0.0,0.102065065,COMPLETED,True,other,0.075029296875,0.218015625,0.0024681408959402,4.035900529750776e-21,0.0024681408959402,0.0771977107788211,0.1381083913231577,,20.660593829932623,assets/pinn_supersonic/atlas2d_v1_continuousM/N76/basin_T401_failure/basin_0679_0775.csv,0.105,0.234,0.105,0.234,0.0771977107788211,0.13810839132315778,True,False,UNAVAILABLE,0.14230251396936036
771,21,30,1.15,0.06,0.105,0.24,-2.549736936302885e-09,0.1998472244836177,0.026089266,0.11558069,0.0,0.102065065,COMPLETED,True,other,0.075029296875,0.2240156249999999,0.0026032888746373,3.963887994921727e-21,0.0026032888746373,0.0788258038695901,0.143182870741826,,25.150947183021344,assets/pinn_supersonic/atlas2d_v1_continuousM/N76/basin_T401_failure/basin_0679_0775.csv,0.105,0.24,0.105,0.24,0.07882580386959015,0.14318287074182603,True,False,UNAVAILABLE,0.14733306988588812
22,22,0,1.15,0.06,0.11,0.06,-2.549736936302885e-09,0.1998472244836177,0.026089266,0.11558069,0.0,0.102065065,COMPLETED,True,other,0.080029296875,0.075984375,0.0031254312746799,1.888338533953304e-21,0.0031254312746799,0.1474676040648098,0.0841717930733507,,22.53883300803136,assets/pinn_supersonic/atlas2d_v1_continuousM/N76/basin_T401_failure/basin_0000_0097.csv,0.11,0.06,0.11,0.06,0.14746760406480988,0.08417179307335079,True,False,UNAVAILABLE,0.10064940875136824
47,22,1,1.15,0.06,0.11,0.066,-2.549736936302885e-09,0.1998472244836177,0.026089266,0.11558069,0.0,0.102065065,COMPLETED,True,other,0.080029296875,0.081984375,0.0029479292362236,2.118337970665208e-21,0.0029479292362236,0.1424652240190991,0.0825101355542637,,22.465996716055088,assets/pinn_supersonic/atlas2d_v1_continuousM/N76/basin_T401_failure/basin_0000_0097.csv,0.11,0.066,0.11,0.066,0.1424652240190992,0.08251013555426379,True,False,UNAVAILABLE,0.0974645139627752
72,22,2,1.15,0.06,0.11,0.072,-2.549736936302885e-09,0.1998472244836177,0.026089266,0.11558069,0.0,0.102065065,COMPLETED,True,other,0.080029296875,0.087984375,0.002791344153285,2.3415666142276e-21,0.002791344153285,0.1375426692376177,0.0812585637898122,,22.33917701500468,assets/pinn_supersonic/atlas2d_v1_continuousM/N76/basin_T401_failure/basin_0000_0097.csv,0.11,0.072,0.11,0.072,0.1375426692376177,0.08125856378981224,True,False,UNAVAILABLE,0.09455347419317812
97,22,3,1.15,0.06,0.11,0.078,-2.549736936302885e-09,0.1998472244836177,0.026089266,0.11558069,0.0,0.102065065,COMPLETED,True,other,0.080029296875,0.093984375,0.0026547962921315,2.537890487663382e-21,0.0026547962921315,0.132708822868735,0.0804362226188114,,27.002431222004816,assets/pinn_supersonic/atlas2d_v1_continuousM/N76/basin_T401_failure/basin_0097_0194.csv,0.11,0.078,0.11,0.078,0.13270882286873506,0.08043622261881139,True,False,UNAVAILABLE,0.09194230518102099
122,22,4,1.15,0.06,0.11,0.0839999999999999,-2.549736936302885e-09,0.1998472244836177,0.026089266,0.11558069,0.0,0.102065065,COMPLETED,True,other,0.080029296875,0.099984375,0.0025371611903023,2.6895361382593664e-21,0.0025371611903023,0.1279737374362485,0.0800563403434293,,21.774582597077824,assets/pinn_supersonic/atlas2d_v1_continuousM/N76/basin_T401_failure/basin_0097_0194.csv,0.11,0.0839999999999999,0.11,0.084,0.12797373743624854,0.0800563403434293,True,False,UNAVAILABLE,0.08965721098718166
147,22,5,1.15,0.06,0.11,0.09,-2.549736936302885e-09,0.1998472244836177,0.026089266,0.11558069,0.0,0.102065065,COMPLETED,True,other,0.080029296875,0.105984375,0.0024371100931538,2.830346311794458e-21,0.0024371100931538,0.1233487871022592,0.0801252104470433,,21.6810147089418,assets/pinn_supersonic/atlas2d_v1_continuousM/N76/basin_T401_failure/basin_0097_0194.csv,0.11,0.09,0.11,0.09,0.12334878710225922,0.08012521044704335,True,False,UNAVAILABLE,0.08772367686092507
172,22,6,1.15,0.06,0.11,0.096,-2.549736936302885e-09,0.1998472244836177,0.026089266,0.11558069,0.0,0.102065065,COMPLETED,True,other,0.080029296875,0.111984375,0.0023531672598872,3.0124103751952465e-21,0.0023531672598872,0.1188468303565351,0.0806416831990936,,21.605286650010385,assets/pinn_supersonic/atlas2d_v1_continuousM/N76/basin_T401_failure/basin_0097_0194.csv,0.11,0.096,0.11,0.096,0.1188468303565352,0.08064168319909366,True,False,UNAVAILABLE,0.08616537287100892
197,22,7,1.15,0.06,0.11,0.102,-2.549736936302885e-09,0.1998472244836177,0.026089266,0.11558069,0.0,0.102065065,COMPLETED,True,other,0.080029296875,0.117984375,0.0022837826147996,3.186948485270819e-21,0.0022837826147996,0.114482378084977,0.081597259691628,,26.155103883938864,assets/pinn_supersonic/atlas2d_v1_continuousM/N76/basin_T401_failure/basin_0194_0291.csv,0.11,0.102,0.11,0.102,0.1144823780849771,0.08159725969162804,True,False,UNAVAILABLE,0.0850029380786335
222,22,8,1.15,0.06,0.11,0.108,-2.549736936302885e-09,0.1998472244836177,0.026089266,0.11558069,0.0,0.102065065,COMPLETED,True,other,0.080029296875,0.123984375,0.0022274143757132,3.3483378615809517e-21,0.0022274143757132,0.1102717583889376,0.0829767709011563,,21.880552312009968,assets/pinn_supersonic/atlas2d_v1_continuousM/N76/basin_T401_failure/basin_0194_0291.csv,0.11,0.108,0.11,0.108,0.11027175838893762,0.08297677090115634,True,False,UNAVAILABLE,0.08425275949190032
247,22,9,1.15,0.06,0.11,0.1139999999999999,-2.549736936302885e-09,0.1998472244836177,0.026089266,0.11558069,0.0,0.102065065,COMPLETED,True,other,0.080029296875,0.129984375,0.0021826139626405,3.492475691214057e-21,0.0021826139626405,0.1062332645849915,0.0847595199914616,,21.801344502018765,assets/pinn_supersonic/atlas2d_v1_continuousM/N76/basin_T401_failure/basin_0194_0291.csv,0.11,0.1139999999999999,0.11,0.114,0.10623326458499155,0.08475951999146164,True,False,UNAVAILABLE,0.0839258927983492
272,22,10,1.15,0.06,0.11,0.12,-2.549736936302885e-09,0.1998472244836177,0.026089266,0.11558069,0.0,0.102065065,COMPLETED,True,other,0.080029296875,0.135984375,0.0021481051805153,3.6097594001266175e-21,0.0021481051805153,0.102387266349783,0.0869206991986545,,21.61984063393902,assets/pinn_supersonic/atlas2d_v1_continuousM/N76/basin_T401_failure/basin_0194_0291.csv,0.11,0.12,0.11,0.12,0.10238726634978303,0.08692069919865454,True,False,UNAVAILABLE,0.08402727820178398
297,22,11,1.15,0.06,0.11,0.126,-2.549736936302885e-09,0.1998472244836177,0.026089266,0.11558069,0.0,0.102065065,COMPLETED,True,other,0.080029296875,0.141984375,0.0021228510849636,3.7132137697505405e-21,0.0021228510849636,0.0987562560893131,0.0894328780101758,,21.865777325932868,assets/pinn_supersonic/atlas2d_v1_continuousM/N76/basin_T401_failure/basin_0291_0388.csv,0.11,0.126,0.11,0.126,0.09875625608931313,0.0894328780101758,True,False,UNAVAILABLE,0.08455537524013479
322,22,12,1.15,0.06,0.11,0.132,-2.549736936302885e-09,0.1998472244836177,0.026089266,0.11558069,0.0,0.102065065,COMPLETED,True,other,0.080029296875,0.147984375,0.0021061042292397,3.815770213124286e-21,0.0021061042292397,0.0953647939387202,0.0922673907140707,,21.965273672016338,assets/pinn_supersonic/atlas2d_v1_continuousM/N76/basin_T401_failure/basin_0291_0388.csv,0.11,0.132,0.11,0.132,0.0953647939387203,0.09226739071407072,True,False,UNAVAILABLE,0.08550227764217747
347,22,13,1.15,0.06,0.11,0.138,-2.549736936302885e-09,0.1998472244836177,0.026089266,0.11558069,0.0,0.102065065,COMPLETED,True,other,0.080029296875,0.153984375,0.0020974382289057,3.9117759588937336e-21,0.0020974382289057,0.0922393068554353,0.0953955088522672,,21.902899462962523,assets/pinn_supersonic/atlas2d_v1_continuousM/N76/basin_T401_failure/basin_0291_0388.csv,0.11,0.138,0.11,0.138,0.0922393068554354,0.09539550885226718,True,False,UNAVAILABLE,0.08685428879450917
372,22,14,1.15,0.06,0.11,0.144,-2.549736936302885e-09,0.1998472244836177,0.026089266,0.11558069,0.0,0.102065065,COMPLETED,True,other,0.080029296875,0.1574947916666667,0.0020960641239437,3.954108175665721e-21,0.0020960641239437,0.0905451121371471,0.0973506186762481,,21.734876467031427,assets/pinn_supersonic/atlas2d_v1_continuousM/N76/basin_T401_failure/basin_0291_0388.csv,0.11,0.144,0.11,0.144,0.09054511213714712,0.09735061867624811,True,False,UNAVAILABLE,0.0885928636065005
397,22,15,1.15,0.06,0.11,0.15,-2.549736936302885e-09,0.1998472244836177,0.026089266,0.11558069,0.0,0.102065065,COMPLETED,True,other,0.080029296875,0.1574947916666666,0.0020960641239437,3.954219876792178e-21,0.0020960641239437,0.0905451121371471,0.0973506186762481,,21.279037293046716,assets/pinn_supersonic/atlas2d_v1_continuousM/N76/basin_T401_failure/basin_0388_0485.csv,0.11,0.15,0.11,0.15,0.09054511213714717,0.09735061867624806,True,False,UNAVAILABLE,0.09069577433375824
422,22,16,1.15,0.06,0.11,0.156,-2.549736936302885e-09,0.1998472244836177,0.026089266,0.11558069,0.0,0.102065065,COMPLETED,True,other,0.080029296875,0.1574947916666667,0.0020960641239437,3.954108175665721e-21,0.0020960641239437,0.0905451121371471,0.0973506186762481,,21.27537370100617,assets/pinn_supersonic/atlas2d_v1_continuousM/N76/basin_T401_failure/basin_0388_0485.csv,0.11,0.156,0.11,0.156,0.09054511213714712,0.09735061867624811,True,False,UNAVAILABLE,0.09313834592690597
447,22,17,1.15,0.06,0.11,0.162,-2.549736936302885e-09,0.1998472244836177,0.026089266,0.11558069,0.0,0.102065065,COMPLETED,True,other,0.080029296875,0.1574947916666666,0.0020960641239437,3.954219876792178e-21,0.0020960641239437,0.0905451121371471,0.0973506186762481,,21.27799629198853,assets/pinn_supersonic/atlas2d_v1_continuousM/N76/basin_T401_failure/basin_0388_0485.csv,0.11,0.162,0.11,0.162,0.09054511213714717,0.09735061867624806,True,False,UNAVAILABLE,0.09589462697148365
472,22,18,1.15,0.06,0.11,0.1679999999999999,-2.549736936302885e-09,0.1998472244836177,0.026089266,0.11558069,0.0,0.102065065,COMPLETED,True,other,0.080029296875,0.1574947916666666,0.0020960641239437,3.954219876792178e-21,0.0020960641239437,0.0905451121371471,0.0973506186762481,,21.17436332604848,assets/pinn_supersonic/atlas2d_v1_continuousM/N76/basin_T401_failure/basin_0388_0485.csv,0.11,0.1679999999999999,0.11,0.168,0.09054511213714717,0.09735061867624806,True,False,UNAVAILABLE,0.09893840246335084
497,22,19,1.15,0.06,0.11,0.174,-2.549736936302885e-09,0.1998472244836177,0.026089266,0.11558069,0.0,0.102065065,COMPLETED,True,other,0.080029296875,0.1580156249999999,0.0020960942415772,3.960086401644264e-21,0.0020960942415772,0.0903026659726722,0.0976481106966257,,22.275455576949756,assets/pinn_supersonic/atlas2d_v1_continuousM/N76/basin_T401_failure/basin_0485_0582.csv,0.11,0.174,0.11,0.174,0.09030266597267221,0.09764811069662575,True,False,UNAVAILABLE,0.10224399973592582
522,22,20,1.15,0.06,0.11,0.18,-2.549736936302885e-09,0.1998472244836177,0.026089266,0.11558069,0.0,0.102065065,COMPLETED,True,other,0.080029296875,0.1640156249999999,0.0021008952573959,4.025863154311748e-21,0.0021008952573959,0.0876846183088493,0.1012055346442104,,22.173111153999344,assets/pinn_supersonic/atlas2d_v1_continuousM/N76/basin_T401_failure/basin_0485_0582.csv,0.11,0.18,0.11,0.18,0.08768461830884935,0.10120553464421041,True,False,UNAVAILABLE,0.10578687764557568
547,22,21,1.15,0.06,0.11,0.186,-2.549736936302885e-09,0.1998472244836177,0.026089266,0.11558069,0.0,0.102065065,COMPLETED,True,other,0.080029296875,0.1700156249999999,0.0021142475548334,4.0680701222573056e-21,0.0021142475548334,0.0854085071533578,0.1049855559713834,,21.99879154097289,assets/pinn_supersonic/atlas2d_v1_continuousM/N76/basin_T401_failure/basin_0485_0582.csv,0.11,0.186,0.11,0.186,0.08540850715335789,0.10498555597138337,True,False,UNAVAILABLE,0.10954401618527596
572,22,22,1.15,0.06,0.11,0.192,-2.549736936302885e-09,0.1998472244836177,0.026089266,0.11558069,0.0,0.102065065,COMPLETED,True,other,0.080029296875,0.1760156249999999,0.0021368679646903,4.086388416545826e-21,0.0021368679646903,0.0835022987729186,0.1089650112771089,,21.918207845068537,assets/pinn_supersonic/atlas2d_v1_continuousM/N76/basin_T401_failure/basin_0485_0582.csv,0.11,0.192,0.11,0.192,0.08350229877291865,0.1089650112771089,True,False,UNAVAILABLE,0.1134941385358733
597,22,23,1.15,0.06,0.11,0.198,-2.549736936302885e-09,0.1998472244836177,0.026089266,0.11558069,0.0,0.102065065,COMPLETED,True,other,0.080029296875,0.1820156249999999,0.0021696963150408,4.09672830594251e-21,0.0021696963150408,0.0819917965808675,0.1131228553503688,,20.67031812504865,assets/pinn_supersonic/atlas2d_v1_continuousM/N76/basin_T401_failure/basin_0582_0679.csv,0.11,0.198,0.11,0.198,0.08199179658086751,0.11312285535036884,True,False,UNAVAILABLE,0.11761780257256978
622,22,24,1.15,0.06,0.11,0.204,-2.549736936302885e-09,0.1998472244836177,0.026089266,0.11558069,0.0,0.102065065,COMPLETED,True,other,0.080029296875,0.1880156249999999,0.0022138287960356,4.1157376962237604e-21,0.0022138287960356,0.0808991688013847,0.1174401427222416,,20.49850805697497,assets/pinn_supersonic/atlas2d_v1_continuousM/N76/basin_T401_failure/basin_0582_0679.csv,0.11,0.204,0.11,0.204,0.08089916880138476,0.11744014272224157,True,False,UNAVAILABLE,0.12189739735531681
647,22,25,1.15,0.06,0.11,0.21,-2.549736936302885e-09,0.1998472244836177,0.026089266,0.11558069,0.0,0.102065065,COMPLETED,True,other,0.080029296875,0.1940156249999999,0.0022704419799019,4.146278557595995e-21,0.0022704419799019,0.0802414875170664,0.1218999337268912,,20.668102191993967,assets/pinn_supersonic/atlas2d_v1_continuousM/N76/basin_T401_failure/basin_0582_0679.csv,0.11,0.21,0.11,0.21,0.08024148751706645,0.12189993372689122,True,False,UNAVAILABLE,0.12631707517988214
672,22,26,1.15,0.06,0.11,0.216,-2.549736936302885e-09,0.1998472244836177,0.026089266,0.11558069,0.0,0.102065065,COMPLETED,True,other,0.080029296875,0.2000156249999999,0.0023407139475032,4.172857749049802e-21,0.0023407139475032,0.0800294766017379,0.126487155721917,,20.26999821793288,assets/pinn_supersonic/atlas2d_v1_continuousM/N76/basin_T401_failure/basin_0582_0679.csv,0.11,0.216,0.11,0.216,0.08002947660173793,0.12648715572191693,True,False,UNAVAILABLE,0.13086264356950764
697,22,27,1.15,0.06,0.11,0.222,-2.549736936302885e-09,0.1998472244836177,0.026089266,0.11558069,0.0,0.102065065,COMPLETED,True,other,0.080029296875,0.2060156249999999,0.0024257503398811,4.162307564324144e-21,0.0024257503398811,0.0802666676232713,0.1311884418789265,,20.80433887592517,assets/pinn_supersonic/atlas2d_v1_continuousM/N76/basin_T401_failure/basin_0679_0775.csv,0.11,0.222,0.11,0.222,0.08026666762327127,0.13118844187892645,True,False,UNAVAILABLE,0.13552143550745024
722,22,28,1.15,0.06,0.11,0.228,-2.549736936302885e-09,0.1998472244836177,0.026089266,0.11558069,0.0,0.102065065,COMPLETED,True,other,0.080029296875,0.2120156249999999,0.0025265230787952,4.122350054549068e-21,0.0025265230787952,0.080949112024415,0.135991963007453,,20.66231482697185,assets/pinn_supersonic/atlas2d_v1_continuousM/N76/basin_T401_failure/basin_0679_0775.csv,0.11,0.228,0.11,0.228,0.08094911202441502,0.135991963007453,True,False,UNAVAILABLE,0.14028217093415685
747,22,29,1.15,0.06,0.11,0.234,-2.549736936302885e-09,0.1998472244836177,0.026089266,0.11558069,0.0,0.102065065,COMPLETED,True,other,0.080029296875,0.218015625,0.0026438276493371,4.05392012698513e-21,0.0026438276493371,0.0820657026030843,0.1408872624569747,,20.68636137805879,assets/pinn_supersonic/atlas2d_v1_continuousM/N76/basin_T401_failure/basin_0679_0775.csv,0.11,0.234,0.11,0.234,0.08206570260308432,0.14088726245697475,True,False,UNAVAILABLE,0.14513481829664446
772,22,30,1.15,0.06,0.11,0.24,-2.549736936302885e-09,0.1998472244836177,0.026089266,0.11558069,0.0,0.102065065,COMPLETED,True,other,0.080029296875,0.2240156249999999,0.0027782615978508,3.956677700737861e-21,0.0027782615978508,0.0835990451496574,0.1458651001529169,,25.16838944097981,assets/pinn_supersonic/atlas2d_v1_continuousM/N76/basin_T401_failure/basin_0679_0775.csv,0.11,0.24,0.11,0.24,0.08359904514965745,0.14586510015291684,True,False,UNAVAILABLE,0.15007046172381824
23,23,0,1.15,0.06,0.115,0.06,-2.549736936302885e-09,0.1998472244836177,0.026089266,0.11558069,0.0,0.102065065,COMPLETED,True,other,0.085029296875,0.075984375,0.0033389935372044,1.99002081137012e-21,0.0033389935372044,0.1502397658506658,0.0889392136120675,,22.60659694299102,assets/pinn_supersonic/atlas2d_v1_continuousM/N76/basin_T401_failure/basin_0000_0097.csv,0.115,0.06,0.115,0.06,0.15023976585066584,0.08893921361206755,True,False,UNAVAILABLE,0.10485424875511722
48,23,1,1.15,0.06,0.115,0.066,-2.549736936302885e-09,0.1998472244836177,0.026089266,0.11558069,0.0,0.102065065,COMPLETED,True,other,0.085029296875,0.081984375,0.0031581541411356,2.2223536426305427e-21,0.0031581541411356,0.145332835412578,0.0873682747794242,,22.46552900504321,assets/pinn_supersonic/atlas2d_v1_continuousM/N76/basin_T401_failure/basin_0000_0097.csv,0.115,0.066,0.115,0.066,0.145332835412578,0.08736827477942427,True,False,UNAVAILABLE,0.10180098959243962
73,23,2,1.15,0.06,0.115,0.072,-2.549736936302885e-09,0.1998472244836177,0.026089266,0.11558069,0.0,0.102065065,COMPLETED,True,other,0.085029296875,0.087984375,0.0029979976406528,2.440583299091238e-21,0.0029979976406528,0.140510778430895,0.0861872795598804,,22.43129606090952,assets/pinn_supersonic/atlas2d_v1_continuousM/N76/basin_T401_failure/basin_0000_0097.csv,0.115,0.072,0.115,0.072,0.14051077843089502,0.08618727955988043,True,False,UNAVAILABLE,0.09901752108591692
98,23,3,1.15,0.06,0.115,0.078,-2.549736936302885e-09,0.1998472244836177,0.026089266,0.11558069,0.0,0.102065065,COMPLETED,True,other,0.085029296875,0.093984375,0.002857605654172,2.6078992179744168e-21,0.002857605654172,0.1357826375552215,0.0854124047075891,,22.97276565199718,assets/pinn_supersonic/atlas2d_v1_continuousM/N76/basin_T401_failure/basin_0097_0194.csv,0.115,0.078,0.115,0.078,0.13578263755522155,0.08541240470758907,True,False,UNAVAILABLE,0.09652718519671026
123,23,4,1.15,0.06,0.115,0.0839999999999999,-2.549736936302885e-09,0.1998472244836177,0.026089266,0.11558069,0.0,0.102065065,COMPLETED,True,other,0.085029296875,0.099984375,0.0027358702683743,2.7460248110743417e-21,0.0027358702683743,0.1311585699359719,0.0850547505900345,,21.7992765030358,assets/pinn_supersonic/atlas2d_v1_continuousM/N76/basin_T401_failure/basin_0097_0194.csv,0.115,0.0839999999999999,0.115,0.084,0.13115856993597197,0.08505475059003456,True,False,UNAVAILABLE,0.0943531953989901
148,23,5,1.15,0.06,0.115,0.09,-2.549736936302885e-09,0.1998472244836177,0.026089266,0.11558069,0.0,0.102065065,COMPLETED,True,other,0.085029296875,0.105984375,0.002631532073467,2.9193011767861977e-21,0.002631532073467,0.126649975419839,0.0851195765845495,,21.71333581698127,assets/pinn_supersonic/atlas2d_v1_continuousM/N76/basin_T401_failure/basin_0097_0194.csv,0.115,0.09,0.115,0.09,0.12664997541983905,0.08511957658454948,True,False,UNAVAILABLE,0.092517854936223
173,23,6,1.15,0.06,0.115,0.096,-2.549736936302885e-09,0.1998472244836177,0.026089266,0.11558069,0.0,0.102065065,COMPLETED,True,other,0.085029296875,0.111984375,0.002543229464703,3.112330277199155e-21,0.002543229464703,0.122269628608426,0.0856059229138556,,21.73300906002987,assets/pinn_supersonic/atlas2d_v1_continuousM/N76/basin_T401_failure/basin_0097_0194.csv,0.115,0.096,0.115,0.096,0.122269628608426,0.08560592291385558,True,False,UNAVAILABLE,0.09104164696445248
198,23,7,1.15,0.06,0.115,0.102,-2.549736936302885e-09,0.1998472244836177,0.026089266,0.11558069,0.0,0.102065065,COMPLETED,True,other,0.085029296875,0.117984375,0.0024695583423149,3.283232525982057e-21,0.0024695583423149,0.1180318087899995,0.0865066804237279,,25.774386652978137,assets/pinn_supersonic/atlas2d_v1_continuousM/N76/basin_T401_failure/basin_0194_0291.csv,0.115,0.102,0.115,0.102,0.11803180878999954,0.08650668042372787,True,False,UNAVAILABLE,0.08994225637596603
223,23,8,1.15,0.06,0.115,0.108,-2.549736936302885e-09,0.1998472244836177,0.026089266,0.11558069,0.0,0.102065065,COMPLETED,True,other,0.085029296875,0.123984375,0.0024091385705477,3.4412781433737334e-21,0.0024091385705477,0.113952418545793,0.0878090967834938,,21.937977602006868,assets/pinn_supersonic/atlas2d_v1_continuousM/N76/basin_T401_failure/basin_0194_0291.csv,0.115,0.108,0.115,0.108,0.11395241854579305,0.08780909678349381,True,False,UNAVAILABLE,0.08923361183993395
248,23,9,1.15,0.06,0.115,0.1139999999999999,-2.549736936302885e-09,0.1998472244836177,0.026089266,0.11558069,0.0,0.102065065,COMPLETED,True,other,0.085029296875,0.129984375,0.0023606818307586,3.5689991433250215e-21,0.0023606818307586,0.1100490776818787,0.0894956378709766,,21.819380183005705,assets/pinn_supersonic/atlas2d_v1_continuousM/N76/basin_T401_failure/basin_0194_0291.csv,0.115,0.1139999999999999,0.115,0.114,0.11004907768187876,0.08949563787097661,True,False,UNAVAILABLE,0.0889250554230921
273,23,10,1.15,0.06,0.115,0.12,-2.549736936302885e-09,0.1998472244836177,0.026089266,0.11558069,0.0,0.102065065,COMPLETED,True,other,0.085029296875,0.135984375,0.00232305509985,3.675532579845847e-21,0.00232305509985,0.106341174080545,0.0915450758803169,,21.638564725988545,assets/pinn_supersonic/atlas2d_v1_continuousM/N76/basin_T401_failure/basin_0194_0291.csv,0.115,0.12,0.115,0.12,0.10634117408054501,0.09154507588031692,True,False,UNAVAILABLE,0.08902074748057331
298,23,11,1.15,0.06,0.115,0.126,-2.549736936302885e-09,0.1998472244836177,0.026089266,0.11558069,0.0,0.102065065,COMPLETED,True,other,0.085029296875,0.141984375,0.0022953347335951,3.779481747878644e-21,0.0022953347335951,0.1028498474039964,0.0939336608353629,,21.91191758401692,assets/pinn_supersonic/atlas2d_v1_continuousM/N76/basin_T401_failure/basin_0291_0388.csv,0.115,0.126,0.115,0.126,0.1028498474039965,0.09393366083536286,True,False,UNAVAILABLE,0.08951939165342893
323,23,12,1.15,0.06,0.115,0.132,-2.549736936302885e-09,0.1998472244836177,0.026089266,0.11558069,0.0,0.102065065,COMPLETED,True,other,0.085029296875,0.147984375,0.0022768475498338,3.883717949854338e-21,0.0022768475498338,0.0995978760678256,0.0966362476399668,,21.964040808030404,assets/pinn_supersonic/atlas2d_v1_continuousM/N76/basin_T401_failure/basin_0291_0388.csv,0.115,0.132,0.115,0.132,0.09959787606782562,0.09663624763996677,True,False,UNAVAILABLE,0.09041432122180645
348,23,13,1.15,0.06,0.115,0.138,-2.549736936302885e-09,0.1998472244836177,0.026089266,0.11558069,0.0,0.102065065,COMPLETED,True,other,0.085029296875,0.153984375,0.0022671968292016,3.9691461417634506e-21,0.0022671968292016,0.0966094339255672,0.099627285810329,,21.992239172919653,assets/pinn_supersonic/atlas2d_v1_continuousM/N76/basin_T401_failure/basin_0291_0388.csv,0.115,0.138,0.115,0.138,0.09660943392556721,0.09962728581032901,True,False,UNAVAILABLE,0.09169393372519254
373,23,14,1.15,0.06,0.115,0.144,-2.549736936302885e-09,0.1998472244836177,0.026089266,0.11558069,0.0,0.102065065,COMPLETED,True,other,0.085029296875,0.1576197916666666,0.0022655900343211,4.016119703121194e-21,0.0022655900343211,0.0949375470663303,0.1015692324577917,,21.785567832994275,assets/pinn_supersonic/atlas2d_v1_continuousM/N76/basin_T401_failure/basin_0291_0388.csv,0.115,0.144,0.115,0.144,0.09493754706633033,0.10156923245779166,True,False,UNAVAILABLE,0.09334240987889696
398,23,15,1.15,0.06,0.115,0.15,-2.549736936302885e-09,0.1998472244836177,0.026089266,0.11558069,0.0,0.102065065,COMPLETED,True,other,0.085029296875,0.1576197916666666,0.0022655900343211,4.016119703121194e-21,0.0022655900343211,0.0949375470663303,0.1015692324577917,,21.29955122701358,assets/pinn_supersonic/atlas2d_v1_continuousM/N76/basin_T401_failure/basin_0388_0485.csv,0.115,0.15,0.115,0.15,0.09493754706633033,0.10156923245779166,True,False,UNAVAILABLE,0.09534061821700131
423,23,16,1.15,0.06,0.115,0.156,-2.549736936302885e-09,0.1998472244836177,0.026089266,0.11558069,0.0,0.102065065,COMPLETED,True,other,0.085029296875,0.1576197916666666,0.0022655900343211,4.016119703121194e-21,0.0022655900343211,0.0949375470663303,0.1015692324577917,,21.24887486803345,assets/pinn_supersonic/atlas2d_v1_continuousM/N76/basin_T401_failure/basin_0388_0485.csv,0.115,0.156,0.115,0.156,0.09493754706633033,0.10156923245779166,True,False,UNAVAILABLE,0.09766709518563557
448,23,17,1.15,0.06,0.115,0.162,-2.549736936302885e-09,0.1998472244836177,0.026089266,0.11558069,0.0,0.102065065,COMPLETED,True,other,0.085029296875,0.1576197916666666,0.0022655900343211,4.015613141415717e-21,0.0022655900343211,0.0949375470663303,0.1015692324577917,,21.22821687499527,assets/pinn_supersonic/atlas2d_v1_continuousM/N76/basin_T401_failure/basin_0388_0485.csv,0.115,0.162,0.115,0.162,0.09493754706633033,0.10156923245779166,True,False,UNAVAILABLE,0.10029900040379267
473,23,18,1.15,0.06,0.115,0.1679999999999999,-2.549736936302885e-09,0.1998472244836177,0.026089266,0.11558069,0.0,0.102065065,COMPLETED,True,other,0.085029296875,0.1576197916666666,0.0022655900343211,4.015613141415717e-21,0.0022655900343211,0.0949375470663303,0.1015692324577917,,21.181916966917925,assets/pinn_supersonic/atlas2d_v1_continuousM/N76/basin_T401_failure/basin_0388_0485.csv,0.115,0.1679999999999999,0.115,0.168,0.09493754706633033,0.10156923245779166,True,False,UNAVAILABLE,0.10321297148130167
498,23,19,1.15,0.06,0.115,0.174,-2.549736936302885e-09,0.1998472244836177,0.026089266,0.11558069,0.0,0.102065065,COMPLETED,True,other,0.085029296875,0.1580156249999999,0.0022656089086663,4.0205112428711825e-21,0.0022656089086663,0.0947621468521021,0.1017862785024115,,22.317333649029024,assets/pinn_supersonic/atlas2d_v1_continuousM/N76/basin_T401_failure/basin_0485_0582.csv,0.115,0.174,0.115,0.174,0.09476214685210219,0.10178627850241148,True,False,UNAVAILABLE,0.10638583308880933
523,23,20,1.15,0.06,0.115,0.18,-2.549736936302885e-09,0.1998472244836177,0.026089266,0.11558069,0.0,0.102065065,COMPLETED,True,other,0.085029296875,0.1640156249999999,0.0022706266330192,4.074700788269286e-21,0.0022706266330192,0.0922707173604712,0.1052038650020543,,22.3163940779632,assets/pinn_supersonic/atlas2d_v1_continuousM/N76/basin_T401_failure/basin_0485_0582.csv,0.115,0.18,0.115,0.18,0.09227071736047124,0.10520386500205432,True,False,UNAVAILABLE,0.1097951432532423
548,23,21,1.15,0.06,0.115,0.186,-2.549736936302885e-09,0.1998472244836177,0.026089266,0.11558069,0.0,0.102065065,COMPLETED,True,other,0.085029296875,0.1700156249999999,0.0022848031452,4.106341330420869e-21,0.0022848031452,0.0901105215189245,0.1088451190057252,,22.16383873205632,assets/pinn_supersonic/atlas2d_v1_continuousM/N76/basin_T401_failure/basin_0485_0582.csv,0.115,0.186,0.115,0.186,0.09011052151892449,0.10884511900572515,True,False,UNAVAILABLE,0.11341958156332618
573,23,22,1.15,0.06,0.115,0.192,-2.549736936302885e-09,0.1998472244836177,0.026089266,0.11558069,0.0,0.102065065,COMPLETED,True,other,0.085029296875,0.1760156249999999,0.0023087231285896,4.130394636587813e-21,0.0023087231285896,0.088305871235208,0.1126883607626381,,21.949484755983576,assets/pinn_supersonic/atlas2d_v1_continuousM/N76/basin_T401_failure/basin_0485_0582.csv,0.115,0.192,0.115,0.192,0.08830587123520803,0.11268836076263808,True,False,UNAVAILABLE,0.11723919771987525
598,23,23,1.15,0.06,0.115,0.198,-2.549736936302885e-09,0.1998472244836177,0.026089266,0.11558069,0.0,0.102065065,COMPLETED,True,other,0.085029296875,0.1820156249999999,0.002343163540271,4.1613334928806576e-21,0.002343163540271,0.0868789255274587,0.1167136383263347,,20.685155009967275,assets/pinn_supersonic/atlas2d_v1_continuousM/N76/basin_T401_failure/basin_0582_0679.csv,0.115,0.198,0.115,0.198,0.08687892552745877,0.11671363832633472,True,False,UNAVAILABLE,0.12123554545594292
623,23,24,1.15,0.06,0.115,0.204,-2.549736936302885e-09,0.1998472244836177,0.026089266,0.11558069,0.0,0.102065065,COMPLETED,True,other,0.085029296875,0.1880156249999999,0.0023890383535342,4.201882039136815e-21,0.0023890383535342,0.0858485207036342,0.1209027712311445,,20.53214696398936,assets/pinn_supersonic/atlas2d_v1_continuousM/N76/basin_T401_failure/basin_0582_0679.csv,0.115,0.204,0.115,0.204,0.08584852070363422,0.12090277123114453,True,False,UNAVAILABLE,0.1253917281243065
648,23,25,1.15,0.06,0.115,0.21,-2.549736936302885e-09,0.1998472244836177,0.026089266,0.11558069,0.0,0.102065065,COMPLETED,True,other,0.085029296875,0.1940156249999999,0.0024473363477467,4.2377690153996816e-21,0.0024473363477467,0.0852290403160736,0.1252393181527689,,20.513066563988104,assets/pinn_supersonic/atlas2d_v1_continuousM/N76/basin_T401_failure/basin_0582_0679.csv,0.115,0.21,0.115,0.21,0.0852290403160736,0.1252393181527689,True,False,UNAVAILABLE,0.1296923802002261
673,23,26,1.15,0.06,0.115,0.216,-2.549736936302885e-09,0.1998472244836177,0.026089266,0.11558069,0.0,0.102065065,COMPLETED,True,other,0.085029296875,0.2000156249999999,0.0025190570203257,4.23222023090123e-21,0.0025190570203257,0.0850294661831737,0.1297084944457011,,20.322496150038205,assets/pinn_supersonic/atlas2d_v1_continuousM/N76/basin_T401_failure/basin_0582_0679.csv,0.115,0.216,0.115,0.216,0.08502946618317374,0.12970849444570107,True,False,UNAVAILABLE,0.13412360523785513
698,23,27,1.15,0.06,0.115,0.222,-2.549736936302885e-09,0.1998472244836177,0.026089266,0.11558069,0.0,0.102065065,COMPLETED,True,other,0.085029296875,0.2060156249999999,0.0026051504392023,4.195781470889849e-21,0.0026051504392023,0.0852527473199079,0.1342970597271976,,20.776961026946083,assets/pinn_supersonic/atlas2d_v1_continuousM/N76/basin_T401_failure/basin_0679_0775.csv,0.115,0.222,0.115,0.222,0.08525274731990795,0.13429705972719755,True,False,UNAVAILABLE,0.1386728866145073
723,23,28,1.15,0.06,0.115,0.228,-2.549736936302885e-09,0.1998472244836177,0.026089266,0.11558069,0.0,0.102065065,COMPLETED,True,other,0.085029296875,0.2120156249999999,0.0027064666454869,4.13187889100276e-21,0.0027064666454869,0.0858955862183189,0.1389931903776961,,20.734776917961423,assets/pinn_supersonic/atlas2d_v1_continuousM/N76/basin_T401_failure/basin_0679_0775.csv,0.115,0.228,0.115,0.228,0.08589558621831891,0.13899319037769606,True,False,UNAVAILABLE,0.14332898339833433
748,23,29,1.15,0.06,0.115,0.234,-2.549736936302885e-09,0.1998472244836177,0.026089266,0.11558069,0.0,0.102065065,COMPLETED,True,other,0.085029296875,0.218015625,0.0028237188929683,4.0430131923396436e-21,0.0028237188929683,0.0869486776091807,0.1437863473747437,,20.69961968495045,assets/pinn_supersonic/atlas2d_v1_continuousM/N76/basin_T401_failure/basin_0679_0775.csv,0.115,0.234,0.115,0.234,0.08694867760918074,0.14378634737474377,True,False,UNAVAILABLE,0.14808182022787267
773,23,30,1.15,0.06,0.115,0.24,-2.549736936302885e-09,0.1998472244836177,0.026089266,0.11558069,0.0,0.102065065,COMPLETED,True,other,0.085029296875,0.2240156249999999,0.0029574628217118,3.9440057560812585e-21,0.0029574628217118,0.0883973605046091,0.1486671463752852,,25.230386328999884,assets/pinn_supersonic/atlas2d_v1_continuousM/N76/basin_T401_failure/basin_0679_0775.csv,0.115,0.24,0.115,0.24,0.08839736050460914,0.14866714637528516,True,False,UNAVAILABLE,0.1529223773095357
24,24,0,1.15,0.06,0.12,0.06,-2.549736936302885e-09,0.1998472244836177,0.026089266,0.11558069,0.0,0.102065065,COMPLETED,True,other,0.0900292968749999,0.075984375,0.0035594139546898,2.100470903039537e-21,0.0035594139546898,0.1531250477130056,0.0937308737112963,,22.64780187699944,assets/pinn_supersonic/atlas2d_v1_continuousM/N76/basin_T401_failure/basin_0000_0097.csv,0.12,0.06,0.12,0.06,0.1531250477130056,0.09373087371129625,True,False,UNAVAILABLE,0.10912618146897654
49,24,1,1.15,0.06,0.12,0.066,-2.549736936302885e-09,0.1998472244836177,0.026089266,0.11558069,0.0,0.102065065,COMPLETED,True,other,0.0900292968749999,0.081984375,0.0033748073199511,2.335982713585952e-21,0.0033748073199511,0.1483136070740201,0.092241576345393,,22.52408682508394,assets/pinn_supersonic/atlas2d_v1_continuousM/N76/basin_T401_failure/basin_0000_0097.csv,0.12,0.066,0.12,0.066,0.14831360707402017,0.09224157634539301,True,False,UNAVAILABLE,0.10619581668785263
74,24,2,1.15,0.06,0.12,0.072,-2.549736936302885e-09,0.1998472244836177,0.026089266,0.11558069,0.0,0.102065065,COMPLETED,True,other,0.0900292968749999,0.087984375,0.0032108023661968,2.5246634864715858e-21,0.0032108023661968,0.1435916844719896,0.0911237626894487,,22.45380818890408,assets/pinn_supersonic/atlas2d_v1_continuousM/N76/basin_T401_failure/basin_0000_0097.csv,0.12,0.072,0.12,0.072,0.14359168447198964,0.09112376268944872,True,False,UNAVAILABLE,0.10353057269232117
99,24,3,1.15,0.06,0.12,0.078,-2.549736936302885e-09,0.1998472244836177,0.026089266,0.11558069,0.0,0.102065065,COMPLETED,True,other,0.0900292968749999,0.093984375,0.0030664325490779,2.6649037860998848e-21,0.0030664325490779,0.1389684052427026,0.0903912155393596,,21.984910481027327,assets/pinn_supersonic/atlas2d_v1_continuousM/N76/basin_T401_failure/basin_0097_0194.csv,0.12,0.078,0.12,0.078,0.13896840524270263,0.09039121553935961,True,False,UNAVAILABLE,0.1011514087000275
124,24,4,1.15,0.06,0.12,0.0839999999999999,-2.549736936302885e-09,0.1998472244836177,0.026089266,0.11558069,0.0,0.102065065,COMPLETED,True,other,0.0900292968749999,0.099984375,0.0029405921440431,2.826661857261672e-21,0.0029405921440431,0.1344539455051305,0.0900533373433932,,21.84257021301892,assets/pinn_supersonic/atlas2d_v1_continuousM/N76/basin_T401_failure/basin_0097_0194.csv,0.12,0.0839999999999999,0.12,0.084,0.1344539455051305,0.09005333734339314,True,False,UNAVAILABLE,0.0990789356119655
149,24,5,1.15,0.06,0.12,0.09,-2.549736936302885e-09,0.1998472244836177,0.026089266,0.11558069,0.0,0.102065065,COMPLETED,True,other,0.0900292968749999,0.105984375,0.0028320701050424,3.032870433152329e-21,0.0028320701050424,0.1300596373518441,0.090114567560872,,21.744912832044065,assets/pinn_supersonic/atlas2d_v1_continuousM/N76/basin_T401_failure/basin_0097_0194.csv,0.12,0.09,0.12,0.09,0.13005963735184406,0.09011456756087201,True,False,UNAVAILABLE,0.0973327461957177
174,24,6,1.15,0.06,0.12,0.096,-2.549736936302885e-09,0.1998472244836177,0.026089266,0.11558069,0.0,0.102065065,COMPLETED,True,other,0.0900292968749999,0.111984375,0.0027395914252847,3.2139307473735164e-21,0.0027395914252847,0.1257980726175476,0.090574096775419,,21.744450135040097,assets/pinn_supersonic/atlas2d_v1_continuousM/N76/basin_T401_failure/basin_0097_0194.csv,0.12,0.096,0.12,0.096,0.1257980726175476,0.090574096775419,True,False,UNAVAILABLE,0.09593065976005793
199,24,7,1.15,0.06,0.12,0.102,-2.549736936302885e-09,0.1998472244836177,0.026089266,0.11558069,0.0,0.102065065,COMPLETED,True,other,0.0900292968749999,0.117984375,0.0026618656307672,3.386064153030181e-21,0.0026618656307672,0.1216831988422657,0.0914259193373683,,22.009420307935216,assets/pinn_supersonic/atlas2d_v1_continuousM/N76/basin_T401_failure/basin_0194_0291.csv,0.12,0.102,0.12,0.102,0.12168319884226567,0.09142591933736825,True,False,UNAVAILABLE,0.09488793117146142
224,24,8,1.15,0.06,0.12,0.108,-2.549736936302885e-09,0.1998472244836177,0.026089266,0.11558069,0.0,0.102065065,COMPLETED,True,other,0.0900292968749999,0.123984375,0.0025976399261682,3.524039988184213e-21,0.0025976399261682,0.1177303983119184,0.0926592167389892,,21.9541151530575,assets/pinn_supersonic/atlas2d_v1_continuousM/N76/basin_T401_failure/basin_0194_0291.csv,0.12,0.108,0.12,0.108,0.11773039831191838,0.09265921673898915,True,False,UNAVAILABLE,0.09421649262204575
249,24,9,1.15,0.06,0.12,0.1139999999999999,-2.549736936302885e-09,0.1998472244836177,0.026089266,0.11558069,0.0,0.102065065,COMPLETED,True,other,0.0900292968749999,0.129984375,0.0025457531809191,3.634240972568119e-21,0.0025457531809191,0.1139565377364526,0.0942590163681065,,21.836344046052545,assets/pinn_supersonic/atlas2d_v1_continuousM/N76/basin_T401_failure/basin_0194_0291.csv,0.12,0.1139999999999999,0.12,0.114,0.11395653773645258,0.09425901636810649,True,False,UNAVAILABLE,0.09392430719467672
274,24,10,1.15,0.06,0.12,0.12,-2.549736936302885e-09,0.1998472244836177,0.026089266,0.11558069,0.0,0.102065065,COMPLETED,True,other,0.0900292968749999,0.135984375,0.0025051865167751,3.738803369908629e-21,0.0025051865167751,0.1103799723639942,0.0962070365757254,,21.672051536967047,assets/pinn_supersonic/atlas2d_v1_continuousM/N76/basin_T401_failure/basin_0194_0291.csv,0.12,0.12,0.12,0.12,0.11037997236399423,0.09620703657572541,True,False,UNAVAILABLE,0.09401491095565638
299,24,11,1.15,0.06,0.12,0.126,-2.549736936302885e-09,0.1998472244836177,0.026089266,0.11558069,0.0,0.102065065,COMPLETED,True,other,0.0900292968749999,0.141984375,0.0024751066342067,3.850578455428637e-21,0.0024751066342067,0.1070204845124181,0.0984826157587367,,21.965327534941025,assets/pinn_supersonic/atlas2d_v1_continuousM/N76/basin_T401_failure/basin_0291_0388.csv,0.12,0.126,0.12,0.126,0.10702048451241807,0.09848261575873667,True,False,UNAVAILABLE,0.09448720274195865
324,24,12,1.15,0.06,0.12,0.132,-2.549736936302885e-09,0.1998472244836177,0.026089266,0.11558069,0.0,0.102065065,COMPLETED,True,other,0.0900292968749999,0.147984375,0.0024548989021939,3.952432848095476e-21,0.0024548989021939,0.1038991333528307,0.1010636300885881,,22.234123082016595,assets/pinn_supersonic/atlas2d_v1_continuousM/N76/basin_T401_failure/basin_0291_0388.csv,0.12,0.132,0.12,0.132,0.10389913335283073,0.10106363008858808,True,False,UNAVAILABLE,0.09533551007887879
349,24,13,1.15,0.06,0.12,0.138,-2.549736936302885e-09,0.1998472244836177,0.026089266,0.11558069,0.0,0.102065065,COMPLETED,True,other,0.0900292968749999,0.153984375,0.0024441882904381,4.0341515488016075e-21,0.0024441882904381,0.1010379914570054,0.1039273257939555,,21.936818658956327,assets/pinn_supersonic/atlas2d_v1_continuousM/N76/basin_T401_failure/basin_0291_0388.csv,0.12,0.138,0.12,0.138,0.10103799145700537,0.1039273257939555,True,False,UNAVAILABLE,0.09654992222679415
374,24,14,1.15,0.06,0.12,0.144,-2.549736936302885e-09,0.1998472244836177,0.026089266,0.11558069,0.0,0.102065065,COMPLETED,True,other,0.0900292968749999,0.1578489583333333,0.0024422483929081,4.074474009691697e-21,0.0024422483929081,0.0993434905494016,0.1059108920330274,,21.86132599401753,assets/pinn_supersonic/atlas2d_v1_continuousM/N76/basin_T401_failure/basin_0291_0388.csv,0.12,0.144,0.12,0.144,0.0993434905494016,0.10591089203302734,True,False,UNAVAILABLE,0.09811684606631013
399,24,15,1.15,0.06,0.12,0.15,-2.549736936302885e-09,0.1998472244836177,0.026089266,0.11558069,0.0,0.102065065,COMPLETED,True,other,0.0900292968749999,0.1578489583333333,0.0024422483929081,4.074474009691697e-21,0.0024422483929081,0.0993434905494016,0.1059108920330274,,21.32191531092394,assets/pinn_supersonic/atlas2d_v1_continuousM/N76/basin_T401_failure/basin_0388_0485.csv,0.12,0.15,0.12,0.15,0.0993434905494016,0.10591089203302734,True,False,UNAVAILABLE,0.1000197154665019
424,24,16,1.15,0.06,0.12,0.156,-2.549736936302885e-09,0.1998472244836177,0.026089266,0.11558069,0.0,0.102065065,COMPLETED,True,other,0.0900292968749999,0.1578489583333333,0.0024422483929081,4.074474009691697e-21,0.0024422483929081,0.0993434905494016,0.1059108920330274,,21.278734398074448,assets/pinn_supersonic/atlas2d_v1_continuousM/N76/basin_T401_failure/basin_0388_0485.csv,0.12,0.156,0.12,0.156,0.0993434905494016,0.10591089203302734,True,False,UNAVAILABLE,0.10223977446180131
449,24,17,1.15,0.06,0.12,0.162,-2.549736936302885e-09,0.1998472244836177,0.026089266,0.11558069,0.0,0.102065065,COMPLETED,True,other,0.0900292968749999,0.1578489583333333,0.0024422483929081,4.074474009691697e-21,0.0024422483929081,0.0993434905494016,0.1059108920330274,,21.2572707880754,assets/pinn_supersonic/atlas2d_v1_continuousM/N76/basin_T401_failure/basin_0388_0485.csv,0.12,0.162,0.12,0.162,0.0993434905494016,0.10591089203302734,True,False,UNAVAILABLE,0.1047568588780706
474,24,18,1.15,0.06,0.12,0.1679999999999999,-2.549736936302885e-09,0.1998472244836177,0.026089266,0.11558069,0.0,0.102065065,COMPLETED,True,other,0.0900292968749999,0.1578489583333333,0.0024422483929081,4.074474009691697e-21,0.0024422483929081,0.0993434905494016,0.1059108920330274,,21.260962283005934,assets/pinn_supersonic/atlas2d_v1_continuousM/N76/basin_T401_failure/basin_0388_0485.csv,0.12,0.1679999999999999,0.12,0.168,0.0993434905494016,0.10591089203302734,True,False,UNAVAILABLE,0.10755011614126686
499,24,19,1.15,0.06,0.12,0.174,-2.549736936302885e-09,0.1998472244836177,0.026089266,0.11558069,0.0,0.102065065,COMPLETED,True,other,0.0900292968749999,0.1580156249999999,0.0024422522037668,4.075891479339624e-21,0.0024422522037668,0.0992731457659459,0.1059987710311797,,22.30839223507792,assets/pinn_supersonic/atlas2d_v1_continuousM/N76/basin_T401_failure/basin_0485_0582.csv,0.12,0.174,0.12,0.174,0.09927314576594584,0.10599877103117969,True,False,UNAVAILABLE,0.11059862332777926
524,24,20,1.15,0.06,0.12,0.18,-2.549736936302885e-09,0.1998472244836177,0.026089266,0.11558069,0.0,0.102065065,COMPLETED,True,other,0.0900292968749999,0.1640156249999999,0.0024472561877502,4.1209815449615776e-21,0.0024472561877502,0.0968977722987651,0.1092847024066976,,22.167544914991595,assets/pinn_supersonic/atlas2d_v1_continuousM/N76/basin_T401_failure/basin_0485_0582.csv,0.12,0.18,0.12,0.18,0.09689777229876506,0.10928470240669759,True,False,UNAVAILABLE,0.11388188390608929
549,24,21,1.15,0.06,0.12,0.186,-2.549736936302885e-09,0.1998472244836177,0.026089266,0.11558069,0.0,0.102065065,COMPLETED,True,other,0.0900292968749999,0.1700156249999999,0.0024619479414939,4.1576101532244856e-21,0.0024619479414939,0.0948430233736774,0.1127942946257499,,22.22059167001862,assets/pinn_supersonic/atlas2d_v1_continuousM/N76/basin_T401_failure/basin_0485_0582.csv,0.12,0.186,0.12,0.186,0.09484302337367734,0.1127942946257498,True,False,UNAVAILABLE,0.1173802005535857
574,24,22,1.15,0.06,0.12,0.192,-2.549736936302885e-09,0.1998472244836177,0.026089266,0.11558069,0.0,0.102065065,COMPLETED,True,other,0.0900292968749999,0.1760156249999999,0.002486799119277,4.200270137561072e-21,0.002486799119277,0.0931301234233934,0.1165073371943607,,22.594675362110134,assets/pinn_supersonic/atlas2d_v1_continuousM/N76/basin_T401_failure/basin_0485_0582.csv,0.12,0.192,0.12,0.192,0.09313012342339343,0.11650733719436064,True,False,UNAVAILABLE,0.12107493333469153
599,24,23,1.15,0.06,0.12,0.198,-2.549736936302885e-09,0.1998472244836177,0.026089266,0.11558069,0.0,0.102065065,COMPLETED,True,other,0.0900292968749999,0.1820156249999999,0.0025224484288238,4.2511356751456315e-21,0.0025224484288238,0.0917782147083559,0.120405009613888,,20.85487970593385,assets/pinn_supersonic/atlas2d_v1_continuousM/N76/basin_T401_failure/basin_0582_0679.csv,0.12,0.198,0.12,0.198,0.09177821470835591,0.12040500961388796,True,False,UNAVAILABLE,0.12494865938456483
624,24,24,1.15,0.06,0.12,0.204,-2.549736936302885e-09,0.1998472244836177,0.026089266,0.11558069,0.0,0.102065065,COMPLETED,True,other,0.0900292968749999,0.1880156249999999,0.0025696557767783,4.292060164701871e-21,0.0025696557767783,0.0908034222992155,0.1244699685069473,,20.543987356941216,assets/pinn_supersonic/atlas2d_v1_continuousM/N76/basin_T401_failure/basin_0582_0679.csv,0.12,0.204,0.12,0.204,0.0908034222992155,0.12446996850694729,True,False,UNAVAILABLE,0.12898525296327482
649,24,25,1.15,0.06,0.12,0.21,-2.549736936302885e-09,0.1998472244836177,0.026089266,0.11558069,0.0,0.102065065,COMPLETED,True,other,0.0900292968749999,0.1940156249999999,0.0026292511018057,4.289849307073203e-21,0.0026292511018057,0.0902179710891697,0.1286863620595456,,20.698750154930167,assets/pinn_supersonic/atlas2d_v1_continuousM/N76/basin_T401_failure/basin_0582_0679.csv,0.12,0.21,0.12,0.21,0.09021797108916965,0.1286863620595456,True,False,UNAVAILABLE,0.13316990456555863
674,24,26,1.15,0.06,0.12,0.216,-2.549736936302885e-09,0.1998472244836177,0.026089266,0.11558069,0.0,0.102065065,COMPLETED,True,other,0.0900292968749999,0.2000156249999999,0.0027020818936555,4.257682010349123e-21,0.0027020818936555,0.0900294569218478,0.1330397929197143,,20.3702398739988,assets/pinn_supersonic/atlas2d_v1_continuousM/N76/basin_T401_failure/basin_0582_0679.csv,0.12,0.216,0.12,0.216,0.09002945692184774,0.13303979291971424,True,False,UNAVAILABLE,0.13748909586581765
699,24,27,1.15,0.06,0.12,0.222,-2.549736936302885e-09,0.1998472244836177,0.026089266,0.11558069,0.0,0.102065065,COMPLETED,True,other,0.0900292968749999,0.2060156249999999,0.0027889637962588,4.200212575366894e-21,0.0027889637962588,0.0902403674629012,0.1375172469914973,,20.81427788909059,assets/pinn_supersonic/atlas2d_v1_continuousM/N76/basin_T401_failure/basin_0679_0775.csv,0.12,0.222,0.12,0.222,0.09024036746290112,0.1375172469914972,True,False,UNAVAILABLE,0.1419305445702228
724,24,28,1.15,0.06,0.12,0.228,-2.549736936302885e-09,0.1998472244836177,0.026089266,0.11558069,0.0,0.102065065,COMPLETED,True,other,0.0900292968749999,0.2120156249999999,0.0028906384490617,4.124403244915192e-21,0.0028906384490617,0.0908479208679869,0.1421070017279953,,20.74640403501689,assets/pinn_supersonic/atlas2d_v1_continuousM/N76/basin_T401_failure/basin_0679_0775.csv,0.12,0.228,0.12,0.228,0.09084792086798692,0.14210700172799526,True,False,UNAVAILABLE,0.1464831303666057
749,24,29,1.15,0.06,0.12,0.234,-2.549736936302885e-09,0.1998472244836177,0.026089266,0.11558069,0.0,0.102065065,COMPLETED,True,other,0.0900292968749999,0.218015625,0.0030077417598219,4.038157839453848e-21,0.0030077417598219,0.0918442460485827,0.146798524039312,,20.69209438108373,assets/pinn_supersonic/atlas2d_v1_continuousM/N76/basin_T401_failure/basin_0679_0775.csv,0.12,0.234,0.12,0.234,0.09184424604858271,0.146798524039312,True,False,UNAVAILABLE,0.1511368104797769
774,24,30,1.15,0.06,0.12,0.24,-2.549736936302885e-09,0.1998472244836177,0.026089266,0.11558069,0.0,0.102065065,COMPLETED,True,other,0.0900292968749999,0.2240156249999999,0.00314078428629,3.9467393896624496e-21,0.00314078428629,0.0932168779697603,0.1515823650037182,,25.31298858905211,assets/pinn_supersonic/atlas2d_v1_continuousM/N76/basin_T401_failure/basin_0679_0775.csv,0.12,0.24,0.12,0.24,0.0932168779697603,0.1515823650037182,True,False,UNAVAILABLE,0.15588253103539215
