condition,benchmark_id,atlas_chart,Mach,alpha,candidate_index,center_kind,center_index,cr_center,ci_center,requested_cr_half_window,requested_ci_half_window,status,error,retry_index,used_cr_half_window,used_ci_half_window,shoot_cr,shoot_ci,stage1_mismatch,stage2_mismatch,total_mismatch,spectral_success,mode_success,technical_success,delta_center,seconds,source_file,status_completed,actual_box_solves
seeded,0,C00,1.05,0.105,0,PINN,0,0.00960359,0.051924232,0.015,0.008,COMPLETED,,0,0.015,0.008,0.0,0.059689857,2.671678220483921e-07,2.9405025813728884e-21,2.671678220483951e-07,True,True,True,0.0123504604176818,22.10928157903254,/lustre/fswork/projects/rech/fdb/usv13rn/These_PINN_KH_RT/assets/pinn_supersonic/reviewer_runs/budget_matched_v64/candidates_seeded_00_32.csv,True,1.0
seeded,0,C00,1.05,0.105,1,PINN,0,0.00960359,0.051924232,0.015,0.015,COMPLETED,,0,0.015,0.015,0.0,0.0596879038749999,5.693951415460477e-07,2.9406470713056562e-21,5.693951415460506e-07,True,True,True,0.0123492324405513,22.10481373895891,/lustre/fswork/projects/rech/fdb/usv13rn/These_PINN_KH_RT/assets/pinn_supersonic/reviewer_runs/budget_matched_v64/candidates_seeded_00_32.csv,True,1.0
seeded,0,C00,1.05,0.105,2,PINN,0,0.00960359,0.051924232,0.015,0.03,COMPLETED,,0,0.015,0.03,0.0,0.05967813825,2.0806872264641943e-06,2.9400691328738296e-21,2.080687226464197e-06,True,True,True,0.0123430953582109,22.12165129405912,/lustre/fswork/projects/rech/fdb/usv13rn/These_PINN_KH_RT/assets/pinn_supersonic/reviewer_runs/budget_matched_v64/candidates_seeded_00_32.csv,True,1.0
seeded,0,C00,1.05,0.105,3,PINN,0,0.00960359,0.051924232,0.03,0.008,COMPLETED,,0,0.03,0.008,0.0,0.059689857,2.671678220483921e-07,2.9405025813728884e-21,2.671678220483951e-07,True,True,True,0.0123504604176818,22.19791560305748,/lustre/fswork/projects/rech/fdb/usv13rn/These_PINN_KH_RT/assets/pinn_supersonic/reviewer_runs/budget_matched_v64/candidates_seeded_00_32.csv,True,1.0
seeded,0,C00,1.05,0.105,4,PINN,0,0.00960359,0.051924232,0.03,0.015,COMPLETED,,0,0.03,0.015,0.0,0.0596879038749999,5.693951415460477e-07,2.9406470713056562e-21,5.693951415460506e-07,True,True,True,0.0123492324405513,22.1784237009706,/lustre/fswork/projects/rech/fdb/usv13rn/These_PINN_KH_RT/assets/pinn_supersonic/reviewer_runs/budget_matched_v64/candidates_seeded_00_32.csv,True,1.0
seeded,0,C00,1.05,0.105,5,PINN,0,0.00960359,0.051924232,0.03,0.03,COMPLETED,,0,0.03,0.03,0.0,0.05967813825,2.0806872264641943e-06,2.9400691328738296e-21,2.080687226464197e-06,True,True,True,0.0123430953582109,22.162062019924637,/lustre/fswork/projects/rech/fdb/usv13rn/These_PINN_KH_RT/assets/pinn_supersonic/reviewer_runs/budget_matched_v64/candidates_seeded_00_32.csv,True,1.0
seeded,0,C00,1.05,0.105,6,PINN,0,0.00960359,0.051924232,0.06,0.008,COMPLETED,,0,0.06,0.008,0.0,0.059689857,2.671678220483921e-07,2.9405025813728884e-21,2.671678220483951e-07,True,True,True,0.0123504604176818,22.21093540394213,/lustre/fswork/projects/rech/fdb/usv13rn/These_PINN_KH_RT/assets/pinn_supersonic/reviewer_runs/budget_matched_v64/candidates_seeded_00_32.csv,True,1.0
seeded,0,C00,1.05,0.105,7,PINN,0,0.00960359,0.051924232,0.06,0.015,COMPLETED,,0,0.06,0.015,0.0,0.0596879038749999,5.693951415460477e-07,2.9406470713056562e-21,5.693951415460506e-07,True,True,True,0.0123492324405513,22.25869219598826,/lustre/fswork/projects/rech/fdb/usv13rn/These_PINN_KH_RT/assets/pinn_supersonic/reviewer_runs/budget_matched_v64/candidates_seeded_00_32.csv,True,1.0
seeded,0,C00,1.05,0.105,8,PINN,0,0.00960359,0.051924232,0.06,0.03,COMPLETED,,0,0.06,0.03,0.0,0.05967813825,2.0806872264641943e-06,2.9400691328738296e-21,2.080687226464197e-06,True,True,True,0.0123430953582109,22.259063660982065,/lustre/fswork/projects/rech/fdb/usv13rn/These_PINN_KH_RT/assets/pinn_supersonic/reviewer_runs/budget_matched_v64/candidates_seeded_00_32.csv,True,1.0
seeded,0,C00,1.05,0.105,9,PINN,0,0.00960359,0.051924232,0.1,0.008,COMPLETED,,0,0.1,0.008,0.0,0.059689857,2.671678220483921e-07,2.9405025813728884e-21,2.671678220483951e-07,True,True,True,0.0123504604176818,22.30833284393884,/lustre/fswork/projects/rech/fdb/usv13rn/These_PINN_KH_RT/assets/pinn_supersonic/reviewer_runs/budget_matched_v64/candidates_seeded_00_32.csv,True,1.0
seeded,0,C00,1.05,0.105,10,PINN,0,0.00960359,0.051924232,0.1,0.015,COMPLETED,,0,0.1,0.015,0.0,0.0596879038749999,5.693951415460477e-07,2.9406470713056562e-21,5.693951415460506e-07,True,True,True,0.0123492324405513,22.306362397037446,/lustre/fswork/projects/rech/fdb/usv13rn/These_PINN_KH_RT/assets/pinn_supersonic/reviewer_runs/budget_matched_v64/candidates_seeded_00_32.csv,True,1.0
seeded,0,C00,1.05,0.105,11,PINN,0,0.00960359,0.051924232,0.1,0.03,COMPLETED,,0,0.1,0.03,0.0,0.05967813825,2.0806872264641943e-06,2.9400691328738296e-21,2.080687226464197e-06,True,True,True,0.0123430953582109,22.30384329496883,/lustre/fswork/projects/rech/fdb/usv13rn/These_PINN_KH_RT/assets/pinn_supersonic/reviewer_runs/budget_matched_v64/candidates_seeded_00_32.csv,True,1.0
seeded,1,C00,1.1,0.09,0,PINN,0,0.04619938,0.10239334,0.015,0.008,COMPLETED,,0,0.015,0.008,0.016228676875,0.1134089649999999,0.0006366448746696,3.769114301203957e-21,0.0006366448746696,True,True,True,0.0319309730504334,21.64738227194175,/lustre/fswork/projects/rech/fdb/usv13rn/These_PINN_KH_RT/assets/pinn_supersonic/reviewer_runs/budget_matched_v64/candidates_seeded_00_32.csv,True,1.0
seeded,1,C00,1.1,0.09,1,PINN,0,0.04619938,0.10239334,0.015,0.015,COMPLETED,,0,0.015,0.015,0.016228676875,0.113282011875,0.000636629587235,3.768896192207717e-21,0.000636629587235,True,True,True,0.0318873990944432,21.73053695599083,/lustre/fswork/projects/rech/fdb/usv13rn/These_PINN_KH_RT/assets/pinn_supersonic/reviewer_runs/budget_matched_v64/candidates_seeded_00_32.csv,True,1.0
seeded,1,C00,1.1,0.09,2,PINN,0,0.04619938,0.10239334,0.015,0.03,COMPLETED,,0,0.015,0.03,0.016228676875,0.1132722462499999,0.000636629673065,3.7685690405462686e-21,0.000636629673065,True,True,True,0.0318840657226015,21.66338611196261,/lustre/fswork/projects/rech/fdb/usv13rn/These_PINN_KH_RT/assets/pinn_supersonic/reviewer_runs/budget_matched_v64/candidates_seeded_00_32.csv,True,1.0
seeded,1,C00,1.1,0.09,3,PINN,0,0.04619938,0.10239334,0.03,0.008,COMPLETED,,0,0.03,0.008,0.0,0.1092058399999999,4.513831572113893e-08,3.4376319217735804e-21,4.5138315721142366e-08,True,True,True,0.0466989600380393,17.342219113954343,/lustre/fswork/projects/rech/fdb/usv13rn/These_PINN_KH_RT/assets/pinn_supersonic/reviewer_runs/budget_matched_v64/candidates_seeded_00_32.csv,True,1.0
seeded,1,C00,1.1,0.09,4,PINN,0,0.04619938,0.10239334,0.03,0.015,COMPLETED,,0,0.03,0.015,0.0,0.109199980625,2.859347504488264e-07,3.437788148773326e-21,2.859347504488299e-07,True,True,True,0.0466981056251996,21.599348960909992,/lustre/fswork/projects/rech/fdb/usv13rn/These_PINN_KH_RT/assets/pinn_supersonic/reviewer_runs/budget_matched_v64/candidates_seeded_00_32.csv,True,1.0
seeded,1,C00,1.1,0.09,5,PINN,0,0.04619938,0.10239334,0.03,0.03,COMPLETED,,0,0.03,0.03,0.0,0.10920974625,1.1536996384411e-07,3.437944379322946e-21,1.1536996384411345e-07,True,True,True,0.0466995300463445,21.436787448008545,/lustre/fswork/projects/rech/fdb/usv13rn/These_PINN_KH_RT/assets/pinn_supersonic/reviewer_runs/budget_matched_v64/candidates_seeded_00_32.csv,True,1.0
seeded,1,C00,1.1,0.09,6,PINN,0,0.04619938,0.10239334,0.06,0.008,COMPLETED,,0,0.06,0.008,0.0,0.1092058399999999,4.513831572113893e-08,3.4376319217735804e-21,4.5138315721142366e-08,True,True,True,0.0466989600380393,17.243982492014766,/lustre/fswork/projects/rech/fdb/usv13rn/These_PINN_KH_RT/assets/pinn_supersonic/reviewer_runs/budget_matched_v64/candidates_seeded_00_32.csv,True,1.0
seeded,1,C00,1.1,0.09,7,PINN,0,0.04619938,0.10239334,0.06,0.015,COMPLETED,,0,0.06,0.015,0.0,0.109199980625,2.859347504488264e-07,3.437788148773326e-21,2.859347504488299e-07,True,True,True,0.0466981056251996,21.4306909639854,/lustre/fswork/projects/rech/fdb/usv13rn/These_PINN_KH_RT/assets/pinn_supersonic/reviewer_runs/budget_matched_v64/candidates_seeded_00_32.csv,True,1.0
seeded,1,C00,1.1,0.09,8,PINN,0,0.04619938,0.10239334,0.06,0.03,COMPLETED,,0,0.06,0.03,0.0,0.10920974625,1.1536996384411e-07,3.437944379322946e-21,1.1536996384411345e-07,True,True,True,0.0466995300463445,21.432930341921747,/lustre/fswork/projects/rech/fdb/usv13rn/These_PINN_KH_RT/assets/pinn_supersonic/reviewer_runs/budget_matched_v64/candidates_seeded_00_32.csv,True,1.0
seeded,1,C00,1.1,0.09,9,PINN,0,0.04619938,0.10239334,0.1,0.008,COMPLETED,,0,0.1,0.008,0.0,0.1092058399999999,4.513831572113893e-08,3.4376319217735804e-21,4.5138315721142366e-08,True,True,True,0.0466989600380393,17.246534497942775,/lustre/fswork/projects/rech/fdb/usv13rn/These_PINN_KH_RT/assets/pinn_supersonic/reviewer_runs/budget_matched_v64/candidates_seeded_00_32.csv,True,1.0
seeded,1,C00,1.1,0.09,10,PINN,0,0.04619938,0.10239334,0.1,0.015,COMPLETED,,0,0.1,0.015,0.0,0.109199980625,2.859347504488264e-07,3.437788148773326e-21,2.859347504488299e-07,True,True,True,0.0466981056251996,21.440629592048936,/lustre/fswork/projects/rech/fdb/usv13rn/These_PINN_KH_RT/assets/pinn_supersonic/reviewer_runs/budget_matched_v64/candidates_seeded_00_32.csv,True,1.0
seeded,1,C00,1.1,0.09,11,PINN,0,0.04619938,0.10239334,0.1,0.03,COMPLETED,,0,0.1,0.03,0.0,0.10920974625,1.1536996384411e-07,3.437944379322946e-21,1.1536996384411345e-07,True,True,True,0.0466995300463445,21.44067822501529,/lustre/fswork/projects/rech/fdb/usv13rn/These_PINN_KH_RT/assets/pinn_supersonic/reviewer_runs/budget_matched_v64/candidates_seeded_00_32.csv,True,1.0
seeded,2,C00,1.1,0.105,0,PINN,0,0.06554711,0.10136479,0.015,0.008,COMPLETED,,0,0.015,0.008,0.059209219375,0.117349165,0.0013855041410073,3.7774617076171235e-21,0.0013855041410073,True,True,True,0.0171950313089301,22.18001075903885,/lustre/fswork/projects/rech/fdb/usv13rn/These_PINN_KH_RT/assets/pinn_supersonic/reviewer_runs/budget_matched_v64/candidates_seeded_00_32.csv,True,1.0
seeded,2,C00,1.1,0.105,1,PINN,0,0.06554711,0.10136479,0.015,0.015,COMPLETED,,0,0.015,0.015,0.061240469375,0.1313354931249999,0.0004245878207897,2.9555485475062738e-21,0.0004245878207897,True,True,True,0.0302785435462107,22.05816009303089,/lustre/fswork/projects/rech/fdb/usv13rn/These_PINN_KH_RT/assets/pinn_supersonic/reviewer_runs/budget_matched_v64/candidates_seeded_00_32.csv,True,1.0
seeded,2,C00,1.1,0.105,2,PINN,0,0.06554711,0.10136479,0.015,0.03,COMPLETED,,0,0.015,0.03,0.061474844375,0.13775150875,6.75927007001124e-07,2.518686950824748e-21,6.759270070011265e-07,True,True,True,0.0366138860094385,21.949359261081558,/lustre/fswork/projects/rech/fdb/usv13rn/These_PINN_KH_RT/assets/pinn_supersonic/reviewer_runs/budget_matched_v64/candidates_seeded_00_32.csv,True,1.0
seeded,2,C00,1.1,0.105,3,PINN,0,0.06554711,0.10136479,0.03,0.008,COMPLETED,,0,0.03,0.008,0.05919945375,0.117349165,0.0013855042876457,3.77729794423472e-21,0.0013855042876457,True,True,True,0.0171986332017631,22.175950345932502,/lustre/fswork/projects/rech/fdb/usv13rn/These_PINN_KH_RT/assets/pinn_supersonic/reviewer_runs/budget_matched_v64/candidates_seeded_00_32.csv,True,1.0
seeded,2,C00,1.1,0.105,4,PINN,0,0.06554711,0.10136479,0.03,0.015,COMPLETED,,0,0.03,0.015,0.06123070375,0.1313354931249999,0.0004245891886033,2.955162273875424e-21,0.0004245891886033,True,True,True,0.0302799340937512,22.07363887701649,/lustre/fswork/projects/rech/fdb/usv13rn/These_PINN_KH_RT/assets/pinn_supersonic/reviewer_runs/budget_matched_v64/candidates_seeded_00_32.csv,True,1.0
seeded,2,C00,1.1,0.105,5,PINN,0,0.06554711,0.10136479,0.03,0.03,COMPLETED,,0,0.03,0.03,0.06146507875,0.13775150875,7.950637423028412e-07,2.518909828682376e-21,7.950637423028437e-07,True,True,True,0.0366149734469052,21.952427898999304,/lustre/fswork/projects/rech/fdb/usv13rn/These_PINN_KH_RT/assets/pinn_supersonic/reviewer_runs/budget_matched_v64/candidates_seeded_00_32.csv,True,1.0
seeded,2,C00,1.1,0.105,6,PINN,0,0.06554711,0.10136479,0.06,0.008,COMPLETED,,0,0.06,0.008,0.0591799225,0.117349165,0.0013855054702063,3.777079598580208e-21,0.0013855054702063,True,True,True,0.0172058513535593,22.179175532073717,/lustre/fswork/projects/rech/fdb/usv13rn/These_PINN_KH_RT/assets/pinn_supersonic/reviewer_runs/budget_matched_v64/candidates_seeded_00_32.csv,True,1.0
seeded,2,C00,1.1,0.105,7,PINN,0,0.06554711,0.10136479,0.06,0.015,COMPLETED,,0,0.06,0.015,0.0612111725,0.1313354931249999,0.0004245948446244,2.9552105566987734e-21,0.0004245948446244,True,True,True,0.0302827244449832,22.04742757207714,/lustre/fswork/projects/rech/fdb/usv13rn/These_PINN_KH_RT/assets/pinn_supersonic/reviewer_runs/budget_matched_v64/candidates_seeded_00_32.csv,True,1.0
seeded,2,C00,1.1,0.105,8,PINN,0,0.06554711,0.10136479,0.06,0.03,COMPLETED,,0,0.06,0.03,0.0614455475,0.13775150875,1.8527625268746169e-06,2.518909828682376e-21,1.8527625268746196e-06,True,True,True,0.0366171560382972,21.94701230991632,/lustre/fswork/projects/rech/fdb/usv13rn/These_PINN_KH_RT/assets/pinn_supersonic/reviewer_runs/budget_matched_v64/candidates_seeded_00_32.csv,True,1.0
seeded,2,C00,1.1,0.105,9,PINN,0,0.06554711,0.10136479,0.1,0.008,COMPLETED,,0,0.1,0.008,0.0592240474902343,0.117349165,0.0013855044853941,3.7781167966454815e-21,0.0013855044853941,True,True,True,0.0171895713629813,22.986968231969517,/lustre/fswork/projects/rech/fdb/usv13rn/These_PINN_KH_RT/assets/pinn_supersonic/reviewer_runs/budget_matched_v64/candidates_seeded_00_32.csv,True,1.0
seeded,2,C00,1.1,0.105,10,PINN,0,0.06554711,0.10136479,0.1,0.015,COMPLETED,,0,0.1,0.015,0.0612718307519531,0.1313354931249999,0.0004245900154426,2.9555485475062738e-21,0.0004245900154426,True,True,True,0.0302740988050125,22.12212445202749,/lustre/fswork/projects/rech/fdb/usv13rn/These_PINN_KH_RT/assets/pinn_supersonic/reviewer_runs/budget_matched_v64/candidates_seeded_00_32.csv,True,1.0
seeded,2,C00,1.1,0.105,11,PINN,0,0.06554711,0.10136479,0.1,0.03,COMPLETED,,0,0.1,0.03,0.0614873868847656,0.13775150875,1.1959943492155256e-06,2.5184195104117985e-21,1.1959943492155282e-06,True,True,True,0.0366124931295858,22.016668654978275,/lustre/fswork/projects/rech/fdb/usv13rn/These_PINN_KH_RT/assets/pinn_supersonic/reviewer_runs/budget_matched_v64/candidates_seeded_00_32.csv,True,1.0
seeded,3,C00,1.1,0.115,0,PINN,0,0.07631394,0.10816286,0.015,0.008,COMPLETED,,0,0.015,0.008,0.083843236875,0.124147235,0.0007103826475367,2.3896462335162485e-21,0.0007103826475367,True,True,True,0.0176689149517595,22.57599088200368,/lustre/fswork/projects/rech/fdb/usv13rn/These_PINN_KH_RT/assets/pinn_supersonic/reviewer_runs/budget_matched_v64/candidates_seeded_00_32.csv,True,1.0
seeded,3,C00,1.1,0.115,1,PINN,0,0.07631394,0.10816286,0.015,0.015,COMPLETED,,0,0.015,0.015,0.083999486875,0.131610125625,7.055097890790895e-07,1.68275595468968e-21,7.055097890790912e-07,True,True,True,0.0246747218030341,22.504246655968014,/lustre/fswork/projects/rech/fdb/usv13rn/These_PINN_KH_RT/assets/pinn_supersonic/reviewer_runs/budget_matched_v64/candidates_seeded_00_32.csv,True,1.0
seeded,3,C00,1.1,0.115,2,PINN,0,0.07631394,0.10816286,0.015,0.03,COMPLETED,,0,0.015,0.03,0.083999486875,0.1316198912499999,1.34497562776431e-06,1.6820637736187744e-21,1.3449756277643115e-06,True,True,True,0.0246840018196259,22.483993873000145,/lustre/fswork/projects/rech/fdb/usv13rn/These_PINN_KH_RT/assets/pinn_supersonic/reviewer_runs/budget_matched_v64/candidates_seeded_00_32.csv,True,1.0
seeded,3,C00,1.1,0.115,3,PINN,0,0.07631394,0.10816286,0.03,0.008,COMPLETED,,0,0.03,0.008,0.08383347125,0.124147235,0.0007103825926548,2.3910358025344644e-21,0.0007103825926548,True,True,True,0.0176647557118787,22.585707655991428,/lustre/fswork/projects/rech/fdb/usv13rn/These_PINN_KH_RT/assets/pinn_supersonic/reviewer_runs/budget_matched_v64/candidates_seeded_00_32.csv,True,1.0
seeded,3,C00,1.1,0.115,4,PINN,0,0.07631394,0.10816286,0.03,0.015,COMPLETED,,0,0.03,0.015,0.08398972125,0.131610125625,1.5978234602797366e-06,1.6827923892166637e-21,1.5978234602797383e-06,True,True,True,0.0246716818049997,22.50639245193452,/lustre/fswork/projects/rech/fdb/usv13rn/These_PINN_KH_RT/assets/pinn_supersonic/reviewer_runs/budget_matched_v64/candidates_seeded_00_32.csv,True,1.0
seeded,3,C00,1.1,0.115,5,PINN,0,0.07631394,0.10816286,0.03,0.03,COMPLETED,,0,0.03,0.03,0.08398972125,0.1316198912499999,1.965736722711076e-06,1.6822094841165778e-21,1.965736722711078e-06,True,True,True,0.0246809629646277,22.48368710896466,/lustre/fswork/projects/rech/fdb/usv13rn/These_PINN_KH_RT/assets/pinn_supersonic/reviewer_runs/budget_matched_v64/candidates_seeded_00_32.csv,True,1.0
seeded,3,C00,1.1,0.115,6,PINN,0,0.07631394,0.10816286,0.06,0.008,COMPLETED,,0,0.06,0.008,0.0838530025,0.124147235,0.0007103839149814,2.3893423191332705e-21,0.0007103839149814,True,True,True,0.0176730786089897,22.603209415916357,/lustre/fswork/projects/rech/fdb/usv13rn/These_PINN_KH_RT/assets/pinn_supersonic/reviewer_runs/budget_matched_v64/candidates_seeded_00_32.csv,True,1.0
seeded,3,C00,1.1,0.115,7,PINN,0,0.07631394,0.10816286,0.06,0.015,COMPLETED,,0,0.06,0.015,0.0840092525,0.131610125625,3.638455956366567e-07,1.682828824138078e-21,3.638455956366584e-07,True,True,True,0.0246777652910866,22.49417981202714,/lustre/fswork/projects/rech/fdb/usv13rn/These_PINN_KH_RT/assets/pinn_supersonic/reviewer_runs/budget_matched_v64/candidates_seeded_00_32.csv,True,1.0
seeded,3,C00,1.1,0.115,8,PINN,0,0.07631394,0.10816286,0.06,0.03,COMPLETED,,0,0.06,0.03,0.0840092525,0.1316198912499999,1.2015351388836915e-06,1.6819544948869417e-21,1.2015351388836934e-06,True,True,True,0.024687044163612,22.489201730000783,/lustre/fswork/projects/rech/fdb/usv13rn/These_PINN_KH_RT/assets/pinn_supersonic/reviewer_runs/budget_matched_v64/candidates_seeded_00_32.csv,True,1.0
seeded,3,C00,1.1,0.115,9,PINN,0,0.07631394,0.10816286,0.1,0.008,COMPLETED,,0,0.1,0.008,0.0838524304492187,0.124147235,0.0007103838072989,2.3905146668209787e-21,0.0007103838072989,True,True,True,0.0176728345885313,22.55429605499376,/lustre/fswork/projects/rech/fdb/usv13rn/These_PINN_KH_RT/assets/pinn_supersonic/reviewer_runs/budget_matched_v64/candidates_seeded_00_32.csv,True,1.0
seeded,3,C00,1.1,0.115,10,PINN,0,0.07631394,0.10816286,0.1,0.015,COMPLETED,,0,0.1,0.015,0.0839672181705729,0.131610125625,3.70421235376776e-06,1.6830110046616058e-21,3.704212353767761e-06,True,True,True,0.0246646899847833,22.462095526978374,/lustre/fswork/projects/rech/fdb/usv13rn/These_PINN_KH_RT/assets/pinn_supersonic/reviewer_runs/budget_matched_v64/candidates_seeded_00_32.csv,True,1.0
seeded,3,C00,1.1,0.115,11,PINN,0,0.07631394,0.10816286,0.1,0.03,COMPLETED,,0,0.1,0.03,0.0839672181705729,0.1316198912499999,3.877084370572859e-06,1.682828824138078e-21,3.877084370572861e-06,True,True,True,0.0246739737743972,22.457592605031092,/lustre/fswork/projects/rech/fdb/usv13rn/These_PINN_KH_RT/assets/pinn_supersonic/reviewer_runs/budget_matched_v64/candidates_seeded_00_32.csv,True,1.0
seeded,4,C00,1.2,0.075,0,PINN,0,0.12534627,0.14678708,0.015,0.008,COMPLETED,,0,0.015,0.008,0.125395098125,0.1308027049999999,0.0001911440535867,4.5307170792692846e-21,0.0001911440535867,True,True,True,0.0159844495784627,22.01887070306111,/lustre/fswork/projects/rech/fdb/usv13rn/These_PINN_KH_RT/assets/pinn_supersonic/reviewer_runs/budget_matched_v64/candidates_seeded_00_32.csv,True,1.0
seeded,4,C00,1.2,0.075,1,PINN,0,0.12534627,0.14678708,0.015,0.015,COMPLETED,,0,0.015,0.015,0.125395098125,0.127851533125,7.335977340886594e-07,4.4986104648814775e-21,7.335977340886638e-07,True,True,True,0.018935609830188,22.064987650956027,/lustre/fswork/projects/rech/fdb/usv13rn/These_PINN_KH_RT/assets/pinn_supersonic/reviewer_runs/budget_matched_v64/candidates_seeded_00_32.csv,True,1.0
seeded,4,C00,1.2,0.075,2,PINN,0,0.12534627,0.14678708,0.015,0.03,COMPLETED,,0,0.015,0.03,0.125395098125,0.1278612987499999,1.2392304671740018e-06,4.498550893458575e-21,1.2392304671740062e-06,True,True,True,0.0189258442376725,22.05375264689792,/lustre/fswork/projects/rech/fdb/usv13rn/These_PINN_KH_RT/assets/pinn_supersonic/reviewer_runs/budget_matched_v64/candidates_seeded_00_32.csv,True,1.0
seeded,4,C00,1.2,0.075,3,PINN,0,0.12534627,0.14678708,0.03,0.008,COMPLETED,,0,0.03,0.008,0.12540486375,0.1308027049999999,0.0001911469150485,4.530597512410742e-21,0.0001911469150485,True,True,True,0.015984482392876,22.002131219021976,/lustre/fswork/projects/rech/fdb/usv13rn/These_PINN_KH_RT/assets/pinn_supersonic/reviewer_runs/budget_matched_v64/candidates_seeded_00_32.csv,True,1.0
seeded,4,C00,1.2,0.075,4,PINN,0,0.12534627,0.14678708,0.03,0.015,COMPLETED,,0,0.03,0.015,0.12540486375,0.127851533125,4.786643765451621e-07,4.4987891815167705e-21,4.786643765451665e-07,True,True,True,0.0189356375304044,22.13128694705665,/lustre/fswork/projects/rech/fdb/usv13rn/These_PINN_KH_RT/assets/pinn_supersonic/reviewer_runs/budget_matched_v64/candidates_seeded_00_32.csv,True,1.0
seeded,4,C00,1.2,0.075,5,PINN,0,0.12534627,0.14678708,0.03,0.03,COMPLETED,,0,0.03,0.03,0.12540486375,0.1278612987499999,1.1075596278114844e-06,4.4986104648814775e-21,1.1075596278114889e-06,True,True,True,0.018925871952182,22.0672954460606,/lustre/fswork/projects/rech/fdb/usv13rn/These_PINN_KH_RT/assets/pinn_supersonic/reviewer_runs/budget_matched_v64/candidates_seeded_00_32.csv,True,1.0
seeded,4,C00,1.2,0.075,6,PINN,0,0.12534627,0.14678708,0.06,0.008,COMPLETED,,0,0.06,0.008,0.1253853325,0.1308027049999999,0.0001911432744087,4.52993992289053e-21,0.0001911432744087,True,True,True,0.0159844227302562,22.01065606204793,/lustre/fswork/projects/rech/fdb/usv13rn/These_PINN_KH_RT/assets/pinn_supersonic/reviewer_runs/budget_matched_v64/candidates_seeded_00_32.csv,True,1.0
seeded,4,C00,1.2,0.075,7,PINN,0,0.12534627,0.14678708,0.06,0.015,COMPLETED,,0,0.06,0.015,0.1253853325,0.127851533125,1.2829123458168418e-06,4.497895633839047e-21,1.2829123458168462e-06,True,True,True,0.0189355871663444,22.08425338601228,/lustre/fswork/projects/rech/fdb/usv13rn/These_PINN_KH_RT/assets/pinn_supersonic/reviewer_runs/budget_matched_v64/candidates_seeded_00_32.csv,True,1.0
seeded,4,C00,1.2,0.075,8,PINN,0,0.12534627,0.14678708,0.06,0.03,COMPLETED,,0,0.06,0.03,0.1253853325,0.1278612987499999,1.6258350286473451e-06,4.4983126117112656e-21,1.6258350286473496e-06,True,True,True,0.0189258215621346,22.15145654499065,/lustre/fswork/projects/rech/fdb/usv13rn/These_PINN_KH_RT/assets/pinn_supersonic/reviewer_runs/budget_matched_v64/candidates_seeded_00_32.csv,True,1.0
seeded,4,C00,1.2,0.075,9,PINN,0,0.12534627,0.14678708,0.1,0.008,COMPLETED,,0,0.1,0.008,0.1254113741666667,0.1308027049999999,0.0001911499795892,4.531016003318177e-21,0.0001911499795892,True,True,True,0.0159845075836931,22.13584234402515,/lustre/fswork/projects/rech/fdb/usv13rn/These_PINN_KH_RT/assets/pinn_supersonic/reviewer_runs/budget_matched_v64/candidates_seeded_00_32.csv,True,1.0
seeded,4,C00,1.2,0.075,10,PINN,0,0.12534627,0.14678708,0.1,0.015,COMPLETED,,0,0.1,0.015,0.1254113741666667,0.127851533125,6.832501031668074e-07,4.499325352721895e-21,6.832501031668118e-07,True,True,True,0.0189356587951895,22.19134505803231,/lustre/fswork/projects/rech/fdb/usv13rn/These_PINN_KH_RT/assets/pinn_supersonic/reviewer_runs/budget_matched_v64/candidates_seeded_00_32.csv,True,1.0
seeded,4,C00,1.2,0.075,11,PINN,0,0.12534627,0.14678708,0.1,0.03,COMPLETED,,0,0.1,0.03,0.1254113741666667,0.1278612987499999,1.210133335309339e-06,4.4986104648814775e-21,1.2101333353093434e-06,True,True,True,0.0189258932279396,22.20020191301592,/lustre/fswork/projects/rech/fdb/usv13rn/These_PINN_KH_RT/assets/pinn_supersonic/reviewer_runs/budget_matched_v64/candidates_seeded_00_32.csv,True,1.0
seeded,5,C01,1.0,0.145,0,PINN,0,0.0029645264,0.04338873,0.015,0.008,COMPLETED,,0,0.015,0.008,0.0,0.0290501883333333,1.240528198719027e-06,3.604371759992364e-21,1.2405281987190306e-06,True,True,True,0.0146417961296772,22.64624232694041,/lustre/fswork/projects/rech/fdb/usv13rn/These_PINN_KH_RT/assets/pinn_supersonic/reviewer_runs/budget_matched_v64/candidates_seeded_00_32.csv,True,1.0
seeded,5,C01,1.0,0.145,1,PINN,0,0.0029645264,0.04338873,0.015,0.015,COMPLETED,,0,0.015,0.015,0.0,0.029043026875,1.1898654012214053e-06,3.604478406887002e-21,1.189865401221409e-06,True,True,True,0.0146488093347866,22.65417817502748,/lustre/fswork/projects/rech/fdb/usv13rn/These_PINN_KH_RT/assets/pinn_supersonic/reviewer_runs/budget_matched_v64/candidates_seeded_00_32.csv,True,1.0
seeded,5,C01,1.0,0.145,2,PINN,0,0.0029645264,0.04338873,0.015,0.03,COMPLETED,,0,0.015,0.03,0.0,0.02903326125,4.504862204947873e-06,3.605331638842089e-21,4.504862204947876e-06,True,True,True,0.0146583730273357,22.64717745501548,/lustre/fswork/projects/rech/fdb/usv13rn/These_PINN_KH_RT/assets/pinn_supersonic/reviewer_runs/budget_matched_v64/candidates_seeded_00_32.csv,True,1.0
seeded,5,C01,1.0,0.145,3,PINN,0,0.0029645264,0.04338873,0.03,0.008,COMPLETED,,0,0.03,0.008,0.0,0.0290501883333333,1.240528198719027e-06,3.604371759992364e-21,1.2405281987190306e-06,True,True,True,0.0146417961296772,22.680858040926974,/lustre/fswork/projects/rech/fdb/usv13rn/These_PINN_KH_RT/assets/pinn_supersonic/reviewer_runs/budget_matched_v64/candidates_seeded_00_32.csv,True,1.0
seeded,5,C01,1.0,0.145,4,PINN,0,0.0029645264,0.04338873,0.03,0.015,COMPLETED,,0,0.03,0.015,0.0,0.029043026875,1.1898654012214053e-06,3.604478406887002e-21,1.189865401221409e-06,True,True,True,0.0146488093347866,22.76875284302514,/lustre/fswork/projects/rech/fdb/usv13rn/These_PINN_KH_RT/assets/pinn_supersonic/reviewer_runs/budget_matched_v64/candidates_seeded_00_32.csv,True,1.0
seeded,5,C01,1.0,0.145,5,PINN,0,0.0029645264,0.04338873,0.03,0.03,COMPLETED,,0,0.03,0.03,0.0,0.02903326125,4.504862204947873e-06,3.605331638842089e-21,4.504862204947876e-06,True,True,True,0.0146583730273357,22.49453403695952,/lustre/fswork/projects/rech/fdb/usv13rn/These_PINN_KH_RT/assets/pinn_supersonic/reviewer_runs/budget_matched_v64/candidates_seeded_00_32.csv,True,1.0
seeded,5,C01,1.0,0.145,6,PINN,0,0.0029645264,0.04338873,0.06,0.008,COMPLETED,,0,0.06,0.008,0.0,0.0290501883333333,1.240528198719027e-06,3.604371759992364e-21,1.2405281987190306e-06,True,True,True,0.0146417961296772,22.550933923921548,/lustre/fswork/projects/rech/fdb/usv13rn/These_PINN_KH_RT/assets/pinn_supersonic/reviewer_runs/budget_matched_v64/candidates_seeded_00_32.csv,True,1.0
seeded,5,C01,1.0,0.145,7,PINN,0,0.0029645264,0.04338873,0.06,0.015,COMPLETED,,0,0.06,0.015,0.0,0.029043026875,1.1898654012214053e-06,3.604478406887002e-21,1.189865401221409e-06,True,True,True,0.0146488093347866,22.554885940044187,/lustre/fswork/projects/rech/fdb/usv13rn/These_PINN_KH_RT/assets/pinn_supersonic/reviewer_runs/budget_matched_v64/candidates_seeded_00_32.csv,True,1.0
seeded,5,C01,1.0,0.145,8,PINN,0,0.0029645264,0.04338873,0.06,0.03,COMPLETED,,0,0.06,0.03,0.0,0.02903326125,4.504862204947873e-06,3.605331638842089e-21,4.504862204947876e-06,True,True,True,0.0146583730273357,22.751175140962005,/lustre/fswork/projects/rech/fdb/usv13rn/These_PINN_KH_RT/assets/pinn_supersonic/reviewer_runs/budget_matched_v64/candidates_seeded_00_32.csv,True,1.0
seeded,5,C01,1.0,0.145,9,PINN,0,0.0029645264,0.04338873,0.1,0.008,COMPLETED,,0,0.1,0.008,0.0,0.0290501883333333,1.240528198719027e-06,3.604371759992364e-21,1.2405281987190306e-06,True,True,True,0.0146417961296772,22.65027416497469,/lustre/fswork/projects/rech/fdb/usv13rn/These_PINN_KH_RT/assets/pinn_supersonic/reviewer_runs/budget_matched_v64/candidates_seeded_00_32.csv,True,1.0
seeded,5,C01,1.0,0.145,10,PINN,0,0.0029645264,0.04338873,0.1,0.015,COMPLETED,,0,0.1,0.015,0.0,0.029043026875,1.1898654012214053e-06,3.604478406887002e-21,1.189865401221409e-06,True,True,True,0.0146488093347866,22.653086222941056,/lustre/fswork/projects/rech/fdb/usv13rn/These_PINN_KH_RT/assets/pinn_supersonic/reviewer_runs/budget_matched_v64/candidates_seeded_00_32.csv,True,1.0
seeded,5,C01,1.0,0.145,11,PINN,0,0.0029645264,0.04338873,0.1,0.03,COMPLETED,,0,0.1,0.03,0.0,0.02903326125,4.504862204947873e-06,3.605331638842089e-21,4.504862204947876e-06,True,True,True,0.0146583730273357,22.664678134955462,/lustre/fswork/projects/rech/fdb/usv13rn/These_PINN_KH_RT/assets/pinn_supersonic/reviewer_runs/budget_matched_v64/candidates_seeded_00_32.csv,True,1.0
seeded,6,C01,1.0,0.155,0,PINN,0,0.0032099485,0.06000469,0.015,0.008,COMPLETED,,0,0.015,0.008,0.0001793134577229,0.044020315,0.0022464373923408,2.0890074911203663e-21,0.0022464373923408,True,True,True,0.0162691423529362,22.621499960077927,/lustre/fswork/projects/rech/fdb/usv13rn/These_PINN_KH_RT/assets/pinn_supersonic/reviewer_runs/budget_matched_v64/candidates_seeded_00_32.csv,True,1.0
seeded,6,C01,1.0,0.155,1,PINN,0,0.0032099485,0.06000469,0.015,0.015,COMPLETED,,0,0.015,0.015,0.0,0.035541799375,6.148173182158577e-07,3.092838219217601e-21,6.148173182158608e-07,True,True,True,0.0246725918197372,22.599704130087048,/lustre/fswork/projects/rech/fdb/usv13rn/These_PINN_KH_RT/assets/pinn_supersonic/reviewer_runs/budget_matched_v64/candidates_seeded_00_32.csv,True,1.0
seeded,6,C01,1.0,0.155,2,PINN,0,0.0032099485,0.06000469,0.015,0.03,COMPLETED,,0,0.015,0.03,0.0,0.03553203375,2.279926060615252e-06,3.0938261886153e-21,2.2799260606152547e-06,True,True,True,0.0246822744758929,22.61824193794746,/lustre/fswork/projects/rech/fdb/usv13rn/These_PINN_KH_RT/assets/pinn_supersonic/reviewer_runs/budget_matched_v64/candidates_seeded_00_32.csv,True,1.0
seeded,6,C01,1.0,0.155,3,PINN,0,0.0032099485,0.06000469,0.03,0.008,COMPLETED,,0,0.03,0.008,0.00017972506309,0.044020315,0.0022464373996965,2.089088681473593e-21,0.0022464373996965,True,True,True,0.0162690656836286,22.63381863909308,/lustre/fswork/projects/rech/fdb/usv13rn/These_PINN_KH_RT/assets/pinn_supersonic/reviewer_runs/budget_matched_v64/candidates_seeded_00_32.csv,True,1.0
seeded,6,C01,1.0,0.155,4,PINN,0,0.0032099485,0.06000469,0.03,0.015,COMPLETED,,0,0.03,0.015,0.0,0.035541799375,6.148173182158577e-07,3.092838219217601e-21,6.148173182158608e-07,True,True,True,0.0246725918197372,22.6179993939586,/lustre/fswork/projects/rech/fdb/usv13rn/These_PINN_KH_RT/assets/pinn_supersonic/reviewer_runs/budget_matched_v64/candidates_seeded_00_32.csv,True,1.0
seeded,6,C01,1.0,0.155,5,PINN,0,0.0032099485,0.06000469,0.03,0.03,COMPLETED,,0,0.03,0.03,0.0,0.03553203375,2.279926060615252e-06,3.0938261886153e-21,2.2799260606152547e-06,True,True,True,0.0246822744758929,22.625621316954494,/lustre/fswork/projects/rech/fdb/usv13rn/These_PINN_KH_RT/assets/pinn_supersonic/reviewer_runs/budget_matched_v64/candidates_seeded_00_32.csv,True,1.0
seeded,6,C01,1.0,0.155,6,PINN,0,0.0032099485,0.06000469,0.06,0.008,COMPLETED,,0,0.06,0.008,0.0001774693378295,0.044020315,0.0022464374238389,2.0888451151470796e-21,0.0022464374238389,True,True,True,0.0162694859786541,22.691734964959323,/lustre/fswork/projects/rech/fdb/usv13rn/These_PINN_KH_RT/assets/pinn_supersonic/reviewer_runs/budget_matched_v64/candidates_seeded_00_32.csv,True,1.0
seeded,6,C01,1.0,0.155,7,PINN,0,0.0032099485,0.06000469,0.06,0.015,COMPLETED,,0,0.06,0.015,0.0,0.035541799375,6.148173182158577e-07,3.092838219217601e-21,6.148173182158608e-07,True,True,True,0.0246725918197372,22.67908695503138,/lustre/fswork/projects/rech/fdb/usv13rn/These_PINN_KH_RT/assets/pinn_supersonic/reviewer_runs/budget_matched_v64/candidates_seeded_00_32.csv,True,1.0
seeded,6,C01,1.0,0.155,8,PINN,0,0.0032099485,0.06000469,0.06,0.03,COMPLETED,,0,0.06,0.03,0.0,0.03553203375,2.279926060615252e-06,3.0938261886153e-21,2.2799260606152547e-06,True,True,True,0.0246822744758929,22.720755561022088,/lustre/fswork/projects/rech/fdb/usv13rn/These_PINN_KH_RT/assets/pinn_supersonic/reviewer_runs/budget_matched_v64/candidates_seeded_00_32.csv,True,1.0
seeded,6,C01,1.0,0.155,9,PINN,0,0.0032099485,0.06000469,0.1,0.008,COMPLETED,,0,0.1,0.008,0.0001784840011088,0.044020315,0.0022464373934679,2.0887233373086337e-21,0.0022464373934679,True,True,True,0.0162692968855037,22.79284160793759,/lustre/fswork/projects/rech/fdb/usv13rn/These_PINN_KH_RT/assets/pinn_supersonic/reviewer_runs/budget_matched_v64/candidates_seeded_00_32.csv,True,1.0
seeded,6,C01,1.0,0.155,10,PINN,0,0.0032099485,0.06000469,0.1,0.015,COMPLETED,,0,0.1,0.015,0.0,0.035541799375,6.148173182158577e-07,3.092838219217601e-21,6.148173182158608e-07,True,True,True,0.0246725918197372,22.798244300996885,/lustre/fswork/projects/rech/fdb/usv13rn/These_PINN_KH_RT/assets/pinn_supersonic/reviewer_runs/budget_matched_v64/candidates_seeded_00_32.csv,True,1.0
seeded,6,C01,1.0,0.155,11,PINN,0,0.0032099485,0.06000469,0.1,0.03,COMPLETED,,0,0.1,0.03,0.0,0.03553203375,2.279926060615252e-06,3.0938261886153e-21,2.2799260606152547e-06,True,True,True,0.0246822744758929,22.82286211696919,/lustre/fswork/projects/rech/fdb/usv13rn/These_PINN_KH_RT/assets/pinn_supersonic/reviewer_runs/budget_matched_v64/candidates_seeded_00_32.csv,True,1.0
seeded,7,C01,1.0,0.18,0,PINN,0,0.0,0.07666625,0.015,0.008,COMPLETED,,0,0.015,0.008,0.0,0.0641402083333333,1.359443051166545e-07,2.3234647153322197e-21,1.359443051166568e-07,True,True,True,0.0125260416666666,23.164673738065176,/lustre/fswork/projects/rech/fdb/usv13rn/These_PINN_KH_RT/assets/pinn_supersonic/reviewer_runs/budget_matched_v64/candidates_seeded_00_32.csv,True,1.0
seeded,7,C01,1.0,0.18,1,PINN,0,0.0,0.07666625,0.015,0.015,COMPLETED,,0,0.015,0.015,0.0,0.0641369531249999,3.23928760988596e-07,2.3219879267461823e-21,3.239287609885983e-07,True,True,True,0.012529296875,23.00319724192377,/lustre/fswork/projects/rech/fdb/usv13rn/These_PINN_KH_RT/assets/pinn_supersonic/reviewer_runs/budget_matched_v64/candidates_seeded_00_32.csv,True,1.0
seeded,7,C01,1.0,0.18,2,PINN,0,0.0,0.07666625,0.015,0.03,COMPLETED,,0,0.015,0.03,0.0,0.06414671875,1.0555444130602371e-06,2.325477327679455e-21,1.0555444130602397e-06,True,True,True,0.01251953125,23.045481860055588,/lustre/fswork/projects/rech/fdb/usv13rn/These_PINN_KH_RT/assets/pinn_supersonic/reviewer_runs/budget_matched_v64/candidates_seeded_00_32.csv,True,1.0
seeded,7,C01,1.0,0.18,3,PINN,0,0.0,0.07666625,0.03,0.008,COMPLETED,,0,0.03,0.008,0.0,0.0641402083333333,1.359443051166545e-07,2.3234647153322197e-21,1.359443051166568e-07,True,True,True,0.0125260416666666,23.253515971940946,/lustre/fswork/projects/rech/fdb/usv13rn/These_PINN_KH_RT/assets/pinn_supersonic/reviewer_runs/budget_matched_v64/candidates_seeded_00_32.csv,True,1.0
seeded,7,C01,1.0,0.18,4,PINN,0,0.0,0.07666625,0.03,0.015,COMPLETED,,0,0.03,0.015,0.0,0.0641369531249999,3.23928760988596e-07,2.3219879267461823e-21,3.239287609885983e-07,True,True,True,0.012529296875,23.10128729196731,/lustre/fswork/projects/rech/fdb/usv13rn/These_PINN_KH_RT/assets/pinn_supersonic/reviewer_runs/budget_matched_v64/candidates_seeded_00_32.csv,True,1.0
seeded,7,C01,1.0,0.18,5,PINN,0,0.0,0.07666625,0.03,0.03,COMPLETED,,0,0.03,0.03,0.0,0.06414671875,1.0555444130602371e-06,2.325477327679455e-21,1.0555444130602397e-06,True,True,True,0.01251953125,23.043302926933396,/lustre/fswork/projects/rech/fdb/usv13rn/These_PINN_KH_RT/assets/pinn_supersonic/reviewer_runs/budget_matched_v64/candidates_seeded_00_32.csv,True,1.0
seeded,7,C01,1.0,0.18,6,PINN,0,0.0,0.07666625,0.06,0.008,COMPLETED,,0,0.06,0.008,0.0,0.0641402083333333,1.359443051166545e-07,2.3234647153322197e-21,1.359443051166568e-07,True,True,True,0.0125260416666666,23.08873363200109,/lustre/fswork/projects/rech/fdb/usv13rn/These_PINN_KH_RT/assets/pinn_supersonic/reviewer_runs/budget_matched_v64/candidates_seeded_00_32.csv,True,1.0
seeded,7,C01,1.0,0.18,7,PINN,0,0.0,0.07666625,0.06,0.015,COMPLETED,,0,0.06,0.015,0.0,0.0641369531249999,3.23928760988596e-07,2.3219879267461823e-21,3.239287609885983e-07,True,True,True,0.012529296875,23.112394844996743,/lustre/fswork/projects/rech/fdb/usv13rn/These_PINN_KH_RT/assets/pinn_supersonic/reviewer_runs/budget_matched_v64/candidates_seeded_00_32.csv,True,1.0
seeded,7,C01,1.0,0.18,8,PINN,0,0.0,0.07666625,0.06,0.03,COMPLETED,,0,0.06,0.03,0.0,0.06414671875,1.0555444130602371e-06,2.325477327679455e-21,1.0555444130602397e-06,True,True,True,0.01251953125,23.17275461601093,/lustre/fswork/projects/rech/fdb/usv13rn/These_PINN_KH_RT/assets/pinn_supersonic/reviewer_runs/budget_matched_v64/candidates_seeded_00_32.csv,True,1.0
seeded,7,C01,1.0,0.18,9,PINN,0,0.0,0.07666625,0.1,0.008,COMPLETED,,0,0.1,0.008,0.0,0.0641402083333333,1.359443051166545e-07,2.3234647153322197e-21,1.359443051166568e-07,True,True,True,0.0125260416666666,23.25452077097725,/lustre/fswork/projects/rech/fdb/usv13rn/These_PINN_KH_RT/assets/pinn_supersonic/reviewer_runs/budget_matched_v64/candidates_seeded_00_32.csv,True,1.0
seeded,7,C01,1.0,0.18,10,PINN,0,0.0,0.07666625,0.1,0.015,COMPLETED,,0,0.1,0.015,0.0,0.0641369531249999,3.23928760988596e-07,2.3219879267461823e-21,3.239287609885983e-07,True,True,True,0.012529296875,23.215624760952775,/lustre/fswork/projects/rech/fdb/usv13rn/These_PINN_KH_RT/assets/pinn_supersonic/reviewer_runs/budget_matched_v64/candidates_seeded_00_32.csv,True,1.0
seeded,7,C01,1.0,0.18,11,PINN,0,0.0,0.07666625,0.1,0.03,COMPLETED,,0,0.1,0.03,0.0,0.06414671875,1.0555444130602371e-06,2.325477327679455e-21,1.0555444130602397e-06,True,True,True,0.01251953125,23.253256854019128,/lustre/fswork/projects/rech/fdb/usv13rn/These_PINN_KH_RT/assets/pinn_supersonic/reviewer_runs/budget_matched_v64/candidates_seeded_00_32.csv,True,1.0
seeded,8,C01,1.05,0.14,0,PINN,0,0.057414338,0.10697,0.015,0.008,COMPLETED,,0,0.015,0.008,0.044240509875,0.122954375,0.0003336416798152,2.58967291295327e-22,0.0003336416798152,True,True,True,0.0207135219508336,22.727922261110507,/lustre/fswork/projects/rech/fdb/usv13rn/These_PINN_KH_RT/assets/pinn_supersonic/reviewer_runs/budget_matched_v64/candidates_seeded_00_32.csv,True,1.0
seeded,8,C01,1.05,0.14,1,PINN,0,0.057414338,0.10697,0.015,0.015,COMPLETED,,0,0.015,0.015,0.044377228625,0.127253203125,4.662976847254174e-07,6.450874664637654e-22,4.66297684725418e-07,True,True,True,0.0241117098080107,22.688549090991728,/lustre/fswork/projects/rech/fdb/usv13rn/These_PINN_KH_RT/assets/pinn_supersonic/reviewer_runs/budget_matched_v64/candidates_seeded_00_32.csv,True,1.0
seeded,8,C01,1.05,0.14,2,PINN,0,0.057414338,0.10697,0.015,0.03,COMPLETED,,0,0.015,0.03,0.044377228625,0.12726296875,6.702423463275668e-07,6.46351358895727e-22,6.702423463275675e-07,True,True,True,0.0241199254050295,22.67603539791889,/lustre/fswork/projects/rech/fdb/usv13rn/These_PINN_KH_RT/assets/pinn_supersonic/reviewer_runs/budget_matched_v64/candidates_seeded_00_32.csv,True,1.0
seeded,8,C01,1.05,0.14,3,PINN,0,0.057414338,0.10697,0.03,0.008,COMPLETED,,0,0.03,0.008,0.04423074425,0.122954375,0.0003336411740227,2.5905305625294263e-22,0.0003336411740227,True,True,True,0.0207197342720814,22.659850630909204,/lustre/fswork/projects/rech/fdb/usv13rn/These_PINN_KH_RT/assets/pinn_supersonic/reviewer_runs/budget_matched_v64/candidates_seeded_00_32.csv,True,1.0
seeded,8,C01,1.05,0.14,4,PINN,0,0.057414338,0.10697,0.03,0.015,COMPLETED,,0,0.03,0.015,0.04438699425,0.127253203125,4.044039988534185e-07,6.45143863855513e-22,4.0440399885341925e-07,True,True,True,0.0241064309716447,22.77628807805013,/lustre/fswork/projects/rech/fdb/usv13rn/These_PINN_KH_RT/assets/pinn_supersonic/reviewer_runs/budget_matched_v64/candidates_seeded_00_32.csv,True,1.0
seeded,8,C01,1.05,0.14,5,PINN,0,0.057414338,0.10697,0.03,0.03,COMPLETED,,0,0.03,0.03,0.04438699425,0.12726296875,6.287868290990203e-07,6.462949087489064e-22,6.287868290990209e-07,True,True,True,0.0241146483671054,22.69107271300163,/lustre/fswork/projects/rech/fdb/usv13rn/These_PINN_KH_RT/assets/pinn_supersonic/reviewer_runs/budget_matched_v64/candidates_seeded_00_32.csv,True,1.0
seeded,8,C01,1.05,0.14,6,PINN,0,0.057414338,0.10697,0.06,0.008,COMPLETED,,0,0.06,0.008,0.0442214808157552,0.122954375,0.0003336422733373,2.59281832226344e-22,0.0003336422733373,True,True,True,0.0207256296605074,22.73064998793416,/lustre/fswork/projects/rech/fdb/usv13rn/These_PINN_KH_RT/assets/pinn_supersonic/reviewer_runs/budget_matched_v64/candidates_seeded_00_32.csv,True,1.0
seeded,8,C01,1.05,0.14,7,PINN,0,0.057414338,0.10697,0.06,0.015,COMPLETED,,0,0.06,0.015,0.0443743640683593,0.127253203125,6.68272917936973e-07,6.450310715372082e-22,6.682729179369736e-07,True,True,True,0.0241132587832478,22.763100483920425,/lustre/fswork/projects/rech/fdb/usv13rn/These_PINN_KH_RT/assets/pinn_supersonic/reviewer_runs/budget_matched_v64/candidates_seeded_00_32.csv,True,1.0
seeded,8,C01,1.05,0.14,8,PINN,0,0.057414338,0.10697,0.06,0.03,COMPLETED,,0,0.06,0.03,0.0443743640683593,0.12726296875,8.236258864924904e-07,6.462723293804315e-22,8.23625886492491e-07,True,True,True,0.0241214738526969,22.70863333903253,/lustre/fswork/projects/rech/fdb/usv13rn/These_PINN_KH_RT/assets/pinn_supersonic/reviewer_runs/budget_matched_v64/candidates_seeded_00_32.csv,True,1.0
seeded,8,C01,1.05,0.14,9,PINN,0,0.057414338,0.10697,0.1,0.008,COMPLETED,,0,0.1,0.008,0.0442215409160156,0.122954375,0.0003336422612517,2.592532297076425e-22,0.0003336422612517,True,True,True,0.0207255914038613,22.776721692061983,/lustre/fswork/projects/rech/fdb/usv13rn/These_PINN_KH_RT/assets/pinn_supersonic/reviewer_runs/budget_matched_v64/candidates_seeded_00_32.csv,True,1.0
seeded,8,C01,1.05,0.14,10,PINN,0,0.057414338,0.10697,0.1,0.015,COMPLETED,,0,0.1,0.015,0.0444265075019531,0.127253203125,3.381919073645314e-06,6.448957337714476e-22,3.381919073645315e-06,True,True,True,0.0240851005822273,22.709347403026182,/lustre/fswork/projects/rech/fdb/usv13rn/These_PINN_KH_RT/assets/pinn_supersonic/reviewer_runs/budget_matched_v64/candidates_seeded_00_32.csv,True,1.0
seeded,8,C01,1.05,0.14,11,PINN,0,0.057414338,0.10697,0.1,0.03,COMPLETED,,0,0.1,0.03,0.0444265075019531,0.12726296875,3.415974865700865e-06,6.461707271033714e-22,3.4159748657008657e-06,True,True,True,0.0240933252527432,22.6536696490366,/lustre/fswork/projects/rech/fdb/usv13rn/These_PINN_KH_RT/assets/pinn_supersonic/reviewer_runs/budget_matched_v64/candidates_seeded_00_32.csv,True,1.0
seeded,9,C01,1.15,0.175,0,PINN,0,0.18874873,0.068635784,0.015,0.008,COMPLETED,,0,0.015,0.008,0.193172558125,0.084620159,0.0003100969919955,8.899633876218606e-23,0.0003100969919955,True,True,True,0.0165852494530582,27.380424444912933,/lustre/fswork/projects/rech/fdb/usv13rn/These_PINN_KH_RT/assets/pinn_supersonic/reviewer_runs/budget_matched_v64/candidates_seeded_00_32.csv,True,1.0
seeded,9,C01,1.15,0.175,1,PINN,0,0.18874873,0.068635784,0.015,0.015,COMPLETED,,0,0.015,0.015,0.193172558125,0.085833049625,2.722946511006813e-06,1.3388212510564362e-22,2.722946511006813e-06,True,True,True,0.0177571450480179,27.30344142194372,/lustre/fswork/projects/rech/fdb/usv13rn/These_PINN_KH_RT/assets/pinn_supersonic/reviewer_runs/budget_matched_v64/candidates_seeded_00_32.csv,True,1.0
seeded,9,C01,1.15,0.175,2,PINN,0,0.18874873,0.068635784,0.015,0.03,COMPLETED,,0,0.015,0.03,0.193172558125,0.08584281525,1.5905263039907665e-06,1.3442735401168092e-22,1.5905263039907665e-06,True,True,True,0.017766602931287,27.250474537024274,/lustre/fswork/projects/rech/fdb/usv13rn/These_PINN_KH_RT/assets/pinn_supersonic/reviewer_runs/budget_matched_v64/candidates_seeded_00_32.csv,True,1.0
seeded,9,C01,1.15,0.175,3,PINN,0,0.18874873,0.068635784,0.03,0.008,COMPLETED,,0,0.03,0.008,0.19318232375,0.084620159,0.0003100903701692,8.891256962266064e-23,0.0003100903701692,True,True,True,0.0165878569345369,27.26803130691405,/lustre/fswork/projects/rech/fdb/usv13rn/These_PINN_KH_RT/assets/pinn_supersonic/reviewer_runs/budget_matched_v64/candidates_seeded_00_32.csv,True,1.0
seeded,9,C01,1.15,0.175,4,PINN,0,0.18874873,0.068635784,0.03,0.015,COMPLETED,,0,0.03,0.015,0.19318232375,0.085833049625,2.4010337787624083e-06,1.3404660575982582e-22,2.4010337787624083e-06,True,True,True,0.0177595804713074,27.279953421093524,/lustre/fswork/projects/rech/fdb/usv13rn/These_PINN_KH_RT/assets/pinn_supersonic/reviewer_runs/budget_matched_v64/candidates_seeded_00_32.csv,True,1.0
seeded,9,C01,1.15,0.175,5,PINN,0,0.18874873,0.068635784,0.03,0.03,COMPLETED,,0,0.03,0.03,0.19318232375,0.08584281525,9.383302273994904e-07,1.3452005009842505e-22,9.383302273994904e-07,True,True,True,0.0177690370582796,27.30709797900636,/lustre/fswork/projects/rech/fdb/usv13rn/These_PINN_KH_RT/assets/pinn_supersonic/reviewer_runs/budget_matched_v64/candidates_seeded_00_32.csv,True,1.0
seeded,9,C01,1.15,0.175,6,PINN,0,0.18874873,0.068635784,0.06,0.008,COMPLETED,,0,0.06,0.008,0.1931627924999999,0.084620159,0.0003101234272736,8.872841635522404e-23,0.0003101234272736,True,True,True,0.0165826473126136,27.401617316994816,/lustre/fswork/projects/rech/fdb/usv13rn/These_PINN_KH_RT/assets/pinn_supersonic/reviewer_runs/budget_matched_v64/candidates_seeded_00_32.csv,True,1.0
seeded,9,C01,1.15,0.175,7,PINN,0,0.18874873,0.068635784,0.06,0.015,COMPLETED,,0,0.06,0.015,0.1931627924999999,0.085833049625,4.616802496206335e-06,1.3387184841741605e-22,4.616802496206335e-06,True,True,True,0.0177547146620471,27.260928821982816,/lustre/fswork/projects/rech/fdb/usv13rn/These_PINN_KH_RT/assets/pinn_supersonic/reviewer_runs/budget_matched_v64/candidates_seeded_00_32.csv,True,1.0
seeded,9,C01,1.15,0.175,8,PINN,0,0.18874873,0.068635784,0.06,0.03,COMPLETED,,0,0.06,0.03,0.1931627924999999,0.08584281525,4.053360652757476e-06,1.3436557436988854e-22,4.053360652757476e-06,True,True,True,0.0177641738392862,27.230836417991668,/lustre/fswork/projects/rech/fdb/usv13rn/These_PINN_KH_RT/assets/pinn_supersonic/reviewer_runs/budget_matched_v64/candidates_seeded_00_32.csv,True,1.0
seeded,9,C01,1.15,0.175,9,PINN,0,0.18874873,0.068635784,0.1,0.008,COMPLETED,,0,0.1,0.008,0.1932409174999999,0.084620159,0.0003104664421879,8.935699551564611e-23,0.0003104664421879,True,True,True,0.0166036138438528,27.28167813201435,/lustre/fswork/projects/rech/fdb/usv13rn/These_PINN_KH_RT/assets/pinn_supersonic/reviewer_runs/budget_matched_v64/candidates_seeded_00_32.csv,True,1.0
seeded,9,C01,1.15,0.175,10,PINN,0,0.18874873,0.068635784,0.1,0.015,COMPLETED,,0,0.1,0.015,0.1932409174999999,0.085833049625,1.5908683959319503e-05,1.3467461457381342e-22,1.5908683959319503e-05,True,True,True,0.0177742986784841,27.18645177897997,/lustre/fswork/projects/rech/fdb/usv13rn/These_PINN_KH_RT/assets/pinn_supersonic/reviewer_runs/budget_matched_v64/candidates_seeded_00_32.csv,True,1.0
seeded,9,C01,1.15,0.175,11,PINN,0,0.18874873,0.068635784,0.1,0.03,COMPLETED,,0,0.1,0.03,0.1932409174999999,0.08584281525,1.575424760195493e-05,1.3497369087285963e-22,1.575424760195493e-05,True,True,True,0.0177837474389857,27.276689624995925,/lustre/fswork/projects/rech/fdb/usv13rn/These_PINN_KH_RT/assets/pinn_supersonic/reviewer_runs/budget_matched_v64/candidates_seeded_00_32.csv,True,1.0
seeded,10,C01,1.15,0.2,0,PINN,0,0.20869216,0.064648345,0.015,0.008,COMPLETED,,0,0.015,0.008,0.208604269375,0.0722160533333333,1.4021584421717405e-06,1.86145642326455e-21,1.4021584421717424e-06,True,True,True,0.0075682186926889,28.025811744038947,/lustre/fswork/projects/rech/fdb/usv13rn/These_PINN_KH_RT/assets/pinn_supersonic/reviewer_runs/budget_matched_v64/candidates_seeded_00_32.csv,True,1.0
seeded,10,C01,1.15,0.2,1,PINN,0,0.20869216,0.064648345,0.015,0.015,COMPLETED,,0,0.015,0.015,0.208604269375,0.072216704375,1.2493211643717208e-06,1.861992943343409e-21,1.249321164371723e-06,True,True,True,0.0075688696904566,28.17025235807523,/lustre/fswork/projects/rech/fdb/usv13rn/These_PINN_KH_RT/assets/pinn_supersonic/reviewer_runs/budget_matched_v64/candidates_seeded_00_32.csv,True,1.0
seeded,10,C01,1.15,0.2,2,PINN,0,0.20869216,0.064648345,0.015,0.03,COMPLETED,,0,0.015,0.03,0.208604269375,0.07220693875,4.00188008219488e-06,1.8597324180460723e-21,4.001880082194882e-06,True,True,True,0.0075591047247344,28.032972297049128,/lustre/fswork/projects/rech/fdb/usv13rn/These_PINN_KH_RT/assets/pinn_supersonic/reviewer_runs/budget_matched_v64/candidates_seeded_00_32.csv,True,1.0
seeded,10,C01,1.15,0.2,3,PINN,0,0.20869216,0.064648345,0.03,0.008,COMPLETED,,0,0.03,0.008,0.20859450375,0.0722160533333333,4.004753781666417e-06,1.86091998049406e-21,4.0047537816664185e-06,True,True,True,0.0075683384016286,28.050937484949827,/lustre/fswork/projects/rech/fdb/usv13rn/These_PINN_KH_RT/assets/pinn_supersonic/reviewer_runs/budget_matched_v64/candidates_seeded_00_32.csv,True,1.0
seeded,10,C01,1.15,0.2,4,PINN,0,0.20869216,0.064648345,0.03,0.015,COMPLETED,,0,0.03,0.015,0.20859450375,0.072216704375,3.953830177673376e-06,1.862031269164413e-21,3.9538301776733775e-06,True,True,True,0.0075689893891004,28.03870450798422,/lustre/fswork/projects/rech/fdb/usv13rn/These_PINN_KH_RT/assets/pinn_supersonic/reviewer_runs/budget_matched_v64/candidates_seeded_00_32.csv,True,1.0
seeded,10,C01,1.15,0.2,5,PINN,0,0.20869216,0.064648345,0.03,0.03,COMPLETED,,0,0.03,0.03,0.20859450375,0.07220693875,5.485238216744746e-06,1.859655814130149e-21,5.485238216744748e-06,True,True,True,0.0075592245780042,27.93579764594324,/lustre/fswork/projects/rech/fdb/usv13rn/These_PINN_KH_RT/assets/pinn_supersonic/reviewer_runs/budget_matched_v64/candidates_seeded_00_32.csv,True,1.0
seeded,10,C01,1.15,0.2,6,PINN,0,0.20869216,0.064648345,0.06,0.008,COMPLETED,,0,0.06,0.008,0.2085749725,0.0722160533333333,9.901109718892926e-06,1.860536854418221e-21,9.901109718892928e-06,True,True,True,0.0075686156150619,27.958686517900787,/lustre/fswork/projects/rech/fdb/usv13rn/These_PINN_KH_RT/assets/pinn_supersonic/reviewer_runs/budget_matched_v64/candidates_seeded_00_32.csv,True,1.0
seeded,10,C01,1.15,0.2,7,PINN,0,0.20869216,0.064648345,0.06,0.015,COMPLETED,,0,0.06,0.015,0.2085749725,0.072216704375,9.880614687508564e-06,1.860881666111539e-21,9.880614687508566e-06,True,True,True,0.0075692665786922,28.049606059095822,/lustre/fswork/projects/rech/fdb/usv13rn/These_PINN_KH_RT/assets/pinn_supersonic/reviewer_runs/budget_matched_v64/candidates_seeded_00_32.csv,True,1.0
seeded,10,C01,1.15,0.2,8,PINN,0,0.20869216,0.064648345,0.06,0.03,COMPLETED,,0,0.06,0.03,0.2085749725,0.07220693875,1.0586993168883206e-05,1.858009211549261e-21,1.0586993168883207e-05,True,True,True,0.0075595021256492,27.896765068056997,/lustre/fswork/projects/rech/fdb/usv13rn/These_PINN_KH_RT/assets/pinn_supersonic/reviewer_runs/budget_matched_v64/candidates_seeded_00_32.csv,True,1.0
seeded,10,C01,1.15,0.2,9,PINN,0,0.20869216,0.064648345,0.1,0.008,COMPLETED,,0,0.1,0.008,0.2086270558333332,0.0722160533333333,6.238862964974064e-06,1.8631812272046945e-21,6.2388629649740655e-06,True,True,True,0.0075679883701628,27.961654328973964,/lustre/fswork/projects/rech/fdb/usv13rn/These_PINN_KH_RT/assets/pinn_supersonic/reviewer_runs/budget_matched_v64/candidates_seeded_00_32.csv,True,1.0
seeded,10,C01,1.15,0.2,10,PINN,0,0.20869216,0.064648345,0.1,0.015,COMPLETED,,0,0.1,0.015,0.2086270558333332,0.072216704375,6.206298979127828e-06,1.86329624253303e-21,6.20629897912783e-06,True,True,True,0.0075686393877412,27.917876562918536,/lustre/fswork/projects/rech/fdb/usv13rn/These_PINN_KH_RT/assets/pinn_supersonic/reviewer_runs/budget_matched_v64/candidates_seeded_00_32.csv,True,1.0
seeded,10,C01,1.15,0.2,11,PINN,0,0.20869216,0.064648345,0.1,0.03,COMPLETED,,0,0.1,0.03,0.2086270558333332,0.07220693875,7.278184629510539e-06,1.861494743563528e-21,7.278184629510541e-06,True,True,True,0.0075588741245013,27.928558312007222,/lustre/fswork/projects/rech/fdb/usv13rn/These_PINN_KH_RT/assets/pinn_supersonic/reviewer_runs/budget_matched_v64/candidates_seeded_00_32.csv,True,1.0
seeded,11,C01,1.2,0.19,0,PINN,0,0.24428776,0.06646624,0.015,0.008,COMPLETED,,0,0.015,0.008,0.2345514318749999,0.0685964483333333,1.9025735142636664e-06,7.227794786947134e-23,1.9025735142636664e-06,True,True,True,0.0099666379938808,28.37362661294173,/lustre/fswork/projects/rech/fdb/usv13rn/These_PINN_KH_RT/assets/pinn_supersonic/reviewer_runs/budget_matched_v64/candidates_seeded_00_32.csv,True,1.0
seeded,11,C01,1.2,0.19,1,PINN,0,0.24428776,0.06646624,0.015,0.015,COMPLETED,,0,0.015,0.015,0.2345514318749999,0.068585380625,2.2822859705895124e-06,7.190089207829831e-23,2.2822859705895124e-06,True,True,True,0.0099642783153719,28.409922648919743,/lustre/fswork/projects/rech/fdb/usv13rn/These_PINN_KH_RT/assets/pinn_supersonic/reviewer_runs/budget_matched_v64/candidates_seeded_00_32.csv,True,1.0
seeded,11,C01,1.2,0.19,2,PINN,0,0.24428776,0.06646624,0.015,0.03,COMPLETED,,0,0.015,0.03,0.2345514318749999,0.0685951462499999,1.640982259575357e-06,7.235347735684171e-23,1.640982259575357e-06,True,True,True,0.0099663597757132,28.322220128029585,/lustre/fswork/projects/rech/fdb/usv13rn/These_PINN_KH_RT/assets/pinn_supersonic/reviewer_runs/budget_matched_v64/candidates_seeded_00_32.csv,True,1.0
seeded,11,C01,1.2,0.19,3,PINN,0,0.24428776,0.06646624,0.03,0.008,COMPLETED,,0,0.03,0.008,0.2345416662499999,0.0685964483333333,2.1207670492194424e-06,7.224774711857584e-23,2.1207670492194424e-06,True,True,True,0.009976178172386,28.362800454022363,/lustre/fswork/projects/rech/fdb/usv13rn/These_PINN_KH_RT/assets/pinn_supersonic/reviewer_runs/budget_matched_v64/candidates_seeded_00_32.csv,True,1.0
seeded,11,C01,1.2,0.19,4,PINN,0,0.24428776,0.06646624,0.03,0.015,COMPLETED,,0,0.03,0.015,0.2345416662499999,0.068585380625,2.467140641711164e-06,7.168265153950143e-23,2.467140641711164e-06,True,True,True,0.0099738207509617,28.43527345801704,/lustre/fswork/projects/rech/fdb/usv13rn/These_PINN_KH_RT/assets/pinn_supersonic/reviewer_runs/budget_matched_v64/candidates_seeded_00_32.csv,True,1.0
seeded,11,C01,1.2,0.19,5,PINN,0,0.24428776,0.06646624,0.03,0.03,COMPLETED,,0,0.03,0.03,0.2345416662499999,0.0685951462499999,1.8896180754142888e-06,7.217227285146882e-23,1.8896180754142888e-06,True,True,True,0.0099759002202848,28.372700658044774,/lustre/fswork/projects/rech/fdb/usv13rn/These_PINN_KH_RT/assets/pinn_supersonic/reviewer_runs/budget_matched_v64/candidates_seeded_00_32.csv,True,1.0
seeded,11,C01,1.2,0.19,6,PINN,0,0.24428776,0.06646624,0.06,0.008,COMPLETED,,0,0.06,0.008,0.2345611975,0.0685964483333333,4.410198706426957e-06,7.264841923588368e-23,4.410198706426957e-06,True,True,True,0.0099570982524934,28.378925067954697,/lustre/fswork/projects/rech/fdb/usv13rn/These_PINN_KH_RT/assets/pinn_supersonic/reviewer_runs/budget_matched_v64/candidates_seeded_00_32.csv,True,1.0
seeded,11,C01,1.2,0.19,7,PINN,0,0.24428776,0.06646624,0.06,0.015,COMPLETED,,0,0.06,0.015,0.2345611975,0.068585380625,4.586859697067373e-06,7.202898040955518e-23,4.586859697067373e-06,True,True,True,0.009954736312677,28.4066137119662,/lustre/fswork/projects/rech/fdb/usv13rn/These_PINN_KH_RT/assets/pinn_supersonic/reviewer_runs/budget_matched_v64/candidates_seeded_00_32.csv,True,1.0
seeded,11,C01,1.2,0.19,8,PINN,0,0.24428776,0.06646624,0.06,0.03,COMPLETED,,0,0.06,0.03,0.2345611975,0.0685951462499999,4.303832971999381e-06,7.245172465777588e-23,4.303832971999381e-06,True,True,True,0.0099568197677619,28.32173395389691,/lustre/fswork/projects/rech/fdb/usv13rn/These_PINN_KH_RT/assets/pinn_supersonic/reviewer_runs/budget_matched_v64/candidates_seeded_00_32.csv,True,1.0
seeded,11,C01,1.2,0.19,9,PINN,0,0.24428776,0.06646624,0.1,0.008,COMPLETED,,0,0.1,0.008,0.2345872391666666,0.0685964483333333,1.1972123281127316e-05,7.311094159803493e-23,1.1972123281127316e-05,True,True,True,0.0099316610887271,28.19691300101113,/lustre/fswork/projects/rech/fdb/usv13rn/These_PINN_KH_RT/assets/pinn_supersonic/reviewer_runs/budget_matched_v64/candidates_seeded_00_32.csv,True,1.0
seeded,11,C01,1.2,0.19,10,PINN,0,0.24428776,0.06646624,0.1,0.015,COMPLETED,,0,0.1,0.015,0.2345872391666666,0.068585380625,1.2038459367939494e-05,7.263327941739068e-23,1.2038459367939494e-05,True,True,True,0.0099292930980236,28.237168800085783,/lustre/fswork/projects/rech/fdb/usv13rn/These_PINN_KH_RT/assets/pinn_supersonic/reviewer_runs/budget_matched_v64/candidates_seeded_00_32.csv,True,1.0
seeded,11,C01,1.2,0.19,11,PINN,0,0.24428776,0.06646624,0.1,0.03,COMPLETED,,0,0.1,0.03,0.2345872391666666,0.0685951462499999,1.1933372115398215e-05,7.311094159803493e-23,1.1933372115398215e-05,True,True,True,0.0099313818907151,28.13645734009333,/lustre/fswork/projects/rech/fdb/usv13rn/These_PINN_KH_RT/assets/pinn_supersonic/reviewer_runs/budget_matched_v64/candidates_seeded_00_32.csv,True,1.0
seeded,12,C02,1.0,0.25,0,PINN,0,0.11011088,0.06385911,0.015,0.008,COMPLETED,,0,0.015,0.008,0.1115464268749999,0.0638851516666666,7.985854401892227e-07,4.853766683731485e-20,7.985854401892712e-07,True,True,True,0.0014357830611638,26.733547464944422,/lustre/fswork/projects/rech/fdb/usv13rn/These_PINN_KH_RT/assets/pinn_supersonic/reviewer_runs/budget_matched_v64/candidates_seeded_00_32.csv,True,1.0
seeded,12,C02,1.0,0.25,1,PINN,0,0.11011088,0.06385911,0.015,0.015,COMPLETED,,0,0.015,0.015,0.1115464268749999,0.063888406875,1.8407866431481037e-06,4.854979956615767e-20,1.840786643148152e-06,True,True,True,0.0014358457915831,26.69833568495233,/lustre/fswork/projects/rech/fdb/usv13rn/These_PINN_KH_RT/assets/pinn_supersonic/reviewer_runs/budget_matched_v64/candidates_seeded_00_32.csv,True,1.0
seeded,12,C02,1.0,0.25,2,PINN,0,0.11011088,0.06385911,0.015,0.03,COMPLETED,,0,0.015,0.03,0.1115464268749999,0.06387864125,1.2948607916728646e-06,4.8521035721653964e-20,1.294860791672913e-06,True,True,True,0.0014356797344981,26.652459598961286,/lustre/fswork/projects/rech/fdb/usv13rn/These_PINN_KH_RT/assets/pinn_supersonic/reviewer_runs/budget_matched_v64/candidates_seeded_00_32.csv,True,1.0
seeded,12,C02,1.0,0.25,3,PINN,0,0.11011088,0.06385911,0.03,0.008,COMPLETED,,0,0.03,0.008,0.11153666125,0.0638851516666666,3.301711113865319e-06,4.8534927398703484e-20,3.301711113865368e-06,True,True,True,0.0014260190536084,26.698943511000834,/lustre/fswork/projects/rech/fdb/usv13rn/These_PINN_KH_RT/assets/pinn_supersonic/reviewer_runs/budget_matched_v64/candidates_seeded_00_32.csv,True,1.0
seeded,12,C02,1.0,0.25,4,PINN,0,0.11011088,0.06385911,0.03,0.015,COMPLETED,,0,0.03,0.015,0.11153666125,0.063888406875,3.6948568859771946e-06,4.854158045515175e-20,3.6948568859772433e-06,True,True,True,0.0014260822135263,26.695577198057435,/lustre/fswork/projects/rech/fdb/usv13rn/These_PINN_KH_RT/assets/pinn_supersonic/reviewer_runs/budget_matched_v64/candidates_seeded_00_32.csv,True,1.0
seeded,12,C02,1.0,0.25,5,PINN,0,0.11011088,0.06385911,0.03,0.03,COMPLETED,,0,0.03,0.03,0.11153666125,0.06387864125,3.455493056347605e-06,4.8520253151125595e-20,3.4554930563476537e-06,True,True,True,0.0014259150194096,26.652001617942005,/lustre/fswork/projects/rech/fdb/usv13rn/These_PINN_KH_RT/assets/pinn_supersonic/reviewer_runs/budget_matched_v64/candidates_seeded_00_32.csv,True,1.0
seeded,12,C02,1.0,0.25,6,PINN,0,0.11011088,0.06385911,0.06,0.008,COMPLETED,,0,0.06,0.008,0.1115561924999999,0.0638851516666666,3.161582897445324e-06,4.8536688457507535e-20,3.1615828974453725e-06,True,True,True,0.0014455470905712,26.730841331998818,/lustre/fswork/projects/rech/fdb/usv13rn/These_PINN_KH_RT/assets/pinn_supersonic/reviewer_runs/budget_matched_v64/candidates_seeded_00_32.csv,True,1.0
seeded,12,C02,1.0,0.25,7,PINN,0,0.11011088,0.06385911,0.06,0.015,COMPLETED,,0,0.06,0.015,0.1115561924999999,0.063888406875,3.5701896032142576e-06,4.854314594646272e-20,3.5701896032143063e-06,True,True,True,0.0014456093972926,26.696721213054843,/lustre/fswork/projects/rech/fdb/usv13rn/These_PINN_KH_RT/assets/pinn_supersonic/reviewer_runs/budget_matched_v64/candidates_seeded_00_32.csv,True,1.0
seeded,12,C02,1.0,0.25,8,PINN,0,0.11011088,0.06385911,0.06,0.03,COMPLETED,,0,0.06,0.03,0.1115561924999999,0.06387864125,3.321853697546421e-06,4.852807914039915e-20,3.3218536975464696e-06,True,True,True,0.0014454444618811,26.65845080197323,/lustre/fswork/projects/rech/fdb/usv13rn/These_PINN_KH_RT/assets/pinn_supersonic/reviewer_runs/budget_matched_v64/candidates_seeded_00_32.csv,True,1.0
seeded,12,C02,1.0,0.25,9,PINN,0,0.11011088,0.06385911,0.1,0.008,COMPLETED,,0,0.1,0.008,0.1116082758333333,0.0638851516666666,1.9780642233781026e-05,4.853923226551695e-20,1.978064223378107e-05,True,True,True,0.0014976222654884,26.714567147078924,/lustre/fswork/projects/rech/fdb/usv13rn/These_PINN_KH_RT/assets/pinn_supersonic/reviewer_runs/budget_matched_v64/candidates_seeded_00_32.csv,True,1.0
seeded,12,C02,1.0,0.25,10,PINN,0,0.11011088,0.06385911,0.1,0.015,COMPLETED,,0,0.1,0.015,0.1116082758333333,0.063888406875,1.984995165282533e-05,4.8547255481258076e-20,1.9849951652825376e-05,True,True,True,0.0014976824057752,26.727459044894204,/lustre/fswork/projects/rech/fdb/usv13rn/These_PINN_KH_RT/assets/pinn_supersonic/reviewer_runs/budget_matched_v64/candidates_seeded_00_32.csv,True,1.0
seeded,12,C02,1.0,0.25,11,PINN,0,0.11011088,0.06385911,0.1,0.03,COMPLETED,,0,0.1,0.03,0.1116082758333333,0.06387864125,1.980708088194454e-05,4.853238370350117e-20,1.9807080881944587e-05,True,True,True,0.0014975232056334,26.68404341803398,/lustre/fswork/projects/rech/fdb/usv13rn/These_PINN_KH_RT/assets/pinn_supersonic/reviewer_runs/budget_matched_v64/candidates_seeded_00_32.csv,True,1.0
seeded,13,C02,1.0,0.315,0,PINN,0,0.15882558,0.02823904,0.015,0.008,COMPLETED,,0,0.015,0.008,0.152722064375,0.0259317483333333,1.6978643224461007e-06,5.691990793283986e-20,1.6978643224461575e-06,True,True,True,0.0065250668823919,29.572151005035263,/lustre/fswork/projects/rech/fdb/usv13rn/These_PINN_KH_RT/assets/pinn_supersonic/reviewer_runs/budget_matched_v64/candidates_seeded_00_32.csv,True,1.0
seeded,13,C02,1.0,0.315,1,PINN,0,0.15882558,0.02823904,0.015,0.015,COMPLETED,,0,0.015,0.015,0.152722064375,0.025924586875,2.252457928405057e-06,5.68906693974001e-20,2.2524579284051137e-06,True,True,True,0.0065276026420456,29.615533510921523,/lustre/fswork/projects/rech/fdb/usv13rn/These_PINN_KH_RT/assets/pinn_supersonic/reviewer_runs/budget_matched_v64/candidates_seeded_00_32.csv,True,1.0
seeded,13,C02,1.0,0.315,2,PINN,0,0.15882558,0.02823904,0.015,0.03,COMPLETED,,0,0.015,0.03,0.152722064375,0.02593326484375,2.3707638778234142e-06,5.69099490374252e-20,2.370763877823471e-06,True,True,True,0.0065245307920032,29.654145826003514,/lustre/fswork/projects/rech/fdb/usv13rn/These_PINN_KH_RT/assets/pinn_supersonic/reviewer_runs/budget_matched_v64/candidates_seeded_00_32.csv,True,1.0
seeded,13,C02,1.0,0.315,3,PINN,0,0.15882558,0.02823904,0.03,0.008,COMPLETED,,0,0.03,0.008,0.15271229875,0.0259317483333333,4.203811054216598e-06,5.690295714214396e-20,4.203811054216655e-06,True,True,True,0.0065342025126767,29.584220799966715,/lustre/fswork/projects/rech/fdb/usv13rn/These_PINN_KH_RT/assets/pinn_supersonic/reviewer_runs/budget_matched_v64/candidates_seeded_00_32.csv,True,1.0
seeded,13,C02,1.0,0.315,4,PINN,0,0.15882558,0.02823904,0.03,0.015,COMPLETED,,0,0.03,0.015,0.15271229875,0.025924586875,4.456802838819166e-06,5.68883391127385e-20,4.456802838819223e-06,True,True,True,0.0065367347283964,29.562750514014624,/lustre/fswork/projects/rech/fdb/usv13rn/These_PINN_KH_RT/assets/pinn_supersonic/reviewer_runs/budget_matched_v64/candidates_seeded_00_32.csv,True,1.0
seeded,13,C02,1.0,0.315,5,PINN,0,0.15882558,0.02823904,0.03,0.03,COMPLETED,,0,0.03,0.03,0.15271229875,0.02593326484375,4.517727410627306e-06,5.690846587222995e-20,4.517727410627363e-06,True,True,True,0.0065336671718707,29.57948940002825,/lustre/fswork/projects/rech/fdb/usv13rn/These_PINN_KH_RT/assets/pinn_supersonic/reviewer_runs/budget_matched_v64/candidates_seeded_00_32.csv,True,1.0
seeded,13,C02,1.0,0.315,6,PINN,0,0.15882558,0.02823904,0.06,0.008,COMPLETED,,0,0.06,0.008,0.1526927675,0.0259317483333333,1.3655664176144147e-05,5.689172863347805e-20,1.3655664176144203e-05,True,True,True,0.0065524792250892,29.420880310004577,/lustre/fswork/projects/rech/fdb/usv13rn/These_PINN_KH_RT/assets/pinn_supersonic/reviewer_runs/budget_matched_v64/candidates_seeded_00_32.csv,True,1.0
seeded,13,C02,1.0,0.315,7,PINN,0,0.15882558,0.02823904,0.06,0.015,COMPLETED,,0,0.06,0.015,0.1526927675,0.025924586875,1.3735730486540844e-05,5.687139302365358e-20,1.37357304865409e-05,True,True,True,0.0065550043804698,29.42769906809553,/lustre/fswork/projects/rech/fdb/usv13rn/These_PINN_KH_RT/assets/pinn_supersonic/reviewer_runs/budget_matched_v64/candidates_seeded_00_32.csv,True,1.0
seeded,13,C02,1.0,0.315,8,PINN,0,0.15882558,0.02823904,0.06,0.03,COMPLETED,,0,0.06,0.03,0.1526927675,0.02593326484375,1.3755536106261704e-05,5.688897464018576e-20,1.3755536106261765e-05,True,True,True,0.0065519453776215,29.55014393606689,/lustre/fswork/projects/rech/fdb/usv13rn/These_PINN_KH_RT/assets/pinn_supersonic/reviewer_runs/budget_matched_v64/candidates_seeded_00_32.csv,True,1.0
seeded,13,C02,1.0,0.315,9,PINN,0,0.15882558,0.02823904,0.1,0.008,COMPLETED,,0,0.1,0.008,0.1527708924999999,0.0259317483333333,2.499768088657329e-05,5.695084963317348e-20,2.499768088657335e-05,True,True,True,0.0064794162976093,29.361155879916623,/lustre/fswork/projects/rech/fdb/usv13rn/These_PINN_KH_RT/assets/pinn_supersonic/reviewer_runs/budget_matched_v64/candidates_seeded_00_32.csv,True,1.0
seeded,13,C02,1.0,0.315,10,PINN,0,0.15882558,0.02823904,0.1,0.015,COMPLETED,,0,0.1,0.015,0.1527708924999999,0.025924586875,2.5041596830445643e-05,5.69273246975606e-20,2.50415968304457e-05,True,True,True,0.0064819699158881,29.508356151985936,/lustre/fswork/projects/rech/fdb/usv13rn/These_PINN_KH_RT/assets/pinn_supersonic/reviewer_runs/budget_matched_v64/candidates_seeded_00_32.csv,True,1.0
seeded,13,C02,1.0,0.315,11,PINN,0,0.15882558,0.02823904,0.1,0.03,COMPLETED,,0,0.1,0.03,0.1527708924999999,0.02593326484375,2.5052342747542865e-05,5.695636068093281e-20,2.5052342747542923e-05,True,True,True,0.006478876429894,29.52362091199029,/lustre/fswork/projects/rech/fdb/usv13rn/These_PINN_KH_RT/assets/pinn_supersonic/reviewer_runs/budget_matched_v64/candidates_seeded_00_32.csv,True,1.0
seeded,14,C02,1.05,0.22,0,PINN,0,0.12625547,0.0781236,0.015,0.008,COMPLETED,,0,0.015,0.008,0.1435503918749999,0.0776913083333333,3.0200442063217e-06,1.873779288687552e-20,3.0200442063217187e-06,True,True,True,0.0173003236601926,26.778976544970647,/lustre/fswork/projects/rech/fdb/usv13rn/These_PINN_KH_RT/assets/pinn_supersonic/reviewer_runs/budget_matched_v64/candidates_seeded_00_32.csv,True,1.0
seeded,14,C02,1.05,0.22,1,PINN,0,0.12625547,0.0781236,0.015,0.015,COMPLETED,,0,0.015,0.015,0.1435503918749999,0.077684146875,3.485299281433582e-06,1.8730498842287572e-20,3.485299281433601e-06,True,True,True,0.0173005040883617,26.821693012025207,/lustre/fswork/projects/rech/fdb/usv13rn/These_PINN_KH_RT/assets/pinn_supersonic/reviewer_runs/budget_matched_v64/candidates_seeded_00_32.csv,True,1.0
seeded,14,C02,1.05,0.22,2,PINN,0,0.12625547,0.0781236,0.015,0.03,COMPLETED,,0,0.015,0.03,0.1435503918749999,0.07767438125,5.6556054421728665e-06,1.8720897182533847e-20,5.655605442172885e-06,True,True,True,0.0173007549010932,26.8345331819728,/lustre/fswork/projects/rech/fdb/usv13rn/These_PINN_KH_RT/assets/pinn_supersonic/reviewer_runs/budget_matched_v64/candidates_seeded_00_32.csv,True,1.0
seeded,14,C02,1.05,0.22,3,PINN,0,0.12625547,0.0781236,0.03,0.008,COMPLETED,,0,0.03,0.008,0.1435406262499999,0.0776913083333333,4.189547294174514e-07,1.8737671307830022e-20,4.189547294174701e-07,True,True,True,0.0172905610860949,26.811966513982043,/lustre/fswork/projects/rech/fdb/usv13rn/These_PINN_KH_RT/assets/pinn_supersonic/reviewer_runs/budget_matched_v64/candidates_seeded_00_32.csv,True,1.0
seeded,14,C02,1.05,0.22,4,PINN,0,0.12625547,0.0781236,0.03,0.015,COMPLETED,,0,0.03,0.015,0.1435406262499999,0.077684146875,1.7894367361444397e-06,1.8729526410294262e-20,1.7894367361444583e-06,True,True,True,0.0172907416161361,26.942942911060527,/lustre/fswork/projects/rech/fdb/usv13rn/These_PINN_KH_RT/assets/pinn_supersonic/reviewer_runs/budget_matched_v64/candidates_seeded_00_32.csv,True,1.0
seeded,14,C02,1.05,0.22,5,PINN,0,0.12625547,0.0781236,0.03,0.03,COMPLETED,,0,0.03,0.03,0.1435406262499999,0.07767438125,4.800091100180214e-06,1.872174786311555e-20,4.800091100180233e-06,True,True,True,0.0172909925704762,26.834998943959363,/lustre/fswork/projects/rech/fdb/usv13rn/These_PINN_KH_RT/assets/pinn_supersonic/reviewer_runs/budget_matched_v64/candidates_seeded_00_32.csv,True,1.0
seeded,14,C02,1.05,0.22,6,PINN,0,0.12625547,0.0781236,0.06,0.008,COMPLETED,,0,0.06,0.008,0.1435601574999999,0.0776913083333333,6.016026003115164e-06,1.8740224550615864e-20,6.016026003115182e-06,True,True,True,0.0173100862377321,26.77982476598117,/lustre/fswork/projects/rech/fdb/usv13rn/These_PINN_KH_RT/assets/pinn_supersonic/reviewer_runs/budget_matched_v64/candidates_seeded_00_32.csv,True,1.0
seeded,14,C02,1.05,0.22,7,PINN,0,0.12625547,0.0781236,0.06,0.015,COMPLETED,,0,0.06,0.015,0.1435601574999999,0.077684146875,6.262555285421896e-06,1.873402411987526e-20,6.262555285421915e-06,True,True,True,0.0173102665641441,26.78030409908388,/lustre/fswork/projects/rech/fdb/usv13rn/These_PINN_KH_RT/assets/pinn_supersonic/reviewer_runs/budget_matched_v64/candidates_seeded_00_32.csv,True,1.0
seeded,14,C02,1.05,0.22,8,PINN,0,0.12625547,0.0781236,0.06,0.03,COMPLETED,,0,0.06,0.03,0.1435601574999999,0.07767438125,7.68494268581645e-06,1.872381388213493e-20,7.684942685816468e-06,True,True,True,0.0173105172354267,26.822617636993527,/lustre/fswork/projects/rech/fdb/usv13rn/These_PINN_KH_RT/assets/pinn_supersonic/reviewer_runs/budget_matched_v64/candidates_seeded_00_32.csv,True,1.0
seeded,14,C02,1.05,0.22,9,PINN,0,0.12625547,0.0781236,0.1,0.008,COMPLETED,,0,0.1,0.008,0.1435080741666667,0.0776913083333333,1.0064247057652658e-05,1.8730377286907904e-20,1.0064247057652675e-05,True,True,True,0.0172580191973689,26.790343735017814,/lustre/fswork/projects/rech/fdb/usv13rn/These_PINN_KH_RT/assets/pinn_supersonic/reviewer_runs/budget_matched_v64/candidates_seeded_00_32.csv,True,1.0
seeded,14,C02,1.05,0.22,10,PINN,0,0.12625547,0.0781236,0.1,0.015,COMPLETED,,0,0.1,0.015,0.1435080741666667,0.077684146875,1.021359573487995e-05,1.872527231713245e-20,1.0213595734879967e-05,True,True,True,0.0172582000678157,26.80661120393779,/lustre/fswork/projects/rech/fdb/usv13rn/These_PINN_KH_RT/assets/pinn_supersonic/reviewer_runs/budget_matched_v64/candidates_seeded_00_32.csv,True,1.0
seeded,14,C02,1.05,0.22,11,PINN,0,0.12625547,0.0781236,0.1,0.03,COMPLETED,,0,0.1,0.03,0.1435080741666667,0.07767438125,1.1142713875097497e-05,1.87168870915442e-20,1.1142713875097515e-05,True,True,True,0.0172584514953409,26.84580516710412,/lustre/fswork/projects/rech/fdb/usv13rn/These_PINN_KH_RT/assets/pinn_supersonic/reviewer_runs/budget_matched_v64/candidates_seeded_00_32.csv,True,1.0
seeded,15,C02,1.05,0.225,0,PINN,0,0.1288271,0.0745805,0.015,0.008,COMPLETED,,0,0.015,0.008,0.1469813968749999,0.0747002916666666,1.1931232584928291e-06,2.031112642187398e-20,1.1931232584928497e-06,True,True,True,0.0181546920951316,26.91037637391128,/lustre/fswork/projects/rech/fdb/usv13rn/These_PINN_KH_RT/assets/pinn_supersonic/reviewer_runs/budget_matched_v64/candidates_seeded_00_32.csv,True,1.0
seeded,15,C02,1.05,0.225,1,PINN,0,0.1288271,0.0745805,0.015,0.015,COMPLETED,,0,0.015,0.015,0.1469813968749999,0.074707453125,1.4808824284215783e-06,2.0323279979011275e-20,1.4808824284215989e-06,True,True,True,0.0181547407616187,26.874015153967772,/lustre/fswork/projects/rech/fdb/usv13rn/These_PINN_KH_RT/assets/pinn_supersonic/reviewer_runs/budget_matched_v64/candidates_seeded_00_32.csv,True,1.0
seeded,15,C02,1.05,0.225,2,PINN,0,0.1288271,0.0745805,0.015,0.03,COMPLETED,,0,0.015,0.03,0.1469813968749999,0.07471721875,4.491667103796825e-06,2.0329358120731567e-20,4.491667103796846e-06,True,True,True,0.0181548116774103,26.841549652046524,/lustre/fswork/projects/rech/fdb/usv13rn/These_PINN_KH_RT/assets/pinn_supersonic/reviewer_runs/budget_matched_v64/candidates_seeded_00_32.csv,True,1.0
seeded,15,C02,1.05,0.225,3,PINN,0,0.1288271,0.0745805,0.03,0.008,COMPLETED,,0,0.03,0.008,0.1469716312499999,0.0747002916666666,2.6310720668262465e-06,2.0309860635386982e-20,2.631072066826267e-06,True,True,True,0.0181449266828397,26.859599564922974,/lustre/fswork/projects/rech/fdb/usv13rn/These_PINN_KH_RT/assets/pinn_supersonic/reviewer_runs/budget_matched_v64/candidates_seeded_00_32.csv,True,1.0
seeded,15,C02,1.05,0.225,4,PINN,0,0.1288271,0.0745805,0.03,0.015,COMPLETED,,0,0.03,0.015,0.1469716312499999,0.074707453125,2.7734348902584727e-06,2.0313658113177103e-20,2.773434890258493e-06,True,True,True,0.0181449753755185,26.85895141097717,/lustre/fswork/projects/rech/fdb/usv13rn/These_PINN_KH_RT/assets/pinn_supersonic/reviewer_runs/budget_matched_v64/candidates_seeded_00_32.csv,True,1.0
seeded,15,C02,1.05,0.225,5,PINN,0,0.1288271,0.0745805,0.03,0.03,COMPLETED,,0,0.03,0.03,0.1469716312499999,0.07471721875,5.066982852790366e-06,2.0326825451240918e-20,5.066982852790386e-06,True,True,True,0.0181450463294759,26.894942558021285,/lustre/fswork/projects/rech/fdb/usv13rn/These_PINN_KH_RT/assets/pinn_supersonic/reviewer_runs/budget_matched_v64/candidates_seeded_00_32.csv,True,1.0
seeded,15,C02,1.05,0.225,6,PINN,0,0.1288271,0.0745805,0.06,0.008,COMPLETED,,0,0.06,0.008,0.1469911625,0.0747002916666666,3.932295313135053e-06,2.031530379712947e-20,3.932295313135074e-06,True,True,True,0.0181644575076523,26.89229957992211,/lustre/fswork/projects/rech/fdb/usv13rn/These_PINN_KH_RT/assets/pinn_supersonic/reviewer_runs/budget_matched_v64/candidates_seeded_00_32.csv,True,1.0
seeded,15,C02,1.05,0.225,7,PINN,0,0.1288271,0.0745805,0.06,0.015,COMPLETED,,0,0.06,0.015,0.1469911625,0.074707453125,4.0289173157063305e-06,2.0323026742827782e-20,4.028917315706351e-06,True,True,True,0.0181645061479758,26.859811058966443,/lustre/fswork/projects/rech/fdb/usv13rn/These_PINN_KH_RT/assets/pinn_supersonic/reviewer_runs/budget_matched_v64/candidates_seeded_00_32.csv,True,1.0
seeded,15,C02,1.05,0.225,8,PINN,0,0.1288271,0.0745805,0.06,0.03,COMPLETED,,0,0.06,0.03,0.1469911625,0.07471721875,5.8492306238066046e-06,2.0333790671979512e-20,5.849230623806625e-06,True,True,True,0.0181645770256427,26.8322193819331,/lustre/fswork/projects/rech/fdb/usv13rn/These_PINN_KH_RT/assets/pinn_supersonic/reviewer_runs/budget_matched_v64/candidates_seeded_00_32.csv,True,1.0
seeded,15,C02,1.05,0.225,9,PINN,0,0.1288271,0.0745805,0.1,0.008,COMPLETED,,0,0.1,0.008,0.1469911624999999,0.0747002916666666,3.932295313179098e-06,2.0315683579815574e-20,3.932295313179119e-06,True,True,True,0.0181644575076523,26.933136585052125,/lustre/fswork/projects/rech/fdb/usv13rn/These_PINN_KH_RT/assets/pinn_supersonic/reviewer_runs/budget_matched_v64/candidates_seeded_00_32.csv,True,1.0
seeded,15,C02,1.05,0.225,10,PINN,0,0.1288271,0.0745805,0.1,0.015,COMPLETED,,0,0.1,0.015,0.1469911624999999,0.074707453125,4.028917315733239e-06,2.0323279979011275e-20,4.028917315733259e-06,True,True,True,0.0181645061479758,26.91073217999656,/lustre/fswork/projects/rech/fdb/usv13rn/These_PINN_KH_RT/assets/pinn_supersonic/reviewer_runs/budget_matched_v64/candidates_seeded_00_32.csv,True,1.0
seeded,15,C02,1.05,0.225,11,PINN,0,0.1288271,0.0745805,0.1,0.03,COMPLETED,,0,0.1,0.03,0.1469911624999999,0.07471721875,5.849230623754345e-06,2.033391732340063e-20,5.8492306237543655e-06,True,True,True,0.0181645770256427,26.85460363910533,/lustre/fswork/projects/rech/fdb/usv13rn/These_PINN_KH_RT/assets/pinn_supersonic/reviewer_runs/budget_matched_v64/candidates_seeded_00_32.csv,True,1.0
seeded,16,C02,1.05,0.35,0,PINN,0,0.20462894,0.0017850369,0.015,0.008,COMPLETED,,0,0.015,0.008,0.205537143125,0.0033504144023111,3.7094615434218937e-06,4.747785937084253e-20,3.709461543421941e-06,True,True,True,0.0018097623161624,32.54223166697193,/lustre/fswork/projects/rech/fdb/usv13rn/These_PINN_KH_RT/assets/pinn_supersonic/reviewer_runs/budget_matched_v64/candidates_seeded_00_32.csv,True,1.0
seeded,16,C02,1.05,0.35,1,PINN,0,0.20462894,0.0017850369,0.015,0.015,COMPLETED,,0,0.015,0.015,0.205537143125,0.0033533649424153,4.529329247415847e-06,4.7493730065019915e-20,4.529329247415895e-06,True,True,True,0.0018123150291508,32.513748098979704,/lustre/fswork/projects/rech/fdb/usv13rn/These_PINN_KH_RT/assets/pinn_supersonic/reviewer_runs/budget_matched_v64/candidates_seeded_00_32.csv,True,1.0
seeded,16,C02,1.05,0.35,2,PINN,0,0.20462894,0.0017850369,0.015,0.03,COMPLETED,,0,0.015,0.03,0.205537143125,0.0033479962000162,3.597580104694665e-06,4.745773450047572e-20,3.5975801046947126e-06,True,True,True,0.0018076710679122,32.69997287308797,/lustre/fswork/projects/rech/fdb/usv13rn/These_PINN_KH_RT/assets/pinn_supersonic/reviewer_runs/budget_matched_v64/candidates_seeded_00_32.csv,True,1.0
seeded,16,C02,1.05,0.35,3,PINN,0,0.20462894,0.0017850369,0.03,0.008,COMPLETED,,0,0.03,0.008,0.20554690875,0.0033504144023111,2.5280037078256163e-06,4.748908470927367e-20,2.528003707825664e-06,True,True,True,0.0018146827135118,32.60916154005099,/lustre/fswork/projects/rech/fdb/usv13rn/These_PINN_KH_RT/assets/pinn_supersonic/reviewer_runs/budget_matched_v64/candidates_seeded_00_32.csv,True,1.0
seeded,16,C02,1.05,0.35,4,PINN,0,0.20462894,0.0017850369,0.03,0.015,COMPLETED,,0,0.03,0.015,0.20554690875,0.0033533649424153,3.625629214936612e-06,4.7501472829467974e-20,3.625629214936659e-06,True,True,True,0.0018172285146901,32.530380001990125,/lustre/fswork/projects/rech/fdb/usv13rn/These_PINN_KH_RT/assets/pinn_supersonic/reviewer_runs/budget_matched_v64/candidates_seeded_00_32.csv,True,1.0
seeded,16,C02,1.05,0.35,5,PINN,0,0.20462894,0.0017850369,0.03,0.03,COMPLETED,,0,0.03,0.03,0.20554690875,0.0033479962000162,2.360790331314364e-06,4.746818341991584e-20,2.3607903313144115e-06,True,True,True,0.001812597142082,32.74854222801514,/lustre/fswork/projects/rech/fdb/usv13rn/These_PINN_KH_RT/assets/pinn_supersonic/reviewer_runs/budget_matched_v64/candidates_seeded_00_32.csv,True,1.0
seeded,16,C02,1.05,0.35,6,PINN,0,0.20462894,0.0017850369,0.06,0.008,COMPLETED,,0,0.06,0.008,0.2055273775,0.0033504144023111,9.51079270890806e-06,4.746702237206895e-20,9.510792708908106e-06,True,True,True,0.0018048813440634,32.677769880974665,/lustre/fswork/projects/rech/fdb/usv13rn/These_PINN_KH_RT/assets/pinn_supersonic/reviewer_runs/budget_matched_v64/candidates_seeded_00_32.csv,True,1.0
seeded,16,C02,1.05,0.35,7,PINN,0,0.20462894,0.0017850369,0.06,0.015,COMPLETED,,0,0.06,0.015,0.2055273775,0.0033533649424153,9.859519513361e-06,4.748482666608809e-20,9.859519513361048e-06,True,True,True,0.001807440950635,32.6087880670093,/lustre/fswork/projects/rech/fdb/usv13rn/These_PINN_KH_RT/assets/pinn_supersonic/reviewer_runs/budget_matched_v64/candidates_seeded_00_32.csv,True,1.0
seeded,16,C02,1.05,0.35,8,PINN,0,0.20462894,0.0017850369,0.06,0.03,COMPLETED,,0,0.06,0.03,0.2055273775,0.0033479962000162,9.467718433457811e-06,4.746121734582696e-20,9.46771843345786e-06,True,True,True,0.0018027844338449,32.823830881970935,/lustre/fswork/projects/rech/fdb/usv13rn/These_PINN_KH_RT/assets/pinn_supersonic/reviewer_runs/budget_matched_v64/candidates_seeded_00_32.csv,True,1.0
seeded,16,C02,1.05,0.35,9,PINN,0,0.20462894,0.0017850369,0.1,0.008,COMPLETED,,0,0.1,0.008,0.2056055025,0.0033504144023111,3.764926394336618e-05,4.7534773907850613e-20,3.764926394336623e-05,True,True,True,0.0018450151872405,32.7234936109744,/lustre/fswork/projects/rech/fdb/usv13rn/These_PINN_KH_RT/assets/pinn_supersonic/reviewer_runs/budget_matched_v64/candidates_seeded_00_32.csv,True,1.0
seeded,16,C02,1.05,0.35,10,PINN,0,0.20462894,0.0017850369,0.1,0.015,COMPLETED,,0,0.1,0.015,0.2056055025,0.0033533649424153,3.773880283576636e-05,4.755491510448271e-20,3.77388028357664e-05,True,True,True,0.0018475191920607,32.67174741695635,/lustre/fswork/projects/rech/fdb/usv13rn/These_PINN_KH_RT/assets/pinn_supersonic/reviewer_runs/budget_matched_v64/candidates_seeded_00_32.csv,True,1.0
seeded,16,C02,1.05,0.35,11,PINN,0,0.20462894,0.0017850369,0.1,0.03,COMPLETED,,0,0.1,0.03,0.2056055025,0.0033479962000162,3.763843411359688e-05,4.751889635689424e-20,3.7638434113596925e-05,True,True,True,0.0018429639415663,32.86309555801563,/lustre/fswork/projects/rech/fdb/usv13rn/These_PINN_KH_RT/assets/pinn_supersonic/reviewer_runs/budget_matched_v64/candidates_seeded_00_32.csv,True,1.0
seeded,17,C02,1.1,0.215,0,PINN,0,0.18080717,0.07141138,0.015,0.008,COMPLETED,,0,0.015,0.008,0.182066935625,0.0726353383333333,1.8861298099789016e-06,8.413448096091939e-21,1.88612980997891e-06,True,True,True,0.0017564405573966,27.47753389109857,/lustre/fswork/projects/rech/fdb/usv13rn/These_PINN_KH_RT/assets/pinn_supersonic/reviewer_runs/budget_matched_v64/candidates_seeded_00_32.csv,True,1.0
seeded,17,C02,1.1,0.215,1,PINN,0,0.18080717,0.07141138,0.015,0.015,COMPLETED,,0,0.015,0.015,0.182066935625,0.0726320831249999,2.6489821933819298e-06,8.414344268309895e-21,2.6489821933819382e-06,True,True,True,0.0017541737511764,27.45193873206153,/lustre/fswork/projects/rech/fdb/usv13rn/These_PINN_KH_RT/assets/pinn_supersonic/reviewer_runs/budget_matched_v64/candidates_seeded_00_32.csv,True,1.0
seeded,17,C02,1.1,0.215,2,PINN,0,0.18080717,0.07141138,0.015,0.03,COMPLETED,,0,0.015,0.03,0.182066935625,0.0726418487499999,1.8206124672452035e-06,8.411330060570545e-21,1.820612467245212e-06,True,True,True,0.0017609834680252,27.420840258011594,/lustre/fswork/projects/rech/fdb/usv13rn/These_PINN_KH_RT/assets/pinn_supersonic/reviewer_runs/budget_matched_v64/candidates_seeded_00_32.csv,True,1.0
seeded,17,C02,1.1,0.215,3,PINN,0,0.18080717,0.07141138,0.03,0.008,COMPLETED,,0,0.03,0.008,0.18207670125,0.0726353383333333,1.982803438083787e-06,8.408479279961638e-21,1.982803438083796e-06,True,True,True,0.0017634578521934,27.482161329942755,/lustre/fswork/projects/rech/fdb/usv13rn/These_PINN_KH_RT/assets/pinn_supersonic/reviewer_runs/budget_matched_v64/candidates_seeded_00_32.csv,True,1.0
seeded,17,C02,1.1,0.215,4,PINN,0,0.18080717,0.07141138,0.03,0.015,COMPLETED,,0,0.03,0.015,0.18207670125,0.0726320831249999,2.7186427631507595e-06,8.409863884480962e-21,2.718642763150768e-06,True,True,True,0.0017612000778194,27.4689551590709,/lustre/fswork/projects/rech/fdb/usv13rn/These_PINN_KH_RT/assets/pinn_supersonic/reviewer_runs/budget_matched_v64/candidates_seeded_00_32.csv,True,1.0
seeded,17,C02,1.1,0.215,5,PINN,0,0.18080717,0.07141138,0.03,0.03,COMPLETED,,0,0.03,0.03,0.18207670125,0.0726418487499999,1.920587607412975e-06,8.409619534223924e-21,1.9205876074129835e-06,True,True,True,0.0017679827316614,27.448822185047906,/lustre/fswork/projects/rech/fdb/usv13rn/These_PINN_KH_RT/assets/pinn_supersonic/reviewer_runs/budget_matched_v64/candidates_seeded_00_32.csv,True,1.0
seeded,17,C02,1.1,0.215,6,PINN,0,0.18080717,0.07141138,0.06,0.008,COMPLETED,,0,0.06,0.008,0.1820962324999999,0.0726353383333333,8.047394854650842e-06,8.415892314553589e-21,8.04739485465085e-06,True,True,True,0.0017775702885237,27.50831376807764,/lustre/fswork/projects/rech/fdb/usv13rn/These_PINN_KH_RT/assets/pinn_supersonic/reviewer_runs/budget_matched_v64/candidates_seeded_00_32.csv,True,1.0
seeded,17,C02,1.1,0.215,7,PINN,0,0.18080717,0.07141138,0.06,0.015,COMPLETED,,0,0.06,0.015,0.1820962324999999,0.0726320831249999,8.259554353826108e-06,8.414099852971832e-21,8.259554353826117e-06,True,True,True,0.0017753304617143,27.50049689796288,/lustre/fswork/projects/rech/fdb/usv13rn/These_PINN_KH_RT/assets/pinn_supersonic/reviewer_runs/budget_matched_v64/candidates_seeded_00_32.csv,True,1.0
seeded,17,C02,1.1,0.215,8,PINN,0,0.18080717,0.07141138,0.06,0.03,COMPLETED,,0,0.06,0.03,0.1820962324999999,0.0726418487499999,8.032243726740049e-06,8.416462683273383e-21,8.032243726740057e-06,True,True,True,0.0017820593350482,27.47679942904506,/lustre/fswork/projects/rech/fdb/usv13rn/These_PINN_KH_RT/assets/pinn_supersonic/reviewer_runs/budget_matched_v64/candidates_seeded_00_32.csv,True,1.0
seeded,17,C02,1.1,0.215,9,PINN,0,0.18080717,0.07141138,0.1,0.008,COMPLETED,,0,0.1,0.008,0.1820441491666666,0.0726353383333333,8.97670814844967e-06,8.410678410975734e-21,8.976708148449678e-06,True,True,True,0.0017401699516149,27.47444609599188,/lustre/fswork/projects/rech/fdb/usv13rn/These_PINN_KH_RT/assets/pinn_supersonic/reviewer_runs/budget_matched_v64/candidates_seeded_00_32.csv,True,1.0
seeded,17,C02,1.1,0.215,10,PINN,0,0.18080717,0.07141138,0.1,0.015,COMPLETED,,0,0.1,0.015,0.1820441491666666,0.0726320831249999,9.167424743906478e-06,8.404163303422822e-21,9.167424743906486e-06,True,True,True,0.0017378819229602,27.512572012026794,/lustre/fswork/projects/rech/fdb/usv13rn/These_PINN_KH_RT/assets/pinn_supersonic/reviewer_runs/budget_matched_v64/candidates_seeded_00_32.csv,True,1.0
seeded,17,C02,1.1,0.215,11,PINN,0,0.18080717,0.07141138,0.1,0.03,COMPLETED,,0,0.1,0.03,0.1820441491666666,0.0726418487499999,8.963114193275875e-06,8.416544166096791e-21,8.963114193275884e-06,True,True,True,0.0017447552273868,27.46931573806796,/lustre/fswork/projects/rech/fdb/usv13rn/These_PINN_KH_RT/assets/pinn_supersonic/reviewer_runs/budget_matched_v64/candidates_seeded_00_32.csv,True,1.0
seeded,18,C02,1.1,0.265,0,PINN,0,0.20841847,0.046392817,0.015,0.008,COMPLETED,,0,0.015,0.008,0.207197766875,0.0445646919999999,3.910678619177061e-06,2.054635747228828e-20,3.910678619177082e-06,True,True,True,0.0021982168080082,29.2857895049965,/lustre/fswork/projects/rech/fdb/usv13rn/These_PINN_KH_RT/assets/pinn_supersonic/reviewer_runs/budget_matched_v64/candidates_seeded_00_32.csv,True,1.0
seeded,18,C02,1.1,0.265,1,PINN,0,0.20841847,0.046392817,0.015,0.015,COMPLETED,,0,0.015,0.015,0.207197766875,0.044566645125,3.6084238481782286e-06,2.055183223145989e-20,3.608423848178249e-06,True,True,True,0.002196592778925,29.252947109984238,/lustre/fswork/projects/rech/fdb/usv13rn/These_PINN_KH_RT/assets/pinn_supersonic/reviewer_runs/budget_matched_v64/candidates_seeded_00_32.csv,True,1.0
seeded,18,C02,1.1,0.265,2,PINN,0,0.20841847,0.046392817,0.015,0.03,COMPLETED,,0,0.015,0.03,0.207197766875,0.04457641075,4.791133594160122e-06,2.055781710477485e-20,4.791133594160142e-06,True,True,True,0.0021884807023192,29.264807268045843,/lustre/fswork/projects/rech/fdb/usv13rn/These_PINN_KH_RT/assets/pinn_supersonic/reviewer_runs/budget_matched_v64/candidates_seeded_00_32.csv,True,1.0
seeded,18,C02,1.1,0.265,3,PINN,0,0.20841847,0.046392817,0.03,0.008,COMPLETED,,0,0.03,0.008,0.20718800125,0.0445646919999999,1.9129420453389613e-06,2.0540501560573595e-20,1.9129420453389816e-06,True,True,True,0.0022036547734052,29.279931537923403,/lustre/fswork/projects/rech/fdb/usv13rn/These_PINN_KH_RT/assets/pinn_supersonic/reviewer_runs/budget_matched_v64/candidates_seeded_00_32.csv,True,1.0
seeded,18,C02,1.1,0.265,4,PINN,0,0.20841847,0.046392817,0.03,0.015,COMPLETED,,0,0.03,0.015,0.20718800125,0.044566645125,1.1775340993433775e-06,2.0545084377004995e-20,1.1775340993433985e-06,True,True,True,0.0022020347548954,29.29530742997304,/lustre/fswork/projects/rech/fdb/usv13rn/These_PINN_KH_RT/assets/pinn_supersonic/reviewer_runs/budget_matched_v64/candidates_seeded_00_32.csv,True,1.0
seeded,18,C02,1.1,0.265,5,PINN,0,0.20841847,0.046392817,0.03,0.03,COMPLETED,,0,0.03,0.03,0.20718800125,0.04457641075,3.3647298656102537e-06,2.0553996872291918e-20,3.3647298656102745e-06,True,True,True,0.0021939428000213,29.36630666803103,/lustre/fswork/projects/rech/fdb/usv13rn/These_PINN_KH_RT/assets/pinn_supersonic/reviewer_runs/budget_matched_v64/candidates_seeded_00_32.csv,True,1.0
seeded,18,C02,1.1,0.265,6,PINN,0,0.20841847,0.046392817,0.06,0.008,COMPLETED,,0,0.06,0.008,0.2072075325,0.0445646919999999,7.900705068078043e-06,2.0549540383059804e-20,7.900705068078063e-06,True,True,True,0.0021928088481514,29.27081153600011,/lustre/fswork/projects/rech/fdb/usv13rn/These_PINN_KH_RT/assets/pinn_supersonic/reviewer_runs/budget_matched_v64/candidates_seeded_00_32.csv,True,1.0
seeded,18,C02,1.1,0.265,7,PINN,0,0.20841847,0.046392817,0.06,0.015,COMPLETED,,0,0.06,0.015,0.2072075325,0.044566645125,7.755543241172066e-06,2.055348753478213e-20,7.755543241172086e-06,True,True,True,0.002191180810875,29.237711576046426,/lustre/fswork/projects/rech/fdb/usv13rn/These_PINN_KH_RT/assets/pinn_supersonic/reviewer_runs/budget_matched_v64/candidates_seeded_00_32.csv,True,1.0
seeded,18,C02,1.1,0.265,8,PINN,0,0.20841847,0.046392817,0.06,0.03,COMPLETED,,0,0.06,0.03,0.2072075325,0.04457641075,8.37148145319005e-06,2.056635023902182e-20,8.37148145319007e-06,True,True,True,0.002183048623816,29.30837578396313,/lustre/fswork/projects/rech/fdb/usv13rn/These_PINN_KH_RT/assets/pinn_supersonic/reviewer_runs/budget_matched_v64/candidates_seeded_00_32.csv,True,1.0
seeded,18,C02,1.1,0.265,9,PINN,0,0.20841847,0.046392817,0.1,0.008,COMPLETED,,0,0.1,0.008,0.2071814908333333,0.0445646919999999,3.95277012548441e-06,2.0543811321164758e-20,3.952770125484431e-06,True,True,True,0.0022072966439498,29.3265398950316,/lustre/fswork/projects/rech/fdb/usv13rn/These_PINN_KH_RT/assets/pinn_supersonic/reviewer_runs/budget_matched_v64/candidates_seeded_00_32.csv,True,1.0
seeded,18,C02,1.1,0.265,10,PINN,0,0.20841847,0.046392817,0.1,0.015,COMPLETED,,0,0.1,0.015,0.2071814908333333,0.044566645125,3.653975246448519e-06,2.0543938624973842e-20,3.6539752464485394e-06,True,True,True,0.0022056793003082,29.40938098495826,/lustre/fswork/projects/rech/fdb/usv13rn/These_PINN_KH_RT/assets/pinn_supersonic/reviewer_runs/budget_matched_v64/candidates_seeded_00_32.csv,True,1.0
seeded,18,C02,1.1,0.265,11,PINN,0,0.20841847,0.046392817,0.1,0.03,COMPLETED,,0,0.1,0.03,0.2071814908333333,0.04457641075,4.82561065436675e-06,2.055514290476312e-20,4.82561065436677e-06,True,True,True,0.0021976007653362,29.38935315900017,/lustre/fswork/projects/rech/fdb/usv13rn/These_PINN_KH_RT/assets/pinn_supersonic/reviewer_runs/budget_matched_v64/candidates_seeded_00_32.csv,True,1.0
seeded,19,C02,1.15,0.23,0,PINN,0,0.23034637,0.055443585,0.015,0.008,COMPLETED,,0,0.015,0.008,0.2240280106249999,0.0560737933333333,2.2304415790907604e-06,5.995070703734727e-21,2.2304415790907664e-06,True,True,True,0.006349710838696,28.790887514012866,/lustre/fswork/projects/rech/fdb/usv13rn/These_PINN_KH_RT/assets/pinn_supersonic/reviewer_runs/budget_matched_v64/candidates_seeded_00_32.csv,True,1.0
seeded,19,C02,1.15,0.23,1,PINN,0,0.23034637,0.055443585,0.015,0.015,COMPLETED,,0,0.015,0.015,0.2240280106249999,0.0560783506249999,2.6839705240029374e-06,5.992113969639918e-21,2.6839705240029437e-06,True,True,True,0.0063501647687546,28.739945578039624,/lustre/fswork/projects/rech/fdb/usv13rn/These_PINN_KH_RT/assets/pinn_supersonic/reviewer_runs/budget_matched_v64/candidates_seeded_00_32.csv,True,1.0
seeded,19,C02,1.15,0.23,2,PINN,0,0.23034637,0.055443585,0.015,0.03,COMPLETED,,0,0.015,0.03,0.2240280106249999,0.0560881162499999,5.578419305849863e-06,5.9972027551450384e-21,5.578419305849869e-06,True,True,True,0.0063511483783546,28.684106662054543,/lustre/fswork/projects/rech/fdb/usv13rn/These_PINN_KH_RT/assets/pinn_supersonic/reviewer_runs/budget_matched_v64/candidates_seeded_00_32.csv,True,1.0
seeded,19,C02,1.15,0.23,3,PINN,0,0.23034637,0.055443585,0.03,0.008,COMPLETED,,0,0.03,0.008,0.2240377762499999,0.0560737933333333,1.4012372428267342e-06,5.9928015171390804e-21,1.4012372428267402e-06,True,True,True,0.0063399935051971,28.86830104002729,/lustre/fswork/projects/rech/fdb/usv13rn/These_PINN_KH_RT/assets/pinn_supersonic/reviewer_runs/budget_matched_v64/candidates_seeded_00_32.csv,True,1.0
seeded,19,C02,1.15,0.23,4,PINN,0,0.23034637,0.055443585,0.03,0.015,COMPLETED,,0,0.03,0.015,0.2240377762499999,0.0560783506249999,2.0474903276980573e-06,5.986546288570127e-21,2.047490327698063e-06,True,True,True,0.0063404481309463,28.719326847000048,/lustre/fswork/projects/rech/fdb/usv13rn/These_PINN_KH_RT/assets/pinn_supersonic/reviewer_runs/budget_matched_v64/candidates_seeded_00_32.csv,True,1.0
seeded,19,C02,1.15,0.23,5,PINN,0,0.23034637,0.055443585,0.03,0.03,COMPLETED,,0,0.03,0.03,0.2240377762499999,0.0560881162499999,5.301532817115995e-06,5.9954145573564744e-21,5.301532817116001e-06,True,True,True,0.0063414332476787,28.693744018906727,/lustre/fswork/projects/rech/fdb/usv13rn/These_PINN_KH_RT/assets/pinn_supersonic/reviewer_runs/budget_matched_v64/candidates_seeded_00_32.csv,True,1.0
seeded,19,C02,1.15,0.23,6,PINN,0,0.23034637,0.055443585,0.06,0.008,COMPLETED,,0,0.06,0.008,0.2240573074999999,0.0560737933333333,8.615635606257012e-06,5.9894329112714776e-21,8.615635606257019e-06,True,True,True,0.0063205592847713,28.72253014496528,/lustre/fswork/projects/rech/fdb/usv13rn/These_PINN_KH_RT/assets/pinn_supersonic/reviewer_runs/budget_matched_v64/candidates_seeded_00_32.csv,True,1.0
seeded,19,C02,1.15,0.23,7,PINN,0,0.23034637,0.055443585,0.06,0.015,COMPLETED,,0,0.06,0.015,0.2240573074999999,0.0560783506249999,8.743978723577868e-06,6.001674416144513e-21,8.743978723577874e-06,True,True,True,0.0063210153082861,28.72618744603824,/lustre/fswork/projects/rech/fdb/usv13rn/These_PINN_KH_RT/assets/pinn_supersonic/reviewer_runs/budget_matched_v64/candidates_seeded_00_32.csv,True,1.0
seeded,19,C02,1.15,0.23,8,PINN,0,0.23034637,0.055443585,0.06,0.03,COMPLETED,,0,0.06,0.03,0.2240573074999999,0.0560881162499999,1.0018374666681734e-05,5.9947268599737404e-21,1.001837466668174e-05,True,True,True,0.0063220034531098,28.69017290393822,/lustre/fswork/projects/rech/fdb/usv13rn/These_PINN_KH_RT/assets/pinn_supersonic/reviewer_runs/budget_matched_v64/candidates_seeded_00_32.csv,True,1.0
seeded,19,C02,1.15,0.23,9,PINN,0,0.23034637,0.055443585,0.1,0.008,COMPLETED,,0,0.1,0.008,0.2240312658333333,0.0560737933333333,1.034960907339903e-06,5.9954145573564744e-21,1.034960907339909e-06,True,True,True,0.0063464717110575,28.695068597095087,/lustre/fswork/projects/rech/fdb/usv13rn/These_PINN_KH_RT/assets/pinn_supersonic/reviewer_runs/budget_matched_v64/candidates_seeded_00_32.csv,True,1.0
seeded,19,C02,1.15,0.23,10,PINN,0,0.23034637,0.055443585,0.1,0.015,COMPLETED,,0,0.1,0.015,0.2240312658333333,0.0560783506249999,1.8165816856960847e-06,5.998028167131443e-21,1.816581685696091e-06,True,True,True,0.0063469258727775,28.66016125993337,/lustre/fswork/projects/rech/fdb/usv13rn/These_PINN_KH_RT/assets/pinn_supersonic/reviewer_runs/budget_matched_v64/candidates_seeded_00_32.csv,True,1.0
seeded,19,C02,1.15,0.23,11,PINN,0,0.23034637,0.055443585,0.1,0.03,COMPLETED,,0,0.1,0.03,0.2240312658333333,0.0560881162499999,5.216774676977008e-06,5.9877145996565824e-21,5.216774676977014e-06,True,True,True,0.006347909984245,28.638195594074205,/lustre/fswork/projects/rech/fdb/usv13rn/These_PINN_KH_RT/assets/pinn_supersonic/reviewer_runs/budget_matched_v64/candidates_seeded_00_32.csv,True,1.0
seeded,20,C02,1.2,0.285,0,PINN,0,0.27288508,0.014161268,0.015,0.008,COMPLETED,,0,0.015,0.008,0.274515939375,0.020708143,4.153742219543394e-07,1.0499561489265016e-20,4.1537422195434986e-07,True,True,True,0.0067469455731205,32.39013639499899,/lustre/fswork/projects/rech/fdb/usv13rn/These_PINN_KH_RT/assets/pinn_supersonic/reviewer_runs/budget_matched_v64/candidates_seeded_00_32.csv,True,1.0
seeded,20,C02,1.2,0.285,1,PINN,0,0.27288508,0.014161268,0.015,0.015,COMPLETED,,0,0.015,0.015,0.274515939375,0.0207134449778645,2.5697187367290467e-06,1.0504112447548759e-20,2.5697187367290573e-06,True,True,True,0.0067520904503926,32.36244570009876,/lustre/fswork/projects/rech/fdb/usv13rn/These_PINN_KH_RT/assets/pinn_supersonic/reviewer_runs/budget_matched_v64/candidates_seeded_00_32.csv,True,1.0
seeded,20,C02,1.2,0.285,2,PINN,0,0.27288508,0.014161268,0.015,0.03,COMPLETED,,0,0.015,0.03,0.274515939375,0.0207106907929687,1.258183305700019e-06,1.0502838079832835e-20,1.2581833057000295e-06,True,True,True,0.0067494178431983,32.4144415340852,/lustre/fswork/projects/rech/fdb/usv13rn/These_PINN_KH_RT/assets/pinn_supersonic/reviewer_runs/budget_matched_v64/candidates_seeded_00_32.csv,True,1.0
seeded,20,C02,1.2,0.285,3,PINN,0,0.27288508,0.014161268,0.03,0.008,COMPLETED,,0,0.03,0.008,0.27450617375,0.020708143,4.367201833286526e-06,1.0495921432612835e-20,4.3672018332865365e-06,True,True,True,0.0067445917009048,32.3434196410235,/lustre/fswork/projects/rech/fdb/usv13rn/These_PINN_KH_RT/assets/pinn_supersonic/reviewer_runs/budget_matched_v64/candidates_seeded_00_32.csv,True,1.0
seeded,20,C02,1.2,0.285,4,PINN,0,0.27288508,0.014161268,0.03,0.015,COMPLETED,,0,0.03,0.015,0.27450617375,0.0207134449778645,5.050115757799794e-06,1.049937947144405e-20,5.0501157577998045e-06,True,True,True,0.0067497383723776,32.40131579292938,/lustre/fswork/projects/rech/fdb/usv13rn/These_PINN_KH_RT/assets/pinn_supersonic/reviewer_runs/budget_matched_v64/candidates_seeded_00_32.csv,True,1.0
seeded,20,C02,1.2,0.285,5,PINN,0,0.27288508,0.014161268,0.03,0.03,COMPLETED,,0,0.03,0.03,0.27450617375,0.0207106907929687,4.525813034455669e-06,1.0496285409879062e-20,4.52581303445568e-06,True,True,True,0.0067470648334922,32.42482277506497,/lustre/fswork/projects/rech/fdb/usv13rn/These_PINN_KH_RT/assets/pinn_supersonic/reviewer_runs/budget_matched_v64/candidates_seeded_00_32.csv,True,1.0
seeded,20,C02,1.2,0.285,6,PINN,0,0.27288508,0.014161268,0.06,0.008,COMPLETED,,0,0.06,0.008,0.2744866425,0.020708143,1.3924192335108297e-05,1.048864321257465e-20,1.3924192335108309e-05,True,True,True,0.0067399239392615,32.416803724947385,/lustre/fswork/projects/rech/fdb/usv13rn/These_PINN_KH_RT/assets/pinn_supersonic/reviewer_runs/budget_matched_v64/candidates_seeded_00_32.csv,True,1.0
seeded,20,C02,1.2,0.285,7,PINN,0,0.27288508,0.014161268,0.06,0.015,COMPLETED,,0,0.06,0.015,0.2744866425,0.0207134449778645,1.4153243488788585e-05,1.0491554197667336e-20,1.4153243488788597e-05,True,True,True,0.006745074172362,32.434233095962554,/lustre/fswork/projects/rech/fdb/usv13rn/These_PINN_KH_RT/assets/pinn_supersonic/reviewer_runs/budget_matched_v64/candidates_seeded_00_32.csv,True,1.0
seeded,20,C02,1.2,0.285,8,PINN,0,0.27288508,0.014161268,0.06,0.03,COMPLETED,,0,0.06,0.03,0.2744866425,0.0207106907929687,1.3974742869421388e-05,1.049028059199105e-20,1.39747428694214e-05,True,True,True,0.0067423987839985,32.46848557004705,/lustre/fswork/projects/rech/fdb/usv13rn/These_PINN_KH_RT/assets/pinn_supersonic/reviewer_runs/budget_matched_v64/candidates_seeded_00_32.csv,True,1.0
seeded,20,C02,1.2,0.285,9,PINN,0,0.27288508,0.014161268,0.1,0.008,COMPLETED,,0,0.1,0.008,0.2745126841666667,0.020708143,1.1827287986827666e-06,1.0497377379543062e-20,1.1827287986827771e-06,True,True,True,0.0067461594695779,32.406419186037965,/lustre/fswork/projects/rech/fdb/usv13rn/These_PINN_KH_RT/assets/pinn_supersonic/reviewer_runs/budget_matched_v64/candidates_seeded_00_32.csv,True,1.0
seeded,20,C02,1.2,0.285,10,PINN,0,0.27288508,0.014161268,0.1,0.015,COMPLETED,,0,0.1,0.015,0.2745126841666667,0.0207134449778645,2.7981939725100844e-06,1.0501563789425284e-20,2.798193972510095e-06,True,True,True,0.0067513049459056,32.46901955700014,/lustre/fswork/projects/rech/fdb/usv13rn/These_PINN_KH_RT/assets/pinn_supersonic/reviewer_runs/budget_matched_v64/candidates_seeded_00_32.csv,True,1.0
seeded,20,C02,1.2,0.285,11,PINN,0,0.27288508,0.014161268,0.1,0.03,COMPLETED,,0,0.1,0.03,0.2745126841666667,0.0207106907929687,1.6761152942542428e-06,1.0499925529640114e-20,1.6761152942542534e-06,True,True,True,0.0067486320276341,32.55115143407602,/lustre/fswork/projects/rech/fdb/usv13rn/These_PINN_KH_RT/assets/pinn_supersonic/reviewer_runs/budget_matched_v64/candidates_seeded_00_32.csv,True,1.0
seeded,21,C02,1.2,0.315,0,PINN,0,0.27371174,0.005834017,0.015,0.008,COMPLETED,,0,0.015,0.008,0.283780099375,0.0058269777919921,2.5037820805430145e-06,1.512710168365601e-20,2.5037820805430297e-06,True,True,True,0.0100683618357009,34.327992897015065,/lustre/fswork/projects/rech/fdb/usv13rn/These_PINN_KH_RT/assets/pinn_supersonic/reviewer_runs/budget_matched_v64/candidates_seeded_00_32.csv,True,1.0
seeded,21,C02,1.2,0.315,1,PINN,0,0.27371174,0.005834017,0.015,0.015,COMPLETED,,0,0.015,0.015,0.283780099375,0.0058302019638671,1.9019366302101265e-06,1.5129286544373546e-20,1.9019366302101413e-06,True,True,True,0.0100683600977841,34.23744328098837,/lustre/fswork/projects/rech/fdb/usv13rn/These_PINN_KH_RT/assets/pinn_supersonic/reviewer_runs/budget_matched_v64/candidates_seeded_00_32.csv,True,1.0
seeded,21,C02,1.2,0.315,2,PINN,0,0.27371174,0.005834017,0.015,0.03,COMPLETED,,0,0.015,0.03,0.283780099375,0.0058286117915039,2.0355378678777807e-06,1.5129723535449715e-20,2.035537867877796e-06,True,True,True,0.0100683608258956,34.413525116979145,/lustre/fswork/projects/rech/fdb/usv13rn/These_PINN_KH_RT/assets/pinn_supersonic/reviewer_runs/budget_matched_v64/candidates_seeded_00_32.csv,True,1.0
seeded,21,C02,1.2,0.315,3,PINN,0,0.27371174,0.005834017,0.03,0.008,COMPLETED,,0,0.03,0.008,0.28377033375,0.0058269777919921,3.8258193902733554e-06,1.5120548048136487e-20,3.825819390273371e-06,True,True,True,0.01005859621309,34.26053515903186,/lustre/fswork/projects/rech/fdb/usv13rn/These_PINN_KH_RT/assets/pinn_supersonic/reviewer_runs/budget_matched_v64/candidates_seeded_00_32.csv,True,1.0
seeded,21,C02,1.2,0.315,4,PINN,0,0.27371174,0.005834017,0.03,0.015,COMPLETED,,0,0.03,0.015,0.28377033375,0.0058302019638671,3.4619584936618717e-06,1.5125135443905442e-20,3.4619584936618865e-06,True,True,True,0.0100585944734858,34.211929538985714,/lustre/fswork/projects/rech/fdb/usv13rn/These_PINN_KH_RT/assets/pinn_supersonic/reviewer_runs/budget_matched_v64/candidates_seeded_00_32.csv,True,1.0
seeded,21,C02,1.2,0.315,5,PINN,0,0.27371174,0.005834017,0.03,0.03,COMPLETED,,0,0.03,0.03,0.28377033375,0.0058286117915039,3.537124015247461e-06,1.5125135443905442e-20,3.5371240152474767e-06,True,True,True,0.0100585952023042,34.412680203909986,/lustre/fswork/projects/rech/fdb/usv13rn/These_PINN_KH_RT/assets/pinn_supersonic/reviewer_runs/budget_matched_v64/candidates_seeded_00_32.csv,True,1.0
seeded,21,C02,1.2,0.315,6,PINN,0,0.27371174,0.005834017,0.06,0.008,COMPLETED,,0,0.06,0.008,0.2837508025,0.0058269777919921,1.4267266585988882e-05,1.5106135048216232e-20,1.4267266585988896e-05,True,True,True,0.010039064967882,34.33336991199758,/lustre/fswork/projects/rech/fdb/usv13rn/These_PINN_KH_RT/assets/pinn_supersonic/reviewer_runs/budget_matched_v64/candidates_seeded_00_32.csv,True,1.0
seeded,21,C02,1.2,0.315,7,PINN,0,0.27371174,0.005834017,0.06,0.015,COMPLETED,,0,0.06,0.015,0.2837508025,0.0058302019638671,1.41740081309874e-05,1.511552455585963e-20,1.4174008130987417e-05,True,True,True,0.0100390632248934,34.28313210804481,/lustre/fswork/projects/rech/fdb/usv13rn/These_PINN_KH_RT/assets/pinn_supersonic/reviewer_runs/budget_matched_v64/candidates_seeded_00_32.csv,True,1.0
seeded,21,C02,1.2,0.315,8,PINN,0,0.27371174,0.005834017,0.06,0.03,COMPLETED,,0,0.06,0.03,0.2837508025,0.0058286117915039,1.419256216489425e-05,1.510919177693888e-20,1.4192562164894263e-05,True,True,True,0.0100390639551297,34.43176502396818,/lustre/fswork/projects/rech/fdb/usv13rn/These_PINN_KH_RT/assets/pinn_supersonic/reviewer_runs/budget_matched_v64/candidates_seeded_00_32.csv,True,1.0
seeded,21,C02,1.2,0.315,9,PINN,0,0.27371174,0.005834017,0.1,0.008,COMPLETED,,0,0.1,0.008,0.2838028858333333,0.0058269777919921,1.448685166482518e-05,1.5137153349310336e-20,1.4486851664825196e-05,True,True,True,0.0100911482884779,34.32531271094922,/lustre/fswork/projects/rech/fdb/usv13rn/These_PINN_KH_RT/assets/pinn_supersonic/reviewer_runs/budget_matched_v64/candidates_seeded_00_32.csv,True,1.0
seeded,21,C02,1.2,0.315,10,PINN,0,0.27371174,0.005834017,0.1,0.015,COMPLETED,,0,0.1,0.015,0.2838028858333333,0.0058302019638671,1.4395045319918723e-05,1.5146333872711583e-20,1.439504531991874e-05,True,True,True,0.0100911465544853,34.36949437693693,/lustre/fswork/projects/rech/fdb/usv13rn/These_PINN_KH_RT/assets/pinn_supersonic/reviewer_runs/budget_matched_v64/candidates_seeded_00_32.csv,True,1.0
seeded,21,C02,1.2,0.315,11,PINN,0,0.27371174,0.005834017,0.1,0.03,COMPLETED,,0,0.1,0.03,0.2838028858333333,0.0058286117915039,1.441330926949135e-05,1.514392918091445e-20,1.4413309269491363e-05,True,True,True,0.0100911472809527,34.514654939994216,/lustre/fswork/projects/rech/fdb/usv13rn/These_PINN_KH_RT/assets/pinn_supersonic/reviewer_runs/budget_matched_v64/candidates_seeded_00_32.csv,True,1.0
seeded,22,C10,1.3,0.085,0,PINN,0,0.22815315,0.09804351,0.015,0.008,COMPLETED,,0,0.015,0.008,0.213416821875,0.0967362183333333,4.97249376718277e-07,5.150316340973251e-21,4.972493767182822e-07,True,True,True,0.014794200826993,24.03435881191399,/lustre/fswork/projects/rech/fdb/usv13rn/These_PINN_KH_RT/assets/pinn_supersonic/reviewer_runs/budget_matched_v64/candidates_seeded_00_32.csv,True,1.0
seeded,22,C10,1.3,0.085,1,PINN,0,0.22815315,0.09804351,0.015,0.015,COMPLETED,,0,0.015,0.015,0.213416821875,0.096744681875,7.337265384473255e-07,5.150698792573016e-21,7.337265384473307e-07,True,True,True,0.0147934553470768,24.045667700003836,/lustre/fswork/projects/rech/fdb/usv13rn/These_PINN_KH_RT/assets/pinn_supersonic/reviewer_runs/budget_matched_v64/candidates_seeded_00_32.csv,True,1.0
seeded,22,C10,1.3,0.085,2,PINN,0,0.22815315,0.09804351,0.015,0.03,COMPLETED,,0,0.015,0.03,0.213416821875,0.09673491625,5.663451636969643e-07,5.15012512049818e-21,5.663451636969695e-07,True,True,True,0.0147943159426248,24.069056998007,/lustre/fswork/projects/rech/fdb/usv13rn/These_PINN_KH_RT/assets/pinn_supersonic/reviewer_runs/budget_matched_v64/candidates_seeded_00_32.csv,True,1.0
seeded,22,C10,1.3,0.085,3,PINN,0,0.22815315,0.09804351,0.03,0.008,COMPLETED,,0,0.03,0.008,0.2134070562499999,0.0967362183333333,1.401750071919738e-06,5.149615216586263e-21,1.4017500719197432e-06,True,True,True,0.0148039282754789,24.04332149005495,/lustre/fswork/projects/rech/fdb/usv13rn/These_PINN_KH_RT/assets/pinn_supersonic/reviewer_runs/budget_matched_v64/candidates_seeded_00_32.csv,True,1.0
seeded,22,C10,1.3,0.085,4,PINN,0,0.22815315,0.09804351,0.03,0.015,COMPLETED,,0,0.03,0.015,0.2134070562499999,0.096744681875,1.5019868967151182e-06,5.149678953194746e-21,1.5019868967151231e-06,True,True,True,0.0148031832854315,24.04965364199597,/lustre/fswork/projects/rech/fdb/usv13rn/These_PINN_KH_RT/assets/pinn_supersonic/reviewer_runs/budget_matched_v64/candidates_seeded_00_32.csv,True,1.0
seeded,22,C10,1.3,0.085,5,PINN,0,0.22815315,0.09804351,0.03,0.03,COMPLETED,,0,0.03,0.03,0.2134070562499999,0.09673491625,1.4277242767970763e-06,5.149487744552589e-21,1.4277242767970816e-06,True,True,True,0.0148040433154705,24.085630652029067,/lustre/fswork/projects/rech/fdb/usv13rn/These_PINN_KH_RT/assets/pinn_supersonic/reviewer_runs/budget_matched_v64/candidates_seeded_00_32.csv,True,1.0
seeded,22,C10,1.3,0.085,6,PINN,0,0.22815315,0.09804351,0.06,0.008,COMPLETED,,0,0.06,0.008,0.2134265875,0.0967362183333333,5.510916651483013e-07,5.1504438232621176e-21,5.510916651483065e-07,True,True,True,0.0147844734288422,24.076998517033644,/lustre/fswork/projects/rech/fdb/usv13rn/These_PINN_KH_RT/assets/pinn_supersonic/reviewer_runs/budget_matched_v64/candidates_seeded_00_32.csv,True,1.0
seeded,22,C10,1.3,0.085,7,PINN,0,0.22815315,0.09804351,0.06,0.015,COMPLETED,,0,0.06,0.015,0.2134265875,0.096744681875,7.712353512971188e-07,5.15114500405266e-21,7.71235351297124e-07,True,True,True,0.0147837274584151,24.06145633198321,/lustre/fswork/projects/rech/fdb/usv13rn/These_PINN_KH_RT/assets/pinn_supersonic/reviewer_runs/budget_matched_v64/candidates_seeded_00_32.csv,True,1.0
seeded,22,C10,1.3,0.085,8,PINN,0,0.22815315,0.09804351,0.06,0.03,COMPLETED,,0,0.06,0.03,0.2134265875,0.09673491625,6.141607397789784e-07,5.150507564998197e-21,6.141607397789836e-07,True,True,True,0.0147845886202134,24.055569158983417,/lustre/fswork/projects/rech/fdb/usv13rn/These_PINN_KH_RT/assets/pinn_supersonic/reviewer_runs/budget_matched_v64/candidates_seeded_00_32.csv,True,1.0
seeded,22,C10,1.3,0.085,9,PINN,0,0.22815315,0.09804351,0.1,0.008,COMPLETED,,0,0.1,0.008,0.2133745041666666,0.0967362183333333,4.52791722117182e-06,5.1486592147906715e-21,4.527917221171825e-06,True,True,True,0.0148363534660251,24.015428868005984,/lustre/fswork/projects/rech/fdb/usv13rn/These_PINN_KH_RT/assets/pinn_supersonic/reviewer_runs/budget_matched_v64/candidates_seeded_00_32.csv,True,1.0
seeded,22,C10,1.3,0.085,10,PINN,0,0.22815315,0.09804351,0.1,0.015,COMPLETED,,0,0.1,0.015,0.2133745041666666,0.096744681875,4.559906064038655e-06,5.1487866765691544e-21,4.55990606403866e-06,True,True,True,0.0148356101042522,24.03567678295076,/lustre/fswork/projects/rech/fdb/usv13rn/These_PINN_KH_RT/assets/pinn_supersonic/reviewer_runs/budget_matched_v64/candidates_seeded_00_32.csv,True,1.0
seeded,22,C10,1.3,0.085,11,PINN,0,0.22815315,0.09804351,0.1,0.03,COMPLETED,,0,0.1,0.03,0.2133745041666666,0.09673491625,4.536030730200927e-06,5.149360274096636e-21,4.536030730200932e-06,True,True,True,0.0148364682545961,24.04384691803716,/lustre/fswork/projects/rech/fdb/usv13rn/These_PINN_KH_RT/assets/pinn_supersonic/reviewer_runs/budget_matched_v64/candidates_seeded_00_32.csv,True,1.0
seeded,23,C10,1.35,0.055,0,PINN,0,0.19728044,0.09156128,0.015,0.008,COMPLETED,,0,0.015,0.008,0.204809736875,0.0932852383333333,3.0224158527870975e-07,2.3930774642901044e-21,3.0224158527871213e-07,True,True,True,0.0077241403254313,23.05397543509025,/lustre/fswork/projects/rech/fdb/usv13rn/These_PINN_KH_RT/assets/pinn_supersonic/reviewer_runs/budget_matched_v64/candidates_seeded_00_32.csv,True,1.0
seeded,23,C10,1.35,0.055,1,PINN,0,0.19728044,0.09156128,0.015,0.015,COMPLETED,,0,0.015,0.015,0.204809736875,0.0932897956249999,4.826378123285239e-07,2.393425067959381e-21,4.826378123285264e-07,True,True,True,0.0077251587490325,23.04100141604431,/lustre/fswork/projects/rech/fdb/usv13rn/These_PINN_KH_RT/assets/pinn_supersonic/reviewer_runs/budget_matched_v64/candidates_seeded_00_32.csv,True,1.0
seeded,23,C10,1.35,0.055,2,PINN,0,0.19728044,0.09156128,0.015,0.03,COMPLETED,,0,0.015,0.03,0.204809736875,0.09329956125,9.443136373645264e-07,2.39394652079495e-21,9.443136373645288e-07,True,True,True,0.0077273496838169,23.022747850976884,/lustre/fswork/projects/rech/fdb/usv13rn/These_PINN_KH_RT/assets/pinn_supersonic/reviewer_runs/budget_matched_v64/candidates_seeded_00_32.csv,True,1.0
seeded,23,C10,1.35,0.055,3,PINN,0,0.19728044,0.09156128,0.03,0.008,COMPLETED,,0,0.03,0.008,0.20479997125,0.0932852383333333,3.23930779103624e-07,2.392816778104226e-21,3.239307791036264e-07,True,True,True,0.0077146213487634,23.11318621004466,/lustre/fswork/projects/rech/fdb/usv13rn/These_PINN_KH_RT/assets/pinn_supersonic/reviewer_runs/budget_matched_v64/candidates_seeded_00_32.csv,True,1.0
seeded,23,C10,1.35,0.055,4,PINN,0,0.19728044,0.09156128,0.03,0.015,COMPLETED,,0,0.03,0.015,0.20479997125,0.0932897956249999,4.965028067393529e-07,2.393251262969299e-21,4.965028067393553e-07,True,True,True,0.007715641028819,23.075491706025787,/lustre/fswork/projects/rech/fdb/usv13rn/These_PINN_KH_RT/assets/pinn_supersonic/reviewer_runs/budget_matched_v64/candidates_seeded_00_32.csv,True,1.0
seeded,23,C10,1.35,0.055,5,PINN,0,0.19728044,0.09156128,0.03,0.03,COMPLETED,,0,0.03,0.03,0.20479997125,0.09329956125,9.514615029418098e-07,2.3938596080447174e-21,9.514615029418122e-07,True,True,True,0.0077178346654893,23.057321373024024,/lustre/fswork/projects/rech/fdb/usv13rn/These_PINN_KH_RT/assets/pinn_supersonic/reviewer_runs/budget_matched_v64/candidates_seeded_00_32.csv,True,1.0
seeded,23,C10,1.35,0.055,6,PINN,0,0.19728044,0.09156128,0.06,0.008,COMPLETED,,0,0.06,0.008,0.2048195025,0.0932852383333333,7.499367365601461e-07,2.3937726968722065e-21,7.499367365601486e-07,True,True,True,0.0077336599171398,23.086239358060997,/lustre/fswork/projects/rech/fdb/usv13rn/These_PINN_KH_RT/assets/pinn_supersonic/reviewer_runs/budget_matched_v64/candidates_seeded_00_32.csv,True,1.0
seeded,23,C10,1.35,0.055,7,PINN,0,0.19728044,0.09156128,0.06,0.015,COMPLETED,,0,0.06,0.015,0.2048195025,0.0932897956249999,8.390464125120275e-07,2.3936857872774174e-21,8.3904641251203e-07,True,True,True,0.0077346770872982,23.086540710064583,/lustre/fswork/projects/rech/fdb/usv13rn/These_PINN_KH_RT/assets/pinn_supersonic/reviewer_runs/budget_matched_v64/candidates_seeded_00_32.csv,True,1.0
seeded,23,C10,1.35,0.055,8,PINN,0,0.19728044,0.09156128,0.06,0.03,COMPLETED,,0,0.06,0.03,0.2048195025,0.09329956125,1.167394949787871e-06,2.3937726968722065e-21,1.1673949497878732e-06,True,True,True,0.0077368653266686,23.073382496950217,/lustre/fswork/projects/rech/fdb/usv13rn/These_PINN_KH_RT/assets/pinn_supersonic/reviewer_runs/budget_matched_v64/candidates_seeded_00_32.csv,True,1.0
seeded,23,C10,1.35,0.055,9,PINN,0,0.19728044,0.09156128,0.1,0.008,COMPLETED,,0,0.1,0.008,0.2047674191666666,0.0932852383333333,1.910404378338059e-06,2.392903671921797e-21,1.9104043783380614e-06,True,True,True,0.007682895897848,23.08783537300769,/lustre/fswork/projects/rech/fdb/usv13rn/These_PINN_KH_RT/assets/pinn_supersonic/reviewer_runs/budget_matched_v64/candidates_seeded_00_32.csv,True,1.0
seeded,23,C10,1.35,0.055,10,PINN,0,0.19728044,0.09156128,0.1,0.015,COMPLETED,,0,0.1,0.015,0.2047674191666666,0.0932897956249999,1.947101515739768e-06,2.393251262969299e-21,1.9471015157397703e-06,True,True,True,0.0076839197879708,23.10642003000248,/lustre/fswork/projects/rech/fdb/usv13rn/These_PINN_KH_RT/assets/pinn_supersonic/reviewer_runs/budget_matched_v64/candidates_seeded_00_32.csv,True,1.0
seeded,23,C10,1.35,0.055,11,PINN,0,0.19728044,0.09156128,0.1,0.03,COMPLETED,,0,0.1,0.03,0.2047674191666666,0.09329956125,2.1094717197775588e-06,2.3930774642901044e-21,2.1094717197775613e-06,True,True,True,0.00768612247796,23.085828951909207,/lustre/fswork/projects/rech/fdb/usv13rn/These_PINN_KH_RT/assets/pinn_supersonic/reviewer_runs/budget_matched_v64/candidates_seeded_00_32.csv,True,1.0
seeded,24,C10,1.35,0.09,0,PINN,0,0.2564376,0.08527956,0.015,0.008,COMPLETED,,0,0.015,0.008,0.2484590843749999,0.0834722683333333,5.936164955093157e-07,5.348638625485038e-21,5.93616495509321e-07,True,True,True,0.0081806487974226,24.939187758020125,/lustre/fswork/projects/rech/fdb/usv13rn/These_PINN_KH_RT/assets/pinn_supersonic/reviewer_runs/budget_matched_v64/candidates_seeded_00_32.csv,True,1.0
seeded,24,C10,1.35,0.09,1,PINN,0,0.2564376,0.08527956,0.015,0.015,COMPLETED,,0,0.015,0.015,0.2484590843749999,0.083472919375,6.618354667870482e-07,5.347859177268138e-21,6.618354667870536e-07,True,True,True,0.0081805049921303,24.950704880058765,/lustre/fswork/projects/rech/fdb/usv13rn/These_PINN_KH_RT/assets/pinn_supersonic/reviewer_runs/budget_matched_v64/candidates_seeded_00_32.csv,True,1.0
seeded,24,C10,1.35,0.09,2,PINN,0,0.2564376,0.08527956,0.015,0.03,COMPLETED,,0,0.015,0.03,0.2484590843749999,0.08346315375,4.829013634793204e-07,5.348638625485038e-21,4.829013634793258e-07,True,True,True,0.0081826672450618,24.977565456996672,/lustre/fswork/projects/rech/fdb/usv13rn/These_PINN_KH_RT/assets/pinn_supersonic/reviewer_runs/budget_matched_v64/candidates_seeded_00_32.csv,True,1.0
seeded,24,C10,1.35,0.09,3,PINN,0,0.2564376,0.08527956,0.03,0.008,COMPLETED,,0,0.03,0.008,0.2484493187499999,0.0834722683333333,1.0459036763691177e-06,5.3483788031018505e-21,1.045903676369123e-06,True,True,True,0.0081901734107102,24.928888162015937,/lustre/fswork/projects/rech/fdb/usv13rn/These_PINN_KH_RT/assets/pinn_supersonic/reviewer_runs/budget_matched_v64/candidates_seeded_00_32.csv,True,1.0
seeded,24,C10,1.35,0.09,4,PINN,0,0.2564376,0.08527956,0.03,0.015,COMPLETED,,0,0.03,0.015,0.2484493187499999,0.083472919375,1.0860742845757816e-06,5.3479890813599826e-21,1.086074284575787e-06,True,True,True,0.0081900297726566,24.93613802990876,/lustre/fswork/projects/rech/fdb/usv13rn/These_PINN_KH_RT/assets/pinn_supersonic/reviewer_runs/budget_matched_v64/candidates_seeded_00_32.csv,True,1.0
seeded,24,C10,1.35,0.09,5,PINN,0,0.2564376,0.08527956,0.03,0.03,COMPLETED,,0,0.03,0.03,0.2484493187499999,0.08346315375,9.872944664575895e-07,5.347079785849223e-21,9.872944664575948e-07,True,True,True,0.0081921895116104,24.96165954694152,/lustre/fswork/projects/rech/fdb/usv13rn/These_PINN_KH_RT/assets/pinn_supersonic/reviewer_runs/budget_matched_v64/candidates_seeded_00_32.csv,True,1.0
seeded,24,C10,1.35,0.09,6,PINN,0,0.2564376,0.08527956,0.06,0.008,COMPLETED,,0,0.06,0.008,0.2484297874999999,0.0834722683333333,3.085213470901924e-06,5.3479890813599826e-21,3.085213470901929e-06,True,True,True,0.0082092243362914,24.9823597749928,/lustre/fswork/projects/rech/fdb/usv13rn/These_PINN_KH_RT/assets/pinn_supersonic/reviewer_runs/budget_matched_v64/candidates_seeded_00_32.csv,True,1.0
seeded,24,C10,1.35,0.09,7,PINN,0,0.2564376,0.08527956,0.06,0.015,COMPLETED,,0,0.06,0.015,0.2484297874999999,0.083472919375,3.099058805282523e-06,5.3474694744589316e-21,3.0990588052825283e-06,True,True,True,0.0082090810315806,24.94907706906088,/lustre/fswork/projects/rech/fdb/usv13rn/These_PINN_KH_RT/assets/pinn_supersonic/reviewer_runs/budget_matched_v64/candidates_seeded_00_32.csv,True,1.0
seeded,24,C10,1.35,0.09,8,PINN,0,0.2564376,0.08527956,0.06,0.03,COMPLETED,,0,0.06,0.03,0.2484297874999999,0.08346315375,3.065879756802706e-06,5.34694989280143e-21,3.0658797568027115e-06,True,True,True,0.0082112357596281,24.983909965027124,/lustre/fswork/projects/rech/fdb/usv13rn/These_PINN_KH_RT/assets/pinn_supersonic/reviewer_runs/budget_matched_v64/candidates_seeded_00_32.csv,True,1.0
seeded,24,C10,1.35,0.09,9,PINN,0,0.2564376,0.08527956,0.1,0.008,COMPLETED,,0,0.1,0.008,0.2484297874999999,0.0834722683333333,3.085213470901924e-06,5.3479890813599826e-21,3.085213470901929e-06,True,True,True,0.0082092243362914,24.95412438607309,/lustre/fswork/projects/rech/fdb/usv13rn/These_PINN_KH_RT/assets/pinn_supersonic/reviewer_runs/budget_matched_v64/candidates_seeded_00_32.csv,True,1.0
seeded,24,C10,1.35,0.09,10,PINN,0,0.2564376,0.08527956,0.1,0.015,COMPLETED,,0,0.1,0.015,0.2484297874999999,0.083472919375,3.099058805282523e-06,5.3474694744589316e-21,3.0990588052825283e-06,True,True,True,0.0082090810315806,24.96408807195257,/lustre/fswork/projects/rech/fdb/usv13rn/These_PINN_KH_RT/assets/pinn_supersonic/reviewer_runs/budget_matched_v64/candidates_seeded_00_32.csv,True,1.0
seeded,24,C10,1.35,0.09,11,PINN,0,0.2564376,0.08527956,0.1,0.03,COMPLETED,,0,0.1,0.03,0.2484297874999999,0.08346315375,3.065879756802706e-06,5.34694989280143e-21,3.0658797568027115e-06,True,True,True,0.0082112357596281,24.983885030960664,/lustre/fswork/projects/rech/fdb/usv13rn/These_PINN_KH_RT/assets/pinn_supersonic/reviewer_runs/budget_matched_v64/candidates_seeded_00_32.csv,True,1.0
seeded,25,C10,1.4,0.075,0,PINN,0,0.24605283,0.07539043,0.015,0.008,COMPLETED,,0,0.015,0.008,0.260828220625,0.0768018883333333,5.677814458060158e-07,3.9471299860538455e-21,5.677814458060197e-07,True,True,True,0.0148426541679066,24.77193603501655,/lustre/fswork/projects/rech/fdb/usv13rn/These_PINN_KH_RT/assets/pinn_supersonic/reviewer_runs/budget_matched_v64/candidates_seeded_00_32.csv,True,1.0
seeded,25,C10,1.4,0.075,1,PINN,0,0.24605283,0.07539043,0.015,0.015,COMPLETED,,0,0.015,0.015,0.260828220625,0.0768064456249999,8.792945410525616e-07,3.94724158857269e-21,8.792945410525655e-07,True,True,True,0.0148430882356598,24.74881268292665,/lustre/fswork/projects/rech/fdb/usv13rn/These_PINN_KH_RT/assets/pinn_supersonic/reviewer_runs/budget_matched_v64/candidates_seeded_00_32.csv,True,1.0
seeded,25,C10,1.4,0.075,2,PINN,0,0.24605283,0.07539043,0.015,0.03,COMPLETED,,0,0.015,0.03,0.260828220625,0.0768162112499999,1.6678531927313306e-06,3.947799624832739e-21,1.6678531927313346e-06,True,True,True,0.0148440230495034,24.70451057702303,/lustre/fswork/projects/rech/fdb/usv13rn/These_PINN_KH_RT/assets/pinn_supersonic/reviewer_runs/budget_matched_v64/candidates_seeded_00_32.csv,True,1.0
seeded,25,C10,1.4,0.075,3,PINN,0,0.24605283,0.07539043,0.03,0.008,COMPLETED,,0,0.03,0.008,0.26083798625,0.0768018883333333,5.621560655238727e-07,3.948357700535833e-21,5.621560655238766e-07,True,True,True,0.0148523755663412,24.740060946904123,/lustre/fswork/projects/rech/fdb/usv13rn/These_PINN_KH_RT/assets/pinn_supersonic/reviewer_runs/budget_matched_v64/candidates_seeded_00_32.csv,True,1.0
seeded,25,C10,1.4,0.075,4,PINN,0,0.24605283,0.07539043,0.03,0.015,COMPLETED,,0,0.03,0.015,0.26083798625,0.0768064456249999,8.75680138617332e-07,3.947576405595554e-21,8.756801386173359e-07,True,True,True,0.0148528093499903,24.72678197303321,/lustre/fswork/projects/rech/fdb/usv13rn/These_PINN_KH_RT/assets/pinn_supersonic/reviewer_runs/budget_matched_v64/candidates_seeded_00_32.csv,True,1.0
seeded,25,C10,1.4,0.075,5,PINN,0,0.24605283,0.07539043,0.03,0.03,COMPLETED,,0,0.03,0.03,0.26083798625,0.0768162112499999,1.6659680234348413e-06,3.948580941861123e-21,1.6659680234348453e-06,True,True,True,0.0148537435520398,24.715386037016287,/lustre/fswork/projects/rech/fdb/usv13rn/These_PINN_KH_RT/assets/pinn_supersonic/reviewer_runs/budget_matched_v64/candidates_seeded_00_32.csv,True,1.0
seeded,25,C10,1.4,0.075,6,PINN,0,0.24605283,0.07539043,0.06,0.008,COMPLETED,,0,0.06,0.008,0.2608575175,0.0768018883333333,2.1375771400076785e-06,3.948469320409617e-21,2.1375771400076823e-06,True,True,True,0.014871818537065,24.7375170760788,/lustre/fswork/projects/rech/fdb/usv13rn/These_PINN_KH_RT/assets/pinn_supersonic/reviewer_runs/budget_matched_v64/candidates_seeded_00_32.csv,True,1.0
seeded,25,C10,1.4,0.075,7,PINN,0,0.24605283,0.07539043,0.06,0.015,COMPLETED,,0,0.06,0.015,0.2608575175,0.0768064456249999,2.2405365314498546e-06,3.948692564890351e-21,2.2405365314498584e-06,True,True,True,0.0148722517536148,24.750998307950795,/lustre/fswork/projects/rech/fdb/usv13rn/These_PINN_KH_RT/assets/pinn_supersonic/reviewer_runs/budget_matched_v64/candidates_seeded_00_32.csv,True,1.0
seeded,25,C10,1.4,0.075,8,PINN,0,0.24605283,0.07539043,0.06,0.03,COMPLETED,,0,0.06,0.03,0.2608575175,0.0768162112499999,2.651157739535208e-06,3.948915815681972e-21,2.651157739535212e-06,True,True,True,0.0148731847344645,24.728494493989277,/lustre/fswork/projects/rech/fdb/usv13rn/These_PINN_KH_RT/assets/pinn_supersonic/reviewer_runs/budget_matched_v64/candidates_seeded_00_32.csv,True,1.0
seeded,25,C10,1.4,0.075,9,PINN,0,0.24605283,0.07539043,0.1,0.008,COMPLETED,,0,0.1,0.008,0.2608314758333333,0.0768018883333333,4.02829769007914e-07,3.947576405595554e-21,4.02829769007918e-07,True,True,True,0.0148458946276011,24.822263377951455,/lustre/fswork/projects/rech/fdb/usv13rn/These_PINN_KH_RT/assets/pinn_supersonic/reviewer_runs/budget_matched_v64/candidates_seeded_00_32.csv,True,1.0
seeded,25,C10,1.4,0.075,10,PINN,0,0.24605283,0.07539043,0.1,0.015,COMPLETED,,0,0.1,0.015,0.2608314758333333,0.0768064456249999,7.829823400519901e-07,3.94724158857269e-21,7.82982340051994e-07,True,True,True,0.0148463286006118,24.75106791302096,/lustre/fswork/projects/rech/fdb/usv13rn/These_PINN_KH_RT/assets/pinn_supersonic/reviewer_runs/budget_matched_v64/candidates_seeded_00_32.csv,True,1.0
seeded,25,C10,1.4,0.075,11,PINN,0,0.24605283,0.07539043,0.1,0.03,COMPLETED,,0,0.1,0.03,0.2608314758333333,0.0768162112499999,1.6191542591875935e-06,3.947464798343544e-21,1.6191542591875976e-06,True,True,True,0.0148472632104355,24.726114457007498,/lustre/fswork/projects/rech/fdb/usv13rn/These_PINN_KH_RT/assets/pinn_supersonic/reviewer_runs/budget_matched_v64/candidates_seeded_00_32.csv,True,1.0
seeded,26,C11,1.25,0.16,0,PINN,0,0.24575491,0.075478755,0.015,0.008,COMPLETED,,0,0.015,0.008,0.246428738125,0.07436938,1.8086286419520068e-06,1.6682863311225096e-21,1.8086286419520085e-06,True,True,True,0.0012979819847232,27.91148442600388,/lustre/fswork/projects/rech/fdb/usv13rn/These_PINN_KH_RT/assets/pinn_supersonic/reviewer_runs/budget_matched_v64/candidates_seeded_00_32.csv,True,1.0
seeded,26,C11,1.25,0.16,1,PINN,0,0.24575491,0.075478755,0.015,0.015,COMPLETED,,0,0.015,0.015,0.246428738125,0.074375239375,1.6522671963759997e-06,1.6677784869264164e-21,1.6522671963760014e-06,True,True,True,0.0012929776009893,27.900194762041792,/lustre/fswork/projects/rech/fdb/usv13rn/These_PINN_KH_RT/assets/pinn_supersonic/reviewer_runs/budget_matched_v64/candidates_seeded_00_32.csv,True,1.0
seeded,26,C11,1.25,0.16,2,PINN,0,0.24575491,0.075478755,0.015,0.03,COMPLETED,,0,0.015,0.03,0.246428738125,0.07436547375,2.4187755678240034e-06,1.6679598509789076e-21,2.418775567824005e-06,True,True,True,0.0013013222059284,27.90726030000951,/lustre/fswork/projects/rech/fdb/usv13rn/These_PINN_KH_RT/assets/pinn_supersonic/reviewer_runs/budget_matched_v64/candidates_seeded_00_32.csv,True,1.0
seeded,26,C11,1.25,0.16,3,PINN,0,0.24575491,0.075478755,0.03,0.008,COMPLETED,,0,0.03,0.008,0.2464385037499999,0.07436938,4.026371076639061e-06,1.6680686741435674e-21,4.0263710766390624e-06,True,True,True,0.0013030783958242,27.929299360024743,/lustre/fswork/projects/rech/fdb/usv13rn/These_PINN_KH_RT/assets/pinn_supersonic/reviewer_runs/budget_matched_v64/candidates_seeded_00_32.csv,True,1.0
seeded,26,C11,1.25,0.16,4,PINN,0,0.24575491,0.075478755,0.03,0.015,COMPLETED,,0,0.03,0.015,0.2464385037499999,0.074375239375,3.958570453892812e-06,1.667016865585468e-21,3.958570453892813e-06,True,True,True,0.0012980936598174,27.920477095991373,/lustre/fswork/projects/rech/fdb/usv13rn/These_PINN_KH_RT/assets/pinn_supersonic/reviewer_runs/budget_matched_v64/candidates_seeded_00_32.csv,True,1.0
seeded,26,C11,1.25,0.16,5,PINN,0,0.24575491,0.075478755,0.03,0.03,COMPLETED,,0,0.03,0.03,0.2464385037499999,0.07436547375,4.3348691122260125e-06,1.6685765625158713e-21,4.334869112226014e-06,True,True,True,0.0013064055865773,27.93623191397637,/lustre/fswork/projects/rech/fdb/usv13rn/These_PINN_KH_RT/assets/pinn_supersonic/reviewer_runs/budget_matched_v64/candidates_seeded_00_32.csv,True,1.0
seeded,26,C11,1.25,0.16,6,PINN,0,0.24575491,0.075478755,0.06,0.008,COMPLETED,,0,0.06,0.008,0.2464189724999999,0.07436938,1.1928185199536407e-06,1.6682500539732765e-21,1.1928185199536424e-06,True,True,True,0.0012929392462645,27.904888508026488,/lustre/fswork/projects/rech/fdb/usv13rn/These_PINN_KH_RT/assets/pinn_supersonic/reviewer_runs/budget_matched_v64/candidates_seeded_00_32.csv,True,1.0
seeded,26,C11,1.25,0.16,7,PINN,0,0.24575491,0.075478755,0.06,0.015,COMPLETED,,0,0.06,0.015,0.2464189724999999,0.074375239375,9.389806468038096e-07,1.6685402822111945e-21,9.389806468038112e-07,True,True,True,0.0012879152683796,27.913936025928702,/lustre/fswork/projects/rech/fdb/usv13rn/These_PINN_KH_RT/assets/pinn_supersonic/reviewer_runs/budget_matched_v64/candidates_seeded_00_32.csv,True,1.0
seeded,26,C11,1.25,0.16,8,PINN,0,0.24575491,0.075478755,0.06,0.03,COMPLETED,,0,0.06,0.03,0.2464189724999999,0.07436547375,2.000551899271191e-06,1.6691933880432359e-21,2.0005518992711925e-06,True,True,True,0.0012962924614097,27.95375174190849,/lustre/fswork/projects/rech/fdb/usv13rn/These_PINN_KH_RT/assets/pinn_supersonic/reviewer_runs/budget_matched_v64/candidates_seeded_00_32.csv,True,1.0
seeded,26,C11,1.25,0.16,9,PINN,0,0.24575491,0.075478755,0.1,0.008,COMPLETED,,0,0.1,0.008,0.2464710558333334,0.07436938,1.180864935646834e-05,1.6667992914369209e-21,1.1808649356468342e-05,True,True,True,0.0013204460402552,27.88980706897564,/lustre/fswork/projects/rech/fdb/usv13rn/These_PINN_KH_RT/assets/pinn_supersonic/reviewer_runs/budget_matched_v64/candidates_seeded_00_32.csv,True,1.0
seeded,26,C11,1.25,0.16,10,PINN,0,0.24575491,0.075478755,0.1,0.015,COMPLETED,,0,0.1,0.015,0.2464710558333334,0.074375239375,1.1785605333633538e-05,1.6664004423771648e-21,1.178560533363354e-05,True,True,True,0.0013155271145893,27.89135074999649,/lustre/fswork/projects/rech/fdb/usv13rn/These_PINN_KH_RT/assets/pinn_supersonic/reviewer_runs/budget_matched_v64/candidates_seeded_00_32.csv,True,1.0
seeded,26,C11,1.25,0.16,11,PINN,0,0.24575491,0.075478755,0.1,0.03,COMPLETED,,0,0.1,0.03,0.2464710558333334,0.07436547375,1.191742214728938e-05,1.6674157884037184e-21,1.1917422147289382e-05,True,True,True,0.0013237295782003,27.95266965299379,/lustre/fswork/projects/rech/fdb/usv13rn/These_PINN_KH_RT/assets/pinn_supersonic/reviewer_runs/budget_matched_v64/candidates_seeded_00_32.csv,True,1.0
seeded,27,C11,1.25,0.17,0,PINN,0,0.2514455,0.07117982,0.015,0.008,COMPLETED,,0,0.015,0.008,0.252412296875,0.069632945,3.113268859720148e-07,9.47206156044749e-22,3.1132688597201573e-07,True,True,True,0.0018241486954562,28.39790283702314,/lustre/fswork/projects/rech/fdb/usv13rn/These_PINN_KH_RT/assets/pinn_supersonic/reviewer_runs/budget_matched_v64/candidates_seeded_00_32.csv,True,1.0
seeded,27,C11,1.25,0.17,1,PINN,0,0.2514455,0.07117982,0.015,0.015,COMPLETED,,0,0.015,0.015,0.252412296875,0.0696270856249999,1.6644220225465598e-06,9.475068672580213e-22,1.6644220225465609e-06,True,True,True,0.001829120071733,28.40841576701496,/lustre/fswork/projects/rech/fdb/usv13rn/These_PINN_KH_RT/assets/pinn_supersonic/reviewer_runs/budget_matched_v64/candidates_seeded_00_32.csv,True,1.0
seeded,27,C11,1.25,0.17,2,PINN,0,0.2514455,0.07117982,0.015,0.03,COMPLETED,,0,0.015,0.03,0.252412296875,0.0696368512499999,9.683468011179044e-07,9.464136007066936e-22,9.683468011179052e-07,True,True,True,0.0018208373790612,28.45077135390602,/lustre/fswork/projects/rech/fdb/usv13rn/These_PINN_KH_RT/assets/pinn_supersonic/reviewer_runs/budget_matched_v64/candidates_seeded_00_32.csv,True,1.0
seeded,27,C11,1.25,0.17,3,PINN,0,0.2514455,0.07117982,0.03,0.008,COMPLETED,,0,0.03,0.008,0.25240253125,0.069632945,2.8568594520851336e-06,9.472334914556217e-22,2.8568594520851344e-06,True,True,True,0.0018189917754354,28.3773232169915,/lustre/fswork/projects/rech/fdb/usv13rn/These_PINN_KH_RT/assets/pinn_supersonic/reviewer_runs/budget_matched_v64/candidates_seeded_00_32.csv,True,1.0
seeded,27,C11,1.25,0.17,4,PINN,0,0.2514455,0.07117982,0.03,0.015,COMPLETED,,0,0.03,0.015,0.25240253125,0.0696270856249999,3.2916970356923136e-06,9.482178289377128e-22,3.2916970356923145e-06,True,True,True,0.0018239772073091,28.415600565029308,/lustre/fswork/projects/rech/fdb/usv13rn/These_PINN_KH_RT/assets/pinn_supersonic/reviewer_runs/budget_matched_v64/candidates_seeded_00_32.csv,True,1.0
seeded,27,C11,1.25,0.17,5,PINN,0,0.2514455,0.07117982,0.03,0.03,COMPLETED,,0,0.03,0.03,0.25240253125,0.0696368512499999,3.000391022226479e-06,9.469054925575617e-22,3.00039102222648e-06,True,True,True,0.0018156710541706,28.41646599699743,/lustre/fswork/projects/rech/fdb/usv13rn/These_PINN_KH_RT/assets/pinn_supersonic/reviewer_runs/budget_matched_v64/candidates_seeded_00_32.csv,True,1.0
seeded,27,C11,1.25,0.17,6,PINN,0,0.2514455,0.07117982,0.06,0.008,COMPLETED,,0,0.06,0.008,0.2524220625,0.069632945,2.2687675011664788e-06,9.46550224512945e-22,2.26876750116648e-06,True,True,True,0.0018293432105625,28.372540107928216,/lustre/fswork/projects/rech/fdb/usv13rn/These_PINN_KH_RT/assets/pinn_supersonic/reviewer_runs/budget_matched_v64/candidates_seeded_00_32.csv,True,1.0
seeded,27,C11,1.25,0.17,7,PINN,0,0.2514455,0.07117982,0.06,0.015,COMPLETED,,0,0.06,0.015,0.2524220625,0.0696270856249999,2.7965480682118897e-06,9.47342837043416e-22,2.7965480682118905e-06,True,True,True,0.0018343005085626,28.365703552030027,/lustre/fswork/projects/rech/fdb/usv13rn/These_PINN_KH_RT/assets/pinn_supersonic/reviewer_runs/budget_matched_v64/candidates_seeded_00_32.csv,True,1.0
seeded,27,C11,1.25,0.17,8,PINN,0,0.2514455,0.07117982,0.06,0.03,COMPLETED,,0,0.06,0.03,0.2524220625,0.0696368512499999,2.447035708216669e-06,9.461677027045597e-22,2.4470357082166697e-06,True,True,True,0.0018260413138488,28.400226440979168,/lustre/fswork/projects/rech/fdb/usv13rn/These_PINN_KH_RT/assets/pinn_supersonic/reviewer_runs/budget_matched_v64/candidates_seeded_00_32.csv,True,1.0
seeded,27,C11,1.25,0.17,9,PINN,0,0.2514455,0.07117982,0.1,0.008,COMPLETED,,0,0.1,0.008,0.2524220625,0.069632945,2.2687675011374408e-06,9.466868581799577e-22,2.2687675011374416e-06,True,True,True,0.0018293432105625,28.38984723109752,/lustre/fswork/projects/rech/fdb/usv13rn/These_PINN_KH_RT/assets/pinn_supersonic/reviewer_runs/budget_matched_v64/candidates_seeded_00_32.csv,True,1.0
seeded,27,C11,1.25,0.17,10,PINN,0,0.2514455,0.07117982,0.1,0.015,COMPLETED,,0,0.1,0.015,0.2524220625,0.0696270856249999,2.7965480682215475e-06,9.475342070076288e-22,2.7965480682215484e-06,True,True,True,0.0018343005085625,28.343882842105813,/lustre/fswork/projects/rech/fdb/usv13rn/These_PINN_KH_RT/assets/pinn_supersonic/reviewer_runs/budget_matched_v64/candidates_seeded_00_32.csv,True,1.0
seeded,27,C11,1.25,0.17,11,PINN,0,0.2514455,0.07117982,0.1,0.03,COMPLETED,,0,0.1,0.03,0.2524220625,0.0696368512499999,2.4470357081230247e-06,9.46440924679083e-22,2.4470357081230256e-06,True,True,True,0.0018260413138488,28.38635496108327,/lustre/fswork/projects/rech/fdb/usv13rn/These_PINN_KH_RT/assets/pinn_supersonic/reviewer_runs/budget_matched_v64/candidates_seeded_00_32.csv,True,1.0
seeded,28,C11,1.25,0.195,0,PINN,0,0.26916006,0.05756781,0.015,0.008,COMPLETED,,0,0.015,0.008,0.2657127943749999,0.0577501016666666,2.0714415935017118e-06,3.192416131283649e-23,2.0714415935017118e-06,True,True,True,0.0034520820588513,28.9756243879674,/lustre/fswork/projects/rech/fdb/usv13rn/These_PINN_KH_RT/assets/pinn_supersonic/reviewer_runs/budget_matched_v64/candidates_seeded_00_32.csv,True,1.0
seeded,28,C11,1.25,0.195,1,PINN,0,0.26916006,0.05756781,0.015,0.015,COMPLETED,,0,0.015,0.015,0.2657127943749999,0.0577533568749999,2.0947250998638712e-06,3.188402722542247e-23,2.0947250998638712e-06,True,True,True,0.0034522554847707,28.97095745697152,/lustre/fswork/projects/rech/fdb/usv13rn/These_PINN_KH_RT/assets/pinn_supersonic/reviewer_runs/budget_matched_v64/candidates_seeded_00_32.csv,True,1.0
seeded,28,C11,1.25,0.195,2,PINN,0,0.26916006,0.05756781,0.015,0.03,COMPLETED,,0,0.015,0.03,0.2657127943749999,0.05774359125,3.222623816491361e-06,3.218564819253372e-23,3.222623816491361e-06,True,True,True,0.0034517443904725,28.929830814013258,/lustre/fswork/projects/rech/fdb/usv13rn/These_PINN_KH_RT/assets/pinn_supersonic/reviewer_runs/budget_matched_v64/candidates_seeded_00_32.csv,True,1.0
seeded,28,C11,1.25,0.195,3,PINN,0,0.26916006,0.05756781,0.03,0.008,COMPLETED,,0,0.03,0.008,0.2657030287499999,0.0577501016666666,1.1504979563404332e-06,3.217053342037446e-23,1.1504979563404332e-06,True,True,True,0.0034618340970088,28.99748587503564,/lustre/fswork/projects/rech/fdb/usv13rn/These_PINN_KH_RT/assets/pinn_supersonic/reviewer_runs/budget_matched_v64/candidates_seeded_00_32.csv,True,1.0
seeded,28,C11,1.25,0.195,4,PINN,0,0.26916006,0.05756781,0.03,0.015,COMPLETED,,0,0.03,0.015,0.2657030287499999,0.0577533568749999,1.1919228435355122e-06,3.212521040314112e-23,1.1919228435355122e-06,True,True,True,0.0034620070344092,28.97795423702337,/lustre/fswork/projects/rech/fdb/usv13rn/These_PINN_KH_RT/assets/pinn_supersonic/reviewer_runs/budget_matched_v64/candidates_seeded_00_32.csv,True,1.0
seeded,28,C11,1.25,0.195,5,PINN,0,0.26916006,0.05756781,0.03,0.03,COMPLETED,,0,0.03,0.03,0.2657030287499999,0.05774359125,2.723658669729987e-06,3.2130244716223014e-23,2.723658669729987e-06,True,True,True,0.0034614973799395,28.998450294020586,/lustre/fswork/projects/rech/fdb/usv13rn/These_PINN_KH_RT/assets/pinn_supersonic/reviewer_runs/budget_matched_v64/candidates_seeded_00_32.csv,True,1.0
seeded,28,C11,1.25,0.195,6,PINN,0,0.26916006,0.05756781,0.06,0.008,COMPLETED,,0,0.06,0.008,0.2656834974999999,0.0577501016666666,7.210508224308222e-06,3.227641137284483e-23,7.210508224308222e-06,True,True,True,0.0034813384018424,29.00380528799724,/lustre/fswork/projects/rech/fdb/usv13rn/These_PINN_KH_RT/assets/pinn_supersonic/reviewer_runs/budget_matched_v64/candidates_seeded_00_32.csv,True,1.0
seeded,28,C11,1.25,0.195,7,PINN,0,0.26916006,0.05756781,0.06,0.015,COMPLETED,,0,0.06,0.015,0.2656834974999999,0.0577533568749999,7.217202557253241e-06,3.2326890582169924e-23,7.217202557253241e-06,True,True,True,0.0034815103704037,29.05742420395836,/lustre/fswork/projects/rech/fdb/usv13rn/These_PINN_KH_RT/assets/pinn_supersonic/reviewer_runs/budget_matched_v64/candidates_seeded_00_32.csv,True,1.0
seeded,28,C11,1.25,0.195,8,PINN,0,0.26916006,0.05756781,0.06,0.03,COMPLETED,,0,0.06,0.03,0.2656834974999999,0.05774359125,7.621522248044004e-06,3.251400661395131e-23,7.621522248044004e-06,True,True,True,0.0034810035714227,28.983868255047128,/lustre/fswork/projects/rech/fdb/usv13rn/These_PINN_KH_RT/assets/pinn_supersonic/reviewer_runs/budget_matched_v64/candidates_seeded_00_32.csv,True,1.0
seeded,28,C11,1.25,0.195,9,PINN,0,0.26916006,0.05756781,0.1,0.008,COMPLETED,,0,0.1,0.008,0.2657095391666666,0.0577501016666666,1.0980360308499552e-06,3.212017648448968e-23,1.0980360308499552e-06,True,True,True,0.0034553327297097,28.9106941370992,/lustre/fswork/projects/rech/fdb/usv13rn/These_PINN_KH_RT/assets/pinn_supersonic/reviewer_runs/budget_matched_v64/candidates_seeded_00_32.csv,True,1.0
seeded,28,C11,1.25,0.195,10,PINN,0,0.26916006,0.05756781,0.1,0.015,COMPLETED,,0,0.1,0.015,0.2657095391666666,0.0577533568749999,1.1413656851441228e-06,3.1858956239778413e-23,1.1413656851441228e-06,True,True,True,0.0034555059924835,28.870533991022967,/lustre/fswork/projects/rech/fdb/usv13rn/These_PINN_KH_RT/assets/pinn_supersonic/reviewer_runs/budget_matched_v64/candidates_seeded_00_32.csv,True,1.0
seeded,28,C11,1.25,0.195,11,PINN,0,0.26916006,0.05756781,0.1,0.03,COMPLETED,,0,0.1,0.03,0.2657095391666666,0.05774359125,2.7018804714932094e-06,3.2054771435192125e-23,2.7018804714932094e-06,True,True,True,0.00345499537903,28.801702925004065,/lustre/fswork/projects/rech/fdb/usv13rn/These_PINN_KH_RT/assets/pinn_supersonic/reviewer_runs/budget_matched_v64/candidates_seeded_00_32.csv,True,1.0
seeded,29,C11,1.35,0.155,0,PINN,0,0.2958821,0.05954785,0.015,0.008,COMPLETED,,0,0.015,0.008,0.2967512406249999,0.0596363916666666,1.1006718584497352e-06,4.12138067012265e-21,1.1006718584497392e-06,True,True,True,0.0008736389716361,27.922611246001907,/lustre/fswork/projects/rech/fdb/usv13rn/These_PINN_KH_RT/assets/pinn_supersonic/reviewer_runs/budget_matched_v64/candidates_seeded_00_32.csv,True,1.0
seeded,29,C11,1.35,0.155,1,PINN,0,0.2958821,0.05954785,0.015,0.015,COMPLETED,,0,0.015,0.015,0.2967512406249999,0.059635740625,1.0212901181682383e-06,4.12138067012265e-21,1.0212901181682426e-06,True,True,True,0.0008735732298944,27.989215620909818,/lustre/fswork/projects/rech/fdb/usv13rn/These_PINN_KH_RT/assets/pinn_supersonic/reviewer_runs/budget_matched_v64/candidates_seeded_00_32.csv,True,1.0
seeded,29,C11,1.35,0.155,2,PINN,0,0.2958821,0.05954785,0.015,0.03,COMPLETED,,0,0.015,0.03,0.2967512406249999,0.0596455062499999,2.982449476130908e-06,4.118929206565231e-21,2.982449476130912e-06,True,True,True,0.000874609723928,28.113915510941297,/lustre/fswork/projects/rech/fdb/usv13rn/These_PINN_KH_RT/assets/pinn_supersonic/reviewer_runs/budget_matched_v64/candidates_seeded_00_32.csv,True,1.0
seeded,29,C11,1.35,0.155,3,PINN,0,0.2958821,0.05954785,0.03,0.008,COMPLETED,,0,0.03,0.008,0.2967610062499999,0.0596363916666666,1.592380929033543e-06,4.119955311865671e-21,1.5923809290335471e-06,True,True,True,0.0008833548681165,28.070989964995533,/lustre/fswork/projects/rech/fdb/usv13rn/These_PINN_KH_RT/assets/pinn_supersonic/reviewer_runs/budget_matched_v64/candidates_seeded_00_32.csv,True,1.0
seeded,29,C11,1.35,0.155,4,PINN,0,0.2958821,0.05954785,0.03,0.015,COMPLETED,,0,0.03,0.015,0.2967610062499999,0.059635740625,1.5385845799746427e-06,4.120582439127597e-21,1.5385845799746468e-06,True,True,True,0.0008832898495125,28.044847417040728,/lustre/fswork/projects/rech/fdb/usv13rn/These_PINN_KH_RT/assets/pinn_supersonic/reviewer_runs/budget_matched_v64/candidates_seeded_00_32.csv,True,1.0
seeded,29,C11,1.35,0.155,5,PINN,0,0.2958821,0.05954785,0.03,0.03,COMPLETED,,0,0.03,0.03,0.2967610062499999,0.0596455062499999,3.196693342801703e-06,4.118530200127725e-21,3.196693342801708e-06,True,True,True,0.0008843149548962,28.03300738101825,/lustre/fswork/projects/rech/fdb/usv13rn/These_PINN_KH_RT/assets/pinn_supersonic/reviewer_runs/budget_matched_v64/candidates_seeded_00_32.csv,True,1.0
seeded,29,C11,1.35,0.155,6,PINN,0,0.2958821,0.05954785,0.06,0.008,COMPLETED,,0,0.06,0.008,0.2967805374999999,0.0596363916666666,6.2782090103847645e-06,4.1181312130173104e-21,6.278209010384769e-06,True,True,True,0.0009027898803942,28.109158079023477,/lustre/fswork/projects/rech/fdb/usv13rn/These_PINN_KH_RT/assets/pinn_supersonic/reviewer_runs/budget_matched_v64/candidates_seeded_00_32.csv,True,1.0
seeded,29,C11,1.35,0.155,7,PINN,0,0.2958821,0.05954785,0.06,0.015,COMPLETED,,0,0.06,0.015,0.2967805374999999,0.059635740625,6.2647902577902015e-06,4.118758201439717e-21,6.264790257790206e-06,True,True,True,0.0009027262615926,28.10835868201684,/lustre/fswork/projects/rech/fdb/usv13rn/These_PINN_KH_RT/assets/pinn_supersonic/reviewer_runs/budget_matched_v64/candidates_seeded_00_32.csv,True,1.0
seeded,29,C11,1.35,0.155,8,PINN,0,0.2958821,0.05954785,0.06,0.03,COMPLETED,,0,0.06,0.03,0.2967805374999999,0.0596455062499999,6.862721087937018e-06,4.117219315054424e-21,6.862721087937022e-06,True,True,True,0.0009037293204108,28.0716943689622,/lustre/fswork/projects/rech/fdb/usv13rn/These_PINN_KH_RT/assets/pinn_supersonic/reviewer_runs/budget_matched_v64/candidates_seeded_00_32.csv,True,1.0
seeded,29,C11,1.35,0.155,9,PINN,0,0.2958821,0.05954785,0.1,0.008,COMPLETED,,0,0.1,0.008,0.2967284541666667,0.0596363916666666,6.519625545502881e-06,4.122407080712261e-21,6.519625545502885e-06,True,True,True,0.0008509729738189,28.178060870966878,/lustre/fswork/projects/rech/fdb/usv13rn/These_PINN_KH_RT/assets/pinn_supersonic/reviewer_runs/budget_matched_v64/candidates_seeded_00_32.csv,True,1.0
seeded,29,C11,1.35,0.155,10,PINN,0,0.2958821,0.05954785,0.1,0.015,COMPLETED,,0,0.1,0.015,0.2967284541666667,0.059635740625,6.506702704083466e-06,4.122236003405974e-21,6.50670270408347e-06,True,True,True,0.0008509054808831,28.206377830007117,/lustre/fswork/projects/rech/fdb/usv13rn/These_PINN_KH_RT/assets/pinn_supersonic/reviewer_runs/budget_matched_v64/candidates_seeded_00_32.csv,True,1.0
seeded,29,C11,1.35,0.155,11,PINN,0,0.2958821,0.05954785,0.1,0.03,COMPLETED,,0,0.1,0.03,0.2967284541666667,0.0596455062499999,7.084350242116681e-06,4.121323651059206e-21,7.084350242116686e-06,True,True,True,0.0008519695526239,28.24800649494864,/lustre/fswork/projects/rech/fdb/usv13rn/These_PINN_KH_RT/assets/pinn_supersonic/reviewer_runs/budget_matched_v64/candidates_seeded_00_32.csv,True,1.0
seeded,30,C11,1.4,0.19,0,PINN,0,0.33646756,0.038047705,0.015,0.008,COMPLETED,,0,0.015,0.008,0.337219513125,0.0392820799999999,1.630619664701126e-06,2.3315203925023808e-21,1.6306196647011282e-06,True,True,True,0.0014453771628271,31.35075392399449,/lustre/fswork/projects/rech/fdb/usv13rn/These_PINN_KH_RT/assets/pinn_supersonic/reviewer_runs/budget_matched_v64/candidates_seeded_00_32.csv,True,1.0
seeded,30,C11,1.4,0.19,1,PINN,0,0.33646756,0.038047705,0.015,0.015,COMPLETED,,0,0.015,0.015,0.337219513125,0.039287939375,2.844996755621462e-06,2.330576986646079e-21,2.8449967556214647e-06,True,True,True,0.0014503843653076,31.13336856791284,/lustre/fswork/projects/rech/fdb/usv13rn/These_PINN_KH_RT/assets/pinn_supersonic/reviewer_runs/budget_matched_v64/candidates_seeded_00_32.csv,True,1.0
seeded,30,C11,1.4,0.19,2,PINN,0,0.33646756,0.038047705,0.015,0.03,COMPLETED,,0,0.015,0.03,0.337219513125,0.03927817375,1.7395312489229452e-06,2.332721366966264e-21,1.7395312489229475e-06,True,True,True,0.0014420425953916,31.4308540369384,/lustre/fswork/projects/rech/fdb/usv13rn/These_PINN_KH_RT/assets/pinn_supersonic/reviewer_runs/budget_matched_v64/candidates_seeded_00_32.csv,True,1.0
seeded,30,C11,1.4,0.19,3,PINN,0,0.33646756,0.038047705,0.03,0.008,COMPLETED,,0,0.03,0.008,0.33722927875,0.0392820799999999,4.73975784684464e-06,2.330491231943655e-21,4.739757846844642e-06,True,True,True,0.0014504816767979,31.330873826052997,/lustre/fswork/projects/rech/fdb/usv13rn/These_PINN_KH_RT/assets/pinn_supersonic/reviewer_runs/budget_matched_v64/candidates_seeded_00_32.csv,True,1.0
seeded,30,C11,1.4,0.19,4,PINN,0,0.33646756,0.038047705,0.03,0.015,COMPLETED,,0,0.03,0.015,0.33722927875,0.039287939375,5.28200085095734e-06,2.3291193712750398e-21,5.282000850957343e-06,True,True,True,0.0014554713185196,31.166449715965427,/lustre/fswork/projects/rech/fdb/usv13rn/These_PINN_KH_RT/assets/pinn_supersonic/reviewer_runs/budget_matched_v64/candidates_seeded_00_32.csv,True,1.0
seeded,30,C11,1.4,0.19,5,PINN,0,0.33646756,0.038047705,0.03,0.03,COMPLETED,,0,0.03,0.03,0.33722927875,0.03927817375,4.77835184503404e-06,2.330576986646079e-21,4.778351845034043e-06,True,True,True,0.0014471588713158,31.228933896054517,/lustre/fswork/projects/rech/fdb/usv13rn/These_PINN_KH_RT/assets/pinn_supersonic/reviewer_runs/budget_matched_v64/candidates_seeded_00_32.csv,True,1.0
seeded,30,C11,1.4,0.19,6,PINN,0,0.33646756,0.038047705,0.06,0.008,COMPLETED,,0,0.06,0.008,0.3372097475,0.0392820799999999,1.6744460083641357e-06,2.333836834430047e-21,1.6744460083641378e-06,True,True,True,0.0014403207718356,31.2920213569887,/lustre/fswork/projects/rech/fdb/usv13rn/These_PINN_KH_RT/assets/pinn_supersonic/reviewer_runs/budget_matched_v64/candidates_seeded_00_32.csv,True,1.0
seeded,30,C11,1.4,0.19,7,PINN,0,0.33646756,0.038047705,0.06,0.015,COMPLETED,,0,0.06,0.015,0.3372097475,0.039287939375,2.870406066084316e-06,2.3320350579787215e-21,2.870406066084318e-06,True,True,True,0.0014453454915998,31.212619537021965,/lustre/fswork/projects/rech/fdb/usv13rn/These_PINN_KH_RT/assets/pinn_supersonic/reviewer_runs/budget_matched_v64/candidates_seeded_00_32.csv,True,1.0
seeded,30,C11,1.4,0.19,8,PINN,0,0.33646756,0.038047705,0.06,0.03,COMPLETED,,0,0.06,0.03,0.3372097475,0.03927817375,1.7806869016524517e-06,2.333836834430047e-21,1.7806869016524538e-06,True,True,True,0.0014369744708528,31.20679252606351,/lustre/fswork/projects/rech/fdb/usv13rn/These_PINN_KH_RT/assets/pinn_supersonic/reviewer_runs/budget_matched_v64/candidates_seeded_00_32.csv,True,1.0
seeded,30,C11,1.4,0.19,9,PINN,0,0.33646756,0.038047705,0.1,0.008,COMPLETED,,0,0.1,0.008,0.3371837058333333,0.03928208,1.0037984875344995e-05,2.336583736454448e-21,1.0037984875345e-05,True,True,True,0.0014270762051221,31.242653164896183,/lustre/fswork/projects/rech/fdb/usv13rn/These_PINN_KH_RT/assets/pinn_supersonic/reviewer_runs/budget_matched_v64/candidates_seeded_00_32.csv,True,1.0
seeded,30,C11,1.4,0.19,10,PINN,0,0.33646756,0.038047705,0.1,0.015,COMPLETED,,0,0.1,0.015,0.3371837058333333,0.039287939375,1.0305107663347823e-05,2.3354676126583915e-21,1.0305107663347828e-05,True,True,True,0.0014321473944857,31.190935002989136,/lustre/fswork/projects/rech/fdb/usv13rn/These_PINN_KH_RT/assets/pinn_supersonic/reviewer_runs/budget_matched_v64/candidates_seeded_00_32.csv,True,1.0
seeded,30,C11,1.4,0.19,11,PINN,0,0.33646756,0.038047705,0.1,0.03,COMPLETED,,0,0.1,0.03,0.3371837058333333,0.03927817375,1.0056334532806716e-05,2.3366696031751204e-21,1.0056334532806718e-05,True,True,True,0.0014236987740836,31.1379492910346,/lustre/fswork/projects/rech/fdb/usv13rn/These_PINN_KH_RT/assets/pinn_supersonic/reviewer_runs/budget_matched_v64/candidates_seeded_00_32.csv,True,1.0
seeded,31,C12,1.25,0.235,0,PINN,0,0.28292152,0.041625187,0.015,0.008,COMPLETED,,0,0.015,0.008,0.283165660625,0.038703312,2.354606236909442e-06,1.299782346928524e-21,2.3546062369094432e-06,True,True,True,0.0029320569845076,30.824956694967117,/lustre/fswork/projects/rech/fdb/usv13rn/These_PINN_KH_RT/assets/pinn_supersonic/reviewer_runs/budget_matched_v64/candidates_seeded_00_32.csv,True,1.0
seeded,31,C12,1.25,0.235,1,PINN,0,0.28292152,0.041625187,0.015,0.015,COMPLETED,,0,0.015,0.015,0.283165660625,0.038705265125,2.5659476061288726e-06,1.300550965662917e-21,2.565947606128874e-06,True,True,True,0.0029301106465249,30.82075104198884,/lustre/fswork/projects/rech/fdb/usv13rn/These_PINN_KH_RT/assets/pinn_supersonic/reviewer_runs/budget_matched_v64/candidates_seeded_00_32.csv,True,1.0
seeded,31,C12,1.25,0.235,2,PINN,0,0.28292152,0.041625187,0.015,0.03,COMPLETED,,0,0.015,0.03,0.283165660625,0.03871503075,5.4509138632272e-06,1.3023773456998002e-21,5.450913863227202e-06,True,True,True,0.0029203790925476,31.003502712002955,/lustre/fswork/projects/rech/fdb/usv13rn/These_PINN_KH_RT/assets/pinn_supersonic/reviewer_runs/budget_matched_v64/candidates_seeded_00_32.csv,True,1.0
seeded,31,C12,1.25,0.235,3,PINN,0,0.28292152,0.041625187,0.03,0.008,COMPLETED,,0,0.03,0.008,0.28317542625,0.038703312,6.20894170303971e-06,1.300775188922819e-21,6.208941703039712e-06,True,True,True,0.0029328862745449,30.880073211039416,/lustre/fswork/projects/rech/fdb/usv13rn/These_PINN_KH_RT/assets/pinn_supersonic/reviewer_runs/budget_matched_v64/candidates_seeded_00_32.csv,True,1.0
seeded,31,C12,1.25,0.235,4,PINN,0,0.28292152,0.041625187,0.03,0.015,COMPLETED,,0,0.03,0.015,0.28317542625,0.038705265125,6.292113277001909e-06,1.30128777180637e-21,6.292113277001911e-06,True,True,True,0.0029309404872655,30.877331587020308,/lustre/fswork/projects/rech/fdb/usv13rn/These_PINN_KH_RT/assets/pinn_supersonic/reviewer_runs/budget_matched_v64/candidates_seeded_00_32.csv,True,1.0
seeded,31,C12,1.25,0.235,5,PINN,0,0.28292152,0.041625187,0.03,0.03,COMPLETED,,0,0.03,0.03,0.28317542625,0.03871503075,7.919410858395786e-06,1.303274984212964e-21,7.919410858395787e-06,True,True,True,0.0029212116977725,30.91276336205192,/lustre/fswork/projects/rech/fdb/usv13rn/These_PINN_KH_RT/assets/pinn_supersonic/reviewer_runs/budget_matched_v64/candidates_seeded_00_32.csv,True,1.0
seeded,31,C12,1.25,0.235,6,PINN,0,0.28292152,0.041625187,0.06,0.008,COMPLETED,,0,0.06,0.008,0.2831949574999999,0.038703312,1.3934957680129234e-05,1.3027620100544041e-21,1.3934957680129235e-05,True,True,True,0.0029346416445677,30.792334227007814,/lustre/fswork/projects/rech/fdb/usv13rn/These_PINN_KH_RT/assets/pinn_supersonic/reviewer_runs/budget_matched_v64/candidates_seeded_00_32.csv,True,1.0
seeded,31,C12,1.25,0.235,7,PINN,0,0.28292152,0.041625187,0.06,0.015,COMPLETED,,0,0.06,0.015,0.2831949574999999,0.038705265125,1.397218949112506e-05,1.3032108569211177e-21,1.3972189491125064e-05,True,True,True,0.0029326970219423,30.725935805006884,/lustre/fswork/projects/rech/fdb/usv13rn/These_PINN_KH_RT/assets/pinn_supersonic/reviewer_runs/budget_matched_v64/candidates_seeded_00_32.csv,True,1.0
seeded,31,C12,1.25,0.235,8,PINN,0,0.28292152,0.041625187,0.06,0.03,COMPLETED,,0,0.06,0.03,0.2831949574999999,0.03871503075,1.4776427648127958e-05,1.3058734654107065e-21,1.477642764812796e-05,True,True,True,0.0029229740788827,30.768159406026825,/lustre/fswork/projects/rech/fdb/usv13rn/These_PINN_KH_RT/assets/pinn_supersonic/reviewer_runs/budget_matched_v64/candidates_seeded_00_32.csv,True,1.0
seeded,31,C12,1.25,0.235,9,PINN,0,0.28292152,0.041625187,0.1,0.008,COMPLETED,,0,0.1,0.008,0.2831168325000001,0.038703312,1.6994642478997748e-05,1.294248608176902e-21,1.6994642478997748e-05,True,True,True,0.0029283955484669,30.776891626999717,/lustre/fswork/projects/rech/fdb/usv13rn/These_PINN_KH_RT/assets/pinn_supersonic/reviewer_runs/budget_matched_v64/candidates_seeded_00_32.csv,True,1.0
seeded,31,C12,1.25,0.235,10,PINN,0,0.28292152,0.041625187,0.1,0.015,COMPLETED,,0,0.1,0.015,0.2831168325000001,0.038705265125,1.7025188840589705e-05,1.2947918629585238e-21,1.7025188840589705e-05,True,True,True,0.0029264467753163,30.771985152969137,/lustre/fswork/projects/rech/fdb/usv13rn/These_PINN_KH_RT/assets/pinn_supersonic/reviewer_runs/budget_matched_v64/candidates_seeded_00_32.csv,True,1.0
seeded,31,C12,1.25,0.235,11,PINN,0,0.28292152,0.041625187,0.1,0.03,COMPLETED,,0,0.1,0.03,0.2831168325000001,0.03871503075,1.7691442394344286e-05,1.2950155892360557e-21,1.7691442394344286e-05,True,True,True,0.0029167029968905,30.8424807630945,/lustre/fswork/projects/rech/fdb/usv13rn/These_PINN_KH_RT/assets/pinn_supersonic/reviewer_runs/budget_matched_v64/candidates_seeded_00_32.csv,True,1.0
seeded,32,C12,1.25,0.285,0,PINN,0,0.29988387,0.011790725,0.015,0.008,COMPLETED,,0,0.015,0.008,0.300460041875,0.0149417666666666,4.115649579693471e-06,6.1679486244808245e-21,4.1156495796934765e-06,True,True,True,0.0032032854407015,34.9915116179036,/lustre/fswork/projects/rech/fdb/usv13rn/These_PINN_KH_RT/assets/pinn_supersonic/reviewer_runs/budget_matched_v64/candidates_seeded_32_64.csv,True,1.0
seeded,32,C12,1.25,0.285,1,PINN,0,0.29988387,0.011790725,0.015,0.015,COMPLETED,,0,0.015,0.015,0.300460041875,0.0149484534586588,5.301620895297117e-06,6.167111602039619e-21,5.301620895297123e-06,True,True,True,0.0032098634002345,35.02372170693707,/lustre/fswork/projects/rech/fdb/usv13rn/These_PINN_KH_RT/assets/pinn_supersonic/reviewer_runs/budget_matched_v64/candidates_seeded_32_64.csv,True,1.0
seeded,32,C12,1.25,0.285,2,PINN,0,0.29988387,0.011790725,0.015,0.03,COMPLETED,,0,0.015,0.03,0.300460041875,0.014933321101888,5.824531562974537e-06,6.1637640802546434e-21,5.824531562974543e-06,True,True,True,0.0031949779794456,34.9825386198936,/lustre/fswork/projects/rech/fdb/usv13rn/These_PINN_KH_RT/assets/pinn_supersonic/reviewer_runs/budget_matched_v64/candidates_seeded_32_64.csv,True,1.0
seeded,32,C12,1.25,0.285,3,PINN,0,0.29988387,0.011790725,0.03,0.008,COMPLETED,,0,0.03,0.008,0.30045027625,0.0149417666666666,7.028283382387254e-07,6.162927341803364e-21,7.028283382387315e-07,True,True,True,0.0032015433192615,35.01663756405469,/lustre/fswork/projects/rech/fdb/usv13rn/These_PINN_KH_RT/assets/pinn_supersonic/reviewer_runs/budget_matched_v64/candidates_seeded_32_64.csv,True,1.0
seeded,32,C12,1.25,0.285,4,PINN,0,0.29988387,0.011790725,0.03,0.015,COMPLETED,,0,0.03,0.015,0.30045027625,0.0149484534586588,3.41517554525519e-06,6.1659956604704305e-21,3.4151755452551963e-06,True,True,True,0.0032081248508533,35.02391256694682,/lustre/fswork/projects/rech/fdb/usv13rn/These_PINN_KH_RT/assets/pinn_supersonic/reviewer_runs/budget_matched_v64/candidates_seeded_32_64.csv,True,1.0
seeded,32,C12,1.25,0.285,5,PINN,0,0.29988387,0.011790725,0.03,0.03,COMPLETED,,0,0.03,0.03,0.30045027625,0.014933321101888,4.181095997965574e-06,6.1605568913026814e-21,4.18109599796558e-06,True,True,True,0.0031932313257327,34.99189903703518,/lustre/fswork/projects/rech/fdb/usv13rn/These_PINN_KH_RT/assets/pinn_supersonic/reviewer_runs/budget_matched_v64/candidates_seeded_32_64.csv,True,1.0
seeded,32,C12,1.25,0.285,6,PINN,0,0.29988387,0.011790725,0.06,0.008,COMPLETED,,0,0.06,0.008,0.3004698075,0.0149417666666666,8.932063435015011e-06,6.166832607180991e-21,8.932063435015018e-06,True,True,True,0.0032050563706393,35.05998525104951,/lustre/fswork/projects/rech/fdb/usv13rn/These_PINN_KH_RT/assets/pinn_supersonic/reviewer_runs/budget_matched_v64/candidates_seeded_32_64.csv,True,1.0
seeded,32,C12,1.25,0.285,7,PINN,0,0.29988387,0.011790725,0.06,0.015,COMPLETED,,0,0.06,0.015,0.3004698075,0.0149484534586588,9.536731088791102e-06,6.170041429075027e-21,9.536731088791107e-06,True,True,True,0.0032116307030121,35.06724481203128,/lustre/fswork/projects/rech/fdb/usv13rn/These_PINN_KH_RT/assets/pinn_supersonic/reviewer_runs/budget_matched_v64/candidates_seeded_32_64.csv,True,1.0
seeded,32,C12,1.25,0.285,8,PINN,0,0.29988387,0.011790725,0.06,0.03,COMPLETED,,0,0.06,0.03,0.3004698075,0.014933321101888,9.837058298359784e-06,6.166414126725963e-21,9.837058298359791e-06,True,True,True,0.0031967535115344,35.021859884029254,/lustre/fswork/projects/rech/fdb/usv13rn/These_PINN_KH_RT/assets/pinn_supersonic/reviewer_runs/budget_matched_v64/candidates_seeded_32_64.csv,True,1.0
seeded,32,C12,1.25,0.285,9,PINN,0,0.29988387,0.011790725,0.1,0.008,COMPLETED,,0,0.1,0.008,0.3004698075000001,0.0149417666666666,8.93206343664339e-06,6.1672511018355145e-21,8.932063436643396e-06,True,True,True,0.0032050563706393,35.08520033094101,/lustre/fswork/projects/rech/fdb/usv13rn/These_PINN_KH_RT/assets/pinn_supersonic/reviewer_runs/budget_matched_v64/candidates_seeded_32_64.csv,True,1.0
seeded,32,C12,1.25,0.285,10,PINN,0,0.29988387,0.011790725,0.1,0.015,COMPLETED,,0,0.1,0.015,0.3004698075000001,0.0149484534586588,9.53673108973385e-06,6.170599570253576e-21,9.536731089733857e-06,True,True,True,0.0032116307030121,35.07934043300338,/lustre/fswork/projects/rech/fdb/usv13rn/These_PINN_KH_RT/assets/pinn_supersonic/reviewer_runs/budget_matched_v64/candidates_seeded_32_64.csv,True,1.0
seeded,32,C12,1.25,0.285,11,PINN,0,0.29988387,0.011790725,0.1,0.03,COMPLETED,,0,0.1,0.03,0.3004698075000001,0.014933321101888,9.837058297554864e-06,6.166414126725963e-21,9.837058297554873e-06,True,True,True,0.0031967535115344,35.03514280403033,/lustre/fswork/projects/rech/fdb/usv13rn/These_PINN_KH_RT/assets/pinn_supersonic/reviewer_runs/budget_matched_v64/candidates_seeded_32_64.csv,True,1.0
seeded,33,C12,1.25,0.315,0,PINN,0,0.31015742,0.0026502407,0.015,0.008,COMPLETED,,0,0.015,0.008,0.309151560625,0.0007617494757324,2.397500237286133e-06,6.118582674597842e-22,2.397500237286134e-06,True,True,True,0.0021396616990569,37.97672157699708,/lustre/fswork/projects/rech/fdb/usv13rn/These_PINN_KH_RT/assets/pinn_supersonic/reviewer_runs/budget_matched_v64/candidates_seeded_32_64.csv,True,1.0
seeded,33,C12,1.25,0.315,1,PINN,0,0.31015742,0.0026502407,0.015,0.015,COMPLETED,,0,0.015,0.015,0.309151560625,0.0007633647172363,2.67121785303994e-06,6.19350789451483e-22,2.6712178530399404e-06,True,True,True,0.0021382362022484,37.82245520397555,/lustre/fswork/projects/rech/fdb/usv13rn/These_PINN_KH_RT/assets/pinn_supersonic/reviewer_runs/budget_matched_v64/candidates_seeded_32_64.csv,True,1.0
seeded,33,C12,1.25,0.315,2,PINN,0,0.31015742,0.0026502407,0.015,0.03,COMPLETED,,0,0.015,0.03,0.309151560625,0.0007651340006103,3.2357444505521192e-06,6.284910651693455e-22,3.23574445055212e-06,True,True,True,0.0021366750689702,37.90945408598054,/lustre/fswork/projects/rech/fdb/usv13rn/These_PINN_KH_RT/assets/pinn_supersonic/reviewer_runs/budget_matched_v64/candidates_seeded_32_64.csv,True,1.0
seeded,33,C12,1.25,0.315,3,PINN,0,0.31015742,0.0026502407,0.03,0.008,COMPLETED,,0,0.03,0.008,0.30916132625,0.0007617494757324,3.0206934613150997e-06,6.117264559022699e-22,3.0206934613151e-06,True,True,True,0.002135088256472,37.94937833596487,/lustre/fswork/projects/rech/fdb/usv13rn/These_PINN_KH_RT/assets/pinn_supersonic/reviewer_runs/budget_matched_v64/candidates_seeded_32_64.csv,True,1.0
seeded,33,C12,1.25,0.315,4,PINN,0,0.31015742,0.0026502407,0.03,0.015,COMPLETED,,0,0.03,0.015,0.30916132625,0.0007633647172363,3.242079462965164e-06,6.194834198466169e-22,3.242079462965164e-06,True,True,True,0.0021336597041514,37.802036394015886,/lustre/fswork/projects/rech/fdb/usv13rn/These_PINN_KH_RT/assets/pinn_supersonic/reviewer_runs/budget_matched_v64/candidates_seeded_32_64.csv,True,1.0
seeded,33,C12,1.25,0.315,5,PINN,0,0.31015742,0.0026502407,0.03,0.03,COMPLETED,,0,0.03,0.03,0.30916132625,0.0007651340006103,3.720834853468877e-06,6.284465331823848e-22,3.7208348534688778e-06,True,True,True,0.0021320952199357,37.936642112908885,/lustre/fswork/projects/rech/fdb/usv13rn/These_PINN_KH_RT/assets/pinn_supersonic/reviewer_runs/budget_matched_v64/candidates_seeded_32_64.csv,True,1.0
seeded,33,C12,1.25,0.315,6,PINN,0,0.31015742,0.0026502407,0.06,0.008,COMPLETED,,0,0.06,0.008,0.3091808574999999,0.0007617494757324,1.3756976509181852e-05,6.123416979885828e-22,1.3756976509181852e-05,True,True,True,0.0021260464295358,38.04446655709762,/lustre/fswork/projects/rech/fdb/usv13rn/These_PINN_KH_RT/assets/pinn_supersonic/reviewer_runs/budget_matched_v64/candidates_seeded_32_64.csv,True,1.0
seeded,33,C12,1.25,0.315,7,PINN,0,0.31015742,0.0026502407,0.06,0.015,COMPLETED,,0,0.06,0.015,0.3091808574999999,0.0007633647172363,1.380720541321336e-05,6.202352602984168e-22,1.380720541321336e-05,True,True,True,0.0021246117976554,37.895572545938194,/lustre/fswork/projects/rech/fdb/usv13rn/These_PINN_KH_RT/assets/pinn_supersonic/reviewer_runs/budget_matched_v64/candidates_seeded_32_64.csv,True,1.0
seeded,33,C12,1.25,0.315,8,PINN,0,0.31015742,0.0026502407,0.06,0.03,COMPLETED,,0,0.06,0.03,0.3091808574999999,0.0007651340006103,1.3927311619223609e-05,6.290701245725184e-22,1.3927311619223609e-05,True,True,True,0.0021230406459816,37.91188282496296,/lustre/fswork/projects/rech/fdb/usv13rn/These_PINN_KH_RT/assets/pinn_supersonic/reviewer_runs/budget_matched_v64/candidates_seeded_32_64.csv,True,1.0
seeded,33,C12,1.25,0.315,9,PINN,0,0.31015742,0.0026502407,0.1,0.008,COMPLETED,,0,0.1,0.008,0.3091808575,0.0007617494757324,1.3756977609650078e-05,6.126494349942921e-22,1.3756977609650078e-05,True,True,True,0.0021260464295357,37.89035459491424,/lustre/fswork/projects/rech/fdb/usv13rn/These_PINN_KH_RT/assets/pinn_supersonic/reviewer_runs/budget_matched_v64/candidates_seeded_32_64.csv,True,1.0
seeded,33,C12,1.25,0.315,10,PINN,0,0.31015742,0.0026502407,0.1,0.015,COMPLETED,,0,0.1,0.015,0.3091808575,0.0007633647172363,1.3807205581052168e-05,6.202352602984168e-22,1.3807205581052168e-05,True,True,True,0.0021246117976554,37.76826212299056,/lustre/fswork/projects/rech/fdb/usv13rn/These_PINN_KH_RT/assets/pinn_supersonic/reviewer_runs/budget_matched_v64/candidates_seeded_32_64.csv,True,1.0
seeded,33,C12,1.25,0.315,11,PINN,0,0.31015742,0.0026502407,0.1,0.03,COMPLETED,,0,0.1,0.03,0.3091808575,0.0007651340006103,1.3927313631919766e-05,6.288028332542807e-22,1.3927313631919766e-05,True,True,True,0.0021230406459816,37.882273204042576,/lustre/fswork/projects/rech/fdb/usv13rn/These_PINN_KH_RT/assets/pinn_supersonic/reviewer_runs/budget_matched_v64/candidates_seeded_32_64.csv,True,1.0
seeded,34,C12,1.4,0.21,0,PINN,0,0.34649885,0.030529922,0.015,0.008,COMPLETED,,0,0.015,0.008,0.345102365625,0.0314934636666666,8.906129428624548e-07,1.017598268614202e-21,8.906129428624559e-07,True,True,True,0.0016966381915487,33.447817540960386,/lustre/fswork/projects/rech/fdb/usv13rn/These_PINN_KH_RT/assets/pinn_supersonic/reviewer_runs/budget_matched_v64/candidates_seeded_32_64.csv,True,1.0
seeded,34,C12,1.4,0.21,1,PINN,0,0.34649885,0.030529922,0.015,0.015,COMPLETED,,0,0.015,0.015,0.345102365625,0.0314967188749999,1.6768295694467103e-06,1.0169750440443892e-21,1.6768295694467114e-06,True,True,True,0.0016984889776295,33.464208945049904,/lustre/fswork/projects/rech/fdb/usv13rn/These_PINN_KH_RT/assets/pinn_supersonic/reviewer_runs/budget_matched_v64/candidates_seeded_32_64.csv,True,1.0
seeded,34,C12,1.4,0.21,2,PINN,0,0.34649885,0.030529922,0.015,0.03,COMPLETED,,0,0.015,0.03,0.345102365625,0.03148695325,2.2607510827128848e-06,1.0178249430621517e-21,2.2607510827128856e-06,True,True,True,0.001692949326795,33.41204457601998,/lustre/fswork/projects/rech/fdb/usv13rn/These_PINN_KH_RT/assets/pinn_supersonic/reviewer_runs/budget_matched_v64/candidates_seeded_32_64.csv,True,1.0
seeded,34,C12,1.4,0.21,3,PINN,0,0.34649885,0.030529922,0.03,0.008,COMPLETED,,0,0.03,0.008,0.34511213125,0.0314934636666666,4.398122659392986e-06,1.0161821252386717e-21,4.3981226593929865e-06,True,True,True,0.0016886093198263,33.504556022933684,/lustre/fswork/projects/rech/fdb/usv13rn/These_PINN_KH_RT/assets/pinn_supersonic/reviewer_runs/budget_matched_v64/candidates_seeded_32_64.csv,True,1.0
seeded,34,C12,1.4,0.21,4,PINN,0,0.34649885,0.030529922,0.03,0.015,COMPLETED,,0,0.03,0.015,0.34511213125,0.0314967188749999,4.621871278181193e-06,1.0163520103789156e-21,4.621871278181194e-06,True,True,True,0.0016904688962271,33.4207017068984,/lustre/fswork/projects/rech/fdb/usv13rn/These_PINN_KH_RT/assets/pinn_supersonic/reviewer_runs/budget_matched_v64/candidates_seeded_32_64.csv,True,1.0
seeded,34,C12,1.4,0.21,5,PINN,0,0.34649885,0.030529922,0.03,0.03,COMPLETED,,0,0.03,0.03,0.34511213125,0.03148695325,4.864293023932524e-06,1.0178816156184437e-21,4.864293023932525e-06,True,True,True,0.001684902877046,33.41600833402481,/lustre/fswork/projects/rech/fdb/usv13rn/These_PINN_KH_RT/assets/pinn_supersonic/reviewer_runs/budget_matched_v64/candidates_seeded_32_64.csv,True,1.0
seeded,34,C12,1.4,0.21,6,PINN,0,0.34649885,0.030529922,0.06,0.008,COMPLETED,,0,0.06,0.008,0.3451316625,0.0314934636666666,1.1472220504320964e-05,1.0142577527029266e-21,1.1472220504320964e-05,True,True,True,0.0016726070081041,33.47665755695198,/lustre/fswork/projects/rech/fdb/usv13rn/These_PINN_KH_RT/assets/pinn_supersonic/reviewer_runs/budget_matched_v64/candidates_seeded_32_64.csv,True,1.0
seeded,34,C12,1.4,0.21,7,PINN,0,0.34649885,0.030529922,0.06,0.015,COMPLETED,,0,0.06,0.015,0.3451316625,0.0314967188749999,1.1559781316458748e-05,1.0143709006002845e-21,1.155978131645875e-05,True,True,True,0.0016744843557543,33.41730863403063,/lustre/fswork/projects/rech/fdb/usv13rn/These_PINN_KH_RT/assets/pinn_supersonic/reviewer_runs/budget_matched_v64/candidates_seeded_32_64.csv,True,1.0
seeded,34,C12,1.4,0.21,8,PINN,0,0.34649885,0.030529922,0.06,0.03,COMPLETED,,0,0.06,0.03,0.3451316625,0.03148695325,1.1658963421068044e-05,1.015559334542357e-21,1.1658963421068044e-05,True,True,True,0.0016688650255886,33.392960550962016,/lustre/fswork/projects/rech/fdb/usv13rn/These_PINN_KH_RT/assets/pinn_supersonic/reviewer_runs/budget_matched_v64/candidates_seeded_32_64.csv,True,1.0
seeded,34,C12,1.4,0.21,9,PINN,0,0.34649885,0.030529922,0.1,0.008,COMPLETED,,0,0.1,0.008,0.3451316624999999,0.0314934636666666,1.1472220504261104e-05,1.0145972153276613e-21,1.1472220504261109e-05,True,True,True,0.0016726070081041,33.416926770005375,/lustre/fswork/projects/rech/fdb/usv13rn/These_PINN_KH_RT/assets/pinn_supersonic/reviewer_runs/budget_matched_v64/candidates_seeded_32_64.csv,True,1.0
seeded,34,C12,1.4,0.21,10,PINN,0,0.34649885,0.030529922,0.1,0.015,COMPLETED,,0,0.1,0.015,0.3451316624999999,0.0314967188749999,1.1559781316377626e-05,1.014710382157681e-21,1.1559781316377628e-05,True,True,True,0.0016744843557544,33.39324465207756,/lustre/fswork/projects/rech/fdb/usv13rn/These_PINN_KH_RT/assets/pinn_supersonic/reviewer_runs/budget_matched_v64/candidates_seeded_32_64.csv,True,1.0
seeded,34,C12,1.4,0.21,11,PINN,0,0.34649885,0.030529922,0.1,0.03,COMPLETED,,0,0.1,0.03,0.3451316624999999,0.03148695325,1.1658963421097165e-05,1.0151631125866309e-21,1.1658963421097165e-05,True,True,True,0.0016688650255886,33.38379590900149,/lustre/fswork/projects/rech/fdb/usv13rn/These_PINN_KH_RT/assets/pinn_supersonic/reviewer_runs/budget_matched_v64/candidates_seeded_32_64.csv,True,1.0
seeded,35,C12,1.4,0.255,0,PINN,0,0.36073864,0.0100793205,0.015,0.008,COMPLETED,,0,0.015,0.008,0.360045280625,0.0134803621666666,2.960021324505597e-06,1.7664034550189577e-23,2.960021324505597e-06,True,True,True,0.0034709986518728,35.77472605998628,/lustre/fswork/projects/rech/fdb/usv13rn/These_PINN_KH_RT/assets/pinn_supersonic/reviewer_runs/budget_matched_v64/candidates_seeded_32_64.csv,True,1.0
seeded,35,C12,1.4,0.255,1,PINN,0,0.36073864,0.0100793205,0.015,0.015,COMPLETED,,0,0.015,0.015,0.360045280625,0.0134759707755533,3.856260109655358e-06,1.749273892664717e-23,3.856260109655358e-06,True,True,True,0.0034666958789771,35.80294657906052,/lustre/fswork/projects/rech/fdb/usv13rn/These_PINN_KH_RT/assets/pinn_supersonic/reviewer_runs/budget_matched_v64/candidates_seeded_32_64.csv,True,1.0
seeded,35,C12,1.4,0.255,2,PINN,0,0.36073864,0.0100793205,0.015,0.03,COMPLETED,,0,0.015,0.03,0.360045280625,0.0134915106752929,5.247373781100006e-06,1.806193677964396e-23,5.247373781100006e-06,True,True,True,0.0034819231776801,35.720577143947594,/lustre/fswork/projects/rech/fdb/usv13rn/These_PINN_KH_RT/assets/pinn_supersonic/reviewer_runs/budget_matched_v64/candidates_seeded_32_64.csv,True,1.0
seeded,35,C12,1.4,0.255,3,PINN,0,0.36073864,0.0100793205,0.03,0.008,COMPLETED,,0,0.03,0.008,0.36005504625,0.0134803621666666,1.5576008742117363e-06,1.8137509654364134e-23,1.5576008742117363e-06,True,True,True,0.003469061088168,35.77703477500472,/lustre/fswork/projects/rech/fdb/usv13rn/These_PINN_KH_RT/assets/pinn_supersonic/reviewer_runs/budget_matched_v64/candidates_seeded_32_64.csv,True,1.0
seeded,35,C12,1.4,0.255,4,PINN,0,0.36073864,0.0100793205,0.03,0.015,COMPLETED,,0,0.03,0.015,0.36005504625,0.0134759707755533,2.921398400844739e-06,1.7746253578036237e-23,2.921398400844739e-06,True,True,True,0.0034647559090729,35.845912949997,/lustre/fswork/projects/rech/fdb/usv13rn/These_PINN_KH_RT/assets/pinn_supersonic/reviewer_runs/budget_matched_v64/candidates_seeded_32_64.csv,True,1.0
seeded,35,C12,1.4,0.255,5,PINN,0,0.36073864,0.0100793205,0.03,0.03,COMPLETED,,0,0.03,0.03,0.36005504625,0.0134915106752929,4.604110770378393e-06,1.8273938414756682e-23,4.604110770378393e-06,True,True,True,0.0034799916964563,35.85095779399853,/lustre/fswork/projects/rech/fdb/usv13rn/These_PINN_KH_RT/assets/pinn_supersonic/reviewer_runs/budget_matched_v64/candidates_seeded_32_64.csv,True,1.0
seeded,35,C12,1.4,0.255,6,PINN,0,0.36073864,0.0100793205,0.06,0.008,COMPLETED,,0,0.06,0.008,0.3600745775,0.0134803621666666,1.0146844911981295e-05,1.823599026091102e-23,1.0146844911981295e-05,True,True,True,0.0034652652744499,35.85705131897703,/lustre/fswork/projects/rech/fdb/usv13rn/These_PINN_KH_RT/assets/pinn_supersonic/reviewer_runs/budget_matched_v64/candidates_seeded_32_64.csv,True,1.0
seeded,35,C12,1.4,0.255,7,PINN,0,0.36073864,0.0100793205,0.06,0.015,COMPLETED,,0,0.06,0.015,0.3600745775,0.0134759707755533,1.04434950225856e-05,1.8137509654364134e-23,1.04434950225856e-05,True,True,True,0.0034609553736393,35.864479468087666,/lustre/fswork/projects/rech/fdb/usv13rn/These_PINN_KH_RT/assets/pinn_supersonic/reviewer_runs/budget_matched_v64/candidates_seeded_32_64.csv,True,1.0
seeded,35,C12,1.4,0.255,8,PINN,0,0.36073864,0.0100793205,0.06,0.03,COMPLETED,,0,0.06,0.03,0.3600745775,0.0134915106752929,1.1032911317603436e-05,1.8709335203036212e-23,1.1032911317603436e-05,True,True,True,0.0034762078183376,35.8299379380187,/lustre/fswork/projects/rech/fdb/usv13rn/These_PINN_KH_RT/assets/pinn_supersonic/reviewer_runs/budget_matched_v64/candidates_seeded_32_64.csv,True,1.0
seeded,35,C12,1.4,0.255,9,PINN,0,0.36073864,0.0100793205,0.1,0.008,COMPLETED,,0,0.1,0.008,0.3600224941666666,0.0134803621666666,1.3052091184969965e-05,1.715265152407553e-23,1.3052091184969965e-05,True,True,True,0.0034756221418623,36.03504715289455,/lustre/fswork/projects/rech/fdb/usv13rn/These_PINN_KH_RT/assets/pinn_supersonic/reviewer_runs/budget_matched_v64/candidates_seeded_32_64.csv,True,1.0
seeded,35,C12,1.4,0.255,10,PINN,0,0.36073864,0.0100793205,0.1,0.015,COMPLETED,,0,0.1,0.015,0.3600224941666666,0.0134759707755533,1.3284143976734769e-05,1.707916124214514e-23,1.3284143976734769e-05,True,True,True,0.0034713250998743,36.034240962937474,/lustre/fswork/projects/rech/fdb/usv13rn/These_PINN_KH_RT/assets/pinn_supersonic/reviewer_runs/budget_matched_v64/candidates_seeded_32_64.csv,True,1.0
seeded,35,C12,1.4,0.255,11,PINN,0,0.36073864,0.0100793205,0.1,0.03,COMPLETED,,0,0.1,0.03,0.3600224941666666,0.0134915106752929,1.3752493765506008e-05,1.765656955944347e-23,1.3752493765506008e-05,True,True,True,0.003486532180687,35.90723579900805,/lustre/fswork/projects/rech/fdb/usv13rn/These_PINN_KH_RT/assets/pinn_supersonic/reviewer_runs/budget_matched_v64/candidates_seeded_32_64.csv,True,1.0
seeded,36,C20,1.45,0.105,0,PINN,0,0.30444336,0.06792568,0.015,0.008,COMPLETED,,0,0.015,0.008,0.313437500625,0.0607433883333333,7.195523543396452e-07,6.12922623521113e-21,7.195523543396513e-07,True,True,True,0.011509990406918,27.74101568199694,/lustre/fswork/projects/rech/fdb/usv13rn/These_PINN_KH_RT/assets/pinn_supersonic/reviewer_runs/budget_matched_v64/candidates_seeded_32_64.csv,True,1.0
seeded,36,C20,1.45,0.105,1,PINN,0,0.30444336,0.06792568,0.015,0.015,COMPLETED,,0,0.015,0.015,0.313437500625,0.0607479456249999,7.429623321268857e-08,6.128252784798392e-21,7.42962332126947e-08,True,True,True,0.0115071471851338,27.76526846201159,/lustre/fswork/projects/rech/fdb/usv13rn/These_PINN_KH_RT/assets/pinn_supersonic/reviewer_runs/budget_matched_v64/candidates_seeded_32_64.csv,True,1.0
seeded,36,C20,1.45,0.105,2,PINN,0,0.30444336,0.06792568,0.015,0.03,COMPLETED,,0,0.015,0.03,0.313437500625,0.06075771125,1.4399345563676171e-06,6.129087166133288e-21,1.4399345563676233e-06,True,True,True,0.0115010582810127,27.75992954906542,/lustre/fswork/projects/rech/fdb/usv13rn/These_PINN_KH_RT/assets/pinn_supersonic/reviewer_runs/budget_matched_v64/candidates_seeded_32_64.csv,True,1.0
seeded,36,C20,1.45,0.105,3,PINN,0,0.30444336,0.06792568,0.03,0.008,COMPLETED,,0,0.03,0.008,0.31344726625,0.0607433883333333,1.6955606733623445e-06,6.12922623521113e-21,1.6955606733623504e-06,True,True,True,0.0115176230770007,27.784706560894847,/lustre/fswork/projects/rech/fdb/usv13rn/These_PINN_KH_RT/assets/pinn_supersonic/reviewer_runs/budget_matched_v64/candidates_seeded_32_64.csv,True,1.0
seeded,36,C20,1.45,0.105,4,PINN,0,0.30444336,0.06792568,0.03,0.015,COMPLETED,,0,0.03,0.015,0.31344726625,0.0607479456249999,1.5370834706582071e-06,6.12950437809998e-21,1.5370834706582132e-06,True,True,True,0.0115147817398701,30.42436595994513,/lustre/fswork/projects/rech/fdb/usv13rn/These_PINN_KH_RT/assets/pinn_supersonic/reviewer_runs/budget_matched_v64/candidates_seeded_32_64.csv,True,1.0
seeded,36,C20,1.45,0.105,5,PINN,0,0.30444336,0.06792568,0.03,0.03,COMPLETED,,0,0.03,0.03,0.31344726625,0.06075771125,2.104846904596624e-06,6.128669968366092e-21,2.1048469045966297e-06,True,True,True,0.0115086968749622,34.19968632096425,/lustre/fswork/projects/rech/fdb/usv13rn/These_PINN_KH_RT/assets/pinn_supersonic/reviewer_runs/budget_matched_v64/candidates_seeded_32_64.csv,True,1.0
seeded,36,C20,1.45,0.105,6,PINN,0,0.30444336,0.06792568,0.06,0.008,COMPLETED,,0,0.06,0.008,0.3134667975,0.0607433883333333,4.532103301403773e-06,6.128809032710769e-21,4.532103301403779e-06,True,True,True,0.011532898070367,34.231481204973534,/lustre/fswork/projects/rech/fdb/usv13rn/These_PINN_KH_RT/assets/pinn_supersonic/reviewer_runs/budget_matched_v64/candidates_seeded_32_64.csv,True,1.0
seeded,36,C20,1.45,0.105,7,PINN,0,0.30444336,0.06792568,0.06,0.015,COMPLETED,,0,0.06,0.015,0.3134667975,0.0607479456249999,4.47517334981398e-06,6.128948098633168e-21,4.475173349813986e-06,True,True,True,0.0115300604974329,34.200462252949364,/lustre/fswork/projects/rech/fdb/usv13rn/These_PINN_KH_RT/assets/pinn_supersonic/reviewer_runs/budget_matched_v64/candidates_seeded_32_64.csv,True,1.0
seeded,36,C20,1.45,0.105,8,PINN,0,0.30444336,0.06792568,0.06,0.03,COMPLETED,,0,0.06,0.03,0.3134667975,0.06075771125,4.700414832383486e-06,6.1300606828103414e-21,4.700414832383492e-06,True,True,True,0.011523983699979,34.23506669991184,/lustre/fswork/projects/rech/fdb/usv13rn/These_PINN_KH_RT/assets/pinn_supersonic/reviewer_runs/budget_matched_v64/candidates_seeded_32_64.csv,True,1.0
seeded,36,C20,1.45,0.105,9,PINN,0,0.30444336,0.06792568,0.1,0.008,COMPLETED,,0,0.1,0.008,0.3134928391666667,0.0607433883333333,8.423427211490398e-06,6.130338844631854e-21,8.423427211490405e-06,True,True,True,0.0115532846746284,34.3076982779894,/lustre/fswork/projects/rech/fdb/usv13rn/These_PINN_KH_RT/assets/pinn_supersonic/reviewer_runs/budget_matched_v64/candidates_seeded_32_64.csv,True,1.0
seeded,36,C20,1.45,0.105,10,PINN,0,0.30444336,0.06792568,0.1,0.015,COMPLETED,,0,0.1,0.015,0.3134928391666667,0.0607479456249999,8.392851917964797e-06,6.130338844631854e-21,8.392851917964804e-06,True,True,True,0.0115504521100254,34.28096427896526,/lustre/fswork/projects/rech/fdb/usv13rn/These_PINN_KH_RT/assets/pinn_supersonic/reviewer_runs/budget_matched_v64/candidates_seeded_32_64.csv,True,1.0
seeded,36,C20,1.45,0.105,11,PINN,0,0.30444336,0.06792568,0.1,0.03,COMPLETED,,0,0.1,0.03,0.3134928391666667,0.06075771125,8.514912639290233e-06,6.130338844631854e-21,8.51491263929024e-06,True,True,True,0.0115443860464258,34.32579590193927,/lustre/fswork/projects/rech/fdb/usv13rn/These_PINN_KH_RT/assets/pinn_supersonic/reviewer_runs/budget_matched_v64/candidates_seeded_32_64.csv,True,1.0
seeded,37,C20,1.5,0.085,0,PINN,0,0.32013,0.05874354,0.015,0.008,COMPLETED,,0,0.015,0.008,0.321858515625,0.0569987483333333,1.060057858361276e-06,4.297997388254359e-21,1.0600578583612803e-06,True,True,True,0.0024560261044904,33.75510296795983,/lustre/fswork/projects/rech/fdb/usv13rn/These_PINN_KH_RT/assets/pinn_supersonic/reviewer_runs/budget_matched_v64/candidates_seeded_32_64.csv,True,1.0
seeded,37,C20,1.5,0.085,1,PINN,0,0.32013,0.05874354,0.015,0.015,COMPLETED,,0,0.015,0.015,0.321858515625,0.056995493125,1.0906269628466354e-06,4.297997388254359e-21,1.0906269628466397e-06,True,True,True,0.0024583397127058,33.770138603053056,/lustre/fswork/projects/rech/fdb/usv13rn/These_PINN_KH_RT/assets/pinn_supersonic/reviewer_runs/budget_matched_v64/candidates_seeded_32_64.csv,True,1.0
seeded,37,C20,1.5,0.085,2,PINN,0,0.32013,0.05874354,0.015,0.03,COMPLETED,,0,0.015,0.03,0.321858515625,0.05700525875,1.3505240124968366e-06,4.29892908978141e-21,1.3505240124968408e-06,True,True,True,0.00245140530512,33.7986079629045,/lustre/fswork/projects/rech/fdb/usv13rn/These_PINN_KH_RT/assets/pinn_supersonic/reviewer_runs/budget_matched_v64/candidates_seeded_32_64.csv,True,1.0
seeded,37,C20,1.5,0.085,3,PINN,0,0.32013,0.05874354,0.03,0.008,COMPLETED,,0,0.03,0.008,0.32186828125,0.0569987483333333,2.174700928950424e-06,4.298113845423214e-21,2.174700928950428e-06,True,True,True,0.0024629087811307,33.70918398897629,/lustre/fswork/projects/rech/fdb/usv13rn/These_PINN_KH_RT/assets/pinn_supersonic/reviewer_runs/budget_matched_v64/candidates_seeded_32_64.csv,True,1.0
seeded,37,C20,1.5,0.085,4,PINN,0,0.32013,0.05874354,0.03,0.015,COMPLETED,,0,0.03,0.015,0.32186828125,0.056995493125,2.1897808009194822e-06,4.298696154933316e-21,2.189780800919487e-06,True,True,True,0.0024652159299539,33.67979486798868,/lustre/fswork/projects/rech/fdb/usv13rn/These_PINN_KH_RT/assets/pinn_supersonic/reviewer_runs/budget_matched_v64/candidates_seeded_32_64.csv,True,1.0
seeded,37,C20,1.5,0.085,5,PINN,0,0.32013,0.05874354,0.03,0.03,COMPLETED,,0,0.03,0.03,0.32186828125,0.05700525875,2.330106088047942e-06,4.299394978410259e-21,2.3301060880479463e-06,True,True,True,0.0024583009189688,33.71987193194218,/lustre/fswork/projects/rech/fdb/usv13rn/These_PINN_KH_RT/assets/pinn_supersonic/reviewer_runs/budget_matched_v64/candidates_seeded_32_64.csv,True,1.0
seeded,37,C20,1.5,0.085,6,PINN,0,0.32013,0.05874354,0.06,0.008,COMPLETED,,0,0.06,0.008,0.3218878125,0.0569987483333333,4.407602898143503e-06,4.299278503886464e-21,4.407602898143507e-06,True,True,True,0.0024767322716082,33.68545935291331,/lustre/fswork/projects/rech/fdb/usv13rn/These_PINN_KH_RT/assets/pinn_supersonic/reviewer_runs/budget_matched_v64/candidates_seeded_32_64.csv,True,1.0
seeded,37,C20,1.5,0.085,7,PINN,0,0.32013,0.05874354,0.06,0.015,COMPLETED,,0,0.06,0.015,0.3218878125,0.056995493125,4.41509530917396e-06,4.299511454511776e-21,4.415095309173964e-06,True,True,True,0.0024790265553949,33.71630876499694,/lustre/fswork/projects/rech/fdb/usv13rn/These_PINN_KH_RT/assets/pinn_supersonic/reviewer_runs/budget_matched_v64/candidates_seeded_32_64.csv,True,1.0
seeded,37,C20,1.5,0.085,8,PINN,0,0.32013,0.05874354,0.06,0.03,COMPLETED,,0,0.06,0.03,0.3218878125,0.05700525875,4.486256741418635e-06,4.300326831398604e-21,4.48625674141864e-06,True,True,True,0.0024721501753044,33.76487534609623,/lustre/fswork/projects/rech/fdb/usv13rn/These_PINN_KH_RT/assets/pinn_supersonic/reviewer_runs/budget_matched_v64/candidates_seeded_32_64.csv,True,1.0
seeded,37,C20,1.5,0.085,9,PINN,0,0.32013,0.05874354,0.1,0.008,COMPLETED,,0,0.1,0.008,0.3218878125000001,0.0569987483333333,4.407602898165327e-06,4.299744411447975e-21,4.407602898165331e-06,True,True,True,0.0024767322716082,33.74194358207751,/lustre/fswork/projects/rech/fdb/usv13rn/These_PINN_KH_RT/assets/pinn_supersonic/reviewer_runs/budget_matched_v64/candidates_seeded_32_64.csv,True,1.0
seeded,37,C20,1.5,0.085,10,PINN,0,0.32013,0.05874354,0.1,0.015,COMPLETED,,0,0.1,0.015,0.3218878125000001,0.056995493125,4.415095309186887e-06,4.298812621568502e-21,4.415095309186891e-06,True,True,True,0.002479026555395,33.72812425601296,/lustre/fswork/projects/rech/fdb/usv13rn/These_PINN_KH_RT/assets/pinn_supersonic/reviewer_runs/budget_matched_v64/candidates_seeded_32_64.csv,True,1.0
seeded,37,C20,1.5,0.085,11,PINN,0,0.32013,0.05874354,0.1,0.03,COMPLETED,,0,0.1,0.03,0.3218878125000001,0.05700525875,4.486256741440522e-06,4.299511454511776e-21,4.486256741440526e-06,True,True,True,0.0024721501753044,33.73571448691655,/lustre/fswork/projects/rech/fdb/usv13rn/These_PINN_KH_RT/assets/pinn_supersonic/reviewer_runs/budget_matched_v64/candidates_seeded_32_64.csv,True,1.0
seeded,38,C20,1.55,0.06,0,PINN,0,0.33005154,0.046755057,0.015,0.008,COMPLETED,,0,0.015,0.008,0.323791774375,0.050520682,3.382811575082348e-07,1.719755807008257e-21,3.382811575082365e-07,True,True,True,0.007305107618684,32.8132830579998,/lustre/fswork/projects/rech/fdb/usv13rn/These_PINN_KH_RT/assets/pinn_supersonic/reviewer_runs/budget_matched_v64/candidates_seeded_32_64.csv,True,1.0
seeded,38,C20,1.55,0.06,1,PINN,0,0.33005154,0.046755057,0.015,0.015,COMPLETED,,0,0.015,0.015,0.323791774375,0.050514822625,8.356787674632308e-08,1.719608479345598e-21,8.356787674632479e-08,True,True,True,0.0073020889637735,32.837696161004715,/lustre/fswork/projects/rech/fdb/usv13rn/These_PINN_KH_RT/assets/pinn_supersonic/reviewer_runs/budget_matched_v64/candidates_seeded_32_64.csv,True,1.0
seeded,38,C20,1.55,0.06,2,PINN,0,0.33005154,0.046755057,0.015,0.03,COMPLETED,,0,0.015,0.03,0.323791774375,0.05052458825,6.15190035867822e-07,1.7201241537750363e-21,6.151900358678237e-07,True,True,True,0.0073071219727508,32.77867592999246,/lustre/fswork/projects/rech/fdb/usv13rn/These_PINN_KH_RT/assets/pinn_supersonic/reviewer_runs/budget_matched_v64/candidates_seeded_32_64.csv,True,1.0
seeded,38,C20,1.55,0.06,3,PINN,0,0.33005154,0.046755057,0.03,0.008,COMPLETED,,0,0.03,0.008,0.32378200875,0.050520682,7.958519036077551e-07,1.719461157993826e-21,7.958519036077568e-07,True,True,True,0.0073134775404967,32.790909438044764,/lustre/fswork/projects/rech/fdb/usv13rn/These_PINN_KH_RT/assets/pinn_supersonic/reviewer_runs/budget_matched_v64/candidates_seeded_32_64.csv,True,1.0
seeded,38,C20,1.55,0.06,4,PINN,0,0.33005154,0.046755057,0.03,0.015,COMPLETED,,0,0.03,0.015,0.32378200875,0.050514822625,7.252235409049197e-07,1.719608479345598e-21,7.252235409049214e-07,True,True,True,0.0073104623417166,32.78859183192253,/lustre/fswork/projects/rech/fdb/usv13rn/These_PINN_KH_RT/assets/pinn_supersonic/reviewer_runs/budget_matched_v64/candidates_seeded_32_64.csv,True,1.0
seeded,38,C20,1.55,0.06,5,PINN,0,0.33005154,0.046755057,0.03,0.03,COMPLETED,,0,0.03,0.03,0.32378200875,0.05052458825,9.47301964448802e-07,1.719755807008257e-21,9.473019644488036e-07,True,True,True,0.007315489589867,32.76623712503351,/lustre/fswork/projects/rech/fdb/usv13rn/These_PINN_KH_RT/assets/pinn_supersonic/reviewer_runs/budget_matched_v64/candidates_seeded_32_64.csv,True,1.0
seeded,38,C20,1.55,0.06,6,PINN,0,0.33005154,0.046755057,0.06,0.008,COMPLETED,,0,0.06,0.008,0.3237624775,0.050520682,2.134611422493768e-06,1.719313842952942e-21,2.13461142249377e-06,True,True,True,0.0073302277433604,32.82257577194832,/lustre/fswork/projects/rech/fdb/usv13rn/These_PINN_KH_RT/assets/pinn_supersonic/reviewer_runs/budget_matched_v64/candidates_seeded_32_64.csv,True,1.0
seeded,38,C20,1.55,0.06,7,PINN,0,0.33005154,0.046755057,0.06,0.015,COMPLETED,,0,0.06,0.015,0.3237624775,0.050514822625,2.10932412278325e-06,1.719019231803834e-21,2.109324122783252e-06,True,True,True,0.0073272194374016,32.78430003602989,/lustre/fswork/projects/rech/fdb/usv13rn/These_PINN_KH_RT/assets/pinn_supersonic/reviewer_runs/budget_matched_v64/candidates_seeded_32_64.csv,True,1.0
seeded,38,C20,1.55,0.06,8,PINN,0,0.33005154,0.046755057,0.06,0.03,COMPLETED,,0,0.06,0.03,0.3237624775,0.05052458825,2.195556718864217e-06,1.7191665342229437e-21,2.1955567188642185e-06,True,True,True,0.0073322351962844,32.7676236119587,/lustre/fswork/projects/rech/fdb/usv13rn/These_PINN_KH_RT/assets/pinn_supersonic/reviewer_runs/budget_matched_v64/candidates_seeded_32_64.csv,True,1.0
seeded,38,C20,1.55,0.06,9,PINN,0,0.33005154,0.046755057,0.1,0.008,COMPLETED,,0,0.1,0.008,0.3237364358333333,0.050520682,3.971129776270607e-06,1.7185773624118268e-21,3.971129776270609e-06,True,True,True,0.0073525826942969,32.80899639101699,/lustre/fswork/projects/rech/fdb/usv13rn/These_PINN_KH_RT/assets/pinn_supersonic/reviewer_runs/budget_matched_v64/candidates_seeded_32_64.csv,True,1.0
seeded,38,C20,1.55,0.06,10,PINN,0,0.33005154,0.046755057,0.1,0.015,COMPLETED,,0,0.1,0.015,0.3237364358333333,0.050514822625,3.957633041928543e-06,1.718209181305838e-21,3.9576330419285445e-06,True,True,True,0.0073495835385946,32.80329706799239,/lustre/fswork/projects/rech/fdb/usv13rn/These_PINN_KH_RT/assets/pinn_supersonic/reviewer_runs/budget_matched_v64/candidates_seeded_32_64.csv,True,1.0
seeded,38,C20,1.55,0.06,11,PINN,0,0.33005154,0.046755057,0.1,0.03,COMPLETED,,0,0.1,0.03,0.3237364358333333,0.05052458825,4.004190622276842e-06,1.7186510033661904e-21,4.004190622276844e-06,True,True,True,0.0073545840453812,32.806246420019306,/lustre/fswork/projects/rech/fdb/usv13rn/These_PINN_KH_RT/assets/pinn_supersonic/reviewer_runs/budget_matched_v64/candidates_seeded_32_64.csv,True,1.0
seeded,39,C20,1.6,0.11,0,PINN,0,0.38274667,0.039386265,0.015,0.008,COMPLETED,,0,0.015,0.008,0.3823072168749999,0.0409852233333333,6.533734614497248e-07,6.1449512031134924e-21,6.533734614497309e-07,True,True,True,0.0016582481119568,35.86125161207747,/lustre/fswork/projects/rech/fdb/usv13rn/These_PINN_KH_RT/assets/pinn_supersonic/reviewer_runs/budget_matched_v64/candidates_seeded_32_64.csv,True,1.0
seeded,39,C20,1.6,0.11,1,PINN,0,0.38274667,0.039386265,0.015,0.015,COMPLETED,,0,0.015,0.015,0.3823072168749999,0.0409975931249999,1.6950990901123972e-06,6.1452297025674724e-21,1.6950990901124031e-06,True,True,True,0.00167017884536,35.860588470008224,/lustre/fswork/projects/rech/fdb/usv13rn/These_PINN_KH_RT/assets/pinn_supersonic/reviewer_runs/budget_matched_v64/candidates_seeded_32_64.csv,True,1.0
seeded,39,C20,1.6,0.11,2,PINN,0,0.38274667,0.039386265,0.015,0.03,COMPLETED,,0,0.015,0.03,0.3823072168749999,0.04100735875,3.431260950175268e-06,6.145368954661045e-21,3.431260950175274e-06,True,True,True,0.0016796023325065,35.857770666945726,/lustre/fswork/projects/rech/fdb/usv13rn/These_PINN_KH_RT/assets/pinn_supersonic/reviewer_runs/budget_matched_v64/candidates_seeded_32_64.csv,True,1.0
seeded,39,C20,1.6,0.11,3,PINN,0,0.38274667,0.039386265,0.03,0.008,COMPLETED,,0,0.03,0.008,0.38229745125,0.0409852233333333,1.523530187996101e-06,6.143558800506906e-21,1.5235301879961072e-06,True,True,True,0.0016608627989956,36.16486729797907,/lustre/fswork/projects/rech/fdb/usv13rn/These_PINN_KH_RT/assets/pinn_supersonic/reviewer_runs/budget_matched_v64/candidates_seeded_32_64.csv,True,1.0
seeded,39,C20,1.6,0.11,4,PINN,0,0.38274667,0.039386265,0.03,0.015,COMPLETED,,0,0.03,0.015,0.38229745125,0.0409975931249999,2.183441209863101e-06,6.1448119557530855e-21,2.1834412098631075e-06,True,True,True,0.0016727748837687,36.088025575038046,/lustre/fswork/projects/rech/fdb/usv13rn/These_PINN_KH_RT/assets/pinn_supersonic/reviewer_runs/budget_matched_v64/candidates_seeded_32_64.csv,True,1.0
seeded,39,C20,1.6,0.11,5,PINN,0,0.38274667,0.039386265,0.03,0.03,COMPLETED,,0,0.03,0.03,0.38229745125,0.04100735875,3.696971593935886e-06,6.144115742616879e-21,3.696971593935892e-06,True,True,True,0.0016821838281355,36.117757659056224,/lustre/fswork/projects/rech/fdb/usv13rn/These_PINN_KH_RT/assets/pinn_supersonic/reviewer_runs/budget_matched_v64/candidates_seeded_32_64.csv,True,1.0
seeded,39,C20,1.6,0.11,6,PINN,0,0.38274667,0.039386265,0.06,0.008,COMPLETED,,0,0.06,0.008,0.3823169824999999,0.0409852233333333,2.164098849699638e-06,6.145647463581355e-21,2.1640988496996443e-06,True,True,True,0.0016556868965454,36.12191034702119,/lustre/fswork/projects/rech/fdb/usv13rn/These_PINN_KH_RT/assets/pinn_supersonic/reviewer_runs/budget_matched_v64/candidates_seeded_32_64.csv,True,1.0
seeded,39,C20,1.6,0.11,7,PINN,0,0.38274667,0.039386265,0.06,0.015,COMPLETED,,0,0.06,0.015,0.3823169824999999,0.0409975931249999,2.670054239930639e-06,6.145786720408093e-21,2.670054239930645e-06,True,True,True,0.0016676359536998,36.11643172602635,/lustre/fswork/projects/rech/fdb/usv13rn/These_PINN_KH_RT/assets/pinn_supersonic/reviewer_runs/budget_matched_v64/candidates_seeded_32_64.csv,True,1.0
seeded,39,C20,1.6,0.11,8,PINN,0,0.38274667,0.039386265,0.06,0.03,COMPLETED,,0,0.06,0.03,0.3823169824999999,0.04100735875,4.003593806241513e-06,6.145647463581355e-21,4.003593806241519e-06,True,True,True,0.0016770737294303,33.73529353190679,/lustre/fswork/projects/rech/fdb/usv13rn/These_PINN_KH_RT/assets/pinn_supersonic/reviewer_runs/budget_matched_v64/candidates_seeded_32_64.csv,True,1.0
seeded,39,C20,1.6,0.11,9,PINN,0,0.38274667,0.039386265,0.1,0.008,COMPLETED,,0,0.1,0.008,0.3822909408333333,0.0409852233333333,2.6459792907766337e-06,6.1428626583681805e-21,2.64597929077664e-06,True,True,True,0.0016626355057819,29.43413165409584,/lustre/fswork/projects/rech/fdb/usv13rn/These_PINN_KH_RT/assets/pinn_supersonic/reviewer_runs/budget_matched_v64/candidates_seeded_32_64.csv,True,1.0
seeded,39,C20,1.6,0.11,10,PINN,0,0.38274667,0.039386265,0.1,0.015,COMPLETED,,0,0.1,0.015,0.3822909408333333,0.0409975931249999,3.073582550407552e-06,6.144394223138197e-21,3.0735825504075585e-06,True,True,True,0.0016745349801561,34.303589908988215,/lustre/fswork/projects/rech/fdb/usv13rn/These_PINN_KH_RT/assets/pinn_supersonic/reviewer_runs/budget_matched_v64/candidates_seeded_32_64.csv,True,1.0
seeded,39,C20,1.6,0.11,11,PINN,0,0.38274667,0.039386265,0.1,0.03,COMPLETED,,0,0.1,0.03,0.3822909408333333,0.04100735875,4.283309623643123e-06,6.143419568923717e-21,4.283309623643129e-06,True,True,True,0.0016839340900521,36.14586563198827,/lustre/fswork/projects/rech/fdb/usv13rn/These_PINN_KH_RT/assets/pinn_supersonic/reviewer_runs/budget_matched_v64/candidates_seeded_32_64.csv,True,1.0
seeded,40,C21,1.45,0.12,0,PINN,0,0.3238221,0.056237806,0.015,0.008,COMPLETED,,0,0.015,0.008,0.323753740625,0.0567638476666666,9.448623694709192e-07,6.58477798811215e-21,9.448623694709256e-07,True,True,True,0.0005304647389033,35.00322278798558,/lustre/fswork/projects/rech/fdb/usv13rn/These_PINN_KH_RT/assets/pinn_supersonic/reviewer_runs/budget_matched_v64/candidates_seeded_32_64.csv,True,1.0
seeded,40,C21,1.45,0.12,1,PINN,0,0.3238221,0.056237806,0.015,0.015,COMPLETED,,0,0.015,0.015,0.323753740625,0.056755384125,1.523138828688306e-06,6.58549873482251e-21,1.5231388286883126e-06,True,True,True,0.0005220729064306,35.00158678693697,/lustre/fswork/projects/rech/fdb/usv13rn/These_PINN_KH_RT/assets/pinn_supersonic/reviewer_runs/budget_matched_v64/candidates_seeded_32_64.csv,True,1.0
seeded,40,C21,1.45,0.12,2,PINN,0,0.3238221,0.056237806,0.015,0.03,COMPLETED,,0,0.015,0.03,0.323753740625,0.05676514975,1.0472864885819707e-06,6.5856428888977465e-21,1.0472864885819773e-06,True,True,True,0.0005317559917993,34.99778083001729,/lustre/fswork/projects/rech/fdb/usv13rn/These_PINN_KH_RT/assets/pinn_supersonic/reviewer_runs/budget_matched_v64/candidates_seeded_32_64.csv,True,1.0
seeded,40,C21,1.45,0.12,3,PINN,0,0.3238221,0.056237806,0.03,0.008,COMPLETED,,0,0.03,0.008,0.32376350625,0.0567638476666666,2.692746871247384e-06,6.58549873482251e-21,2.6927468712473907e-06,True,True,True,0.000529294873023,35.0573467919603,/lustre/fswork/projects/rech/fdb/usv13rn/These_PINN_KH_RT/assets/pinn_supersonic/reviewer_runs/budget_matched_v64/candidates_seeded_32_64.csv,True,1.0
seeded,40,C21,1.45,0.12,4,PINN,0,0.3238221,0.056237806,0.03,0.015,COMPLETED,,0,0.03,0.015,0.32376350625,0.056755384125,2.9459119859000515e-06,6.586219520975915e-21,2.9459119859000583e-06,True,True,True,0.0005208841934802,35.03811526193749,/lustre/fswork/projects/rech/fdb/usv13rn/These_PINN_KH_RT/assets/pinn_supersonic/reviewer_runs/budget_matched_v64/candidates_seeded_32_64.csv,True,1.0
seeded,40,C21,1.45,0.12,5,PINN,0,0.3238221,0.056237806,0.03,0.03,COMPLETED,,0,0.03,0.03,0.32376350625,0.05676514975,2.730361249088844e-06,6.58549873482251e-21,2.730361249088851e-06,True,True,True,0.0005305889729377,34.947753118001856,/lustre/fswork/projects/rech/fdb/usv13rn/These_PINN_KH_RT/assets/pinn_supersonic/reviewer_runs/budget_matched_v64/candidates_seeded_32_64.csv,True,1.0
seeded,40,C21,1.45,0.12,6,PINN,0,0.3238221,0.056237806,0.06,0.008,COMPLETED,,0,0.06,0.008,0.3237830375,0.0567638476666666,6.247201495532628e-06,6.58650784648133e-21,6.247201495532635e-06,True,True,True,0.0005274900131525,35.09436961996835,/lustre/fswork/projects/rech/fdb/usv13rn/These_PINN_KH_RT/assets/pinn_supersonic/reviewer_runs/budget_matched_v64/candidates_seeded_32_64.csv,True,1.0
seeded,40,C21,1.45,0.12,7,PINN,0,0.3238221,0.056237806,0.06,0.015,COMPLETED,,0,0.06,0.015,0.3237830375,0.056755384125,6.360560884765786e-06,6.586796178297632e-21,6.360560884765793e-06,True,True,True,0.0005190500885124,35.01265740999952,/lustre/fswork/projects/rech/fdb/usv13rn/These_PINN_KH_RT/assets/pinn_supersonic/reviewer_runs/budget_matched_v64/candidates_seeded_32_64.csv,True,1.0
seeded,40,C21,1.45,0.12,8,PINN,0,0.3238221,0.056237806,0.06,0.03,COMPLETED,,0,0.06,0.03,0.3237830375,0.05676514975,6.263484475277892e-06,6.5856428888977465e-21,6.263484475277899e-06,True,True,True,0.0005287885301047,32.998914837953635,/lustre/fswork/projects/rech/fdb/usv13rn/These_PINN_KH_RT/assets/pinn_supersonic/reviewer_runs/budget_matched_v64/candidates_seeded_32_64.csv,True,1.0
seeded,40,C21,1.45,0.12,9,PINN,0,0.3238221,0.056237806,0.1,0.008,COMPLETED,,0,0.1,0.008,0.3237569958333333,0.0567638476666666,1.518606362498516e-06,6.5856428888977465e-21,1.5186063624985229e-06,True,True,True,0.000530055079767,28.766886514960788,/lustre/fswork/projects/rech/fdb/usv13rn/These_PINN_KH_RT/assets/pinn_supersonic/reviewer_runs/budget_matched_v64/candidates_seeded_32_64.csv,True,1.0
seeded,40,C21,1.45,0.12,10,PINN,0,0.3238221,0.056237806,0.1,0.015,COMPLETED,,0,0.1,0.015,0.3237569958333333,0.056755384125,1.9322064419605907e-06,6.5863636829397605e-21,1.932206441960597e-06,True,True,True,0.000521656657195,28.79432891996112,/lustre/fswork/projects/rech/fdb/usv13rn/These_PINN_KH_RT/assets/pinn_supersonic/reviewer_runs/budget_matched_v64/candidates_seeded_32_64.csv,True,1.0
seeded,40,C21,1.45,0.12,11,PINN,0,0.3238221,0.056237806,0.1,0.03,COMPLETED,,0,0.1,0.03,0.3237569958333333,0.05676514975,1.5843598890912596e-06,6.5853545823249936e-21,1.5843598890912662e-06,True,True,True,0.0005313473281963,28.66682580695488,/lustre/fswork/projects/rech/fdb/usv13rn/These_PINN_KH_RT/assets/pinn_supersonic/reviewer_runs/budget_matched_v64/candidates_seeded_32_64.csv,True,1.0
seeded,41,C21,1.5,0.205,0,PINN,0,0.38782793,0.02448477,0.015,0.008,COMPLETED,,0,0.015,0.008,0.384517383125,0.0238962283333333,1.1706942599862594e-06,2.9839602555459466e-21,1.1706942599862624e-06,True,True,True,0.0033624547439296,34.98497395392042,/lustre/fswork/projects/rech/fdb/usv13rn/These_PINN_KH_RT/assets/pinn_supersonic/reviewer_runs/budget_matched_v64/candidates_seeded_32_64.csv,True,1.0
seeded,41,C21,1.5,0.205,1,PINN,0,0.38782793,0.02448477,0.015,0.015,COMPLETED,,0,0.015,0.015,0.384517383125,0.023889066875,3.307245988051085e-06,2.985901263580461e-21,3.307245988051088e-06,True,True,True,0.0033637156278001,35.035129237920046,/lustre/fswork/projects/rech/fdb/usv13rn/These_PINN_KH_RT/assets/pinn_supersonic/reviewer_runs/budget_matched_v64/candidates_seeded_32_64.csv,True,1.0
seeded,41,C21,1.5,0.205,2,PINN,0,0.38782793,0.02448477,0.015,0.03,COMPLETED,,0,0.015,0.03,0.384517383125,0.023911040250651,4.891558538309976e-06,2.981631878941645e-21,4.891558538309979e-06,True,True,True,0.003359893813331,35.04346711898688,/lustre/fswork/projects/rech/fdb/usv13rn/These_PINN_KH_RT/assets/pinn_supersonic/reviewer_runs/budget_matched_v64/candidates_seeded_32_64.csv,True,1.0
seeded,41,C21,1.5,0.205,3,PINN,0,0.38782793,0.02448477,0.03,0.008,COMPLETED,,0,0.03,0.008,0.38452714875,0.0238962283333333,4.584570749761118e-06,2.9820198786001564e-21,4.5845707497611216e-06,True,True,True,0.0033528403114008,39.52368489000946,/lustre/fswork/projects/rech/fdb/usv13rn/These_PINN_KH_RT/assets/pinn_supersonic/reviewer_runs/budget_matched_v64/candidates_seeded_32_64.csv,True,1.0
seeded,41,C21,1.5,0.205,4,PINN,0,0.38782793,0.02448477,0.03,0.015,COMPLETED,,0,0.03,0.015,0.38452714875,0.023889066875,5.530394938303784e-06,2.984542491691985e-21,5.530394938303787e-06,True,True,True,0.0033541048095559,34.843485114048235,/lustre/fswork/projects/rech/fdb/usv13rn/These_PINN_KH_RT/assets/pinn_supersonic/reviewer_runs/budget_matched_v64/candidates_seeded_32_64.csv,True,1.0
seeded,41,C21,1.5,0.205,5,PINN,0,0.38782793,0.02448477,0.03,0.03,COMPLETED,,0,0.03,0.03,0.38452714875,0.023911040250651,6.600894281829973e-06,2.981243904526683e-21,6.600894281829977e-06,True,True,True,0.0033502720315878,34.88460227800533,/lustre/fswork/projects/rech/fdb/usv13rn/These_PINN_KH_RT/assets/pinn_supersonic/reviewer_runs/budget_matched_v64/candidates_seeded_32_64.csv,True,1.0
seeded,41,C21,1.5,0.205,6,PINN,0,0.38782793,0.02448477,0.06,0.008,COMPLETED,,0,0.06,0.008,0.3845076175,0.0238962283333333,2.5568059349261534e-06,2.985707134378017e-21,2.5568059349261564e-06,True,True,True,0.0033720700453962,34.68150768696796,/lustre/fswork/projects/rech/fdb/usv13rn/These_PINN_KH_RT/assets/pinn_supersonic/reviewer_runs/budget_matched_v64/candidates_seeded_32_64.csv,True,1.0
seeded,41,C21,1.5,0.205,7,PINN,0,0.38782793,0.02448477,0.06,0.015,COMPLETED,,0,0.06,0.015,0.3845076175,0.023889066875,4.013187279330972e-06,2.9864836890531165e-21,4.013187279330976e-06,True,True,True,0.0033733273352568,34.6857648860896,/lustre/fswork/projects/rech/fdb/usv13rn/These_PINN_KH_RT/assets/pinn_supersonic/reviewer_runs/budget_matched_v64/candidates_seeded_32_64.csv,True,1.0
seeded,41,C21,1.5,0.205,8,PINN,0,0.38782793,0.02448477,0.06,0.03,COMPLETED,,0,0.06,0.03,0.3845076175,0.023911040250651,5.394065952625364e-06,2.982989988186961e-21,5.394065952625368e-06,True,True,True,0.0033695164227147,34.93631472799461,/lustre/fswork/projects/rech/fdb/usv13rn/These_PINN_KH_RT/assets/pinn_supersonic/reviewer_runs/budget_matched_v64/candidates_seeded_32_64.csv,True,1.0
seeded,41,C21,1.5,0.205,9,PINN,0,0.38782793,0.02448477,0.1,0.008,COMPLETED,,0,0.1,0.008,0.3845076174999999,0.0238962283333333,2.5568059349033064e-06,2.9853188949057906e-21,2.5568059349033093e-06,True,True,True,0.0033720700453963,34.77100459206849,/lustre/fswork/projects/rech/fdb/usv13rn/These_PINN_KH_RT/assets/pinn_supersonic/reviewer_runs/budget_matched_v64/candidates_seeded_32_64.csv,True,1.0
seeded,41,C21,1.5,0.205,10,PINN,0,0.38782793,0.02448477,0.1,0.015,COMPLETED,,0,0.1,0.015,0.3845076174999999,0.023889066875,4.013187279203211e-06,2.987454524391954e-21,4.013187279203214e-06,True,True,True,0.0033733273352568,34.7920251369942,/lustre/fswork/projects/rech/fdb/usv13rn/These_PINN_KH_RT/assets/pinn_supersonic/reviewer_runs/budget_matched_v64/candidates_seeded_32_64.csv,True,1.0
seeded,41,C21,1.5,0.205,11,PINN,0,0.38782793,0.02448477,0.1,0.03,COMPLETED,,0,0.1,0.03,0.3845076174999999,0.023911040250651,5.394065952633316e-06,2.9830870078231118e-21,5.39406595263332e-06,True,True,True,0.0033695164227147,41.813834634958766,/lustre/fswork/projects/rech/fdb/usv13rn/These_PINN_KH_RT/assets/pinn_supersonic/reviewer_runs/budget_matched_v64/candidates_seeded_32_64.csv,True,1.0
seeded,42,C21,1.55,0.12,0,PINN,0,0.35996458,0.045422435,0.015,0.008,COMPLETED,,0,0.015,0.008,0.3676110643749999,0.0442401433333333,1.0259141922208456e-06,6.795008102744699e-21,1.0259141922208524e-06,True,True,True,0.007737346889095,36.12214509397745,/lustre/fswork/projects/rech/fdb/usv13rn/These_PINN_KH_RT/assets/pinn_supersonic/reviewer_runs/budget_matched_v64/candidates_seeded_32_64.csv,True,1.0
seeded,42,C21,1.55,0.12,1,PINN,0,0.35996458,0.045422435,0.015,0.015,COMPLETED,,0,0.015,0.015,0.3676110643749999,0.044240794375,1.149589971179022e-06,6.794129560976329e-21,1.1495899711790288e-06,True,True,True,0.0077372474345705,36.08776611601934,/lustre/fswork/projects/rech/fdb/usv13rn/These_PINN_KH_RT/assets/pinn_supersonic/reviewer_runs/budget_matched_v64/candidates_seeded_32_64.csv,True,1.0
seeded,42,C21,1.55,0.12,2,PINN,0,0.35996458,0.045422435,0.015,0.03,COMPLETED,,0,0.015,0.03,0.3676110643749999,0.04423102875,8.231997885184844e-07,6.794568824760766e-21,8.231997885184912e-07,True,True,True,0.0077387448691411,36.171481507015415,/lustre/fswork/projects/rech/fdb/usv13rn/These_PINN_KH_RT/assets/pinn_supersonic/reviewer_runs/budget_matched_v64/candidates_seeded_32_64.csv,True,1.0
seeded,42,C21,1.55,0.12,3,PINN,0,0.35996458,0.045422435,0.03,0.008,COMPLETED,,0,0.03,0.008,0.3676012987499999,0.0442401433333333,2.374874661787512e-06,6.794861675172333e-21,2.374874661787519e-06,True,True,True,0.0077276960894998,36.11306524602696,/lustre/fswork/projects/rech/fdb/usv13rn/These_PINN_KH_RT/assets/pinn_supersonic/reviewer_runs/budget_matched_v64/candidates_seeded_32_64.csv,True,1.0
seeded,42,C21,1.55,0.12,4,PINN,0,0.35996458,0.045422435,0.03,0.015,COMPLETED,,0,0.03,0.015,0.3676012987499999,0.044240794375,2.4308574560194662e-06,6.794422401921565e-21,2.430857456019473e-06,True,True,True,0.0077275965107691,36.12371400697157,/lustre/fswork/projects/rech/fdb/usv13rn/These_PINN_KH_RT/assets/pinn_supersonic/reviewer_runs/budget_matched_v64/candidates_seeded_32_64.csv,True,1.0
seeded,42,C21,1.55,0.12,5,PINN,0,0.35996458,0.045422435,0.03,0.03,COMPLETED,,0,0.03,0.03,0.3676012987499999,0.04423102875,2.2946793957284125e-06,6.794422401921565e-21,2.2946793957284197e-06,True,True,True,0.0077290958151093,36.16039664193522,/lustre/fswork/projects/rech/fdb/usv13rn/These_PINN_KH_RT/assets/pinn_supersonic/reviewer_runs/budget_matched_v64/candidates_seeded_32_64.csv,True,1.0
seeded,42,C21,1.55,0.12,6,PINN,0,0.35996458,0.045422435,0.06,0.008,COMPLETED,,0,0.06,0.008,0.3675817675,0.0442401433333333,6.051748846369956e-06,6.792665450913457e-21,6.051748846369962e-06,True,True,True,0.0077083953579993,36.275976113043725,/lustre/fswork/projects/rech/fdb/usv13rn/These_PINN_KH_RT/assets/pinn_supersonic/reviewer_runs/budget_matched_v64/candidates_seeded_32_64.csv,True,1.0
seeded,42,C21,1.55,0.12,7,PINN,0,0.35996458,0.045422435,0.06,0.015,COMPLETED,,0,0.06,0.015,0.3675817675,0.044240794375,6.073922670412312e-06,6.793104667366241e-21,6.073922670412319e-06,True,True,True,0.0077082955299344,36.14189946709666,/lustre/fswork/projects/rech/fdb/usv13rn/These_PINN_KH_RT/assets/pinn_supersonic/reviewer_runs/budget_matched_v64/candidates_seeded_32_64.csv,True,1.0
seeded,42,C21,1.55,0.12,8,PINN,0,0.35996458,0.045422435,0.06,0.03,COMPLETED,,0,0.06,0.03,0.3675817675,0.04423102875,6.02093955253611e-06,6.793690311391388e-21,6.0209395525361165e-06,True,True,True,0.0077097985876866,36.19095763401128,/lustre/fswork/projects/rech/fdb/usv13rn/These_PINN_KH_RT/assets/pinn_supersonic/reviewer_runs/budget_matched_v64/candidates_seeded_32_64.csv,True,1.0
seeded,42,C21,1.55,0.12,9,PINN,0,0.35996458,0.045422435,0.1,0.008,COMPLETED,,0,0.1,0.008,0.3675817675,0.0442401433333333,6.051748846358859e-06,6.793543898018518e-21,6.051748846358865e-06,True,True,True,0.0077083953579994,36.36090118798893,/lustre/fswork/projects/rech/fdb/usv13rn/These_PINN_KH_RT/assets/pinn_supersonic/reviewer_runs/budget_matched_v64/candidates_seeded_32_64.csv,True,1.0
seeded,42,C21,1.55,0.12,10,PINN,0,0.35996458,0.045422435,0.1,0.015,COMPLETED,,0,0.1,0.015,0.3675817675,0.044240794375,6.073922670469624e-06,6.793543898018518e-21,6.073922670469631e-06,True,True,True,0.0077082955299344,30.923612847924232,/lustre/fswork/projects/rech/fdb/usv13rn/These_PINN_KH_RT/assets/pinn_supersonic/reviewer_runs/budget_matched_v64/candidates_seeded_32_64.csv,True,1.0
seeded,42,C21,1.55,0.12,11,PINN,0,0.35996458,0.045422435,0.1,0.03,COMPLETED,,0,0.1,0.03,0.3675817675,0.04423102875,6.020939552620106e-06,6.793690311391388e-21,6.0209395526201125e-06,True,True,True,0.0077097985876867,29.53941897000186,/lustre/fswork/projects/rech/fdb/usv13rn/These_PINN_KH_RT/assets/pinn_supersonic/reviewer_runs/budget_matched_v64/candidates_seeded_32_64.csv,True,1.0
seeded,43,C21,1.55,0.2,0,PINN,0,0.40326327,0.021394387,0.015,0.008,COMPLETED,,0,0.015,0.008,0.401749598125,0.0216183453333333,2.1155704901970885e-06,4.184053226531882e-21,2.1155704901970927e-06,True,True,True,0.0015301502802781,35.213288419065066,/lustre/fswork/projects/rech/fdb/usv13rn/These_PINN_KH_RT/assets/pinn_supersonic/reviewer_runs/budget_matched_v64/candidates_seeded_32_64.csv,True,1.0
seeded,43,C21,1.55,0.2,1,PINN,0,0.40326327,0.021394387,0.015,0.015,COMPLETED,,0,0.015,0.015,0.401749598125,0.021618996375,2.055018307214045e-06,4.1845128484497e-21,2.0550183072140497e-06,True,True,True,0.0015302457046186,35.16203042899724,/lustre/fswork/projects/rech/fdb/usv13rn/These_PINN_KH_RT/assets/pinn_supersonic/reviewer_runs/budget_matched_v64/candidates_seeded_32_64.csv,True,1.0
seeded,43,C21,1.55,0.2,2,PINN,0,0.40326327,0.021394387,0.015,0.03,COMPLETED,,0,0.015,0.03,0.401749598125,0.021622937774414,2.228971116661402e-06,4.1837085266595975e-21,2.228971116661406e-06,True,True,True,0.001530829187614,35.30410879303236,/lustre/fswork/projects/rech/fdb/usv13rn/These_PINN_KH_RT/assets/pinn_supersonic/reviewer_runs/budget_matched_v64/candidates_seeded_32_64.csv,True,1.0
seeded,43,C21,1.55,0.2,3,PINN,0,0.40326327,0.021394387,0.03,0.008,COMPLETED,,0,0.03,0.008,0.40175936375,0.0216183453333333,1.5961941012348352e-06,4.1837085266595975e-21,1.5961941012348394e-06,True,True,True,0.0015204904944978,35.18930452107452,/lustre/fswork/projects/rech/fdb/usv13rn/These_PINN_KH_RT/assets/pinn_supersonic/reviewer_runs/budget_matched_v64/candidates_seeded_32_64.csv,True,1.0
seeded,43,C21,1.55,0.2,4,PINN,0,0.40326327,0.021394387,0.03,0.015,COMPLETED,,0,0.03,0.015,0.40175936375,0.021618996375,1.5150344849937853e-06,4.183134058426893e-21,1.5150344849937895e-06,True,True,True,0.0015205865250379,35.12021134106908,/lustre/fswork/projects/rech/fdb/usv13rn/These_PINN_KH_RT/assets/pinn_supersonic/reviewer_runs/budget_matched_v64/candidates_seeded_32_64.csv,True,1.0
seeded,43,C21,1.55,0.2,5,PINN,0,0.40326327,0.021394387,0.03,0.03,COMPLETED,,0,0.03,0.03,0.40175936375,0.021622937774414,1.743701733895062e-06,4.1825596296372336e-21,1.7437017338950662e-06,True,True,True,0.0015211737130499,35.22423099097796,/lustre/fswork/projects/rech/fdb/usv13rn/These_PINN_KH_RT/assets/pinn_supersonic/reviewer_runs/budget_matched_v64/candidates_seeded_32_64.csv,True,1.0
seeded,43,C21,1.55,0.2,6,PINN,0,0.40326327,0.021394387,0.06,0.008,COMPLETED,,0,0.06,0.008,0.4017398325,0.0216183453333333,5.510855476101988e-06,4.185662013684772e-21,5.510855476101992e-06,True,True,True,0.0015398114012681,35.18665064696688,/lustre/fswork/projects/rech/fdb/usv13rn/These_PINN_KH_RT/assets/pinn_supersonic/reviewer_runs/budget_matched_v64/candidates_seeded_32_64.csv,True,1.0
seeded,43,C21,1.55,0.2,7,PINN,0,0.40326327,0.021394387,0.06,0.015,COMPLETED,,0,0.06,0.015,0.4017398325,0.021618996375,5.487885736865871e-06,4.1860067940208676e-21,5.487885736865876e-06,True,True,True,0.001539906226932,35.12298470805399,/lustre/fswork/projects/rech/fdb/usv13rn/These_PINN_KH_RT/assets/pinn_supersonic/reviewer_runs/budget_matched_v64/candidates_seeded_32_64.csv,True,1.0
seeded,43,C21,1.55,0.2,8,PINN,0,0.40326327,0.021394387,0.06,0.03,COMPLETED,,0,0.06,0.03,0.4017398325,0.021622937774414,5.555334104200837e-06,4.1860067940208676e-21,5.555334104200841e-06,True,True,True,0.001540486050859,35.26895847299602,/lustre/fswork/projects/rech/fdb/usv13rn/These_PINN_KH_RT/assets/pinn_supersonic/reviewer_runs/budget_matched_v64/candidates_seeded_32_64.csv,True,1.0
seeded,43,C21,1.55,0.2,9,PINN,0,0.40326327,0.021394387,0.1,0.008,COMPLETED,,0,0.1,0.008,0.4017658741666666,0.0216183453333333,3.817508971033175e-06,4.182329869165423e-21,3.817508971033179e-06,True,True,True,0.0015140513917148,35.094314766000025,/lustre/fswork/projects/rech/fdb/usv13rn/These_PINN_KH_RT/assets/pinn_supersonic/reviewer_runs/budget_matched_v64/candidates_seeded_32_64.csv,True,1.0
seeded,43,C21,1.55,0.2,10,PINN,0,0.40326327,0.021394387,0.1,0.015,COMPLETED,,0,0.1,0.015,0.4017658741666666,0.021618996375,3.7842902115038665e-06,4.1817554955960266e-21,3.784290211503871e-06,True,True,True,0.0015141478306367,35.05835313000716,/lustre/fswork/projects/rech/fdb/usv13rn/These_PINN_KH_RT/assets/pinn_supersonic/reviewer_runs/budget_matched_v64/candidates_seeded_32_64.csv,True,1.0
seeded,43,C21,1.55,0.2,11,PINN,0,0.40326327,0.021394387,0.1,0.03,COMPLETED,,0,0.1,0.03,0.4017658741666666,0.021622937774414,3.881463674544393e-06,4.18198524029062e-21,3.8814636745443976e-06,True,True,True,0.0015147375146108,35.20653692795895,/lustre/fswork/projects/rech/fdb/usv13rn/These_PINN_KH_RT/assets/pinn_supersonic/reviewer_runs/budget_matched_v64/candidates_seeded_32_64.csv,True,1.0
seeded,44,C21,1.6,0.12,0,PINN,0,0.38314873,0.039974157,0.015,0.008,COMPLETED,,0,0.015,0.008,0.387650683125,0.039177282,1.9219518000098383e-06,6.882117523100844e-21,1.921951800009845e-06,True,True,True,0.0045719352254075,29.708998654037718,/lustre/fswork/projects/rech/fdb/usv13rn/These_PINN_KH_RT/assets/pinn_supersonic/reviewer_runs/budget_matched_v64/candidates_seeded_32_64.csv,True,1.0
seeded,44,C21,1.6,0.12,1,PINN,0,0.38314873,0.039974157,0.015,0.015,COMPLETED,,0,0.015,0.015,0.387650683125,0.039183141375,2.4944992832551747e-06,6.882559622051374e-21,2.494499283255181e-06,True,True,True,0.0045709175948261,29.76709436508827,/lustre/fswork/projects/rech/fdb/usv13rn/These_PINN_KH_RT/assets/pinn_supersonic/reviewer_runs/budget_matched_v64/candidates_seeded_32_64.csv,True,1.0
seeded,44,C21,1.6,0.12,2,PINN,0,0.38314873,0.039974157,0.015,0.03,COMPLETED,,0,0.015,0.03,0.387650683125,0.03917337575,1.885734427099055e-06,6.882706991523661e-21,1.885734427099062e-06,True,True,True,0.0045726176912189,29.787474618060514,/lustre/fswork/projects/rech/fdb/usv13rn/These_PINN_KH_RT/assets/pinn_supersonic/reviewer_runs/budget_matched_v64/candidates_seeded_32_64.csv,True,1.0
seeded,44,C21,1.6,0.12,3,PINN,0,0.38314873,0.039974157,0.03,0.008,COMPLETED,,0,0.03,0.008,0.38766044875,0.039177282,4.927855789580634e-07,6.883443862550924e-21,4.927855789580702e-07,True,True,True,0.0045815516852619,29.760955324978568,/lustre/fswork/projects/rech/fdb/usv13rn/These_PINN_KH_RT/assets/pinn_supersonic/reviewer_runs/budget_matched_v64/candidates_seeded_32_64.csv,True,1.0
seeded,44,C21,1.6,0.12,4,PINN,0,0.38314873,0.039974157,0.03,0.015,COMPLETED,,0,0.03,0.015,0.38766044875,0.039183141375,1.664805290187442e-06,6.883591241489541e-21,1.6648052901874489e-06,True,True,True,0.0045805361911129,36.41439867194276,/lustre/fswork/projects/rech/fdb/usv13rn/These_PINN_KH_RT/assets/pinn_supersonic/reviewer_runs/budget_matched_v64/candidates_seeded_32_64.csv,True,1.0
seeded,44,C21,1.6,0.12,5,PINN,0,0.38314873,0.039974157,0.03,0.03,COMPLETED,,0,0.03,0.03,0.38766044875,0.03917337575,3.237262911694746e-07,6.883886004099943e-21,3.237262911694815e-07,True,True,True,0.0045822327188231,36.78666433796752,/lustre/fswork/projects/rech/fdb/usv13rn/These_PINN_KH_RT/assets/pinn_supersonic/reviewer_runs/budget_matched_v64/candidates_seeded_32_64.csv,True,1.0
seeded,44,C21,1.6,0.12,6,PINN,0,0.38314873,0.039974157,0.06,0.008,COMPLETED,,0,0.06,0.008,0.3876409175,0.039177282,3.858148487030318e-06,6.881970159939444e-21,3.858148487030324e-06,True,True,True,0.0045623193992509,36.750116420094855,/lustre/fswork/projects/rech/fdb/usv13rn/These_PINN_KH_RT/assets/pinn_supersonic/reviewer_runs/budget_matched_v64/candidates_seeded_32_64.csv,True,1.0
seeded,44,C21,1.6,0.12,7,PINN,0,0.38314873,0.039974157,0.06,0.015,COMPLETED,,0,0.06,0.015,0.3876409175,0.039183141375,4.172931327171584e-06,6.882117523100844e-21,4.172931327171591e-06,True,True,True,0.0045612996233694,36.75627228303347,/lustre/fswork/projects/rech/fdb/usv13rn/These_PINN_KH_RT/assets/pinn_supersonic/reviewer_runs/budget_matched_v64/candidates_seeded_32_64.csv,True,1.0
seeded,44,C21,1.6,0.12,8,PINN,0,0.38314873,0.039974157,0.06,0.03,COMPLETED,,0,0.06,0.03,0.3876409175,0.03917337575,3.840293444621687e-06,6.881380723071063e-21,3.840293444621694e-06,True,True,True,0.0045630033032541,37.21342723595444,/lustre/fswork/projects/rech/fdb/usv13rn/These_PINN_KH_RT/assets/pinn_supersonic/reviewer_runs/budget_matched_v64/candidates_seeded_32_64.csv,True,1.0
seeded,44,C21,1.6,0.12,9,PINN,0,0.38314873,0.039974157,0.1,0.008,COMPLETED,,0,0.1,0.008,0.3876409175,0.039177282,3.858148487024141e-06,6.881822798355766e-21,3.858148487024148e-06,True,True,True,0.0045623193992509,37.0884384510573,/lustre/fswork/projects/rech/fdb/usv13rn/These_PINN_KH_RT/assets/pinn_supersonic/reviewer_runs/budget_matched_v64/candidates_seeded_32_64.csv,True,1.0
seeded,44,C21,1.6,0.12,10,PINN,0,0.38314873,0.039974157,0.1,0.015,COMPLETED,,0,0.1,0.015,0.3876409175,0.039183141375,4.1729313271789104e-06,6.882412254156809e-21,4.172931327178917e-06,True,True,True,0.0045612996233695,36.83409063599538,/lustre/fswork/projects/rech/fdb/usv13rn/These_PINN_KH_RT/assets/pinn_supersonic/reviewer_runs/budget_matched_v64/candidates_seeded_32_64.csv,True,1.0
seeded,44,C21,1.6,0.12,11,PINN,0,0.38314873,0.039974157,0.1,0.03,COMPLETED,,0,0.1,0.03,0.3876409175,0.03917337575,3.84029344461756e-06,6.881822798355766e-21,3.840293444617567e-06,True,True,True,0.0045630033032541,36.82924737699796,/lustre/fswork/projects/rech/fdb/usv13rn/These_PINN_KH_RT/assets/pinn_supersonic/reviewer_runs/budget_matched_v64/candidates_seeded_32_64.csv,True,1.0
seeded,45,C22,1.45,0.235,0,PINN,0,0.3672943,0.017903352,0.015,0.008,COMPLETED,,0,0.015,0.008,0.374511096875,0.0171273103333333,1.7963739222719494e-06,5.282771797523952e-22,1.7963739222719498e-06,True,True,True,0.0072584018766814,44.05244512401987,/lustre/fswork/projects/rech/fdb/usv13rn/These_PINN_KH_RT/assets/pinn_supersonic/reviewer_runs/budget_matched_v64/candidates_seeded_32_64.csv,True,1.0
seeded,45,C22,1.45,0.235,1,PINN,0,0.3672943,0.017903352,0.015,0.015,COMPLETED,,0,0.015,0.015,0.374511096875,0.017131867625,3.493085574059829e-06,5.268083838557461e-22,3.4930855740598294e-06,True,True,True,0.0072579160422175,35.97152089106385,/lustre/fswork/projects/rech/fdb/usv13rn/These_PINN_KH_RT/assets/pinn_supersonic/reviewer_runs/budget_matched_v64/candidates_seeded_32_64.csv,True,1.0
seeded,45,C22,1.45,0.235,2,PINN,0,0.3672943,0.017903352,0.015,0.03,COMPLETED,,0,0.015,0.03,0.374511096875,0.0171392807421875,6.466692350041685e-06,5.251380789628846e-22,6.466692350041686e-06,True,True,True,0.0072571318040962,35.845884675043635,/lustre/fswork/projects/rech/fdb/usv13rn/These_PINN_KH_RT/assets/pinn_supersonic/reviewer_runs/budget_matched_v64/candidates_seeded_32_64.csv,True,1.0
seeded,45,C22,1.45,0.235,3,PINN,0,0.3672943,0.017903352,0.03,0.008,COMPLETED,,0,0.03,0.008,0.37450133125,0.0171273103333333,5.274820530665782e-06,5.27705738378984e-22,5.274820530665783e-06,True,True,True,0.0072486923032281,35.86191267205868,/lustre/fswork/projects/rech/fdb/usv13rn/These_PINN_KH_RT/assets/pinn_supersonic/reviewer_runs/budget_matched_v64/candidates_seeded_32_64.csv,True,1.0
seeded,45,C22,1.45,0.235,4,PINN,0,0.3672943,0.017903352,0.03,0.015,COMPLETED,,0,0.03,0.015,0.37450133125,0.017131867625,6.066216617285927e-06,5.269714824256223e-22,6.066216617285928e-06,True,True,True,0.0072482058179487,35.95090354594868,/lustre/fswork/projects/rech/fdb/usv13rn/These_PINN_KH_RT/assets/pinn_supersonic/reviewer_runs/budget_matched_v64/candidates_seeded_32_64.csv,True,1.0
seeded,45,C22,1.45,0.235,5,PINN,0,0.3672943,0.017903352,0.03,0.03,COMPLETED,,0,0.03,0.03,0.37450133125,0.0171392807421875,8.149708588754083e-06,5.262784878419083e-22,8.149708588754083e-06,True,True,True,0.0072474205290911,35.87896808295045,/lustre/fswork/projects/rech/fdb/usv13rn/These_PINN_KH_RT/assets/pinn_supersonic/reviewer_runs/budget_matched_v64/candidates_seeded_32_64.csv,True,1.0
seeded,45,C22,1.45,0.235,6,PINN,0,0.3672943,0.017903352,0.06,0.008,COMPLETED,,0,0.06,0.008,0.3745208625,0.0171273103333333,3.3034814617991453e-06,5.263192396074111e-22,3.3034814617991457e-06,True,True,True,0.007268111600327,38.21193647501059,/lustre/fswork/projects/rech/fdb/usv13rn/These_PINN_KH_RT/assets/pinn_supersonic/reviewer_runs/budget_matched_v64/candidates_seeded_32_64.csv,True,1.0
seeded,45,C22,1.45,0.235,7,PINN,0,0.3672943,0.017903352,0.06,0.015,COMPLETED,,0,0.06,0.015,0.3745208625,0.017131867625,4.459458276682412e-06,5.255452258532874e-22,4.459458276682413e-06,True,True,True,0.0072676264149497,35.87234764103778,/lustre/fswork/projects/rech/fdb/usv13rn/These_PINN_KH_RT/assets/pinn_supersonic/reviewer_runs/budget_matched_v64/candidates_seeded_32_64.csv,True,1.0
seeded,45,C22,1.45,0.235,8,PINN,0,0.3672943,0.017903352,0.06,0.03,COMPLETED,,0,0.06,0.03,0.3745208625,0.0171392807421875,7.035649815254279e-06,5.250566685174658e-22,7.03564981525428e-06,True,True,True,0.0072668432247724,35.83585645398125,/lustre/fswork/projects/rech/fdb/usv13rn/These_PINN_KH_RT/assets/pinn_supersonic/reviewer_runs/budget_matched_v64/candidates_seeded_32_64.csv,True,1.0
seeded,45,C22,1.45,0.235,9,PINN,0,0.3672943,0.017903352,0.1,0.008,COMPLETED,,0,0.1,0.008,0.3745208625,0.0171273103333333,3.303481461570642e-06,5.264415043702504e-22,3.3034814615706425e-06,True,True,True,0.0072681116003271,35.88345719501376,/lustre/fswork/projects/rech/fdb/usv13rn/These_PINN_KH_RT/assets/pinn_supersonic/reviewer_runs/budget_matched_v64/candidates_seeded_32_64.csv,True,1.0
seeded,45,C22,1.45,0.235,10,PINN,0,0.3672943,0.017903352,0.1,0.015,COMPLETED,,0,0.1,0.015,0.3745208625,0.017131867625,4.4594582762857306e-06,5.255859492197975e-22,4.459458276285731e-06,True,True,True,0.0072676264149497,35.85903053497896,/lustre/fswork/projects/rech/fdb/usv13rn/These_PINN_KH_RT/assets/pinn_supersonic/reviewer_runs/budget_matched_v64/candidates_seeded_32_64.csv,True,1.0
seeded,45,C22,1.45,0.235,11,PINN,0,0.3672943,0.017903352,0.1,0.03,COMPLETED,,0,0.1,0.03,0.3745208625,0.0171392807421875,7.035649815573506e-06,5.249752643829342e-22,7.0356498155735065e-06,True,True,True,0.0072668432247724,35.86777489806991,/lustre/fswork/projects/rech/fdb/usv13rn/These_PINN_KH_RT/assets/pinn_supersonic/reviewer_runs/budget_matched_v64/candidates_seeded_32_64.csv,True,1.0
seeded,46,C22,1.55,0.26,0,PINN,0,0.42387515,0.003822559,0.015,0.008,COMPLETED,,0,0.015,0.008,0.418963040625,0.0011509218582356,3.832341267966812e-06,4.5475918008969545e-21,3.832341267966816e-06,True,True,True,0.0055916422926736,39.62985335092526,/lustre/fswork/projects/rech/fdb/usv13rn/These_PINN_KH_RT/assets/pinn_supersonic/reviewer_runs/budget_matched_v64/candidates_seeded_32_64.csv,True,1.0
seeded,46,C22,1.55,0.26,1,PINN,0,0.42387515,0.003822559,0.015,0.015,COMPLETED,,0,0.015,0.015,0.418963040625,0.0011492337680664,4.02229135148583e-06,4.55945875303447e-21,4.0222913514858345e-06,True,True,True,0.0055924490438138,39.462371172965504,/lustre/fswork/projects/rech/fdb/usv13rn/These_PINN_KH_RT/assets/pinn_supersonic/reviewer_runs/budget_matched_v64/candidates_seeded_32_64.csv,True,1.0
seeded,46,C22,1.55,0.26,2,PINN,0,0.42387515,0.003822559,0.015,0.03,COMPLETED,,0,0.015,0.03,0.418963040625,0.001153278807373,3.813816885293281e-06,4.53047794712992e-21,3.813816885293286e-06,True,True,True,0.0055905165466808,39.44091383600608,/lustre/fswork/projects/rech/fdb/usv13rn/These_PINN_KH_RT/assets/pinn_supersonic/reviewer_runs/budget_matched_v64/candidates_seeded_32_64.csv,True,1.0
seeded,46,C22,1.55,0.26,3,PINN,0,0.42387515,0.003822559,0.03,0.008,COMPLETED,,0,0.03,0.008,0.41897280625,0.0011509218582356,8.62754632535944e-07,4.547232437678165e-21,8.627546325359485e-07,True,True,True,0.0055830653999767,39.53913854900748,/lustre/fswork/projects/rech/fdb/usv13rn/These_PINN_KH_RT/assets/pinn_supersonic/reviewer_runs/budget_matched_v64/candidates_seeded_32_64.csv,True,1.0
seeded,46,C22,1.55,0.26,4,PINN,0,0.42387515,0.003822559,0.03,0.015,COMPLETED,,0,0.03,0.015,0.41897280625,0.0011492337680664,1.4954104168592065e-06,4.55753981417264e-21,1.4954104168592112e-06,True,True,True,0.005583873390296,39.545162047958,/lustre/fswork/projects/rech/fdb/usv13rn/These_PINN_KH_RT/assets/pinn_supersonic/reviewer_runs/budget_matched_v64/candidates_seeded_32_64.csv,True,1.0
seeded,46,C22,1.55,0.26,5,PINN,0,0.42387515,0.003822559,0.03,0.03,COMPLETED,,0,0.03,0.03,0.41897280625,0.001153278807373,7.762735268580356e-07,4.5302388213014425e-21,7.762735268580401e-07,True,True,True,0.0055819379242261,39.55018530704547,/lustre/fswork/projects/rech/fdb/usv13rn/These_PINN_KH_RT/assets/pinn_supersonic/reviewer_runs/budget_matched_v64/candidates_seeded_32_64.csv,True,1.0
seeded,46,C22,1.55,0.26,6,PINN,0,0.42387515,0.003822559,0.06,0.008,COMPLETED,,0,0.06,0.008,0.4189923375,0.0011509218582356,9.452669635937326e-06,4.542562007988048e-21,9.452669635937333e-06,True,True,True,0.0055659233670084,39.44422239204869,/lustre/fswork/projects/rech/fdb/usv13rn/These_PINN_KH_RT/assets/pinn_supersonic/reviewer_runs/budget_matched_v64/candidates_seeded_32_64.csv,True,1.0
seeded,46,C22,1.55,0.26,7,PINN,0,0.42387515,0.003822559,0.06,0.015,COMPLETED,,0,0.06,0.015,0.4189923375,0.0011492337680664,9.5312630725287e-06,4.553343543529103e-21,9.531263072528704e-06,True,True,True,0.0055667338454293,39.31719785998576,/lustre/fswork/projects/rech/fdb/usv13rn/These_PINN_KH_RT/assets/pinn_supersonic/reviewer_runs/budget_matched_v64/candidates_seeded_32_64.csv,True,1.0
seeded,46,C22,1.55,0.26,8,PINN,0,0.42387515,0.003822559,0.06,0.03,COMPLETED,,0,0.06,0.03,0.4189923375,0.001153278807373,9.445139003382837e-06,4.52593563555056e-21,9.44513900338284e-06,True,True,True,0.0055647924181326,39.51156278105918,/lustre/fswork/projects/rech/fdb/usv13rn/These_PINN_KH_RT/assets/pinn_supersonic/reviewer_runs/budget_matched_v64/candidates_seeded_32_64.csv,True,1.0
seeded,46,C22,1.55,0.26,9,PINN,0,0.42387515,0.003822559,0.1,0.008,COMPLETED,,0,0.1,0.008,0.4189923375,0.0011509218582356,9.452669544421606e-06,4.543400113535277e-21,9.452669544421611e-06,True,True,True,0.0055659233670084,39.74665416008793,/lustre/fswork/projects/rech/fdb/usv13rn/These_PINN_KH_RT/assets/pinn_supersonic/reviewer_runs/budget_matched_v64/candidates_seeded_32_64.csv,True,1.0
seeded,46,C22,1.55,0.26,10,PINN,0,0.42387515,0.003822559,0.1,0.015,COMPLETED,,0,0.1,0.015,0.4189923375,0.0011492337680664,9.531262950952822e-06,4.552624376907136e-21,9.531262950952828e-06,True,True,True,0.0055667338454293,39.69703134801239,/lustre/fswork/projects/rech/fdb/usv13rn/These_PINN_KH_RT/assets/pinn_supersonic/reviewer_runs/budget_matched_v64/candidates_seeded_32_64.csv,True,1.0
seeded,46,C22,1.55,0.26,11,PINN,0,0.42387515,0.003822559,0.1,0.03,COMPLETED,,0,0.1,0.03,0.4189923375,0.001153278807373,9.445139344907376e-06,4.525816131800889e-21,9.44513934490738e-06,True,True,True,0.0055647924181326,39.66537923703436,/lustre/fswork/projects/rech/fdb/usv13rn/These_PINN_KH_RT/assets/pinn_supersonic/reviewer_runs/budget_matched_v64/candidates_seeded_32_64.csv,True,1.0
seeded,47,C22,1.6,0.22,0,PINN,0,0.43525052,0.009498814,0.015,0.008,COMPLETED,,0,0.015,0.008,0.425611848125,0.0118061056666666,8.940193036843466e-07,3.538660081249813e-21,8.940193036843501e-07,True,True,True,0.0099109833189741,37.09963246108964,/lustre/fswork/projects/rech/fdb/usv13rn/These_PINN_KH_RT/assets/pinn_supersonic/reviewer_runs/budget_matched_v64/candidates_seeded_32_64.csv,True,1.0
seeded,47,C22,1.6,0.22,1,PINN,0,0.43525052,0.009498814,0.015,0.015,COMPLETED,,0,0.015,0.015,0.425611848125,0.0117990406972656,1.9277754523212363e-06,3.540773786713698e-21,1.92777545232124e-06,True,True,True,0.0099093409656106,37.11344696092419,/lustre/fswork/projects/rech/fdb/usv13rn/These_PINN_KH_RT/assets/pinn_supersonic/reviewer_runs/budget_matched_v64/candidates_seeded_32_64.csv,True,1.0
seeded,47,C22,1.6,0.22,2,PINN,0,0.43525052,0.009498814,0.015,0.03,COMPLETED,,0,0.015,0.03,0.425611848125,0.0118093480410156,2.121445533591894e-06,3.537075216303874e-21,2.1214455335918973e-06,True,True,True,0.0099117386501363,43.35319105302915,/lustre/fswork/projects/rech/fdb/usv13rn/These_PINN_KH_RT/assets/pinn_supersonic/reviewer_runs/budget_matched_v64/candidates_seeded_32_64.csv,True,1.0
seeded,47,C22,1.6,0.22,3,PINN,0,0.43525052,0.009498814,0.03,0.008,COMPLETED,,0,0.03,0.008,0.42562161375,0.0118061056666666,4.182860190424367e-06,3.5383430798616315e-21,4.18286019042437e-06,True,True,True,0.0099014862725935,45.87640156503767,/lustre/fswork/projects/rech/fdb/usv13rn/These_PINN_KH_RT/assets/pinn_supersonic/reviewer_runs/budget_matched_v64/candidates_seeded_32_64.csv,True,1.0
seeded,47,C22,1.6,0.22,4,PINN,0,0.43525052,0.009498814,0.03,0.015,COMPLETED,,0,0.03,0.015,0.42562161375,0.0117990406972656,4.518116244919986e-06,3.53950548770472e-21,4.51811624491999e-06,True,True,True,0.0098998423436993,46.01976281206589,/lustre/fswork/projects/rech/fdb/usv13rn/These_PINN_KH_RT/assets/pinn_supersonic/reviewer_runs/budget_matched_v64/candidates_seeded_32_64.csv,True,1.0
seeded,47,C22,1.6,0.22,5,PINN,0,0.43525052,0.009498814,0.03,0.03,COMPLETED,,0,0.03,0.03,0.42562161375,0.0118093480410156,4.604017094855362e-06,3.536969571262586e-21,4.604017094855365e-06,True,True,True,0.009902242328179,45.56420567398891,/lustre/fswork/projects/rech/fdb/usv13rn/These_PINN_KH_RT/assets/pinn_supersonic/reviewer_runs/budget_matched_v64/candidates_seeded_32_64.csv,True,1.0
seeded,47,C22,1.6,0.22,6,PINN,0,0.43525052,0.009498814,0.06,0.008,COMPLETED,,0,0.06,0.008,0.4256020825,0.0118061056666666,3.5868944700356694e-06,3.541725160065143e-21,3.5868944700356728e-06,True,True,True,0.0099204808868559,45.82572816393804,/lustre/fswork/projects/rech/fdb/usv13rn/These_PINN_KH_RT/assets/pinn_supersonic/reviewer_runs/budget_matched_v64/candidates_seeded_32_64.csv,True,1.0
seeded,47,C22,1.6,0.22,7,PINN,0,0.43525052,0.009498814,0.06,0.015,COMPLETED,,0,0.06,0.015,0.4256020825,0.0117990406972656,3.972841057962758e-06,3.54257093255151e-21,3.972841057962761e-06,True,True,True,0.0099188401060919,45.45557921996806,/lustre/fswork/projects/rech/fdb/usv13rn/These_PINN_KH_RT/assets/pinn_supersonic/reviewer_runs/budget_matched_v64/candidates_seeded_32_64.csv,True,1.0
seeded,47,C22,1.6,0.22,8,PINN,0,0.43525052,0.009498814,0.06,0.03,COMPLETED,,0,0.06,0.03,0.4256020825,0.0118093480410156,4.070306814340858e-06,3.5409851919699664e-21,4.0703068143408615e-06,True,True,True,0.009921235494942,45.27858700195793,/lustre/fswork/projects/rech/fdb/usv13rn/These_PINN_KH_RT/assets/pinn_supersonic/reviewer_runs/budget_matched_v64/candidates_seeded_32_64.csv,True,1.0
seeded,47,C22,1.6,0.22,9,PINN,0,0.43525052,0.009498814,0.1,0.008,COMPLETED,,0,0.1,0.008,0.4255499991666666,0.0118061056666666,2.373673130317753e-05,3.5478592982879306e-21,2.373673130317753e-05,True,True,True,0.009971143328275,45.19417298503686,/lustre/fswork/projects/rech/fdb/usv13rn/These_PINN_KH_RT/assets/pinn_supersonic/reviewer_runs/budget_matched_v64/candidates_seeded_32_64.csv,True,1.0
seeded,47,C22,1.6,0.22,10,PINN,0,0.43525052,0.009498814,0.1,0.015,COMPLETED,,0,0.1,0.015,0.4255499991666666,0.0117990406972656,2.379839692273037e-05,3.548705802837218e-21,2.379839692273037e-05,True,True,True,0.0099695108855323,45.224662825930864,/lustre/fswork/projects/rech/fdb/usv13rn/These_PINN_KH_RT/assets/pinn_supersonic/reviewer_runs/budget_matched_v64/candidates_seeded_32_64.csv,True,1.0
seeded,47,C22,1.6,0.22,11,PINN,0,0.43525052,0.009498814,0.1,0.03,COMPLETED,,0,0.1,0.03,0.4255499991666666,0.0118093480410156,2.3814511597820808e-05,3.54976407551879e-21,2.381451159782081e-05,True,True,True,0.0099718941025578,45.29225509602111,/lustre/fswork/projects/rech/fdb/usv13rn/These_PINN_KH_RT/assets/pinn_supersonic/reviewer_runs/budget_matched_v64/candidates_seeded_32_64.csv,True,1.0
seeded,48,C30,1.7,0.06,0,PINN,0,0.39153728,0.03392075,0.015,0.008,COMPLETED,,0,0.015,0.008,0.3910978268749999,0.0336342916666666,5.690349800069307e-07,1.2878021875318685e-21,5.690349800069319e-07,True,True,True,0.0005245735656783,34.32493197405711,/lustre/fswork/projects/rech/fdb/usv13rn/These_PINN_KH_RT/assets/pinn_supersonic/reviewer_runs/budget_matched_v64/candidates_seeded_32_64.csv,True,1.0
seeded,48,C30,1.7,0.06,1,PINN,0,0.39153728,0.03392075,0.015,0.015,COMPLETED,,0,0.015,0.015,0.3910978268749999,0.0336375468749999,7.166483467918751e-07,1.2883122081951993e-21,7.166483467918764e-07,True,True,True,0.0005228030786846,34.32344309298787,/lustre/fswork/projects/rech/fdb/usv13rn/These_PINN_KH_RT/assets/pinn_supersonic/reviewer_runs/budget_matched_v64/candidates_seeded_32_64.csv,True,1.0
seeded,48,C30,1.7,0.06,2,PINN,0,0.39153728,0.03392075,0.015,0.03,COMPLETED,,0,0.015,0.03,0.3910978268749999,0.0336277812499999,6.296138002013813e-07,1.2879296832313706e-21,6.296138002013826e-07,True,True,True,0.0005281569251168,34.29057832399849,/lustre/fswork/projects/rech/fdb/usv13rn/These_PINN_KH_RT/assets/pinn_supersonic/reviewer_runs/budget_matched_v64/candidates_seeded_32_64.csv,True,1.0
seeded,48,C30,1.7,0.06,3,PINN,0,0.39153728,0.03392075,0.03,0.008,COMPLETED,,0,0.03,0.008,0.3910880612499999,0.0336342916666666,3.604402532367704e-07,1.2877384420487005e-21,3.6044025323677163e-07,True,True,True,0.0005327812516293,34.371188802993856,/lustre/fswork/projects/rech/fdb/usv13rn/These_PINN_KH_RT/assets/pinn_supersonic/reviewer_runs/budget_matched_v64/candidates_seeded_32_64.csv,True,1.0
seeded,48,C30,1.7,0.06,4,PINN,0,0.39153728,0.03392075,0.03,0.015,COMPLETED,,0,0.03,0.015,0.3910880612499999,0.0336375468749999,5.65414131946194e-07,1.2880571852417594e-21,5.654141319461952e-07,True,True,True,0.0005310381298564,33.474895305000246,/lustre/fswork/projects/rech/fdb/usv13rn/These_PINN_KH_RT/assets/pinn_supersonic/reviewer_runs/budget_matched_v64/candidates_seeded_32_64.csv,True,1.0
seeded,48,C30,1.7,0.06,5,PINN,0,0.39153728,0.03392075,0.03,0.03,COMPLETED,,0,0.03,0.03,0.3910880612499999,0.0336277812499999,4.500150084393754e-07,1.2874834758932457e-21,4.500150084393767e-07,True,True,True,0.0005363097741307,27.883915874990635,/lustre/fswork/projects/rech/fdb/usv13rn/These_PINN_KH_RT/assets/pinn_supersonic/reviewer_runs/budget_matched_v64/candidates_seeded_32_64.csv,True,1.0
seeded,48,C30,1.7,0.06,6,PINN,0,0.39153728,0.03392075,0.06,0.008,COMPLETED,,0,0.06,0.008,0.3911075924999999,0.0336342916666666,1.369077329436523e-06,1.2885034919763582e-21,1.3690773294365243e-06,True,True,True,0.0005164201045587,27.99262216105126,/lustre/fswork/projects/rech/fdb/usv13rn/These_PINN_KH_RT/assets/pinn_supersonic/reviewer_runs/budget_matched_v64/candidates_seeded_32_64.csv,True,1.0
seeded,48,C30,1.7,0.06,7,PINN,0,0.39153728,0.03392075,0.06,0.015,COMPLETED,,0,0.06,0.015,0.3911075924999999,0.0336375468749999,1.4367065721006932e-06,1.288822329832726e-21,1.4367065721006945e-06,True,True,True,0.0005146215674319,27.91461373306811,/lustre/fswork/projects/rech/fdb/usv13rn/These_PINN_KH_RT/assets/pinn_supersonic/reviewer_runs/budget_matched_v64/candidates_seeded_32_64.csv,True,1.0
seeded,48,C30,1.7,0.06,8,PINN,0,0.39153728,0.03392075,0.06,0.03,COMPLETED,,0,0.06,0.03,0.3911075924999999,0.0336277812499999,1.3953780977833376e-06,1.287993433447704e-21,1.395378097783339e-06,True,True,True,0.0005200596467069,27.870736282900907,/lustre/fswork/projects/rech/fdb/usv13rn/These_PINN_KH_RT/assets/pinn_supersonic/reviewer_runs/budget_matched_v64/candidates_seeded_32_64.csv,True,1.0
seeded,48,C30,1.7,0.06,9,PINN,0,0.39153728,0.03392075,0.1,0.008,COMPLETED,,0,0.1,0.008,0.3910815508333333,0.0336342916666666,8.68465563725076e-07,1.28722853498134e-21,8.684655637250773e-07,True,True,True,0.0005382819429321,27.847813035943545,/lustre/fswork/projects/rech/fdb/usv13rn/These_PINN_KH_RT/assets/pinn_supersonic/reviewer_runs/budget_matched_v64/candidates_seeded_32_64.csv,True,1.0
seeded,48,C30,1.7,0.06,10,PINN,0,0.39153728,0.03392075,0.1,0.015,COMPLETED,,0,0.1,0.015,0.3910815508333333,0.0336375468749999,9.715870110346982e-07,1.2879296832313706e-21,9.715870110346997e-07,True,True,True,0.0005365566916556,27.931502323015597,/lustre/fswork/projects/rech/fdb/usv13rn/These_PINN_KH_RT/assets/pinn_supersonic/reviewer_runs/budget_matched_v64/candidates_seeded_32_64.csv,True,1.0
seeded,48,C30,1.7,0.06,11,PINN,0,0.39153728,0.03392075,0.1,0.03,COMPLETED,,0,0.1,0.03,0.3910815508333333,0.0336277812499999,9.093190986943874e-07,1.2867824491277949e-21,9.093190986943888e-07,True,True,True,0.0005417746411814,27.91722691594623,/lustre/fswork/projects/rech/fdb/usv13rn/These_PINN_KH_RT/assets/pinn_supersonic/reviewer_runs/budget_matched_v64/candidates_seeded_32_64.csv,True,1.0
seeded,49,C30,1.7,0.075,0,PINN,0,0.4007553,0.036494035,0.015,0.008,COMPLETED,,0,0.015,0.008,0.4008236593749999,0.0347179933333333,6.076227645561291e-07,2.428750610338281e-21,6.076227645561316e-07,True,True,True,0.0017773567469381,28.5300735339988,/lustre/fswork/projects/rech/fdb/usv13rn/These_PINN_KH_RT/assets/pinn_supersonic/reviewer_runs/budget_matched_v64/candidates_seeded_32_64.csv,True,1.0
seeded,49,C30,1.7,0.075,1,PINN,0,0.4007553,0.036494035,0.015,0.015,COMPLETED,,0,0.015,0.015,0.4008236593749999,0.034706925625,8.965321688055713e-07,2.4283129148093237e-21,8.965321688055738e-07,True,True,True,0.0017884163168466,28.63874160102569,/lustre/fswork/projects/rech/fdb/usv13rn/These_PINN_KH_RT/assets/pinn_supersonic/reviewer_runs/budget_matched_v64/candidates_seeded_32_64.csv,True,1.0
seeded,49,C30,1.7,0.075,2,PINN,0,0.4007553,0.036494035,0.015,0.03,COMPLETED,,0,0.015,0.03,0.4008236593749999,0.03471669125,5.022948365786754e-07,2.429013246588317e-21,5.022948365786778e-07,True,True,True,0.0017786578675547,28.615877932985317,/lustre/fswork/projects/rech/fdb/usv13rn/These_PINN_KH_RT/assets/pinn_supersonic/reviewer_runs/budget_matched_v64/candidates_seeded_32_64.csv,True,1.0
seeded,49,C30,1.7,0.075,3,PINN,0,0.4007553,0.036494035,0.03,0.008,COMPLETED,,0,0.03,0.008,0.4008138937499999,0.0347179933333333,8.673022453891516e-07,2.428487988287741e-21,8.673022453891541e-07,True,True,True,0.0017770079429409,28.602025169995613,/lustre/fswork/projects/rech/fdb/usv13rn/These_PINN_KH_RT/assets/pinn_supersonic/reviewer_runs/budget_matched_v64/candidates_seeded_32_64.csv,True,1.0
seeded,49,C30,1.7,0.075,4,PINN,0,0.4007553,0.036494035,0.03,0.015,COMPLETED,,0,0.03,0.015,0.4008138937499999,0.034706925625,1.0894066173541088e-06,2.4274376420805444e-21,1.089406617354111e-06,True,True,True,0.0017880696702734,28.63013968791347,/lustre/fswork/projects/rech/fdb/usv13rn/These_PINN_KH_RT/assets/pinn_supersonic/reviewer_runs/budget_matched_v64/candidates_seeded_32_64.csv,True,1.0
seeded,49,C30,1.7,0.075,5,PINN,0,0.4007553,0.036494035,0.03,0.03,COMPLETED,,0,0.03,0.03,0.4008138937499999,0.03471669125,7.970687920065177e-07,2.4285755273935327e-21,7.970687920065202e-07,True,True,True,0.001778309318764,28.69092085200828,/lustre/fswork/projects/rech/fdb/usv13rn/These_PINN_KH_RT/assets/pinn_supersonic/reviewer_runs/budget_matched_v64/candidates_seeded_32_64.csv,True,1.0
seeded,49,C30,1.7,0.075,6,PINN,0,0.4007553,0.036494035,0.06,0.008,COMPLETED,,0,0.06,0.008,0.4007943624999999,0.0347179933333333,3.0129951634011867e-06,2.4274376420805444e-21,3.012995163401189e-06,True,True,True,0.0017764711876758,28.622599079972133,/lustre/fswork/projects/rech/fdb/usv13rn/These_PINN_KH_RT/assets/pinn_supersonic/reviewer_runs/budget_matched_v64/candidates_seeded_32_64.csv,True,1.0
seeded,49,C30,1.7,0.075,7,PINN,0,0.4007553,0.036494035,0.06,0.015,COMPLETED,,0,0.06,0.015,0.4007943624999999,0.034706925625,3.084435441875368e-06,2.4257750585582232e-21,3.08443544187537e-06,True,True,True,0.001787536236589,28.64202990895137,/lustre/fswork/projects/rech/fdb/usv13rn/These_PINN_KH_RT/assets/pinn_supersonic/reviewer_runs/budget_matched_v64/candidates_seeded_32_64.csv,True,1.0
seeded,49,C30,1.7,0.075,8,PINN,0,0.4007553,0.036494035,0.06,0.03,COMPLETED,,0,0.06,0.03,0.4007943624999999,0.03471669125,2.993556199854457e-06,2.426737537493492e-21,2.9935561998544598e-06,True,True,True,0.0017777729564177,28.67175949201919,/lustre/fswork/projects/rech/fdb/usv13rn/These_PINN_KH_RT/assets/pinn_supersonic/reviewer_runs/budget_matched_v64/candidates_seeded_32_64.csv,True,1.0
seeded,49,C30,1.7,0.075,9,PINN,0,0.4007553,0.036494035,0.1,0.008,COMPLETED,,0,0.1,0.008,0.4008204041666667,0.0347179933333333,4.656663831321398e-07,2.4285755273935327e-21,4.656663831321422e-07,True,True,True,0.0017772345242689,28.656580468988977,/lustre/fswork/projects/rech/fdb/usv13rn/These_PINN_KH_RT/assets/pinn_supersonic/reviewer_runs/budget_matched_v64/candidates_seeded_32_64.csv,True,1.0
seeded,49,C30,1.7,0.075,10,PINN,0,0.4007553,0.036494035,0.1,0.015,COMPLETED,,0,0.1,0.015,0.4008204041666667,0.0347069256249999,8.070837379980562e-07,2.4276126840045257e-21,8.070837379980587e-07,True,True,True,0.0017882948500541,28.641126709990203,/lustre/fswork/projects/rech/fdb/usv13rn/These_PINN_KH_RT/assets/pinn_supersonic/reviewer_runs/budget_matched_v64/candidates_seeded_32_64.csv,True,1.0
seeded,49,C30,1.7,0.075,11,PINN,0,0.4007553,0.036494035,0.1,0.03,COMPLETED,,0,0.1,0.03,0.4008204041666667,0.03471669125,3.1613179885130853e-07,2.4288381541772376e-21,3.1613179885131096e-07,True,True,True,0.0017785357342998,28.68156250298489,/lustre/fswork/projects/rech/fdb/usv13rn/These_PINN_KH_RT/assets/pinn_supersonic/reviewer_runs/budget_matched_v64/candidates_seeded_32_64.csv,True,1.0
seeded,50,C30,1.75,0.055,0,PINN,0,0.40652746,0.029275361,0.015,0.008,COMPLETED,,0,0.015,0.008,0.4075528506250001,0.0290618193333333,2.696982407871507e-07,8.827112145874734e-22,2.696982407871516e-07,True,True,True,0.0010473900788344,27.913913547061384,/lustre/fswork/projects/rech/fdb/usv13rn/These_PINN_KH_RT/assets/pinn_supersonic/reviewer_runs/budget_matched_v64/candidates_seeded_32_64.csv,True,1.0
seeded,50,C30,1.75,0.055,1,PINN,0,0.40652746,0.029275361,0.015,0.015,COMPLETED,,0,0.015,0.015,0.4075528506250001,0.029070282875,7.939359580027052e-07,8.834502384161461e-22,7.939359580027061e-07,True,True,True,0.001045697361186,27.933697180007584,/lustre/fswork/projects/rech/fdb/usv13rn/These_PINN_KH_RT/assets/pinn_supersonic/reviewer_runs/budget_matched_v64/candidates_seeded_32_64.csv,True,1.0
seeded,50,C30,1.75,0.055,2,PINN,0,0.40652746,0.029275361,0.015,0.03,COMPLETED,,0,0.015,0.03,0.4075528506250001,0.0290520076767578,7.376245415020543e-07,8.8234181863569e-22,7.376245415020552e-07,True,True,True,0.0010494344385626,28.036468385951597,/lustre/fswork/projects/rech/fdb/usv13rn/These_PINN_KH_RT/assets/pinn_supersonic/reviewer_runs/budget_matched_v64/candidates_seeded_32_64.csv,True,1.0
seeded,50,C30,1.75,0.055,3,PINN,0,0.40652746,0.029275361,0.03,0.008,COMPLETED,,0,0.03,0.008,0.40756261625,0.0290618193333333,1.031001767466972e-06,8.829223326983722e-22,1.0310017674669728e-06,True,True,True,0.0010569524612379,27.82758569298312,/lustre/fswork/projects/rech/fdb/usv13rn/These_PINN_KH_RT/assets/pinn_supersonic/reviewer_runs/budget_matched_v64/candidates_seeded_32_64.csv,True,1.0
seeded,50,C30,1.75,0.055,4,PINN,0,0.40652746,0.029275361,0.03,0.015,COMPLETED,,0,0.03,0.015,0.40756261625,0.029070282875,1.2730001107684036e-06,8.835558384923626e-22,1.2730001107684045e-06,True,True,True,0.0010552750822736,27.893320858944207,/lustre/fswork/projects/rech/fdb/usv13rn/These_PINN_KH_RT/assets/pinn_supersonic/reviewer_runs/budget_matched_v64/candidates_seeded_32_64.csv,True,1.0
seeded,50,C30,1.75,0.055,5,PINN,0,0.40652746,0.029275361,0.03,0.03,COMPLETED,,0,0.03,0.03,0.40756261625,0.0290520076767578,1.2387293266242014e-06,8.827112145874734e-22,1.2387293266242025e-06,True,True,True,0.0010589783609297,27.958831374999136,/lustre/fswork/projects/rech/fdb/usv13rn/These_PINN_KH_RT/assets/pinn_supersonic/reviewer_runs/budget_matched_v64/candidates_seeded_32_64.csv,True,1.0
seeded,50,C30,1.75,0.055,6,PINN,0,0.40652746,0.029275361,0.06,0.008,COMPLETED,,0,0.06,0.008,0.4075821475,0.0290618193333333,2.5713461786977966e-06,8.833974407446206e-22,2.571346178697797e-06,True,True,True,0.0010760881776411,27.95534032699652,/lustre/fswork/projects/rech/fdb/usv13rn/These_PINN_KH_RT/assets/pinn_supersonic/reviewer_runs/budget_matched_v64/candidates_seeded_32_64.csv,True,1.0
seeded,50,C30,1.75,0.055,7,PINN,0,0.40652746,0.029275361,0.06,0.015,COMPLETED,,0,0.06,0.015,0.4075821475,0.029070282875,2.677504840467802e-06,8.839254884573574e-22,2.6775048404678027e-06,True,True,True,0.0010744406730991,27.912196228047836,/lustre/fswork/projects/rech/fdb/usv13rn/These_PINN_KH_RT/assets/pinn_supersonic/reviewer_runs/budget_matched_v64/candidates_seeded_32_64.csv,True,1.0
seeded,50,C30,1.75,0.055,8,PINN,0,0.40652746,0.029275361,0.06,0.03,COMPLETED,,0,0.06,0.03,0.4075821475,0.0290520076767578,2.6615610514909173e-06,8.833446446508169e-22,2.661561051490918e-06,True,True,True,0.001078078118533,27.94803460210096,/lustre/fswork/projects/rech/fdb/usv13rn/These_PINN_KH_RT/assets/pinn_supersonic/reviewer_runs/budget_matched_v64/candidates_seeded_32_64.csv,True,1.0
seeded,50,C30,1.75,0.055,9,PINN,0,0.40652746,0.029275361,0.1,0.008,COMPLETED,,0,0.1,0.008,0.4075040225,0.0290618193333333,3.598813788478044e-06,8.814450360366085e-22,3.5988137884780444e-06,True,True,True,0.0009996371140614,27.9070035610348,/lustre/fswork/projects/rech/fdb/usv13rn/These_PINN_KH_RT/assets/pinn_supersonic/reviewer_runs/budget_matched_v64/candidates_seeded_32_64.csv,True,1.0
seeded,50,C30,1.75,0.055,10,PINN,0,0.40652746,0.029275361,0.1,0.015,COMPLETED,,0,0.1,0.015,0.4075040225,0.029070282875,3.6752935262085647e-06,8.820252550653119e-22,3.6752935262085656e-06,True,True,True,0.000997863394338,27.87246069102548,/lustre/fswork/projects/rech/fdb/usv13rn/These_PINN_KH_RT/assets/pinn_supersonic/reviewer_runs/budget_matched_v64/candidates_seeded_32_64.csv,True,1.0
seeded,50,C30,1.75,0.055,11,PINN,0,0.40652746,0.029275361,0.1,0.03,COMPLETED,,0,0.1,0.03,0.4075040225,0.0290520076767578,3.6638526733437183e-06,8.810231784680452e-22,3.663852673343719e-06,True,True,True,0.0010017789294099,27.952572882990356,/lustre/fswork/projects/rech/fdb/usv13rn/These_PINN_KH_RT/assets/pinn_supersonic/reviewer_runs/budget_matched_v64/candidates_seeded_32_64.csv,True,1.0
seeded,51,C30,1.75,0.115,0,PINN,0,0.44282287,0.026433159,0.015,0.008,COMPLETED,,0,0.015,0.008,0.439043573125,0.0283758673333333,1.8919563447843005e-06,6.244636165970963e-21,1.8919563447843064e-06,True,True,True,0.00424937648812,30.53900670609437,/lustre/fswork/projects/rech/fdb/usv13rn/These_PINN_KH_RT/assets/pinn_supersonic/reviewer_runs/budget_matched_v64/candidates_seeded_32_64.csv,True,1.0
seeded,51,C30,1.75,0.115,1,PINN,0,0.44282287,0.026433159,0.015,0.015,COMPLETED,,0,0.015,0.015,0.439043573125,0.028376518375,1.9120072231973304e-06,6.243653593170717e-21,1.9120072231973368e-06,True,True,True,0.0042496741674844,30.53629980690312,/lustre/fswork/projects/rech/fdb/usv13rn/These_PINN_KH_RT/assets/pinn_supersonic/reviewer_runs/budget_matched_v64/candidates_seeded_32_64.csv,True,1.0
seeded,51,C30,1.75,0.115,2,PINN,0,0.44282287,0.026433159,0.015,0.03,COMPLETED,,0,0.015,0.03,0.439043573125,0.0283582675843099,3.910631003213774e-06,6.243653593170717e-21,3.91063100321378e-06,True,True,True,0.0042413592079388,30.56386663008016,/lustre/fswork/projects/rech/fdb/usv13rn/These_PINN_KH_RT/assets/pinn_supersonic/reviewer_runs/budget_matched_v64/candidates_seeded_32_64.csv,True,1.0
seeded,51,C30,1.75,0.115,3,PINN,0,0.44282287,0.026433159,0.03,0.008,COMPLETED,,0,0.03,0.008,0.43905333875,0.0283758673333333,2.584480454605784e-07,6.245338051017079e-21,2.584480454605846e-07,True,True,True,0.0042406935179436,30.489484225050543,/lustre/fswork/projects/rech/fdb/usv13rn/These_PINN_KH_RT/assets/pinn_supersonic/reviewer_runs/budget_matched_v64/candidates_seeded_32_64.csv,True,1.0
seeded,51,C30,1.75,0.115,4,PINN,0,0.44282287,0.026433159,0.03,0.015,COMPLETED,,0,0.03,0.015,0.43905333875,0.028376518375,3.782819912635493e-07,6.245197670852412e-21,3.782819912635556e-07,True,True,True,0.0042409918067742,30.463961702072996,/lustre/fswork/projects/rech/fdb/usv13rn/These_PINN_KH_RT/assets/pinn_supersonic/reviewer_runs/budget_matched_v64/candidates_seeded_32_64.csv,True,1.0
seeded,51,C30,1.75,0.115,5,PINN,0,0.44282287,0.026433159,0.03,0.03,COMPLETED,,0,0.03,0.03,0.43905333875,0.0283582675843099,3.432002415089369e-06,6.244916915256244e-21,3.4320024150893754e-06,True,True,True,0.0042326597909718,30.527840082068,/lustre/fswork/projects/rech/fdb/usv13rn/These_PINN_KH_RT/assets/pinn_supersonic/reviewer_runs/budget_matched_v64/candidates_seeded_32_64.csv,True,1.0
seeded,51,C30,1.75,0.115,6,PINN,0,0.44282287,0.026433159,0.06,0.008,COMPLETED,,0,0.06,0.008,0.4390338075,0.0283758673333333,3.907847715413703e-06,6.243653593170717e-21,3.907847715413709e-06,True,True,True,0.0042580641490363,30.51348227495328,/lustre/fswork/projects/rech/fdb/usv13rn/These_PINN_KH_RT/assets/pinn_supersonic/reviewer_runs/budget_matched_v64/candidates_seeded_32_64.csv,True,1.0
seeded,51,C30,1.75,0.115,7,PINN,0,0.44282287,0.026433159,0.06,0.015,COMPLETED,,0,0.06,0.015,0.4390338075,0.028376518375,3.917580651112587e-06,6.2429518027879085e-21,3.917580651112593e-06,True,True,True,0.0042583612210927,36.2992318229517,/lustre/fswork/projects/rech/fdb/usv13rn/These_PINN_KH_RT/assets/pinn_supersonic/reviewer_runs/budget_matched_v64/candidates_seeded_32_64.csv,True,1.0
seeded,51,C30,1.75,0.115,8,PINN,0,0.44282287,0.026433159,0.06,0.03,COMPLETED,,0,0.06,0.03,0.4390338075,0.0283582675843099,5.195059794829226e-06,6.2428114494445125e-21,5.195059794829232e-06,True,True,True,0.0042500632572103,37.68944028392434,/lustre/fswork/projects/rech/fdb/usv13rn/These_PINN_KH_RT/assets/pinn_supersonic/reviewer_runs/budget_matched_v64/candidates_seeded_32_64.csv,True,1.0
seeded,51,C30,1.75,0.115,9,PINN,0,0.44282287,0.026433159,0.1,0.008,COMPLETED,,0,0.1,0.008,0.4391119324999999,0.0283758673333333,1.227439502540855e-05,6.2522186117949685e-21,1.2274395025408556e-05,True,True,True,0.0041886958349001,37.635479291086085,/lustre/fswork/projects/rech/fdb/usv13rn/These_PINN_KH_RT/assets/pinn_supersonic/reviewer_runs/budget_matched_v64/candidates_seeded_32_64.csv,True,1.0
seeded,51,C30,1.75,0.115,10,PINN,0,0.44282287,0.026433159,0.1,0.015,COMPLETED,,0,0.1,0.015,0.4391119324999999,0.028376518375,1.2277442144436789e-05,6.251656791369157e-21,1.2277442144436795e-05,True,True,True,0.0041889978263669,37.60788631706964,/lustre/fswork/projects/rech/fdb/usv13rn/These_PINN_KH_RT/assets/pinn_supersonic/reviewer_runs/budget_matched_v64/candidates_seeded_32_64.csv,True,1.0
seeded,51,C30,1.75,0.115,11,PINN,0,0.44282287,0.026433159,0.1,0.03,COMPLETED,,0,0.1,0.03,0.4391119324999999,0.0283582675843099,1.2743918571020918e-05,6.250954551335635e-21,1.2743918571020923e-05,True,True,True,0.0041805621859135,37.55553674104158,/lustre/fswork/projects/rech/fdb/usv13rn/These_PINN_KH_RT/assets/pinn_supersonic/reviewer_runs/budget_matched_v64/candidates_seeded_32_64.csv,True,1.0
seeded,52,C30,1.8,0.115,0,PINN,0,0.46154898,0.023167498,0.015,0.008,COMPLETED,,0,0.015,0.008,0.4550548393749999,0.025433123,6.066983580515398e-07,6.2149125307727336e-21,6.06698358051546e-07,True,True,True,0.0068780025514607,38.001008162042126,/lustre/fswork/projects/rech/fdb/usv13rn/These_PINN_KH_RT/assets/pinn_supersonic/reviewer_runs/budget_matched_v64/candidates_seeded_32_64.csv,True,1.0
seeded,52,C30,1.8,0.115,1,PINN,0,0.46154898,0.023167498,0.015,0.015,COMPLETED,,0,0.015,0.015,0.4550548393749999,0.025423357375,2.057182136909725e-06,6.2150525701494886e-21,2.057182136909731e-06,True,True,True,0.0068747919224549,37.9862530969549,/lustre/fswork/projects/rech/fdb/usv13rn/These_PINN_KH_RT/assets/pinn_supersonic/reviewer_runs/budget_matched_v64/candidates_seeded_32_64.csv,True,1.0
seeded,52,C30,1.8,0.115,2,PINN,0,0.46154898,0.023167498,0.015,0.03,COMPLETED,,0,0.015,0.03,0.4550548393749999,0.0254418032441406,2.0217213874215245e-06,6.215892839542182e-21,2.021721387421531e-06,True,True,True,0.0068808667187209,38.146496606990695,/lustre/fswork/projects/rech/fdb/usv13rn/These_PINN_KH_RT/assets/pinn_supersonic/reviewer_runs/budget_matched_v64/candidates_seeded_32_64.csv,True,1.0
seeded,52,C30,1.8,0.115,3,PINN,0,0.46154898,0.023167498,0.03,0.008,COMPLETED,,0,0.03,0.008,0.45504507375,0.025433123,1.468413631021142e-06,6.2153326536361655e-21,1.468413631021148e-06,True,True,True,0.0068872239073094,38.03515100502409,/lustre/fswork/projects/rech/fdb/usv13rn/These_PINN_KH_RT/assets/pinn_supersonic/reviewer_runs/budget_matched_v64/candidates_seeded_32_64.csv,True,1.0
seeded,52,C30,1.8,0.115,4,PINN,0,0.46154898,0.023167498,0.03,0.015,COMPLETED,,0,0.03,0.015,0.45504507375,0.025423357375,2.453722685368226e-06,6.2136522473794134e-21,2.4537226853682323e-06,True,True,True,0.0068840175790424,38.04590580705553,/lustre/fswork/projects/rech/fdb/usv13rn/These_PINN_KH_RT/assets/pinn_supersonic/reviewer_runs/budget_matched_v64/candidates_seeded_32_64.csv,True,1.0
seeded,52,C30,1.8,0.115,5,PINN,0,0.46154898,0.023167498,0.03,0.03,COMPLETED,,0,0.03,0.03,0.45504507375,0.0254418032441406,2.4239559584144766e-06,6.21561274343373e-21,2.423955958414483e-06,True,True,True,0.0068900842413075,38.22551377792843,/lustre/fswork/projects/rech/fdb/usv13rn/These_PINN_KH_RT/assets/pinn_supersonic/reviewer_runs/budget_matched_v64/candidates_seeded_32_64.csv,True,1.0
seeded,52,C30,1.8,0.115,6,PINN,0,0.46154898,0.023167498,0.06,0.008,COMPLETED,,0,0.06,0.008,0.4550255425,0.025433123,5.595092743869605e-06,6.2129521451589426e-21,5.595092743869611e-06,True,True,True,0.0069056711083739,38.03439804399386,/lustre/fswork/projects/rech/fdb/usv13rn/These_PINN_KH_RT/assets/pinn_supersonic/reviewer_runs/budget_matched_v64/candidates_seeded_32_64.csv,True,1.0
seeded,52,C30,1.8,0.115,7,PINN,0,0.46154898,0.023167498,0.06,0.015,COMPLETED,,0,0.06,0.015,0.4550255425,0.025423357375,5.930840452005641e-06,6.210852075155805e-21,5.930840452005647e-06,True,True,True,0.006902473349183,38.01811262895353,/lustre/fswork/projects/rech/fdb/usv13rn/These_PINN_KH_RT/assets/pinn_supersonic/reviewer_runs/budget_matched_v64/candidates_seeded_32_64.csv,True,1.0
seeded,52,C30,1.8,0.115,8,PINN,0,0.46154898,0.023167498,0.06,0.03,COMPLETED,,0,0.06,0.03,0.4550255425,0.0254418032441406,5.917841941878718e-06,6.212532102759323e-21,5.917841941878724e-06,True,True,True,0.0069085238046873,38.06773118302226,/lustre/fswork/projects/rech/fdb/usv13rn/These_PINN_KH_RT/assets/pinn_supersonic/reviewer_runs/budget_matched_v64/candidates_seeded_32_64.csv,True,1.0
seeded,52,C30,1.8,0.115,9,PINN,0,0.46154898,0.023167498,0.1,0.008,COMPLETED,,0,0.1,0.008,0.4551036675,0.025433123,1.0918168799236766e-05,6.2230374225987184e-21,1.0918168799236773e-05,True,True,True,0.0068319184614046,38.10053405200597,/lustre/fswork/projects/rech/fdb/usv13rn/These_PINN_KH_RT/assets/pinn_supersonic/reviewer_runs/budget_matched_v64/candidates_seeded_32_64.csv,True,1.0
seeded,52,C30,1.8,0.115,10,PINN,0,0.46154898,0.023167498,0.1,0.015,COMPLETED,,0,0.1,0.015,0.4551036675,0.025423357375,1.109449035182928e-05,6.2219164323197376e-21,1.1094490351829288e-05,True,True,True,0.0068286861651734,38.18198815302458,/lustre/fswork/projects/rech/fdb/usv13rn/These_PINN_KH_RT/assets/pinn_supersonic/reviewer_runs/budget_matched_v64/candidates_seeded_32_64.csv,True,1.0
seeded,52,C30,1.8,0.115,11,PINN,0,0.46154898,0.023167498,0.1,0.03,COMPLETED,,0,0.1,0.03,0.4551036675,0.0254418032441406,1.108635701518846e-05,6.22317755348334e-21,1.1086357015188466e-05,True,True,True,0.0068348019405233,38.25537875189912,/lustre/fswork/projects/rech/fdb/usv13rn/These_PINN_KH_RT/assets/pinn_supersonic/reviewer_runs/budget_matched_v64/candidates_seeded_32_64.csv,True,1.0
seeded,53,C30,1.9,0.075,0,PINN,0,0.48286277,0.021812832,0.015,0.008,COMPLETED,,0,0.015,0.008,0.4689076918750001,0.022609707,3.109119155196232e-07,1.979021323816144e-21,3.109119155196252e-07,True,True,True,0.0139778115325853,36.25890828296542,/lustre/fswork/projects/rech/fdb/usv13rn/These_PINN_KH_RT/assets/pinn_supersonic/reviewer_runs/budget_matched_v64/candidates_seeded_32_64.csv,True,1.0
seeded,53,C30,1.9,0.075,1,PINN,0,0.48286277,0.021812832,0.015,0.015,COMPLETED,,0,0.015,0.015,0.4689076918750001,0.022603847625,5.922630172937989e-07,1.9781521623927978e-21,5.922630172938009e-07,True,True,True,0.0139774787137682,36.18851268105209,/lustre/fswork/projects/rech/fdb/usv13rn/These_PINN_KH_RT/assets/pinn_supersonic/reviewer_runs/budget_matched_v64/candidates_seeded_32_64.csv,True,1.0
seeded,53,C30,1.9,0.075,2,PINN,0,0.48286277,0.021812832,0.015,0.03,COMPLETED,,0,0.015,0.03,0.4689076918750001,0.0226065287708333,2.876977948825104e-07,1.97870524302864e-21,2.876977948825124e-07,True,True,True,0.0139776307019066,36.3665333869867,/lustre/fswork/projects/rech/fdb/usv13rn/These_PINN_KH_RT/assets/pinn_supersonic/reviewer_runs/budget_matched_v64/candidates_seeded_32_64.csv,True,1.0
seeded,53,C30,1.9,0.075,3,PINN,0,0.48286277,0.021812832,0.03,0.008,COMPLETED,,0,0.03,0.008,0.4688979262500001,0.022609707,1.5310690017580298e-06,1.9782311691790384e-21,1.5310690017580315e-06,True,True,True,0.013987561285926,36.344242190010846,/lustre/fswork/projects/rech/fdb/usv13rn/These_PINN_KH_RT/assets/pinn_supersonic/reviewer_runs/budget_matched_v64/candidates_seeded_32_64.csv,True,1.0
seeded,53,C30,1.9,0.075,4,PINN,0,0.48286277,0.021812832,0.03,0.015,COMPLETED,,0,0.03,0.015,0.4688979262500001,0.022603847625,1.6119985119857649e-06,1.977915151500407e-21,1.6119985119857668e-06,True,True,True,0.0139872286990992,36.31113350298256,/lustre/fswork/projects/rech/fdb/usv13rn/These_PINN_KH_RT/assets/pinn_supersonic/reviewer_runs/budget_matched_v64/candidates_seeded_32_64.csv,True,1.0
seeded,53,C30,1.9,0.075,5,PINN,0,0.48286277,0.021812832,0.03,0.03,COMPLETED,,0,0.03,0.03,0.4688979262500001,0.0226065287708333,1.526571630448263e-06,1.977915151500407e-21,1.5265716304482652e-06,True,True,True,0.0139873805812933,36.40687538997736,/lustre/fswork/projects/rech/fdb/usv13rn/These_PINN_KH_RT/assets/pinn_supersonic/reviewer_runs/budget_matched_v64/candidates_seeded_32_64.csv,True,1.0
seeded,53,C30,1.9,0.075,6,PINN,0,0.48286277,0.021812832,0.06,0.008,COMPLETED,,0,0.06,0.008,0.4689174575000001,0.022609707,1.115772776094343e-06,1.9798906761438288e-21,1.115772776094345e-06,True,True,True,0.0139680618014196,36.36980615800712,/lustre/fswork/projects/rech/fdb/usv13rn/These_PINN_KH_RT/assets/pinn_supersonic/reviewer_runs/budget_matched_v64/candidates_seeded_32_64.csv,True,1.0
seeded,53,C30,1.9,0.075,7,PINN,0,0.48286277,0.021812832,0.06,0.015,COMPLETED,,0,0.06,0.015,0.4689174575000001,0.022603847625,1.224419353360984e-06,1.9795745259365656e-21,1.2244193533609858e-06,True,True,True,0.0139677287502889,36.39571019099094,/lustre/fswork/projects/rech/fdb/usv13rn/These_PINN_KH_RT/assets/pinn_supersonic/reviewer_runs/budget_matched_v64/candidates_seeded_32_64.csv,True,1.0
seeded,53,C30,1.9,0.075,8,PINN,0,0.48286277,0.021812832,0.06,0.03,COMPLETED,,0,0.06,0.03,0.4689174575000001,0.0226065287708333,1.109561183961125e-06,1.979416460299265e-21,1.1095611839611268e-06,True,True,True,0.0139678808445191,36.47393428301439,/lustre/fswork/projects/rech/fdb/usv13rn/These_PINN_KH_RT/assets/pinn_supersonic/reviewer_runs/budget_matched_v64/candidates_seeded_32_64.csv,True,1.0
seeded,53,C30,1.9,0.075,9,PINN,0,0.48286277,0.021812832,0.1,0.008,COMPLETED,,0,0.1,0.008,0.4688653741666666,0.022609707,5.861448957011264e-06,1.975308968850862e-21,5.8614489570112655e-06,True,True,True,0.014020060623287,36.40751890395768,/lustre/fswork/projects/rech/fdb/usv13rn/These_PINN_KH_RT/assets/pinn_supersonic/reviewer_runs/budget_matched_v64/candidates_seeded_32_64.csv,True,1.0
seeded,53,C30,1.9,0.075,10,PINN,0,0.48286277,0.021812832,0.1,0.015,COMPLETED,,0,0.1,0.015,0.4688653741666666,0.022603847625,5.883426830437501e-06,1.974914242575412e-21,5.883426830437503e-06,True,True,True,0.0140197288074346,36.360036074067466,/lustre/fswork/projects/rech/fdb/usv13rn/These_PINN_KH_RT/assets/pinn_supersonic/reviewer_runs/budget_matched_v64/candidates_seeded_32_64.csv,True,1.0
seeded,53,C30,1.9,0.075,11,PINN,0,0.48286277,0.021812832,0.1,0.03,COMPLETED,,0,0.1,0.03,0.4688653741666666,0.0226065287708333,5.860451282090412e-06,1.9751510736075165e-21,5.860451282090413e-06,True,True,True,0.0140198803375438,36.60243806301151,/lustre/fswork/projects/rech/fdb/usv13rn/These_PINN_KH_RT/assets/pinn_supersonic/reviewer_runs/budget_matched_v64/candidates_seeded_32_64.csv,True,1.0
seeded,54,C31,1.7,0.12,0,PINN,0,0.42487207,0.032059122,0.015,0.008,COMPLETED,,0,0.015,0.008,0.424354491875,0.0309809969999999,1.47299616253234e-06,6.767653584872222e-21,1.4729961625323468e-06,True,True,True,0.0011959266829967,37.40289634396322,/lustre/fswork/projects/rech/fdb/usv13rn/These_PINN_KH_RT/assets/pinn_supersonic/reviewer_runs/budget_matched_v64/candidates_seeded_32_64.csv,True,1.0
seeded,54,C31,1.7,0.12,1,PINN,0,0.42487207,0.032059122,0.015,0.015,COMPLETED,,0,0.015,0.015,0.424354491875,0.030975137625,1.1288041836342794e-06,6.76823813080299e-21,1.128804183634286e-06,True,True,True,0.0012012115720066,37.44766617810819,/lustre/fswork/projects/rech/fdb/usv13rn/These_PINN_KH_RT/assets/pinn_supersonic/reviewer_runs/budget_matched_v64/candidates_seeded_32_64.csv,True,1.0
seeded,54,C31,1.7,0.12,2,PINN,0,0.42487207,0.032059122,0.015,0.03,COMPLETED,,0,0.015,0.03,0.424354491875,0.0309849032499999,2.119664912788865e-06,6.76823813080299e-21,2.119664912788872e-06,True,True,True,0.0011924064065284,37.52049941301812,/lustre/fswork/projects/rech/fdb/usv13rn/These_PINN_KH_RT/assets/pinn_supersonic/reviewer_runs/budget_matched_v64/candidates_seeded_32_64.csv,True,1.0
seeded,54,C31,1.7,0.12,3,PINN,0,0.42487207,0.032059122,0.03,0.008,COMPLETED,,0,0.03,0.008,0.42434472625,0.0309809969999999,3.3236100053607878e-06,6.767361321373168e-21,3.323610005360794e-06,True,True,True,0.001200185379968,37.39538027206436,/lustre/fswork/projects/rech/fdb/usv13rn/These_PINN_KH_RT/assets/pinn_supersonic/reviewer_runs/budget_matched_v64/candidates_seeded_32_64.csv,True,1.0
seeded,54,C31,1.7,0.12,4,PINN,0,0.42487207,0.032059122,0.03,0.015,COMPLETED,,0,0.03,0.015,0.42434472625,0.030975137625,3.1861406125225565e-06,6.7669229379575005e-21,3.1861406125225632e-06,True,True,True,0.0012054515983266,37.39366291405168,/lustre/fswork/projects/rech/fdb/usv13rn/These_PINN_KH_RT/assets/pinn_supersonic/reviewer_runs/budget_matched_v64/candidates_seeded_32_64.csv,True,1.0
seeded,54,C31,1.7,0.12,5,PINN,0,0.42487207,0.032059122,0.03,0.03,COMPLETED,,0,0.03,0.03,0.42434472625,0.03098490325,3.656410192923353e-06,6.767507452333834e-21,3.65641019292336e-06,True,True,True,0.0011966776314093,37.441693961038254,/lustre/fswork/projects/rech/fdb/usv13rn/These_PINN_KH_RT/assets/pinn_supersonic/reviewer_runs/budget_matched_v64/candidates_seeded_32_64.csv,True,1.0
seeded,54,C31,1.7,0.12,6,PINN,0,0.42487207,0.032059122,0.06,0.008,COMPLETED,,0,0.06,0.008,0.4243642575,0.0309809969999999,1.3876948635277716e-06,6.769114997030798e-21,1.3876948635277784e-06,True,True,True,0.0011917327933648,37.5055231989827,/lustre/fswork/projects/rech/fdb/usv13rn/These_PINN_KH_RT/assets/pinn_supersonic/reviewer_runs/budget_matched_v64/candidates_seeded_32_64.csv,True,1.0
seeded,54,C31,1.7,0.12,7,PINN,0,0.42487207,0.032059122,0.06,0.015,COMPLETED,,0,0.06,0.015,0.4243642575,0.0309751376249999,1.0149954555590597e-06,6.7679458546821615e-21,1.0149954555590665e-06,True,True,True,0.0011970361984503,37.57885405502748,/lustre/fswork/projects/rech/fdb/usv13rn/These_PINN_KH_RT/assets/pinn_supersonic/reviewer_runs/budget_matched_v64/candidates_seeded_32_64.csv,True,1.0
seeded,54,C31,1.7,0.12,8,PINN,0,0.42487207,0.032059122,0.06,0.03,COMPLETED,,0,0.06,0.03,0.4243642575,0.03098490325,2.061267830635925e-06,6.768384271229987e-21,2.061267830635932e-06,True,True,True,0.0011882000917386,37.53727248299401,/lustre/fswork/projects/rech/fdb/usv13rn/These_PINN_KH_RT/assets/pinn_supersonic/reviewer_runs/budget_matched_v64/candidates_seeded_32_64.csv,True,1.0
seeded,54,C31,1.7,0.12,9,PINN,0,0.42487207,0.032059122,0.1,0.008,COMPLETED,,0,0.1,0.008,0.4244163408333333,0.0309809969999999,1.209763280924241e-05,6.7729154070169025e-21,1.2097632809242417e-05,True,True,True,0.0011704881840393,37.63557171204593,/lustre/fswork/projects/rech/fdb/usv13rn/These_PINN_KH_RT/assets/pinn_supersonic/reviewer_runs/budget_matched_v64/candidates_seeded_32_64.csv,True,1.0
seeded,54,C31,1.7,0.12,10,PINN,0,0.42487207,0.032059122,0.1,0.015,COMPLETED,,0,0.1,0.015,0.4244163408333333,0.0309751376249999,1.2061038593839372e-05,6.7736463773645946e-21,1.206103859383938e-05,True,True,True,0.0011758874089787,37.77727734600194,/lustre/fswork/projects/rech/fdb/usv13rn/These_PINN_KH_RT/assets/pinn_supersonic/reviewer_runs/budget_matched_v64/candidates_seeded_32_64.csv,True,1.0
seeded,54,C31,1.7,0.12,11,PINN,0,0.42487207,0.032059122,0.1,0.03,COMPLETED,,0,0.1,0.03,0.4244163408333333,0.03098490325,1.2192934841164872e-05,6.7729154070169025e-21,1.219293484116488e-05,True,True,True,0.0011668911672483,37.7928552540252,/lustre/fswork/projects/rech/fdb/usv13rn/These_PINN_KH_RT/assets/pinn_supersonic/reviewer_runs/budget_matched_v64/candidates_seeded_32_64.csv,True,1.0
seeded,55,C31,1.75,0.14,0,PINN,0,0.4505087,0.022049226,0.015,0.008,COMPLETED,,0,0.015,0.008,0.448955965625,0.0242002676666666,2.1640877903319447e-06,8.040319506940604e-21,2.1640877903319528e-06,True,True,True,0.0026529161862076,39.5862146980362,/lustre/fswork/projects/rech/fdb/usv13rn/These_PINN_KH_RT/assets/pinn_supersonic/reviewer_runs/budget_matched_v64/candidates_seeded_32_64.csv,True,1.0
seeded,55,C31,1.75,0.14,1,PINN,0,0.4505087,0.022049226,0.015,0.015,COMPLETED,,0,0.015,0.015,0.448955965625,0.024207429125,2.7994194016148847e-06,8.04016022566865e-21,2.7994194016148928e-06,True,True,True,0.0026587261551476,39.55231496493798,/lustre/fswork/projects/rech/fdb/usv13rn/These_PINN_KH_RT/assets/pinn_supersonic/reviewer_runs/budget_matched_v64/candidates_seeded_32_64.csv,True,1.0
seeded,55,C31,1.75,0.14,2,PINN,0,0.4505087,0.022049226,0.015,0.03,COMPLETED,,0,0.015,0.03,0.448955965625,0.0241975413574218,2.294652805445189e-06,8.040956647805647e-21,2.294652805445197e-06,True,True,True,0.0026507061161587,39.646696244948544,/lustre/fswork/projects/rech/fdb/usv13rn/These_PINN_KH_RT/assets/pinn_supersonic/reviewer_runs/budget_matched_v64/candidates_seeded_32_64.csv,True,1.0
seeded,55,C31,1.75,0.14,3,PINN,0,0.4505087,0.022049226,0.03,0.008,COMPLETED,,0,0.03,0.008,0.44896573125,0.0242002676666666,4.674650418999414e-06,8.040638074217683e-21,4.674650418999422e-06,True,True,True,0.0026472122724127,39.50881029793527,/lustre/fswork/projects/rech/fdb/usv13rn/These_PINN_KH_RT/assets/pinn_supersonic/reviewer_runs/budget_matched_v64/candidates_seeded_32_64.csv,True,1.0
seeded,55,C31,1.75,0.14,4,PINN,0,0.4505087,0.022049226,0.03,0.015,COMPLETED,,0,0.03,0.015,0.44896573125,0.024207429125,5.000397602944487e-06,8.040319506940604e-21,5.000397602944494e-06,True,True,True,0.0026530347325725,39.5594488439383,/lustre/fswork/projects/rech/fdb/usv13rn/These_PINN_KH_RT/assets/pinn_supersonic/reviewer_runs/budget_matched_v64/candidates_seeded_32_64.csv,True,1.0
seeded,55,C31,1.75,0.14,5,PINN,0,0.4505087,0.022049226,0.03,0.03,COMPLETED,,0,0.03,0.03,0.44896573125,0.0241975413574218,4.736560934723648e-06,8.041115936966212e-21,4.736560934723656e-06,True,True,True,0.0026449974363713,39.67190435598605,/lustre/fswork/projects/rech/fdb/usv13rn/These_PINN_KH_RT/assets/pinn_supersonic/reviewer_runs/budget_matched_v64/candidates_seeded_32_64.csv,True,1.0
seeded,55,C31,1.75,0.14,6,PINN,0,0.4505087,0.022049226,0.06,0.008,COMPLETED,,0,0.06,0.008,0.4489852625,0.0242002676666666,9.69569771109471e-06,8.041912406434864e-21,9.695697711094718e-06,True,True,True,0.0026358759584135,39.66943115694448,/lustre/fswork/projects/rech/fdb/usv13rn/These_PINN_KH_RT/assets/pinn_supersonic/reviewer_runs/budget_matched_v64/candidates_seeded_32_64.csv,True,1.0
seeded,55,C31,1.75,0.14,7,PINN,0,0.4505087,0.022049226,0.06,0.015,COMPLETED,,0,0.06,0.015,0.4489852625,0.024207429125,9.856530835129309e-06,8.040000945974416e-21,9.856530835129315e-06,True,True,True,0.0026417234043642,39.723839486949146,/lustre/fswork/projects/rech/fdb/usv13rn/These_PINN_KH_RT/assets/pinn_supersonic/reviewer_runs/budget_matched_v64/candidates_seeded_32_64.csv,True,1.0
seeded,55,C31,1.75,0.14,8,PINN,0,0.4505087,0.022049226,0.06,0.03,COMPLETED,,0,0.06,0.03,0.4489852625,0.0241975413574218,9.725813370541635e-06,8.04175310938569e-21,9.725813370541644e-06,True,True,True,0.0026336515888288,33.461230272077955,/lustre/fswork/projects/rech/fdb/usv13rn/These_PINN_KH_RT/assets/pinn_supersonic/reviewer_runs/budget_matched_v64/candidates_seeded_32_64.csv,True,1.0
seeded,55,C31,1.75,0.14,9,PINN,0,0.4505087,0.022049226,0.1,0.008,COMPLETED,,0,0.1,0.008,0.4490113041666667,0.0242002676666666,1.6388820877230135e-05,8.042708915346561e-21,1.6388820877230142e-05,True,True,True,0.0026209110121139,32.391730314004235,/lustre/fswork/projects/rech/fdb/usv13rn/These_PINN_KH_RT/assets/pinn_supersonic/reviewer_runs/budget_matched_v64/candidates_seeded_32_64.csv,True,1.0
seeded,55,C31,1.75,0.14,10,PINN,0,0.4505087,0.022049226,0.1,0.015,COMPLETED,,0,0.1,0.015,0.4490113041666665,0.024207429125,1.648399334638179e-05,8.042549610408778e-21,1.6483993346381795e-05,True,True,True,0.0026267917714284,32.52097169694025,/lustre/fswork/projects/rech/fdb/usv13rn/These_PINN_KH_RT/assets/pinn_supersonic/reviewer_runs/budget_matched_v64/candidates_seeded_32_64.csv,True,1.0
seeded,55,C31,1.75,0.14,11,PINN,0,0.4505087,0.022049226,0.1,0.03,COMPLETED,,0,0.1,0.03,0.4490113041666665,0.0241975413574218,1.6406824810364277e-05,8.04207170506176e-21,1.6406824810364284e-05,True,True,True,0.0026186739309465,32.528939504991286,/lustre/fswork/projects/rech/fdb/usv13rn/These_PINN_KH_RT/assets/pinn_supersonic/reviewer_runs/budget_matched_v64/candidates_seeded_32_64.csv,True,1.0
seeded,56,C31,1.8,0.14,0,PINN,0,0.46699315,0.019788988,0.015,0.008,COMPLETED,,0,0.015,0.008,0.464307603125,0.0215025296666666,9.887028983390428e-07,8.12688212283827e-21,9.887028983390509e-07,True,True,True,0.0031856533178023,32.552166031091474,/lustre/fswork/projects/rech/fdb/usv13rn/These_PINN_KH_RT/assets/pinn_supersonic/reviewer_runs/budget_matched_v64/candidates_seeded_32_64.csv,True,1.0
seeded,56,C31,1.8,0.14,1,PINN,0,0.46699315,0.019788988,0.015,0.015,COMPLETED,,0,0.015,0.015,0.464307603125,0.021497972375,2.998712154063374e-07,8.125761201190188e-21,2.998712154063455e-07,True,True,True,0.0031832042994153,32.5643159620231,/lustre/fswork/projects/rech/fdb/usv13rn/These_PINN_KH_RT/assets/pinn_supersonic/reviewer_runs/budget_matched_v64/candidates_seeded_32_64.csv,True,1.0
seeded,56,C31,1.8,0.14,2,PINN,0,0.46699315,0.019788988,0.015,0.03,COMPLETED,,0,0.015,0.03,0.464307603125,0.0214992614335937,2.380544733302173e-07,8.126081456629602e-21,2.3805447333022547e-07,True,True,True,0.0031838965491169,32.59095675998833,/lustre/fswork/projects/rech/fdb/usv13rn/These_PINN_KH_RT/assets/pinn_supersonic/reviewer_runs/budget_matched_v64/candidates_seeded_32_64.csv,True,1.0
seeded,56,C31,1.8,0.14,3,PINN,0,0.46699315,0.019788988,0.03,0.008,COMPLETED,,0,0.03,0.008,0.46431736875,0.0215025296666666,2.9089563786064133e-06,8.126241586715892e-21,2.9089563786064213e-06,True,True,True,0.0031774251118247,32.64147455396596,/lustre/fswork/projects/rech/fdb/usv13rn/These_PINN_KH_RT/assets/pinn_supersonic/reviewer_runs/budget_matched_v64/candidates_seeded_32_64.csv,True,1.0
seeded,56,C31,1.8,0.14,4,PINN,0,0.46699315,0.019788988,0.03,0.015,COMPLETED,,0,0.03,0.015,0.46431736875,0.021497972375,2.752266543001866e-06,8.127362541496132e-21,2.7522665430018747e-06,True,True,True,0.0031749697466032,32.55405208398588,/lustre/fswork/projects/rech/fdb/usv13rn/These_PINN_KH_RT/assets/pinn_supersonic/reviewer_runs/budget_matched_v64/candidates_seeded_32_64.csv,True,1.0
seeded,56,C31,1.8,0.14,5,PINN,0,0.46699315,0.019788988,0.03,0.03,COMPLETED,,0,0.03,0.03,0.46431736875,0.0214992614335937,2.7461973211822336e-06,8.127362541496132e-21,2.7461973211822417e-06,True,True,True,0.0031756637913211,32.57220644294284,/lustre/fswork/projects/rech/fdb/usv13rn/These_PINN_KH_RT/assets/pinn_supersonic/reviewer_runs/budget_matched_v64/candidates_seeded_32_64.csv,True,1.0
seeded,56,C31,1.8,0.14,6,PINN,0,0.46699315,0.019788988,0.06,0.008,COMPLETED,,0,0.06,0.008,0.4642978375,0.0215025296666666,2.52286020788722e-06,8.124960590201784e-21,2.522860207887228e-06,True,True,True,0.0031938901853474,32.31643193599302,/lustre/fswork/projects/rech/fdb/usv13rn/These_PINN_KH_RT/assets/pinn_supersonic/reviewer_runs/budget_matched_v64/candidates_seeded_32_64.csv,True,1.0
seeded,56,C31,1.8,0.14,7,PINN,0,0.46699315,0.019788988,0.06,0.015,COMPLETED,,0,0.06,0.015,0.4642978375,0.021497972375,2.340386020708845e-06,8.12544095206166e-21,2.3403860207088533e-06,True,True,True,0.0031914474876849,39.20274122199044,/lustre/fswork/projects/rech/fdb/usv13rn/These_PINN_KH_RT/assets/pinn_supersonic/reviewer_runs/budget_matched_v64/candidates_seeded_32_64.csv,True,1.0
seeded,56,C31,1.8,0.14,8,PINN,0,0.46699315,0.019788988,0.06,0.03,COMPLETED,,0,0.06,0.03,0.4642978375000001,0.0214992614335937,2.3332511240198573e-06,8.126561851621636e-21,2.3332511240198654e-06,True,True,True,0.0031921379497622,40.10829458502121,/lustre/fswork/projects/rech/fdb/usv13rn/These_PINN_KH_RT/assets/pinn_supersonic/reviewer_runs/budget_matched_v64/candidates_seeded_32_64.csv,True,1.0
seeded,56,C31,1.8,0.14,9,PINN,0,0.46699315,0.019788988,0.1,0.008,COMPLETED,,0,0.1,0.008,0.4643238791666667,0.0215025296666666,4.538734708813576e-06,8.12720240036579e-21,4.538734708813584e-06,True,True,True,0.0031719444864446,39.88945035496727,/lustre/fswork/projects/rech/fdb/usv13rn/These_PINN_KH_RT/assets/pinn_supersonic/reviewer_runs/budget_matched_v64/candidates_seeded_32_64.csv,True,1.0
seeded,56,C31,1.8,0.14,10,PINN,0,0.46699315,0.019788988,0.1,0.015,COMPLETED,,0,0.1,0.015,0.4643238791666667,0.021497972375,4.44002721312023e-06,8.127522684204197e-21,4.440027213120238e-06,True,True,True,0.0031694848754455,39.93721645302139,/lustre/fswork/projects/rech/fdb/usv13rn/These_PINN_KH_RT/assets/pinn_supersonic/reviewer_runs/budget_matched_v64/candidates_seeded_32_64.csv,True,1.0
seeded,56,C31,1.8,0.14,11,PINN,0,0.46699315,0.019788988,0.1,0.03,COMPLETED,,0,0.1,0.03,0.4643238791666667,0.0214992614335937,4.436245454913125e-06,8.127682828489983e-21,4.436245454913134e-06,True,True,True,0.0031701801209616,40.06797947199084,/lustre/fswork/projects/rech/fdb/usv13rn/These_PINN_KH_RT/assets/pinn_supersonic/reviewer_runs/budget_matched_v64/candidates_seeded_32_64.csv,True,1.0
seeded,57,C31,1.85,0.12,0,PINN,0,0.4662351,0.024353383,0.015,0.008,COMPLETED,,0,0.015,0.008,0.472006584375,0.0222231746666666,1.8433023215944975e-06,6.640246143128478e-21,1.8433023215945043e-06,True,True,True,0.0061520581462037,31.344585153041407,/lustre/fswork/projects/rech/fdb/usv13rn/These_PINN_KH_RT/assets/pinn_supersonic/reviewer_runs/budget_matched_v64/candidates_seeded_32_64.csv,True,1.0
seeded,57,C31,1.85,0.12,1,PINN,0,0.4662351,0.024353383,0.015,0.015,COMPLETED,,0,0.015,0.015,0.472006584375,0.022234242375,2.7494634881241443e-06,6.641404203559117e-21,2.749463488124151e-06,True,True,True,0.0061482346148626,31.368823857977983,/lustre/fswork/projects/rech/fdb/usv13rn/These_PINN_KH_RT/assets/pinn_supersonic/reviewer_runs/budget_matched_v64/candidates_seeded_32_64.csv,True,1.0
seeded,57,C31,1.85,0.12,2,PINN,0,0.4662351,0.024353383,0.015,0.03,COMPLETED,,0,0.015,0.03,0.472006584375,0.0222287398759765,1.9858253255434284e-06,6.640535648769807e-21,1.985825325543435e-06,True,True,True,0.006150133355898,31.42465404095128,/lustre/fswork/projects/rech/fdb/usv13rn/These_PINN_KH_RT/assets/pinn_supersonic/reviewer_runs/budget_matched_v64/candidates_seeded_32_64.csv,True,1.0
seeded,57,C31,1.85,0.12,3,PINN,0,0.4662351,0.024353383,0.03,0.008,COMPLETED,,0,0.03,0.008,0.47199681875,0.0222231746666666,5.690125008315295e-07,6.638509241809137e-21,5.690125008315362e-07,True,True,True,0.0061428975652785,31.396990876062773,/lustre/fswork/projects/rech/fdb/usv13rn/These_PINN_KH_RT/assets/pinn_supersonic/reviewer_runs/budget_matched_v64/candidates_seeded_32_64.csv,True,1.0
seeded,57,C31,1.85,0.12,4,PINN,0,0.4662351,0.024353383,0.03,0.015,COMPLETED,,0,0.03,0.015,0.47199681875,0.022234242375,2.1181620064686023e-06,6.638509241809137e-21,2.118162006468609e-06,True,True,True,0.0061390683285517,31.41463609400671,/lustre/fswork/projects/rech/fdb/usv13rn/These_PINN_KH_RT/assets/pinn_supersonic/reviewer_runs/budget_matched_v64/candidates_seeded_32_64.csv,True,1.0
seeded,57,C31,1.85,0.12,5,PINN,0,0.4662351,0.024353383,0.03,0.03,COMPLETED,,0,0.03,0.03,0.47199681875,0.0222287398759765,9.32666423943652e-07,6.639377664069815e-21,9.326664239436588e-07,True,True,True,0.0061409699037336,31.488643405027688,/lustre/fswork/projects/rech/fdb/usv13rn/These_PINN_KH_RT/assets/pinn_supersonic/reviewer_runs/budget_matched_v64/candidates_seeded_32_64.csv,True,1.0
seeded,57,C31,1.85,0.12,6,PINN,0,0.4662351,0.024353383,0.06,0.008,COMPLETED,,0,0.06,0.008,0.4719772875,0.0222231746666666,4.805797782592134e-06,6.635470211180897e-21,4.805797782592141e-06,True,True,True,0.0061245820125588,31.50007651408669,/lustre/fswork/projects/rech/fdb/usv13rn/These_PINN_KH_RT/assets/pinn_supersonic/reviewer_runs/budget_matched_v64/candidates_seeded_32_64.csv,True,1.0
seeded,57,C31,1.85,0.12,7,PINN,0,0.4662351,0.024353383,0.06,0.015,COMPLETED,,0,0.06,0.015,0.4719772875,0.022234242375,5.220649349910869e-06,6.6357596126925855e-21,5.220649349910876e-06,True,True,True,0.0061207413173309,31.566677788970992,/lustre/fswork/projects/rech/fdb/usv13rn/These_PINN_KH_RT/assets/pinn_supersonic/reviewer_runs/budget_matched_v64/candidates_seeded_32_64.csv,True,1.0
seeded,57,C31,1.85,0.12,8,PINN,0,0.4662351,0.024353383,0.06,0.03,COMPLETED,,0,0.06,0.03,0.4719772875,0.0222287398759765,4.862072659327706e-06,6.637061997592418e-21,4.862072659327712e-06,True,True,True,0.0061226485845275,31.574261230998676,/lustre/fswork/projects/rech/fdb/usv13rn/These_PINN_KH_RT/assets/pinn_supersonic/reviewer_runs/budget_matched_v64/candidates_seeded_32_64.csv,True,1.0
seeded,57,C31,1.85,0.12,9,PINN,0,0.4662351,0.024353383,0.1,0.008,COMPLETED,,0,0.1,0.008,0.4720293708333334,0.0222231746666666,6.930840119781702e-06,6.6431414835316915e-21,6.930840119781709e-06,True,True,True,0.0061734400485807,31.58747792802751,/lustre/fswork/projects/rech/fdb/usv13rn/These_PINN_KH_RT/assets/pinn_supersonic/reviewer_runs/budget_matched_v64/candidates_seeded_32_64.csv,True,1.0
seeded,57,C31,1.85,0.12,10,PINN,0,0.4662351,0.024353383,0.1,0.015,COMPLETED,,0,0.1,0.015,0.4720293708333334,0.022234242375,7.224184185644925e-06,6.6441550017675284e-21,7.224184185644932e-06,True,True,True,0.0061696297683526,31.57861545193009,/lustre/fswork/projects/rech/fdb/usv13rn/These_PINN_KH_RT/assets/pinn_supersonic/reviewer_runs/budget_matched_v64/candidates_seeded_32_64.csv,True,1.0
seeded,57,C31,1.85,0.12,11,PINN,0,0.4662351,0.024353383,0.1,0.03,COMPLETED,,0,0.1,0.03,0.4720293708333334,0.0222287398759765,6.969786045831425e-06,6.6431414835316915e-21,6.969786045831432e-06,True,True,True,0.0061715219269219,31.74360300693661,/lustre/fswork/projects/rech/fdb/usv13rn/These_PINN_KH_RT/assets/pinn_supersonic/reviewer_runs/budget_matched_v64/candidates_seeded_32_64.csv,True,1.0
seeded,58,C31,1.85,0.125,0,PINN,0,0.47092482,0.022256413,0.015,0.008,COMPLETED,,0,0.015,0.008,0.473786148125,0.0215324546666666,1.261101406753456e-06,7.041594457804778e-21,1.261101406753463e-06,True,True,True,0.0029514935722984,31.65322218893561,/lustre/fswork/projects/rech/fdb/usv13rn/These_PINN_KH_RT/assets/pinn_supersonic/reviewer_runs/budget_matched_v64/candidates_seeded_32_64.csv,True,1.0
seeded,58,C31,1.85,0.125,1,PINN,0,0.47092482,0.022256413,0.015,0.015,COMPLETED,,0,0.015,0.015,0.473786148125,0.021523991125,1.94519687745978e-06,7.042488855677343e-21,1.945196877459787e-06,True,True,True,0.0029535809523178,31.69551508198492,/lustre/fswork/projects/rech/fdb/usv13rn/These_PINN_KH_RT/assets/pinn_supersonic/reviewer_runs/budget_matched_v64/candidates_seeded_32_64.csv,True,1.0
seeded,58,C31,1.85,0.125,2,PINN,0,0.47092482,0.022256413,0.015,0.03,COMPLETED,,0,0.015,0.03,0.473786148125,0.0215432127666015,3.187386087624852e-06,7.042637927511463e-21,3.18738608762486e-06,True,True,True,0.0029488732105391,31.73489363293629,/lustre/fswork/projects/rech/fdb/usv13rn/These_PINN_KH_RT/assets/pinn_supersonic/reviewer_runs/budget_matched_v64/candidates_seeded_32_64.csv,True,1.0
seeded,58,C31,1.85,0.125,3,PINN,0,0.47092482,0.022256413,0.03,0.008,COMPLETED,,0,0.03,0.008,0.47379591375,0.0215324546666666,3.498374105553614e-06,7.043681474526518e-21,3.498374105553622e-06,True,True,True,0.0029609618352305,31.69367622002028,/lustre/fswork/projects/rech/fdb/usv13rn/These_PINN_KH_RT/assets/pinn_supersonic/reviewer_runs/budget_matched_v64/candidates_seeded_32_64.csv,True,1.0
seeded,58,C31,1.85,0.125,4,PINN,0,0.47092482,0.022256413,0.03,0.015,COMPLETED,,0,0.03,0.015,0.47379591375,0.021523991125,3.79910740180802e-06,7.043234230625162e-21,3.7991074018080273e-06,True,True,True,0.0029630425451328,31.710213579935957,/lustre/fswork/projects/rech/fdb/usv13rn/These_PINN_KH_RT/assets/pinn_supersonic/reviewer_runs/budget_matched_v64/candidates_seeded_32_64.csv,True,1.0
seeded,58,C31,1.85,0.125,5,PINN,0,0.47092482,0.022256413,0.03,0.03,COMPLETED,,0,0.03,0.03,0.47379591375,0.0215432127666015,4.561222460269167e-06,7.043532391648344e-21,4.561222460269174e-06,True,True,True,0.0029583498600078,33.85757597594056,/lustre/fswork/projects/rech/fdb/usv13rn/These_PINN_KH_RT/assets/pinn_supersonic/reviewer_runs/budget_matched_v64/candidates_seeded_32_64.csv,True,1.0
seeded,58,C31,1.85,0.125,6,PINN,0,0.47092482,0.022256413,0.06,0.008,COMPLETED,,0,0.06,0.008,0.4737763825,0.0215324546666666,1.1904801436141763e-06,7.039507750316513e-21,1.1904801436141831e-06,True,True,True,0.0029420272534103,39.37794061598834,/lustre/fswork/projects/rech/fdb/usv13rn/These_PINN_KH_RT/assets/pinn_supersonic/reviewer_runs/budget_matched_v64/candidates_seeded_32_64.csv,True,1.0
seeded,58,C31,1.85,0.125,7,PINN,0,0.47092482,0.022256413,0.06,0.015,COMPLETED,,0,0.06,0.015,0.4737763825,0.021523991125,1.900239033966428e-06,7.040402015660446e-21,1.9002390339664344e-06,True,True,True,0.0029441213450509,37.23899081710261,/lustre/fswork/projects/rech/fdb/usv13rn/These_PINN_KH_RT/assets/pinn_supersonic/reviewer_runs/budget_matched_v64/candidates_seeded_32_64.csv,True,1.0
seeded,58,C31,1.85,0.125,8,PINN,0,0.47092482,0.022256413,0.06,0.03,COMPLETED,,0,0.06,0.03,0.4737763825,0.0215432127666015,3.160284772611182e-06,7.040849169631657e-21,3.160284772611189e-06,True,True,True,0.0029393984528004,32.00310791004449,/lustre/fswork/projects/rech/fdb/usv13rn/These_PINN_KH_RT/assets/pinn_supersonic/reviewer_runs/budget_matched_v64/candidates_seeded_32_64.csv,True,1.0
seeded,58,C31,1.85,0.125,9,PINN,0,0.47092482,0.022256413,0.1,0.008,COMPLETED,,0,0.1,0.008,0.4737242991666667,0.0215324546666666,1.3325517015823104e-05,7.035186268514655e-21,1.3325517015823112e-05,True,True,True,0.0028915738401437,32.007588076987304,/lustre/fswork/projects/rech/fdb/usv13rn/These_PINN_KH_RT/assets/pinn_supersonic/reviewer_runs/budget_matched_v64/candidates_seeded_32_64.csv,True,1.0
seeded,58,C31,1.85,0.125,10,PINN,0,0.47092482,0.022256413,0.1,0.015,COMPLETED,,0,0.1,0.015,0.4737242991666667,0.021523991125,1.3408530113285255e-05,7.034292334492302e-21,1.3408530113285264e-05,True,True,True,0.0028937044437155,31.95716520200949,/lustre/fswork/projects/rech/fdb/usv13rn/These_PINN_KH_RT/assets/pinn_supersonic/reviewer_runs/budget_matched_v64/candidates_seeded_32_64.csv,True,1.0
seeded,58,C31,1.85,0.125,11,PINN,0,0.47092482,0.022256413,0.1,0.03,COMPLETED,,0,0.1,0.03,0.4737242991666667,0.0215432127666015,1.3642382622481227e-05,7.035037275566625e-21,1.3642382622481236e-05,True,True,True,0.0028888991289971,32.03025933704339,/lustre/fswork/projects/rech/fdb/usv13rn/These_PINN_KH_RT/assets/pinn_supersonic/reviewer_runs/budget_matched_v64/candidates_seeded_32_64.csv,True,1.0
seeded,59,C31,1.85,0.18,0,PINN,0,0.49644497,0.010093105,0.015,0.008,COMPLETED,,0,0.015,0.008,0.490536766875,0.0108795633333333,1.5097625575256563e-06,8.92780919834094e-21,1.5097625575256652e-06,True,True,True,0.0059603171791717,35.84355600399431,/lustre/fswork/projects/rech/fdb/usv13rn/These_PINN_KH_RT/assets/pinn_supersonic/reviewer_runs/budget_matched_v64/candidates_seeded_32_64.csv,True,1.0
seeded,59,C31,1.85,0.18,1,PINN,0,0.49644497,0.010093105,0.015,0.015,COMPLETED,,0,0.015,0.015,0.490536766875,0.0108799036865234,1.4230200857604682e-06,8.926802170063771e-21,1.423020085760477e-06,True,True,True,0.0059603620980083,35.90612808591686,/lustre/fswork/projects/rech/fdb/usv13rn/These_PINN_KH_RT/assets/pinn_supersonic/reviewer_runs/budget_matched_v64/candidates_seeded_32_64.csv,True,1.0
seeded,59,C31,1.85,0.18,2,PINN,0,0.49644497,0.010093105,0.015,0.03,COMPLETED,,0,0.015,0.03,0.490536766875,0.0108924101708984,3.057888008796573e-06,8.922942421171514e-21,3.057888008796582e-06,True,True,True,0.0059620259075657,35.819985694019124,/lustre/fswork/projects/rech/fdb/usv13rn/These_PINN_KH_RT/assets/pinn_supersonic/reviewer_runs/budget_matched_v64/candidates_seeded_32_64.csv,True,1.0
seeded,59,C31,1.85,0.18,3,PINN,0,0.49644497,0.010093105,0.03,0.008,COMPLETED,,0,0.03,0.008,0.49052700125,0.0108795633333333,4.221315645998538e-06,8.926970004165661e-21,4.221315645998547e-06,True,True,True,0.0059699975574572,35.82799530401826,/lustre/fswork/projects/rech/fdb/usv13rn/These_PINN_KH_RT/assets/pinn_supersonic/reviewer_runs/budget_matched_v64/candidates_seeded_32_64.csv,True,1.0
seeded,59,C31,1.85,0.18,4,PINN,0,0.49644497,0.010093105,0.03,0.015,COMPLETED,,0,0.03,0.015,0.49052700125,0.0108799036865234,4.191065538079366e-06,8.926802170063771e-21,4.191065538079375e-06,True,True,True,0.0059700424034584,35.95684214995708,/lustre/fswork/projects/rech/fdb/usv13rn/These_PINN_KH_RT/assets/pinn_supersonic/reviewer_runs/budget_matched_v64/candidates_seeded_32_64.csv,True,1.0
seeded,59,C31,1.85,0.18,5,PINN,0,0.49644497,0.010093105,0.03,0.03,COMPLETED,,0,0.03,0.03,0.49052700125,0.0108924101708984,4.989071127885138e-06,8.924788283903389e-21,4.989071127885147e-06,True,True,True,0.0059717035159325,35.84620023495518,/lustre/fswork/projects/rech/fdb/usv13rn/These_PINN_KH_RT/assets/pinn_supersonic/reviewer_runs/budget_matched_v64/candidates_seeded_32_64.csv,True,1.0
seeded,59,C31,1.85,0.18,6,PINN,0,0.49644497,0.010093105,0.06,0.008,COMPLETED,,0,0.06,0.008,0.4905465324999999,0.0108795633333333,2.5565206330096047e-06,8.923949231723073e-21,2.5565206330096136e-06,True,True,True,0.0059506370794626,35.917818742920645,/lustre/fswork/projects/rech/fdb/usv13rn/These_PINN_KH_RT/assets/pinn_supersonic/reviewer_runs/budget_matched_v64/candidates_seeded_32_64.csv,True,1.0
seeded,59,C31,1.85,0.18,7,PINN,0,0.49644497,0.010093105,0.06,0.015,COMPLETED,,0,0.06,0.015,0.4905465324999999,0.0108799036865234,2.5062796394521237e-06,8.925459554046634e-21,2.506279639452132e-06,True,True,True,0.0059506820713697,36.0548259569332,/lustre/fswork/projects/rech/fdb/usv13rn/These_PINN_KH_RT/assets/pinn_supersonic/reviewer_runs/budget_matched_v64/candidates_seeded_32_64.csv,True,1.0
seeded,59,C31,1.85,0.18,8,PINN,0,0.49644497,0.010093105,0.06,0.03,COMPLETED,,0,0.06,0.03,0.4905465324999999,0.0108924101708984,3.688561092434029e-06,8.920928970462351e-21,3.688561092434038e-06,True,True,True,0.0059523485867035,35.93407473899424,/lustre/fswork/projects/rech/fdb/usv13rn/These_PINN_KH_RT/assets/pinn_supersonic/reviewer_runs/budget_matched_v64/candidates_seeded_32_64.csv,True,1.0
seeded,59,C31,1.85,0.18,9,PINN,0,0.49644497,0.010093105,0.1,0.008,COMPLETED,,0,0.1,0.008,0.4905204908333332,0.0108795633333333,6.259627474240069e-06,8.928144887055104e-21,6.259627474240079e-06,True,True,True,0.0059764512970773,35.99667297501583,/lustre/fswork/projects/rech/fdb/usv13rn/These_PINN_KH_RT/assets/pinn_supersonic/reviewer_runs/budget_matched_v64/candidates_seeded_32_64.csv,True,1.0
seeded,59,C31,1.85,0.18,10,PINN,0,0.49644497,0.010093105,0.1,0.015,COMPLETED,,0,0.1,0.015,0.4905204908333332,0.0108799036865234,6.23926156830018e-06,8.929319847252914e-21,6.239261568300189e-06,True,True,True,0.0059764960946513,36.07933887199033,/lustre/fswork/projects/rech/fdb/usv13rn/These_PINN_KH_RT/assets/pinn_supersonic/reviewer_runs/budget_matched_v64/candidates_seeded_32_64.csv,True,1.0
seeded,59,C31,1.85,0.18,11,PINN,0,0.49644497,0.010093105,0.1,0.03,COMPLETED,,0,0.1,0.03,0.4905204908333332,0.0108924101708984,6.800985225536558e-06,8.924956099072617e-21,6.800985225536567e-06,True,True,True,0.0059781554138791,36.175430248025805,/lustre/fswork/projects/rech/fdb/usv13rn/These_PINN_KH_RT/assets/pinn_supersonic/reviewer_runs/budget_matched_v64/candidates_seeded_32_64.csv,True,1.0
seeded,60,C31,1.85,0.2,0,PINN,0,0.5000186,0.0043253507,0.015,0.008,COMPLETED,,0,0.015,0.008,0.495594771875,0.006073389127832,6.250398665428616e-07,8.520509659408805e-21,6.250398665428701e-07,True,True,True,0.0047566683324274,38.39640354190488,/lustre/fswork/projects/rech/fdb/usv13rn/These_PINN_KH_RT/assets/pinn_supersonic/reviewer_runs/budget_matched_v64/candidates_seeded_32_64.csv,True,1.0
seeded,60,C31,1.85,0.2,1,PINN,0,0.5000186,0.0043253507,0.015,0.015,COMPLETED,,0,0.015,0.015,0.495594771875,0.006076630832845,5.25539949044586e-07,8.516738778852966e-21,5.255399490445944e-07,True,True,True,0.0047578605888822,38.29972854501102,/lustre/fswork/projects/rech/fdb/usv13rn/These_PINN_KH_RT/assets/pinn_supersonic/reviewer_runs/budget_matched_v64/candidates_seeded_32_64.csv,True,1.0
seeded,60,C31,1.85,0.2,2,PINN,0,0.5000186,0.0043253507,0.015,0.03,COMPLETED,,0,0.015,0.03,0.495594771875,0.0060827517336914,2.64427860852197e-06,8.515591285214153e-21,2.6442786085219783e-06,True,True,True,0.0047601169809953,38.13863843400031,/lustre/fswork/projects/rech/fdb/usv13rn/These_PINN_KH_RT/assets/pinn_supersonic/reviewer_runs/budget_matched_v64/candidates_seeded_32_64.csv,True,1.0
seeded,60,C31,1.85,0.2,3,PINN,0,0.5000186,0.0043253507,0.03,0.008,COMPLETED,,0,0.03,0.008,0.49558500625,0.006073389127832,3.5644805444013497e-06,8.520509659408805e-21,3.564480544401358e-06,True,True,True,0.0047657519747901,38.188405803986825,/lustre/fswork/projects/rech/fdb/usv13rn/These_PINN_KH_RT/assets/pinn_supersonic/reviewer_runs/budget_matched_v64/candidates_seeded_32_64.csv,True,1.0
seeded,60,C31,1.85,0.2,4,PINN,0,0.5000186,0.0043253507,0.03,0.015,COMPLETED,,0,0.03,0.015,0.49558500625,0.006076630832845,3.548361262905682e-06,8.519853794141317e-21,3.5483612629056905e-06,True,True,True,0.0047669419593421,38.08269508299418,/lustre/fswork/projects/rech/fdb/usv13rn/These_PINN_KH_RT/assets/pinn_supersonic/reviewer_runs/budget_matched_v64/candidates_seeded_32_64.csv,True,1.0
seeded,60,C31,1.85,0.2,5,PINN,0,0.5000186,0.0043253507,0.03,0.03,COMPLETED,,0,0.03,0.03,0.49558500625,0.0060827517336914,4.39406325045098e-06,8.516083058735885e-21,4.394063250450989e-06,True,True,True,0.0047691940548963,37.90152938698884,/lustre/fswork/projects/rech/fdb/usv13rn/These_PINN_KH_RT/assets/pinn_supersonic/reviewer_runs/budget_matched_v64/candidates_seeded_32_64.csv,True,1.0
seeded,60,C31,1.85,0.2,6,PINN,0,0.5000186,0.0043253507,0.06,0.008,COMPLETED,,0,0.06,0.008,0.4956045375,0.006073389127832,3.339017327901337e-06,8.517722406360243e-21,3.339017327901346e-06,True,True,True,0.0047475873977298,38.03387132007629,/lustre/fswork/projects/rech/fdb/usv13rn/These_PINN_KH_RT/assets/pinn_supersonic/reviewer_runs/budget_matched_v64/candidates_seeded_32_64.csv,True,1.0
seeded,60,C31,1.85,0.2,7,PINN,0,0.5000186,0.0043253507,0.06,0.015,COMPLETED,,0,0.06,0.015,0.4956045375,0.006076630832845,3.321812980590887e-06,8.515591285214153e-21,3.3218129805908955e-06,True,True,True,0.0047487819340967,38.06002475193236,/lustre/fswork/projects/rech/fdb/usv13rn/These_PINN_KH_RT/assets/pinn_supersonic/reviewer_runs/budget_matched_v64/candidates_seeded_32_64.csv,True,1.0
seeded,60,C31,1.85,0.2,8,PINN,0,0.5000186,0.0043253507,0.06,0.03,COMPLETED,,0,0.06,0.03,0.4956045375,0.0060827517336914,4.212958082598731e-06,8.510674330969128e-21,4.212958082598739e-06,True,True,True,0.004751042637898,37.8856623020256,/lustre/fswork/projects/rech/fdb/usv13rn/These_PINN_KH_RT/assets/pinn_supersonic/reviewer_runs/budget_matched_v64/candidates_seeded_32_64.csv,True,1.0
seeded,60,C31,1.85,0.2,9,PINN,0,0.5000186,0.0043253507,0.1,0.008,COMPLETED,,0,0.1,0.008,0.4956566208333333,0.006073389127832,2.139394871982172e-05,8.509035661765149e-21,2.139394871982173e-05,True,True,True,0.0046992021232983,38.117781476001255,/lustre/fswork/projects/rech/fdb/usv13rn/These_PINN_KH_RT/assets/pinn_supersonic/reviewer_runs/budget_matched_v64/candidates_seeded_32_64.csv,True,1.0
seeded,60,C31,1.85,0.2,10,PINN,0,0.5000186,0.0043253507,0.1,0.015,COMPLETED,,0,0.1,0.015,0.4956566208333333,0.006076630832845,2.139114462469648e-05,8.506905627669386e-21,2.1391144624696488e-05,True,True,True,0.0047004089560518,38.19780907593668,/lustre/fswork/projects/rech/fdb/usv13rn/These_PINN_KH_RT/assets/pinn_supersonic/reviewer_runs/budget_matched_v64/candidates_seeded_32_64.csv,True,1.0
seeded,60,C31,1.85,0.2,11,PINN,0,0.5000186,0.0043253507,0.1,0.03,COMPLETED,,0,0.1,0.03,0.4956566208333333,0.0060827517336914,2.154713276450012e-05,8.503956789875023e-21,2.1547132764500127e-05,True,True,True,0.0047026929140285,37.93390561605338,/lustre/fswork/projects/rech/fdb/usv13rn/These_PINN_KH_RT/assets/pinn_supersonic/reviewer_runs/budget_matched_v64/candidates_seeded_32_64.csv,True,1.0
seeded,61,C31,1.9,0.145,0,PINN,0,0.49552995,0.015734598,0.015,0.008,COMPLETED,,0,0.015,0.008,0.494113934375,0.0161564729999999,8.869419869470258e-07,8.54824303088646e-21,8.869419869470344e-07,True,True,True,0.0014775245398534,33.50682728399988,/lustre/fswork/projects/rech/fdb/usv13rn/These_PINN_KH_RT/assets/pinn_supersonic/reviewer_runs/budget_matched_v64/candidates_seeded_32_64.csv,True,1.0
seeded,61,C31,1.9,0.145,1,PINN,0,0.49552995,0.015734598,0.015,0.015,COMPLETED,,0,0.015,0.015,0.494113934375,0.016154519875,8.34289177965984e-07,8.5479145618273e-21,8.342891779659926e-07,True,True,True,0.0014769680535975,33.41723652998917,/lustre/fswork/projects/rech/fdb/usv13rn/These_PINN_KH_RT/assets/pinn_supersonic/reviewer_runs/budget_matched_v64/candidates_seeded_32_64.csv,True,1.0
seeded,61,C31,1.9,0.145,2,PINN,0,0.49552995,0.015734598,0.015,0.03,COMPLETED,,0,0.015,0.03,0.494113934375,0.0161582683717447,1.1665629304013058e-06,8.54824303088646e-21,1.1665629304013142e-06,True,True,True,0.0014780381707312,33.55281866597943,/lustre/fswork/projects/rech/fdb/usv13rn/These_PINN_KH_RT/assets/pinn_supersonic/reviewer_runs/budget_matched_v64/candidates_seeded_32_64.csv,True,1.0
seeded,61,C31,1.9,0.145,3,PINN,0,0.49552995,0.015734598,0.03,0.008,COMPLETED,,0,0.03,0.008,0.49410416875,0.0161564729999999,3.4705965130671983e-06,8.546929192515145e-21,3.470596513067207e-06,True,True,True,0.0014868862392518,33.55633190309163,/lustre/fswork/projects/rech/fdb/usv13rn/These_PINN_KH_RT/assets/pinn_supersonic/reviewer_runs/budget_matched_v64/candidates_seeded_32_64.csv,True,1.0
seeded,61,C31,1.9,0.145,4,PINN,0,0.49552995,0.015734598,0.03,0.015,COMPLETED,,0,0.03,0.015,0.49410416875,0.016154519875,3.4575531879023203e-06,8.546764969818479e-21,3.457553187902329e-06,True,True,True,0.0014863332580397,40.213953017955646,/lustre/fswork/projects/rech/fdb/usv13rn/These_PINN_KH_RT/assets/pinn_supersonic/reviewer_runs/budget_matched_v64/candidates_seeded_32_64.csv,True,1.0
seeded,61,C31,1.9,0.145,5,PINN,0,0.49552995,0.015734598,0.03,0.03,COMPLETED,,0,0.03,0.03,0.49410416875,0.0161582683717447,3.5523359878315573e-06,8.547257642641643e-21,3.5523359878315658e-06,True,True,True,0.0014873966373317,41.07210307801142,/lustre/fswork/projects/rech/fdb/usv13rn/These_PINN_KH_RT/assets/pinn_supersonic/reviewer_runs/budget_matched_v64/candidates_seeded_32_64.csv,True,1.0
seeded,61,C31,1.9,0.145,6,PINN,0,0.49552995,0.015734598,0.06,0.008,COMPLETED,,0,0.06,0.008,0.4940846374999999,0.0161564729999999,8.737015821000734e-06,8.546436529158312e-21,8.737015821000742e-06,True,True,True,0.0015056250324305,41.16769395198207,/lustre/fswork/projects/rech/fdb/usv13rn/These_PINN_KH_RT/assets/pinn_supersonic/reviewer_runs/budget_matched_v64/candidates_seeded_32_64.csv,True,1.0
seeded,61,C31,1.9,0.145,7,PINN,0,0.49552995,0.015734598,0.06,0.015,COMPLETED,,0,0.06,0.015,0.4940846374999999,0.016154519875,8.731931909621877e-06,8.544466017725941e-21,8.731931909621885e-06,True,True,True,0.0015050789360561,41.18658812996,/lustre/fswork/projects/rech/fdb/usv13rn/These_PINN_KH_RT/assets/pinn_supersonic/reviewer_runs/budget_matched_v64/candidates_seeded_32_64.csv,True,1.0
seeded,61,C31,1.9,0.145,8,PINN,0,0.49552995,0.015734598,0.06,0.03,COMPLETED,,0,0.06,0.03,0.4940846374999999,0.0161582683717447,8.769734485731186e-06,8.54577966677064e-21,8.769734485731194e-06,True,True,True,0.0015061290803084,41.21855597791728,/lustre/fswork/projects/rech/fdb/usv13rn/These_PINN_KH_RT/assets/pinn_supersonic/reviewer_runs/budget_matched_v64/candidates_seeded_32_64.csv,True,1.0
seeded,61,C31,1.9,0.145,9,PINN,0,0.49552995,0.015734598,0.1,0.008,COMPLETED,,0,0.1,0.008,0.4941627625,0.0161564729999999,1.2371862151800392e-05,8.552020878661815e-21,1.2371862151800402e-05,True,True,True,0.0014307970421346,41.39138560509309,/lustre/fswork/projects/rech/fdb/usv13rn/These_PINN_KH_RT/assets/pinn_supersonic/reviewer_runs/budget_matched_v64/candidates_seeded_32_64.csv,True,1.0
seeded,61,C31,1.9,0.145,10,PINN,0,0.49552995,0.015734598,0.1,0.015,COMPLETED,,0,0.1,0.015,0.4941627625,0.016154519875,1.236835380400578e-05,8.552020878661815e-21,1.236835380400579e-05,True,True,True,0.0014302223747584,41.430202356074005,/lustre/fswork/projects/rech/fdb/usv13rn/These_PINN_KH_RT/assets/pinn_supersonic/reviewer_runs/budget_matched_v64/candidates_seeded_32_64.csv,True,1.0
seeded,61,C31,1.9,0.145,11,PINN,0,0.49552995,0.015734598,0.1,0.03,COMPLETED,,0,0.1,0.03,0.4941627625,0.0161582683717447,1.2394886614797024e-05,8.551199536408822e-21,1.2394886614797034e-05,True,True,True,0.0014313274412413,41.55331809306517,/lustre/fswork/projects/rech/fdb/usv13rn/These_PINN_KH_RT/assets/pinn_supersonic/reviewer_runs/budget_matched_v64/candidates_seeded_32_64.csv,True,1.0
seeded,62,C32,1.75,0.21,0,PINN,0,0.47200358,0.007061247,0.015,0.008,COMPLETED,,0,0.015,0.008,0.4702750643749999,0.0072543202613932,1.0748731821528354e-06,6.659367052309317e-21,1.074873182152842e-06,True,True,True,0.0017392652328308,46.62377613596618,/lustre/fswork/projects/rech/fdb/usv13rn/These_PINN_KH_RT/assets/pinn_supersonic/reviewer_runs/budget_matched_v64/candidates_seeded_32_64.csv,True,1.0
seeded,62,C32,1.75,0.21,1,PINN,0,0.47200358,0.007061247,0.015,0.015,COMPLETED,,0,0.015,0.015,0.4702750643749999,0.0072559922679036,6.612347889495147e-07,6.659222093595956e-21,6.612347889495214e-07,True,True,True,0.0017394516334868,46.43509568297304,/lustre/fswork/projects/rech/fdb/usv13rn/These_PINN_KH_RT/assets/pinn_supersonic/reviewer_runs/budget_matched_v64/candidates_seeded_32_64.csv,True,1.0
seeded,62,C32,1.75,0.21,2,PINN,0,0.47200358,0.007061247,0.015,0.03,COMPLETED,,0,0.015,0.03,0.4702750643749999,0.0072588352750651,9.778019347325575e-07,6.657627651878628e-21,9.77801934732564e-07,True,True,True,0.0017397722242616,46.17822686792351,/lustre/fswork/projects/rech/fdb/usv13rn/These_PINN_KH_RT/assets/pinn_supersonic/reviewer_runs/budget_matched_v64/candidates_seeded_32_64.csv,True,1.0
seeded,62,C32,1.75,0.21,3,PINN,0,0.47200358,0.007061247,0.03,0.008,COMPLETED,,0,0.03,0.008,0.4702652987499999,0.0072543202613932,3.124306608635149e-06,6.6599469029399775e-21,3.1243066086351563e-06,True,True,True,0.0017489708369114,46.33002004807349,/lustre/fswork/projects/rech/fdb/usv13rn/These_PINN_KH_RT/assets/pinn_supersonic/reviewer_runs/budget_matched_v64/candidates_seeded_32_64.csv,True,1.0
seeded,62,C32,1.75,0.21,4,PINN,0,0.47200358,0.007061247,0.03,0.015,COMPLETED,,0,0.03,0.015,0.4702652987499999,0.0072559922679036,3.007160422675812e-06,6.661396639957157e-21,3.0071604226758184e-06,True,True,True,0.0017491562032798,46.29246971802786,/lustre/fswork/projects/rech/fdb/usv13rn/These_PINN_KH_RT/assets/pinn_supersonic/reviewer_runs/budget_matched_v64/candidates_seeded_32_64.csv,True,1.0
seeded,62,C32,1.75,0.21,5,PINN,0,0.47200358,0.007061247,0.03,0.03,COMPLETED,,0,0.03,0.03,0.4702652987499999,0.0072588352750651,3.09222847924953e-06,6.656468177809247e-21,3.0922284792495366e-06,True,True,True,0.001749475015696,46.09106956003234,/lustre/fswork/projects/rech/fdb/usv13rn/These_PINN_KH_RT/assets/pinn_supersonic/reviewer_runs/budget_matched_v64/candidates_seeded_32_64.csv,True,1.0
seeded,62,C32,1.75,0.21,6,PINN,0,0.47200358,0.007061247,0.06,0.008,COMPLETED,,0,0.06,0.008,0.4702457674999999,0.0072543202613932,1.0226347266536888e-05,6.668212517296263e-21,1.0226347266536892e-05,True,True,True,0.0017683840276991,46.28004137100652,/lustre/fswork/projects/rech/fdb/usv13rn/These_PINN_KH_RT/assets/pinn_supersonic/reviewer_runs/budget_matched_v64/candidates_seeded_32_64.csv,True,1.0
seeded,62,C32,1.75,0.21,7,PINN,0,0.47200358,0.007061247,0.06,0.015,COMPLETED,,0,0.06,0.015,0.4702457674999999,0.0072559922679036,1.0191131148335538e-05,6.664006564173975e-21,1.0191131148335543e-05,True,True,True,0.0017685673593412,46.34928185504396,/lustre/fswork/projects/rech/fdb/usv13rn/These_PINN_KH_RT/assets/pinn_supersonic/reviewer_runs/budget_matched_v64/candidates_seeded_32_64.csv,True,1.0
seeded,62,C32,1.75,0.21,8,PINN,0,0.47200358,0.007061247,0.06,0.03,COMPLETED,,0,0.06,0.03,0.4702457674999999,0.0072588352750651,1.0216519874106383e-05,6.664441601241682e-21,1.0216519874106392e-05,True,True,True,0.0017688826732147,46.110731396009214,/lustre/fswork/projects/rech/fdb/usv13rn/These_PINN_KH_RT/assets/pinn_supersonic/reviewer_runs/budget_matched_v64/candidates_seeded_32_64.csv,True,1.0
seeded,62,C32,1.75,0.21,9,PINN,0,0.47200358,0.007061247,0.1,0.008,COMPLETED,,0,0.1,0.008,0.4702457675,0.0072543202613932,1.0226347267405666e-05,6.667197165747683e-21,1.0226347267405671e-05,True,True,True,0.001768384027699,38.34358400001656,/lustre/fswork/projects/rech/fdb/usv13rn/These_PINN_KH_RT/assets/pinn_supersonic/reviewer_runs/budget_matched_v64/candidates_seeded_32_64.csv,True,1.0
seeded,62,C32,1.75,0.21,10,PINN,0,0.47200358,0.007061247,0.1,0.015,COMPLETED,,0,0.1,0.015,0.4702457675,0.0072559922679036,1.0191131148660516e-05,6.664876652508885e-21,1.0191131148660524e-05,True,True,True,0.0017685673593411,37.71008951298427,/lustre/fswork/projects/rech/fdb/usv13rn/These_PINN_KH_RT/assets/pinn_supersonic/reviewer_runs/budget_matched_v64/candidates_seeded_32_64.csv,True,1.0
seeded,62,C32,1.75,0.21,11,PINN,0,0.47200358,0.007061247,0.1,0.03,COMPLETED,,0,0.1,0.03,0.4702457675,0.0072588352750651,1.0216519871361515e-05,6.665456742953261e-21,1.0216519871361522e-05,True,True,True,0.0017688826732147,37.57809464994352,/lustre/fswork/projects/rech/fdb/usv13rn/These_PINN_KH_RT/assets/pinn_supersonic/reviewer_runs/budget_matched_v64/candidates_seeded_32_64.csv,True,1.0
seeded,63,C32,1.8,0.21,0,PINN,0,0.48472717,0.00507398,0.015,0.008,COMPLETED,,0,0.015,0.008,0.4844830293749999,0.0052819900585937,1.2339705827804167e-06,7.591380150230216e-21,1.2339705827804244e-06,True,True,True,0.0003207379448266,38.350055902963504,/lustre/fswork/projects/rech/fdb/usv13rn/These_PINN_KH_RT/assets/pinn_supersonic/reviewer_runs/budget_matched_v64/candidates_seeded_32_64.csv,True,1.0
seeded,63,C32,1.8,0.21,1,PINN,0,0.48472717,0.00507398,0.015,0.015,COMPLETED,,0,0.015,0.015,0.4844830293749999,0.0052820514518229,1.220787096949574e-06,7.591225379664915e-21,1.2207870969495818e-06,True,True,True,0.0003207777639411,38.33082380297128,/lustre/fswork/projects/rech/fdb/usv13rn/These_PINN_KH_RT/assets/pinn_supersonic/reviewer_runs/budget_matched_v64/candidates_seeded_32_64.csv,True,1.0
seeded,63,C32,1.8,0.21,2,PINN,0,0.48472717,0.00507398,0.015,0.03,COMPLETED,,0,0.015,0.03,0.4844830293749999,0.0052800155696614,1.760011083049887e-06,7.589987271940503e-21,1.7600110830498946e-06,True,True,True,0.0003194609533904,38.495873079053126,/lustre/fswork/projects/rech/fdb/usv13rn/These_PINN_KH_RT/assets/pinn_supersonic/reviewer_runs/budget_matched_v64/candidates_seeded_32_64.csv,True,1.0
seeded,63,C32,1.8,0.21,3,PINN,0,0.48472717,0.00507398,0.03,0.008,COMPLETED,,0,0.03,0.008,0.4844732637499999,0.0052819900585937,2.6711208445264013e-06,7.596024000829853e-21,2.671120844526409e-06,True,True,True,0.0003282324911785,38.32809306809213,/lustre/fswork/projects/rech/fdb/usv13rn/These_PINN_KH_RT/assets/pinn_supersonic/reviewer_runs/budget_matched_v64/candidates_seeded_32_64.csv,True,1.0
seeded,63,C32,1.8,0.21,4,PINN,0,0.48472717,0.00507398,0.03,0.015,COMPLETED,,0,0.03,0.015,0.4844732637499999,0.0052820514518229,2.6650549677181394e-06,7.592308806754173e-21,2.665054967718147e-06,True,True,True,0.0003282714012106,38.24666894599795,/lustre/fswork/projects/rech/fdb/usv13rn/These_PINN_KH_RT/assets/pinn_supersonic/reviewer_runs/budget_matched_v64/candidates_seeded_32_64.csv,True,1.0
seeded,63,C32,1.8,0.21,5,PINN,0,0.48472717,0.00507398,0.03,0.03,COMPLETED,,0,0.03,0.03,0.4844732637499999,0.0052800155696614,2.951293567910388e-06,7.590296789405274e-21,2.951293567910396e-06,True,True,True,0.0003269847699126,38.33991711295676,/lustre/fswork/projects/rech/fdb/usv13rn/These_PINN_KH_RT/assets/pinn_supersonic/reviewer_runs/budget_matched_v64/candidates_seeded_32_64.csv,True,1.0
seeded,63,C32,1.8,0.21,6,PINN,0,0.48472717,0.00507398,0.06,0.008,COMPLETED,,0,0.06,0.008,0.4844537324999999,0.0052819900585937,9.71768636866568e-06,7.596333641356927e-21,9.717686368665688e-06,True,True,True,0.0003435640418938,38.34339251206256,/lustre/fswork/projects/rech/fdb/usv13rn/These_PINN_KH_RT/assets/pinn_supersonic/reviewer_runs/budget_matched_v64/candidates_seeded_32_64.csv,True,1.0
seeded,63,C32,1.8,0.21,7,PINN,0,0.48472717,0.00507398,0.06,0.015,COMPLETED,,0,0.06,0.015,0.4844537324999999,0.0052820514518229,9.716019376613911e-06,7.596178820304529e-21,9.716019376613918e-06,True,True,True,0.0003436012157573,38.2752525289543,/lustre/fswork/projects/rech/fdb/usv13rn/These_PINN_KH_RT/assets/pinn_supersonic/reviewer_runs/budget_matched_v64/candidates_seeded_32_64.csv,True,1.0
seeded,63,C32,1.8,0.21,8,PINN,0,0.48472717,0.00507398,0.06,0.03,COMPLETED,,0,0.06,0.03,0.4844537324999999,0.0052800155696614,9.79845537376953e-06,7.596024000829853e-21,9.798455373769535e-06,True,True,True,0.0003423721985967,38.390315644908696,/lustre/fswork/projects/rech/fdb/usv13rn/These_PINN_KH_RT/assets/pinn_supersonic/reviewer_runs/budget_matched_v64/candidates_seeded_32_64.csv,True,1.0
seeded,63,C32,1.8,0.21,9,PINN,0,0.48472717,0.00507398,0.1,0.008,COMPLETED,,0,0.1,0.008,0.4845318574999999,0.0052819900585937,1.879720845648588e-05,7.57451944508311e-21,1.8797208456485888e-05,True,True,True,0.0002853334139781,38.33430015901104,/lustre/fswork/projects/rech/fdb/usv13rn/These_PINN_KH_RT/assets/pinn_supersonic/reviewer_runs/budget_matched_v64/candidates_seeded_32_64.csv,True,1.0
seeded,63,C32,1.8,0.21,10,PINN,0,0.48472717,0.00507398,0.1,0.015,COMPLETED,,0,0.1,0.015,0.4845318574999999,0.0052820514518229,1.879634651233657e-05,7.575910903423194e-21,1.8796346512336576e-05,True,True,True,0.0002853781731667,38.26339905301575,/lustre/fswork/projects/rech/fdb/usv13rn/These_PINN_KH_RT/assets/pinn_supersonic/reviewer_runs/budget_matched_v64/candidates_seeded_32_64.csv,True,1.0
seeded,63,C32,1.8,0.21,11,PINN,0,0.48472717,0.00507398,0.1,0.03,COMPLETED,,0,0.1,0.03,0.4845318574999999,0.0052802968261718,1.8831441299831912e-05,7.579312784035426e-21,1.883144129983192e-05,True,True,True,0.0002841013998872,38.37603972002398,/lustre/fswork/projects/rech/fdb/usv13rn/These_PINN_KH_RT/assets/pinn_supersonic/reviewer_runs/budget_matched_v64/candidates_seeded_32_64.csv,True,1.0
