y,p_twosided_real,p_twosided_imag,q_twosided_real,q_twosided_imag
-120.0,-0.5137350414185144,0.13609220453663745,0.02208921871220466,0.09441111571498675
-119.94,-0.5123785058369666,0.14175040892368096,0.023128292885507953,0.09419379073603541
-119.88,-0.51095968846484,0.14739523083839778,0.02416525744323751,0.09396503654408533
-119.82,-0.5094787196492296,0.1530259851250248,0.025199986743402288,0.09372487326989228
-119.76,-0.5079357372701926,0.1586419878770629,0.026232355331813013,0.09347332242460918
-119.7,-0.5063308867290229,0.16424255652005595,0.027262237957240587,0.09321040689808785
-119.64,-0.504664320935622,0.16982700989424976,0.028289509586557415,0.09293615095701484
-119.58,-0.5029362002949574,0.1753946683371474,0.029314045419864668,0.09265058024288055
-119.52,-0.501146692692616,0.18094485376593086,0.030335720905599998,0.09235372176978257
-119.46,-0.49929597347945104,0.1864768897597476,0.03135441175562542,0.09204560392206294
-119.4,-0.4973842254553251,0.19199010164184893,0.03236999396029294,0.09172625645177997
-119.34,-0.4954116388519474,0.19748381656157796,0.03338234380348766,0.09139571047601364
-119.28,-0.49337841131481397,0.20295736357617838,0.03439133787764285,0.09105399847400705
-119.22,-0.4912847478842431,0.20841007373243944,0.03539685309873003,0.0907011542841415
-119.16,-0.48913086097551467,0.21384128014814807,0.03639876672121867,0.09033721310074733
-119.1,-0.48691697035811216,0.21925031809334605,0.037396956353004995,0.08996221147075019
-119.04,-0.4846433031340704,0.2246365250713798,0.038391299970307845,0.08957618729015292
-118.98,-0.4823100937154282,0.22999924089974033,0.039381675932530946,0.08917917980035314
-118.92,-0.4799175838007955,0.23533780779066488,0.040367962997086414,0.0887712295842982
-118.86,-0.4774660223510271,0.2406515704315154,0.04135004033418242,0.08835237856247581
-118.8,-0.4749556655640125,0.24593987606490544,0.04232778754156951,0.0879226699887424
-118.74,-0.47238677684858205,0.25120207456857313,0.04330108465924545,0.08748214844598874
-118.68,-0.46975962679753325,0.25643751853498775,0.04426981218411609,0.08703085984164377
-118.62,-0.46707449315977406,0.2616455633506881,0.045233851084612,0.08656885140301611
-118.56,-0.4643316608115989,0.26682556727532414,0.046193082815255714,0.08609617167247553
-118.5,-0.46153142172708395,0.2719768915204171,0.04714738933118207,0.08561287050247274
-118.44,-0.4586740749476173,0.27709890032780937,0.04809665310260692,0.08511899905039919
-118.38,-0.4557599265505612,0.2821909610478031,0.04904075712924332,0.08461460977328751
-118.32,-0.45278928961705056,0.2872524442169755,0.04997958495466362,0.08409975642235246
-118.26,-0.4497624841989337,0.2922827236356609,0.05091302068060521,0.08357449403737345
-118.2,-0.44667983728485083,0.2972811764450969,0.05184094898121959,0.08303887894091853
-118.14,-0.44354168276546807,0.30224718320420746,0.052763255117259766,0.08249296873241208
-118.08,-0.4403483613978542,0.3071801279660368,0.05367982495020853,0.08193682228204432
-118.02,-0.43710022076901545,0.3120793983538079,0.0545905449563427,0.08137049972452559
-117.96,-0.4337976152585874,0.3169443856366024,0.05549530224073272,0.0807940624526844
-117.9,-0.43044090600068985,0.32177448480465026,0.05639398455117585,0.08020757311091135
-117.84,-0.4270304608449437,0.32656909464422806,0.057286480292061986,0.07961109558844762
-117.78,-0.4235666543166665,0.3313276178121376,0.05817267853816768,0.07900469501252166
-117.72,-0.42004986757623286,0.3360494609097801,0.059052469048380685,0.07838843774133167
-117.66,-0.4164804883776197,0.3407340345567989,0.05992574227935016,0.0777623913568767
-117.6,-0.41285891102613254,0.3453807534642887,0.06079238939906215,0.07712662465763628
-117.54,-0.4091855363353208,0.3499890365075599,0.061652302300338316,0.07648120765110003
-117.48,-0.4054607715830812,0.35455830679845574,0.06250537361425736,0.07582621154614631
-117.42,-0.40168503046696696,0.3590879917571967,0.06335149672349447,0.07516170874527404
-117.36,-0.39785873305869035,0.3635775231837652,0.06419056577558126,0.07448777283668467
-117.3,-0.3939823057578363,0.36802633732880574,0.06502247569608141,0.07380447858621776
-117.24,-0.39005618124478764,0.37243387496403735,0.06584712220168173,0.07311190192914027
-117.18,-0.3860807984328678,0.37679958145216835,0.06666440181319656,0.07241011996179042
-117.12,-0.3820566024197017,0.38112290681631045,0.06747421186848483,0.07169921093307625
-117.06,-0.377984044437813,0.385403305808868,0.06827645053527585,0.0709792542358325
-117.0,-0.3738635818044464,0.3896402379799151,0.06907101682390537,0.07025033039803273
-116.94,-0.3696956778706315,0.3938331677450354,0.06985781059995813,0.0695125210738611
-116.88,-0.36548080196949173,0.39798156445262356,0.07063673259681584,0.068765909034643
-116.82,-0.36121942936380197,0.4020849024506382,0.07140768442810941,0.06801057815963601
-116.76,-0.3569120411928038,0.4061426611527971,0.07217056860007322,0.0672466134266825
-116.7,-0.35255912441827686,0.4101543251042122,0.0729252885238014,0.06647410090272358
-116.64,-0.34816117176988826,0.41411938404644155,0.07367174852740133,0.06569312773417825
-116.58,-0.3437186816898058,0.41803733298197027,0.07440985386804723,0.06490378213718523
-116.52,-0.3392321582765957,0.4219076722380964,0.07513951074392866,0.06410615338771138
-116.46,-0.3347021112284062,0.4257299075302205,0.07586062630609451,0.06330033181152632
-116.4,-0.330129055785444,0.42950355002452884,0.07657310867018981,0.06248640877404527
-116.34,-0.32551351267174483,0.4332281164000679,0.07727686692808537,0.061664476670039735
-116.28,-0.32085600803626085,0.4369031289101882,0.07797181115939625,0.06083462891322011
-116.22,-0.316157073393248,0.44052811544336856,0.07865785244289054,0.05999695992568767
-116.16,-0.3114172455619791,0.4441026095833992,0.07933490286778529,0.0591515651272599
-116.1,-0.3066370666057804,0.4476261506689209,0.08000287554492816,0.0582985409246692
-116.04,-0.3018170837704029,0.45109828385231265,0.08066168461786408,0.05743798470063663
-115.98,-0.2969578494217262,0.4545185601579222,0.08131124527378554,0.05656999480282071
-115.92,-0.2920599209828215,0.457886536539624,0.08195147375436357,0.05569467053264549
-115.86,-0.28712386087035596,0.46120177593770934,0.08258228736646048,0.05481211213400515
-115.8,-0.2821502364303643,0.46446384733509244,0.0832036044927212,0.05392242078184952
-115.74,-0.27713961987338687,0.46767232581282786,0.08381534460204244,0.053025698570650336
-115.68,-0.27209258820898513,0.47082679260493265,0.08441742825991834,0.0521220485027504
-115.62,-0.2670097231796333,0.47392683515250866,0.0850097771386617,0.05121157447659515
-115.56,-0.26189161119401333,0.47697204715714875,0.085592314027498,0.05029438127485157
-115.5,-0.25673884325969554,0.4799620286336335,0.08616496284253311,0.049370574552411506
-115.44,-0.2515520149152312,0.48289638596190126,0.08672764863659167,0.04844026082428363
-115.38,-0.24633172616165738,0.48577473193828924,0.08728029760892576,0.047503547453374505
-115.32,-0.24107858139342359,0.48859668582603805,0.08782283711479204,0.04656054263816021
-115.26,-0.2357931893287486,0.49136187340505266,0.08835519567489668,0.04561135540025017
-115.2,-0.23047616293940834,0.49406992702091723,0.0888773029847069,0.04465609557184323
-115.14,-0.22512811937998195,0.49672048563314763,0.08938908992362667,0.043694873783080845
-115.08,-0.21974967991653865,0.49931319486268866,0.08989048856403734,0.04272780144929433
-115.02,-0.21434146985479244,0.5018477070386396,0.09038143218020063,0.04175499075815088
-114.96,-0.20890411846772589,0.5043236812442061,0.09086185525702326,0.0407765546566988
-114.9,-0.20343825892269302,0.5067407833618714,0.09133169349868189,0.03979260683831344
-114.84,-0.19794452820800282,0.5090986861177846,0.09179088383710814,0.0388032617295443
-114.78,-0.19242356705901076,0.51139706912535,0.09223936444033051,0.03780863447686825
-114.72,-0.1868760198837009,0.5136356189280257,0.09267707472067478,0.036808840933345556
-114.66,-0.18130253468778715,0.5158140290413149,0.0931039553428198,0.03580399764518398
-114.6,-0.17570376299933413,0.5179319999939503,0.09351994823170849,0.03479422183821083
-114.54,-0.17008035979290848,0.5199892393682616,0.09392499658031268,0.03377963140425537
-114.48,-0.1644329834132631,0.5219854618397277,0.09431904485725137,0.0327603448874414
-114.42,-0.15876229549858115,0.5239203892156975,0.09470203881426015,0.03173648147039524
-114.36,-0.15306896090326333,0.5257937504732862,0.09507392549351219,0.03070816096036613
-114.3,-0.1473536476202873,0.5276052817964341,0.09543465323478921,0.029675503775264008
-114.24,-0.14161702670313966,0.5293547266121245,0.0957841716825011,0.028638630929614994
-114.18,-0.13585977218733278,0.5310418356257579,0.09612243179255396,0.02759766402043662
-114.12,-0.13008256101150745,0.5326663668556769,0.09644938583906545,0.02655272521303298
-114.06,-0.1242860729381508,0.5342280856668324,0.09676498742092571,0.025503937226715255
-114.0,-0.11847099047391141,0.5357267648035964,0.09706919146820454,0.024451423320444143
-113.94,-0.11263799878954159,0.537162184421707,0.09736195424840255,0.0233953072783998
-113.88,-0.10678778563946792,0.5385341321193479,0.09764323337254616,0.022335713395479243
-113.82,-0.10092104128100082,0.5398424029673533,0.09791298780112545,0.02127276646272341
-113.76,-0.09503845839319387,0.5410867995385383,0.09817117784987396,0.02020659175267564
-113.7,-0.08914073199535423,0.5422671319361493,0.09841776519539001,0.019137315004671848
-113.64,-0.08322855936523442,0.5433832178214261,0.09865271288059797,0.0180650624100679
-113.58,-0.0773026399568875,0.54443488244028,0.09887598532004961,0.016989960597400832
-113.52,-0.07136367531821557,0.5454219586490779,0.09908754830506447,0.015912136617489536
-113.46,-0.06541236900821368,0.5463442869395304,0.09928736900870828,0.01483171792847498
-113.4,-0.05944942651392121,0.5472017154626804,0.09947541599060891,0.013748832380802406
-113.34,-0.05347555516708201,0.5479941000519908,0.0996516592016095,0.012663608202145562
-113.28,-0.04749146406054448,0.5487213042455229,0.09981606998825733,0.011576173982278726
-113.22,-0.04149786396438308,0.5493831993072085,0.09996862109712867,0.01048665865789313
-113.16,-0.035495467241772494,0.5499796642472072,0.10010928667898834,0.009395191497363321
-113.1,-0.0294849877646155,0.5505105858413502,0.10023804229278373,0.008301902085463851
-113.04,-0.023467140828937954,0.5509758586496633,0.10035486490947242,0.007206920308038571
-112.98,-0.0174426430700517,0.5513753850339715,0.10045973291568334,0.00611037633662268
-112.92,-0.011412212377517246,0.5517090751745768,0.10055262611720997,0.005012400613023421
-112.86,-0.0053765678098875586,0.5519768470860111,0.10063352574233628,0.003913123833855864
-112.8,0.0006635704907355643,0.5521786266318607,0.10070241444499389,0.00281267693503965
-112.74,0.006707481384330728,0.5523143475386566,0.1007592763077506,0.0017111910762568322
-112.68,0.012754442818759126,0.5523839514088353,0.10080409684462932,0.0006087976253733316
-112.62,0.018803731915737993,0.5523873877327601,0.1008368630037575,-0.000494371857175893
-112.56,0.02485462505695344,0.5523246138998064,0.1008575631698461,-0.0015981856340320357
-112.5,0.0309063979703313,0.5521955952085067,0.10086618716649814,-0.002702511806591464
-112.44,0.03695832581643423,0.5520003048757547,0.10086272625834608,-0.003807218330712741
-112.38,0.043009683274983286,0.5517387240450656,0.10084717315301803,-0.004912173032451404
-112.32,0.04905974463149234,0.551410841793891,0.10081952200293198,-0.006017243623820306
-112.26,0.05510778386400367,0.551016655139989,0.10077976840691835,-0.007122297718573411
-112.2,0.06115307472992268,0.5505561690468443,0.10072790941166977,-0.008227202848012788
-112.14,0.06719489085292027,0.5500293964281424,0.10066394351301863,-0.009331826476812887
-112.08,0.073232505809921,0.5494363581512903,0.10058787065704153,-0.010436036018865573
-112.02,0.07926519321814497,0.548777083039989,0.10049969224099062,-0.011539698853140006
-111.96000000000001,0.08529222682220072,0.5480516078758523,0.10039941111405164,-0.012642682339556812
-111.9,0.09131288058122528,0.5472599773990723,0.10028703157792833,-0.013744853834876024
-111.84,0.0973264287560398,0.5464022443081337,0.10016255938725324,-0.01484608070859286
-111.78,0.10333214599633905,0.5454784692585714,0.10002600174982447,-0.015946230358844755
-111.72,0.10932930742788269,0.5444887208607753,0.09987736732666856,-0.017045170228323785
-111.66,0.11531718873968642,0.5434330756768389,0.09971666623192904,-0.01814276782019418
-111.6,0.12129506627120143,0.5423116182164536,0.09954391003258088,-0.01923889071401274
-111.54,0.1272622170994698,0.5411244409318482,0.09935911174797059,-0.020333406581649945
-111.48,0.13321791912625444,0.5398716442117708,0.09916228584918174,-0.021426183203211494
-111.42,0.1391614511651113,0.5385533363745192,0.09895344825822644,-0.022517088482954428
-111.36,0.14509209302842221,0.5371696336600129,0.09873261634706203,-0.023605990465201093
-111.3,0.15100912561435637,0.5357206602209121,0.09849980893643359,-0.024692757350245183
-111.24,0.15691183099375824,0.5342065481127838,0.09825504629454182,-0.0257772575102495
-111.18,0.16279949249694964,0.5326274372833113,0.09799835013553689,-0.026859359505132952
-111.12,0.16867139480044224,0.5309834755605521,0.09772974361783748,-0.02793893209844653
-111.06,0.17452682401353103,0.5292748186402471,0.09744925134227642,-0.02901584427323235
-111.0,0.1803650677647842,0.5275016300721725,0.09715689935007144,-0.030089965247869156
-110.94,0.18618541528840013,0.5256640812455466,0.09685271512062252,-0.031161164491898367
-110.88,0.19198715751042766,0.5237623513734847,0.09653672756913517,-0.03222931174183039
-110.82,0.19776958713483872,0.5217966274765079,0.09620896704407023,-0.03329427701692905
-110.76,0.20353199872944164,0.5197671043651053,0.09586946532442023,-0.03435593063497187
-110.7,0.20927368881163225,0.517673984621349,0.09551825561681221,-0.03541414322798591
-110.64,0.2149939559339526,0.5155174785795706,0.09515537255243835,-0.03646878575795353
-110.58,0.22069210076947415,0.5132978043060921,0.09478085218381312,-0.037519729532491004
-110.52,0.22636742619697378,0.5110151875780174,0.09439473198135823,-0.03856684622049454
-110.46000000000001,0.23201923738590038,0.5086698618610891,0.09399705082981569,-0.03961000786775297
-110.4,0.2376468418811274,0.5062620682866041,0.09358784902448847,-0.040649086912526375
-110.34,0.24324954968746146,0.503792055627403,0.09316716826731053,-0.04168395620108523
-110.28,0.24882667335392333,0.5012600802729211,0.09273505166274505,-0.04271448900321305
-110.22,0.25437752805777114,0.4986664062033152,0.0922915437135121,-0.043740559027666694
-110.16,0.25990143168826335,0.4960113049626616,0.09183669031614611,-0.044762040437594505
-110.1,0.2653977049301498,0.49329505563123155,0.09137053875638335,-0.045778807865909495
-110.04,0.27086567134688033,0.4905179447968462,0.09089313770438007,-0.046790736430616
-109.98,0.2763046574635273,0.4876802665253094,0.09040453720976108,-0.04779770175008907
-109.92,0.2817139928493931,0.48478232232993246,0.08990478869650093,-0.04879957995830124
-109.86,0.2870930102003185,0.4818244211401404,0.08939394495763599,-0.04979624771999959
-109.8,0.2924410454206625,0.478806879269172,0.0888720601498097,-0.050787582245827745
-109.74,0.2977574377049509,0.47573002038087364,0.08833918978765055,-0.05177346130739221
-109.68,0.3030415296191809,0.47259417545559157,0.08779539073798404,-0.05275376325227095
-109.62,0.30829266718178067,0.46939968275516264,0.08724072121387816,-0.053728367018963545
-109.56,0.31351019994419344,0.4661468877870154,0.08667524076852497,-0.05469715215177784
-109.5,0.3186934810711021,0.4628361432673745,0.08609901028895632,-0.05565999881565576
-109.44,0.32384186742026594,0.4594678090835797,0.08551209198959642,-0.05661678781093295
-109.38,0.32895471962196665,0.45604225225552153,0.08491454940565105,-0.057567400588032044
-109.32,0.3340314021580527,0.4525598468961965,0.0843064473863341,-0.05851171926208723
-109.26,0.33907128344057164,0.4490209741713887,0.08368785208793257,-0.059449626627498364
-109.2,0.3440737358899868,0.44542602225847544,0.0830588309667098,-0.06038100617241396
-109.14,0.3490381360129521,0.4417753863043748,0.0824194527716495,-0.06130574209313812
-109.08,0.3539638644796582,0.4380694683826226,0.0817697875370392,-0.062223719308463946
-109.02,0.35885030620072345,0.43430867744959584,0.08110990657489517,-0.06313482347392838
-108.96000000000001,0.3636968504036244,0.4304934292998832,0.0804398824672298,-0.06403894099598784
-108.9,0.3685028907086653,0.42662414652080327,0.0797597890581606,-0.06493595904611398
-108.84,0.3732678252044562,0.42270125844608797,0.07906970144586488,-0.06582576557480455
-108.78,0.37799105652291615,0.4187252011087192,0.07836969597437701,-0.06670824932551198
-108.72,0.3826719919137732,0.414696417192937,0.0776598502252323,-0.0675832998484848
-108.66,0.3873100433185606,0.41061535598541843,0.07694024300895662,-0.0684508075145212
-108.6,0.3919046274440963,0.4064824733256343,0.0762109543564037,-0.06931066352863328
-108.54,0.3964551658354384,0.40229823155538985,0.07547206550994053,-0.07016275994361951
-108.48,0.40096108494831184,0.3980630994675484,0.07472365891448116,-0.07100698967354553
-108.42,0.4054218162209821,0.3937775522539597,0.07396581820837232,-0.07184324650712809
-108.36,0.4098367961455884,0.38944207145257737,0.07319862821412845,-0.07267142512102477
-108.3,0.41420546633891064,0.3850571448937872,0.07242217492901987,-0.07349142109302476
-108.24,0.4185272736125692,0.38062326664594626,0.07163654551551372,-0.0743031309151402
-108.18,0.4228016700426452,0.37614093696014034,0.0708418282915696,-0.07510645200659606
-108.12,0.42702811303871907,0.3716106622141596,0.07003811272078926,-0.07590128272671828
-108.06,0.43120606541230416,0.36703295485571497,0.06922548940242497,-0.07668752238771527
-108.0,0.4353349954446866,0.3624083333448803,0.06840405006124307,-0.07746507126735556
-107.94,0.4394143769541473,0.35773732209578174,0.06757388753724745,-0.07823383062153653
-107.88,0.44344368936256423,0.3530204514175363,0.06673509577526236,-0.07899370269674436
-107.82,0.44742241776138614,0.34825825745444483,0.0658877698143763,-0.079744590742403
-107.76,0.45135005297696695,0.3434512821254498,0.06503200577724817,-0.08048639902311087
-107.7,0.4552260916352596,0.33860007306285556,0.06416790085927566,-0.0812190328307642
-107.64,0.45905003622584656,0.3337051835503369,0.06329555331763022,-0.08194239849656351
-107.58,0.4628213951653172,0.3287671724602186,0.06241506246015571,-0.08265640340290478
-107.52,0.46653968285997166,0.3237866041900512,0.06152652863413513,-0.08336095599515143
-107.46000000000001,0.47020441976784516,0.31876404859848406,0.06063005321492544,-0.08405596579328624
-107.4,0.47381513246005236,0.313700080940437,0.059725738594460995,-0.08474134340344286
-107.34,0.47737135368142825,0.308595281801595,0.058813688169629855,-0.08541700052931278
-107.28,0.4808726224104771,0.3034502370322115,0.057894006330520054,-0.08608284998342973
-107.22,0.48431848391860793,0.2982655376802434,0.05696679844854052,-0.08673880569832736
-107.16,0.4877084898286539,0.29304177992381913,0.0560321708644164,-0.08738478273757017
-107.1,0.4910421981726684,0.28777956500304996,0.055090230876060665,-0.08802069730665575
-107.04,0.49431917344898846,0.28247949915119047,0.054141086726323465,-0.08864646676378703
-106.98,0.4975389866785635,0.2771421935251521,0.05318484759061921,-0.08926200963051392
-106.92,0.5007012154605305,0.27176826413539346,0.05222162356443632,-0.08986724560224087
-106.86,0.5038054440270437,0.2663583317751724,0.05125152565072637,-0.09046209555860177
-106.8,0.5068512632973406,0.26091302194918536,0.05027466574717764,-0.091046481573699
-106.74,0.5098382709310412,0.2554329648015959,0.04929115663337304,-0.09162032692620581
-106.68,0.5127660713806729,0.24991879504346162,0.04830111195783431,-0.09218355610933064
-106.62,0.5156342759434185,0.24437115187956202,0.047304646224952736,-0.09273609484064291
-106.56,0.5184425028120687,0.23879067893465275,0.046301874781811206,-0.09327787007175709
-106.5,0.5211903771251892,0.23317802417913117,0.04529291380489456,-0.09380880999787605
-106.44,0.5238775310164819,0.22753383985413936,0.04427788028669317,-0.09432884406719122
-106.38,0.5265036036633406,0.2218587823961065,0.04325689202219996,-0.09483790299013824
-106.32,0.5290682413345945,0.21615351236074026,0.04223006759530265,-0.09533591874850748
-106.26,0.5315710974374295,0.21041869434647711,0.041197526365072894,-0.09582282460440786
-106.2,0.5340118325634876,0.20465499691739258,0.04015938845195271,-0.0962985551090833
-106.14,0.5363901145341301,0.19886309252560047,0.0391157747238431,-0.09676304611157935
-106.08,0.5387056184448655,0.19304365743312316,0.0380668067820919,-0.09721623476726084
-106.02,0.540958026708935,0.18719737163326206,0.0370126069473859,-0.09765805954617768
-105.96000000000001,0.5431470291000455,0.1813249187714707,0.03595329824554784,-0.0980884602412787
-105.9,0.5452723227942516,0.17542698606573262,0.034889004393238464,-0.0985073779764724
-105.84,0.5473336124109718,0.1695042642264742,0.033819849783569264,-0.09891475521453241
-105.78,0.5493306100531434,0.16355744737599387,0.032745959471622406,-0.09931053576484856
-105.72,0.551263035346504,0.15758723296743807,0.03166745915988329,-0.09969466479102093
-105.66,0.553130615477996,0.1515943217033244,0.030584475183586046,-0.10006708881829642
-105.6,0.5549330852332905,0.14557941745362402,0.029497134495973812,-0.10042775574084696
-105.54,0.5566701870334221,0.13954322717341314,0.02840556465347573,-0.10077661482888832
-105.48,0.5583416709705358,0.13348646082009494,0.027309893800800997,-0.10111361673563855
-105.42,0.559947294842732,0.1274098312702234,0.026210250655955388,-0.10143871350411474
-105.36,0.5614868241880141,0.12131405423590992,0.025106764495176997,-0.1017518585737679
-105.3,0.5629600323173287,0.11519984818084358,0.023999565137796684,-0.10205300678695459
-105.24,0.564366700346695,0.10906793423592669,0.022888782931023557,-0.10234211439524445
-105.18,0.5657066172284181,0.1029190361145386,0.02177454873465771,-0.1026191390655628
-105.12,0.5669795797813866,0.09675388002742817,0.020656993905730475,-0.10288403988616793
-105.06,0.5681853927204412,0.09057319459726752,0.019536250283077903,-0.1031367773724609
-105.0,0.5693238686848201,0.08437771077284746,0.018412450171843994,-0.103377313472629
-104.94,0.5703948282656705,0.07816816174294665,0.017285726327919516,-0.10360561157312052
-104.88,0.5713981000326249,0.07194528284987602,0.016156211942316593,-0.10382163650395065
-104.82,0.572333520559438,0.06570981150270963,0.015024040625481109,-0.10402535454383789
-104.76,0.5732009344486807,0.05946248709021437,0.013889346391545206,-0.10421673342516992
-104.7,0.5740001943554882,0.053204050893478995,0.012752263642519928,-0.10439574233879859
-104.64,0.5747311610103552,0.046935245998275595,0.01161292715243401,-0.10456235193866285
-104.58,0.5753937032409815,0.040656817207134203,0.010471472051415248,-0.10471653434623956
-104.52,0.5759876979931581,0.03436951095116274,0.009328033809720419,-0.10485826315482108
-104.46000000000001,0.5765130303506948,0.02807407520161552,0.008182748221714206,-0.10498751343361909
-104.4,0.5769695935543855,0.021771259381213492,0.007035751389797729,-0.10510426173169446
-104.34,0.5773572890200057,0.015461814275248575,0.005887179708292575,-0.10520848608171171
-104.28,0.5776760263553443,0.00914649194245334,0.004737169847276913,-0.10530016600351846
-104.22,0.5779257233762622,0.0028260456256684304,0.0035858587363795285,-0.10537928250754883
-104.16,0.5781063061217788,-0.0034987703376901562,0.002433383548532211,-0.10544581809805002
-104.1,0.5782177088681815,-0.009827200605352499,0.001279881683682537,-0.10549975677613249
-104.04,0.578259874142156,-0.016158488920091765,0.00012549075246941758,-0.105541084042642
-103.98,0.5782327527329395,-0.022491878199796412,-0.0010296514401384614,-0.1055697869008542
-103.92,0.5781363037034868,-0.02882661062768303,-0.002185406911235164,-0.10558585385899061
-103.86,0.5779704944006543,-0.03516192774267038,-0.003341637516404529,-0.10558927493255592
-103.8,0.577735300464398,-0.04149707052988031,-0.0044982049661757,-0.10558004164649602
-103.74000000000001,0.5774307058359816,-0.04783127951126311,-0.005654970842506513,-0.10555814703717661
-103.68,0.5770567027651952,-0.05416379483634353,-0.006811796615294175,-0.10552358565418166
-103.62,0.5766132918165843,-0.06049385637305434,-0.007968543658907194,-0.10547635356193197
-103.56,0.5761004818746841,-0.06682070379867647,-0.009125073268741981,-0.10541644834112288
-103.5,0.5755182901482605,-0.07314357669085277,-0.01028124667779819,-0.10534386908998133
-103.44,0.5748667421735573,-0.07946171461867295,-0.011436925073272316,-0.1052586164253418
-103.38,0.5741458718165446,-0.08577435723381789,-0.012591969613167399,-0.10516069248354076
-103.32,0.573355721274173,-0.09208074436175195,-0.013746241442916796,-0.10505010092112978
-103.26,0.5724963410746283,-0.09838011609295132,-0.014899601712019834,-0.10492684691540674
-103.2,0.5715677900765878,-0.10467171287416605,-0.016051911590688882,-0.10479093716476502
-103.14,0.5705701354674788,-0.11095477559968288,-0.017203032286501895,-0.10464237988886081
-103.08,0.5695034527607363,-0.11722854570260739,-0.01835282506106378,-0.10448118482859794
-103.02,0.5683678257920619,-0.12349226524613224,-0.01950115124667056,-0.1043073632459306
-102.96000000000001,0.5671633467146817,-0.12974517701478847,-0.020647872262975746,-0.10412092792348332
-102.9,0.5658901159936047,-0.13598652460567537,-0.021792849633658115,-0.10392189316398862
-102.84,0.5645482423988828,-0.14221555251963697,-0.02293594500308503,-0.10371027478954215
-102.78,0.563137842997868,-0.14843150625240267,-0.0240770201529746,-0.10348609014067509
-102.72,0.5616590431464725,-0.15463363238565936,-0.025215937019050647,-0.10324935807524398
-102.66,0.5601119764794289,-0.16082117867805343,-0.026352557707690107,-0.10300009896713802
-102.6,0.558496784899551,-0.16699339415610892,-0.02748674451256059,-0.10273833470480381
-102.53999999999999,0.5568136185659989,-0.17314952920505272,-0.0286183599312461,-0.10246408868958755
-102.48,0.5550626358815446,-0.17928883565953213,-0.029747266681858665,-0.10217738583389496
-102.42,0.5532440034788418,-0.18541056689422517,-0.030873327719635434,-0.1018782525591686
-102.36,0.5513578962057026,-0.19151397791430824,-0.03199640625351529,-0.10156671679368354
-102.3,0.5494044971093779,-0.1975983254458016,-0.03311636576269829,-0.10124280797016055
-102.24000000000001,0.547383997419845,-0.20366286802575687,-0.03423307001318164,-0.10090655702319769
-102.18,0.5452965965321035,-0.2097068660922939,-0.0353463830742735,-0.10055799638651979
-102.12,0.5431425019874845,-0.21572958207445272,-0.03645616933507825,-0.10019715999004739
-102.06,0.5409219294539667,-0.22173028048187846,-0.03756229352095658,-0.0998240832567835
-102.0,0.5386351027055086,-0.2277082279943071,-0.03866462070995454,-0.09943880309951998
-101.94,0.5362822536003957,-0.2336626935508493,-0.03976301634920093,-0.09904135791736302
-101.88,0.5338636220586039,-0.23959294843906062,-0.04085734627127101,-0.09863178759207833
-101.82,0.5313794560381828,-0.245498266383787,-0.04194747671051438,-0.09821013348425625
-101.76,0.5288300115106611,-0.25137792363577316,-0.043033274319344894,-0.09777643842929729
-101.7,0.5262155524354728,-0.2572311990600319,-0.04411460618449214,-0.09733074673321773
-101.64,0.5235363507334149,-0.26305737422394254,-0.045191339843208604,-0.0968731041682774
-101.58,0.5207926862591287,-0.2688557334850952,-0.04626334329943578,-0.09640355796842782
-101.52,0.5179848467726152,-0.2746255640788502,-0.04733048503992342,-0.09592215682458284
-101.46000000000001,0.5151131279097854,-0.28036615620560784,-0.048392634050300996,-0.09542895087971144
-101.4,0.5121778331520427,-0.28607680311778566,-0.049449659831101195,-0.09492399172375304
-101.34,0.5091792737949146,-0.29175680120647157,-0.050501432413729036,-0.09440733238835698
-101.28,0.506117768915719,-0.2974054500877695,-0.051547822376380385,-0.09387902734144503
-101.22,0.5029936453402821,-0.303022052688807,-0.052588700859903505,-0.09333913248159842
-101.16,0.499807237608704,-0.30860591533340226,-0.05362393958360386,-0.09278770513227019
-101.1,0.49655888794017905,-0.31415634782737767,-0.0546534108609894,-0.09222480403582256
-101.03999999999999,0.49324894619687293,-0.3196726635435123,-0.055676987615454754,-0.09165048934739077
-100.98,0.4898777698468609,-0.3251541795061173,-0.05669454339590213,-0.09106482262857367
-100.92,0.4864457239261276,-0.3306002164752363,-0.05770595239229834,-0.09046786684095096
-100.86,0.4829531809996426,-0.33601009903043727,-0.058711089451162504,-0.08985968633942998
-100.8,0.4794005211215014,-0.3413831556542135,-0.05970983009098737,-0.0892403468654198
-100.74000000000001,0.4757881317941475,-0.3467187188149621,-0.06070205051758846,-0.08860991553983562
-100.68,0.47211640792667114,-0.3520161250495454,-0.06168762763938205,-0.08796846085593238
-100.62,0.4683857517922021,-0.3572747150454044,-0.0626664390825863,-0.08731605267197103
-100.56,0.46459657298438345,-0.36249383372224026,-0.06363836320634843,-0.08665276220371464
-100.5,0.46074928837294543,-0.3676728303132334,-0.06460327911779244,-0.08597866201675823
-100.44,0.45684432205837705,-0.3728110584457994,-0.06556106668698714,-0.0852938260186913
-100.38,0.4528821053257024,-0.37790787622186955,-0.06651160656183212,-0.08459832945109477
-100.32,0.4488630765973665,-0.38296264629768584,-0.06745478018286005,-0.08389224888137287
-100.26,0.44478768138523633,-0.3879747359631001,-0.06839046979795327,-0.083175662194421
-100.2,0.44065637224171633,-0.39294351722037435,-0.0693185584769739,-0.08244864858412963
-100.14,0.4364696087099992,-0.39786836686245397,-0.07023893012630275,-0.0817112885447274
-100.08,0.4322278572734368,-0.4027486665507296,-0.07115146950328931,-0.0809636638619613
-100.02,0.4279315913040517,-0.40758380289225815,-0.07205606223060788,-0.08020585760411722
-99.96000000000001,0.4235812910101905,-0.4123731675164405,-0.0729525948105192,-0.07943795411288096
-99.9,0.41917744338331925,-0.41711615715115197,-0.07384095463903673,-0.07866003899404003
-99.84,0.41472054214398163,-0.42181217369829915,-0.0747210300199927,-0.07787219910802963
-99.78,0.4102110876869065,-0.426460624308815,-0.0755927101790065,-0.07707452256032052
-99.72,0.40564958702528475,-0.43106092145706826,-0.07645588527735048,-0.07626709869165245
-99.66,0.4010365537342175,-0.43561248301468236,-0.07731044642571241,-0.07545001806811301
-99.6,0.3963725078933398,-0.4401147323237549,-0.07815628569785327,-0.07462337247106328
-99.53999999999999,0.39165797602863034,-0.44456709826946844,-0.07899329614415791,-0.07378725488691158
-99.48,0.38689349105341053,-0.4489690153520808,-0.07982137180507748,-0.07294175949673619
-99.42,0.3820795922085359,-0.45331992375829533,-0.0806404077244625,-0.07208698166575732
-99.36,0.37721682500180137,-0.45761926943198294,-0.08145029996278222,-0.07122301793266266
-99.3,0.37230574114654613,-0.46186650414427083,-0.08225094561023255,-0.07034996599878313
-99.24000000000001,0.36734689849948193,-0.46606108556297043,-0.08304224279972786,-0.06946792471712374
-99.18,0.36234086099773843,-0.4702024773213491,-0.08382409071977696,-0.06857699408124818
-99.12,0.3572881985951512,-0.47429014908622086,-0.08459638962723914,-0.06767727521402168
-99.06,0.35218948719777626,-0.4783235766253668,-0.08535904085996204,-0.06676887035620922
-99.0,0.34704530859865595,-0.48230224187426285,-0.08611194684929706,-0.06585188285493343
-98.94,0.3418562504118364,-0.4862256330021112,-0.08685501113249187,-0.06492641715199252
-98.88,0.3366229060056449,-0.4900932444771672,-0.08758813836495838,-0.0639925787720393
-98.82,0.3313458744352351,-0.49390457713135216,-0.08831123433241427,-0.06305047431062309
-98.76,0.3260257603744092,-0.4976591382241447,-0.08902420596289687,-0.062100211422095646
-98.7,0.32066317404671646,-0.5013564415057453,-0.08972696133864848,-0.061141898807381544
-98.64,0.3152587311558546,-0.5049960072794965,-0.09041940970786914,-0.0601756462016174
-98.58,0.3098130528153589,-0.5085773624635634,-0.09110146149633912,-0.059201564361657064
-98.52,0.3043267654776028,-0.5121000406518594,-0.09177302831890649,-0.05821976505344755
-98.46000000000001,0.29880050086211374,-0.5155635821742076,-0.09243402299083973,-0.05723036103927583
-98.4,0.2932348958832061,-0.5189675341557394,-0.0930843595390444,-0.05623346606488704
-98.34,0.2876305925769572,-0.5223114505755073,-0.09372395321314009,-0.05522919484647882
-98.28,0.2819882380275108,-0.5255948923243225,-0.09435272049639962,-0.05421766305756878
-98.22,0.27630848429273414,-0.5288174272617951,-0.09497057911654633,-0.053198987315739986
-98.16,0.27059198832923104,-0.5319786302725787,-0.09557744805640946,-0.05217328516926452
-98.1,0.2648394119167193,-0.5350780833218063,-0.09617324756443578,-0.051140675083607076
-98.03999999999999,0.25905142158178157,-0.5381153755097144,-0.09675789916505617,-0.05010127642780993
-97.98,0.253228688521001,-0.5410901031254464,-0.09733132566890584,-0.04905520946076117
-97.92,0.24737188852347977,-0.5440018697000296,-0.09789345118289748,-0.04800259531734628
-97.86,0.2414817018927729,-0.5468502860585143,-0.09844420112014418,-0.046943555994488455
-97.8,0.2355588133682165,-0.5496349703712758,-0.09898350220973338,-0.04587821433707397
-97.74000000000001,0.22960391204568256,-0.5523555482044671,-0.09951128250634862,-0.04480669402376873
-97.68,0.22361769129775302,-0.555011652569619,-0.10002747139973914,-0.04372911955272406
-97.62,0.21760084869334365,-0.5576029239723744,-0.10053199962403439,-0.042645616227177795
-97.56,0.21155408591676036,-0.5601290104603613,-0.10102479926690457,-0.04155631014094723
-97.5,0.20547810868621713,-0.5625895676701893,-0.10150580377856391,-0.04046132816381914
-97.44,0.19937362667181724,-0.5649842588735664,-0.10197494798061696,-0.03936079792683734
-97.38,0.1932413534130084,-0.5673127550225311,-0.10243216807474559,-0.03825484780748961
-97.32,0.18708200623552143,-0.5695747347937917,-0.10287740165123659,-0.03714360691479568
-97.26,0.18089630616780375,-0.5717698846321685,-0.1033105876973478,-0.036027205074298206
-97.2,0.1746849778569483,-0.5738978987931339,-0.10373166660551288,-0.034905772812957134
-97.14,0.16844874948414962,-0.5759584793844392,-0.10414058018138173,-0.03377944134395284
-97.08,0.16218835267966797,-0.5779513364068319,-0.10453727165169761,-0.03264834255139476
-97.02,0.15590452243733316,-0.5798761877938492,-0.10492168567200875,-0.031512608974941146
-96.96000000000001,0.14959799702859017,-0.5817327594506875,-0.10529376833421313,-0.03037237379433048
-96.9,0.14326951791609047,-0.5835207852921427,-0.10565346717393673,-0.029227770813824865
-96.84,0.13691982966685975,-0.5852400072796099,-0.10600073117774252,-0.028078934446571405
-96.78,0.13054967986502414,-0.5868901754571472,-0.10633551079017078,-0.0269259996988779
-96.72,0.1241598190241256,-0.5884710479865909,-0.10665775792060887,-0.025769102154408814
-96.66,0.11775100049902973,-0.5899823911817211,-0.10696742594998995,-0.024608377958301578
-96.6,0.11132398039743609,-0.5914239795414716,-0.1072644697373194,-0.02344396380120557
-96.53999999999999,0.10487951749100252,-0.5927955957821797,-0.1075488456260284,-0.022275996903245478
-96.48,0.09841837312609478,-0.5940970308688713,-0.10782051145015344,-0.021104614997911265
-96.42,0.09194131113416312,-0.5953280840455796,-0.10807942654034153,-0.019929956315874905
-96.36,0.0854490977417791,-0.5964885628646864,-0.1083255517296791,-0.018752159568740007
-96.3,0.07894250148031264,-0.5975782832152902,-0.10855884935934526,-0.01757136393272067
-96.24000000000001,0.07242229309528425,-0.5985970693505905,-0.10877928328408745,-0.01638770903225584
-96.18,0.06588924545538512,-0.5995447539142902,-0.10898681887751956,-0.015201334923557904
-96.12,0.05934413346119973,-0.6004211779660041,-0.10918142303724072,-0.014012382078101753
-96.06,0.05278773395361165,-0.60122619100568,-0.10936306418977536,-0.012820991366050775
-96.0,0.04622082562192574,-0.6019596509970199,-0.1095317122953328,-0.011627304039625913
-95.94,0.039644188911708796,-0.6026214243899044,-0.10968733885238612,-0.010431461716417987
-95.88,0.03305860593236094,-0.6032113861418117,-0.10982991690206946,-0.00923360636264563
-95.82,0.02646486036442865,-0.6037294197382326,-0.10995942103239348,-0.008033880276360716
-95.76,0.01986373736667167,-0.6041754172120746,-0.11007582738227772,-0.0068324260706036175
-95.7,0.013256023482885973,-0.6045492791620555,-0.11017911364540009,-0.005629386656508531
-95.64,0.006642506548516688,-0.6048509147700802,-0.11026925907386184,-0.004424905226365125
-95.58,2.397559704107581e-05,-0.6050802418176014,-0.11034624448166871,-0.0032191252366328776
-95.52,-0.006598779233843818,-0.6052371867009588,-0.11041005224802668,-0.0020121903909142845
-95.46000000000001,-0.013224966796226097,-0.6053216844456959,-0.11046066632045225,-0.0008042446228876392
-95.4,-0.019853795026172384,-0.6053336787198514,-0.11049807221769696,0.0004045679208001073
-95.34,-0.026484471038075667,-0.6052731218462242,-0.11052225703248507,0.0016141028976740547
-95.28,-0.03311620121917739,-0.6051399748136059,-0.11053320943406462,0.002824215786609346
-95.22,-0.03974819132422915,-0.6049342072869864,-0.11053091967057099,0.0040347619050400746
-95.16,-0.046379646570292136,-0.6046557976167207,-0.11051537957120282,0.005245596426198806
-95.1,-0.05300977173166156,-0.6043047328466649,-0.11048658254820969,0.0064565743963844145
-95.03999999999999,-0.05963777123490451,-0.6038810087212725,-0.11044452359869131,0.007667550752256081
-94.98,-0.06626284925399883,-0.6033846296916543,-0.1103891993062081,0.00887838033815124
-94.92,-0.07288420980557044,-0.6028156089205963,-0.11032060784220228,0.010088917923427042
-94.86,-0.07950105684419487,-0.6021739682865391,-0.11023874896722997,0.011299018219819
-94.8,-0.08611259435778247,-0.6014597383865132,-0.11014362403200317,0.012508535898820481
-94.74000000000001,-0.09271802646301125,-0.6006729585380322,-0.11003523597824201,0.01371732560907636
-94.68,-0.09931655750081435,-0.5998136767799404,-0.10991358933933686,0.014925241993792292
-94.62,-0.1059073921318861,-0.5988819498722185,-0.10977869024082003,0.01613213970815279
-94.56,-0.11248973543222601,-0.5978778432947408,-0.10963054640064691,0.017337873436751913
-94.5,-0.11906279298868636,-0.5968014312449874,-0.10946916712928646,0.018542297911030042
-94.44,-0.12562577099452096,-0.5956527966347106,-0.10929456332962077,0.019745267926716548
-94.38,-0.13217787634492217,-0.5944320310855546,-0.10910674749665375,0.02094663836127574
-94.32,-0.1387183167325346,-0.593139234923627,-0.10890573371702889,0.02214626419135427
-94.26,-0.14524630074293274,-0.5917745171730254,-0.10869153766835579,0.02334400051022746
-94.2,-0.15176103795006016,-0.5903379955483151,-0.10846417661834543,0.0245397025452441
-94.14,-0.15826173901159565,-0.588829796445963,-0.10822366942375475,0.02573322567526361
-94.08,-0.1647476157642656,-0.5872500549347233,-0.1079700365291396,0.0269244254480889
-94.02,-0.17121788131906815,-0.5855989147449777,-0.10770329996541679,0.02811315759788871
-93.96000000000001,-0.17767175015640566,-0.5838765282570325,-0.10742348334823516,0.029299278062608722
-93.9,-0.1841084382211208,-0.5820830564883672,-0.10713061187615529,0.030482643001370754
-93.84,-0.19052716301740302,-0.5802186690798457,-0.10682471232863881,0.03166310881185373
-93.78,-0.19692714370358325,-0.5782835442808792,-0.10650581306384667,0.03284053214765996
-93.72,-0.20330760118678387,-0.5762778689335523,-0.10617394401624665,0.034014769935660404
-93.66,-0.2096677582174204,-0.5742018384557054,-0.10582913669403064,0.03518567939331847
-93.6,-0.21600683948354277,-0.5720556568229812,-0.1054714241763415,0.0363531180459902
-93.54,-0.22232407170500287,-0.5698395365498327,-0.10510084111031004,0.03751694374419806
-93.48,-0.22861868372744615,-0.5675536986694935,-0.10471742370790152,0.03867701468087837
-93.42,-0.23488990661609355,-0.5651983727129201,-0.10432120974257371,0.039833189408595794
-93.36,-0.24113697374933188,-0.5627737966866958,-0.10391223854574463,0.0409853268567285
-93.3,-0.24735912091207932,-0.560280217049908,-0.10349055100307164,0.04213328634861779
-93.24000000000001,-0.2535555863889219,-0.5577178886899978,-0.10305618955054216,0.04327692761868138
-93.18,-0.25972561105701714,-0.5550870748975796,-0.10260919817037516,0.04441611082948964
-93.12,-0.2658684384787317,-0.552388047340245,-0.10214962238673606,0.0455506965887988
-93.06,-0.2719833149940306,-0.5496210860353392,-0.10167750926126291,0.04668054596654436
-93.0,-0.2780694898125854,-0.5467864793217221,-0.1011929073884059,0.04780552051178842
-92.94,-0.28412621510559793,-0.5438845238305133,-0.10069586689058013,0.04892548226962087
-92.88,-0.29015274609732905,-0.5409155244548249,-0.10018643941313211,0.05004029379801178
-92.82,-0.296148341156318,-0.5378797943184842,-0.09966467811912051,0.051149818184613075
-92.76,-0.30211226188628276,-0.5347776547437507,-0.09913063768391178,0.052253919063507216
-92.7,-0.3080437732166978,-0.5316094352180263,-0.09858437428959048,0.05335246063190232
-92.64,-0.3139421434930158,-0.528375473359573,-0.09802594561918648,0.054445307666767834
-92.58,-0.3198066445665528,-0.525076114882226,-0.0974554108507177,0.05553232554141397
-92.52,-0.3256365518840022,-0.5217117135591192,-0.09687283065105005,0.056613380242008855
-92.46000000000001,-0.3314311445765762,-0.5182826311854194,-0.09627826716957535,0.05768833838403287
-92.4,-0.337189705548768,-0.5147892375400733,-0.09567178403170659,0.05875706722866915
-92.34,-0.3429115215667054,-0.5112319103465794,-0.09505344633219366,0.05981943469912481
-92.28,-0.3485958833461116,-0.507611035232776,-0.09442332062825713,0.06087530939688561
-92.22,-0.3542420856398414,-0.5039270056896588,-0.09378147493254335,0.061924560617898444
-92.16,-0.3598494273249911,-0.50018022302923,-0.09312797870590002,0.06296705836868123
-92.1,-0.36541721148956907,-0.4963710963413831,-0.09246290284997402,0.06400267338235778
-92.04,-0.3709447455187165,-0.49250004244982704,-0.09178631969963166,0.06503127713461575
-91.98,-0.37643134118047306,-0.4885674858670529,-0.09109830301520164,0.06605274185958668
-91.92,-0.38187631471106076,-0.4845738587483582,-0.09039892797454371,0.0670669405656432
-91.86,-0.3872789868996977,-0.4805196008449167,-0.08968827116494092,0.06807374705111553
-91.8,-0.3926386831729155,-0.47640515945591294,-0.08896641057481836,0.06907303591992248
-91.74000000000001,-0.397954733678373,-0.4722309893797404,-0.08823342558528884,0.07006468259711549
-91.68,-0.4032264733681651,-0.4679975528642663,-0.08748939696152523,0.07104856334433572
-91.62,-0.4084532420815957,-0.46370531955618005,-0.08673440684396334,0.07202455527517804
-91.56,-0.41363438462743013,-0.4593547664494137,-0.08596853873933236,0.07299253637046527
-91.5,-0.41876925086559813,-0.45494637783265357,-0.08519187751151679,0.07395238549342686
-91.44,-0.4238571957883449,-0.4504806452359426,-0.08440450937224986,0.0749039824047819
-91.38,-0.428897579600819,-0.44595806737638094,-0.08360652187163908,0.07584720777772398
-91.32,-0.43388976780108557,-0.4413791501029305,-0.08279800388852569,0.07678194321280644
-91.26,-0.4388331312595566,-0.4367444063403306,-0.08197904562067863,0.07770807125272551
-91.2,-0.44372704629783283,-0.4320543560321239,-0.0811497385748234,0.07862547539700121
-91.14,-0.44857089476693046,-0.4273095260828157,-0.0803101755565093,0.0795340401165507
-91.08,-0.45336406412490776,-0.4225104502991514,-0.079460450659813,0.08043365086815658
-91.02,-0.45810594751386235,-0.4176576693305342,-0.07860065925688173,0.08132419410882531
-90.96000000000001,-0.4627959438362967,-0.41275173060858494,-0.0777308979873167,0.08220555731003475
-90.9,-0.4674334578308471,-0.4077931882858443,-0.07685126474739686,0.08307762897187035
-90.84,-0.47201790014735096,-0.4027826031736426,-0.07596185867914719,0.08394029863704493
-90.78,-0.4765486874212637,-0.39772054267911927,-0.07506278015924861,0.0847934569048044
-90.72,-0.4810252423474006,-0.392607580741418,-0.07415413078779381,0.08563699544471491
-90.66,-0.48544699375299993,-0.38744429776705697,-0.07323601337688922,0.0864708070103305
-90.6,-0.4898133766700989,-0.3822312805644825,-0.0723085319391042,0.0872947854527396
-90.54,-0.4941238324072093,-0.376969122277815,-0.07137179167576943,0.08810882573398839
-90.48,-0.49837780862029285,-0.37165842231978663,-0.07042589896512402,0.0889128239403806
-90.42,-0.5025747593830099,-0.366299786303898,-0.06947096135031643,0.089706677295649
-90.36,-0.506714145256255,-0.3608938259757749,-0.06850708752725561,0.09049028417400104
-90.3,-0.5107954333569529,-0.35544115914375357,-0.06753438733231762,0.09126354411303368
-90.24000000000001,-0.5148180974261134,-0.3499424096086936,-0.06655297172990754,0.09202635782651727
-90.18,-0.5187816178961403,-0.3443982070930232,-0.06556295279987706,0.0927786272170474
-90.12,-0.522685481957371,-0.3388091871690404,-0.06456444372480274,0.09352025538856049
-90.06,-0.5265291836238591,-0.33317599118645574,-0.06355755877712173,0.09425114665871516
-90.0,-0.5303122237983758,-0.3274992661992022,-0.06254241330612953,0.0949712065711353
-89.94,-0.5340341103366272,-0.3217796648915134,-0.06151912372484049,0.09568034190751383
-89.88,-0.5376943581106806,-0.3160178455032797,-0.06048780749671216,0.0963784606995761
-89.82,-0.5412924890715888,-0.31021447175469136,-0.059448583122235416,0.09706547224090092
-89.76,-0.5448280323112064,-0.3043702127701773,-0.05840157012539194,0.09774128709859774
-89.7,-0.5483005241231923,-0.29848574300164094,-0.057346889039979095,0.09840581712483941
-89.64,-0.5517095080631805,-0.2925617421510229,-0.056284661395807546,0.0990589754682468
-89.58,-0.555054535008127,-0.2865988950921701,-0.05521500970476823,0.09970067658512659
-89.52,-0.5583351632148124,-0.28059789179204325,-0.05413805744677401,0.10033083625055901
-89.46000000000001,-0.5615509583774975,-0.27455942723126237,-0.05305392905557614,0.10094937156933433
-89.4,-0.5647014936847287,-0.2684842013239946,-0.051962749904456304,0.10155620098673786
-89.34,-0.567786349875272,-0.26237291883721325,-0.05086464629179937,0.10215124429917953
-89.28,-0.5708051152931873,-0.25622628930930963,-0.04975974542654348,0.10273442266466988
-89.22,-0.5737573859420211,-0.2500450269680879,-0.04864817541351301,0.1033056586131387
-89.16,-0.5766427655381162,-0.2438298506481446,-0.047530065238634574,0.10386487605659603
-89.1,-0.5794608655630319,-0.23758148370764268,-0.04640554475403789,0.10441200029913386
-89.04,-0.5822113053150663,-0.23130065394449226,-0.04527474466304372,0.10494695804676742
-88.98,-0.5848937119598757,-0.22498809351193794,-0.04413779650503877,0.10546967741711509
-88.92,-0.58750772058018,-0.21864453883358528,-0.042994832640243376,0.10598008794891423
-88.86,-0.5900529742245539,-0.21227073051784634,-0.04184598623436856,0.10647812061137382
-88.8,-0.5925291239552941,-0.20586741327183636,-0.04069139124316791,0.10696370781336113
-88.74000000000001,-0.5949358288953542,-0.19943533581472442,-0.039531182396885044,0.10743678341242158
-88.68,-0.5972727562743482,-0.19297525079054026,-0.038365495184596865,0.10789728272363135
-88.62,-0.5995395814736038,-0.18648791468047018,-0.037194465838458694,0.10834514252827965
-88.56,-0.6017359880702753,-0.17997408771462198,-0.03601823131784745,0.10878030108238221
-88.5,-0.6038616678804972,-0.1734345337832917,-0.034836929293409015,0.10920269812502252
-88.44,-0.6059163210015801,-0.1668700203477337,-0.033650698131009835,0.1096122748865209
-88.38,-0.6078996558532398,-0.16028131835044576,-0.03245967687559497,0.1100089740964301
-88.32,-0.6098113892178558,-0.15366920212497942,-0.031264005234954435,0.11039273999135611
-88.26,-0.6116512462797519,-0.1470344493052884,-0.030063823563400045,0.11076351832260345
-88.2,-0.6134189606634973,-0.1403778407346152,-0.028859272845352932,0.11112125636364396
-88.14,-0.6151142744712164,-0.1337001603739512,-0.02765049467884786,0.11146590291740718
-88.08,-0.6167369383189102,-0.12700219521004819,-0.026437631258950708,0.11179740832339306
-88.02,-0.6182867113717779,-0.12028473516301719,-0.025220825361095163,0.11211572446460415
-87.96000000000001,-0.6197633613785379,-0.11354857299351637,-0.02400022032433927,0.11242080477429771
-87.9,-0.6211666647047405,-0.10679450420953127,-0.022775960034542263,0.11271260424255634
-87.84,-0.6224964063650685,-0.1000233269727824,-0.021548188907468045,0.11299107942267558
-87.78,-0.6237523800546243,-0.09323584200473896,-0.020317051871811462,0.11325618843736897
-87.72,-0.6249343881791937,-0.08643285249227373,-0.01908269435215376,0.11350789098478845
-87.66,-0.6260422418844862,-0.07961516399296098,-0.017845262251847346,0.11374614834435998
-87.6,-0.6270757610843462,-0.07278358434002946,-0.016604901935832365,0.11397092338243328
-87.53999999999999,-0.6280347744879313,-0.0659389235469821,-0.0153617602133869,0.11418218055774494
-87.48,-0.6289191196258528,-0.059081993711895445,-0.014115984320813253,0.11437988592669411
-87.42,-0.629728642875277,-0.052213608921399556,-0.01286772190406048,0.11456400714843024
-87.36,-0.6304631994839806,-0.04533458515437501,-0.011617121001289749,0.11473451348975158
-87.30000000000001,-0.6311226535933588,-0.03844574018534672,-0.01036433002537887,0.11489137582981448
-87.24000000000001,-0.6317068782603833,-0.03154789348760131,-0.009109497746370758,0.11503456666465237
-87.18,-0.6322157554785024,-0.02464186613605315,-0.007852773273870536,0.11516406011150339
-87.12,-0.6326491761974863,-0.017728480709840747,-0.006594306039387803,0.11527983191294712
-87.06,-0.6330070403422111,-0.010808561194688442,-0.005334245778630482,0.11538185944084857
-87.0,-0.633289256830377,-0.0038829328850358935,-0.004072742513750626,0.1154701217001097
-86.94,-0.6334957435891618,0.0030475777140518624,-0.0028099465355446015,0.11554459933222753
-86.88,-0.6336264275708047,0.009982142985182218,-0.0015460083856096592,0.11560527461865817
-86.82,-0.6336812447671174,0.016919934297128292,-0.00028107883845913793,0.1156521314839867
-86.75999999999999,-0.6336601402229223,0.02386012210350705,0.0009846911164017268,0.11568515549890188
-86.7,-0.6335630680484126,0.030801876041628252,0.0022511502924368525,0.11570433388297557
-86.64,-0.6333899914304345,0.037744365031512496,0.0035181473240769633,0.11570965550724638
-86.58,-0.6331408826426894,0.04468675737504189,0.004785530684747138,0.11570111089660662
-86.52000000000001,-0.6328157230548516,0.05162822085526294,0.006053148704927889,0.11567869223199301
-86.46000000000001,-0.6324145031406023,0.058567922835815016,0.007320849590244904,0.11564239335238001
-86.4,-0.631937222484579,0.0655050303604575,0.008588481439582544,0.1155922097565757
-86.34,-0.6313838897882338,0.07243871025271537,0.009855892263224732,0.11552813860481997
-86.28,-0.6307545228746068,0.07936812921560643,0.011122930001016494,0.1154501787201844
-86.22,-0.6300491486920051,0.08629245393144828,0.012389442540545876,0.11535833058977386
-86.16,-0.629267803316594,0.09321085116173138,0.01365527773534367,0.11525259636572943
-86.1,-0.6284105319538933,0.10012248784704633,0.014920283423098857,0.11513297986603216
-86.03999999999999,-0.6274773889391807,0.10702653120705344,0.01618430744388756,0.11499948657510799
-85.98,-0.6264684377368018,0.11392214884048091,0.01744719765841302,0.11485212364423313
-85.92,-0.6253837509383849,0.1208085088251495,0.018708801966256274,0.11469089989173967
-85.86,-0.6242234102599609,0.1276847798179874,0.019968968324130764,0.11451582580302207
-85.80000000000001,-0.6229875065379875,0.13455013115505401,0.021227544764144467,0.11432691353034337
-85.74000000000001,-0.6216761397242769,0.14140373295154604,0.022484379412064638,0.1141241768924414
-85.68,-0.6202894188798296,0.1482447562017596,0.023739320505580256,0.11390763137393556
-85.62,-0.61882746216757,0.15507237287902653,0.024992216412565712,0.11367729412453291
-85.56,-0.6172903968439883,0.16188575603558963,0.026242915649339046,0.11343318395803445
-85.5,-0.6156783592496863,0.16868407990241296,0.02749126689891433,0.11317532135114146
-85.44,-0.613991494798827,0.1754665199889155,0.028737119029245688,0.11290372844206124
-85.38,-0.6122299579674928,0.1822322531826144,0.029980321111460827,0.11261842902891347
-85.32,-0.6103939122809476,0.18898045784866713,0.03122072243808182,0.11231944856793606
-85.25999999999999,-0.6084835302998067,0.19571031392929952,0.03245817254123095,0.11200681417149128
-85.2,-0.6064989936051163,0.20242100304310698,0.033692521210819205,0.11168055460587231
-85.14,-0.6044404927823377,0.20911170858422584,0.03492361851271687,0.11134070028890958
-85.08,-0.6023082274042497,0.2157816158213393,0.036151314806899766,0.11098728328737838
-85.02000000000001,-0.6001024060127558,0.22242991199653625,0.03737546076557441,0.11062033731420669
-84.96000000000001,-0.5978232460996062,0.22905578642399604,0.03859590739127731,0.11023989772548363
-84.9,-0.5954709740860389,0.23565843058847447,0.039812506034943546,0.10984600151726998
-84.84,-0.5930458253013318,0.24223703824360737,0.041025108413948144,0.10943868732220911
-84.78,-0.5905480439602774,0.2487908055099974,0.04223356663011341,0.10901799540594018
-84.72,-0.5879778831395757,0.2553189309730814,0.043437733187682126,0.10858396766331299
-84.66,-0.5853356047531508,0.2618206157807646,0.044637461011253814,0.10813664761440539
-84.6,-0.5826214795263931,0.26829506374080936,0.04583260346368219,0.1076760804003431
-84.53999999999999,-0.5798357869693274,0.27474148141796845,0.04702301436393142,0.10720231277892274
-84.48,-0.5769788153487124,0.28115907823084685,0.048208548004888815,0.10671539312003828
-84.42,-0.5740508616590697,0.2875470665484923,0.049389059171133516,0.10621537140091082
-84.36,-0.5710522315926544,0.2939046617866772,0.050564403156654725,0.10570229920112384
-84.30000000000001,-0.5679832395083578,0.3002310825038911,0.0517344357825228,0.1051762296974621
-84.24000000000001,-0.5648442083995523,0.30652555049701824,0.052899013414508256,0.10463721765855584
-84.18,-0.5616354698608853,0.31278729089667295,0.05405799298064438,0.1040853194393318
-84.12,-0.5583573640540164,0.31901553226221246,0.05521123198873633,0.10352059297526946
-84.06,-0.5550102396723069,0.32520950667639154,0.05635858854381059,0.1029430977764646
-84.0,-0.5515944539044652,0.3313684498396565,0.05749992136550416,0.1023528949215003
-83.94,-0.5481103723971499,0.3374916011640656,0.058635089805391206,0.10175004705112611
-83.88,-0.5445583692165351,0.34357820386682486,0.05976395386424508,0.10113461836174574
-83.82,-0.5409388268088425,0.3496275050634267,0.06088637420923339,0.10050667459871425
-83.75999999999999,-0.5372521359598438,0.355638755860382,0.06200221219104428,0.09986628304944539
-83.7,-0.5334986957533377,0.36161121144753,0.06311132986094138,0.09921351253632962
-83.64,-0.5296789135286032,0.36754413118992557,0.06421358998774701,0.09854843340946304
-83.58,-0.5257932048368421,0.37343677871927045,0.06530885607474747,0.09787111753919005
-83.52000000000001,-0.5218419933966048,0.3792884220249038,0.06639699237652372,0.09718163830845769
-83.46000000000001,-0.5178257110482059,0.3850983335443283,0.06747786391570222,0.09648007060498358
-83.4,-0.5137447977071471,0.390865790253249,0.06855133649962274,0.09576649081324023
-83.34,-0.5095997013165324,0.3965900737551387,0.0696172767369246,0.09504097680625304
-83.28,-0.505390877798496,0.402270470370299,0.07067555205404677,0.09430360793721541
-83.22,-0.5011187910046411,0.4079062712244144,0.07172603071164037,0.09355446503092109
-83.16,-0.4967839126654968,0.41349677233658705,0.07276858182089166,0.09279363037501451
-83.1,-0.4923867223389996,0.41904127470684005,0.0738030753597537,0.09202118771106026
-83.03999999999999,-0.48792770735800167,0.424539084403081,0.0748293821890842,0.0912372222254326
-82.98,-0.4834073627768164,0.4299895126475109,0.07584737406868786,0.09044182054002617
-82.92,-0.4788261913167985,0.43539187590247785,0.07685692367326209,0.08963507070278767
-82.86,-0.47418470331098084,0.4407454959557438,0.07785790460824116,0.08881706217807267
-82.80000000000001,-0.46948341664775434,0.4460497000051791,0.07885019142554073,0.08798788583682447
-82.74000000000001,-0.4647228567136061,0.4513038207428627,0.07983365963919926,0.08714763394657844
-82.68,-0.4599035563349314,0.4565071964385661,0.08080818574091171,0.08629640016129397
-82.62,-0.45502605571890753,0.4616591710226337,0.08177364721545842,0.08543427951101216
-82.56,-0.45009090239344896,0.4667590941682331,0.08272992255602361,0.08456136839134264
-82.5,-0.44509865114624664,0.47180632137296824,0.08367689127940307,0.08367776455278
-82.44,-0.44004986396289764,0.4768002140398488,0.08461443394109866,0.08278356708985089
-82.38,-0.43494510996413294,0.48174013955760175,0.08554243215029815,0.08187887643009323
-82.32,-0.4297849653421498,0.4866254713803174,0.08646076858473818,0.08096379432286836
-82.25999999999999,-0.42457001329605615,0.4914555891064191,0.08736932700544876,0.08003842382800795
-82.2,-0.41930084396643436,0.49622987855694545,0.08826799227137683,0.07910286930429651
-82.14,-0.4139780543690261,0.5009477318531425,0.08915665035388894,0.07815723639778994
-82.08,-0.4086022483275623,0.5056085474933386,0.09003518835114746,0.07720163202997445
-82.02000000000001,-0.40317403640572363,0.5102117304291152,0.09090349450236301,0.07623616438576304
-81.96000000000001,-0.39769403583824975,0.5147566921407499,0.091761458201919,0.07526094290133302
-81.9,-0.39216287046121534,0.519242850711919,0.09260897001336495,0.07427607825180757
-81.84,-0.3865811706414593,0.5236696309036635,0.09344592168328063,0.07328168233877892
-81.78,-0.380949573205191,0.5280364642275989,0.09427220615500627,0.07227786827767763
-81.72,-0.3752687213657765,0.5323427890183624,0.09508771758223825,0.07126475038498788
-81.66,-0.36953926465071246,0.5365880505052887,0.09589235134248823,0.070242444165311
-81.6,-0.36376185882779705,0.5407717008833055,0.09668600405040448,0.06921106629827802
-81.53999999999999,-0.35793716583050555,0.5448931993830386,0.09746857357095304,0.06817073462531324
-81.48,-0.35206585368258086,0.5489520123401177,0.09823995903245765,0.06712156813625023
-81.42,-0.3461485964218386,0.5529476132636801,0.09900006083949704,0.0660636869558004
-81.36,-0.34018607402321727,0.5568794829040474,0.09974878068565605,0.06499721232987947
-81.30000000000001,-0.3341789723210543,0.5607471093195876,0.10048602156613169,0.06392226661178853
-81.24000000000001,-0.3281279829306111,0.5645499879427419,0.10121168779019139,0.06283897324825355
-81.18,-0.3220338031688671,0.5682876216452034,0.10192568499348006,0.06174745676532716
-81.12,-0.3158971359745658,0.5719595208022532,0.10262792015017767,0.06064784275414963
-81.06,-0.3097186898275436,0.5755652033562346,0.10331830158500346,0.059540257856574276
-81.0,-0.3034991786673406,0.5791041948791608,0.10399673898506592,0.05842482975065752
-80.94,-0.29723932181110635,0.5825760286344489,0.10466314341155711,0.05730168713601552
-80.88,-0.29093984387080735,0.5859802456377708,0.10531742731128964,0.056170959719049035
-80.82,-0.2846014746697478,0.5893163947170136,0.10595950452807512,0.05503277819803804
-80.75999999999999,-0.27822494915841245,0.5925840325713418,0.10658929031394218,0.053887274248108165
-80.7,-0.27181100732964264,0.5957827238293538,0.1072067013401928,0.05273458050607055
-80.64,-0.2653603941331459,0.5989120411063272,0.1078116557082964,0.051574830555135495
-80.58,-0.2588738593893726,0.6019715650605377,0.10840407296061777,0.05040815890950556
-80.52000000000001,-0.2523521577027398,0.6049608844486541,0.10898387409098069,0.049234700998844916
-80.46000000000001,-0.24579604837422642,0.6078795961802008,0.10955098155506406,0.04805459315262891
-80.4,-0.2392062953133638,0.610727305371069,0.1101053192806283,0.046867972584378324
-80.34,-0.23258366694960142,0.6135036253960858,0.11064681267757327,0.045674977375774986
-80.28,-0.22592893614308324,0.6162081779406252,0.1111753886478241,0.04447574646066434
-80.22,-0.2192428800948335,0.6188405930512537,0.11169097559504466,0.043270419608945516
-80.16,-0.21252628025636575,0.6214005091854086,0.11219350343417737,0.04205913741035095
-80.1,-0.20577992223872385,0.6238875732600977,0.11268290360080774,0.0408420412581173
-80.03999999999999,-0.19900459572096724,0.626301440699618,0.1131591090603527,0.03961927333254967
-79.98,-0.19220109435811122,0.628641775482283,0.11362205431707137,0.03839097658448135
-79.92,-0.18537021568852427,0.6309082501861571,0.11407167542289752,0.03715729471862908
-79.86,-0.1785127610408166,0.6331005460337855,0.11450790998609119,0.035918372176850365
-79.80000000000001,-0.17162953544020088,0.6352183529359171,0.11493069717971015,0.03467435412129905
-79.74000000000001,-0.1647213475143497,0.6372613695342177,0.11533997774989933,0.03342538641748387
-79.68,-0.15778900939877624,0.6392293032429571,0.11573569402399587,0.032171615617234445
-79.62,-0.1508333366417175,0.6411218702896767,0.11611778991845095,0.03091318894157131
-79.56,-0.14385514810855612,0.642938795754825,0.11648621094656575,0.0296502542634862
-79.5,-0.13685526588578203,0.6446798136103565,0.11684090422604074,0.028382960090632934
-79.44,-0.1298345151845066,0.6463446667572901,0.11718181848633781,0.027111455547931203
-79.38,-0.12279372424354065,0.6479331070622205,0.11750890407585378,0.025835890360085243
-79.32,-0.11573372423204843,0.6494448953927803,0.11782211296890435,0.02455641483401949
-79.25999999999999,-0.10865534915178711,0.6508798016520423,0.1181213987725177,0.023273179841233255
-79.2,-0.10155943573894695,0.652237604811864,0.11840671673303661,0.0219863368000767
-79.14,-0.09444682336559244,0.653518092945165,0.11867802374252868,0.020696037657948575
-79.08,-0.08731835394074158,0.654721063257133,0.1189352783450026,0.019402434873422095
-79.02000000000001,-0.08017487181106235,0.6558463221153565,0.11917844074243113,0.018105681398295492
-78.96000000000001,-0.0730172236612143,0.6568936850788794,0.11940747280057898,0.01680593065957196
-78.9,-0.0658462584138611,0.657862976926169,0.11962233805463464,0.015503336541373904
-78.84,-0.058662827129334315,0.6587540316820002,0.11982300171464605,0.014198053366787816
-78.78,-0.0514677829049854,0.6595666926432465,0.12000943067075898,0.01289023587964646
-78.72,-0.04426198077422763,0.6603008124035772,0.12018159349825709,0.01158003922624872
-78.66,-0.03704627760528159,0.6609562528770548,0.12033946046240357,0.010267618937019551
-78.6,-0.029821531999636115,0.6615328853206317,0.12048300352308292,0.008953130908112169
-78.53999999999999,-0.022588604190236818,0.66203059035554,0.12061219633924285,0.007636731382954684
-78.48,-0.015348355939415718,0.6624492579875727,0.1207270142731353,0.0063185769337436555
-78.42,-0.008101650436563978,0.6627887876262547,0.12082743439435593,0.004998824442884851
-78.36,-0.0008493521955853909,0.6630490881028956,0.12091343548368146,0.003677631084388139
-78.30000000000001,0.006407673047889654,0.6632300776875282,0.12098499803670457,0.002355154305212734
-78.24000000000001,0.0136685584395023,0.6633316841047237,0.12104210426726539,0.0010315518065678307
-78.18,0.020932436109347446,0.6633538445482845,0.12108473811067927,-0.0002930184748263513
-78.12,0.028198437275361147,0.6632965056948128,0.1211128852267603,-0.0016183983855208228
-78.06,0.035465692346874134,0.6631596237161489,0.12112653300263995,-0.002944429574156491
-78.0,0.04273333102833045,0.6629431642906808,0.12112567055538062,-0.004270953510318848
-77.94,0.050000482423156516,0.6626471026135207,0.12111028873438334,-0.005597811503426146
-77.88,0.05726627513776847,0.6622714234055477,0.12108038012358945,-0.006924844721648823
-77.82,0.06452983738570564,0.661816120921315,0.12103593904347568,-0.008251894210857914
-77.76,0.07179029709187543,0.6612811989558178,0.12097696155284253,-0.00957880091359992
-77.7,0.07904678199690827,0.6606666708501233,0.12090344545039525,-0.010905405688097712
-77.64,0.08629841976158371,0.6599725594958596,0.12081539027611728,-0.012231549327270495
-77.58,0.09354433807134996,0.6591988973385629,0.12071279731243599,-0.01355707257777694
-77.52000000000001,0.10078366474089702,0.6583457263798812,0.12059566958518023,-0.014881816159074053
-77.46000000000001,0.1080155278187911,0.6574130981786341,0.12046401186432933,-0.016205620782493376
-77.4,0.11523905569213047,0.6564010738507279,0.12031783066455388,-0.017528327170327176
-77.34,0.12245337719124501,0.6553097240679253,0.12015713424554751,-0.018849776074928673
-77.28,0.1296576216944004,0.6541391290554686,0.11998193261214957,-0.020169808297819183
-77.22,0.13685091923250545,0.6528893785885549,0.11979223751425902,-0.021488264708801975
-77.16,0.14403240059380787,0.6515605719876678,0.1195880624465389,-0.02280498626508007
-77.1,0.151201197428566,0.6501528181127584,0.11936942264791153,-0.024119814030375757
-77.03999999999999,0.15835644235368385,0.6486662353562804,0.11913633510084427,-0.025432589194049577
-76.98,0.16549726905729567,0.64710095163508,0.1188888185304259,-0.02674315309021606
-76.92,0.1726228124032969,0.6454571043811344,0.1186268934032333,-0.028051347216855944
-76.86,0.17973220853578423,0.6437348405311496,0.11835058192598918,-0.029357013254917744
-76.80000000000001,0.18682459498342358,0.6419343165150085,0.1180599080440099,-0.030659993087412435
-76.74000000000001,0.1938991107637194,0.6400556982430732,0.11775489743944378,-0.03196012881849607
-76.68,0.20095489648715617,0.6380991610923459,0.11743557752930081,-0.033257262792535235
-76.62,0.20799109446123248,0.6360648898914849,0.11710197746327244,-0.03455123761315904
-76.56,0.21500684879434964,0.6339530789046761,0.11675412812134262,-0.03584189616229057
-76.5,0.22200130549955244,0.6317639318143665,0.11639206211118974,-0.037129081619157456
-76.44,0.22897361259810747,0.629497661702855,0.1160158137653802,-0.038412637479278915
-76.38,0.23592292022290715,0.6271544910327469,0.11562541913835286,-0.03969240757342705
-76.32,0.2428483807216862,0.62473465162627,0.1152209160031957,-0.04096823608655993
-76.26,0.24974914876003734,0.6222383846434569,0.11480234384821415,-0.042239967576724116
-76.2,0.2566243814242225,0.6196659405591917,0.11436974387329145,-0.04350744699392599
-76.14,0.2634732383237435,0.6170175791391294,0.11392315898604213,-0.044770519698965054
-76.08,0.2702948816936915,0.6142935694144827,0.11346263379775783,-0.04602903148223311
-76.02000000000001,0.2770884764968381,0.6114941896556852,0.11298821461914645,-0.047282828582472125
-75.96000000000001,0.2838531905254735,0.608619727344925,0.11249994945586458,-0.04853175770549196
-75.9,0.2905881945029545,0.6056704791475644,0.11199788800384489,-0.04977566604284133
-75.84,0.29729266218498246,0.6026467508824349,0.11148208164441673,-0.051014401290435184
-75.78,0.30396577046057355,0.5995488574910169,0.11095258343922236,-0.05224781166713213
-75.72,0.3106066994527205,0.596377123005508,0.11040944812492826,-0.0534757459332614
-75.66,0.31721463261872956,0.5931318805157798,0.10985273210773229,-0.054698053409096475
-75.6,0.3237887568502233,0.5898134721352285,0.10928249345766734,-0.05591458399327371
-75.53999999999999,0.33032826257279396,0.5864222489655224,0.10869879190270182,-0.05712518818115305
-75.48,0.33683234384529664,0.5829585710602492,0.10810168882263778,-0.05832971708311896
-75.42,0.34330019845877696,0.5794228073874644,0.10749124724280655,-0.059528022442820405
-75.36,0.3497310280349996,0.5758153357911548,0.1068675318275643,-0.06071995665534402
-75.30000000000001,0.35612403812459414,0.5721365429516057,0.10623060887358611,-0.0619053727853231
-75.24000000000001,0.3624784383047928,0.5683868243446842,0.10558054630295963,-0.06308412458497802
-75.18,0.36879344227673366,0.5645665842000499,0.10491741365608113,-0.06425606651208314
-75.12,0.3750682679623472,0.560676235458281,0.1042412820843515,-0.06542105374786349
-75.06,0.38130213760079124,0.5567161997269329,0.10355222434267518,-0.0665789422148146
-75.0,0.38749427784443086,0.552686907235529,0.10285031478176197,-0.06772958859444532
-74.94,0.393643919854351,0.5485887967894909,0.10213562934023268,-0.06887285034494074
-74.88,0.3997502993953896,0.5444223157230081,0.10140824553652937,-0.07000858571874354
-74.82,0.4058126569306789,0.5401879198508587,0.1006682424606311,-0.07113665378005112
-74.76,0.41183023771568333,0.5358860734191816,0.09991570076557615,-0.07225691442222643
-74.7,0.41780229189172924,0.5315172490552031,0.09915070265879065,-0.07336922838512189
-74.64,0.42372807457899475,0.5270819277159348,0.0983733318932271,-0.07447345727231011
-74.58,0.4296068459689767,0.5225805986358332,0.09758367375831022,-0.07556946356822483
-74.52000000000001,0.43543787141639945,0.5180137592734378,0.0967818150706939,-0.07665711065520556
-74.46000000000001,0.4412204215305724,0.5133819152569828,0.09596784416482812,-0.07773626283044703
-74.4,0.4469537722661614,0.5086855803290073,0.09514185088333978,-0.07880678532284724
-74.34,0.45263720501339205,0.5039252762899453,0.09430392656722475,-0.07986854430975719
-74.28,0.45827000668765155,0.4991015329407193,0.09345416404585496,-0.08092140693362612
-74.22,0.46385146981848635,0.49421488802433855,0.09259265762680059,-0.08196524131854221
-74.16,0.46938089263798477,0.4892658871665067,0.09171950308546854,-0.08299991658666597
-74.1,0.4748575791685315,0.4842550838152471,0.09083479765455833,-0.0840253028745546
-74.03999999999999,0.48028083930992405,0.4791830391795522,0.08993864001333667,-0.08504127134937503
-73.98,0.4856499889258397,0.47405032216706455,0.08903113027673189,-0.08604769422500365
-73.92,0.49096434992964844,0.4688575093207893,0.08811236998424843,-0.08704444477801203
-73.86,0.4962232503695428,0.4636051847548632,0.08718246208870543,-0.08803139736353292
-73.80000000000001,0.5014260245129982,0.4582939400893641,0.08624151094479707,-0.08900842743100955
-73.74000000000001,0.5065720129305421,0.45292437438417904,0.0852896222974772,-0.08997541153982332
-73.68,0.5116605625788085,0.4474970940719502,0.08432690327017231,-0.09093222737479677
-73.62,0.5166910268828948,0.442012712890081,0.0833534623528192,-0.09187875376157362
-73.56,0.5216627658179855,0.43647185181182996,0.0823694093897325,-0.09281487068187075
-73.5,0.5265751459902497,0.43087513897649193,0.08137485556730197,-0.09374045928860156
-73.44,0.5314275407169897,0.425223209618676,0.08036991340152076,-0.09465540192086867
-73.38,0.5362193301060404,0.4195167059966875,0.07935469672534677,-0.09555958211882384
-73.32,0.5409499011344034,0.4137562773200229,0.07832932067589772,-0.09645288463839359
-73.26,0.545618647726107,0.4079425796759858,0.0772939016814822,-0.09733519546586814
-73.2,0.5502249708292895,0.402076275955426,0.07624855744846637,-0.09820640183235323
-73.14,0.5547682784924771,0.3961580357776285,0.07519340694798157,-0.09906639222807996
-73.08,0.5592479859400729,0.39018853541433446,0.07412857040246931,-0.09991505641657475
-73.02000000000001,0.5636635156470237,0.38416845771292524,0.07305416927206938,-0.10075228544868471
-72.96000000000001,0.5680142974126757,0.37809849201876006,0.07197032624084913,-0.10157797167645852
-72.9,0.5722997684337859,0.37197933409669975,0.07087716520287998,-0.10239200876687853
-72.84,0.5765193733767052,0.3658116860517967,0.06977481124815749,-0.10319429171544581
-72.78,0.5806725644487064,0.3595962562491814,0.06866339064837022,-0.10398471685961365
-72.72,0.5847588014684552,0.3533337592331465,0.06754303084251781,-0.10476318189206907
-72.66,0.5887775519356139,0.34702491564543736,0.06641386042237973,-0.1055295858738601
-72.6,0.5927282910995685,0.34067045214276137,0.06527600911783683,-0.10628382924736786
-72.53999999999999,0.5966105020272701,0.33427110131352206,0.06412960778204699,-0.10702581384912072
-72.48,0.6004236756701833,0.3278276015937915,0.06297478837647687,-0.10775544292245004
-72.42,0.604167310930335,0.3213406971825207,0.06181168395579003,-0.10847262112998561
-72.36,0.6078409147254444,0.3148111379560196,0.06064042865259711,-0.10917725456598762
-72.30000000000001,0.6114440020531413,0.30823967938168906,0.059461157662064494,-0.10986925076851625
-72.24000000000001,0.6149760960542567,0.30162708243102715,0.05827400722638587,-0.11054851873143594
-72.18,0.6184367280751704,0.2949741134919341,0.057079114619120894,-0.11121496891625142
-72.12,0.6218254377292228,0.28828154428029734,0.0558766181293974,-0.11186851326377696
-72.06,0.6251417729571718,0.2815501517508878,0.05466665704598326,-0.11250906520563493
-72.0,0.6283852900866884,0.27478071800757164,0.05344937164122793,-0.1131365396755831
-71.94,0.6315555538908886,0.26797403021284594,0.05222490315487587,-0.11375085312066924
-71.88,0.6346521376458869,0.2611308804967113,0.05099339377775374,-0.11435192351221135
-71.82,0.6376746231873694,0.25425206586489046,0.049754986635333086,-0.11493967035660216
-71.76,0.6406226009661753,0.24733838810640615,0.048509825771170884,-0.11551401470593649
-71.7,0.6434956701028853,0.2403906537005176,0.047258056130227995,-0.11607487916846075
-71.64,0.6462934384413983,0.23340967372305238,0.045999823542071855,-0.11662218791884103
-71.58,0.6490155226015032,0.22639626375211133,0.04473527470395948,-0.1171558667082517
-71.52000000000001,0.6516615480304287,0.2193512437731831,0.043464557163807455,-0.11767584287428033
-71.46000000000001,0.6542311490533725,0.21227543808366017,0.04218781930304731,-0.11818204535064976
-71.4,0.6567239689229903,0.2051696751967938,0.04090521031937304,-0.11867440467675364
-71.34,0.659139659867854,0.19803478774506558,0.039616880209376745,-0.11915285300700697
-71.28,0.6614778831398619,0.19087161238301192,0.03832297975107905,-0.11961732412000825
-71.22,0.6637383090605968,0.18368098968950322,0.03702366048635426,-0.12006775342751311
-71.16,0.6659206170666283,0.1764637640694896,0.03571907470325287,-0.12050407798321766
-71.1,0.6680244957537498,0.1692207836552259,0.0344093754182233,-0.12092623649135081
-71.03999999999999,0.6700496429201469,0.16195290020698686,0.03309471635823502,-0.12133416931507418
-70.98,0.6719957656084896,0.15466096901328558,0.03177525194280536,-0.12172781848468843
-70.92,0.6738625801469451,0.147345848790597,0.03045113726593034,-0.1221071277056454
-70.86,0.6756498121891,0.14000840158262368,0.02912252807792625,-0.12247204236636372
-70.80000000000001,0.6773571967527929,0.1326494926590831,0.027789580767178124,-0.12282250954584843
-70.74000000000001,0.678984478257851,0.12526999041404352,0.026452452341800138,-0.12315847802111289
-70.68,0.6805314105627183,0.11787076626383639,0.025111300411212803,-0.12347989827440099
-70.62,0.681997756999981,0.11045269454452386,0.02376628316763322,-0.1237867225002106
-70.56,0.6833832904107782,0.10301665240895935,0.022417559367485275,-0.12407890461211558
-70.5,0.6846877931780936,0.09556351972344362,0.021065288312729958,-0.1243564002493865
-70.44,0.6859110572589264,0.08809417896398941,0.01970962983211846,-0.12461916678340838
-70.38,0.6870528842153342,0.08060951511220701,0.018350744262370124,-0.12486716332389519
-70.32,0.6881130852443447,0.07311041555082319,0.016988792429277512,-0.1251003507248997
-70.26,0.6890914812067308,0.06559776995884757,0.015623935628741132,-0.12531869159061834
-70.2,0.689987902654648,0.0580724702063879,0.014256335607734117,-0.12552215028098976
-70.14,0.6908021898581246,0.05053541024915328,0.012886154545203877,-0.12571069291708664
-70.08,0.6915341928304054,0.04298748602262264,0.01151355503290662,-0.12588428738629967
-70.02000000000001,0.6921837713521448,0.03542959533591866,0.010138700056182077,-0.1260429033473133
-69.96000000000001,0.6927507949944435,0.027862637765379276,0.008761752974666833,-0.12618651223487248
-69.9,0.6932351431407254,0.020287514547866623,0.007382877502953768,-0.12631508726433896
-69.84,0.6936367050074541,0.01270512847379178,0.006002237691193355,-0.12642860343603776
-69.78,0.6939553796636824,0.005116383779893523,0.004619997905643985,-0.12652703753939196
-69.72,0.694191076049435,-0.0024778139582263435,0.0032363228091716787,-0.12661036815684598
-69.66,0.6943437129929176,-0.010076557933796623,0.0018513773417017938,-0.12667857566757634
-69.6,0.6944132192265542,-0.01767894021678662,0.0004653267006250839,-0.12673164225098926
-69.53999999999999,0.6943995334018449,-0.025284051862019506,-0.0009216636788396263,-0.12676955189000497
-69.48,0.694302604103046,-0.03289098301747473,-0.002309428143323458,-0.12679229037412773
-69.42,0.6941223898596675,-0.04049882303277667,-0.0036978008410258265,-0.1267998453023014
-69.36,0.6938588591577868,-0.048106660567830785,-0.005086615741465897,-0.12679220608554995
-69.30000000000001,0.6935119904501761,-0.05571358370162749,-0.006475706655270969,-0.12676936394940216
-69.24000000000001,0.6930817721652407,-0.06331868004118522,-0.007864907253996564,-0.12673131193610082
-69.18,0.6925682027147693,-0.0709210368306034,-0.009254051089972837,-0.12667804490659518
-69.12,0.6919712905004903,-0.07851974106024631,-0.010642971616181237,-0.12660955954231698
-69.06,0.6912910539194363,-0.08611387957601814,-0.012031502206154118,-0.1265258543467391
-69.0,0.6905275213681137,-0.09370253918872676,-0.013419476173896865,-0.12642692964671712
-68.94,0.6896807312454756,-0.1012848067835215,-0.014806726793829907,-0.12631278759361292
-68.88,0.6887507319546984,-0.10885976942939175,-0.01619308732074812,-0.1261834321642004
-68.82,0.6877375819037603,-0.11642651448871352,-0.0175783910097954,-0.12603886916135293
-68.76,0.6866413495048214,-0.12398412972682854,-0.018962471136451525,-0.1258791062145126
-68.7,0.6854621131724018,-0.1315317034216544,-0.02034516101653105,-0.12570415277994018
-68.64,0.6841999613203633,-0.13906832447328488,-0.021726294026186723,-0.12551402014074725
-68.58000000000001,0.6828549923576887,-0.14659308251360184,-0.023105703621921516,-0.12530872140670846
-68.52000000000001,0.6814273146830581,-0.15410506801586915,-0.024483223360603674,-0.12508827151385501
-68.46000000000001,0.6799170466782295,-0.1616033724042799,-0.02585868691947963,-0.12485268722384946
-68.4,0.6783243167002143,-0.16908708816347712,-0.02723192811618846,-0.12460198712314047
-68.34,0.6766492630722533,-0.17655530894800817,-0.02860278092877069,-0.12433619162189886
-68.28,0.6748920340735927,-0.1840071296917109,-0.029971079515670948,-0.12405532295273423
-68.22,0.6730527879280601,-0.19144164671701583,-0.031336658235731736,-0.12375940516919227
-68.16,0.671131692791441,-0.1988579578441518,-0.03269935166817595,-0.12344846414403289
-68.1,0.669128926737657,-0.20625516250024165,-0.03405899463257572,-0.12312252756728913
-68.03999999999999,0.6670446777437457,-0.21363236182827502,-0.035415422208805176,-0.12278162494410708
-67.98,0.6648791436736455,-0.22098865879594304,-0.03676846975697439,-0.12242578759236694
-67.92,0.6626325322607819,-0.22832315830433245,-0.03811797293734414,-0.12205504864008479
-67.86,0.6603050610894641,-0.23563496729643996,-0.039463767730214025,-0.12166944302259657
-67.80000000000001,0.6578969575750855,-0.2429231948655267,-0.040805690455787975,-0.12126900747952296
-67.74000000000001,0.6554084589431328,-0.25018695236328403,-0.04214357779401154,-0.120853780551516
-67.68,0.6528398122070102,-0.25742535350778184,-0.043477266804375886,-0.12042380257678842
-67.62,0.6501912741446706,-0.2646375144912199,-0.04480659494569217,-0.11997911568742464
-67.56,0.6474631112740654,-0.27182255408744177,-0.04613140009582893,-0.1195197638054747
-67.5,0.6446555998274096,-0.2789795937592107,-0.047451520571412345,-0.11904579263883099
-67.44,0.6417690257242663,-0.2861077577652307,-0.04876679514748628,-0.11855724967688838
-67.38,0.6388036845434527,-0.293206173266901,-0.05007706307713001,-0.1180541841859882
-67.32,0.6357598814937708,-0.3002739704347914,-0.0513821641110312,-0.11753664720464586
-67.26,0.6326379313835659,-0.3073102825548216,-0.05268193851701128,-0.11700469153856373
-67.2,0.6294381585891103,-0.31431424613414466,-0.05397622709950297,-0.11645837175542775
-67.14,0.6261608970218288,-0.32128500100669455,-0.055264871218972736,-0.11589774417949142
-67.08000000000001,0.6228064900943523,-0.328221690438417,-0.05654771281129179,-0.11532286688594412
-67.02000000000001,0.6193752906854129,-0.33512346123215664,-0.057824594407050414,-0.11473379969506617
-66.96000000000001,0.6158676611035854,-0.34198946383217194,-0.05909535915081068,-0.1141306041661723
-66.9,0.6122839730498718,-0.3488188524282966,-0.06035985082030077,-0.11351334359134119
-66.84,0.608624607579137,-0.3556107850597103,-0.06161791384554421,-0.11288208298893422
-66.78,0.6048899550603983,-0.36236442371831645,-0.06286939332792338,-0.11223688909690285
-66.72,0.6010804151359749,-0.36907893445171086,-0.06411413505917476,-0.11157783036588585
-66.66,0.5971963966794971,-0.37575348746573123,-0.06535198554031345,-0.11090497695209652
-66.6,0.5932383177527855,-0.3823872572265727,-0.06658279200048481,-0.11021840071000119
-66.53999999999999,0.5892066055615973,-0.38897942256245804,-0.06780640241574085,-0.10951817518478942
-66.48,0.5851016964102539,-0.3955291667648491,-0.06902266552773871,-0.10880437560463677
-66.42,0.5809240356551394,-0.40203567768919396,-0.07023143086236089,-0.10807707887276036
-66.36,0.5766740776570982,-0.40849814785517735,-0.07143254874825018,-0.10733636355926991
-66.30000000000001,0.5723522857327116,-0.41491577454648887,-0.07262587033526313,-0.1065823098928125
-66.24000000000001,0.5679591321044706,-0.42128775991008427,-0.0738112476128366,-0.1058149997520132
-66.18,0.5634950978498586,-0.427613311054913,-0.07498853342826294,-0.10503451665671376
-66.12,0.5589606728493302,-0.4338916401501295,-0.07615758150487674,-0.10424094575900764
-66.06,0.5543563557332053,-0.44012196452275254,-0.0773182464601469,-0.10343437383407424
-66.0,0.5496826538274822,-0.44630350675477065,-0.07847038382367319,-0.10261488927081264
-65.94,0.5449400830985712,-0.45243549477967954,-0.07961385005508506,-0.10178258206227599
-65.88,0.5401291680969591,-0.45851716197843856,-0.08074850256184037,-0.1009375437959075
-65.82,0.5352504418998074,-0.46454774727483744,-0.08187419971692174,-0.10007986764357901
-65.76,0.5303044460524938,-0.47052649523025564,-0.08299080087642846,-0.09920964835143363
-65.7,0.5252917305090963,-0.4764526561378155,-0.08409816639706275,-0.098326982229532
-65.64,0.5202128535718408,-0.48232548611589343,-0.0851961576535049,-0.09743196714130675
-65.58000000000001,0.5150683818295017,-0.4881442472010043,-0.08628463705567961,-0.09652470249282201
-65.52000000000001,0.5098588900947673,-0.49390820744003755,-0.08736346806590944,-0.09560528922184117
-65.46000000000001,0.5045849613405924,-0.4996166409818177,-0.08843251521595061,-0.09467382978670615
-65.4,0.4992471866355189,-0.5052688281680059,-0.08949164412391394,-0.09373042815502494
-65.34,0.49384616507799106,-0.510864055623311,-0.09054072151106546,-0.09277518979217222
-65.28,0.4883825037296651,-0.5164016163450058,-0.0915796152185053,-0.09180822164960296
-65.22,0.48285681754772214,-0.5218808097917357,-0.09260819422372327,-0.09082963215298023
-65.16,0.47726972931619116,-0.5273009419716123,-0.09362632865702877,-0.08983953119011892
-65.1,0.47162186957629,-0.532661325529574,-0.09463388981785283,-0.0888380300987465
-65.03999999999999,0.46591387655579236,-0.5379612798340111,-0.09563075019092063,-0.08782524165408195
-64.98,0.46014639609742986,-0.5432001310626352,-0.09661678346229186,-0.08680128005623518
-64.92,0.4543200815863281,-0.5483772122875964,-0.09759186453526848,-0.08576626091742576
-64.86,0.4484355938765069,-0.553491863559814,-0.09855586954616462,-0.08472030124902724
-64.80000000000001,0.4424936012164257,-0.558543431992536,-0.09950867587994038,-0.08366351944843309
-64.74000000000001,0.43649477917359514,-0.5635312718441066,-0.10045016218569643,-0.08259603528574787
-64.68,0.43043981055827546,-0.568454744599917,-0.10138020839202458,-0.08151796989030813
-64.62,0.4243293853462448,-0.5733132190535559,-0.10229869572221716,-0.08042944573702882
-64.56,0.41816420060066595,-0.5781060713871295,-0.10320550670932975,-0.07933058663258115
-64.5,0.41194496039305184,-0.5828326852507469,-0.10410052521109674,-0.07822151770140183
-64.44,0.4056723757233417,-0.5874924518411636,-0.10498363642469771,-0.07710236537153532
-64.38,0.399347164439095,-0.5920847699795675,-0.10585472690137251,-0.07597325736031071
-64.32,0.39297005115381267,-0.5966090461885041,-0.1067136845608835,-0.07483432265985517
-64.26,0.386541767164398,-0.6010646947679225,-0.10756039870582268,-0.0736856915224454
-64.2,0.38006305036775495,-0.6054511378703469,-0.10839476003576325,-0.07252749544569746
-64.14,0.37353464517655816,-0.6097678055751415,-0.10921666066125074,-0.07135986715760058
-64.08000000000001,0.36695730243417407,-0.6140141359618834,-0.1100259941176357,-0.0701829406013914
-64.02000000000001,0.36033177932875715,-0.6181895751828226,-0.11082265537874444,-0.06899685092027294
-63.96,0.3536588393065439,-0.6222935775344123,-0.11160654087038438,-0.06780173444198259
-63.9,0.34693925198432973,-0.6263256055279163,-0.11237754848368549,-0.06659772866320567
-63.84,0.3401737930611512,-0.6302851299590762,-0.11313557758827443,-0.06538497223383959
-63.78,0.33336324422918534,-0.6341716299768274,-0.11388052904527957,-0.06416360494110974
-63.72,0.32650839308387736,-0.6379845931510574,-0.11461230522016518,-0.06293376769354002
-63.660000000000004,0.3196100330332977,-0.6417235155393999,-0.11533080999539405,-0.06169560250477731
-63.6,0.31266896320674387,-0.6453879017530548,-0.11603594878291652,-0.060449252477273265
-63.54,0.3056859883626061,-0.6489772650216208,-0.11672762853648323,-0.05919486178582653
-63.480000000000004,0.2986619187954914,-0.6524911272569405,-0.11740575776378173,-0.05793257566098452
-63.42,0.29159757024262595,-0.6559290191159445,-0.11807024653839453,-0.056662540372308154
-63.36,0.2844937637895513,-0.6592904800624855,-0.11872100651157645,-0.055384903211502634
-63.300000000000004,0.2773513257751136,-0.662575058428158,-0.1193579509238509,-0.054099812475413706
-63.24,0.27017108769576076,-0.665782311472094,-0.11998099461642332,-0.05280741744889242
-63.18,0.2629538861091697,-0.6689118054397251,-0.12059005404240906,-0.051507868387532095
-63.120000000000005,0.25570056253719636,-0.6719631156205055,-0.12118504727787614,-0.05020131650027637
-63.06,0.2484119633681697,-0.6749358264045905,-0.12176589403270024,-0.04888791393190207
-63.0,0.24108893975854728,-0.6778295313384554,-0.12233251566123042,-0.0475678137453799
-62.940000000000005,0.23373234753392916,-0.6806438331794553,-0.122884835172765,-0.04624116990411261
-62.88,0.2263430470894489,-0.6833783439493171,-0.12342277724183565,-0.044908137254053876
-62.82,0.21892190328956093,-0.6860326849865505,-0.12394626821829817,-0.04356887150571128
-62.760000000000005,0.21146978536722086,-0.6886064869977799,-0.12445523613722906,-0.04222352921603288
-62.7,0.2039875668224773,-0.6910993901079856,-0.12494961072862666,-0.040872267770180756
-62.64,0.1964761253204958,-0.6935110439096446,-0.12542932342691474,-0.03951524536319506
-62.580000000000005,0.18893634258901074,-0.695841107510772,-0.12589430738024834,-0.03815262098154784
-62.52,0.1813691043152244,-0.6980892495818515,-0.12634449745962012,-0.036784554384590294
-62.46,0.17377530004217384,-0.7002551484016468,-0.12677983026776546,-0.03541120608589693
-62.400000000000006,0.16615582306456167,-0.702338491901895,-0.12720024414786638,-0.03403273733450605
-62.34,0.15851157032407037,-0.704338977710868,-0.12760567919205196,-0.032649310096060036
-62.28,0.15084344230418123,-0.7062563131958002,-0.1279960772496946,-0.0312610870338492
-62.22,0.14315234292449203,-0.7080902155041773,-0.12837138193550102,-0.029868231489758323
-62.160000000000004,0.13543917943456146,-0.7098404116038771,-0.12873153863739675,-0.028470907465120633
-62.1,0.12770486230728095,-0.7115066383221608,-0.12907649452420328,-0.02706927960147958
-62.04,0.11995030513180122,-0.7130886423835048,-0.12940619855310626,-0.025663513161263238
-61.980000000000004,0.112176424506009,-0.7145861804462726,-0.12972060147691436,-0.024253774008370445
-61.92,0.1043841399285743,-0.7159990191382193,-0.1300196558511078,-0.022840228588672528
-61.86,0.09657437369058941,-0.7173269350908216,-0.13030331604067458,-0.021423043910434248
-61.800000000000004,0.08874805076679605,-0.7185697149724324,-0.1305715382267347,-0.020002387524653446
-61.74,0.08090609870642121,-0.7197271555202538,-0.13082428041295105,-0.018578427505322993
-61.68,0.0730494475236431,-0.7207990635711217,-0.13106150243172526,-0.017151332429619037
-61.620000000000005,0.06517902958768361,-0.7217852560911011,-0.13128316595017903,-0.01572127135801477
-61.56,0.05729577951254835,-0.7226855602038862,-0.13148923447591893,-0.014288413814323586
-61.5,0.04940063404643544,-0.7234998132179987,-0.1316796733625843,-0.012852929765675472
-61.440000000000005,0.041494531960809905,-0.7242278626527865,-0.13185444981517755,-0.011414989602426017
-61.38,0.033578413939164616,-0.7248695662632114,-0.1320135328951759,-0.00997476411800179
-61.32,0.02565322246548941,-0.7254247920634278,-0.13215689352542379,-0.008532424488686184
-61.260000000000005,0.017719901712445234,-0.7258934183491458,-0.13228450449480525,-0.00708814225334487
-61.2,0.009779397429264012,-0.7262753337187775,-0.1323963404626959,-0.005642089293094885
-61.14,0.0018326568293969283,-0.7265704370933593,-0.1324923779631931,-0.004194437810921274
-61.080000000000005,-0.006119371522093082,-0.7267786377352526,-0.13257259540912436,-0.002745360311240581
-61.02,-0.014075737821372693,-0.7268998552656142,-0.13263697309583322,-0.0012950295794152274
-60.96,-0.0220354911388914,-0.7269340196806382,-0.13268549320474157,0.00015638133877735914
-60.900000000000006,-0.029997679532650486,-0.7268810713665633,-0.1327181398066885,0.0016086991577214332
-60.84,-0.03796135016166525,-0.7267409611134452,-0.13273489886504455,0.0030617503725815193
-60.78,-0.04592554939959919,-0.7265136501276895,-0.13273575823860123,0.004515361279958851
-60.72,-0.053889322948574014,-0.7261991100433459,-0.13272070768423508,0.005969357998586544
-60.660000000000004,-0.061851715953127204,-0.7257973229321578,-0.13268973885934612,0.007423566490058177
-60.6,-0.06981177311431457,-0.7253082813123679,-0.1326428453240698,0.008877812579589583
-60.54,-0.07776853880392952,-0.7247319881562779,-0.13258002254326245,0.01033192197680838
-60.480000000000004,-0.08572105717884303,-0.7240684568965594,-0.1325012678882597,0.011785720296572261
-60.42,-0.0936683722954422,-0.723317711431314,-0.13240658063840713,0.013239033079811861
-60.36,-0.10160952822414555,-0.722479786127884,-0.13229596198236399,0.01469168581439426
-60.300000000000004,-0.10954356916399796,-0.7215547258254098,-0.13216941501917795,0.016143503956007683
-60.24,-0.11746953955732342,-0.7205425858361328,-0.13202694475913224,0.017594312949063398
-60.18,-0.1253864842044132,-0.7194434319454458,-0.13186855812436393,0.019043938247610723
-60.120000000000005,-0.1332934483782527,-0.7182573404106859,-0.1316942639492535,0.02049220533626579
-60.06,-0.14118947793926476,-0.7169843979586725,-0.13150407298058533,0.021938939751149956
-60.0,-0.1490736194500477,-0.7156247017819899,-0.13129799787747942,0.023383967100833906
-59.940000000000005,-0.15694492029011003,-0.7141783595340102,-0.1310760532110934,0.024827113087287887
-59.88,-0.1648024287705811,-0.7126454893226616,-0.13083825546409528,0.0262682035268342
-59.82,-0.1726451942488745,-0.7110262197029388,-0.1305846230299072,0.027707064371097778
-59.760000000000005,-0.18047226724330764,-0.7093206896681559,-0.1303151762117189,0.029143521727955358
-59.7,-0.1882826995476555,-0.7075290486399435,-0.13002993722127207,0.030577401882479455
-59.64,-0.19607554434561555,-0.7056514564569886,-0.1297289301774154,0.032008531317872756
-59.580000000000005,-0.20384985632518826,-0.7036880833625188,-0.1294121811044295,0.03343673673639375
-59.52,-0.21160469179294952,-0.7016391099905315,-0.12907971793012288,0.034861845080269405
-59.46,-0.21933910878819418,-0.6995047273507695,-0.12873157048369815,0.036283683552590866
-59.400000000000006,-0.2270521671969524,-0.6972851368124421,-0.1283677704933895,0.03770207963819283
-59.34,-0.23474292886585796,-0.6949805500866939,-0.12798835158387015,0.039116861124512355
-59.28,-0.2424104577158455,-0.6925911892078251,-0.1275933492734319,0.04052785612242323
-59.22,-0.2500538198556809,-0.6901172865132598,-0.12718280097093507,0.04193489308704657
-59.160000000000004,-0.2576720836952966,-0.687559084622268,-0.12675674597253034,0.04333780083853239
-59.1,-0.26526432005892825,-0.6849168364134404,-0.1263152254581518,0.04473640858281164
-59.04,-0.2728296022980255,-0.6821908050009207,-0.12585828248778272,0.04613054593231364
-58.980000000000004,-0.28036700640394,-0.6793812637093953,-0.12538596199749288,0.04752004292664944
-58.92,-0.287875611120369,-0.676488496047841,-0.1248983107952487,0.048904730053257274
-58.86,-0.2953544980555317,-0.6735127956820393,-0.12439537755649657,0.050284438268005785
-58.800000000000004,-0.3028027517940831,-0.6704544664058525,-0.12387721281951937,0.05165899901575598
-58.74,-0.3102194600087418,-0.6673138221112674,-0.12334386898056622,0.05302824425087753
-58.68,-0.31760371357161077,-0.6640911867572128,-0.12279540028875754,0.05439200645771568
-58.620000000000005,-0.32495460666519393,-0.6607868943371469,-0.12223186284076377,0.055750118671009104
-58.56,-0.33227123689308663,-0.6574012888454209,-0.12165331457525942,0.05710241449625485
-58.5,-0.33955270539031823,-0.6539347242424276,-0.12105981526715338,0.05844872813001635
-58.440000000000005,-0.34679811693335044,-0.6503875644185267,-0.12045142652159477,0.05978889438017506
-58.38,-0.354006580049709,-0.6467601831567603,-0.11982821176775564,0.061122748686121664
-58.32,-0.36117720712722734,-0.6430529640943584,-0.11919023625239178,0.06245012713888308
-58.260000000000005,-0.36830911452290616,-0.6392663006830398,-0.1185375670331807,0.06377086650118556
-58.2,-0.3754014226713653,-0.6354005961481064,-0.11787027297183846,0.06508480422745014
-58.14,-0.3824532561928689,-0.6314562634463479,-0.11718842472701646,0.06639177848371648
-58.080000000000005,-0.38946374400092615,-0.6274337252227461,-0.11649209474697779,0.06769162816749551
-58.02,-0.39643201940944456,-0.6233334137659917,-0.11578135726205409,0.0689841929275471
-57.96,-0.4033572202394178,-0.6191557709628217,-0.115056288276885,0.07026931318357883
-57.900000000000006,-0.41023848892514786,-0.6149012482511712,-0.114316965562439,0.0715468301458664
-57.84,-0.41707497261998333,-0.6105703065721515,-0.1135634686478178,0.07281658583479167
-57.78,-0.4238658233015504,-0.606163416320863,-0.11279587881184502,0.07407842310029482
-57.72,-0.43061019787648214,-0.6016810572960378,-0.11201427907443942,0.07533218564124086
-57.660000000000004,-0.4373072582846181,-0.597123718648527,-0.11121875418777401,0.07657771802469591
-57.6,-0.4439561716026726,-0.5924918988286301,-0.11040939062722177,0.07781486570511266
-57.54,-0.45055611014734487,-0.5877861055322819,-0.10958627658208953,0.07904347504342002
-57.480000000000004,-0.45710625157787405,-0.5830068556460924,-0.10874950194614012,0.08026339332601783
-57.42,-0.4636057789980193,-0.5781546751912486,-0.1078991583079037,0.08147446878367261
-57.36,-0.47005388105744556,-0.5732300992662925,-0.10703533894078097,0.08267655061031097
-57.300000000000004,-0.47644975205251555,-0.5682336719887683,-0.10615813879293713,0.08386948898171066
-57.24,-0.4827925920264703,-0.5631659464357507,-0.10526765447698859,0.08505313507408616
-57.18,-0.489081606868976,-0.5580274845832689,-0.10436398425948452,0.08622734108256455
-57.120000000000005,-0.49531600841504253,-0.5528188572446171,-0.1034472280501827,0.08739196023955265
-57.06,-0.5014950145432913,-0.5475406440075682,-0.10251748739112115,0.08854684683299133
-57.0,-0.5076178492735537,-0.542193433170501,-0.10157486544548862,0.08969185622449366
-56.940000000000005,-0.5136837428638048,-0.5367778216774362,-0.10061946698629226,0.09082684486736743
-56.88,-0.519691931906409,-0.5312944150519956,-0.0996513983848253,0.091951670324518
-56.82,-0.5256416594236615,-0.5257438273302961,-0.09867076759893678,0.09306619128622848
-56.760000000000005,-0.531532174962628,-0.5201266809927739,-0.09767768416110256,0.09417026758781738
-56.7,-0.5373627346892603,-0.5144436068949552,-0.09667225916630008,0.09526376022717019
-56.64,-0.5431326014817751,-0.5086952441971818,-0.09565460525968893,0.09634653138214157
-56.580000000000005,-0.548841045023291,-0.5028822402932939,-0.09462483662409693,0.09741844442782856
-56.52,-0.5544873418937117,-0.497005250738277,-0.09358306896731386,0.09847936395371101
-56.46,-0.5600707756608331,-0.49106493917489324,-0.09252941950919517,0.09952915578065648
-56.400000000000006,-0.5655906369706777,-0.485061977259289,-0.09146400696857548,0.1005676869777894
-56.34,-0.5710462236370377,-0.47899704458559494,-0.09038695154999374,0.10159482587922143
-56.28,-0.5764368407302113,-0.47287082860953195,-0.0892983749302331,0.10261044210063967
-56.22,-0.5817618006649307,-0.4666840245710207,-0.0881984002446745,0.10361440655575305
-56.160000000000004,-0.5870204232874628,-0.4604373354158114,-0.08708715207346739,0.10460659147259307
-56.1,-0.5922120359618789,-0.454131471716136,-0.0859647564275178,0.10558687040966787
-56.04,-0.597335973655471,-0.44776715159040364,-0.08483134073429706,0.10655511827196604
-55.980000000000004,-0.6023915790233174,-0.4413451006219331,-0.08368703382347079,0.10751121132681044
-55.92,-0.6073782024919809,-0.43486605177673837,-0.08253196591235035,0.10845502721955855
-55.86,-0.6122952023423228,-0.42833074532038434,-0.08136626859117017,0.10938644498914685
-55.8,-0.6171419447914347,-0.42173992873390637,-0.08019007480818949,0.11030534508347907
-55.74000000000001,-0.6219178040736674,-0.4150943566288172,-0.07900351885462296,0.11121160937465474
-55.68000000000001,-0.6266221625207555,-0.4083947906611959,-0.07780673634939919,0.11210512117403776
-55.620000000000005,-0.6312544106410131,-0.4016419994448933,-0.07659986422375296,0.11298576524715997
-55.56,-0.635813947197609,-0.3948367584638329,-0.07538304070564768,0.11385342782846215
-55.5,-0.6403001792858991,-0.38797984998343976,-0.07415640530403396,0.11470799663586714
-55.44,-0.6447125224098087,-0.38107206296119833,-0.07292009879294417,0.11554936088518476
-55.379999999999995,-0.649050400557256,-0.37411419295635207,-0.07167426319542523,0.11637741130434634
-55.32000000000001,-0.6533132462746062,-0.367107042038754,-0.0704190417673118,0.11719204014746684
-55.260000000000005,-0.657500500740152,-0.36005141869687246,-0.06915457898083982,0.11799314120873397
-55.2,-0.6616116138365962,-0.35294813774498396,-0.06788102050810682,0.11878060983611981
-55.14,-0.6656460442225473,-0.34579802022953265,-0.06659851320437477,0.1195543429449165
-55.08,-0.6696032594030031,-0.3386018933346913,-0.06530720509122212,0.12031423903109212
-55.019999999999996,-0.6734827357988223,-0.3313605902871244,-0.06400724533954484,0.12106019818446559
-54.96000000000001,-0.6772839588151662,-0.3240749502599682,-0.06269878425240924,0.12179212210169872
-54.900000000000006,-0.6810064229089168,-0.3167458182760282,-0.06138197324775662,0.12250991409910497
-54.84,-0.6846496316550402,-0.3093740451102307,-0.06005696484096621,0.1232134791252704
-54.78,-0.68821309781191,-0.3019604871913056,-0.05872391262727262,0.12390272377348877
-54.72,-0.6916963433855671,-0.29450600650273717,-0.05738297126404386,0.12457755629400649
-54.66,-0.695098899692912,-0.2870114704829847,-0.05603429645292071,0.12523788660607707
-54.60000000000001,-0.698420307423822,-0.27947775192498686,-0.05467804492181963,0.12588362630982305
-54.540000000000006,-0.7016601167021864,-0.27190572887495096,-0.053314374406799765,0.12651468869790455
-54.480000000000004,-0.7048178871458441,-0.26429628453046705,-0.05194344363380062,0.1271309887669912
-54.42,-0.7078931879254279,-0.2566503071379203,-0.05056541230024626,0.12773244322903826
-54.36,-0.7108855978220979,-0.24896868988924264,-0.049180441056522986,0.1283189705223641
-54.3,-0.71379470528416,-0.2412523308180036,-0.04778869148733055,0.12889049082252732
-54.24000000000001,-0.7166201084825623,-0.23350213269485628,-0.046390326092909925,0.1294469260530031
-54.18000000000001,-0.7193614153652633,-0.2257190029223401,-0.044985508270147585,0.12998819989565683
-54.120000000000005,-0.722018243710457,-0.21790385342907898,-0.04357440229356375,0.13051423780101296
-54.06,-0.7245902211786603,-0.21005760056335174,-0.042157173296179754,0.13102496699831928
-54.0,-0.7270769853636456,-0.20218116498607358,-0.04073398725027219,0.13152031650540397
-53.94,-0.7294781838422159,-0.19427547156319092,-0.03930501094801368,0.13200021713832452
-53.879999999999995,-0.7317934742228146,-0.18634144925750332,-0.037870411982003166,0.13246460152080752
-53.82000000000001,-0.7340225241929649,-0.17838003101992728,-0.036430358725688027,0.13291340409347738
-53.760000000000005,-0.7361650115655308,-0.17039215368020333,-0.03498502031367856,0.13334656112287374
-53.7,-0.7382206243237931,-0.1623787578370872,-0.033534566621961956,0.133764010710255
-53.64,-0.7401890606653359,-0.15434078774800025,-0.032079168248011505,0.13416569280018825
-53.58,-0.7420700290447368,-0.14627919121818092,-0.030618996490798175,0.13455154918892337
-53.519999999999996,-0.7438632482150552,-0.13819491948933738,-0.029154223330705185,0.13492152353255052
-53.46000000000001,-0.7455684472681108,-0.13008892712782033,-0.02768502140934832,0.1352755613549401
-53.400000000000006,-0.7471853656735516,-0.12196217191231529,-0.026211564009302458,0.13561361005546374
-53.34,-0.7487137533166995,-0.11381561472109827,-0.02473402503374175,0.1359356189164953
-53.28,-0.7501533705351738,-0.10565021941882834,-0.023252578985988988,0.13624153911069115
-53.22,-0.7515039881542844,-0.0974669527429195,-0.021767400948981722,0.13653132370804852
-53.16,-0.7527653875211909,-0.08926678418949438,-0.020278666564655483,0.1368049276827406
-53.10000000000001,-0.7539373605378212,-0.08105068589893599,-0.018786552013247124,0.13706230791972832
-53.040000000000006,-0.7550197096925487,-0.0728196325410401,-0.01729123399251879,0.13730342322114683
-52.980000000000004,-0.7560122480906156,-0.06457460119981027,-0.015792889696910055,0.13752823431246627
-52.92,-0.7569147994833089,-0.05631657125787098,-0.014291696796613695,0.13773670384842632
-52.86,-0.7577271982958742,-0.04804652428054093,-0.012787833416582899,0.13792879641874273
-52.8,-0.7584492896541719,-0.039765443899569194,-0.011281478115470228,0.13810447855358615
-52.74000000000001,-0.7590809294100636,-0.03147431569655095,-0.009772809864501443,0.13826371872883125
-52.68000000000001,-0.7596219841655324,-0.023174127086025963,-0.008262008026284703,0.13840648737107664
-52.620000000000005,-0.7600723312955284,-0.01486586719830189,-0.00674925233356289,0.1385327568624334
-52.56,-0.7604318589695377,-0.006550526761977918,-0.005234722867904385,0.13864250154508287
-52.5,-0.760700466171871,0.0017709020137886245,-0.0037186000383402995,0.13873569772560218
-52.44,-0.7608780627206697,0.010097425557269635,-0.0022010645599484374,0.13881232367905705
-52.379999999999995,-0.7609645692856251,0.01842804905239278,-0.0006822974323869559,0.13887235965286127
-52.32000000000001,-0.7609599174044068,0.026761776557190246,0.0008375200816195114,0.13891578787040226
-52.260000000000005,-0.7608640494978017,0.035097611122467884,0.002358206477840664,0.13894259253443217
-52.2,-0.7606769188835558,0.043434554910651305,0.003879580032140532,0.13895275983022348
-52.14,-0.760398489788919,0.051771609314833524,0.005401458822121164,0.13894627792848968
-52.08,-0.7600287373618911,0.06010777507798139,0.006923660748802091,0.13892313698806902
-52.019999999999996,-0.7595676476811658,0.06844205241229746,0.008446003558335169,0.13888332915837237
-51.96000000000001,-0.7590152177647697,0.07677344111872009,0.009968304863751424,0.13882684858159366
-51.900000000000006,-0.7583714555773968,0.08510094070655864,0.01149038216673958,0.1387536913946828
-51.84,-0.7576363800364353,0.09342355051322009,0.013012052879448156,0.13866385573108106
-51.78,-0.7568100210166852,0.1017402698240527,0.014533134346315882,0.138557341722218
-51.72,-0.7558924193537644,0.1100500979922622,0.01605344386592227,0.13843415149876998
-51.66,-0.7548836268462061,0.11835203455889844,0.017572798712858027,0.1382942891916798
-51.60000000000001,-0.75378370625624,0.12664507937289385,0.01909101615961195,0.13813776093293717
-51.540000000000006,-0.7525927313092619,0.13492823271115179,0.02060791349847378,0.13796457485611985
-51.480000000000004,-0.7513107866919887,0.14320049539864016,0.02212330806344503,0.1377747410966954
-51.42,-0.7499379680492978,0.15146086892851562,0.023637017252162516,0.13756827179208286
-51.36,-0.748474381979751,0.1597083555822348,0.025148858547826305,0.13734518108147467
-51.3,-0.7469201460298032,0.1679419585496492,0.02665864954113179,0.13710548510541842
-51.24000000000001,-0.7452753886866942,0.17616068204906588,0.028166207952202576,0.13684920200515885
-51.18000000000001,-0.7435402493700246,0.18436353144727163,0.029671351652523523,0.1365763519217388
-51.120000000000005,-0.7417148784220179,0.192549513379476,0.031173898686866118,0.13628695699486076
-51.06,-0.739799437096464,0.20071763586919855,0.03267366729521068,0.13598104136150768
-51.0,-0.7377940975463505,0.20886690844805633,0.0341704759346572,0.13565863115432333
-50.94,-0.7356990428101773,0.21699634227544898,0.03566414330132472,0.13531975449975284
-50.879999999999995,-0.7335144667969595,0.22510495025812488,0.037154488352235795,0.1349644415159428
-50.82000000000001,-0.7312405742699181,0.23319174716961263,0.038641330327183455,0.13459272431040148
-50.760000000000005,-0.7288775808288548,0.24125574976951397,0.04012448877057988,0.13420463697741844
-50.7,-0.7264257128912245,0.2492959769226156,0.04160378355327906,0.13380021559524566
-50.64,-0.7238852076718916,0.2573114497178445,0.04307903489437763,0.13337949822303763
-50.58,-0.7212563131615835,0.2653011915870221,0.044550063382986275,0.13294252489755312
-50.519999999999996,-0.7185392881040366,0.2732642284234154,0.0460166899999709,0.13248933762961707
-50.46000000000001,-0.7157344019718405,0.2811995887000676,0.04747873613966041,0.13201998040034416
-50.400000000000006,-0.7128419349409775,0.28910630358790285,0.04893602363152045,0.131534499157123
-50.34,-0.7098621778640688,0.29698340707356585,0.05038837476178546,0.13103294180936345
-50.28,-0.7067954322423182,0.30482993607701653,0.05183561229505312,0.13051535822400465
-50.22,-0.7036420101961631,0.31264493056883924,0.05327755949583352,0.12998180022078612
-50.16,-0.7004022344346359,0.32042743368726356,0.0547140401500526,0.129432321567282
-50.10000000000001,-0.6970764382234351,0.328176491854877,0.05614487858650631,0.1288669779736983
-50.040000000000006,-0.6936649653517079,0.3358911548950285,0.05756989969826519,0.12828582708743375
-49.980000000000004,-0.6901681700975569,0.34357047614788006,0.05898892896402153,0.12768892848740582
-49.92,-0.6865864171922622,0.3512135125861288,0.06040179246938332,0.1270763436781409
-49.86,-0.682920081783228,0.35881932493035884,0.06180831692810739,0.12644813608363
-49.8,-0.6791695493956601,0.3663869777640187,0.06320832970327112,0.1258043710409505
-49.74000000000001,-0.6753352158929722,0.37391553964800756,0.0646016588283794,0.1251451157936548
-49.68000000000001,-0.6714174874359267,0.38140408323486713,0.06598813302840652,0.12447043948492542
-49.620000000000005,-0.6674167804405214,0.38885168538253706,0.06736758174076513,0.12378041315049937
-49.56,-0.6633335215346127,0.3962574272676976,0.06873983513620655,0.12307510971135988
-49.5,-0.6591681475132907,0.4036203944986573,0.07010472413964486,0.1223546039661981
-49.44,-0.6549211052930072,0.4109396772277841,0.07146208045090419,0.12161897258364485
-49.38000000000001,-0.6505928518644614,0.4182143702634607,0.07281173656538602,0.12086829409427337
-49.32000000000001,-0.6461838542442432,0.4254435731815626,0.07415352579465594,0.12010264888237297
-49.260000000000005,-0.6416945894252536,0.43262639043641826,0.07548728228694242,0.11932211917749701
-49.2,-0.6371255443258887,0.43976193147127246,0.07681284104755175,0.11852678904578245
-49.14,-0.6324772157380056,0.4468493108282137,0.07813003795919138,0.11771674438104476
-49.08,-0.6277501102736709,0.453887648257562,0.07943870980220176,0.11689207289564771
-49.019999999999996,-0.6229447443106979,0.4608760688267025,0.08073869427469296,0.11605286411114944
-48.96000000000001,-0.6180616439369802,0.4678137030283491,0.08202983001258446,0.11519920934872603
-48.900000000000006,-0.61310134489362,0.47469968688823516,0.08331195660954621,0.11433120171937199
-48.84,-0.6080643925168737,0.48153316207219365,0.08458491463683501,0.1134489361138822
-48.78,-0.6029513416789,0.48831327599264535,0.08584854566302919,0.11255250919261202
-48.72,-0.5977627567273324,0.49503918191445817,0.08710269227365483,0.11164201937501969
-48.66,-0.5924992114236761,0.5017100390601745,0.08834719809070303,0.11071756682899118
-48.60000000000001,-0.587161288880539,0.5083250127145892,0.08958190779203487,0.10977925345994874
-48.540000000000006,-0.5817495814976946,0.5148832743286761,0.09080666713067387,0.10882718289974312
-48.480000000000004,-0.5762646908970042,0.5213840016228258,0.09202132295397887,0.10786146049533411
-48.42,-0.5707072278561798,0.5278263786894137,0.09322572322270077,0.1068821932972559
-48.36,-0.5650778122414126,0.5342095960946612,0.09441971702991678,0.10588949004787211
-48.3,-0.5593770729388693,0.5405328509797878,0.09560315461984098,0.1048834611694203
-48.24000000000001,-0.553605647785063,0.546795347161439,0.0967758874065089,0.10386421875184762
-48.18000000000001,-0.5477641834961021,0.5529962952313834,0.097937767992335,0.10283187654043781
-48.120000000000005,-0.5418533355958414,0.5591349126554488,0.09908865018653687,0.1017865499232341
-48.06,-0.5358737683429203,0.5652104238717106,0.10022838902342918,0.10072835591825484
-48.0,-0.5298261546567115,0.5712220603879004,0.10135684078058126,0.09965741316050683
-47.94,-0.523711176042185,0.5771690608780307,0.1024738629968373,0.09857384188879634
-47.88000000000001,-0.5175295225136967,0.5830506712782207,0.10357931449019675,0.09747776393233955
-47.82000000000001,-0.5112818925176987,0.5888661448817198,0.10467305537555398,0.09636930269717277
-47.760000000000005,-0.5049689928544074,0.5946147424330956,0.10575494708229131,0.09524858315236746
-47.7,-0.4985915385984036,0.6002957322216039,0.10682485237172826,0.09411573181604646
-47.64,-0.4921502530181975,0.6059083901737051,0.10788263535442087,0.09297087674120692
-47.58,-0.4856458674947601,0.6114519999447269,0.10892816150731081,0.09181414750135013
-47.519999999999996,-0.47907912143902903,0.6169258530096585,0.10996129769072144,0.09064567517591969
-47.46000000000001,-0.47245076220840093,0.6223292487530647,0.11098191216519869,0.08946559233555035
-47.400000000000006,-0.4657615450222111,0.6276614945581148,0.11198987460819614,0.08827403302712723
-47.34,-0.4590122328762316,0.6329219058946971,0.1129850561305984,0.08707113275866124
-47.28,-0.452203596456167,0.6381098064066334,0.11396732929308566,0.08585702848397711
-47.22,-0.4453364140501822,0.6432245279979624,0.11493656812233365,0.08463185858721971
-47.16,-0.43841147146046033,0.6482654109182899,0.11589264812704851,0.08339576286717862
-47.10000000000001,-0.4314295619138056,0.653231803847191,0.11683544631383398,0.08214888252143358
-47.040000000000006,-0.42439148597129156,0.6581230639776626,0.1177648412028903,0.08089136013032071
-46.980000000000004,-0.4172980514369878,0.6629385570985964,0.11868071284353936,0.07962333964072546
-46.92,-0.41015007326574526,0.6676776576762851,0.11958294282957892,0.07834496634969883
-46.86,-0.40294837347007284,0.6723397489349364,0.12047141431446012,0.07705638688790245
-46.8,-0.39569378102610736,0.6769242229361885,0.12134601202628817,0.07575774920288322
-46.74000000000001,-0.3883871317786903,0.6814304806576157,0.12220662228264342,0.07444920254217957
-46.68000000000001,-0.3810292683455525,0.6858579320702212,0.12305313300522258,0.07313089743625958
-46.620000000000005,-0.3736210400206428,0.6902059962148912,0.12388543373429493,0.07180298568129763
-46.56,-0.36616330267657754,0.6944741012778204,0.12470341564297559,0.07046562032178523
-46.5,-0.3586569186662485,0.6986616846648834,0.12550697155131146,0.06911895563298259
-46.44,-0.3511027567235884,0.7027681930749522,0.12629599594017862,0.0677631471032113
-46.38000000000001,-0.34350169186351154,0.7067930825721421,0.12707038496498962,0.06639835141599044
-46.32000000000001,-0.33585460528102734,0.7107358186569885,0.12783003646920946,0.06502472643201668
-46.260000000000005,-0.3281623842495675,0.714595876336527,0.12857484999767618,0.06364243117099475
-46.2,-0.3204259220185021,0.7183727401932892,0.1293047268097278,0.062251625793314405
-46.14,-0.3126461177098822,0.7220659044531891,0.13001956989213112,0.06085247158158039
-46.08,-0.30482387621441104,0.7256748730522984,0.13071928397181207,0.0594451309219959
-46.019999999999996,-0.2969601080866578,0.7291991597025003,0.13140377552838545,0.058029767285601844
-45.96000000000001,-0.2890557294395274,0.7326382879560127,0.13207295280648246,0.05660654520937448
-45.900000000000006,-0.28111166183798714,0.7359917912687766,0.13272672582787523,0.0551756302771815
-45.84,-0.2731288321920908,0.7392592130626903,0.13336500640339463,0.05373718910060393
-45.78,-0.2651081726492755,0.7424401067866967,0.1339877081446428,0.05229138929961907
-45.72,-0.2570506204859709,0.7455340359767032,0.13459474647549646,0.05083839948315216
-45.66,-0.24895711799852283,0.7485405743143323,0.13518603864340029,0.04937838922949652
-45.60000000000001,-0.24082861239344805,0.7514593056844914,0.13576150373044918,0.04791152906660568
-45.540000000000006,-0.23266605567701978,0.7542898242317622,0.13632106266425809,0.04643799045225692
-45.480000000000004,-0.22447040454422781,0.7570317344155865,0.13686463822861625,0.04495794575409464
-45.42,-0.2162426202670857,0.7596846510642599,0.13739215507392713,0.04347156822954816
-45.36,-0.2079836685823285,0.7622481994277127,0.13790353972743044,0.0419790320056319
-45.3,-0.1996945195785009,0.7647220152290758,0.13839872060320618,0.04048051205862814
-45.24000000000001,-0.1913761475824546,0.7671057447150239,0.1388776280119585,0.0389761841936553
-45.18000000000001,-0.18302953104525466,0.7693990447048928,0.13934019417057888,0.03746622502412207
-45.120000000000005,-0.17465565242753892,0.7716015826385532,0.13978635321148639,0.03595081195107517
-45.06,-0.1662554980843038,0.7737130366230496,0.14021604119174474,0.03443012314243592
-45.0,-0.15783005814915965,0.7757330954779866,0.14062919610195435,0.03290433751213342
-44.94,-0.14938032641805762,0.777661458779661,0.14102575787491817,0.03137363469913468
-44.88000000000001,-0.14090730023250486,0.7794978369039316,0.1414056683940804,0.029838195046374815
-44.82000000000001,-0.13241198036227095,0.7812419510678248,0.14176887150173687,0.028298199579587617
-44.760000000000005,-0.12389537088762795,0.7828935333698622,0.14211531300701533,0.026753829986044333
-44.7,-0.11535847908109909,0.7844523268291149,0.1424449406936257,0.025205268593196124
-44.64,-0.10680231528875898,0.7859180854229701,0.14275770432737825,0.0236526983472278
-44.58,-0.09822789281108783,0.7872905741236103,0.1430535556634691,0.022096302791523477
-44.519999999999996,-0.08963622778339568,0.7885695689331964,0.14333244845353177,0.020536266045046873
-44.46000000000001,-0.08102833905583251,0.7897548569177522,0.1435943384524541,0.018972772780639146
-44.400000000000006,-0.07240524807298603,0.7908462362397444,0.1438391834249593,0.01740600820323478
-44.34,-0.06376797875311245,0.7918435161893518,0.14406694315195032,0.015836158028003325
-44.28,-0.05511755736697323,0.7927465172144221,0.1442775794366164,0.014263408458412487
-44.22,-0.04645501241632242,0.7935550709491104,0.14447105611030156,0.012687946164220478
-44.16,-0.03778137451204759,0.7942690202411942,0.1446473390381332,0.01110995825939806
-44.10000000000001,-0.029097676251981848,0.7948882191780614,0.14480639612441099,0.009529632279983668
-44.040000000000006,-0.020404952098389675,0.7954125331113703,0.14494819731775435,0.007947156161871926
-43.980000000000004,-0.01170423825517174,0.7958418386803711,0.14507271461600846,0.006362718218543853
-43.92,-0.0029965725447619446,0.7961760238338925,0.14517992207090757,0.004776507118733763
-43.86,0.005717005715237598,0.7964149878509854,0.14526979579249535,0.003188711864041348
-43.8,0.014435455835681746,0.7965586413602218,0.14534231395330108,0.0015995217664890975
-43.74000000000001,0.023157735879748478,0.796606906357645,0.14539745679227123,9.126426028628296e-06
-43.68000000000001,0.03188280278704412,0.7965597162233703,0.14543520661845638,-0.001582284292003731
-43.620000000000005,0.04060961249790153,0.79641701573683,0.1454555478144516,-0.0031745202794738257
-43.56,0.04933712007789813,0.7961787610906625,0.1454584668395911,-0.004767391208083747
-43.5,0.05806427984254796,0.7958449199032426,0.14544395223289555,-0.0063607065520449235
-43.44,0.06679004548216495,0.7954154712298491,0.14541199461577237,-0.007954275610789692
-43.38000000000001,0.07551337018687901,0.7948904055724699,0.14536258669446797,-0.009547907531717931
-43.32000000000001,0.08423320677180181,0.7942697248882401,0.14529572326227141,-0.011141411332978282
-43.260000000000005,0.092948507802297,0.7935534425965133,0.14521140120146972,-0.012734595926275677
-43.2,0.10165822571938078,0.7927415835845638,0.1451096194850538,-0.014327270139709893
-43.14,0.11036131296520689,0.7918341842119161,0.144990379178175,-0.01591924274063683
-43.08,0.11905672210863379,0.7908312923133035,0.14485368343935157,-0.017510322458552028
-43.019999999999996,0.12774340597085654,0.7897329672002534,0.14469953752142528,-0.0191003180079933
-42.96000000000001,0.13642031775108662,0.7885392796612963,0.14452794877226727,-0.02068903811145939
-42.900000000000006,0.145086411152277,0.7872503119608006,0.1443389266352335,-0.02227629152234423
-42.84,0.1537406405068459,0.7858661578364308,0.1441324826493693,-0.02386188704787824
-42.78,0.16238196090242657,0.7843869224952288,0.1439086304493626,-0.025445633572081704
-42.72,0.17100932830759605,0.7828127226083176,0.14366738576524637,-0.027027340078721596
-42.66,0.17962169969758046,0.7811436863042275,0.14340876642184905,-0.028606815674271507
-42.60000000000001,0.18821803317991823,0.7793799531608462,0.1431327923379944,-0.030183869610871158
-42.540000000000006,0.1967972881200774,0.7775216741959872,0.1428394855254488,-0.03175831130928491
-42.480000000000004,0.20535842526698223,0.7755690118565871,0.14252887008761825,-0.03332995038185098
-42.42,0.21390040687847434,0.7735221400065213,0.14220097221799263,-0.034898596655426134
-42.36,0.22242219684666265,0.7713812439130444,0.14185582019833912,-0.036464060194317326
-42.3,0.23092276082315968,0.7691465202318561,0.14149344439664413,-0.03802615132319995
-42.24000000000001,0.23940106634418457,0.7668181769907931,0.14111387726480362,-0.03958468065001908
-42.18000000000001,0.24785608295553008,0.7643964335721428,0.1407171533360619,-0.04113945908887326
-42.120000000000005,0.25628678233734853,0.7618815206935926,0.14030330922220036,-0.04269029788287245
-42.06,0.2646921384287811,0.7592736803878013,0.13987238361047413,-0.044237008626974855
-42.0,0.2730711275523864,0.7565731659806045,0.13942441726029842,-0.04577940329079422
-41.94,0.2814227285383643,0.7537802420678518,0.1389594529996846,-0.04731729424137719
-41.88000000000001,0.2897459228485564,0.7508951844908791,0.1384775357214257,-0.04885049426594723
-41.82000000000001,0.29803969470022035,0.7479182803106137,0.1379787123790321,-0.05037881659461441
-41.760000000000005,0.3063030311895328,0.7448498277803247,0.13746303198241777,-0.051902074923042996
-41.7,0.314534922414846,0.7416901363170085,0.13693054559333714,-0.05342008343508137
-41.64,0.3227343615996527,0.7384395264714203,0.13638130632057296,-0.05493265682534593
-41.58,0.33090034521525785,0.7350983298967514,0.1358153693148761,-0.05643961032175872
-41.519999999999996,0.33903187310313815,0.7316668893159568,0.1352327917636569,-0.05794075970803529
-41.46000000000001,0.3471279485969748,0.728145558487734,0.13463363288542957,-0.05943592134612015
-41.400000000000006,0.355187578644354,0.7245347021711553,0.13401795392400861,-0.06092491219856873
-41.34,0.3632097739280937,0.7208346960889653,0.13338581814246026,-0.062407549850868334
-41.28,0.3711935489872183,0.717045926889534,0.13273729081680674,-0.06388365253370207
-41.22,0.3791379223375394,0.7131687921074793,0.1320724392294857,-0.06535303914514788
-41.16,0.3870419165918383,0.7092037001229592,0.131391332662565,-0.0668155292728121
-41.10000000000001,0.3949045585796323,0.7051510701196384,0.13069404239071364,-0.06827094321589415
-41.040000000000006,0.4027248794665213,0.7010113320413293,0.12998064167392845,-0.06971910200718173
-40.980000000000004,0.41050191487307186,0.6967849265473237,0.1292512057500198,-0.07115982743496863
-40.92,0.4182347049932623,0.6924723049664037,0.128505811826854,-0.07259294206489933
-40.86,0.4259222947124451,0.6880739292495474,0.1277445390743553,-0.07401826926173292
-40.8,0.4335637337248244,0.6835902719213321,0.12696746861626723,-0.07543563321102512
-40.74000000000001,0.4411580766504308,0.6790218160300389,0.12617468352167518,-0.07684485894072554
-40.68000000000001,0.448704383151588,0.6743690550964582,0.12536626879628895,-0.07824577234268959
-40.620000000000005,0.45620171804883264,0.6696324930614201,0.12454231137348973,-0.07963820019409676
-40.56,0.4636491514363067,0.6648126442320296,0.12370290010513846,-0.08102197017878035
-40.5,0.4710457587965833,0.6599100332266304,0.12284812575214914,-0.08239691090845996
-40.44,0.47839062111492103,0.6549251949184985,0.12197808097482736,-0.08376285194387705
-40.38000000000001,0.48568282499293,0.6498586743782695,0.12109286032297492,-0.08511962381582944
-40.32000000000001,0.4929214627616459,0.6447110268151024,0.12019256022576078,-0.08646705804610509
-40.260000000000005,0.5001056325939719,0.6394828175166017,0.11927727898136238,-0.08780498716830674
-40.2,0.5072344386165097,0.6341746217874821,0.11834711674637415,-0.0891332447485721
-40.14,0.5143069910207392,0.6287870248869982,0.11740217552498752,-0.09045166540618167
-40.08,0.521322406173544,0.623320621965141,0.11644255915794259,-0.09176008483405398
-40.019999999999996,0.5282798067270674,0.6177760179976075,0.11546837331125233,-0.09305833981912504
-39.96000000000001,0.5351783217278828,0.6121538277195525,0.11447972546470107,-0.09434626826260942
-39.900000000000006,0.5420170867254763,0.6064546755581217,0.1134767249001174,-0.0956237092001422
-39.84,0.5487952438800019,0.6006791955637933,0.11245948268942545,-0.09689050282179475
-39.78,0.5555119420693297,0.5948280313405092,0.111428111682472,-0.098146490491968
-39.72,0.5621663369953492,0.588901835974623,0.11038272649463372,-0.0993915147691559
-39.66,0.5687575912895235,0.5829012719626645,0.10932344349420471,-0.10062541942557902
-39.60000000000001,0.5752848746176793,0.5768270111379323,0.10825038078956607,-0.10184804946668449
-39.540000000000006,0.5817473637840272,0.5706797345959126,0.10716365821613755,-0.10305925115051234
-39.480000000000004,0.5881442428343793,0.5644601326185543,0.10606339732311618,-0.1042588720069209
-39.42,0.5944747031585773,0.558168904597382,0.10494972135999885,-0.10544676085667508
-39.36,0.6007379435921004,0.5518067589554724,0.10382275526289342,-0.10662276783039064
-39.3,0.6069331705168455,0.5453744130683,0.10268262564061877,-0.10778674438733363
-39.24000000000001,0.6130595979610662,0.5388725931834585,0.10152946076059587,-0.10893854333407253
-39.18000000000001,0.6191164476984667,0.5323020343392606,0.10036339053452951,-0.11007801884298204
-39.120000000000005,0.6251029493464146,0.5256634802822483,0.09918454650388676,-0.11120502647059215
-39.06,0.6310183404632929,0.5189576833835897,0.0979930618251678,-0.11231942317578592
-39.0,0.6368618666449516,0.5121854045543985,0.09678907125497532,-0.11342106733783923
-38.94,0.6426327816202634,0.5053474131599722,0.09557271113488235,-0.11450981877430216
-38.88000000000001,0.6483303473457597,0.49844448693296567,0.09434411937610064,-0.11558553875871909
-38.82000000000001,0.65395383409935,0.4914774118854966,0.09310343544394968,-0.11664809003818681
-38.760000000000005,0.6595025205730899,0.48444698222022026,0.09185080034213249,-0.11769733685074467
-38.7,0.6649756939650123,0.47735400024034863,0.09058635659681409,-0.11873314494259975
-38.64,0.6703726500699914,0.4701992762586494,0.0893102482405087,-0.11975538158518079
-38.58,0.6756926933696356,0.4629836285054253,0.08802262079577582,-0.1207639155920206
-38.519999999999996,0.6809351371211965,0.4557078830354861,0.0867236212587274,-0.12175861733546425
-38.46000000000001,0.6860993034454813,0.4483728736341242,0.0854133980823481,-0.12273935876320101
-38.400000000000006,0.6911845234137648,0.44097944172209597,0.0840921011596287,-0.12370601341461884
-38.34,0.6961901371336722,0.43352843625964377,0.0827598818065193,-0.1246584564369767
-38.28,0.7011154938340449,0.42602071364953653,0.08141689274469809,-0.1255965646013962
-38.22,0.7059599519487628,0.41845713763916437,0.08006328808416187,-0.12652021631866814
-38.16,0.7107228791995153,0.41083857922168876,0.0786992233056391,-0.12742929165487246
-38.10000000000001,0.7154036526775129,0.40316591653626355,0.07732485524282753,-0.12832367234680975
-38.040000000000006,0.7200016589241327,0.3954400347673255,0.07594034206445682,-0.1292032418172433
-37.980000000000004,0.7245162940104705,0.38766182604299576,0.0745458432561828,-0.1300678851899466
-37.92,0.7289469636158139,0.379832189332565,0.07314151960230926,-0.13091748930455904
-37.86,0.7332930831050078,0.37195203034310287,0.07172753316734391,-0.13175194273124358
-37.8,0.7375540776047086,0.36402226141519106,0.07030404727738893,-0.13257113578514745
-37.74000000000001,0.7417293820785168,0.356043801417798,0.06887122650136852,-0.13337496054066206
-37.68000000000001,0.7458184414009832,0.3480175756422938,0.06742923663209417,-0.13416331084548247
-37.620000000000005,0.7498207104304635,0.33994451569564627,0.06597824466717422,-0.13493608233446105
-37.56,0.7537356540808348,0.33182555939277397,0.06451841878976362,-0.1356931724432579
-37.5,0.7575627473920444,0.32366165064809493,0.06304992834916094,-0.1364344804217832
-37.44,0.7613014755994937,0.3154537393662736,0.06157294384125291,-0.1371599073474305
-37.38000000000001,0.7649513342022419,0.3072027813321824,0.06008763688880938,-0.1378693561380997
-37.32000000000001,0.7685118290300271,0.2989097381000776,0.05859418022162887,-0.13856273156500828
-37.260000000000005,0.7719824763090846,0.29057557688203356,0.05709274765654235,-0.1392399402652868
-37.2,0.7753628027267675,0.2822012704356073,0.055583514077270364,-0.13990089075436077
-37.14,0.7786523454949528,0.2737877969507769,0.054066655414141254,-0.14054549343811415
-37.08,0.7818506524122247,0.2653361399361541,0.052542348623670555,-0.1411736606248342
-37.019999999999996,0.7849572819248306,0.25684728810448826,0.0510107716680045,-0.1417853065369362
-36.96000000000001,0.7879718031863983,0.2483222352574734,0.0494721034942301,-0.1423803473224656
-36.900000000000006,0.7908937961164103,0.23976198016986353,0.04792652401355222,-0.14295870106637784
-36.84,0.7937228514574198,0.2311675264729371,0.04637421408034544,-0.14352028780159143
-36.78,0.7964585708310116,0.22253988253728524,0.044815355471075874,-0.14406502951981637
-36.72,0.7991005667924912,0.2138800613549672,0.04325013086310078,-0.14459285018215348
-36.66,0.8016484628843001,0.2051890804210347,0.04167872381334641,-0.14510367572946511
-36.60000000000001,0.8041018936881457,0.1964679616144428,0.04010131873686708,-0.1455974340925147
-36.540000000000006,0.8064605048758455,0.18771773107834921,0.03851810088528592,-0.14607405520187478
-36.480000000000004,0.8087239532588686,0.1789394190998468,0.0369292563251253,-0.1465334709976009
-36.42,0.8108919068365782,0.1701340599891021,0.03533497191602206,-0.1469756154386715
-36.36,0.8129640448431625,0.16130269195794436,0.03373543528883557,-0.14740042451219149
-36.3,0.8149400577932483,0.152446356997908,0.03213083482364911,-0.14780783624235863
-36.24000000000001,0.8168196475261909,0.14356610075774628,0.03052135962766774,-0.14819779069919145
-36.18000000000001,0.8186025272490384,0.13466297242041741,0.02890719951301297,-0.14857023000701777
-36.120000000000005,0.820288421578155,0.12573802457959024,0.027288544974422697,-0.14892509835272183
-36.06,0.821877066579508,0.11679231311564106,0.025665587166851182,-0.1492623419937499
-36.0,0.823368209807607,0.10782689707118788,0.024038517882977554,-0.14958190926587278
-35.94,0.8247616103430895,0.09884283852616405,0.02240752953062315,-0.14988375059070394
-35.88000000000001,0.8260570388289494,0.08984120247245057,0.0207728151100811,-0.1501678184829725
-35.82000000000001,0.8272542775054049,0.08082305668806855,0.01913456819135848,-0.1504340675575503
-35.760000000000005,0.8283531202433942,0.0717894716109788,0.017492982891339576,-0.1506824545362308
-35.7,0.8293533725767026,0.06274152021246086,0.01584825385086513,-0.15091293825426091
-35.64,0.8302548517327094,0.053680277870118115,0.014200576211736085,-0.15112547966662282
-35.58,0.8310573866617545,0.0446068222405116,0.012550145593642275,-0.15132004185406617
-35.52000000000001,0.8317608180651171,0.03552223313144127,0.010897158071019486,-0.151496590028889
-35.46000000000001,0.8323649984216057,0.02642759237387747,0.00924181014983528,-0.15165509154046714
-35.400000000000006,0.8328697920127499,0.017323983693589593,0.007584298744312201,-0.1517955158805307
-35.34,0.8332750749465971,0.008212492582444237,0.005924821153583317,-0.15191783468818748
-35.28,0.8335807351801056,-0.0009057938305797808,0.004263575038288684,-0.15202202175469165
-35.22,0.8337866725401303,-0.01002978690865669,0.002600758397113118,-0.15210805302795813
-35.16,0.8338927987430012,-0.019158396636642497,0.0009365695432685424,-0.15217590661682087
-35.10000000000001,0.8338990374126873,-0.028290531750849397,-0.0007287929190760156,-0.15222556279503507
-35.040000000000006,0.8338053240975464,-0.037425099869063325,-0.00239513011841624,-0.15225700400502232
-34.980000000000004,0.8336116062856547,-0.04656100762075677,-0.004062242939577623,-0.15227021486135822
-34.92,0.8333178434187164,-0.055697160777524984,-0.005729932047428684,-0.15226518215400195
-34.86,0.8329240069045488,-0.06483246438369722,-0.007397997910633789,-0.15224189485126693
-34.8,0.8324300801281408,-0.07396582288712053,-0.009066240825444976,-0.15220034410253258
-34.74000000000001,0.8318360584612823,-0.08309614027009654,-0.010734460939529272,-0.15214052324069605
-34.68000000000001,0.8311419492707649,-0.09222232018046818,-0.012402458275830962,-0.15206242778436396
-34.620000000000005,0.8303477719251479,-0.10134326606280843,-0.014070032756460083,-0.15196605543978356
-34.56,0.829453557800091,-0.110457881289739,-0.015736984226612176,-0.15185140610251277
-34.5,0.828459350282251,-0.11956506929333022,-0.017403112478510573,-0.1517184818588291
-34.44,0.8273652047717419,-0.1286637336965799,-0.019068217275370666,-0.15156728698687652
-34.38000000000001,0.8261711886831553,-0.13775277844495132,-0.020732098375382552,-0.15139782795755072
-34.32000000000001,0.8248773814451416,-0.1468311079379665,-0.022394555555711553,-0.15121011343512167
-34.260000000000005,0.8234838744985522,-0.1558976271608083,-0.024055388636507805,-0.15100415427759417
-34.2,0.8219907712931398,-0.164951241815957,-0.02571439750492999,-0.1507799635368053
-34.14,0.8203981872828159,-0.17399085845481468,-0.027371382139174318,-0.1505375564582591
-34.08,0.8187062499194687,-0.18301538460931363,-0.0290261426325084,-0.15027695048069803
-34.02000000000001,0.8169150986453376,-0.19202372892348898,-0.03067847921730621,-0.14999816523541173
-33.96000000000001,0.8150248848839445,-0.201014801285013,-0.032328192289083645,-0.14970122254528184
-33.900000000000006,0.8130357720295862,-0.2099875129566423,-0.03397508243052603,-0.14938614642356415
-33.84,0.8109479354353823,-0.21894077670760587,-0.03561895043551225,-0.1490529630724071
-33.78,0.808761562399884,-0.22787350694488537,-0.0372595973331272,-0.14870170088110693
-33.72,0.8064768521522406,-0.2367846198443852,-0.03889682441166147,-0.1483323904240998
-33.66,0.8040940158359283,-0.24567303348197392,-0.040530433242595455,-0.1479450644586902
-33.60000000000001,0.8016132764910406,-0.2545376679643797,-0.042160225704564326,-0.1475397579225173
-33.540000000000006,0.7990348690351374,-0.2633774455599361,-0.04378600400730347,-0.14711650793075665
-33.480000000000004,0.7963590402426654,-0.2721912908291311,-0.04540757071556561,-0.14667535377306093
-33.42,0.793586048722937,-0.2809781307549859,-0.04702472877301449,-0.14621633691023694
-33.36,0.790716164896682,-0.28973689487321574,-0.04863728152608643,-0.1457395009706605
-33.3,0.7877496709711641,-0.2984665154021699,-0.0502450327478193,-0.1452448917464293
-33.24000000000001,0.7846868609138729,-0.3071659273725312,-0.05184778666164505,-0.144732557189254
-33.18000000000001,0.7815280404247837,-0.3158340687567709,-0.05344534796514538,-0.1442025474060875
-33.120000000000005,0.7782735269072023,-0.3244698805983135,-0.05503752185376193,-0.14365491465449376
-33.06,0.7749236494371791,-0.33307230714043595,-0.05662411404446579,-0.1430897133377552
-33.0,0.7714787487315101,-0.3416402959548557,-0.0582049307993775,-0.14250699999972002
-32.94,0.7679391771143199,-0.3501727980700032,-0.059779778949337344,-0.14190683331938997
-32.88000000000001,0.7643052984822343,-0.3586687680989606,-0.061348465917422046,-0.14128927410524822
-32.82000000000001,0.7605774882681376,-0.3671271643670619,-0.0629107997424073,-0.1406543852893283
-32.760000000000005,0.7567561334035342,-0.37554694903910935,-0.06446658910216786,-0.14000223192102568
-32.7,0.7528416322794987,-0.3839270882462315,-0.06601564333701951,-0.13933288116065057
-32.64,0.7488343947062314,-0.3922665522123358,-0.06755777247299483,-0.13864640227272387
-32.58,0.7447348418712184,-0.400564315380154,-0.06909278724505176,-0.13794286661901684
-32.52000000000001,0.7405434062960032,-0.40881935653685975,-0.07062049912021198,-0.13722234765133484
-32.46000000000001,0.7362605317915663,-0.41703065893925617,-0.07214072032062767,-0.13648492090404543
-32.400000000000006,0.7318866734123332,-0.42519721043848635,-0.07365326384656916,-0.13573066398635336
-32.34,0.7274222974087953,-0.4333180036042944,-0.0751579434993375,-0.13495965657432052
-32.28,0.7228678811787645,-0.44139203584878833,-0.07665457390409386,-0.13417198040263387
-32.22,0.7182239132172584,-0.44941830954970485,-0.07814297053260488,-0.13336771925612112
-32.16,0.7134908930650236,-0.45739583217315677,-0.07962294972590145,-0.13254695896101518
-32.10000000000001,0.7086693312557032,-0.4653236163958469,-0.08109432871684703,-0.1317097873759688
-32.040000000000006,0.7037597492616486,-0.47320068022674555,-0.08255692565261528,-0.1308562943828187
-31.980000000000004,0.6987626794383951,-0.4810260471281864,-0.08401055961706923,-0.1299865718771032
-31.92,0.6936786649677863,-0.4887987461364057,-0.08545505065304544,-0.12910071375833057
-31.86,0.6885082597997726,-0.4965178119814807,-0.08689021978453616,-0.12819881592000204
-31.799999999999997,0.6832520285928774,-0.5041822852066633,-0.08831588903876808,-0.127280976239389
-31.74000000000001,0.6779105466533447,-0.511791212287092,-0.08973188146817464,-0.1263472945670663
-31.680000000000007,0.6724843998729667,-0.5193436457478772,-0.09113802117226116,-0.1253978727162013
-31.620000000000005,0.6669741846656122,-0.5268386442815185,-0.09253413331935519,-0.12443281445160259
-31.560000000000002,0.6613805079024431,-0.5342752728646759,-0.0939200441682456,-0.12345222547852638
-31.5,0.6557039868458421,-0.5416526028742528,-0.09529558108970354,-0.12245621343124347
-31.439999999999998,0.6499452490820505,-0.5489697122027881,-0.09666057258788383,-0.12144488786136794
-31.38000000000001,0.6441049324525282,-0.5562256853731393,-0.09801484832160395,-0.12041836022594876
-31.320000000000007,0.6381836849840328,-0.5634196136524515,-0.09935823912549985,-0.11937674387532403
-31.260000000000005,0.6321821648174469,-0.5705505951653752,-0.10069057703105098,-0.11832015404074303
-31.200000000000003,0.6261010401353355,-0.5776177350065499,-0.10201169528747867,-0.11724870782175274
-31.14,0.6199409890882583,-0.5846201453523164,-0.10332142838250993,-0.11616252417335315
-31.08,0.6137026997198403,-0.5915569455716527,-0.10461961206300681,-0.11506172389292207
-31.02000000000001,0.6073868698906092,-0.598427262336317,-0.1059060833554573,-0.11394642960691082
-30.960000000000008,0.6009942072006014,-0.6052302297301946,-0.10718068058632761,-0.11281676575731106
-30.900000000000006,0.594525428910765,-0.6119649893578073,-0.10844324340226859,-0.11167285858789788
-30.840000000000003,0.5879812618631396,-0.6186306904520101,-0.1096936127901797,-0.11051483613024544
-30.78,0.5813624423998457,-0.6252264899808319,-0.11093163109712376,-0.10934282818952097
-30.72,0.5746697162808801,-0.6317515527534586,-0.11215714205009153,-0.10815696633005652
-30.659999999999997,0.567903838600732,-0.638205051525346,-0.1133699907756136,-0.10695738386070089
-30.60000000000001,0.561065573703827,-0.6445861671024437,-0.11457002381921676,-0.10574421581995343
-30.540000000000006,0.5541556950988022,-0.6508940884445281,-0.1157570891647239,-0.1045175989608793
-30.480000000000004,0.5471749853716414,-0.6571280127676107,-0.11693103625339121,-0.10327767173581273
-30.42,0.5401242360976545,-0.6632871456454349,-0.11809171600288569,-0.10202457428084402
-30.36,0.5330042477523279,-0.6693707011100299,-0.11923898082609623,-0.10075844840009587
-30.299999999999997,0.5258158296210517,-0.6753779017513156,-0.12037268464977788,-0.09947943754978994
-30.24000000000001,0.5185597997077337,-0.6813079788157433,-0.12149268293302633,-0.09818768682210521
-30.180000000000007,0.511236984642303,-0.68716017230397,-0.12259883268558161,-0.09688334292882851
-30.120000000000005,0.5038482195871365,-0.6929337310675303,-0.1236909924859551,-0.09556655418480353
-30.060000000000002,0.4963943481423862,-0.698627912904525,-0.12476902249938272,-0.09423747049117415
-30.0,0.48887622225024313,-0.7042419846542882,-0.12583278449559804,-0.09289624331842825
-29.939999999999998,0.48129470209813957,-0.7097752222910355,-0.12688214186642455,-0.09154302568924266
-29.88000000000001,0.4736506560209017,-0.7152269110164745,-0.1279169596431846,-0.09017797216113106
-29.820000000000007,0.46594496040185457,-0.7205963453513738,-0.12893710451392418,-0.08880123880889536
-29.760000000000005,0.4581784995729181,-0.7258828292260625,-0.1299424448404474,-0.08741298320688741
-29.700000000000003,0.45035216571366793,-0.7310856760698703,-0.13093285067516397,-0.08601336441107613
-29.64,0.44246685874939984,-0.7362042088994813,-0.1319081937777434,-0.08460254294092748
-29.58,0.43452348624819953,-0.7412377604061952,-0.1328683476315755,-0.08318068076109697
-29.52000000000001,0.4265229633170329,-0.7461856730420833,-0.13381318746003432,-0.08174794126293765
-29.460000000000008,0.41846621249685567,-0.7510472991050368,-0.13474259024254528,-0.08030448924582366
-29.400000000000006,0.41035416365678523,-0.7558220008226748,-0.13565643473044978,-0.07885049089829636
-29.340000000000003,0.402187753887307,-0.7605091504351302,-0.13655460146266954,-0.07738611377902868
-29.28,0.3939679273925565,-0.7651081302766802,-0.13743697278116584,-0.07591152679761463
-29.22,0.3856956353816789,-0.7696183328562209,-0.13830343284619265,-0.07442690019518443
-29.159999999999997,0.37737183595927837,-0.7740391609365744,-0.13915386765134122,-0.07293240552484764
-29.10000000000001,0.36899749401497417,-0.778370027612614,-0.13998816503837494,-0.07142821563196682
-29.040000000000006,0.36057358111206256,-0.7826103563882093,-0.14080621471185237,-0.06991450463426208
-28.980000000000004,0.35210107537532764,-0.7867595812519594,-0.141607908253535,-0.06839144790175379
-28.92,0.34358096137797445,-0.7908171467517295,-0.14239313913658072,-0.06685922203653914
-28.86,0.33501423002772657,-0.7947825080679638,-0.1431618027395189,-0.06531800485240954
-28.799999999999997,0.32640187845209045,-0.7986551310857716,-0.14391379636000595,-0.0637679753543097
-28.74000000000001,0.31774490988280213,-0.8024344924657756,-0.14464901922835968,-0.062209313717641025
-28.680000000000007,0.30904433353945965,-0.806120079713718,-0.14536737252087142,-0.060642201267409775
-28.620000000000005,0.30030116451238253,-0.8097113912488026,-0.1460687593728915,-0.059066820457227776
-28.560000000000002,0.2915164236446735,-0.81320793647078,-0.1467530848916902,-0.057483354848160764
-28.5,0.28269113741352503,-0.8166092358257566,-0.14742025616908955,-0.05589198908743239
-28.439999999999998,0.27382633781077304,-0.8199148208707212,-0.14807018229386548,-0.05429290888698397
-28.38000000000001,0.26492306222271556,-0.8231242343367808,-0.1487027743639184,-0.05268630100189344
-28.320000000000007,0.2559823533091976,-0.8262370301911007,-0.1493179454982115,-0.05107235320865355
-28.260000000000005,0.24700525888200767,-0.8292527736975301,-0.14991561084847274,-0.049451254283317515
-28.200000000000003,0.23799283178255806,-0.8321710414759188,-0.15049568761066226,-0.0478231939795073
-28.14,0.22894612975889544,-0.8349914215601092,-0.15105809503620155,-0.0461883630062924
-28.08,0.21986621534204182,-0.8377135134545948,-0.15160275444296303,-0.04454695300593969
-28.02000000000001,0.2107541557216862,-0.8403369281898414,-0.15212958922601938,-0.04289915653153765
-27.960000000000008,0.20161102262122754,-0.8428612883762644,-0.1526385248681508,-0.04124516702449513
-27.900000000000006,0.19243789217221596,-0.8452862282568465,-0.15312948895010803,-0.039585178791923234
-27.840000000000003,0.18323584478816407,-0.8476113937584003,-0.15360241116063134,-0.037919386983895104
-27.78,0.17400596503777568,-0.849836442541461,-0.15405722330622265,-0.03624798757059205
-27.72,0.1647493415175928,-0.8519610440488031,-0.15449385932067028,-0.03457117731933651
-27.659999999999997,0.15546706672407892,-0.8539848795525792,-0.1549122552743247,-0.03288915377151473
-27.60000000000001,0.14616023692515573,-0.8559076422000667,-0.15531234938312405,-0.031202115219392385
-27.540000000000006,0.13682995203119439,-0.857729037058024,-0.1556940820173685,-0.029510260682823378
-27.480000000000004,0.12747731546551,-0.8594487811556435,-0.15605739571024155,-0.02781378988586064
-27.42,0.11810343403433073,-0.8610666035260999,-0.1564022351660777,-0.026112903233263526
-27.36,0.10870941779628913,-0.8625822452466846,-0.1567285472683754,-0.02440780178691064
-27.299999999999997,0.09929637993143849,-0.8639954594775245,-0.1570362810875535,-0.02269868724211852
-27.24000000000001,0.08986543660981329,-0.8653060114988733,-0.15732538788845057,-0.020985761903869637
-27.180000000000007,0.08041770685953684,-0.8665136787469789,-0.15759582113756662,-0.019269228662950142
-27.120000000000005,0.07095431243452406,-0.8676182508485106,-0.15784753651004432,-0.017549290972006245
-27.060000000000002,0.06147637768175114,-0.8686195296535525,-0.15808049189639092,-0.0158261528215139
-27.0,0.051985029408140655,-0.8695173292671492,-0.15829464740893873,-0.014100018715670735
-26.939999999999998,0.042481396747064984,-0.870311476079405,-0.158489965388043,-0.012371093648210641
-26.88000000000001,0.032966611024487634,-0.8710018087941271,-0.15866641040801707,-0.010639583078144632
-26.820000000000007,0.02344180562474545,-0.8715881784560147,-0.1588239492828036,-0.008905692905428439
-26.760000000000005,0.013908115856020715,-0.8720704484763818,-0.15896255107138044,-0.007169629446565849
-26.700000000000003,0.0043666788154745565,-0.8724484946574182,-0.15908218708290137,-0.005431599410142369
-26.64,-0.005181366745908852,-0.8727222052149785,-0.15918283088157026,-0.0036918098722984716
-26.58,-0.01473488055876497,-0.8728914807998968,-0.15926445829124788,-0.0019504682521426268
-26.52000000000001,-0.024292720971057585,-0.872956234517828,-0.15932704739979095,-0.0002077822871079828
-26.460000000000008,-0.033853745084050826,-0.8729163919476046,-0.15937057856312253,0.0015360399917468642
-26.400000000000006,-0.04341680888849518,-0.8727718911581132,-0.15939503440903316,0.0032807902844839486
-26.340000000000003,-0.052980767401055805,-0.872522682723683,-0.15940039984071205,0.00502626004708414
-26.28,-0.06254447480093338,-0.8721687297379863,-0.1593866620400078,0.006772240516288366
-26.22,-0.0721067845666747,-0.8717100078264455,-0.15935381047041822,0.008518522734481348
-26.159999999999997,-0.08166654961315453,-0.8711465051571482,-0.15930183687980823,0.010264897574614516
-26.10000000000001,-0.09122262242871011,-0.8704782224502636,-0.1592307353028561,0.012011155765164757
-26.040000000000006,-0.1007738552124256,-0.869705172985962,-0.15914050206322675,0.013757087915128363
-25.980000000000004,-0.11031910001151601,-0.8688273826108327,-0.1590311357754722,0.015502484539041225
-25.92,-0.11985720885883981,-0.8678448897428006,-0.15890263734665888,0.017247136082030337
-25.86,-0.12938703391048928,-0.8667577453745386,-0.1587550099777207,0.01899083294488761
-25.799999999999997,-0.1389074275834565,-0.8655660130753746,-0.1585882591645386,0.020733365509165352
-25.74000000000001,-0.14841724269335344,-0.8642697689916928,-0.15840239269874506,0.022474524162289688
-25.680000000000007,-0.15791533259218304,-0.8628691018458271,-0.15819742066825448,0.02421409932269129
-25.620000000000005,-0.16740055130611217,-0.8613641129334472,-0.15797335545751848,0.02595188146494439
-25.560000000000002,-0.17687175367327318,-0.8597549161194357,-0.15773021174750593,0.027687661144919114
-25.5,-0.1863277954815453,-0.8580416378322543,-0.1574680065154079,0.029421229024938135
-25.439999999999998,-0.19576753360631252,-0.8562244170568036,-0.1571867590340671,0.031152375898936966
-25.38000000000001,-0.20518982614817619,-0.8543034053257706,-0.15688649087113185,0.03288089271762418
-25.320000000000007,-0.2145935325706199,-0.8522787667094666,-0.1565672258879341,0.03460657061364081
-25.260000000000005,-0.22397751383757697,-0.8501506778041586,-0.15622899023809242,0.03632920092671006
-25.200000000000003,-0.23334063255092735,-0.8479193277188892,-0.15587181236583897,0.03804857522878218
-25.14,-0.24268175308787543,-0.8455849180607883,-0.15549572300407055,0.039764485349165574
-25.08,-0.2519997417382043,-0.8431476629188789,-0.15510075517212474,0.04147672339964346
-25.02000000000001,-0.2612934668413866,-0.8406077888463759,-0.15468694417328013,0.043185081799572325
-24.960000000000008,-0.27056179892354787,-0.8379655348414766,-0.15425432759198088,0.04488935330096148
-24.900000000000006,-0.279803610834233,-0.8352211523266538,-0.153802945290787,0.04658933101352478
-24.840000000000003,-0.28901777788300376,-0.8323749051264397,-0.15333283940704887,0.04828480842970939
-24.78,-0.29820317797581736,-0.8294270694437129,-0.15284405434930698,0.04997557944969268
-24.72,-0.3073586917511829,-0.8263779338344849,-0.15233663679341763,0.051661438406346565
-24.659999999999997,-0.3164832027160774,-0.8232277991811912,-0.15181063567840386,0.053342180090165926
-24.60000000000001,-0.3255755973816021,-0.819976978664487,-0.15126610220203301,0.05501759977415767
-24.540000000000006,-0.3346347653983764,-0.8166257977335482,-0.1507030898161196,0.05668749323868975
-24.480000000000004,-0.34365959969161997,-0.8131745940748901,-0.1501216542215569,0.05835165679629139
-24.42,-0.3526489965959503,-0.8096237175796914,-0.14952185336307386,0.06000988731640911
-24.36,-0.3616018559898463,-0.805973530309639,-0.14890374742372092,0.06166198225011004
-24.299999999999997,-0.37051708142977585,-0.8022244064612906,-0.14826739881908343,0.06330773965473142
-24.24000000000001,-0.37939358028396497,-0.7983767323289613,-0.1476128721912243,0.06494695821847297
-24.180000000000007,-0.3882302638658064,-0.7944309062661328,-0.14694023440235474,0.0665794372849311
-24.120000000000005,-0.39702604756685955,-0.7903873386453992,-0.14624955452823676,0.06820497687756646
-24.060000000000002,-0.4057798509894675,-0.7862464518169405,-0.14554090385131446,0.0698233777241094
-24.0,-0.414490598078942,-0.7820086800655356,-0.1448143558535771,0.07143444128089466
-23.939999999999998,-0.42315721725531646,-0.7776744695661189,-0.14406998620915387,0.07303796975712465
-23.88000000000001,-0.43177864154464307,-0.7732442783378825,-0.1433078727766415,0.07463376613905752
-23.820000000000007,-0.440353808709832,-0.7687185761969254,-0.14252809559116397,0.07622163421411954
-23.760000000000005,-0.44888166138098623,-0.7640978447074681,-0.14173073685616838,0.07780137859493287
-23.700000000000003,-0.45736114718525595,-0.7593825771316179,-0.14091588093495358,0.07937280474326362
-23.64,-0.4657912188761674,-0.7545732783777052,-0.1400836143419355,0.08093571899388155
-23.58,-0.4741708344624209,-0.7496704649471895,-0.13923402573364912,0.08248992857833065
-23.52000000000001,-0.4824989573361397,-0.7446746648801436,-0.13836720589948764,0.08403524164860694
-23.460000000000008,-0.4907745564005644,-0.7395864176993133,-0.13748324775217974,0.08557146730074315
-23.400000000000006,-0.4989966061971503,-0.7344062743527777,-0.13658224631800753,0.08709841559829132
-23.340000000000003,-0.5071640870320873,-0.7291347971551915,-0.1356642987267635,0.08861589759570813
-23.28,-0.5152759851022013,-0.7237725597276318,-0.13472950420144966,0.09012372536163481
-23.22,-0.5233312926202314,-0.7183201469360528,-0.13377796404771905,0.09162171200207023
-23.159999999999997,-0.5313290079394657,-0.7127781548283508,-0.13280978164306084,0.09310967168343484
-23.10000000000001,-0.5392681356777187,-0.7071471905700517,-0.13182506242573055,0.09458741965552168
-23.040000000000006,-0.5471476868406464,-0.7014278723786173,-0.13082391388342487,0.09605477227433393
-22.980000000000004,-0.5549666789443555,-0.6956208294563985,-0.129806445541706,0.0975115470248008
-22.92,-0.5627241361373287,-0.6897267019222165,-0.12877276895217207,0.09895756254337644
-22.86,-0.5704190893216251,-0.683746140741597,-0.1277229976803783,0.10039263864051312
-22.799999999999997,-0.5780505762733477,-0.6776798076556597,-0.12665724729350852,0.10181659632300857
-22.74000000000001,-0.5856176417623637,-0.671528375108672,-0.12557563534779992,0.10322925781622375
-22.680000000000007,-0.593119337671272,-0.6652925261742655,-0.12447828137571904,0.10463044658617046
-22.620000000000005,-0.6005547231135748,-0.6589729544803469,-0.1233653068728962,0.10601998736146097
-22.560000000000002,-0.6079228645510765,-0.652570364132681,-0.12223683528481313,0.10739770615512352
-22.5,-0.6152228359104677,-0.6460854696371765,-0.12109299199324997,0.10876343028627639
-22.439999999999998,-0.6224537186990906,-0.6395189958208732,-0.11993390430249103,0.1101169884016592
-22.38000000000001,-0.6296146021198678,-0.632871677751645,-0.1187597014252919,0.1114582104970189
-22.320000000000007,-0.6367045831853898,-0.6261442606566139,-0.11757051446860717,0.11278692793834885
-22.260000000000005,-0.6437227668311238,-0.619337499839313,-0.11636647641908494,0.1141029734829744
-22.200000000000003,-0.65066826602776,-0.6124521605955698,-0.11514772212832396,0.11540618130048813
-22.14,-0.6575402018926593,-0.605489018128149,-0.11391438829789911,0.11669638699352754
-22.08,-0.6643377038003969,-0.5984488574601493,-0.11266661346415553,0.1179734276183947
-22.02000000000001,-0.6710599094923848,-0.5913324733471715,-0.11140453798277314,0.11923714170551433
-21.960000000000008,-0.6777059651855699,-0.5841406701882543,-0.110128304013102,0.12048736927972986
-21.900000000000006,-0.6842750256801682,-0.5768742619356146,-0.10883805550227435,0.12172395188043017
-21.840000000000003,-0.6907662544664569,-0.5695340720031686,-0.10753393816908911,0.12294673258151087
-21.78,-0.6971788238305832,-0.5621209331738682,-0.10621609948767564,0.12415555601116252
-21.72,-0.703511914959388,-0.5546356875058545,-0.10488468867093584,0.12535026837148572
-21.659999999999997,-0.7097647180442314,-0.5470791862374386,-0.10353985665376768,0.12653071745793013
-21.60000000000001,-0.7159364323838012,-0.5394522896909242,-0.10218175607607177,0.12769675267855424
-21.540000000000006,-0.7220262664859038,-0.53175586717527,-0.10081054126554116,0.12884822507310587
-21.480000000000004,-0.728033438168202,-0.5239907968876324,-0.09942636822024105,0.1299849873319164
-21.42,-0.7339571746579142,-0.5161579658137594,-0.09802939459097397,0.13110689381461194
-21.36,-0.739796712690444,-0.5082582696272799,-0.09661977966343718,0.13221380056863483
-21.299999999999997,-0.745551298606933,-0.5002926125878829,-0.09519768434017246,0.1333055653475751
-21.24000000000001,-0.7512201884507229,-0.49226190743840514,-0.0937632711223109,0.13438204762930886
-21.180000000000007,-0.7568026480627247,-0.48416707530082764,-0.09231670409111267,0.1354431086339428
-21.120000000000005,-0.7622979531756582,-0.4760090455712197,-0.0908581488893091,0.13648861134155857
-21.060000000000002,-0.7677053895071817,-0.4677887558136053,-0.0893877727022423,0.13751842050976046
-21.0,-0.773024252851877,-0.45950715165279243,-0.0879057442388094,0.1385324026910195
-20.939999999999998,-0.778253849172085,-0.45116518666616573,-0.08641223371221195,0.1395304262498141
-20.88000000000001,-0.7833934946875811,-0.4427638222744592,-0.08490741282051273,0.14051236137956394
-20.820000000000007,-0.7884425159640838,-0.43430402763150855,-0.08339145472700067,0.14147808011935667
-20.760000000000005,-0.7934002500005669,-0.42578677951302685,-0.08186453404037113,0.14242745637046186
-20.700000000000003,-0.7982660443153894,-0.4172130622043754,-0.08032682679471662,0.14336036591263432
-20.64,-0.8030392570312137,-0.40858386738737307,-0.07877851042933573,0.14427668642020175
-20.58,-0.8077192569587073,-0.3999001940261443,-0.0772197637683605,0.1451762974779356
-20.52000000000001,-0.8123054236790163,-0.39116304825202447,-0.07565076700020497,0.1460590805967029
-20.460000000000008,-0.816797147625005,-0.3823734432475214,-0.07407170165683545,0.14692491922889844
-20.400000000000006,-0.821193830161238,-0.37353239912937863,-0.07248275059287004,0.14777369878365168
-20.340000000000003,-0.8254948836627102,-0.3646409428307129,-0.07088409796450271,0.1486053066418109
-20.28,-0.829699731592305,-0.35570010798226903,-0.06927592920825976,0.14941963217069998
-20.22,-0.8338078085769727,-0.34671093479279397,-0.0676584310195888,0.150216566738646
-20.159999999999997,-0.837818560482619,-0.3376744699285476,-0.06603179133128326,0.15099600372927685
-20.10000000000001,-0.8417314444876937,-0.3285917663919624,-0.06439619929174527,0.151757838555586
-20.040000000000006,-0.8455459291554742,-0.319463883399458,-0.0627518452430868,0.15250196867376353
-19.980000000000004,-0.849261494505023,-0.3102918862584524,-0.06109892069907789,0.1532282935967901
-19.92,-0.8528776320808239,-0.30107684624354425,-0.05943761832293631,0.1539367149077939
-19.86,-0.8563938450210793,-0.29181984047191184,-0.05776813190496735,0.15462713627316785
-19.799999999999997,-0.8598096481246593,-0.2825219517779295,-0.05609065634005376,0.15529946345544518
-19.74000000000001,-0.8631245679166982,-0.2731842685870208,-0.054405387604999404,0.1559536043259319
-19.680000000000007,-0.8663381427128283,-0.263807884788751,-0.052712522735726706,0.15658946887709552
-19.620000000000005,-0.8694499226820356,-0.2543938996092051,-0.05101225980433664,0.15720696923470556
-19.560000000000002,-0.8724594699081414,-0.2449434174826224,-0.04930479789602596,0.15780601966972807
-19.5,-0.8753663584498916,-0.23545754792233686,-0.04759033708587012,0.1583865366099692
-19.439999999999998,-0.8781701743996497,-0.22593740539102325,-0.04586907841547248,0.15894843865146854
-19.38000000000001,-0.880870515940684,-0.21638410917027018,-0.04414122386948309,0.1594916465696391
-19.320000000000007,-0.8834669934030446,-0.20679878322948053,-0.04240697635198741,0.16001608333015416
-19.260000000000005,-0.8859592293180153,-0.19718255609414959,-0.04066653966277393,0.16052167409957707
-19.200000000000003,-0.8883468584711428,-0.18753656071348973,-0.038920118473475145,0.16100834625573543
-19.14,-0.8906295279538278,-0.17786193432745231,-0.037167918303590834,0.1614760293978361
-19.08,-0.8928068972134748,-0.16815981833314778,-0.03541014549639403,0.16192465535632045
-19.02000000000001,-0.894878638102193,-0.15843135815068488,-0.03364700719472337,0.16235415820245866
-18.960000000000008,-0.8968444349240418,-0.14867770308843042,-0.03187871131666192,0.16276447425768154
-18.900000000000006,-0.8987039844808119,-0.13890000620774015,-0.03010546653111194,0.16315554210264813
-18.840000000000003,-0.9004569961163393,-0.1290994241871304,-0.028327482233259666,0.16352730258604875
-18.78,-0.9021031917593451,-0.11927711718594097,-0.026544968519939694,0.16387969883314188
-18.72,-0.9036423059647903,-0.10943424870749167,-0.024758136164899,0.16421267625402305
-18.66000000000001,-0.9050740859537487,-0.09957198546175326,-0.022967196593964553,0.1645261825516257
-18.60000000000001,-0.9063982916517831,-0.08969149722753429,-0.0211723618601147,0.16482016772945215
-18.540000000000006,-0.907614695725824,-0.0797939567142359,-0.019373844618463802,0.16509458409903333
-18.480000000000004,-0.9087230836195449,-0.069880539423144,-0.01757185810115451,0.16534938628711726
-18.42,-0.9097232535872302,-0.05995242350830924,-0.015766616092166928,0.16558453124258418
-18.36,-0.9106150167261258,-0.05001078963701905,-0.013958332902045168,0.16579997824308787
-18.299999999999997,-0.911398197007274,-0.040056820849878376,-0.012147223342544682,0.16599568890142205
-18.24000000000001,-0.9120726313048225,-0.03009170242051988,-0.010333502701203737,0.1661716271716109
-18.180000000000007,-0.9126381694238086,-0.02011662171494459,-0.008517386715839535,0.16632775935472313
-18.120000000000005,-0.913094674126407,-0.010132768050546252,-0.006699091548978378,0.16646405410440773
-18.060000000000002,-0.9134420211566444,-0.00014133255478761925,-0.004878833762214324,0.166580482432152
-18.0,-0.913680099263573,0.009856491976418044,-0.003056830290505772,0.16667701771226
-17.939999999999998,-0.9138088102228994,0.01985951122061839,-0.0012332984164105376,0.16675363568655074
-17.88000000000001,-0.9138280688570665,0.02986652947100449,0.0005915442557368127,0.16681031446877612
-17.820000000000007,-0.913737803053783,0.039876349778861675,0.0024174798257047803,0.16684703454875682
-17.760000000000005,-0.9135379537830012,0.0498877740962365,0.004244290123292389,0.16686377879623632
-17.700000000000003,-0.9132284751123344,0.059899603418850214,0.006071756734309909,0.16686053246445204
-17.64,-0.9128093342209169,0.06991063792920608,0.007899661026603211,0.16683728319342306
-17.58,-0.9122805114116994,0.07991967713988765,0.009727784176121253,0.1667940210129539
-17.52000000000001,-0.9116420001221802,0.08992552003702671,0.01155590719302278,0.16673073834535362
-17.460000000000008,-0.9108938069335678,0.09992696522393739,0.013383810947821746,0.16664743000786997
-17.400000000000006,-0.9100359515783755,0.10992281106486415,0.01521127619756175,0.16654409321483804
-17.340000000000003,-0.9090684669464423,0.11991185582887383,0.017038083612025124,0.16642072757954293
-17.28,-0.9079913990893829,0.129892897833839,0.01886401379996709,0.16627733511579604
-17.22,-0.9068048072234608,0.13986473559050971,0.020688847335374298,0.16611392023922458
-17.16000000000001,-0.9055087637308867,0.14982616794665143,0.02251236478374386,0.1659304897682742
-17.10000000000001,-0.9041033541595379,0.15977599423124675,0.02433434672838247,0.16572705292492387
-17.040000000000006,-0.9025886772211024,0.16971301439870712,0.026154573796715586,0.1655036213351135
-16.980000000000004,-0.9009648447876402,0.17963602917312596,0.02797282668661266,0.16526020902888366
-16.92,-0.8992319818865677,0.1895438401925191,0.029788886192718397,0.16499683244022678
-16.86,-0.8973902266940617,0.19943525015305028,0.031602533232789755,0.16471351040665058
-16.799999999999997,-0.8954397305268804,0.2093090629532217,0.03341354887403484,0.16441026416845303
-16.74000000000001,-0.8933806578326093,0.21916408383801023,0.035221714359450436,0.1640871173677087
-16.680000000000007,-0.8912131861783198,0.22899911954294566,0.037026811134157234,0.16374409604696633
-16.620000000000005,-0.8889375062376559,0.238812978438079,0.038828620871723486,0.16338122864765867
-16.560000000000002,-0.8865538217763355,0.24860447067186964,0.04062692550048219,0.1629985460082229
-16.5,-0.8840623496360762,0.25837240831494,0.042421507229832574,0.16259608136193288
-16.439999999999998,-0.8814633197169426,0.26811560550369323,0.04421214857652493,0.16217387033444297
-16.38000000000001,-0.8787569749581174,0.2778328785837732,0.04599863239092501,0.16173195094104373
-16.320000000000007,-0.875943571317095,0.28752304625336167,0.047780741883257316,0.16127036358362845
-16.260000000000005,-0.873023377747307,0.29718492970626337,0.04955826064981769,0.16078915104737332
-16.200000000000003,-0.8699966761741699,0.3068173527748045,0.05133097269916073,0.16028835849712844
-16.14,-0.8668637614695649,0.31641914207249605,0.05309866247825215,0.15976803347352178
-16.08,-0.8636249414247504,0.32598912713645606,0.05486111489858589,0.15922822588877591
-16.02000000000001,-0.8602805367217077,0.3355261405695705,0.05661811536226167,0.15866898802223775
-15.960000000000008,-0.8568308809029205,0.34502901818238835,0.058369449788022526,0.15809037451562136
-15.900000000000006,-0.8532763203396014,0.3544965991347005,0.06011490463724278,0.1574924423679656
-15.840000000000003,-0.8496172141983521,0.3639277260768295,0.06185426693987177,0.1568752509303047
-15.780000000000001,-0.8458539344062724,0.3733212452905802,0.06358732432032389,0.15623886190005426
-15.719999999999999,-0.8419868656145175,0.38267600682984715,0.0653138650233142,0.15558333931511234
-15.66000000000001,-0.8380164051603071,0.39199086466085714,0.06703367793963595,0.15490874954767622
-15.600000000000009,-0.8339429630273845,0.4012646768020434,0.06874655263187891,0.15421516129777477
-15.540000000000006,-0.8297669618049459,0.4104963054635011,0.07045227936007967,0.15350264558651922
-15.480000000000004,-0.8254888366450204,0.41968461718605177,0.0721506491073087,0.15277127574906976
-15.420000000000002,-0.8211090352183242,0.4288284829798659,0.07384145360518508,0.1520211274273212
-15.36,-0.8166280176685838,0.4379267784626404,0.07552448535931809,0.15125227856230714
-15.299999999999997,-0.8120462565653348,0.44697838399731205,0.07719953767467229,0.15046480938632373
-15.240000000000009,-0.8073642368552029,0.45598218482928826,0.07886640468085265,0.1496588024147743
-15.180000000000007,-0.8025824558116651,0.4649370712231898,0.08052488135730884,0.14883434243773358
-15.120000000000005,-0.7977014229833109,0.47384193859905865,0.08217476355844971,0.14799151651123627
-15.060000000000002,-0.7927216601405899,0.4826956876680559,0.0838158480386732,0.14713041394828633
-15.0,-0.787643701221064,0.4914972245676006,0.08544793247730174,0.14625112630959097
-14.939999999999998,-0.782468092273167,0.5002454609959478,0.0870708155034238,0.14535374739401913
-14.88000000000001,-0.7771953913984768,0.5089393143461827,0.08868429672063652,0.14443837322878586
-14.820000000000007,-0.7718261686925003,0.5175777078396284,0.09028817673168944,0.14350510205936223
-14.760000000000005,-0.7663610061839947,0.5261595706586193,0.09188225716302036,0.14255403433911495
-14.700000000000003,-0.7608004977728079,0.5346838380786658,0.0934663406891879,0.14158527271867286
-14.64,-0.7551452491662625,0.543149451599962,0.09504023105719214,0.140598922035024
-14.579999999999998,-0.7493958778140825,0.5515553590782329,0.09660373311068264,0.13959508930034367
-14.52000000000001,-0.743553012841872,0.5599005148549031,0.09815665281404995,0.13857388369055487
-14.460000000000008,-0.7376172949831455,0.5681838798865785,0.09969879727640009,0.13753541653362067
-14.400000000000006,-0.7315893765099378,0.5764044218737995,0.1012299747754035,0.13647980129757384
-14.340000000000003,-0.7254699211619712,0.584561115389087,0.10274999478102262,0.13540715357827976
-14.280000000000001,-0.7192596040744114,0.5926529420042377,0.10425866797910988,0.13431759108693772
-14.219999999999999,-0.7129591117042091,0.6006788904168612,0.10575580629487563,0.13321123363732038
-14.16000000000001,-0.7065691417550396,0.6086379565761443,0.10724122291622175,0.13208820313275346
-14.100000000000009,-0.7000904031008385,0.6165291438078341,0.10871473231694076,0.13094862355283524
-14.040000000000006,-0.6935236157079647,0.6243514629383983,0.11017615027977208,0.12979262093990135
-13.980000000000004,-0.6868695105559698,0.6321039324183849,0.11162529391931951,0.1286203233852311
-13.920000000000002,-0.6801288295570034,0.6397855784449359,0.11306198170482201,0.12743186101500079
-13.86,-0.6733023254738558,0.6473954350834542,0.1144860334827769,0.12622736597598358
-13.799999999999997,-0.6663907618366476,0.654932544388404,0.11589727049941256,0.1250069724209985
-13.740000000000009,-0.6593949128581768,0.6623959565232285,0.11729551542300704,0.12377081649410962
-13.680000000000007,-0.6523155633479242,0.6697847298793821,0.11868059236605252,0.12251903631557584
-13.620000000000005,-0.6451535086247487,0.6770979311944333,0.12005232690725709,0.12125177196655704
-13.560000000000002,-0.6379095544282525,0.684334635669261,0.12141054611338838,0.11996916547357259
-13.5,-0.6305845168288471,0.6914939270843026,0.12275507856095091,0.11867136079271819
-13.439999999999998,-0.6231792221365239,0.6985748979148476,0.12408575435769695,0.11735850379364098
-13.38000000000001,-0.6156945068083395,0.7055766494453641,0.12540240516396672,0.1160307422432755
-13.320000000000007,-0.6081312173546172,0.7124982918828475,0.12670486421385813,0.11468822578934024
-13.260000000000005,-0.6004902102439018,0.7193389444691568,0.12799296633621807,0.11333110594360132
-13.200000000000003,-0.5927723518066427,0.7260977355923568,0.12926654797545897,0.11195953606489899
-13.14,-0.5849785181376405,0.7327738028970249,0.13052544721219358,0.11057367134194336
-13.079999999999998,-0.5771095949972616,0.7393662933935222,0.13176950378368701,0.10917366877587972
-13.02000000000001,-0.569166477711432,0.7458743635662092,0.13299855910412295,0.10775968716262564
-12.960000000000008,-0.5611500710704106,0.7522971794806022,0.1342124562846832,0.10633188707497994
-12.900000000000006,-0.5530612892263834,0.7586339168894348,0.13541104015343375,0.10489043084451083
-12.840000000000003,-0.5449010555898517,0.7648837613376422,0.13659415727502072,0.10343548254321824
-12.780000000000001,-0.5366703027248519,0.7710459082662283,0.1377616559701691,0.10196720796497742
-12.719999999999999,-0.5283699722430123,0.7771195631150176,0.13891338633498368,0.10048577460676403
-12.66000000000001,-0.5200010146964569,0.7831039414242704,0.1400492002600494,0.09899135164966363
-12.600000000000009,-0.5115643894695613,0.7889982689351598,0.14116895144933003,0.09748410993966514
-12.540000000000006,-0.5030610646696005,0.7948017816890761,0.14227249543885867,0.09596422196824617
-12.480000000000004,-0.4944920170162604,0.8005137261257748,0.1433596896152235,0.09443186185274527
-12.420000000000002,-0.48585823173005765,0.8061333591803317,0.14443039323384194,0.09288720531652835
-12.36,-0.47716070241966707,0.811659948378905,0.14548446743702287,0.0913304296689498
-12.299999999999997,-0.4684004309681714,0.8170927719332882,0.14652177527181398,0.08976171378511055
-12.240000000000009,-0.45957842741824884,0.8224311188342418,0.14754218170763211,0.08818123808541599
-12.180000000000007,-0.4506957098562998,0.8276742889435978,0.1485455536536755,0.08658918451493385
-12.120000000000005,-0.4417533042955551,0.8328215930851076,0.14953175997611207,0.08498573652255961
-12.060000000000002,-0.43275224455813965,0.8378723531340476,0.1505006715150467,0.08337107903998511
-12.0,-0.42369357215613485,0.8428259021055494,0.15145216110126133,0.0817453984604773
-11.939999999999998,-0.4145783361716415,0.8476815842416531,0.1523861035727273,0.08010888261746836
-11.88000000000001,-0.40540759313586106,0.8524387550970687,0.15330237579088735,0.07846172076295971
-11.820000000000007,-0.3961824069071957,0.8570967816236434,0.1542008566567066,0.0768041035457404
-11.760000000000005,-0.38690384854841486,0.8616550422535031,0.15508142712648695,0.07513622298942783
-11.700000000000003,-0.3775729962028573,0.8661129269808835,0.15594397022744735,0.0734582724703262
-11.64,-0.368190934969717,0.8704698374426216,0.15678837107306456,0.07177044669511017
-11.579999999999998,-0.35875875677841357,0.8747251869973048,0.15761451687817365,0.07007294167833489
-11.52000000000001,-0.3492775602620661,0.8788784008030626,0.15842229697382623,0.06836595471977502
-11.460000000000008,-0.33974845063007086,0.882928915894,0.15921160282190502,0.06664968438159345
-11.400000000000006,-0.3301725395398337,0.8868761812552465,0.15998232802949042,0.06492433046534808
-11.340000000000003,-0.32055094496762365,0.890719657896629,0.1607343683629808,0.0631900939888314
-11.280000000000001,-0.3108847910785989,0.8944588189249466,0.16146762176196205,0.06144717716275162
-11.219999999999999,-0.3011752080960057,0.8980931496148418,0.162181988352825,0.05969578336725552
-11.16000000000001,-0.2914233321695705,0.9016221474782575,0.16287737046212947,0.057936117128296626
-11.100000000000009,-0.28163030524308574,0.9050453223324768,0.16355367262971357,0.05616838409384901
-11.040000000000006,-0.27179727492124,0.9083621963667211,0.1642108016215439,0.05439279100997554
-10.980000000000004,-0.2619253943356626,0.9115723042073173,0.16484866644230864,0.0526095456967453
-10.920000000000002,-0.2520158220102306,0.9146751929814112,0.1654671783477493,0.05081885702400903
-10.86,-0.24206972172564287,0.9176704223792251,0.1660662508567298,0.049020934887032956
-10.799999999999997,-0.2320882623832769,0.9205575647148466,0.16664579976304186,0.047215990181994384
-10.740000000000009,-0.22207261786834798,0.9233362049855451,0.1672057431469446,0.0454042347813422
-10.680000000000007,-0.2120239669123722,0.9260059409296086,0.16774600138643736,0.043585881509022706
-10.620000000000005,-0.201943492954985,0.9285663830826821,0.16826649716826214,0.04176114411558011
-10.560000000000002,-0.19183238400508357,0.9310171548326165,0.16876715549863755,0.03993023725312607
-10.5,-0.18169183250134543,0.9333578924728081,0.16924790371371926,0.038093376450187566
-10.439999999999998,-0.17152303517212533,0.9355882452540254,0.16970867148978766,0.03625077808643368
-10.38000000000001,-0.16132719289475136,0.9377078754347168,0.17014939085316017,0.03440265936728496
-10.320000000000007,-0.15110551055422256,0.9397164583297923,0.17056999618982735,0.03254923829840601
-10.260000000000005,-0.14085919690136103,0.9416136823578674,0.17097042425481038,0.030690733660090685
-10.200000000000003,-0.13058946441038663,0.9433992490869718,0.1713506141812395,0.028827364981534466
-10.14,-0.1202975291359673,0.9450728732787087,0.17171050748915173,0.026959352515003383
-10.079999999999998,-0.10998461056974823,0.9466342829308608,0.17205004809400565,0.025086917209900386
-10.02000000000001,-0.09965193149638013,0.9480832193184385,0.17236918231491274,0.02321028068673287
-9.960000000000008,-0.089300717849051,0.9494194370331638,0.17266785888258385,0.021329665210982073
-9.900000000000006,-0.0789321985645731,0.9506427040213802,0.172946028946988,0.019445293666884245
-9.840000000000003,-0.06854760543799551,0.9517528016203912,0.17320364608472422,0.017557389531117948
-9.780000000000001,-0.05814817297679465,0.9527495245932144,0.1734406663061034,0.01566617684640739
-9.719999999999999,-0.0477351382546464,0.95363268116175,0.17365704806193924,0.013771880195042743
-9.66000000000001,-0.03730974076480206,0.9544020930383594,0.17385275225004676,0.011874724672321424
-9.600000000000009,-0.026873222273070586,0.9550575954558465,0.1740277422214474,0.009974935859911402
-9.540000000000006,-0.01642682667046258,0.955599037195838,0.17418198378627806,0.0080727397991466
-9.480000000000004,-0.005971799825463285,0.9560262806155625,0.17431544521940415,0.006168362964249166
-9.420000000000002,0.004490610564009375,0.9563392016730167,0.17442809726573338,0.004262032235488869
-9.36,0.014959155118959271,0.956537689950523,0.17451991314523013,0.0023539748722808313
-9.299999999999997,0.02543258292795854,0.9566216486766692,0.17459086855762757,0.0004444184862257839
-9.240000000000009,0.035909641696064726,0.9565909947466296,0.17464094168683686,-0.0014664089859026867
-9.180000000000007,0.04638907789400628,0.9564456587408632,0.1746701132050506,-0.0033782793092225396
-9.120000000000005,0.05686963690757986,0.9561855849421881,0.17467836627653918,-0.005290963977848364
-9.060000000000002,0.0673500631872911,0.9558107313512266,0.17466568656113787,-0.007204234242041771
-9.0,0.0778291003981829,0.9553210697002218,0.17463206221742264,-0.009117861135395876
-8.939999999999998,0.08830549156984725,0.9547165854652206,0.17457748390557187,-0.011031615502051775
-8.88000000000001,0.09877797924659687,0.9539972778766241,0.17450194478991224,-0.012945268023941182
-8.820000000000007,0.10924530563779249,0.953163159928102,0.17440544054114546,-0.01485858924805277
-8.760000000000005,0.11970621276826914,0.9522142583838711,0.1742879693382533,-0.01677134961370999
-8.700000000000003,0.13015944262889198,0.9511506137843365,0.17414953187007803,-0.018683319479863562
-8.64,0.14060373732718462,0.9499722804500954,0.17399013133657404,-0.0205942691523857
-8.579999999999998,0.15103783923802522,0.9486793264843021,0.17380977344972792,-0.02250396891136232
-8.52000000000001,0.16146049115438496,0.9472718337733981,0.17360846643414227,-0.024412189038375182
-8.460000000000008,0.17187043643810407,0.945749897986202,0.17338622102727905,-0.026318699843769194
-8.400000000000006,0.1822664191706472,0.9441136285713692,0.17314305047935755,-0.02822327169388993
-8.340000000000003,0.1926471843038669,0.9423631487532131,0.1728789705529017,-0.030125675038291527
-8.280000000000001,0.20301147781071693,0.9404985955258992,0.1725939995219302,-0.03202568043689863
-8.219999999999999,0.2133580468359086,0.9385201196460077,0.17228815817078383,-0.033923058587114516
-8.16000000000001,0.22368563984648335,0.9364278856234753,0.1719614697925821,-0.03581758035086308
-8.100000000000009,0.23399300678229326,0.9342220717109112,0.1716139601873007,-0.037709016781554666
-8.040000000000006,0.2442788992063306,0.9319028698913052,0.1712456576594625,-0.03959713915095518
-7.980000000000004,0.25454207045493127,0.9294704858641205,0.17085659301543035,-0.04148171897595192
-7.920000000000002,0.2647812757877912,0.9269251390297869,0.1704467995602917,-0.04336252804519246
-7.859999999999999,0.27499527253778605,0.9242670624726,0.17001631309432297,-0.04523933844558027
-7.799999999999997,0.2851828202605656,0.9214965029420349,0.16956517190901993,-0.04711192258860552
-7.740000000000009,0.29534268088389415,0.9186137208324859,0.16909341678267922,-0.048980053236487034
-7.680000000000007,0.30547361885672425,0.9156189901614417,0.1686010909755142,-0.0508435035281018
-7.6200000000000045,0.3155744012979386,0.912512598546118,0.16808824022428742,-0.052702047004665874
-7.560000000000002,0.32564379814477884,0.9092948471785506,0.1675549127364384,-0.05455545763514256
-7.5,0.3356805823008949,0.9059660507991771,0.16700115918368488,-0.05640350984133398
-7.439999999999998,0.3456835297839957,0.9025265376689221,0.16642703269507145,-0.058245978522617224
-7.38000000000001,0.35565141987306337,0.8989766495398124,0.1658325888494392,-0.06008263908027711
-7.320000000000007,0.36558303525510966,0.895316741624139,0.16521788566728307,-0.06191326744138538
-7.260000000000005,0.3754771621714006,0.8915471825622128,0.164582983601966,-0.0637376400821604
-7.200000000000003,0.3853325905631573,0.8876683543887246,0.1639279455302484,-0.06555553405074864
-7.140000000000001,0.3951481142166554,0.8836806524977643,0.16325283674209345,-0.06736672698934598
-7.079999999999998,0.4049225309076926,0.8795844856065317,0.1625577249297004,-0.06917099715557565
-7.02000000000001,0.41465464254537027,0.8753802757177919,0.16184268017571485,-0.07096812344302524
-6.960000000000008,0.4243432553151546,0.8710684580811203,0.1611077749405586,-0.07275788540083646
-6.900000000000006,0.43398717982112556,0.8666494811530148,0.16035308404881735,-0.07454006325221739
-6.840000000000003,0.44358523122740273,0.8621238065559216,0.15957868467461434,-0.07631443791174644
-6.780000000000001,0.4531362293986488,0.8574919090362693,0.1587846563258956,-0.07808079100130355
-6.719999999999999,0.46263899903959893,0.8527542764215907,0.15797108082754002,-0.07983890486445275
-6.660000000000011,0.4720923698335364,0.8479114095768351,0.15713804230320216,-0.0815885625790732
-6.6000000000000085,0.48149517657964863,0.8429638223599744,0.15628562715578273,-0.0833295479680124
-6.540000000000006,0.49084625932914683,0.8379120415770474,0.1554139240464168,-0.08506164560749714
-6.480000000000004,0.500144463520098,0.8327566069367632,0.15452302387184996,-0.0867846408330171
-6.420000000000002,0.5093886401108376,0.8274980710048403,0.15361301974006872,-0.08849831974234451
-6.359999999999999,0.5185776457118658,0.8221369991582588,0.15268400694403247,-0.0902024691953168
-6.299999999999997,0.5277103427161068,0.8166739695396339,0.15173608293334137,-0.09189687680995813
-6.240000000000009,0.5367855994273992,0.8111095730119441,0.15076934728365868,-0.09358133095445934
-6.180000000000007,0.5458022901870908,0.8054444131138725,0.1497839016636868,-0.09525562073447527
-6.1200000000000045,0.5547592954985509,0.799679106016079,0.1487798497994818,-0.09691953597511976
-6.060000000000002,0.5636555021494781,0.7938142804787149,0.14775729743586388,-0.09857286719696981
-6.0,0.5724898033317877,0.7878505778105837,0.1467163522946659,-0.10021540558528758
-5.939999999999998,0.5812610987588943,0.7817886518303736,0.1456571240295348,-0.10184694295157161
-5.88000000000001,0.5899682947801701,0.7756291688304519,0.1445797241769762,-0.10346727168643075
-5.820000000000007,0.5986103044923539,0.7693728075437679,0.14348426610330378,-0.10507618470264397
-5.760000000000005,0.6071860478476253,0.7630202591145154,0.14237086494713125,-0.10667347536711301
-5.700000000000003,0.6156944517581059,0.7565722270732295,0.1412396375570046,-0.10825893742025955
-5.640000000000001,0.6241344501964503,0.7500294273171458,0.14009070242374908,-0.10983236488121458
-5.579999999999998,0.6325049842922111,0.74339258809672,0.13892417960706427,-0.11139355193694134
-5.52000000000001,0.6408050024236126,0.736662450009333,0.1377401906558684,-0.11294229281318699
-5.460000000000008,0.6490334603043528,0.7298397660013365,0.13653885852185063,-0.11447838162488744
-5.400000000000006,0.657189321064983,0.7229253013797737,0.1353203074656587,-0.1160016122033324
-5.340000000000003,0.6652715553284394,0.7159198338352243,0.13408466295509794,-0.11751177789706166
-5.280000000000001,0.6732791412792037,0.7088241534774776,0.1328320515546874,-0.11900867134305693
-5.219999999999999,0.6812110647255596,0.7016390628859198,0.13156260080587073,-0.12049208420435648
-5.160000000000011,0.6890663191543627,0.6943653771767803,0.13027643909714204,-0.1219618068697158
-5.1000000000000085,0.6968439057777057,0.6870039240896507,0.12897369552330445,-0.12341762811037545
-5.040000000000006,0.7045428335707732,0.6795555440960406,0.1276544997330473,-0.12485933468835174
-4.980000000000004,0.712162119300198,0.6720210905330269,0.1263189817639856,-0.12628671090996166
-4.920000000000002,0.7197007875421139,0.6644014297655201,0.12496727186428512,-0.12769953811747017
-4.859999999999999,0.7271578706890802,0.6566974413810825,0.12359950029996908,-0.12909759411084584
-4.800000000000011,0.734532408944994,0.6489100184217651,0.12221579714699263,-0.1304806524905815
-4.740000000000009,0.7418234503070523,0.6410400676579845,0.120816292067167,-0.13184848191138407
-4.680000000000007,0.7490300505337476,0.6330885099101548,0.11940111406703771,-0.13320084523523357
-4.6200000000000045,0.7561512730978786,0.6250562804244568,0.117970391238843,-0.13453749857086073
-4.560000000000002,0.7631861891234532,0.6169443293100161,0.11652425048274836,-0.13585819018504153
-4.5,0.7701338773053465,0.6087536220456514,0.1150628172096342,-0.13716265926926924
-4.439999999999998,0.7769934238105273,0.600485140065421,0.11358621502383995,-0.13845063454329457
-4.38000000000001,0.7837639221596356,0.5921398814333649,0.11209456538543731,-0.1397218326747023
-4.320000000000007,0.7904444730876834,0.5837188616191613,0.11058798725182631,-0.1409759564910958
-4.260000000000005,0.7970341843826186,0.5752231143879449,0.10906659669874307,-0.14221269295854003
-4.200000000000003,0.8035321707005552,0.5666536928191402,0.10753050652112418,-0.14343171089666792
-4.140000000000001,0.8099375533564662,0.5580116704711227,0.10597982581474566,-0.14463265839720324
-4.079999999999998,0.816249460089235,0.5492981427105825,0.10441465954012123,-0.14581515990859678
-4.02000000000001,0.8224670248000597,0.5405142282278662,0.10283510807085527,-0.1469788129449443
-3.960000000000008,0.8285893872633724,0.5316610707621984,0.10124126672950962,-0.14812318437232036
-3.9000000000000057,0.8346156928096243,0.5227398410637215,0.09963322531510498,-0.1492478062200652
-3.8400000000000034,0.8405450919796124,0.5137517391225379,0.0980110676276414,-0.15035217095837541
-3.780000000000001,0.8463767401503508,0.504697996698736,0.09637487099657141,-0.15143572617669526
-3.719999999999999,0.8521097971329857,0.49557988019149407,0.09472470582199463,-0.15249786858986494
-3.660000000000011,0.8577434267438289,0.4863986938899952,0.09306063513954703,-0.15353793729069745
-3.6000000000000085,0.8632767963503346,0.4771557836540198,0.09138271422257332,-0.154555206158597
-3.5400000000000063,0.8687090763947227,0.46785254107784224,0.08969099023828606,-0.15554887532396372
-3.480000000000004,0.8740394398990999,0.4584904081973117,0.08798550197827121,-0.15651806157746498
-3.4200000000000017,0.8792670619572439,0.44907088280707275,0.08626627968803822,-0.15746178760177038
-3.3599999999999994,0.8843911192198605,0.4395955244625395,0.0845333450253807,-0.1583789698911249
-3.3000000000000114,0.8894107893820835,0.4300659612497164,0.0827867111832582,-0.15926840521123348
-3.240000000000009,0.894325250684335,0.4204838974151963,0.08102638321983312,-0.16012875543851013
-3.180000000000007,0.8991336814404364,0.41085112195877654,0.07925235864635616,-0.16095853060400955
-3.1200000000000045,0.9038352596102135,0.40116951830195186,0.07746462833289457,-0.16175606995365252
-3.0600000000000023,0.9084291624377144,0.39144107515732723,0.07566317780264976,-0.16251952082309284
-3.0,0.9129145661807875,0.3816678987364131,0.07384798899791853,-0.1632468151133993
-2.9399999999999977,0.9172906459631567,0.37185222644643773,0.07201904261480806,-0.16393564314344525
-2.8800000000000097,0.9215565757864232,0.36199644224048966,0.0701763211197538,-0.16458342464761516
-2.8200000000000074,0.9257115287467459,0.35210309379928506,0.06831981257883564,-0.1651872766845814
-2.760000000000005,0.929754677509374,0.3421749117368921,0.06644951545094434,-0.16574397822632403
-2.700000000000003,0.9336851951039693,0.3322148310361983,0.06456544451800186,-0.16624993120864992
-2.6400000000000006,0.9375022561147189,0.32222601493247344,0.06266763814966946,-0.16670111784821154
-2.5799999999999983,0.941205038351885,0.31221188147393464,0.060756167126011326,-0.16709305407023814
-2.5200000000000102,0.9447927251056547,0.30217613299592805,0.0588311452690483,-0.16742073895059775
-2.460000000000008,0.9482645080990624,0.292122788748682,0.056892742162322055,-0.1676786001612425
-2.4000000000000057,0.9516195912743239,0.2820562209159253,0.0549411982654622,-0.1678604355266902
-2.3400000000000034,0.9548571955661673,0.27198119425054057,0.05297684275671354,-0.1679593509595849
-2.280000000000001,0.9579765648363766,0.26190290953134254,0.05100011445830661,-0.16796769525582217
-2.219999999999999,0.9609769731655655,0.25182705100824476,0.049011586214365646,-0.16787699250629726
-2.160000000000011,0.9638577337205488,0.24175983794746558,0.047011993094727124,-0.1676778732369129
-2.1000000000000085,0.9666182094378031,0.23170808030877182,0.04500226478522362,-0.16736000583669733
-2.0400000000000063,0.9692578257841789,0.22167923847704646,0.04298356248878974,-0.16691203039273286
-1.980000000000004,0.9717760858736443,0.2116814868233331,0.04095732059338518,-0.16632149773780722
-1.9200000000000017,0.9741725882310841,0.2017237806780219,0.038925293251422834,-0.16557481734949386
-1.8599999999999994,0.9764470474981671,0.19181592605150474,0.036889605847945706,-0.16465721873259292
-1.8000000000000114,0.9785993183681543,0.18196865112569488,0.03485281109579069,-0.16355273208009635
-1.740000000000009,0.9806294230114648,0.1721936781529036,0.03281794916779364,-0.1622441953413256
-1.6800000000000068,0.9825375822059068,0.16250379392693454,0.030788610839643966,-0.16071329631484274
-1.6200000000000045,0.9843242503076758,0.15291291642635718,0.028769002052845976,-0.15894065999088183
-1.5600000000000023,0.9859901540832509,0.1434361545668407,0.02676400759784957,-0.15690599302411787
-1.5,0.9875363352591278,0.13408985723808084,0.024779250750163313,-0.15458829880979283
-1.4399999999999977,0.9889641964262413,0.12489164695002207,0.022821144664440525,-0.15196617799524853
-1.3800000000000097,0.9902755496496476,0.11586043249347308,0.020896930156645403,-0.14901823014547072
-1.3200000000000074,0.9914726667737334,0.10701639406938758,0.019014693220662904,-0.14572357237423086
-1.2600000000000051,0.9925583299743299,0.09838093341856582,0.017183354306116616,-0.1420624896423003
-1.2000000000000028,0.9935358805928376,0.08997658067577628,0.015412620147566242,-0.13801722861652088
-1.1400000000000006,0.9944092637036877,0.08182684909795047,0.013712887957187567,-0.13357294191981384
-1.0799999999999983,0.9951830652376167,0.07395602862762982,0.012095091312971694,-0.1287187817063014
-1.0200000000000102,0.9958625378479585,0.06638890963631382,0.010570477396467966,-0.12344913025520451
-0.960000000000008,0.9964536111240981,0.059150429359446074,0.009150306714513006,-0.11776494036662327
-0.9000000000000057,0.99696288130623,0.052265235707138445,0.007845469456118088,-0.1116751397910471
-0.8400000000000034,0.9973975754414826,0.04575716651638245,0.0066660175322080725,-0.10519803231999951
-0.7800000000000011,0.9977654850636619,0.039648647048382835,0.005620618346976252,-0.0983626048684641
-0.7199999999999989,0.9980748651049562,0.03396001466578699,0.004715945449969517,-0.09120962720341472
-0.6600000000000108,0.998334294975109,0.0287087870167895,0.0039560320560655384,-0.08379241225492981
-0.6000000000000085,0.9985525006536666,0.023908898345365838,0.003341625160789151,-0.07617709442808339
-0.5400000000000063,0.9987381392494709,0.019569937106135814,0.0028695892414588066,-0.06844228575460128
-0.480000000000004,0.9988995507054269,0.015696425973826682,0.002532417422050062,-0.06067798957689489
-0.4200000000000017,0.9990444849569627,0.012287191450359608,0.0023179122412289215,-0.05298369192875343
-0.35999999999999943,0.9991798165433402,0.009334873315831597,0.002209095531392524,-0.045465612497299676
-0.30000000000001137,0.9993112619517267,0.006825622941063552,0.002184395589831223,-0.03823317694556044
-0.2400000000000091,0.9994431172951562,0.00473903309244711,0.00221813900727674,-0.03139486299624117
-0.18000000000000682,0.9995780347351785,0.003048330006935407,0.0022813448616234825,-0.025053662429788383
-0.12000000000000455,0.9997168549013136,0.0017208416856248257,0.0023427826387952253,-0.019302475703377755
-0.060000000000002274,0.9998585091664334,0.0007187359423552635,0.0023702151312265008,-0.014219800828578918
0.0,0.9999999999999999,0.0,0.04387331401418382,-0.007434923849289349
0.060000000000002274,1.0021647459859098,-0.0003198828375273909,0.02882785095466097,-0.0034373297118238644
0.12000000000000455,1.003523064795402,-0.0004366921684073889,0.01699542195891835,-0.0006681109727021603
0.18000000000000682,1.004266716056182,-0.00042367659340248904,0.00832913054780682,0.0008914576395922954
0.2400000000000091,1.0045819815208383,-0.00035193719295254725,0.002696892830474602,0.0012920399260888753
0.30000000000001137,1.004644764859212,-0.0002889078894726224,-8.546418360373716e-05,0.0006209606177692352
0.35999999999999943,1.0046223663660776,-0.00026978590818647023,-0.000781519656897408,0.00018831627584909682
0.4200000000000017,1.0045456640454462,-0.00027966809932385584,-0.0017190157214823447,-0.0006245864962654105
0.480000000000004,1.0044165945571577,-0.0003539041715564315,-0.002564300367771032,-0.0019328875475939653
0.5400000000000063,1.0042392015734225,-0.0005194646118515214,-0.0033348787938892285,-0.00364937156448503
0.6000000000000085,1.0040177464166198,-0.0007981258037359286,-0.004034908232130075,-0.00568727855442882
0.6600000000000108,1.0037562874860162,-0.0012066794115502735,-0.004669713481829021,-0.007965425146892514
0.7199999999999989,1.0034585443245285,-0.0017572571018749515,-0.005245645365993359,-0.010409304812813967
0.7800000000000011,1.003127846146119,-0.0024577571393771163,-0.005769404523046943,-0.012952276886583524
0.8400000000000034,1.0027671236246305,-0.0033123385491350744,-0.006247559363428841,-0.01553634680840976
0.9000000000000057,1.0023789256787816,-0.004321949775202662,-0.006686248804249924,-0.018112463367694055
0.960000000000008,1.0019654503665667,-0.0054848626592307005,-0.007091019522325613,-0.020640386093670797
1.0200000000000102,1.0015285827429032,-0.0067971881453412365,-0.007466756904101494,-0.023088214961451355
1.0799999999999983,1.001069934908521,-0.008253356272172737,-0.007817679066120225,-0.025431682052296366
1.1400000000000006,1.0005908851436869,-0.00984654893306749,-0.008147371105393864,-0.027653297761472694
1.2000000000000028,1.0000926142281465,-0.011569079081697629,-0.008458842737043462,-0.029741430102690546
1.2600000000000051,0.9995761379210757,-0.013412714294209418,-0.00875459721001122,-0.031689378949364244
1.3200000000000074,0.999042335188475,-0.015368945811789762,-0.009036703134413857,-0.03349449038356715
1.3800000000000097,0.9984919721779967,-0.01742920643987608,-0.0093068637636386,-0.0351573412990191
1.4399999999999977,0.9979257222002443,-0.019585042100436552,-0.009566480471117583,-0.03668101183396752
1.5,0.9973441821209468,-0.021828242579813584,-0.0098167087590121,-0.03807045334372829
1.5600000000000023,0.9967478856329618,-0.0241509372472431,-0.01005850624466231,-0.03933195234962979
1.6200000000000045,0.9961373138869933,-0.02654566138539189,-0.010292672795620406,-0.04047268590488306
1.6800000000000068,0.9955129039354268,-0.029005398398777808,-0.010519883419695841,-0.04150036069221824
1.740000000000009,0.9948750553996644,-0.03152360264846687,-0.010740714743056917,-0.0424229264941869
1.8000000000000114,0.9942241357183158,-0.03409420707727184,-0.01095566599224564,-0.04324835406969541
1.8599999999999994,0.9935604842786112,-0.03671161919268154,-0.011165175385544169,-0.04398446760148457
1.9200000000000017,0.9928844156808606,-0.03937070840101631,-0.011369632773051114,-0.04463882248523615
1.980000000000004,0.9921962223381895,-0.04206678715796854,-0.01156938926979552,-0.04521862011032669
2.0400000000000063,0.9914961765722737,-0.04479558792955221,-0.01176476452034034,-0.045730652288347204
2.1000000000000085,0.9907845323306715,-0.04755323754784345,-0.011956052128165478,-0.04618126901696584
2.160000000000011,0.9900615266223338,-0.05033623019721333,-0.0121435236854925,-0.04657636425769817
2.219999999999999,0.989327380744391,-0.053141399975264035,-0.012327431752613053,-0.04692137531746586
2.280000000000001,0.9885823013546584,-0.055965893732953645,-0.012508012061505513,-0.047221292235480224
2.3400000000000034,0.9878264814297467,-0.05880714470416132,-0.01268548515647575,-0.047480674282170725
2.4000000000000057,0.9870601011374578,-0.06166284727989595,-0.01286005763384795,-0.047703671277379345
2.460000000000008,0.9862833286437116,-0.0645309331603096,-0.013031923102059105,-0.04789404793782439
2.5200000000000102,0.9854963208679531,-0.06740954902315036,-0.013201262951443141,-0.048055209878667876
2.5799999999999983,0.9846992241964202,-0.07029703577526296,-0.013368246998104646,-0.04819023023177848
2.6400000000000006,0.983892175159382,-0.07319190939996027,-0.013533034047268622,-0.04830187611492171
2.700000000000003,0.9830753010761867,-0.07609284337385894,-0.013695772407192951,-0.048392634401987496
2.760000000000005,0.9822487206704229,-0.07899865259909826,-0.013856600374157984,-0.048464736413896294
2.8200000000000074,0.9814125446565125,-0.08190827877813264,-0.014015646701372926,-0.048520181281308215
2.8800000000000097,0.9805668762984568,-0.08482077714652567,-0.014173031059192044,-0.04856075783086206
2.9399999999999977,0.9797118119411333,-0.08773530447265546,-0.014328864490269617,-0.04858806492246388
3.0,0.9788474415143993,-0.09065110823066884,-0.014483249860774136,-0.048603530221204595
3.0600000000000023,0.9779738490102544,-0.09356751685330432,-0.014636282307192503,-0.04860842742799923
3.1200000000000045,0.9770911129333568,-0.09648393097357894,-0.01478804967732905,-0.04860389202143072
3.180000000000007,0.9761993067253009,-0.09939981556807147,-0.014938632963640803,-0.04859093558231333
3.240000000000009,0.9752984991631746,-0.1023146929192261,-0.015088106726906905,-0.04857045878438641
3.3000000000000114,0.9743887547330362,-0.10522813631932088,-0.015236539508293723,-0.04854326314107201
3.3599999999999994,0.9734701339790588,-0.10813976444423333,-0.015383994228070037,-0.0485100616007737
3.4200000000000017,0.9725426938291891,-0.11104923633069139,-0.015530528569491357,-0.04847148808284747
3.480000000000004,0.9716064878982512,-0.11395624689614775,-0.015676195346668222,-0.048428106043987076
3.5400000000000063,0.9706615667694797,-0.11686052294571692,-0.015821042855535736,-0.048380416160982466
3.6000000000000085,0.9697079782555159,-0.11976181961560971,-0.01596511520732901,-0.04832886321113063
3.660000000000011,0.968745767639933,-0.1226599172072384,-0.016108452644234758,-0.04827384222637156
3.719999999999999,0.9677749779003565,-0.12555461837055992,-0.01625109183712465,-0.04821570399176806
3.780000000000001,0.9667956499142556,-0.12844574559930352,-0.016393066165479885,-0.048154759953445175
3.8400000000000034,0.9658078226484705,-0.13133313900445717,-0.016534405979787302,-0.048091286595699334
3.9000000000000057,0.9648115333335071,-0.13421665433583785,-0.016675138846829356,-0.04802552934177568
3.960000000000008,0.963806817623618,-0.13709616122466567,-0.016815289778401462,-0.04795770602786121
4.02000000000001,0.9627937097436388,-0.139971541622908,-0.01695488144407756,-0.047888009995190314
4.079999999999998,0.9617722426235239,-0.14284268841771738,-0.017093934368708527,-0.04781661284082981
4.140000000000001,0.9607424480214678,-0.14570950420160345,-0.017232467115382337,-0.047743666863708255
4.200000000000003,0.9597043566364714,-0.14857190018104866,-0.01737049645460172,-0.047669307238779
4.260000000000005,0.9586579982111469,-0.15142979520817007,-0.01750803752044932,-0.04759365394884481
4.320000000000007,0.9576034016255272,-0.15428311492168645,-0.017645103954510532,-0.04751681350051371
4.38000000000001,0.9565405949825859,-0.15713179098496574,-0.01778170803831702,-0.04743888044798036
4.439999999999998,0.9554696056861385,-0.15997576041026934,-0.017917860815057654,-0.047359938745817745
4.5,0.9543904605117425,-0.1628149649595157,-0.01805357220128243,-0.04728006294970054
4.560000000000002,0.9533031856711796,-0.1656493506129454,-0.018188851089297898,-0.04719931928194402
4.6200000000000045,0.9522078068710564,-0.16847886709805027,-0.01832370544092432,-0.0471177665769121
4.680000000000007,0.9511043493660217,-0.17130346747195913,-0.01845814237325208,-0.047035457119706664
4.740000000000009,0.9499928380070642,-0.1741231077512455,-0.018592168237002105,-0.04695243739008072
4.800000000000011,0.9488732972853159,-0.1769377465837958,-0.01872578868806139,-0.046868748722202806
4.859999999999999,0.9477457513717549,-0.17974734495797762,-0.018859008752730378,-0.04678442788972581
4.920000000000002,0.9466102241531679,-0.1825518659448864,-0.018991832887185894,-0.04669950762456453
4.980000000000004,0.9454667392647089,-0.18535127446991292,-0.01912426503162942,-0.04661401707685202
5.040000000000006,0.9443153201193558,-0.18814553711031795,-0.019256308659559882,-0.04652798222271053
5.1000000000000085,0.943155989934547,-0.1909346219158528,-0.019387966822578012,-0.04644142622573178
5.160000000000011,0.9419887717562542,-0.19371849824981383,-0.019519242191100607,-0.04635436975740019
5.219999999999999,0.9408136884807268,-0.19649713664820664,-0.019650137091334684,-0.046266831281105404
5.280000000000001,0.9396307628741201,-0.19927050869496715,-0.0197806535388352,-0.046178827303867895
5.340000000000003,0.9384400175902082,-0.2020385869114027,-0.019910793268944075,-0.04609037259943706
5.400000000000006,0.9372414751863547,-0.20480134465824965,-0.020040557764386086,-0.046001480406008495
5.460000000000008,0.9360351581379064,-0.20755875604890178,-0.020169948280273704,-0.04591216260144073
5.52000000000001,0.9348210888511606,-0.21031079587254206,-0.02029896586675318,-0.045822429858526005
5.579999999999998,0.9335992896750369,-0.21305743952604878,-0.0204276113895046,-0.04573229178258103
5.640000000000001,0.9323697829115793,-0.21579866295368103,-0.02055588554829111,-0.045641757033366495
5.700000000000003,0.9311325908254012,-0.2185344425936477,-0.020683788893735216,-0.04555083343311757
5.760000000000005,0.9298877356521689,-0.22126475533078818,-0.02081132184248591,-0.04545952806226425
5.820000000000007,0.9286352396062233,-0.22398957845465872,-0.020938484690925147,-0.0453678473442425
5.88000000000001,0.9273751248874177,-0.22670888962241287,-0.021065277627549697,-0.045275797120637284
5.939999999999998,0.9261074136872498,-0.22942266682592735,-0.02119170074415227,-0.045183382717758236
6.0,0.9248321281943558,-0.23213088836269294,-0.021317754045915016,-0.045090609005623096
6.060000000000002,0.9235492905994295,-0.23483353281003294,-0.021443437460517585,-0.04499748045021394
6.1200000000000045,0.9222589230996212,-0.2375305790022802,-0.021568750846353898,-0.04490400115977194
6.180000000000007,0.9209610479024697,-0.24022200601056723,-0.021693693999942087,-0.04481017492581032
6.240000000000009,0.9196556872294096,-0.2429077931249347,-0.021818266662604963,-0.04471600525944699
6.299999999999997,0.9183428633189004,-0.24558791983849193,-0.02194246852649099,-0.04462149542359052
6.359999999999999,0.91702259842921,-0.24826236583339986,-0.02206629923999956,-0.04452664846145176
6.420000000000002,0.9156949148408924,-0.250931110968458,-0.022189758412667696,-0.04443146722180061
6.480000000000004,0.9143598348589835,-0.25359413526812524,-0.02231284561957102,-0.04433595438133823
6.540000000000006,0.9130173808149489,-0.25625141891280223,-0.022435560405285986,-0.04424011246451438
6.6000000000000085,0.911667575068404,-0.2589029422302328,-0.02255790228745618,-0.044143943861080746
6.660000000000011,0.9103104400086329,-0.26154868568789835,-0.022679870760001684,-0.04404745084163873
6.719999999999999,0.9089459980559236,-0.2641886298862896,-0.022801465296006344,-0.043950635571410546
6.780000000000001,0.9075742716627371,-0.26682275555295953,-0.022922685350314984,-0.043853500122435954
6.840000000000003,0.9061952833147332,-0.2694510435372597,-0.02304353036186873,-0.04375604648437485
6.900000000000006,0.904809055531659,-0.2720734748056923,-0.02316399975580494,-0.04365827657407428
6.960000000000008,0.9034156108681198,-0.27469003043780027,-0.023284092945344732,-0.043560192244041014
7.02000000000001,0.9020149719142421,-0.27730069162253673,-0.023403809333489345,-0.043461795289944885
7.079999999999998,0.9006071612962407,-0.27990543965505726,-0.023523148314544412,-0.04336308745726314
7.140000000000001,0.899192201676898,-0.28250425593389095,-0.023642109275489508,-0.04326407044716399
7.200000000000003,0.8977701157559662,-0.2850971219584377,-0.023760691597207974,-0.043164745921716416
7.260000000000005,0.8963409262705,-0.28768401932676596,-0.023878894655591724,-0.0430651155085029
7.320000000000007,0.8949046559951254,-0.2902649297336677,-0.02399671782253309,-0.0429651808047033
7.38000000000001,0.8934613277422512,-0.29283983496894517,-0.02411416046681529,-0.04286494338071044
7.439999999999998,0.8920109643622338,-0.29540871691590087,-0.02423122195491172,-0.04276440478333068
7.5,0.890553588743491,-0.29797155755001187,-0.024347901651703446,-0.0426635665386169
7.560000000000002,0.8890892238125804,-0.30052833893775693,-0.024464198921122712,-0.04256243015437627
7.6200000000000045,0.8876178925342365,-0.3030790432355929,-0.02458011312673064,-0.042460997122389196
7.680000000000007,0.8861396179113791,-0.30562365268905245,-0.02469564363223529,-0.04235926892037321
7.740000000000009,0.8846544229850886,-0.30816214963195315,-0.024810789801956383,-0.042257247013720446
7.799999999999997,0.8831623308345582,-0.3106945164857047,-0.024925551001241986,-0.04215493285703488
7.859999999999999,0.8816633645770188,-0.3132207357587057,-0.025039926596842395,-0.042052327895491876
7.920000000000002,0.8801575473676465,-0.31574079004581085,-0.025153915957244987,-0.04194943356604083
7.980000000000004,0.8786449023994485,-0.31825466202787256,-0.025267518452974702,-0.041846251298468314
8.040000000000006,0.8771254529031322,-0.3207623344713395,-0.025380733456863237,-0.041742782516338096
8.100000000000009,0.8755992221469602,-0.3232637902279086,-0.02549356034429034,-0.04163902863782179
8.16000000000001,0.87406623343659,-0.3257590122342234,-0.025605998493400034,-0.041534991076432944
8.219999999999999,0.8725265101149031,-0.3282479835116147,-0.0257180472852943,-0.04143067124167531
8.280000000000001,0.8709800755618211,-0.3307306871658795,-0.02582970610420674,-0.041326070539615255
8.340000000000003,0.8694269531941141,-0.3332071063870865,-0.0259409743376579,-0.04122119037338714
8.400000000000006,0.8678671664651991,-0.33567722444941656,-0.02605185137659458,-0.04111603214363897
8.460000000000008,0.8663007388649299,-0.3381410247110247,-0.026162336615514495,-0.04101059724892549
8.52000000000001,0.8647276939193814,-0.34059849061392505,-0.026272429452577954,-0.04090488708605449
8.579999999999998,0.8631480551906264,-0.3430496056838952,-0.0263821292897077,-0.040798903050391945
8.64,0.8615618462765069,-0.34549435353039964,-0.02649143553267855,-0.04069264653613024
8.700000000000003,0.8599690908104011,-0.34793271784652385,-0.026600347591197244,-0.040586118936524404
8.760000000000005,0.8583698124609851,-0.350364682408926,-0.0267088648789742,-0.04047932164409931
8.820000000000007,0.8567640349319905,-0.3527902310777986,-0.026816986813787577,-0.04037225605083152
8.88000000000001,0.855151781961959,-0.3552093477968403,-0.026924712817540566,-0.04026492354830869
8.939999999999998,0.853533077323993,-0.3576220165932363,-0.02703204231631264,-0.04015732552786907
9.0,0.8519079448255028,-0.3600282215776493,-0.027138974740405452,-0.0400494633807231
9.060000000000002,0.8502764083079539,-0.36242794694421215,-0.02724550952438364,-0.039941338498059774
9.120000000000005,0.848638491646609,-0.36482117697053074,-0.027351646107111504,-0.039832952271138825
9.180000000000007,0.8469942187502689,-0.3672078960176911,-0.027457383931785623,-0.03972430609137084
9.240000000000009,0.8453436135610121,-0.3695880885302701,-0.027562722445964045,-0.03961540135038644
9.299999999999997,0.843686700053932,-0.37196173903635005,-0.027667661101592272,-0.03950623944009589
9.36,0.8420235022368727,-0.3743288321475389,-0.027772199355026547,-0.039396821752740147
9.420000000000002,0.8403540441501643,-0.37668935255898894,-0.02787633666705437,-0.039287149680934524
9.480000000000004,0.8386783498663569,-0.37904328504942175,-0.027980072502913046,-0.03917722461770554
9.540000000000006,0.8369964434899516,-0.38139061448115374,-0.02808340633230601,-0.03906704795652188
9.600000000000009,0.8353083491571334,-0.38373132580012326,-0.028186337629417385,-0.03895662109132024
9.66000000000001,0.833614091035501,-0.38606540403591955,-0.028288865872924934,-0.0388459454165264
9.719999999999999,0.8319136933237985,-0.3883928343018119,-0.028390990546011474,-0.03873502232707238
9.780000000000001,0.830207180251642,-0.39071360179478265,-0.028492711136375137,-0.03862385321840967
9.840000000000003,0.828494576079251,-0.39302769179555563,-0.02859402713623817,-0.03851243948651972
9.900000000000006,0.8267759050971758,-0.39533508966863,-0.028694938042354973,-0.038400782527921166
9.960000000000008,0.825051191626025,-0.3976357808623124,-0.02879544335601899,-0.03828888373967469
10.02000000000001,0.8233204600161933,-0.39992975090874927,-0.02889554258306883,-0.03817674451938577
10.079999999999998,0.8215837346475892,-0.40221698542395945,-0.028995235233893586,-0.03806436626520531
10.14,0.8198410399293595,-0.4044974701078687,-0.029094520823437522,-0.037951750375828514
10.200000000000003,0.8180924002996196,-0.406771190744339,-0.02919339887120399,-0.037838898250492435
10.260000000000005,0.8163378402251769,-0.40903813320120336,-0.029291868901258945,-0.03772581128897197
10.320000000000007,0.8145773842012577,-0.41129828343029734,-0.029389930442233866,-0.03761249089157463
10.38000000000001,0.8128110567512338,-0.4135516274674907,-0.02948758302732826,-0.03749893845913444
10.439999999999998,0.8110388824263484,-0.4157981514327184,-0.029584826194311683,-0.03738515539300471
10.5,0.8092608858054398,-0.41803784153001355,-0.02968165948552556,-0.037271143095049974
10.560000000000002,0.80747709149467,-0.42027068404753454,-0.029778082447884383,-0.03715690296763744
10.620000000000005,0.8056875241272483,-0.4224966653575974,-0.029874094632876862,-0.03704243641362749
10.680000000000007,0.8038922083631582,-0.4247157719167042,-0.02996969559656668,-0.03692774483636376
10.740000000000009,0.8020911688888812,-0.4269279902655717,-0.030064884899592987,-0.036812829639662675
10.799999999999997,0.8002844304171239,-0.42913330702915936,-0.030159662107170707,-0.03669769222780262
10.86,0.7984720176865419,-0.4313317089166983,-0.03025402678909067,-0.036582334005512515
10.920000000000002,0.7966539554614664,-0.4335231827217151,-0.030347978519719362,-0.03646675637796032
10.980000000000004,0.79483026853163,-0.4357077153220597,-0.030441516877998738,-0.03635096075074102
11.040000000000006,0.7930009817118907,-0.4378852936799304,-0.030534641447445728,-0.03623494852986443
11.100000000000009,0.7911661198419588,-0.44005590484189805,-0.03062735181615163,-0.036118721121742754
11.16000000000001,0.7893257077861217,-0.44221953593893026,-0.030719647576781372,-0.036002279933177915
11.219999999999999,0.7874797704329697,-0.4443761741864132,-0.03081152832657261,-0.035885626371348754
11.280000000000001,0.7856283326951214,-0.44652580688417676,-0.030902993667334833,-0.03576876184379794
11.340000000000003,0.78377141950895,-0.448668421416512,-0.030994043205448116,-0.03565168775841899
11.400000000000006,0.781909055834309,-0.4508040052521946,-0.031084676551862003,-0.035534405523442884
11.460000000000008,0.7800412666542577,-0.45293254594450394,-0.031174893322094183,-0.03541691654742477
11.52000000000001,0.7781680769747871,-0.45505403113124177,-0.0312646931362291,-0.03529922223923051
11.579999999999998,0.7762895118245469,-0.4571684485347505,-0.03135407561891646,-0.035181324008023124
11.64,0.7744055962545696,-0.45927578596193247,-0.031443040399369716,-0.03506322326324913
11.700000000000003,0.7725163553379991,-0.46137603130426313,-0.03153158711136434,-0.03494492141462503
11.760000000000005,0.7706218141698159,-0.4634691725378096,-0.0316197153932362,-0.034826419872123496
11.820000000000007,0.7687219978665629,-0.46555519772324455,-0.031707424887879726,-0.03470772004595963
11.88000000000001,0.7668169315660732,-0.4676340950058603,-0.03179471524274609,-0.034588823346577195
11.939999999999998,0.7649066404271966,-0.469705852615582,-0.031881586109841244,-0.0344697311846348
12.0,0.7629911496295244,-0.4717704588669819,-0.031968037145724076,-0.034350444970991954
12.060000000000002,0.7610704843731193,-0.4738279021592878,-0.032054068011504205,-0.034230966116695384
12.120000000000005,0.7591446698782403,-0.4758781709763964,-0.03213967837284001,-0.03411129603296501
12.180000000000007,0.7572137313850706,-0.47792125388688234,-0.03222486789993643,-0.033991436131180115
12.240000000000009,0.755277694153445,-0.4799571395440073,-0.03230963626754279,-0.0338713878228654
12.299999999999997,0.7533365834625775,-0.4819858166857282,-0.03239398315495052,-0.03375115251967717
12.36,0.7513904246107863,-0.4840072741347062,-0.03247790824599093,-0.03363073163338925
12.420000000000002,0.7494392429152259,-0.4860215007983105,-0.03256141122903272,-0.033510126575879234
12.480000000000004,0.7474830637116116,-0.48802848566862667,-0.0326444917969797,-0.03338933875911455
12.540000000000006,0.7455219123539489,-0.4900282178224601,-0.03272714964726825,-0.03326836959513846
12.600000000000009,0.7435558142142606,-0.49202068642134117,-0.032809384481864864,-0.03314722049605626
12.66000000000001,0.7415847946823164,-0.4940058807115279,-0.032891196007263604,-0.033025892874021315
12.719999999999999,0.7396088791653604,-0.49598379002400816,-0.032972583934483476,-0.03290438814122123
12.780000000000001,0.7376280930878388,-0.4979544037745031,-0.03305354797906586,-0.032782707709863836
12.840000000000003,0.7356424618911312,-0.49991771146346525,-0.0331340878610717,-0.03266085299216351
12.900000000000006,0.7336520110332777,-0.5018737026760802,-0.0332142033050789,-0.03253882540032718
12.960000000000008,0.7316567659887074,-0.5038223670822657,-0.03329389404017946,-0.03241662634654051
13.02000000000001,0.7296567522479696,-0.5057636944366694,-0.03337315979997673,-0.032294257242954046
13.079999999999998,0.7276519953174618,-0.5076976745786661,-0.03345200032258248,-0.03217171950166947
13.14,0.7256425207191589,-0.5096242974323564,-0.033530415350614094,-0.03204901453472562
13.200000000000003,0.7236283539903445,-0.5115435530065594,-0.03360840463119149,-0.03192614375408487
13.260000000000005,0.72160952068334,-0.5134554313948102,-0.033685967915934235,-0.03180310857161926
13.320000000000007,0.7195860463652342,-0.5153599227753529,-0.033763104960958475,-0.031679910399096754
13.38000000000001,0.7175579566176145,-0.5172570174111341,-0.03383981552687385,-0.03155655064816745
13.439999999999998,0.7155252770362973,-0.5191467056497953,-0.033916099378780415,-0.03143303073034991
13.5,0.713488033231057,-0.5210289779236658,-0.03399195628626547,-0.031309352057017306
13.560000000000002,0.71144625082536,-0.5229038247497516,-0.034067386023400335,-0.031185516039383895
13.620000000000005,0.7093999554560922,-0.524771236729727,-0.034142388368737134,-0.03106152408849121
13.680000000000007,0.707349172773294,-0.526631204549923,-0.03421696310530552,-0.03093737761519444
13.740000000000009,0.7052939284398881,-0.5284837189813159,-0.03429111002060934,-0.030813078030148735
13.799999999999997,0.7032342481314144,-0.5303287708795148,-0.03436482890662327,-0.030688626743795647
13.86,0.7011701575357582,-0.5321663511847495,-0.03443811955978947,-0.030564025166349353
13.920000000000002,0.6991016823528858,-0.5339964509218549,-0.034510981781014034,-0.030439274707783275
13.980000000000004,0.6970288482945752,-0.5358190612002562,-0.034583415375663604,-0.030314376777816336
14.040000000000006,0.6949516810841484,-0.5376341732139546,-0.03465542015356181,-0.030189332785899466
14.100000000000009,0.6928702064562047,-0.5394417782415093,-0.03472699592898569,-0.03006414414120203
14.16000000000001,0.6907844501563524,-0.5412418676460213,-0.03479814252066214,-0.029938812252598316
14.219999999999999,0.6886944379409443,-0.5430344328751145,-0.034868859751764215,-0.029813338528654063
14.280000000000001,0.6866001955768075,-0.5448194654609181,-0.03493914744990749,-0.029687724377612832
14.340000000000003,0.6845017488409808,-0.546596957020045,-0.03500900544714632,-0.029561971207382753
14.400000000000006,0.6823991235204455,-0.5483668992535722,-0.03507843357997008,-0.029436080425522922
14.460000000000008,0.6802923454118615,-0.5501292839470197,-0.03514743168929936,-0.029310053439230023
14.52000000000001,0.6781814403212997,-0.5518841029703283,-0.03521599962048214,-0.029183891655324916
14.579999999999998,0.6760664340639787,-0.5536313482778356,-0.03528413722328991,-0.02905759648023926
14.64,0.6739473524639964,-0.5553710119082544,-0.03535184435191376,-0.028931169320002056
14.700000000000003,0.6718242213540678,-0.5571030859846459,-0.03541912086496042,-0.028804611580226454
14.760000000000005,0.6696970665752595,-0.5588275627143954,-0.03548596662544823,-0.028677924666096307
14.820000000000007,0.6675659139767239,-0.560544434389186,-0.03555238150080315,-0.0285511099823529
14.88000000000001,0.6654307894154362,-0.5622536933849721,-0.03561836536285471,-0.028424168933281646
14.939999999999998,0.6632917187559304,-0.5639553321619503,-0.03568391808783181,-0.028297102922698877
15.0,0.6611487278700331,-0.565649343264533,-0.035749039556358705,-0.028169913353938453
15.060000000000002,0.6590018426366032,-0.567335719321317,-0.03581372965345069,-0.028042601629838716
15.120000000000005,0.6568510889412668,-0.5690144530450545,-0.03587798826850993,-0.02791516915272918
15.180000000000007,0.6546964926761542,-0.5706855372326216,-0.03594181529532123,-0.027787617324417372
15.240000000000009,0.6525380797396372,-0.5723489647649871,-0.03600521063204765,-0.027659947546175657
15.299999999999997,0.650375876036067,-0.5740047286071792,-0.036068174181226265,-0.027532161218728146
15.36,0.6482099074755104,-0.5756528218082543,-0.03613070584976375,-0.027404259742237435
15.420000000000002,0.6460401999734898,-0.5772932375012597,-0.03619280554893191,-0.027276244516291702
15.480000000000004,0.6438667794507204,-0.5789259689032014,-0.036254473194363306,-0.027148116939891515
15.540000000000006,0.6416896718328484,-0.5805510093150069,-0.03631570870604673,-0.02701987841143678
15.600000000000009,0.63950890305019,-0.5821683521214895,-0.03637651200832269,-0.026891530328713734
15.66000000000001,0.6373244990374711,-0.5837779907913115,-0.036436883029878846,-0.02676307408888192
15.719999999999999,0.6351364857335658,-0.5853799188769445,-0.03649682170374537,-0.02663451108846124
15.780000000000001,0.6329448890812356,-0.5869741300146334,-0.03655632796729041,-0.02650584272331885
15.840000000000003,0.6307497350268706,-0.5885606179243537,-0.03661540176221527,-0.0263770703886564
15.900000000000006,0.6285510495202286,-0.5901393764097735,-0.036674043034549825,-0.02624819547899701
15.960000000000008,0.6263488585141763,-0.5917103993582112,-0.03673225173464771,-0.026119219388172365
16.02000000000001,0.6241431879644291,-0.5932736807405946,-0.036790027817181534,-0.025990143509309872
16.08,0.6219340638292935,-0.5948292146114169,-0.03684737124113808,-0.02586096923481981
16.14,0.6197215120694057,-0.5963769951086951,-0.03690428196981344,-0.02573169795638239
16.200000000000003,0.6175055586474765,-0.5979170164539239,-0.0369607599708081,-0.025602331064935122
16.260000000000005,0.6152862295280314,-0.5994492729520322,-0.03701680521602203,-0.025472869950659914
16.320000000000007,0.6130635506771526,-0.6009737589913363,-0.03707241768164973,-0.025343316002970316
16.38000000000001,0.6108375480622223,-0.6024904690434945,-0.037127597348175154,-0.025213670610498812
16.439999999999998,0.6086082476516658,-0.6039993976634583,-0.03718234420036675,-0.025083935161084106
16.5,0.6063756754146916,-0.6055005394894274,-0.03723665822727236,-0.024954111041758324
16.560000000000002,0.6041398573210393,-0.606993889242797,-0.037290539422214095,-0.024824199638734515
16.620000000000005,0.6019008193407204,-0.6084794417281107,-0.03734398778278316,-0.024694202337393886
16.680000000000007,0.5996585874437625,-0.6099571918330101,-0.03739700331083474,-0.024564120522273216
16.74000000000001,0.5974131875999552,-0.611427134528183,-0.03744958601248274,-0.024433955577052236
16.799999999999997,0.5951646457785928,-0.6128892648673119,-0.03750173589809447,-0.024303708884541114
16.86,0.5929129879482197,-0.6143435779870219,-0.03755345298228552,-0.024173381826667742
16.92,0.5906582400763768,-0.615790069106827,-0.037604737283914225,-0.02404297578446543
16.980000000000004,0.5884004281293462,-0.6172287335290754,-0.037655588826076475,-0.023912492138060258
17.040000000000006,0.5861395780718972,-0.6186595666388959,-0.037706007636100214,-0.02378193226665863
17.10000000000001,0.5838757158670327,-0.6200825639041418,-0.037755993745540055,-0.02365129754853482
17.16000000000001,0.5816088674757354,-0.6214977208753341,-0.037805547190171804,-0.02352058936101854
17.22,0.5793390588567158,-0.622905033185605,-0.037854668009986936,-0.023389809080482563
17.28,0.5770663159661567,-0.624304496550641,-0.037903356249187135,-0.023258958082330222
17.340000000000003,0.5747906647574643,-0.6256961067686224,-0.037951611956178605,-0.023128037740983234
17.400000000000006,0.5725121311810141,-0.6270798597201653,-0.037999435183566556,-0.022997049429869236
17.460000000000008,0.5702307411838992,-0.6284557513682616,-0.03804682598814951,-0.022865994521409538
17.52000000000001,0.5679465207096792,-0.6298237777582174,-0.03809378443091369,-0.022734874387006797
17.58,0.5656594956981298,-0.6311839350175926,-0.038140310577027235,-0.022603690397032822
17.64,0.5633696920849894,-0.6325362193561381,-0.03818640449583452,-0.022472443920816196
17.700000000000003,0.5610771358017123,-0.633880627065733,-0.03823206626085033,-0.022341136326630283
17.760000000000005,0.5587818527752163,-0.6352171545203203,-0.03827729594975408,-0.022209768981680887
17.820000000000007,0.5564838689276339,-0.6365457981758439,-0.03832209364438396,-0.022078343252094144
17.88000000000001,0.5541832101760625,-0.6378665545701816,-0.03836645943073105,-0.0219468605029044
17.939999999999998,0.5518799024323163,-0.6391794203230806,-0.03841039339893341,-0.021815322098042118
18.0,0.5495739716026752,-0.6404843921360912,-0.038453895643270154,-0.021683729400321674
18.060000000000002,0.5472654435876397,-0.6417814667924978,-0.03849696626215546,-0.021552083771429496
18.120000000000005,0.5449543442816814,-0.6430706411572522,-0.03853960535813251,-0.02142038657191192
18.180000000000007,0.5426406995729953,-0.6443519121769046,-0.03858181303786752,-0.0212886391611632
18.24000000000001,0.5403245353432531,-0.6456252768795339,-0.038623589412143604,-0.021156842897413538
18.299999999999997,0.5380058774673566,-0.6468907323746769,-0.03866493459585468,-0.021024999137717167
18.36,0.5356847518131891,-0.6481482758532601,-0.03870584870799935,-0.020893109237940292
18.42,0.5333611842413727,-0.6493979045875237,-0.038746331871674665,-0.020761174552749402
18.480000000000004,0.5310352006050203,-0.6506396159309531,-0.038786384214069956,-0.020629196435599243
18.540000000000006,0.5287068267494909,-0.6518734073182033,-0.038826005866460574,-0.020497176238721018
18.60000000000001,0.5263760885121446,-0.6530992762650271,-0.03886519696420165,-0.020365115313110575
18.66000000000001,0.5240430117220978,-0.6543172203681993,-0.03890395764672168,-0.020233015008516597
18.72,0.5217076221999796,-0.6555272373054413,-0.038942288057516324,-0.02010087667342889
18.78,0.5193699457576862,-0.6567293248353472,-0.038980188344141936,-0.01996870165506649
18.840000000000003,0.5170300081981404,-0.6579234807973047,-0.0390176586582092,-0.019836491299366158
18.900000000000006,0.5146878353150458,-0.6591097031114195,-0.03905469915537664,-0.019704246950970575
18.960000000000008,0.5123434528926457,-0.6602879897784363,-0.039091309995344235,-0.019571969953216688
19.02000000000001,0.5099968867054803,-0.6614583388796609,-0.03912749134184682,-0.0194396616481241
19.08,0.5076481625181453,-0.6626207485768802,-0.03916324336264764,-0.019307323376383502
19.14,0.505297306085048,-0.6637752171122832,-0.039198566229531724,-0.019174956477344948
19.200000000000003,0.5029443431501702,-0.664921742808378,-0.03923346011829929,-0.019042562289006505
19.260000000000005,0.5005892994468247,-0.6660603240679129,-0.03926792520875919,-0.018910142148002625
19.320000000000007,0.4982322006974156,-0.6671909593737927,-0.03930196168472214,-0.018777697389592632
19.38000000000001,0.49587307261319835,-0.6683136472889959,-0.0393355697339941,-0.01864522934764931
19.439999999999998,0.49351194089404127,-0.6694283864564917,-0.03936874954836952,-0.01851273935464746
19.5,0.4911488312281834,-0.670535175599156,-0.03940150132362462,-0.018380228741652373
19.560000000000002,0.4887837692920001,-0.6716340135196854,-0.03943382525951059,-0.01824769883830863
19.620000000000005,0.48641678074976163,-0.6727248991005127,-0.039465721559746744,-0.018115150972828627
19.680000000000007,0.4840478912533963,-0.67380783130372,-0.039497190432013704,-0.017982586471981275
19.74000000000001,0.4816771264422531,-0.6748828091709519,-0.03952823208794653,-0.017850006661080695
19.799999999999997,0.4793045119428647,-0.6759498318233279,-0.03955884674312778,-0.017717412863974987
19.86,0.47693007336870924,-0.6770088984613546,-0.03958903461708063,-0.01758480640303485
19.92,0.4745538363199768,-0.6780600083648357,-0.03961879593326184,-0.017452188599142562
19.980000000000004,0.4721758263833319,-0.6791031608927829,-0.03964813091905478,-0.01731956077168066
20.040000000000006,0.4697960691316783,-0.6801383554833261,-0.03967703980576241,-0.017186924238520824
20.10000000000001,0.46741459012392417,-0.6811655916536212,-0.03970552282860023,-0.01705428031601273
20.159999999999997,0.4650314149047482,-0.6821848689997594,-0.03973358022668915,-0.016921630318972997
20.22,0.46264656900436296,-0.6831961871966753,-0.03976121224304843,-0.01678897556067397
20.28,0.46026007793828505,-0.6841995459980522,-0.03978841912458849,-0.01665631735283288
20.340000000000003,0.45787196720709916,-0.68519494523623,-0.03981520112210374,-0.016523657005600698
20.400000000000006,0.45548226229622596,-0.6861823848221105,-0.03984155849026537,-0.016390995827551165
20.460000000000008,0.4530909886756898,-0.6871618647450622,-0.039867491487614135,-0.016258335125669866
20.52000000000001,0.4506981717998867,-0.6881333850728248,-0.039893000376553064,-0.016125676205343262
20.58,0.4483038371073533,-0.6890969459514127,-0.039918085423340174,-0.01599302037034785
20.64,0.44590801002053354,-0.690052547605019,-0.03994274689808119,-0.015860368922839155
20.700000000000003,0.44351071594555164,-0.6910001903359164,-0.03996698507472206,-0.015727723163341076
20.760000000000005,0.44111198027197945,-0.6919398745243606,-0.03999080023104176,-0.015595084390734955
20.820000000000007,0.43871182837260714,-0.6928716006284898,-0.04001419264864473,-0.015462453902248824
20.88000000000001,0.43631028560321417,-0.6937953691842271,-0.0400371626129535,-0.015329832993446636
20.939999999999998,0.4339073773023407,-0.6947111808051776,-0.04005971041320122,-0.015197222958217602
21.0,0.4315031287910572,-0.6956190361825313,-0.04008183634242416,-0.01506462508876534
21.060000000000002,0.4290975653727398,-0.6965189360849581,-0.04010354069745419,-0.014932040675597419
21.120000000000005,0.4266907123328403,-0.6974108813585075,-0.0401248237789112,-0.014799471007514596
21.180000000000007,0.42428259493866,-0.698294872926506,-0.04014568589119557,-0.014666917371600226
21.24000000000001,0.42187323843912283,-0.699170911789453,-0.04016612734248049,-0.014534381053209705
21.299999999999997,0.4194626680645502,-0.700038999024917,-0.04018614844470442,-0.014401863335959955
21.36,0.4170509090264323,-0.7008991357874313,-0.04020574951356331,-0.01426936550171877
21.42,0.41463798651720707,-0.7017513233083885,-0.040224930868503046,-0.014136888830594522
21.480000000000004,0.4122239257100326,-0.7025955628959348,-0.0402436928327116,-0.014004434600925594
21.540000000000006,0.40980875175856385,-0.7034318559348629,-0.040262035733111316,-0.013872004089269968
21.60000000000001,0.4073924897967285,-0.704260203886506,-0.04027995990035124,-0.013739598570394841
21.659999999999997,0.40497516493850416,-0.7050806082886283,-0.04029746566879916,-0.01360721931726629
21.72,0.40255680227769336,-0.7058930707553188,-0.04031455337653391,-0.013474867601038804
21.78,0.4001374268877046,-0.7066975929768807,-0.04033122336533741,-0.013342544691045182
21.840000000000003,0.39771706382132793,-0.707494176719722,-0.040347475980686866,-0.013210251854786125
21.900000000000006,0.39529573811051394,-0.708282823826246,-0.04036331157174683,-0.013077990357920025
21.960000000000008,0.39287347476615314,-0.7090635362147396,-0.04037873049136124,-0.012945761464252758
22.02000000000001,0.3904502987778551,-0.7098363158792624,-0.0403937330960455,-0.012813566435727494
22.08,0.3880262351137292,-0.7106011648895344,-0.04040831974597845,-0.012681406532414582
22.14,0.38560130872016257,-0.7113580853908232,-0.040422490804994396,-0.012549283012501314
22.200000000000003,0.38317554452160446,-0.7121070796038316,-0.04043624664057504,-0.012417197132282004
22.260000000000005,0.3807489674203457,-0.712848149824582,-0.04044958762384142,-0.012285150146147826
22.320000000000007,0.37832160229630063,-0.7135812984243038,-0.0404625141295458,-0.012153143306576802
22.38000000000001,0.3758934740067898,-0.7143065278493169,-0.040475026536063594,-0.01202117786412381
22.439999999999998,0.3734646073863233,-0.7150238406209165,-0.04048712522538516,-0.011889255067410655
22.5,0.371035027246382,-0.7157332393352577,-0.040498810583107704,-0.01175737616311601
22.560000000000002,0.36860475837520423,-0.7164347266632367,-0.040510082998427,-0.011625542395965693
22.620000000000005,0.3661738255375688,-0.7171283053503751,-0.04052094286412923,-0.011493755008722684
22.680000000000007,0.36374225347457945,-0.7178139782167007,-0.04053139057658274,-0.0113620152421773
22.74000000000001,0.36131006690345074,-0.7184917481566299,-0.04054142653572971,-0.011230324335137404
22.799999999999997,0.3588772905172942,-0.7191616181388469,-0.04055105114507793,-0.011098683524418642
22.86,0.3564439489849024,-0.719823591206186,-0.04056026481169243,-0.010967094044834591
22.92,0.35401006695053927,-0.7204776704755093,-0.0405690679461871,-0.010835557129187217
22.980000000000004,0.35157566903372495,-0.7211238591375865,-0.04057746096271646,-0.010704074008257075
23.040000000000006,0.34914077982902453,-0.721762160456973,-0.04058544427896708,-0.010572645910793689
23.10000000000001,0.3467054239058359,-0.7223925777718885,-0.040593018316149275,-0.010441274063505934
23.159999999999997,0.34426962580817966,-0.7230151144940935,-0.040600183498988654,-0.010309959691052481
23.22,0.34183341005448564,-0.7236297741087668,-0.04060694025571758,-0.010178704016032115
23.28,0.3393968011373868,-0.7242365601743802,-0.04061328901806679,-0.010047508258974398
23.340000000000003,0.33695982352350645,-0.7248354763225755,-0.040619230221256734,-0.009916373638330056
23.400000000000006,0.3345225016532507,-0.7254265262580388,-0.04062476430398918,-0.009785301370461555
23.460000000000008,0.33208485994059905,-0.7260097137583753,-0.04062989170843854,-0.009654292669633663
23.52000000000001,0.32964692277289653,-0.7265850426739825,-0.040634612880243316,-0.00952334874800407
23.58,0.3272087145106469,-0.7271525169279239,-0.04063892826849753,-0.00939247081561404
23.64,0.32477025948730315,-0.7277121405158027,-0.040642838325742,-0.009261660080378972
23.700000000000003,0.3223315820090641,-0.7282639175056318,-0.04064634350795574,-0.009130917748079278
23.760000000000005,0.31989270635466643,-0.7288078520377073,-0.040649444274547315,-0.009000245022351
23.820000000000007,0.3174536567751797,-0.7293439483244787,-0.04065214108834601,-0.008869643104676599
23.88000000000001,0.3150144574938014,-0.7298722106504196,-0.04065443441559322,-0.008739113194375762
23.939999999999998,0.31257513270565274,-0.7303926433718977,-0.040656324725933654,-0.008608656488596269
24.0,0.3101357065775727,-0.7309052509170445,-0.040657812492406534,-0.008478274182304716
24.060000000000002,0.30769620324791824,-0.7314100377856233,-0.040658898191436844,-0.00834796746827762
24.120000000000005,0.30525664682635856,-0.7319070085488983,-0.04065958230282647,-0.008217737537092205
24.180000000000007,0.3028170613936739,-0.7323961678495025,-0.0406598653097454,-0.008087585577117409
24.24000000000001,0.3003774710015534,-0.7328775204013035,-0.04065974769872281,-0.007957512774504873
24.299999999999997,0.29793789967239437,-0.7333510709892724,-0.04065922995963821,-0.007827520313180002
24.36,0.29549837139909957,-0.7338168244693483,-0.040658312585712515,-0.007697609374832898
24.42,0.29305891014488,-0.7342747857683046,-0.04065699607349914,-0.007567781138909646
24.480000000000004,0.2906195398430532,-0.7347249598836137,-0.040655280922875014,-0.007438036782603313
24.540000000000006,0.2881802843968447,-0.7351673518833117,-0.040653167637031626,-0.007308377480845139
24.60000000000001,0.2857411676791891,-0.7356019669058631,-0.04065065672246602,-0.007178804406295725
24.659999999999997,0.2833022135325332,-0.7360288101600229,-0.04064774868897176,-0.007049318729336301
24.72,0.2808634457686353,-0.7364478869247009,-0.04064444404962994,-0.006919921618059856
24.78,0.27842488816837263,-0.7368592025488234,-0.040640743320800074,-0.006790614238262605
24.840000000000003,0.27598656448154174,-0.7372627624511956,-0.040636647022111026,-0.006661397753435212
24.900000000000006,0.2735484984266639,-0.7376585721203625,-0.04063215567645191,-0.0065322733247541575
24.960000000000008,0.2711107136907893,-0.73804663711447,-0.04062726980996297,-0.006403242111073147
25.02000000000001,0.2686732339293025,-0.7384269630611255,-0.04062198995202642,-0.006274305268914531
25.08,0.2662360827657285,-0.7387995556572577,-0.040616316635257305,-0.006145463952460788
25.14,0.2637992837915372,-0.7391644206689755,-0.04061025039549426,-0.006016719313545904
25.200000000000003,0.26136286056595315,-0.7395215639314274,-0.04060379177179039,-0.0058880725016470774
25.260000000000005,0.25892683661576116,-0.7398709913486597,-0.040596941306403934,-0.005759524663876157
25.320000000000007,0.25649123543511443,-0.740212708893474,-0.04058969954478912,-0.005631076944971262
25.38000000000001,0.25405608048534334,-0.7405467226072847,-0.04058206703558683,-0.0055027304872884136
25.439999999999998,0.251621395194765,-0.7408730385999761,-0.040574044330615316,-0.005374486430793222
25.5,0.24918720295849078,-0.7411916630497589,-0.04056563198486092,-0.005246345913052459
25.560000000000002,0.24675352713823953,-0.7415026022030248,-0.04055683055646874,-0.00511831006922597
25.620000000000005,0.2443203910621464,-0.7418058623742031,-0.040547640606733264,-0.004990380032058312
25.680000000000007,0.2418878180245747,-0.7421014499456154,-0.040538062700089014,-0.0048625569318705795
25.74000000000001,0.23945583128592762,-0.7423893713673292,-0.04052809740410115,-0.004734841896552235
25.799999999999997,0.2370244540724613,-0.7426696331570122,-0.040517745289456085,-0.004607236051552998
25.86,0.23459370957609563,-0.742942241899786,-0.04050700692995203,-0.004479740519874629
25.92,0.2321636209542312,-0.7432072042480785,-0.04049588290248958,-0.004352356422063034
25.980000000000004,0.22973421132956115,-0.7434645269214767,-0.04048437378706221,-0.004225084876200108
26.040000000000006,0.22730550378988643,-0.743714216706578,-0.04047248016674685,-0.004097926997895774
26.10000000000001,0.22487752138793118,-0.7439562804568421,-0.04046020262769433,-0.003970883900280003
26.159999999999997,0.22245028714115905,-0.7441907250924423,-0.040447541759119854,-0.0038439566939949235
26.22,0.2200238240315873,-0.7444175576001153,-0.040434498153293544,-0.003717146487186796
26.28,0.2175981550056074,-0.7446367850330113,-0.040421072405530785,-0.003590454385498328
26.340000000000003,0.21517330297380016,-0.7448484145105443,-0.04040726511418271,-0.0034638814920607284
26.400000000000006,0.21274929081075447,-0.7450524532182401,-0.04039307688062656,-0.0033374289074859327
26.460000000000008,0.21032614135488606,-0.7452489084075857,-0.0403785083092561,-0.0032110977298588548
26.52000000000001,0.20790387740825683,-0.7454377873958774,-0.04036356000747204,-0.003084889054729648
26.58,0.2054825217363951,-0.7456190975660678,-0.04034823258567227,-0.002958803975106049
26.64,0.20306209706811412,-0.7457928463666138,-0.0403325266572423,-0.0028328435814455972
26.700000000000003,0.20064262609533615,-0.7459590413113228,-0.040316442838545505,-0.0027070089616481885
26.760000000000005,0.19822413147291212,-0.7461176899791998,-0.040299981748913485,-0.002581301201048371
26.820000000000007,0.1958066358184442,-0.7462688000142923,-0.04028314401063632,-0.002455721382407814
26.88000000000001,0.19339016171210863,-0.746412379125536,-0.04026593024895278,-0.0023302705859077916
26.939999999999998,0.1909747316964797,-0.7465484350866004,-0.040248341092040694,-0.0022049498891417263
27.0,0.18856036827635145,-0.7466769757357321,-0.04023037717100708,-0.0020797603671076173
27.060000000000002,0.18614709391856543,-0.7467980089756002,-0.04021203911987838,-0.0019547030922008025
27.120000000000005,0.18373493105183386,-0.7469115427731389,-0.040193327575590694,-0.0018297791342064581
27.180000000000007,0.18132390206656562,-0.7470175851593909,-0.04017424317797991,-0.0017049895602922818
27.24000000000001,0.1789140293146928,-0.7471161442293508,-0.04015478656977189,-0.0015803354350011783
27.299999999999997,0.176505335109498,-0.7472072281418062,-0.040134958396572655,-0.0014558178202440132
27.36,0.17409784172543954,-0.7472908451191805,-0.04011475930685844,-0.0013314377752922514
27.42,0.1716915713979831,-0.7473670034473743,-0.040094189951965876,-0.0012071963567709236
27.480000000000004,0.169286546323428,-0.7474357114756055,-0.04007325098608203,-0.0010830946186513393
27.540000000000006,0.16688278865873707,-0.7474969776162511,-0.040051943066234545,-0.0009591336122439731
27.60000000000001,0.16448032052136646,-0.7475508103446863,-0.04003026685228167,-0.0008353143861913652
27.659999999999997,0.16207916398909689,-0.7475972181991251,-0.04000822300690233,-0.0007116379864610787
27.72,0.15967934109986198,-0.7476362097804584,-0.03998581219558612,-0.0005881054563385528
27.78,0.1572808738515839,-0.7476677937520941,-0.0399630350866234,-0.0004647178364202769
27.840000000000003,0.15488378420200294,-0.7476919788397954,-0.03993989235109523,-0.00034147616460670913
27.900000000000006,0.152488094068511,-0.7477087738315176,-0.03991638466286339,-0.00021838147609538075
27.960000000000008,0.15009382532798515,-0.7477181875772471,-0.03989251269856037,-9.543480337399804e-05
28.02000000000001,0.1477009998166217,-0.7477202289888382,-0.03986827713757928,2.7362823786414802e-05
28.08,0.14530963932977126,-0.7477149070398494,-0.03984367866206384,0.00015001037833830454
28.14,0.14291976562177197,-0.7477022307653807,-0.03981871795689827,0.00027250683596450513
28.200000000000003,0.14053140040578854,-0.7476822092619084,-0.039793395709697255,0.00039485117508480136
28.260000000000005,0.13814456535364664,-0.7476548516871221,-0.03976771261079579,0.0005170423768627779
28.320000000000007,0.13575928209567048,-0.7476201672597581,-0.03974166935323913,0.00063907942521246
28.38000000000001,0.13337557222052043,-0.7475781652594362,-0.03971526663277258,0.0007609613068049699
28.439999999999998,0.13099345727503212,-0.7475288550264926,-0.03968850514783141,0.0008826870110751093
28.5,0.12861295876405268,-0.7474722459618143,-0.03966138559953069,0.0010042555302280456
28.560000000000002,0.12623409815028416,-0.7474083475266727,-0.0396339086916551,0.0011256658592456862
28.620000000000005,0.12385689685412092,-0.7473371692425569,-0.03960607513064877,0.0012469169958932984
28.680000000000007,0.12148137625349127,-0.7472587206910064,-0.03957788562560505,0.001368007940725952
28.74000000000001,0.11910755768369861,-0.7471730115134436,-0.03954934088825632,0.001488937697094952
28.799999999999997,0.11673546243726411,-0.7470800514110059,-0.039520441632963796,0.001609705271154216
28.86,0.11436511176376696,-0.7469798501443768,-0.03949118857670718,0.0017303096718667469
28.92,0.11199652686969092,-0.746872417533618,-0.03946158243907453,0.0018507499110107975
28.980000000000004,0.10962972891826593,-0.7467577634579997,-0.039431623942251956,0.001971025003186271
29.040000000000006,0.1072647390293131,-0.7466358978558311,-0.039401313811013285,0.0020911339658209616
29.10000000000001,0.10490157827908973,-0.7465068307242915,-0.03937065277270985,0.002211075819176763
29.159999999999997,0.1025402677001355,-0.7463705721192583,-0.03933964155726015,0.002330849586355842
29.22,0.10018082828111657,-0.7462271321551381,-0.039308280897139496,0.0024504542933068978
29.28,0.09782328096667578,-0.7460765210046948,-0.03927657152736976,0.002569888968831104
29.340000000000003,0.09546764665727803,-0.7459187488988784,-0.03924451418550898,0.0026891526445883074
29.400000000000006,0.09311394620905886,-0.7457538261266538,-0.03921210961164098,0.0028082443551030525
29.460000000000008,0.09076220043367325,-0.7455817630348278,-0.039179358548365094,0.002927163137770578
29.52000000000001,0.08841243009814509,-0.7454025700278776,-0.03914626174078568,0.003045908032862796
29.58,0.08606465592471757,-0.7452162575677775,-0.03911281993650183,0.0031644780835342074
29.64,0.08371889859070178,-0.7450228361738259,-0.03907903388559684,0.0032828723358279107
29.700000000000003,0.08137517872833115,-0.7448223164224718,-0.03904490434062797,0.0034010898386813075
29.760000000000005,0.07903351692461118,-0.744614708947141,-0.03901043205661584,0.0035191296439320346
29.820000000000007,0.07669393372117254,-0.7444000244380621,-0.03897561779103412,0.0036369908063237522
29.88000000000001,0.07435644961412405,-0.7441782736420912,-0.038940462303799,0.0037546723835118804
29.939999999999998,0.07202108505390717,-0.7439494673625382,-0.038904966357258805,0.003872173436069314
30.0,0.06968786044514809,-0.7437136164589906,-0.03886913071618341,0.003989493027492216
30.060000000000002,0.06735679614651605,-0.7434707318471382,-0.038832956147753894,0.004106630224205504
30.120000000000005,0.06502791247057686,-0.7432208244985977,-0.03879644342155196,0.004223584095568578
30.180000000000007,0.0627012296836496,-0.742963905440736,-0.03875959330954942,0.0043403537138808805
30.24000000000001,0.06037676800566368,-0.7426999857564931,-0.03872240658609775,0.004456938154387435
30.299999999999997,0.058054547610016764,-0.7424290765842066,-0.03868488402791751,0.004573336495284332
30.36,0.05573458862343085,-0.7421511891174332,-0.0386470264140878,0.004689547817724312
30.42,0.053416911125814384,-0.7418663346047715,-0.03860883452603575,0.004805571205822045
30.480000000000004,0.05110153515011943,-0.7415745243496847,-0.038570309147525954,0.0049214057466596345
30.540000000000006,0.04878848068220227,-0.7412757697103214,-0.03853145106464989,0.005037050530291967
30.60000000000001,0.04647776766068425,-0.740970082099338,-0.038492261065815346,0.005152504649752033
30.659999999999997,0.0441694159768135,-0.7406574729837193,-0.03845273994173584,0.0052677672010562025
30.72,0.04186344547432483,-0.7403379538845993,-0.03841288848542,0.005382837283209592
30.78,0.03955987594930556,-0.7400115363770822,-0.038372707492161,0.005497713998211125
30.840000000000003,0.037258727150056604,-0.739678232090062,-0.03833219775952591,0.005612396451058826
30.900000000000006,0.03496001877695693,-0.7393380527060431,-0.038291360087345065,0.005726883749754948
30.960000000000008,0.03266377048232802,-0.7389910099609593,-0.03825019527770148,0.00584117500531109
31.02000000000001,0.03037000187029908,-0.7386371156439931,-0.03820870413492014,0.005955269331753276
31.08,0.0280787324966733,-0.7382763815973954,-0.038166887465557395,0.006069165846126972
31.14,0.025789981868792323,-0.737908819716303,-0.03812474607839027,0.006182863668502202
31.200000000000003,0.02350376944540632,-0.7375344419485581,-0.038082280784405786,0.006296361921978362
31.260000000000005,0.021220114636539708,-0.7371532602945259,-0.03803949239679035,0.006409659732689263
31.320000000000007,0.018939036803360027,-0.7367652868069122,-0.03799638173091899,0.006522756229808004
31.38000000000001,0.016660555258046907,-0.7363705335905815,-0.037952949604344664,0.006635650545551834
31.439999999999998,0.014384689263662286,-0.7359690128023734,-0.037909196836787604,0.0067483418151869645
31.5,0.012111458034018474,-0.73556073665092,-0.03786512425012454,0.006860829177033461
31.560000000000002,0.009840880733552401,-0.7351457173964627,-0.03782073266837806,0.006973111772469843
31.620000000000005,0.007572976477194995,-0.734723967350668,-0.03777602291770578,0.007085188745937911
31.680000000000007,0.005307764330243923,-0.7342954988764444,-0.03773099582638968,0.007197059244947407
31.74000000000001,0.0030452633082365126,-0.733860324387757,-0.03768565222482536,0.007308722420080666
31.799999999999997,0.000785492376823725,-0.7334184563494441,-0.037639992945511236,0.007420177424997195
31.86,-0.0014715295483578364,-0.732969907277032,-0.037594018823037784,0.007531423416438365
31.92,-0.0037257836018077897,-0.7325146897365497,-0.037547730694076846,0.007642459554231793
31.980000000000004,-0.0059772509682888934,-0.7320528163443438,-0.037501129397370776,0.007753285001295952
32.040000000000006,-0.008225912882950182,-0.7315842997668937,-0.037454215773721676,0.007863898923644612
32.10000000000001,-0.010471750631450425,-0.7311091527206238,-0.037406990665980626,0.007974300490391278
32.16,-0.012714745550080075,-0.7306273879717197,-0.03735945491903689,0.008084488873753565
32.22,-0.01495487902588541,-0.7301390183359397,-0.037311609379807056,0.008194463249057654
32.28,-0.017192132496786684,-0.7296440566784304,-0.03726345489722429,0.008304222794742471
32.34,-0.019426487451700867,-0.7291425159135372,-0.03721499232222751,0.008413766692364079
32.400000000000006,-0.021657925430661237,-0.7286344090046195,-0.03716622250775053,0.008523094126599908
32.46000000000001,-0.023886428024936585,-0.728119748963862,-0.037117146308711234,0.008632204285252972
32.52000000000001,-0.026111976877150087,-0.7275985488520874,-0.037067764582000784,0.008741096359256047
32.58,-0.028334553681396736,-0.7270708217785684,-0.03701807818647274,0.0088497695426758
32.64,-0.03055414018336299,-0.7265365809008392,-0.03696808798293218,0.008958223032717
32.7,-0.03277071818044023,-0.7259958394245082,-0.03691779483412491,0.009066456029726442
32.760000000000005,-0.034984269521843116,-0.7254486106030681,-0.036867199604726585,0.009174467737197073
32.82000000000001,-0.037194776108724466,-0.7248949077377076,-0.036816303161331825,0.00928225736177199
32.88000000000001,-0.03940221989429005,-0.7243347441771226,-0.03676510637244334,0.009389824113248402
32.94,-0.041606582883912294,-0.723768133317326,-0.03671361010846108,0.00949716720458152
33.0,-0.04380784713524575,-0.7231950886014588,-0.0366618152416713,0.009604285851888578
33.06,-0.046005994758336985,-0.7226156235195995,-0.03660972264623575,0.009711179274452524
33.120000000000005,-0.04820100791573873,-0.7220297516085755,-0.03655733319818071,0.009817846694725947
33.18000000000001,-0.05039286882262099,-0.721437486451771,-0.036504647775386145,0.009924287338334848
33.24000000000001,-0.05258155974688185,-0.7208388416789377,-0.03645166725757474,0.010030500434082382
33.3,-0.0547670630092573,-0.7202338309660039,-0.03639839252630107,0.010136485213952556
33.36,-0.05694936098343287,-0.7196224680348831,-0.03634482446494059,0.010242240913114006
33.42,-0.05912843609614933,-0.7190047666532825,-0.036290963958678826,0.010347766769923493
33.480000000000004,-0.06130427082731316,-0.7183807406345136,-0.03623681189450037,0.010453062025929605
33.540000000000006,-0.06347684771010371,-0.7177504038372975,-0.03618236916117799,0.010558125925876318
33.60000000000001,-0.06564614933107989,-0.717113770165576,-0.036127636649261684,0.01066295771770652
33.66,-0.06781215833028628,-0.7164708535683176,-0.03607261525106777,0.010767556652565497
33.72,-0.06997485740136068,-0.7158216680393259,-0.036017305860667904,0.01087192198480449
33.78,-0.07213422929163595,-0.7151662276170475,-0.03596170937387817,0.01097605297198398
33.84,-0.07429025680224656,-0.7145045463843788,-0.03590582668824815,0.011079948874877175
33.900000000000006,-0.07644292278823168,-0.7138366384684735,-0.035849658703049896,0.01118360895747336
33.96000000000001,-0.07859221015863821,-0.7131625180405491,-0.03579320631926709,0.011287032486981197
34.02000000000001,-0.0807381018766231,-0.7124821993156942,-0.03573647043958399,0.011390218733832025
34.08,-0.08288058095955463,-0.7117956965526747,-0.035679451968374506,0.011493166971683084
34.14,-0.08501963047911541,-0.71110302405374,-0.035622151811691226,0.011595876477420828
34.2,-0.08715523356139991,-0.7104041961644295,-0.035564570877254474,0.011698346531163957
34.260000000000005,-0.08928737338701585,-0.7096992272733785,-0.035506710074441304,0.01180057641626665
34.32000000000001,-0.09141603319118322,-0.7089881318121238,-0.03544857031427458,0.011902565419321668
34.38000000000001,-0.09354119626383237,-0.7082709242549096,-0.03539015250941191,0.012004312830163413
34.44,-0.09566284594970134,-0.7075476191184925,-0.03533145757413477,0.012105817941870937
34.5,-0.09778096564843511,-0.7068182309619466,-0.035272486424337446,0.012207080050771046
34.56,-0.09989553881467887,-0.7060827743864698,-0.03521323997751608,0.012308098456441124
34.620000000000005,-0.10200654895817585,-0.7053412640351872,-0.03515371915275769,0.012408872461712152
34.68000000000001,-0.10411397964386195,-0.7045937145929559,-0.03509392487072917,0.012509401372671583
34.74000000000001,-0.10621781449196022,-0.7038401407861713,-0.035033858053666295,0.012609684498666191
34.8,-0.10831803717807416,-0.7030805573825688,-0.034973519625362756,0.012709721152304886
34.86,-0.11041463143328283,-0.7023149791910299,-0.03491291051115911,0.012809510649461587
34.92,-0.11250758104423038,-0.7015434210613857,-0.03485203163793185,0.012909052309277825
34.980000000000004,-0.11459686985321983,-0.7007658978842206,-0.034790883934082355,0.01300834545416557
35.040000000000006,-0.11668248175830379,-0.6999824245906763,-0.03472946832952592,0.01310738940980988
35.10000000000001,-0.11876440071337484,-0.6991930161522546,-0.03466778575568074,0.013206183505171531
35.16,-0.12084261072825507,-0.6983976875806223,-0.034605837145456925,0.013304727072489638
35.22,-0.12291709586878712,-0.697596453927412,-0.034543623433245456,0.013403019447284299
35.28,-0.12498784025691971,-0.6967893302840279,-0.034481145554907215,0.013501059968358988
35.34,-0.1270548280707976,-0.6959763317814468,-0.034418404447761994,0.013598847977803172
35.400000000000006,-0.12911804354484813,-0.695157473590022,-0.03435540105057744,0.01369638282099474
35.46000000000001,-0.13117747096986798,-0.6943327709192847,-0.03429213630355809,0.013793663846602446
35.52000000000001,-0.1332330946931088,-0.6935022390177475,-0.034228611148334316,0.013890690406588298
35.58,-0.1352848991183622,-0.6926658931727071,-0.03416482652795139,0.013987461856209905
35.64,-0.1373328687060461,-0.6918237487100443,-0.03410078338685836,0.014083977554022895
35.7,-0.1393769879732857,-0.6909758209940289,-0.03403648267089717,0.01418023686188305
35.760000000000005,-0.14141724149399876,-0.6901221254271197,-0.03397192532729156,0.014276239144948688
35.82000000000001,-0.14345361389897762,-0.6892626774497671,-0.03390711230463609,0.014371983771682834
35.88000000000001,-0.14548608987597114,-0.6883974925402144,-0.033842044552885114,0.01446747011385541
35.94,-0.14751465416976542,-0.6875265862142999,-0.0337767230233418,0.01456269754654538
36.0,-0.14953929158226656,-0.6866499740252564,-0.03371114866864706,0.014657665448142928
36.06,-0.15155998697257733,-0.6857676715635159,-0.0336453224427686,0.014752373200351413
36.120000000000005,-0.15357672525707874,-0.6848796944565072,-0.033579245300989886,0.014846820188189532
36.18000000000001,-0.1555894914095079,-0.6839860583684594,-0.033512918199899135,0.014941005799993256
36.24000000000001,-0.15759827046103606,-0.6830867790002013,-0.03344634209737831,0.015034929427417852
36.3,-0.1596030475003455,-0.682181872088963,-0.03337951795259212,0.015128590465439766
36.36,-0.1616038076737081,-0.6812713534081762,-0.033312446725976955,0.015221988312358643
36.42,-0.1636005361850582,-0.680355238767275,-0.03324512937922998,0.015315122369799043
36.480000000000004,-0.16559321829607013,-0.6794335440114962,-0.03317756687529804,0.015407992042712369
36.540000000000006,-0.16758183932623208,-0.6785062850216799,-0.03310976017836672,0.015500596739378652
36.60000000000001,-0.1695663846529205,-0.6775734777140691,-0.033041710253849305,0.015592935871408309
36.66,-0.17154683971147255,-0.6766351380401106,-0.03297341806837578,0.015685008853743857
36.72,-0.17352318999526087,-0.6756912819862538,-0.03290488458978183,0.01577681510466169
36.78,-0.1754954210557627,-0.6747419255737528,-0.03283611078709786,0.015868354045773598
36.84,-0.1774635185026333,-0.6737870848584636,-0.032767097630537985,0.015959625102028495
36.900000000000006,-0.17942746800377574,-0.6728267759306462,-0.03269784609148905,0.01605062770171399
36.96000000000001,-0.18138725528541141,-0.6718610149147622,-0.03262835714249959,0.016141361276457922
37.019999999999996,-0.1833428661321487,-0.6708898179692764,-0.03255863175726892,0.016231825261229876
37.08,-0.1852942863870535,-0.6699132012864537,-0.032488670910636036,0.016322019094342746
37.14,-0.1872415019517146,-0.668931181092161,-0.03241847557856874,0.01641194221745406
37.2,-0.18918449878631302,-0.6679437736456646,-0.032348046738152565,0.016501594075567498
37.260000000000005,-0.19112326290968812,-0.6669509952394312,-0.03227738536757988,0.016590974117034214
37.32000000000001,-0.1930577803994036,-0.665952862198925,-0.03220649244613882,0.01668008179355422
37.38000000000001,-0.19498803739181325,-0.6649493908824081,-0.03213536895420236,0.016768916560177684
37.44,-0.19691402008212489,-0.6639405976807394,-0.03206401587321737,0.016857477875306174
37.5,-0.19883571472446654,-0.6629264990171719,-0.031992434185693516,0.01694576520069402
37.56,-0.20075310763194704,-0.6619071113471542,-0.03192062487519246,0.01703377800144935
37.620000000000005,-0.20266618517672058,-0.6608824511581269,-0.03184858892631679,0.0171215157460354
37.68000000000001,-0.20457493379004862,-0.6598525349693224,-0.03177632732469907,0.017208977906271586
37.74000000000001,-0.20647933996236112,-0.6588173793315631,-0.03170384105699091,0.017296163957334628
37.8,-0.20837939024331698,-0.6577770008270608,-0.03163113111085198,0.017383073377759618
37.86,-0.21027507124186592,-0.6567314160692127,-0.031558198474939056,0.017469705649441114
37.92,-0.21216636962630556,-0.6556806417024031,-0.0314850441388951,0.017556060257634024
37.980000000000004,-0.21405327212434166,-0.6546246944017996,-0.031411669093338285,0.017642136690954657
38.040000000000006,-0.21593576552314608,-0.6535635908731521,-0.03133807432985109,0.017727934441381658
38.10000000000001,-0.21781383666941445,-0.6524973478525904,-0.031264260840969324,0.01781345300425686
38.16,-0.21968747246942225,-0.6514259821064239,-0.031190229620171216,0.017898691878286178
38.22,-0.22155665988908302,-0.6503495104309372,-0.03111598166186643,0.017983650565540486
38.28,-0.22342138595400135,-0.6492679496521913,-0.03104151796138524,0.018068328571456328
38.34,-0.2252816377495292,-0.6481813166258188,-0.030966839514967526,0.018152725404836714
38.400000000000006,-0.22713740242082012,-0.6470896282368236,-0.03089194731975189,0.018236840577851868
38.46000000000001,-0.2289886671728827,-0.6459929013993786,-0.030816842373764745,0.018320673606039912
38.519999999999996,-0.23083541927063286,-0.644891153056623,-0.030741525675909407,0.018404224008307497
38.58,-0.23267764603894817,-0.6437844001804603,-0.03066599822595513,0.01848749130693052
38.64,-0.23451533486271667,-0.6426726597713569,-0.030590261024526326,0.018570475027554594
38.7,-0.23634847318688992,-0.641555948858139,-0.030514315073091575,0.018653174699195686
38.760000000000005,-0.23817704851653235,-0.6404342844977908,-0.030438161373952777,0.018735589854240623
38.82000000000001,-0.24000104841687142,-0.6393076837752524,-0.03036180093023426,0.01881772002844758
38.88000000000001,-0.24182046051334638,-0.638176163803217,-0.030285234745871893,0.01889956476094655
38.94,-0.24363527249165634,-0.6370397417219288,-0.03020846382560224,0.01898112359423972
39.0,-0.24544547209780948,-0.6358984346989806,-0.030131489174951634,0.01906239607420197
39.06,-0.24725104713816787,-0.6347522599291117,-0.030054311800225386,0.0191433817500811
39.120000000000005,-0.2490519854794954,-0.6336012346340055,-0.029976932708496894,0.019224080174498226
39.18000000000001,-0.250848275049003,-0.6324453760620868,-0.02989935290759679,0.019304490903448053
39.24000000000001,-0.25263990383439405,-0.6312847014883194,-0.02982157340610209,0.01938461349629914
39.3,-0.2544268598839082,-0.6301192282140038,-0.029743595213325386,0.019464447515794077
39.36,-0.25620913130636674,-0.6289489735665745,-0.029665419339303948,0.019543992528049784
39.42,-0.2579867062712138,-0.6277739548993982,-0.02958704679478897,0.019623248102557528
39.480000000000004,-0.25975957300855973,-0.6265941895915709,-0.02950847859123472,0.01970221381218313
39.540000000000006,-0.2615277198092231,-0.6254096950477147,-0.029429715740787704,0.01978088923316701
39.60000000000001,-0.26329113502477197,-0.6242204886977769,-0.029350759256275893,0.01985927394512429
39.66,-0.26504980706756354,-0.6230265879968264,-0.02927161015119791,0.019937367531044775
39.72,-0.26680372441078626,-0.6218280104248508,-0.029192269439712183,0.02001516957729298
39.78,-0.2685528755884961,-0.6206247734865554,-0.02911273813662624,0.020092679673608022
39.84,-0.2702972491956574,-0.6194168947111597,-0.0290330172573859,0.02016989741310361
39.900000000000006,-0.2720368338881799,-0.6182043916521951,-0.028953107818064452,0.020246822392267876
39.96000000000001,-0.2737716183829564,-0.6169872818873025,-0.028873010835351945,0.020323454210963297
40.019999999999996,-0.275501591457899,-0.6157655830180301,-0.028792727326544414,0.020399792472426428
40.08,-0.27722674195197644,-0.6145393126696297,-0.02871225830953306,0.020475836783267806
40.14,-0.27894705876524756,-0.6133084884908562,-0.028631604802793614,0.020551586753471608
40.2,-0.28066253085889736,-0.6120731281537641,-0.028550767825375526,0.0206270419963954
40.260000000000005,-0.2823731472552705,-0.6108332493535052,-0.028469748396891252,0.02070220212876987
40.32000000000001,-0.28407889703790545,-0.6095888698081261,-0.028388547537505512,0.020777066770698422
40.38000000000001,-0.2857797693515665,-0.6083400072583663,-0.028307166267924608,0.02085163554565687
40.44,-0.2874757534022761,-0.6070866794674556,-0.028225605609385713,0.02092590808049295
40.5,-0.28916683845734764,-0.605828904220911,-0.028143866583646076,0.020999884005425996
40.56,-0.29085301384541423,-0.6045666993263362,-0.028061950212972486,0.02107356295404633
40.620000000000005,-0.29253426895646034,-0.6033000826132181,-0.02797985752013047,0.02114694456331485
40.68000000000001,-0.29421059324185095,-0.6020290719327245,-0.027897589528373654,0.021220028473562455
40.74000000000001,-0.2958819762143608,-0.6007536851575025,-0.027815147261433117,0.021292814328489496
40.8,-0.29754840744820216,-0.5994739401814766,-0.02773253174350669,0.02136530177516515
40.86,-0.29920987657905407,-0.5981898549196448,-0.027649743999248286,0.021437490464026827
40.92,-0.3008663733040868,-0.596901447307879,-0.027566785053757332,0.021509380048879437
40.980000000000004,-0.30251788738199037,-0.5956087353027214,-0.02748365593256809,0.021580970186894737
41.040000000000006,-0.30416440863299965,-0.594311736881183,-0.02740035766163903,0.02165226053861059
41.10000000000001,-0.30580592693891917,-0.5930104700405416,-0.027316891267342196,0.021723250767930188
41.16,-0.30744243224314793,-0.59170495279814,-0.027233257776452663,0.021793940542121255
41.22,-0.3090739145507041,-0.5903952031911829,-0.027149458216137814,0.021864329531815285
41.28,-0.3107003639282464,-0.5890812392765375,-0.027065493613946893,0.021934417411006556
41.34,-0.31232177050409815,-0.5877630791305305,-0.026981364997800353,0.022004203857051336
41.400000000000006,-0.31393812446826846,-0.5864407408487455,-0.026897073395979264,0.02207368855066691
41.46000000000001,-0.3155494160724743,-0.585114242545823,-0.02681261983711478,0.02214287117593066
41.519999999999996,-0.31715563563016,-0.583783602355258,-0.026728005350177608,0.02221175142027902
41.58,-0.31875677351651943,-0.5824488384291977,-0.02664323096446738,0.022280328974506557
41.64,-0.32035282016851263,-0.5811099689382421,-0.026558297709602222,0.022348603532764785
41.7,-0.32194376608488673,-0.5797670120712407,-0.02647320661550818,0.022416574792561175
41.760000000000005,-0.32352960182619317,-0.5784199860350921,-0.026387958712408684,0.022484242454758007
41.82000000000001,-0.32511031801480555,-0.5770689090545428,-0.026302555030814093,0.022551606223571226
41.88000000000001,-0.32668590533493647,-0.5757137993719854,-0.02621699660151116,0.022618665806569273
41.94,-0.3282563545326531,-0.5743546752472583,-0.026131284455552583,0.022685420914671833
42.0,-0.3298216564158951,-0.572991554957443,-0.026045419624246464,0.022751871262148678
42.06,-0.33138180185448657,-0.571624456796666,-0.025959403139145923,0.022818016566618297
42.120000000000005,-0.3329367817801523,-0.5702533990758951,-0.025873236032038612,0.022883856549046643
42.18000000000001,-0.33448658718653107,-0.5688784001227404,-0.02578691933493627,0.022949390933745782
42.24000000000001,-0.336031209129189,-0.5674994782812525,-0.02570045408006429,0.023014619448372537
42.3,-0.3375706387256314,-0.5661166519117229,-0.02561384129985131,0.023079541823927057
42.36,-0.33910486715531624,-0.5647299393904817,-0.02552708202691873,0.023144157794751465
42.42,-0.3406338856596632,-0.5633393591096991,-0.02544017729407044,0.023208467098528286
42.480000000000004,-0.34215768554206577,-0.5619449294771842,-0.025353128134282334,0.023272469476279034
42.540000000000006,-0.34367625816790087,-0.5605466689161844,-0.02526593558069195,0.023336164672362655
42.60000000000001,-0.34518959496453844,-0.5591445958651856,-0.025178600666588127,0.023399552434473992
42.66,-0.3466976874213493,-0.5577387287777122,-0.025091124425400645,0.02346263251364216
42.72,-0.34820052708971555,-0.556329086122126,-0.025003507890689787,0.023525404664229015
42.78,-0.3496981055830352,-0.5549156863814279,-0.02491575209613617,0.023587868643927402
42.84,-0.35119041457673084,-0.5534985480530574,-0.024827858075530305,0.023650024213759526
42.900000000000006,-0.35267744580825555,-0.5520776896486925,-0.024739826862762316,0.023711871138075265
42.96000000000001,-0.35415919107709865,-0.5506531296940506,-0.024651659491811636,0.023773409184550384
43.019999999999996,-0.3556356422447902,-0.549224886728689,-0.02456335699673675,0.02383463812418479
43.08,-0.35710679123490685,-0.5477929793058045,-0.024474920411664845,0.023895557731300757
43.14,-0.35857263003307377,-0.546357425992036,-0.024386350770781624,0.023956167783541035
43.2,-0.3600331506869692,-0.5449182453672633,-0.02429764910832103,0.02401646806186702
43.260000000000005,-0.36148834530632623,-0.54347545602441,-0.024208816458554994,0.024076458350556884
43.32000000000001,-0.36293820606293575,-0.5420290765692428,-0.0241198538557832,0.024136138437203608
43.38000000000001,-0.36438272519064663,-0.5405791256201737,-0.024030762334322896,0.024195508112713062
43.44,-0.36582189498536705,-0.5391256218080615,-0.02394154292849868,0.02425456717130199
43.5,-0.36725570780506545,-0.5376685837760111,-0.023852196672632265,0.02431331541049607
43.56,-0.36868415606976834,-0.5362080301791785,-0.023762724601032383,0.024371752631127765
43.620000000000005,-0.37010723226156056,-0.5347439796845697,-0.023673127747984555,0.02442987863733432
43.68000000000001,-0.37152492892458283,-0.5332764509708435,-0.02358340714774097,0.02448769323655565
43.74000000000001,-0.3729372386650299,-0.5318054627281132,-0.023493563834510314,0.024545196239532194
43.8,-0.3743441541511473,-0.5303310336577494,-0.023403598842447696,0.024602387460302726
43.86,-0.3757456681132288,-0.52885318247218,-0.023313513205644426,0.024659266716202267
43.92,-0.37714177334361054,-0.5273719278946953,-0.02322330795811805,0.024715833827859714
43.980000000000004,-0.37853246269666746,-0.5258872886592487,-0.02313298413380217,0.024772088619195685
44.040000000000006,-0.37991772908880805,-0.5243992835102596,-0.023042542766536386,0.024828030917420217
44.10000000000001,-0.3812975654984678,-0.522907931202416,-0.022951984890056242,0.02488366055303045
44.16,-0.38267196496610295,-0.5214132505004783,-0.022861311537983205,0.024938977359808264
44.22,-0.38404092059418393,-0.51991526017908,-0.022770523743814518,0.02499398117481798
44.28,-0.3854044255471864,-0.5184139790225338,-0.022679622540913335,0.02504867183840386
44.34,-0.3867624730515837,-0.516909425824633,-0.02258860896249859,0.02510304919418774
44.400000000000006,-0.38811505639583765,-0.5154016193884547,-0.02249748404163507,0.02515711308906656
44.46000000000001,-0.3894621689303894,-0.5138905785261649,-0.022406248811223377,0.02521086337320988
44.519999999999996,-0.39080380406764814,-0.5123763220588212,-0.022314904303990052,0.025264299900057328
44.58,-0.3921399552819827,-0.5108588688161756,-0.022223451552477458,0.025317422526316146
44.64,-0.39347061610970724,-0.5093382376364809,-0.022131891589034027,0.025370231111958477
44.7,-0.39479578014907146,-0.5078144473662936,-0.022040225445804213,0.02542272552021887
44.760000000000005,-0.39611544106024715,-0.5062875168602776,-0.02194845415471863,0.025474905617591616
44.82000000000001,-0.39742959256531524,-0.5047574649810105,-0.021856578747484118,0.025526771273828065
44.88000000000001,-0.3987382284482522,-0.5032243105987863,-0.02176460025557391,0.02557832236193394
44.94,-0.40004134255491536,-0.5016880725914216,-0.02167251971021773,0.025629558758166644
45.0,-0.4013389287930291,-0.5001487698440592,-0.021580338142391884,0.025680480342032505
45.06,-0.4026309811321679,-0.49860642124897525,-0.021488056582809535,0.025731086996283972
45.120000000000005,-0.40391749360374063,-0.4970610457053828,-0.021395676061910812,0.025781378606916816
45.18000000000001,-0.4051984603009746,-0.4955126621192381,-0.021303197609853008,0.025831355063167322
45.24000000000001,-0.40647387537889773,-0.4939612894030462,-0.021210622256500757,0.025881016257509406
45.3,-0.4077437330543203,-0.49240694647566663,-0.021117951031416327,0.025930362085651706
45.36,-0.4090080276058184,-0.49084965226211874,-0.021025184963849725,0.025979392446534733
45.42,-0.4102667533737119,-0.4892894256933895,-0.020932325082729093,0.026028107242327823
45.480000000000004,-0.4115199047600473,-0.48772628570623855,-0.020839372416650875,0.026076506378426238
45.540000000000006,-0.4127674762285766,-0.4861602512430051,-0.02074632799387014,0.026124589763448128
45.60000000000001,-0.4140094623047365,-0.4845913412514148,-0.020653192842290845,0.02617235730923151
45.66,-0.4152458575756269,-0.48301957468438667,-0.02055996798945619,0.026219808930831187
45.72,-0.41647665668999,-0.4814449704998389,-0.020466654462538834,0.02626694454651573
45.78,-0.41770185435818646,-0.47986754766049866,-0.02037325328833139,0.02631376407776425
45.84,-0.4189214453521728,-0.4782873251337074,-0.02027976549323668,0.02636026744926335
45.900000000000006,-0.420135424505478,-0.4767043218912294,-0.02018619210325812,0.0264064545889039
45.96000000000001,-0.42134378671317874,-0.4751185569090594,-0.020092534143990128,0.02645232542777787
46.019999999999996,-0.422546526931875,-0.4735300491672312,-0.019998792640608522,0.026497879900175065
46.08,-0.423743640179665,-0.4719388176496238,-0.019904968617860886,0.026543117943579934
46.14,-0.42493512153611795,-0.47034488134377306,-0.019811063100057095,0.02658803949866822
46.2,-0.4261209661422487,-0.4687482592406778,-0.01971707711105971,0.02663264450930368
46.260000000000005,-0.4273011692004902,-0.46714897033460984,-0.019623011674274448,0.026676932922534764
46.32000000000001,-0.4284757259746656,-0.4655470336229223,-0.01952886781264067,0.026720904688591222
46.38000000000001,-0.4296446317899603,-0.46394246810585943,-0.019434646548621884,0.026764559760880734
46.44,-0.4308078820328927,-0.46233529278636587,-0.019340348904196284,0.026807898095985477
46.5,-0.43196547215128606,-0.46072552666989536,-0.01924597590084717,0.026850919653658704
46.56,-0.43311739765423646,-0.4591131887642222,-0.019151528559553658,0.02689362439682124
46.620000000000005,-0.43426365411208384,-0.4574982980792504,-0.01905700790078114,0.026936012291558006
46.68000000000001,-0.43540423715638044,-0.455880873626824,-0.018962414944471897,0.02697808330711447
46.74000000000001,-0.4365391424798589,-0.45426093442053733,-0.01886775071003567,0.02701983741589313
46.8,-0.43766836583640023,-0.45263849947554674,-0.018773016216340345,0.027061274593449886
46.86,-0.43879190304100163,-0.4510135878083792,-0.018678212481702438,0.027102394818490506
46.92,-0.43990974996974175,-0.44938621843674625,-0.01858334052387792,0.027143198072866907
46.980000000000004,-0.441021902559748,-0.44775641037935365,-0.018488401360052774,0.027183684341573554
47.040000000000006,-0.4421283568091613,-0.44612418265571324,-0.0183933960068337,0.027223853612743747
47.10000000000001,-0.4432291087771016,-0.4444895542859549,-0.018298325480238815,0.02726370587764593
47.16,-0.4443241545836317,-0.4428525442906386,-0.01820319079568839,0.027303241130679924
47.22,-0.4454134904097222,-0.44121317169056556,-0.018107992967995507,0.027342459369373212
47.28,-0.4464971124972133,-0.4395714555065927,-0.01801273301135691,0.027381360594377083
47.34,-0.4475750171487786,-0.4379274147594438,-0.017917411939343736,0.02741994480946286
47.400000000000006,-0.448647200727887,-0.43628106846952286,-0.017822030764892263,0.02745821202151804
47.46000000000001,-0.449713659658764,-0.43463243565672727,-0.017726590500294757,0.027496162240542427
47.519999999999996,-0.45077439042635314,-0.4329815353402617,-0.017631092157190293,0.027533795479644237
47.58,-0.4518293895762771,-0.43132838653844957,-0.017535536746555516,0.02757111175503619
47.64,-0.4528786537147965,-0.4296730082685502,-0.01743992527869562,0.02760811108603153
47.7,-0.45392217950876984,-0.4280154195465705,-0.01734425876323514,0.027644793495040097
47.760000000000005,-0.45495996368561265,-0.4263556393870801,-0.017248538209108853,0.027681159007564283
47.82000000000001,-0.45599200303325554,-0.4246936868030256,-0.017152764624552702,0.02771720765219504
47.88000000000001,-0.45701829440010217,-0.42302958080554603,-0.01705693901709472,0.027752939460607834
47.94,-0.4580388346949862,-0.42136334040378737,-0.016961062393545993,0.027788354467558528
48.0,-0.4590536208871287,-0.419694984604717,-0.016865135759991528,0.02782345271087934
48.06,-0.46006265000609337,-0.4180245324129413,-0.016769160121781382,0.027858234231474686
48.120000000000005,-0.4610659191417428,-0.41635200283052004,-0.016673136483521568,0.027892699073317005
48.18000000000001,-0.4620634254441934,-0.41467741485678256,-0.01657706584906508,0.027926847283442642
48.24000000000001,-0.4630551661237699,-0.4130007874881443,-0.016480949221502957,0.027960678911947607
48.3,-0.46404113845095923,-0.4113221397179236,-0.016384787603155336,0.02799419401198334
48.36,-0.4650213397563648,-0.40964149053615695,-0.016288581995562455,0.028027392639752523
48.42,-0.4659957674306582,-0.4079588589294186,-0.01619233339947586,0.02806027485450471
48.480000000000004,-0.46696441892453255,-0.40627426388063587,-0.016096042814849432,0.028092840718532113
48.540000000000006,-0.46792729174865383,-0.40458772436890755,-0.015999711240830553,0.02812509029716522
48.60000000000001,-0.46888438347361244,-0.4028992593693215,-0.01590333967575123,0.028157023658768484
48.66,-0.4698356917298741,-0.40120888785277337,-0.01580692911711931,0.02818864087473591
48.72,-0.4707812142077305,-0.39951662878578287,-0.015710480561609546,0.028219942019486702
48.78,-0.47172094865724784,-0.3978225011303155,-0.015613995005054967,0.0282509271704608
48.84,-0.4726548928882173,-0.396126523843599,-0.015517473442437986,0.028281596408114455
48.900000000000006,-0.4735830447701031,-0.39442871587794365,-0.015420916867881681,0.02831194981591574
48.96000000000001,-0.474505402231991,-0.39272909618056145,-0.015324326274641054,0.028341987480340072
49.019999999999996,-0.4754219632625353,-0.3910276836933861,-0.015227702655094329,0.028371709490865683
49.08,-0.4763327259099074,-0.38932449735289126,-0.015131047000734163,0.028401115939969093
49.14,-0.4772376882817407,-0.38761955608991366,-0.015034360302159112,0.028430206923120503
49.2,-0.47813684854507776,-0.3859128788294715,-0.014937643549064865,0.028458982538779234
49.260000000000005,-0.4790302049263155,-0.384204484490586,-0.014840897730235631,0.028487442888389114
49.32000000000001,-0.47991775571115025,-0.38249439198610213,-0.014744123833535516,0.028515588076373815
49.38000000000001,-0.4807994992445226,-0.3807826202225104,-0.014647322845899926,0.028543418210132208
49.44,-0.48167543393056095,-0.37906918809976864,-0.014550495753326996,0.02857093340003367
49.5,-0.4825455582325257,-0.37735411451112205,-0.014453643540868947,0.02859813375941338
49.56,-0.4834098706727512,-0.3756374183429283,-0.014356767192623677,0.028625019404567582
49.620000000000005,-0.4842683698325892,-0.3739191184744782,-0.014259867691726135,0.028651590454748823
49.68000000000001,-0.48512105435235026,-0.37219923377781855,-0.014162946020339856,0.028677847032161162
49.74000000000001,-0.4859679229312456,-0.37047778311757595,-0.014066003159648465,0.028703789261955406
49.8,-0.48680897432732745,-0.36875478535077966,-0.013969040089847248,0.02872941727222423
49.86,-0.4876442073574306,-0.3670302593266841,-0.0138720577901346,0.028754731193997383
49.92,-0.488473620897111,-0.36530422388659534,-0.013775057238703757,0.028779731161236766
49.980000000000004,-0.48929721388058606,-0.3635766978636933,-0.013678039412734289,0.02880441731083156
50.040000000000006,-0.49011498530067327,-0.361847700082857,-0.01358100528838374,0.02882878978259331
50.10000000000001,-0.49092693420872885,-0.3601172493604889,-0.013483955840779277,0.02885284871925097
50.16,-0.4917330597145851,-0.35838536450434116,-0.013386892044009356,0.028876594266445954
50.22,-0.4925333609864891,-0.3566520643133388,-0.01328981487111531,0.028900026572727142
50.28,-0.49332783725103796,-0.3549173675774079,-0.0131927252940832,0.028923145789545874
50.34,-0.49411648779311657,-0.35318129307730023,-0.013095624283835419,0.028945952071250895
50.400000000000006,-0.4948993119558328,-0.3514438595844199,-0.01299851281022247,0.02896844557508334
50.46000000000001,-0.49567630914045324,-0.3497050858606498,-0.012901391842014722,0.028990626461171638
50.519999999999996,-0.49644747880633805,-0.34796499065817904,-0.01280426234689422,0.0290124948925264
50.58,-0.49721282047087584,-0.34622359271932857,-0.01270712529144638,0.029034051035035337
50.64,-0.4979723337094166,-0.34448091077638116,-0.01260998164115196,0.029055295057458057
50.7,-0.4987260181552064,-0.3427369635514075,-0.01251283236037881,0.029076227131420967
50.760000000000005,-0.4994738734993194,-0.34099176975609474,-0.01241567841237375,0.02909684743141204
50.82000000000001,-0.5002158994905909,-0.3392453480915752,-0.012318520759254476,0.02911715613477562
50.879999999999995,-0.500952095935549,-0.33749771724825534,-0.012221360362001466,0.029137153421707196
50.94,-0.5016824626983469,-0.33574889590564316,-0.012124198180449826,0.02915683947524815
51.0,-0.5024069997006927,-0.3339989027321803,-0.012027035173281376,0.029176214481280473
51.06,-0.5031257069217808,-0.33224775638506987,-0.011929872298016522,0.02919527862852148
51.120000000000005,-0.5038385843982218,-0.33049547551010716,-0.011832710511006282,0.02921403210851849
51.18000000000001,-0.5045456322239721,-0.3287420787415097,-0.01173555076742428,0.029232475115643478
51.24000000000001,-0.5052468505502631,-0.3269875847017481,-0.011638394021258791,0.02925060784708775
51.3,-0.5059422395855293,-0.32523201200137764,-0.011541241225304826,0.0292684305028565
51.36,-0.5066317995953377,-0.3234753792388675,-0.011444093331156088,0.02928594328576349
51.42,-0.5073155309023138,-0.3217177050004354,-0.011346951289197242,0.029303146401425555
51.480000000000004,-0.5079934338860705,-0.3199590078598776,-0.011249816048595917,0.02932004005825719
51.540000000000006,-0.5086655089831336,-0.31819930637840155,-0.011152688557294881,0.029336624467465086
51.60000000000001,-0.5093317566868683,-0.3164386191044589,-0.0110555697620042,0.029352899843042648
51.66,-0.5099921775474056,-0.3146769645735784,-0.010958460608193447,0.02936886640176447
51.72,-0.5106467721715675,-0.31291436130819816,-0.01086136204008381,0.029384524363180838
51.78,-0.5112955412227912,-0.311150827817501,-0.01076427500064047,0.029399873949612153
51.84,-0.5119384854210539,-0.30938638259724716,-0.010667200431564746,0.029414915386143367
51.900000000000006,-0.5125756055427971,-0.30762104412960933,-0.010570139273286386,0.029429648900618423
51.96000000000001,-0.5132069024208494,-0.3058548308830066,-0.010473092464955883,0.02944407472363461
52.019999999999996,-0.5138323769443501,-0.30408776131194026,-0.010376060944436783,0.029458193088536953
52.08,-0.5144520300586715,-0.30231985385682747,-0.010279045648297956,0.029472004231412573
52.14,-0.5150658627653409,-0.30055112694383923,-0.010182047511806076,0.029485508391084988
52.2,-0.5156738761219626,-0.2987815989847347,-0.010085067468917925,0.02949870580910846
52.260000000000005,-0.5162760712421383,-0.29701128837669805,-0.009988106452272801,0.029511596729762248
52.32000000000001,-0.5168724492953887,-0.29524021350217505,-0.009891165393184962,0.029524181400044907
52.379999999999995,-0.5174630115070734,-0.2934683927287106,-0.00979424522163609,0.02953646006966853
52.44,-0.5180477591583108,-0.2916958444087844,-0.009697346866267666,0.02954843299105298
52.5,-0.5186266935858973,-0.28992258687965095,-0.009600471254373607,0.02956010041932011
52.56,-0.5191998161822262,-0.2881486384631763,-0.009503619311892687,0.029571462612287925
52.620000000000005,-0.5197671283952066,-0.28637401746567653,-0.00940679196340109,0.029582519830464792
52.68000000000001,-0.5203286317281806,-0.28459874217775677,-0.009309990132104993,0.02959327233704358
52.74000000000001,-0.520884327739842,-0.28282283087415017,-0.009213214739833117,0.029603720397895786
52.8,-0.5214342180441521,-0.28104630181355766,-0.009116466707029385,0.02961386428156565
52.86,-0.5219783043102582,-0.27926917323848643,-0.009019746952745438,0.029623704259264274
52.92,-0.5225165882624074,-0.2774914633750922,-0.008923056394633437,0.029633240604863668
52.980000000000004,-0.5230490716798649,-0.2757131904330185,-0.008826395948938632,0.029642473594890823
53.040000000000006,-0.5235757563968275,-0.2739343726052375,-0.008729766530492093,0.029651403508521756
53.10000000000001,-0.5240966443023395,-0.27215502806789166,-0.008633169052703423,0.029660030627575506
53.16,-0.5246117373402069,-0.2703751749801356,-0.008536604427553524,0.029668355236508168
53.22,-0.5251210375089119,-0.26859483148397606,-0.00844007356558727,0.02967637762240686
53.28,-0.5256245468615256,-0.2668140157041174,-0.00834357737590644,0.029684098074983675
53.34,-0.5261222675056219,-0.26503274574780206,-0.008247116766162419,0.029691516886569635
53.400000000000006,-0.5266142016031902,-0.2632510397046542,-0.008150692642549076,0.029698634352108642
53.46000000000001,-0.5271003513705476,-0.26146891564652314,-0.008054305909795608,0.029705450769151355
53.519999999999996,-0.5275807190782504,-0.25968639162732754,-0.007957957471159445,0.02971196643784908
53.58,-0.5280553070510069,-0.2579034856828978,-0.007861648228419066,0.029718181660947675
53.64,-0.528524117667587,-0.2561202158308233,-0.007765379081867062,0.029724096743781375
53.7,-0.5289871533607332,-0.2543366000702952,-0.00766915093030299,0.029729711994266637
53.760000000000005,-0.5294444166170716,-0.25255265638195257,-0.007572964671026371,0.029735027722895966
53.82000000000001,-0.5298959099770206,-0.2507684027277277,-0.0074768211998296925,0.0297400442427317
53.879999999999995,-0.5303416360347009,-0.24898385705069268,-0.007380721410991443,0.029744761869399807
53.94,-0.5307815974378444,-0.24719903727490394,-0.007284666197269064,0.02974918092108365
54.0,-0.5312157968877027,-0.24541396130525173,-0.007188656449892163,0.029753301718517717
54.06,-0.5316442371389548,-0.24362864702730533,-0.007092693058555504,0.02975712458498139
54.120000000000005,-0.5320669209996157,-0.24184311230716105,-0.006996776911412147,0.029760649846292606
54.18000000000001,-0.5324838513309429,-0.24005737499129032,-0.006900908895066583,0.029763877830801595
54.24000000000001,-0.5328950310473434,-0.2382714529063875,-0.006805089894567901,0.029766808869384535
54.3,-0.5333004631162803,-0.23648536385921923,-0.006709320793402988,0.029769443295437237
54.36,-0.5337001505581793,-0.23469912563647188,-0.006613602473489652,0.029771781444868754
54.42,-0.5340940964463337,-0.23291275600460312,-0.006517935815169985,0.029773823656095034
54.480000000000004,-0.5344823039068095,-0.23112627270969024,-0.006422321697203539,0.029775570270032536
54.540000000000006,-0.5348647761183513,-0.2293396934772808,-0.006326760996760612,0.029777021630091795
54.60000000000001,-0.5352415163122854,-0.22755303601224283,-0.006231254589415566,0.029778178082171026
54.66,-0.5356125277724251,-0.2257663179986167,-0.006135803349140169,0.02977903997464966
54.72,-0.5359778138349736,-0.22397955709946424,-0.006040408148296856,0.02977960765838192
54.78,-0.5363373778884271,-0.22219277095672332,-0.005945069857632251,0.029779881486690318
54.84,-0.5366912233734783,-0.22040597719105814,-0.0058497893462704535,0.02977986181535917
54.900000000000006,-0.5370393537829182,-0.21861919340171215,-0.005754567481706511,0.029779549002628115
54.96000000000001,-0.537381772661539,-0.21683243716636094,-0.005659405129799845,0.029778943409185556
55.019999999999996,-0.5377184836060345,-0.21504572604096586,-0.005564303154767753,0.02977804539816215
55.08,-0.5380494902649027,-0.21325907755962611,-0.005469262419178822,0.029776855335124246
55.14,-0.5383747963383458,-0.2114725092344352,-0.005374283783946565,0.029775373588067307
55.2,-0.5386944055781713,-0.20968603855533396,-0.0052793681083228945,0.02977360052740934
55.260000000000005,-0.5390083217876913,-0.20789968298996533,-0.005184516249891696,0.02977153652598427
55.32000000000001,-0.5393165488216232,-0.20611345998353015,-0.005089729064562434,0.02976918195903535
55.379999999999995,-0.5396190905859882,-0.20432738695864291,-0.004995007406563785,0.029766537204208514
55.44,-0.539915951038011,-0.20254148131518612,-0.004900352128437188,0.02976360264154572
55.5,-0.540207134186018,-0.20075576043016932,-0.004805764081030646,0.029760378653478303
55.56,-0.540492644089335,-0.19897024165758434,-0.004711244113492328,0.029756865624820283
55.620000000000005,-0.5407724848581861,-0.19718494232826272,-0.0046167930732643,0.029753063942761674
55.68000000000001,-0.5410466606535903,-0.19539987974973355,-0.004522411806076275,0.029748973996861786
55.74000000000001,-0.5413151756872591,-0.19361507120608148,-0.004428101155939357,0.029744596179042456
55.8,-0.5415780342214926,-0.19183053395780553,-0.004333861965139874,0.02973993088358138
55.86,-0.5418352405690766,-0.19004628524167622,-0.004239695074233085,0.029734978507105284
55.92,-0.5420867990931778,-0.18826234227059754,-0.004145601322037156,0.029729739448583207
55.980000000000004,-0.5423327142072397,-0.1864787222334648,-0.004051581545626931,0.029724214109319684
56.04,-0.5425729903748783,-0.18469544229502527,-0.003957636580327855,0.029718402892947964
56.1,-0.5428076321097757,-0.18291251959573804,-0.003863767259709837,0.02971230620542319
56.160000000000004,-0.5430366439755762,-0.18112997125163585,-0.0037699744155812514,0.029705924455015565
56.22,-0.543260030585779,-0.17934781435418615,-0.0036762588779828687,0.02969925805230351
56.28,-0.543477796603633,-0.17756606597015187,-0.003582621475181805,0.02969230741016683
56.34,-0.5436899467420295,-0.17578474314145484,-0.0034890630336655982,0.029685072943779787
56.400000000000006,-0.5438964857633957,-0.1740038628850377,-0.0033955843781361982,0.029677555070604277
56.46,-0.5440974184795868,-0.1722234421927271,-0.0033021863315040516,0.029669754210382898
56.52,-0.5442927497517793,-0.17044349803109618,-0.0032088697148821375,0.029661670785132023
56.580000000000005,-0.5444824844903621,-0.1686640473413298,-0.0031156353475801464,0.0296533052191349
56.64,-0.5446666276548284,-0.16688510703908788,-0.0030224840470985796,0.02964465793893469
56.7,-0.5448451842536671,-0.1651066940143696,-0.002929416629122875,0.02963572937332752
56.760000000000005,-0.5450181593442536,-0.16332882513137947,-0.0028364339075176628,0.029626519953355517
56.82,-0.5451855580327405,-0.16155151722839237,-0.0027435366943209297,0.029617030112299814
56.88,-0.5453473854739475,-0.1597747871176187,-0.002650725799738235,0.02960726028567355
56.940000000000005,-0.5455036468712517,-0.15799865158507176,-0.002558002032137024,0.029597210911214884
57.0,-0.5456543474764771,-0.15622312739043417,-0.0024653661980408876,0.029586882428879947
57.06,-0.5457994925897832,-0.15444823126692409,-0.0023728191021238337,0.029576275280835812
57.120000000000005,-0.5459390875595549,-0.15267397992116416,-0.002280361547204691,0.02956538991145344
57.18,-0.54607313778229,-0.1509003900330488,-0.0021879943342414322,0.02955422676730064
57.24,-0.546201648702488,-0.14912747825561204,-0.002095718262325533,0.029542786297134953
57.300000000000004,-0.5463246258125376,-0.14735526121489756,-0.0020035341286764406,0.029531068951896607
57.36,-0.5464420746526045,-0.1455837555098273,-0.00191144272863598,0.02951907518470137
57.42,-0.5465540008105184,-0.14381297771207052,-0.0018194448556627843,0.02950680545083348
57.480000000000004,-0.54666040992166,-0.14204294436591527,-0.001727541301326843,0.02949426020773848
57.54,-0.546761307668847,-0.14027367198813812,-0.0016357328553039806,0.02948143991501611
57.6,-0.5468566997822214,-0.13850517706787457,-0.001544020305370362,0.029468345034413118
57.660000000000004,-0.546946592039134,-0.1367374760664918,-0.0014524044373971227,0.02945497602981613
57.72,-0.5470309902640307,-0.13497058541745974,-0.0013608860353449173,0.029441333367244457
57.78,-0.5471099003283378,-0.1332045215262227,-0.0012694658812585067,0.02942741751484291
57.84,-0.5471833281503466,-0.13143930077007332,-0.001178144755261455,0.029413228942874587
57.900000000000006,-0.5472512796950981,-0.12967493949802494,-0.0010869234355507578,0.029398768123713673
57.96,-0.5473137609742671,-0.12791145403068552,-0.000995802698391546,0.029384035531838208
58.02,-0.547370778046046,-0.1261488606601307,-0.0009047833181117617,0.02936903164382285
58.080000000000005,-0.547422337015029,-0.12438717564977964,-0.0008138660670969612,0.02935375693833164
58.14,-0.5474684440320949,-0.12262641523426905,-0.0007230517157850486,0.02933821189611071
58.2,-0.5475091052942902,-0.12086659561932803,-0.0006323410326610384,0.02932239699998103
58.260000000000005,-0.5475443270447118,-0.11910773298165502,-0.000541734784251932,0.02930631273483113
58.32,-0.5475741155723892,-0.1173498434687932,-0.00045123373512153146,0.0292899595876098
58.38,-0.5475984772121671,-0.1155929431990067,-0.00036083864786527444,0.029273338047318756
58.440000000000005,-0.5476174183445863,-0.11383704826115865,-0.00027055028310519395,0.029256448605005377
58.5,-0.5476309453957658,-0.11208217471458824,-0.0001803693994848027,0.029239291753755323
58.56,-0.5476390648372839,-0.11032833858898786,-9.029675366400641e-05,0.029221867988685205
58.620000000000005,-0.5476417831860583,-0.10857555588428283,-3.331003141452506e-07,0.029204177806935266
58.68,-0.5476391070042279,-0.10682384257050953,8.9520807887051e-05,0.029186221707661986
58.74,-0.5476310428990319,-0.10507321458769397,0.00017926422026046422,0.02916800019203071
58.800000000000004,-0.54761759752269,-0.10332368784573284,0.0002688963881304842,0.029149513763208276
58.86,-0.5475987775722828,-0.10157527822427297,0.00035841656482995675,0.02913076292635563
58.92,-0.5475745897896303,-0.09982800157259118,0.00044782400570512587,0.029111748188620362
58.980000000000004,-0.5475450409611707,-0.09808187370947677,0.0005371179681204361,0.02909247005912939
59.04,-0.5475101379178405,-0.09633691042311213,0.0006262977114634218,0.029072929048981438
59.1,-0.5474698875349516,-0.09459312747095419,0.0007153624971495521,0.029053125671239646
59.160000000000004,-0.5474242967320702,-0.09285054057961796,0.0008043115886269735,0.029033060440924123
59.22,-0.5473733724728943,-0.09110916544475868,0.000893144251381306,0.029012733875004467
59.28,-0.5473171217651318,-0.08936901773095458,0.0009818597529404234,0.028992146492392328
59.34,-0.5472555516603773,-0.08763011307159162,0.0010704573628791086,0.0289712988139339
59.400000000000006,-0.5471886692539896,-0.08589246706874702,0.00115893635282379,0.028950191362402445
59.46,-0.5471164816849681,-0.08415609529307416,0.0012472959964571876,0.028928824662490825
59.52,-0.5470389961358294,-0.08242101328368687,0.0013355355695229957,0.02890719924080393
59.580000000000005,-0.5469562198324839,-0.08068723654804602,0.0014236543498304382,0.02888531562585123
59.64,-0.5468681600441109,-0.07895478056184511,0.001511651617258886,0.028863174348039203
59.7,-0.5467748240830349,-0.07722366076889581,0.0015995266537624543,0.02884077593966382
59.760000000000005,-0.5466762193046008,-0.07549389258101616,0.0016872787433744791,0.028818120934902988
59.82,-0.5465723531070489,-0.07376549137791728,0.0017749071722120574,0.02879520986980901
59.88,-0.5464632329313902,-0.07203847250709053,0.001862411228480567,0.028772043282301013
59.940000000000005,-0.5463488662612802,-0.07031285128369684,0.0019497902024780593,0.028748621712157366
60.0,-0.5462292606228938,-0.06858864299045489,0.0020370433865997324,0.028724945701008118
60.06,-0.5461044235847993,-0.06686586287752962,0.0021241700753423585,0.028701015792327388
60.120000000000005,-0.5459743627578317,-0.06514452616242293,0.0022111695653086127,0.028676832531425778
60.18,-0.5458390857949671,-0.06342464802986325,0.0022980411552114563,0.028652396465442764
60.24,-0.5456986003911947,-0.061706243631695315,0.002384784145878496,0.028627708143339068
60.300000000000004,-0.545552914283391,-0.059989328086772375,0.0024713978402562268,0.02860276811588903
60.36,-0.5454020352501919,-0.058273916480847024,0.0025578815434143393,0.02857757693567301
60.42,-0.5452459711118653,-0.056560023866462424,0.002644234562550001,0.028552135157069686
60.480000000000004,-0.5450847297301833,-0.054847665262845846,0.0027304562069920242,0.028526443336248455
60.54,-0.5449183190082945,-0.05313685565580094,0.0028165457882050886,0.02850050203116174
60.6,-0.5447467468905948,-0.05142760999760022,0.002902502619793947,0.028474311801537346
60.660000000000004,-0.5445700213626002,-0.04971994320688009,0.0029883260175075153,0.02844787320887075
60.72,-0.5443881504508171,-0.048013870168534444,0.003074015299243016,0.02842118681641747
60.78,-0.5442011422226133,-0.046309405733608554,0.0031595697850501075,0.028394253189185318
60.84,-0.544009004786089,-0.044606564719195496,0.0032449887971348905,0.028367072893926735
60.900000000000006,-0.5438117462899478,-0.042905361908330816,0.003330271659863989,0.02833964649913107
60.96,-0.5436093749233655,-0.04120581204988905,0.0034154176997685482,0.028311974575016864
61.02,-0.5434018989158617,-0.039507929858479285,0.0035004262455482584,0.02828405769352414
61.080000000000005,-0.5431893265371683,-0.03781173001434336,0.003585296628075268,0.02825589642830665
61.14,-0.5429716660971003,-0.03611722716325268,0.003670028180398139,0.02822749135472416
61.2,-0.5427489259454238,-0.03442443591640549,0.0037546202377457933,0.028198843049834693
61.260000000000005,-0.5425211144717257,-0.03273337085032637,0.003839072137531342,0.02816995209238677
61.32,-0.5422882401052828,-0.031044046506764473,0.003923383219355963,0.028140819062811673
61.38,-0.54205031131493,-0.029356477392592215,0.004007552825012772,0.028111444543215652
61.440000000000005,-0.5418073366089285,-0.027670677979706168,0.00409158029849056,0.028081829117372163
61.5,-0.5415593245348346,-0.025986662704926673,0.004175464985977614,0.028051973370714092
61.56,-0.5413062836793668,-0.02430444596989788,0.00425920623586549,0.028021877890325966
61.620000000000005,-0.5410482226682745,-0.022624042140990175,0.004342803398752684,0.027991543264936147
61.68,-0.5407851501662041,-0.02094546554920106,0.004426255827448361,0.027960970084909036
61.74,-0.5405170748765676,-0.019268730490056746,0.004509562876976063,0.027930158942237278
61.800000000000004,-0.5402440055414091,-0.017593851223515776,0.004592723904577293,0.027899110430533933
61.86,-0.5399659509412714,-0.015920841973871534,0.004675738269715171,0.027867825145024668
61.92,-0.5396829198950626,-0.014249716929655059,0.004758605334078053,0.02783630368253991
61.980000000000004,-0.5393949212599228,-0.012580490243540245,0.004841324461583048,0.027804546641507034
62.04,-0.5391019639310904,-0.010913176032247562,0.0049238950183795845,0.027772554621942516
62.1,-0.5388040568417675,-0.009247788376448494,0.005006316372852962,0.027740328225444078
62.160000000000004,-0.5385012089629858,-0.007584341320672001,0.005088587895627779,0.027707868055182855
62.22,-0.5381934293034726,-0.005922848873209731,0.0051707089595714245,0.027675174715895534
62.28,-0.5378807269095153,-0.004263325006021801,0.005252678939797551,0.02764224881387646
62.34,-0.5375631108648276,-0.00260578365464473,0.005334497213669424,0.02760909095696982
62.400000000000006,-0.5372405902904135,-0.0009502387180978807,0.005416163160803345,0.02757570175456172
62.46,-0.5369131743444323,0.000703295941208446,0.0054976761630719925,0.027542081817572353
62.52,-0.5365808722220633,0.0023548064975655214,0.005579035604607792,0.027508231758448052
62.580000000000005,-0.5362436931553698,0.0040042791620564155,0.005660240871806167,0.027474152191153452
62.64,-0.5359016464131638,0.005651700182647466,0.005741291353328843,0.02743984373116358
62.7,-0.5355547413008691,0.007297055844279155,0.005822186440107134,0.02740530699545593
62.760000000000005,-0.5352029871603855,0.00894033246895492,0.005902925525345114,0.027370542602502587
62.82,-0.5348463933699527,0.010581516415831202,0.005983508004522836,0.027335551172262308
62.88,-0.5344849693440126,0.012220594081306902,0.006063933275399553,0.02730033332617258
62.940000000000005,-0.5341187245330737,0.013857551899110764,0.006144200738016791,0.027264889687141743
63.0,-0.5337476684235731,0.015492376340390008,0.006224309794701508,0.027229220879541025
63.06,-0.5333718105377397,0.01712505391379835,0.006304259850069221,0.027193327529196613
63.120000000000005,-0.5329911604334568,0.018755571165581925,0.006384050311027017,0.027157210263381762
63.18,-0.5326057277041245,0.020383914679666534,0.006463680586776616,0.027120869710808786
63.24,-0.5322155219785216,0.022010071077744244,0.006543150088817428,0.02708430650162117
63.300000000000004,-0.5318205529206683,0.023634027019357882,0.006622458230949481,0.027047521267385594
63.36,-0.5314208302296877,0.025255769201986775,0.00670160442927641,0.02701051464108399
63.42,-0.531016363639667,0.02687528436113203,0.006780588102208434,0.02697328725710556
63.480000000000004,-0.53060716291952,0.028492559270399506,0.006859408670465199,0.026935839751238855
63.54,-0.530193237872848,0.030107580741584147,0.006938065557078703,0.026898172760663787
63.6,-0.5297745983378004,0.0317203356247539,0.007016558187396168,0.02686028692394363
63.660000000000004,-0.5293512541869368,0.03333081080833111,0.007094885989082834,0.02682218288101711
63.72,-0.5289232153270872,0.0349389932191756,0.0071730483921247845,0.026783861273190376
63.78,-0.5284904916992125,0.036544869822666935,0.007251044828831749,0.026745322743129026
63.84,-0.5280530932782653,0.038148427622784614,0.0073288747338398135,0.026706567934850142
63.9,-0.5276110300730503,0.039749653662189514,0.00740653754411417,0.0266675974937143
63.96,-0.5271643121260843,0.04134853502230484,0.007484032698951843,0.026628412066417546
64.02000000000001,-0.526712949513456,0.04294505882339501,0.0075613596399843235,0.02658901230098343
64.08000000000001,-0.5262569523446866,0.04453921222464512,0.0076385178111802125,0.02654939884675502
64.14,-0.5257963307625889,0.04613098242424039,0.007715506658847879,0.026509572354386852
64.2,-0.5253310949431265,0.04772035665944547,0.007792325631638087,0.026469533475836953
64.26,-0.5248612550952739,0.049307322206680215,0.007868974180546462,0.02642928286435885
64.32,-0.5243868214608757,0.05089186638159841,0.007945451758916106,0.026388821174493534
64.38,-0.5239078043145049,0.05247397653916574,0.008021757822440148,0.02634814906206144
64.44,-0.5234242139633227,0.05405364007373429,0.008097891829164138,0.02630726718415445
64.5,-0.522936060746937,0.05563084441911992,0.008173853239488589,0.02626617619912788
64.56,-0.5224433550372608,0.05720557704867752,0.008249641516171389,0.02622487676659243
64.62,-0.5219461072383709,0.05877782547537605,0.00832525612433022,0.02618336954740616
64.68,-0.521444327786366,0.06034757725187324,0.008400696531444941,0.026141655203666504
64.74000000000001,-0.5209380271492253,0.0619148199705896,0.008475962207359952,0.02609973439870218
64.80000000000001,-0.5204272158266665,0.06347954126378215,0.00855105262428653,0.02605760779706521
64.86,-0.5199119043500032,0.06504172880361708,0.008625967256805112,0.026015276064522877
64.92,-0.519392103282003,0.06660137030224406,0.008700705581867653,0.025972739868049623
64.98,-0.5188678232167456,0.06815845351186606,0.008775267078799777,0.025929999875819117
65.03999999999999,-0.5183390747794797,0.06971296622481228,0.008849651229303066,0.025887056757196148
65.1,-0.5178058686264803,0.07126489627361052,0.008923857517457296,0.025843911182728562
65.16,-0.5172682154449065,0.07281423153105548,0.008997885429722532,0.02580056382413929
65.22,-0.5167261259526584,0.07436095991028077,0.009071734454941338,0.02575701535431825
65.28,-0.5161796108982338,0.07590506936482821,0.00914540408434089,0.025713266447314302
65.34,-0.5156286810605855,0.07744654788871706,0.009218893811535067,0.025669317778327223
65.4,-0.5150733472489777,0.07898538351651291,0.009292203132526542,0.025625170023699625
65.46000000000001,-0.5145136203028424,0.080521564323396,0.009365331545708806,0.02558082386090893
65.52000000000001,-0.513949511091637,0.08205507842522904,0.00943827855186821,0.025536279968559304
65.58000000000001,-0.5133810305146991,0.08358591397862464,0.00951104365418595,0.025491539026373595
65.64,-0.5128081895011041,0.08511405918101173,0.009583626358240019,0.025446601715185306
65.7,-0.5122309990095201,0.0866395022707035,0.009656026172007223,0.025401468716930473
65.76,-0.5116494700280653,0.088162231526961,0.009728242605864993,0.025356140714639687
65.82,-0.511063613574163,0.08968223527005985,0.009800275172593331,0.025310618392430005
65.88,-0.5104734406943972,0.09119950186135613,0.009872123387376721,0.025264902435496846
65.94,-0.5098789624643689,0.0927140197033487,0.009943786767805869,0.025218993530105985
66.0,-0.5092801899885515,0.09422577723974462,0.010015264833879592,0.025172892363585483
66.06,-0.5086771344001462,0.09573476295552237,0.010086557108006572,0.025126599624317604
66.12,-0.5080698068609372,0.09724096537699475,0.010157663115007135,0.025080116001730757
66.18,-0.5074582185611471,0.09874437307187144,0.010228582382114973,0.025033442186291464
66.24000000000001,-0.5068423807192922,0.10024497464932101,0.010299314438978871,0.024986578869496238
66.30000000000001,-0.5062223045820372,0.10174275876003265,0.01036985881766437,0.02493952674386358
66.36,-0.5055980014240505,0.10323771409627662,0.01044021505265542,0.02489228650292588
66.42,-0.5049694825478585,0.10472982939196653,0.010510382680856082,0.024844858841221333
66.48,-0.504336759283701,0.10621909342271707,0.010580361241592035,0.02479724445428594
66.53999999999999,-0.5036998429893859,0.10770549500590487,0.010650150276612192,0.024749444038645402
66.6,-0.5030587450501426,0.10918902300072868,0.010719749330090324,0.02470145829180701
66.66,-0.5024134768784778,0.11066966630826587,0.010789157948626477,0.024653287912251694
66.72,-0.5017640499140297,0.11214741387153201,0.010858375681248547,0.024604933599425855
66.78,-0.5011104756234211,0.1136222546755382,0.010927402079413747,0.024556396053733363
66.84,-0.5004527655001154,0.1150941777473483,0.010996236697010041,0.024507675976527452
66.9,-0.4997909310642689,0.11656317215613568,0.011064879090357591,0.0244587740701027
66.96000000000001,-0.49912498386258636,0.11802922701323938,0.01113332881821014,0.024409691037686927
67.02000000000001,-0.4984549354681738,0.11949233147221994,0.011201585441756404,0.024360427583433156
67.08000000000001,-0.49778079748039317,0.1209524747289146,0.01126964852462141,0.02431098441241155
67.14,-0.4971025815247158,0.12240964602149182,0.011337517632867805,0.02426136223060137
67.2,-0.49642029925257564,0.1238638346305069,0.011405192334997222,0.024211561744882842
67.26,-0.49573396234122363,0.1253150298789537,0.01147267220195145,0.024161583663029205
67.32,-0.4950435824935814,0.12676322113231914,0.011539956807113741,0.024111428693698596
67.38,-0.4943491714380935,0.12820839779863702,0.011607045726310068,0.024061097546425967
67.44,-0.49365074092858213,0.1296505493285382,0.011673938537810227,0.024010590931615082
67.5,-0.49294830274409995,0.13108966521530405,0.011740634822329071,0.023959909560530464
67.56,-0.4922418686887831,0.13252573499491743,0.011807134163027649,0.0239090541452893
67.62,-0.49153145059170483,0.13395874824611362,0.011873436145514308,0.023858025398853424
67.68,-0.4908170603067285,0.13538869459043068,0.011939540357845804,0.023806824035021257
67.74000000000001,-0.4900987097123603,0.13681556369225953,0.012005446390528359,0.023755450768419766
67.80000000000001,-0.4893764107116029,0.1382393452588934,0.012071153836518706,0.023703906314496398
67.86,-0.48865017523180804,0.1396600290405763,0.012136662291225096,0.02365219138951109
67.92,-0.4879200152245286,0.14107760483055318,0.012201971352508346,0.023600306710528117
67.98,-0.4871859426653732,0.14249206246511573,0.012267080620682722,0.023548252995408196
68.03999999999999,-0.4864479695538577,0.1439033918236509,0.012331989698516914,0.023496030962800334
68.1,-0.48570610791325775,0.14531158282868908,0.01239669819123501,0.023443641332133832
68.16,-0.4849603697904622,0.14671662544594866,0.012461205706517292,0.02339108482361027
68.22,-0.48421076725582557,0.14811850968438334,0.012525511854501155,0.023338362158195434
68.28,-0.48345731240302026,0.14951722559622754,0.012589616247781947,0.023285474057611326
68.34,-0.4827000173488888,0.1509127632770416,0.012653518501413776,0.023232421244328106
68.4,-0.48193889423329733,0.15230511286575607,0.012717218232910285,0.023179204441556085
68.46000000000001,-0.4811739552189868,0.15369426454471627,0.012780715062245455,0.02312582437323769
68.52000000000001,-0.48040521249142637,0.15508020853972587,0.012844008611854306,0.023072281764039457
68.58000000000001,-0.47963267825866496,0.15646293512009,0.012907098506633633,0.02301857733934401
68.64,-0.4788563647511839,0.15784243459865765,0.012969984373942672,0.022964711825242044
68.7,-0.47807628422174897,0.15921869733186536,0.013032665843603831,0.022910685948524287
68.76,-0.47729244894526274,0.1605917137197769,0.013095142547903232,0.02285650043667355
68.82,-0.476504871218617,0.16196147420612556,0.01315741412159138,0.022802156017856685
68.88,-0.475713563360544,0.1633279692783559,0.013219480201883786,0.022747653420916565
68.94,-0.4749185377114693,0.16469118946766226,0.013281340428461448,0.02269299337536412
69.0,-0.47411980663336395,0.1660511253490298,0.013342994443471447,0.022638176611370322
69.06,-0.4733173825095959,0.1674077675412734,0.013404441891527457,0.0225832038597582
69.12,-0.47251127774478224,0.1687611067070768,0.013465682419710214,0.022528075851994827
69.18,-0.47170150476464123,0.17011113355303087,0.013526715677568005,0.02247279332018338
69.24000000000001,-0.4708880760158443,0.17145783882967155,0.013587541317117086,0.022417356997055108
69.30000000000001,-0.47007100396586776,0.17280121333151727,0.013648158992842111,0.022361767615961373
69.36,-0.469250301102845,0.17414124789710567,0.013708568361696503,0.022306025910865696
69.42,-0.4684259799354174,0.17547793340903128,0.013768769083102875,0.022250132616335714
69.48,-0.46759805299258783,0.17681126079397966,0.01382876081895329,0.022194088467535306
69.53999999999999,-0.46676653282357117,0.17814122102276395,0.013888543233609614,0.022137894200216585
69.6,-0.4659314319976462,0.17946780511036076,0.013948115993903856,0.02208155055071188
69.66,-0.46509276310400793,0.1807910041159429,0.014007478769138338,0.022025058255925895
69.72,-0.4642505387516193,0.1821108091429148,0.014066631231086013,0.021968418053327672
69.78,-0.4634047715690625,0.18342721133894568,0.014125573053990646,0.021911630680942668
69.84,-0.462555474204391,0.18474020189600288,0.014184303914567023,0.021854696877344794
69.9,-0.4617026593249814,0.18604977205038425,0.014242823492001112,0.021797617381648517
69.96000000000001,-0.4608463396173847,0.18735591308275087,0.014301131467950203,0.02174039293350089
70.02000000000001,-0.4599865277871785,0.18865861631815806,0.01435922752654304,0.0216830242730736
70.08,-0.45912323655881887,0.1899578731260868,0.014417111354379888,0.02162551214105513
70.14,-0.4582564786754909,0.19125367492047574,0.014474782640532669,0.021567857278642702
70.2,-0.45738626689896184,0.19254601315974937,0.014532241076544912,0.021510060427534488
70.26,-0.4565126140094321,0.19383487934684912,0.01458948635643185,0.021452122329921632
70.32,-0.45563553280538704,0.19512026502926236,0.014646518176680362,0.021394043728480354
70.38,-0.4547550361034483,0.1964021617990523,0.014703336236249026,0.02133582536636403
70.44,-0.45387113673822627,0.1976805612928844,0.014759940236567974,0.021277467987195327
70.5,-0.4529838475621712,0.1989554551920557,0.014816329881538868,0.02121897233505829
70.56,-0.45209318144542515,0.2002268352225221,0.014872504877534791,0.021160339154490473
70.62,-0.4511991512756737,0.201494693154925,0.014928464933400122,0.02110156919047502
70.68,-0.45030176995799753,0.20275902080461797,0.014984209760450382,0.021042663188432814
70.74000000000001,-0.4494010504147243,0.20401981003169278,0.015039739072472077,0.020983621894214603
70.80000000000001,-0.44849700558528033,0.20527705274100505,0.015095052585722482,0.020924446054093132
70.86,-0.4475896484260427,0.20653074088219875,0.015150150018929418,0.020865136414755292
70.92,-0.44667899191018995,0.20778086644973234,0.015205031093291054,0.020805693723294202
70.98,-0.4457650490275553,0.2090274214829009,0.015259695532475567,0.020746118727201463
71.03999999999999,-0.4448478327844779,0.21027039806586073,0.01531414306262088,0.020686412174359244
71.1,-0.44392735620365376,0.21150978832765352,0.015368373412334392,0.02062657481303242
71.16,-0.4430036323239889,0.21274558444222724,0.015422386312692549,0.020566607391860836
71.22,-0.4420766742004508,0.21397777862845957,0.015476181497240546,0.020506510659851374
71.28,-0.44114649490391994,0.21520636315017944,0.015529758701991905,0.020446285366370203
71.34,-0.44021310752104215,0.21643133031618841,0.015583117665428093,0.020385932261134936
71.4,-0.43927652515407994,0.21765267248028133,0.015636258128498042,0.020325452094206803
71.46000000000001,-0.43833676092076534,0.21887038204126685,0.015689179834617737,0.02026484561598289
71.52000000000001,-0.4373938279541512,0.2200844514429874,0.0157418825296697,0.02020411357718831
71.58,-0.4364477394024637,0.22129487317433824,0.015794365962002475,0.020143256728868443
71.64,-0.43549850842895327,0.22250163976928758,0.015846629882430165,0.020082275822381077
71.7,-0.4345461482117486,0.22370474380689348,0.015898674044231773,0.020021171609388735
71.76,-0.4335906719437071,0.22490417791132297,0.0159504982031507,0.019959944841850843
71.82,-0.4326320928322683,0.22609993475186901,0.016002102117394116,0.01989859627201598
71.88,-0.4316704240993042,0.22729200704296895,0.01605348554763236,0.01983712665241407
71.94,-0.43070567898097384,0.22848038754421912,0.016104648256998234,0.019775536735848736
72.0,-0.429737870727574,0.22966506906039255,0.016155590011086397,0.019713827275389464
72.06,-0.42876701260339195,0.23084604444145426,0.01620631057795263,0.019651999024363896
72.12,-0.4277931178865578,0.2320233065825762,0.01625680972811312,0.019590052736350106
72.18,-0.426816199868897,0.23319684842415264,0.016307087234543726,0.01952798916516887
72.24000000000001,-0.42583627185578243,0.23436666295181402,0.01635714287267923,0.019465809064875935
72.30000000000001,-0.42485334716598744,0.23553274319644094,0.0164069764204125,0.019403513189754334
72.36,-0.42386743913153824,0.23669508223417748,0.016456587658093724,0.019341102294306686
72.42,-0.42287856109756544,0.23785367318644499,0.01650597636852957,0.019278577133247432
72.48,-0.42188672642215835,0.2390085092199531,0.0165551423369823,0.019215938461495254
72.53999999999999,-0.42089194847621714,0.24015958354671244,0.01660408535116889,0.019153187034165332
72.6,-0.4198942406433043,0.241306889424047,0.016652805201260182,0.019090323606561644
72.66,-0.4188936163194993,0.2424504201546038,0.01670130167987987,0.01902734893416937
72.72,-0.41789008891325063,0.24359016908636447,0.01674957458210362,0.018964263772647198
72.78,-0.4168836718452283,0.24472612961265516,0.016797623705458047,0.018901068877819657
72.84,-0.41587437854817755,0.2458582951721562,0.016845448849919755,0.018837765005669506
72.9,-0.41486222246677135,0.24698665924891156,0.0168930498179143,0.01877435291233007
72.96000000000001,-0.4138472170574637,0.24811121537233743,0.01694042641431515,0.018710833354077645
73.02000000000001,-0.41282937578834294,0.2492319571172307,0.01698757844644261,0.01864720708732384
73.08,-0.41180871213898496,0.25034887810377665,0.017034505724062746,0.01858347486860802
73.14,-0.41078523960030555,0.25146197199755727,0.017081208059386295,0.018519637454589608
73.2,-0.40975897167441544,0.2525712325095567,0.017127685267067483,0.0184556956020406
73.26,-0.4087299218744724,0.25367665339616896,0.01717393716420289,0.018391650067837908
73.32,-0.4076981037245355,0.25477822845920334,0.017219963570330284,0.018327501608955833
73.38,-0.4066635307594176,0.25587595154589104,0.017265764307427423,0.018263250982458398
73.44,-0.40562621652454045,0.2569698165488889,0.017311339199910795,0.018198898945491895
73.5,-0.4045861745757875,0.25805981740628503,0.01735668807463441,0.01813444625527728
73.56,-0.4035434184793577,0.25914594810160296,0.017401810760888498,0.018069893669102634
73.62,-0.40249796181161973,0.2602282026638051,0.01744670709039826,0.018005241944315614
73.68,-0.4014498181589656,0.2613065751672966,0.017491376897322514,0.017940491838315944
73.74000000000001,-0.4003990011176649,0.2623810597319277,0.01753582001825237,0.017875644108547882
73.80000000000001,-0.3993455242937188,0.2634516505229967,0.017580036292209885,0.017810699512492714
73.86,-0.39828940130271434,0.26451834175125116,0.017624025560646652,0.017745658807661276
73.92,-0.39723064576967815,0.265581127672891,0.01766778766744246,0.01768052275158638
73.98,-0.3961692713289319,0.2666400025895676,0.01771132245890379,0.017615292101815443
74.03999999999999,-0.395105291623946,0.26769496084838584,0.017754629783762407,0.017549967615902936
74.1,-0.3940387203071935,0.26874599684190414,0.01779770949317391,0.01748455005140291
74.16,-0.3929695710400064,0.2697931050081334,0.01784056144071619,0.017419040165861602
74.22,-0.39189785749242895,0.27083627983053743,0.01788318548238796,0.017353438716809944
74.28,-0.3908235933430729,0.27187551583803077,0.017925581476607194,0.017287746461756116
74.34,-0.38974679227897235,0.2729108076049778,0.017967749284209595,0.017221964158178147
74.4,-0.388667467995439,0.2739421497511906,0.018009688768446983,0.01715609256351646
74.46000000000001,-0.38758563419591663,0.27496953694192616,0.018051399794985715,0.0170901324351665
74.52000000000001,-0.386501304591837,0.27599296388788386,0.018092882231905066,0.0170240845304713
74.58,-0.3854144929024748,0.2770124253452015,0.01813413594969555,0.016957949606714127
74.64,-0.3843252128548023,0.2780279161154526,0.01817516082125732,0.01689172842111102
74.7,-0.3832334781833463,0.2790394310456409,0.01821595672189841,0.016825421730803522
74.76,-0.3821393026300426,0.2800469650281964,0.01825652352933306,0.01675903029285126
74.82,-0.3810426999440923,0.2810505130009696,0.018296861123679963,0.0166925548642246
74.88,-0.3799436838818165,0.2820500699472274,0.01833696938746056,0.016625996201797277
74.94,-0.37884226820651384,0.28304563089564494,0.018376848205597204,0.01655935506233912
75.0,-0.37773846668831523,0.2840371909203009,0.018416497465411408,0.016492632202508694
75.06,-0.3766322931040404,0.28502474514066967,0.018455917056621994,0.01642582837884598
75.12,-0.3755237612370542,0.2860082887216143,0.018495106871343293,0.01635894434776509
75.18,-0.3744128848771227,0.28698781687337904,0.018534066804083246,0.01629198086554697
75.24000000000001,-0.37329967782026974,0.2879633248515804,0.018572796751741557,0.0162249386883321
75.30000000000001,-0.3721841538686335,0.28893480795719917,0.018611296613607758,0.016157818572113253
75.36,-0.3710663268303233,0.2899022615365707,0.0186495662913593,0.016090621272728225
75.42,-0.3699462105192755,0.29086568098137683,0.018687605689059635,0.016023347545852516
75.48,-0.3688238187551121,0.29182506172863376,0.018725414713156186,0.015955998146992213
75.53999999999999,-0.3676991653629964,0.29278039926068294,0.01876299327247841,0.01588857383147668
75.6,-0.36657226417349004,0.2937316891051809,0.018800341278235797,0.015821075354451302
75.66,-0.36544312902241155,0.29467892683508634,0.01883745864401579,0.015753503470870376
75.72,-0.36431177375069235,0.2956221080686498,0.01887434528578178,0.015685858935489856
75.78,-0.36317821220423513,0.2965612284694006,0.01891100112187102,0.015618142502860146
75.84,-0.362042458233771,0.2974962837461352,0.018947426072992515,0.015550354927318962
75.9,-0.3609045256947176,0.2984272696529035,0.01898362006222495,0.015482496962984144
75.96000000000001,-0.35976442844703677,0.2993541819889957,0.019019583015014524,0.015414569363746506
76.02000000000001,-0.35862218035509236,0.30027701659892864,0.019055314859172806,0.015346572883262688
76.08,-0.3574777952875093,0.3011957693724309,0.019090815524874544,0.015278508274948047
76.14,-0.35633128711702994,0.30211043624442946,0.019126084944655525,0.015210376291969462
76.2,-0.35518266972037493,0.3030210131950327,0.019161123053410268,0.01514217768723832
76.26,-0.3540319569781001,0.3039274962495165,0.01919592978838987,0.015073913213403352
76.32,-0.3528791627744557,0.30482988147830703,0.019230505089199698,0.015005583622843583
76.38,-0.3517243009972445,0.30572816499696565,0.01926484889779715,0.014937189667661178
76.44,-0.35056738553768196,0.3066223429661708,0.019298961158489333,0.014868732099674478
76.5,-0.3494084302902546,0.30751241159170156,0.019332841817930737,0.014800211670410889
76.56,-0.3482474491525791,0.3083983671244198,0.01936649082512091,0.014731629131099834
76.62,-0.34708445602526206,0.30928020586025173,0.019399908131402105,0.014662985232665744
76.68,-0.3459194648117592,0.31015792414017,0.019433093690456895,0.014594280725721024
76.74000000000001,-0.34475248941823516,0.31103151835017456,0.019466047458305772,0.014525516360559048
76.80000000000001,-0.34358354375342326,0.31190098492127283,0.019498769393304725,0.01445669288714716
76.86,-0.3424126417284859,0.3127663203294603,0.019531259456142796,0.01438781105511971
76.92,-0.341239797256873,0.31362752109570113,0.01956351760983966,0.014318871613771007
76.98,-0.3400650242541847,0.314484583785906,0.019595543819743093,0.014249875312048467
77.03999999999999,-0.3388883366380303,0.3153375050109118,0.01962733805352648,0.0141808228985456
77.1,-0.33770974832788814,0.3161862814264609,0.019658900281186352,0.014111715121495035
77.16,-0.3365292732449679,0.3170309097331782,0.019690230475039774,0.014042552728761693
77.22,-0.3353469253120705,0.3178713866765492,0.019721328609721835,0.013973336467835796
77.28,-0.3341627184534494,0.31870770904689755,0.01975219466218304,0.013904067085825986
77.34,-0.3329766665946715,0.3195398736793617,0.019782828611686756,0.01383474532945245
77.4,-0.33178878366247844,0.32036787745387174,0.019813230439806533,0.01376537194504002
77.46000000000001,-0.3305990835846485,0.32119171729512497,0.01984340013042351,0.013695947678511329
77.52000000000001,-0.3294075802898577,0.32201139017256175,0.01987333766972376,0.013626473275379945
77.58,-0.32821428770754224,0.322826893100341,0.019903043046195584,0.01355694948074355
77.64,-0.32701921976775905,0.323638223137315,0.019932516250626857,0.013487377039277047
77.7,-0.3258223904010498,0.32444537738700335,0.019961757276102277,0.013417756695225854
77.76,-0.3246238135383021,0.3252483529975673,0.019990766118000637,0.013348089192399014
77.82,-0.32342350311061197,0.3260471471617836,0.020019542773992087,0.013278375274162453
77.88,-0.322221473049146,0.32684175711701763,0.02004808724403536,0.013208615683432139
77.94,-0.32101773728500554,0.3276321801451957,0.02007639953037498,0.013138811162667408
78.0,-0.31981230974908825,0.32841841357277785,0.02010447963753842,0.013068962453864144
78.06,-0.31860520437195194,0.32920045477073,0.02013232757233332,0.01299907029854807
78.12,-0.31739643508367765,0.32997830115449517,0.020159943343844623,0.012929135437768002
78.18,-0.31618601581373273,0.330751950183965,0.020187326963431673,0.012859158612089158
78.24000000000001,-0.31497396049083537,0.33152139936345026,0.020214478444725383,0.012789140561586436
78.30000000000001,-0.3137602830428173,0.33228664624165133,0.020241397803625296,0.012719082025837745
78.36,-0.31254499739648883,0.33304768841162813,0.020268085058296657,0.01264898374391733
78.42,-0.31132811747750166,0.33380452351077006,0.020294540229167508,0.01257884645438906
78.48,-0.31010965721021466,0.33455714922076457,0.020320763338925678,0.01250867089529987
78.53999999999999,-0.30888963051755786,0.33530556326756605,0.02034675441251583,0.012438457804173079
78.6,-0.30766805132089614,0.3360497634213652,0.02037251347713646,0.012368207918001715
78.66,-0.30644493353989555,0.33678974749655544,0.020398040562236885,0.012297921973242015
78.72,-0.3052202910923878,0.3375255133517017,0.020423335699514183,0.01222760070580675
78.78,-0.3039941378942351,0.338257058889507,0.02044839892291016,0.012157244851058673
78.84,-0.3027664878591962,0.33898438205677967,0.02047323026860829,0.01208685514380395
78.9,-0.3015373548987913,0.3397074808443993,0.02049782977503058,0.01201643231828559
78.96000000000001,-0.30030675292216846,0.34042635328728316,0.020522197482834507,0.011945977108176922
79.02000000000001,-0.2990746958359693,0.3411409974643517,0.02054633343490986,0.01187549024657506
79.08,-0.2978411975441954,0.34185141149849346,0.02057023767637562,0.011804972465994401
79.14,-0.2966062719480735,0.3425575935565308,0.020593910254576773,0.011734424498360064
79.2,-0.29536993294592373,0.3432595418491833,0.020617351219081134,0.011663847075001506
79.25999999999999,-0.2941321944330258,0.343957254631032,0.02064056062167616,0.011593240926645994
79.32,-0.2928930703014846,0.34465073020048415,0.02066353851636572,0.011522606783412092
79.38,-0.2916525744400993,0.34533996689973506,0.020686284959366863,0.011451945374803325
79.44,-0.2904107207342294,0.34602496311473174,0.020708800009106566,0.011381257429701684
79.5,-0.2891675230656627,0.3467057172751356,0.02073108372621846,0.011310543676361208
79.56,-0.28792299531248255,0.34738222785428385,0.020753136173539542,0.011239804842401592
79.62,-0.2866771513489365,0.3480544933691521,0.020774957416106875,0.011169041654801808
79.68,-0.2854300050453037,0.34872251238031504,0.020796547521154247,0.011098254839893714
79.74000000000001,-0.2841815702677634,0.3493862834919079,0.020817906558108848,0.011027445123355692
79.80000000000001,-0.28293186087826366,0.3500458053515867,0.02083903459858791,0.010956613230206316
79.86,-0.2816808907343902,0.3507010766504885,0.020859931716395313,0.01088575988479803
79.92,-0.2804286736892338,0.3513520961231919,0.020880597987518203,0.010814885810810752
79.98,-0.27917522359126185,0.35199886254767543,0.020901033490123583,0.010743991731245685
80.03999999999999,-0.2779205542841862,0.35264137474527724,0.02092123830455487,0.010673078368418971
80.1,-0.2766646796068322,0.35327963158065406,0.020941212513328474,0.010602146443955372
80.16,-0.2754076133930098,0.35391363196173886,0.020960956201130317,0.010531196678782094
80.22,-0.27414936947138246,0.3545433748396994,0.020980469454812346,0.010460229793122491
80.28,-0.2728899616653379,0.35516885920889546,0.02099975236338905,0.010389246506489843
80.34,-0.27162940379285794,0.355790084106836,0.021018805018033944,0.010318247537681142
80.4,-0.27036770966638934,0.3564070486141364,0.021037627512076034,0.010247233604770879
80.46000000000001,-0.26910489309271474,0.35701975185447465,0.021056219940996265,0.010176205425104872
80.52000000000001,-0.26784096787282313,0.35762819299454734,0.02107458240242397,0.01010516371529409
80.58,-0.26657594780178195,0.3582323712440256,0.021092714996133254,0.010034109191208495
80.64,-0.26530984666860696,0.3588322858555105,0.021110617824039456,0.009963042567970848
80.7,-0.2640426782561357,0.35942793612448776,0.02112829099019546,0.009891964559950686
80.75999999999999,-0.2627744563408985,0.3600193213892824,0.021145734600788127,0.009820875880758138
80.82,-0.2615051946929897,0.3606064410310134,0.021162948764134607,0.009749777243237792
80.88,-0.2602349070759418,0.36118929447354714,0.0211799335906787,0.00967866935946271
80.94,-0.25896360724659645,0.36176788118345105,0.02119668919298713,0.009607552940728285
81.0,-0.25769130895497777,0.36234220066994693,0.021213215685745912,0.009536428697546206
81.06,-0.25641802594416535,0.3629122524848635,0.021229513185756586,0.009465297339638428
81.12,-0.25514377195016713,0.3634780362225889,0.0212455818119325,0.009394159575931139
81.18,-0.25386856070179314,0.36403955152002304,0.021261421685295077,0.00932301611454876
81.24000000000001,-0.2525924059205289,0.36459679805652895,0.02127703292897004,0.009251867662807937
81.30000000000001,-0.25131532132040935,0.3651497755538843,0.021292415668183642,0.00918071492721159
81.36,-0.25003732060789335,0.36569848377623215,0.02130757003025883,0.009109558613442934
81.42,-0.24875841748173644,0.3662429225300325,0.02132249614461152,0.009038399426359494
81.48,-0.24747862563286768,0.366783091664011,0.02133719414274667,0.008967238069987253
81.53999999999999,-0.24619795874426306,0.36731899106911026,0.021351664158254503,0.008896075247514701
81.6,-0.2449164304908199,0.367850620678439,0.021365906326806634,0.008824911661286875
81.66,-0.24363405453923373,0.368377980467221,0.02137992078615219,0.008753748012799578
81.72,-0.24235084454787265,0.36890107045274406,0.021393707676113902,0.008682585002693437
81.78,-0.24106681416665324,0.3694198906943089,0.02140726713858423,0.008611423330748071
81.84,-0.23978197703691653,0.3699344412931768,0.02142059931752143,0.00854026369587625
81.9,-0.23849634679130427,0.3704447223925178,0.021433704358945614,0.008469106796118077
81.96000000000001,-0.2372099370536351,0.370950734177358,0.02144658241093479,0.008397953328635169
82.02000000000001,-0.23592276143878146,0.37145247687452665,0.021459233623620903,0.008326803989704883
82.08,-0.23463483355254663,0.37194995075260284,0.021471658149185856,0.008255659474714535
82.14,-0.23334616699154062,0.37244315612186246,0.021483856141857504,0.008184520478155597
82.2,-0.23205677534305946,0.3729320933342235,0.02149582775790564,0.008113387693618034
82.25999999999999,-0.23076667218496186,0.37341676278319214,0.021507573155637956,0.008042261813784535
82.32,-0.22947587108554598,0.37389716490380864,0.021519092495396033,0.00797114353042475
82.38,-0.22818438560342968,0.3743733001725913,0.02153038593955123,0.007900033534389693
82.44,-0.22689222928742728,0.37484516910748206,0.02154145365250066,0.007828932515605994
82.5,-0.2255994156764286,0.3753127722677906,0.021552295800663052,0.0077578411630702514
82.56,-0.22430595829927796,0.37577611025413826,0.021562912552474695,0.007686760164843385
82.62,-0.22301187067465295,0.3762351837084019,0.021573304078385286,0.007615690208045007
82.68,-0.2217171663109438,0.37668999331365727,0.021583470550853804,0.007544631978847795
82.74000000000001,-0.22042185870613323,0.3771405397941217,0.021593412144344355,0.007473586162471906
82.80000000000001,-0.21912596134767598,0.37758682391509724,0.021603129035322032,0.007402553443179382
82.86,-0.21782948771237912,0.37802884648291246,0.02161262140224871,0.00733153450426861
82.92,-0.21653245126628157,0.37846660834486523,0.021621889425578855,0.007260530028068693
82.98,-0.21523486546453596,0.37890011038916366,0.021630933287755345,0.007189540695934019
83.03999999999999,-0.21393674375128896,0.3793293535448677,0.021639753173205215,0.007118567188238699
83.1,-0.21263809955956126,0.37975433878183046,0.02164834926833544,0.007047610184371007
83.16,-0.21133894631113065,0.3801750671106384,0.021656721761528674,0.006976670362727997
83.22,-0.21003929741641264,0.38059153958255204,0.02166487084313899,0.0069057484007099676
83.28,-0.20873916627434236,0.3810037572894458,0.021672796705487607,0.006834844974715028
83.34,-0.20743856627225685,0.38141172136374785,0.021680499542858587,0.006763960760133657
83.4,-0.2061375107857772,0.3818154329783794,0.021687979551494527,0.006693096431343287
83.46000000000001,-0.2048360131786914,0.3822148933466938,0.02169523692959226,0.006622252661702901
83.52000000000001,-0.20353408680283708,0.3826101037224152,0.021702271877298483,0.006551430123547643
83.58,-0.202231744997985,0.38300106539957696,0.02170908459670543,0.006480629488183471
83.64,-0.20092900109172118,0.38338777971246013,0.02171567529184653,0.0064098514258817295
83.7,-0.19962586839933244,0.38377024803553045,0.02172204416869198,0.0063390966058739185
83.75999999999999,-0.1983223602236894,0.3841484717833763,0.021728191435144394,0.006268365696346326
83.82,-0.1970184898551298,0.38452245241064603,0.021734117301034386,0.006197659364434666
83.88,-0.19571427057134455,0.3848921914119842,0.021739821978116153,0.0061269782762189
83.94,-0.19440971563726162,0.38525769032196844,0.021745305680063037,0.006056323096717901
84.0,-0.19310483830493103,0.38561895071504554,0.0217505686224631,0.005985694489884216
84.06,-0.1917996518134101,0.3859759742054673,0.02175561102281464,0.005915093118598829
84.12,-0.1904941693886492,0.38632876244722625,0.021760433100521746,0.005844519644665946
84.18,-0.18918840424337732,0.38667731713399056,0.02176503507688979,0.005773974728807792
84.24000000000001,-0.18788236957698823,0.38702163999903927,0.021769417175120945,0.005703459030659425
84.30000000000001,-0.1865760785754267,0.38736173281519665,0.021773579620309656,0.005632973208763569
84.36,-0.1852695444110756,0.3876975973947666,0.02177752263943814,0.005562517920565487
84.42,-0.18396278024264137,0.3880292355894671,0.02178124646137183,0.005492093822407767
84.48,-0.18265579921504302,0.38835664929036295,0.021784751316854836,0.005421701569525319
84.53999999999999,-0.18134861445929876,0.38867984042779985,0.021788037438505364,0.0053513418160402206
84.6,-0.18004123909241257,0.38899881097133765,0.02179110506081116,0.005281015214956584
84.66,-0.17873368621726424,0.3893135629296822,0.02179395442012492,0.005210722418155593
84.72,-0.17742596892249615,0.3896240983506189,0.021796585754659654,0.005140464076390388
84.78,-0.17611810028240227,0.38993041932094413,0.021798999304484135,0.005070240839281055
84.84,-0.17481009335681683,0.3902325279663974,0.021801195311518206,0.0050000533553096116
84.9,-0.17350196119100353,0.39053042645159275,0.02180317401952818,0.004929902271815005
84.96000000000001,-0.17219371681554474,0.3908241169799505,0.021804935674122176,0.0048597882349881456
85.02000000000001,-0.1708853732462312,0.3911136017936275,0.021806480522745465,0.004789711889866939
85.08,-0.16957694348395236,0.39139888317344806,0.02180780881467577,0.004719673880331355
85.14,-0.16826844051458514,0.39167996343883515,0.021808920801018584,0.004649674849098447
85.2,-0.16695987730888626,0.39195684494773886,0.0218098167347025,0.0045797154377175305
85.25999999999999,-0.1656512668223823,0.39222953009656764,0.02181049687047444,0.004509796286565253
85.32,-0.16434262199525956,0.3924980213201172,0.021810961464894987,0.0044399180348406635
85.38,-0.16303395575225743,0.39276232109149944,0.0218112107763336,0.004370081320560458
85.44,-0.16172528100255862,0.393022431922072,0.021811245064963895,0.004300286780554074
85.5,-0.16041661063968138,0.39327835636136615,0.021811064592758868,0.0042305350504588885
85.56,-0.1591079575413718,0.393530096997016,0.021810669623486125,0.0041608267647154145
85.62,-0.1577993345694961,0.3937776564546859,0.02181006042270309,0.004091162556562511
85.68,-0.15649075456993364,0.39402103739799804,0.02180923725775222,0.004021543058032621
85.74000000000001,-0.1551822303724696,0.39426024252846065,0.021808200397756185,0.0039519688999470155
85.80000000000001,-0.15387377479068867,0.3944952745853947,0.021806950113613055,0.003882440711911068
85.86,-0.15256540062186874,0.3947261363458607,0.021805486677991454,0.003812959122309551
85.92,-0.1512571206468737,0.3949528306245858,0.021803810365325735,0.003743524758301871
85.98,-0.14994894763004946,0.3951753602738895,0.0218019214518111,0.003674138245817495
86.03999999999999,-0.14864089431911745,0.3953937281836103,0.021799820215398755,0.003604800209551233
86.1,-0.14733297344506863,0.3956079372810311,0.021797506935791022,0.0035355112729585515
86.16,-0.14602519772206027,0.395817990530805,0.021794981894436457,0.003466272058251041
86.22,-0.1447175798473102,0.39602389093488033,0.021792245374524934,0.003397083186391744
86.28,-0.1434101325009927,0.3962256415324254,0.021789297660982743,0.0033279452770905832
86.34,-0.14210286834613448,0.39642324539975354,0.02178613904046766,0.0032588589487997878
86.4,-0.14079580002851108,0.3966167056502474,0.02178276980136403,0.003189824818709338
86.46000000000001,-0.1394889401765432,0.39680602543428317,0.021779190233777803,0.003120843502742436
86.52000000000001,-0.1381823014011937,0.39699120793915416,0.021775400629531583,0.0030519156155509775
86.58,-0.13687589629586497,0.39717225638899445,0.021771401282159663,0.0029830417705110756
86.64,-0.13556973743629527,0.39734917404470255,0.02176719248690305,0.0029142225797185116
86.7,-0.1342638373804582,0.397521964203864,0.021762774540704466,0.0028454586539843705
86.75999999999999,-0.1329582086684598,0.39769063020067447,0.02175814774220337,0.00277675060283054
86.82,-0.13165286382243624,0.39785517540586196,0.021753312391730915,0.002708099034485243
86.88,-0.13034781534645387,0.3980156032266096,0.021748268791304967,0.002639504555878719
86.94,-0.12904307572640739,0.3981719171064769,0.021743017244625035,0.0025709677726387693
87.0,-0.1277386574299191,0.3983241205253222,0.02173755805706726,0.0025024892890864025
87.06,-0.12643457290623858,0.39847221699922347,0.02173189153567935,0.0024340697082314774
87.12,-0.12513083458614258,0.39861621008040005,0.021726017989175526,0.0023657096317683656
87.18,-0.123827454881835,0.39875610335713324,0.021719937727931436,0.0022974096600716348
87.24000000000001,-0.12252444618684762,0.3988919004536872,0.021713651063979076,0.002229170392191745
87.30000000000001,-0.12122182087594065,0.3990236050302293,0.02170715831100171,0.0021609924258507735
87.36,-0.11991959130500425,0.39915122078275006,0.02170045978432877,0.002092876357438158
87.42,-0.11861776981095863,0.39927475144298363,0.021693555800930714,0.0020248227820063957
87.48,-0.11731636871165757,0.39939420077832694,0.021686446679413936,0.0019568322932669068
87.53999999999999,-0.11601540030578951,0.3995095725917591,0.021679132740015622,0.0018889054835857795
87.6,-0.11471487687277895,0.399620870721761,0.02167161430459859,0.0018210429439795316
87.66,-0.11341481067269096,0.3997280990422337,0.021663891696646186,0.0017532452641110354
87.72,-0.11211521394613273,0.3998312614624175,0.021655965241257066,0.0016855130322853005
87.78,-0.11081609891415724,0.3999303619268099,0.021647835265140056,0.0016178468354453523
87.84,-0.10951747777816677,0.40002540441508444,0.02163950209660897,0.0015502472591681154
87.9,-0.10821936271981673,0.4001163929420078,0.02163096606557742,0.0014827148876603207
87.96000000000001,-0.10692176590091988,0.40020333155735804,0.021622227503553613,0.001415250303754419
88.02,-0.10562469946335104,0.40028622434584177,0.021613286743635135,0.001347854088904541
88.08,-0.10432817552895077,0.4003650754270115,0.021604144120503745,0.0012805268231823866
88.14,-0.1030322061994322,0.4004398889551823,0.02159479997042014,0.0012132690852733005
88.2,-0.10173680355628523,0.4005106691193488,0.02158525463121872,0.001146081452472199
88.26,-0.10044197966068273,0.4005774201431015,0.021575508442302358,0.0010789645006796028
88.32,-0.09914774655338672,0.4006401462845429,0.021565561744637116,0.0010119188043976836
88.38,-0.09785411625465357,0.40069885183620374,0.021555414880747,0.0009449449367262469
88.44,-0.09656110076414252,0.40075354112495853,0.021545068194708684,0.000878043469358902
88.5,-0.09526871206082149,0.400804218511941,0.02153452203214623,0.0008112149725790813
88.56,-0.09397696210287461,0.4008508883924595,0.021523776740225802,0.0007444600152561655
88.62,-0.09268586282760995,0.40089355519591224,0.021512832667650354,0.000677779164841607
88.68,-0.0913954261513674,0.4009322233857016,0.02150169016465434,0.0006111729873650739
88.74000000000001,-0.09010566396942706,0.40096689745914926,0.02149034958299836,0.0005446420474306106
88.8,-0.0888165881559179,0.40099758194741003,0.021478811275963905,0.00047818690821283753
88.86,-0.08752821056372573,0.4010242814153864,0.021467075598347953,0.0004118081314530863
88.92,-0.08624054302440404,0.40104700046164204,0.021455142906457662,0.0003455062774557107
88.98,-0.08495359734808246,0.401065743718316,0.02144301355810503,0.0002792819050842654
89.04,-0.08366738532337685,0.40108051585103544,0.0214306879126015,0.0002131355717577722
89.1,-0.08238191871729987,0.4010913215588296,0.021418166330752626,0.0001470678334470147
89.16,-0.08109720927517022,0.4010981655740422,0.02140544917485268,8.107924467076687e-05
89.22,-0.07981326872052535,0.40110105266224444,0.02139253680867929,1.5170358492201631e-05
89.28,-0.07853010875503141,0.40109998762214766,0.02137942959748803,-5.065827348484371e-05
89.34,-0.07724774105839494,0.4010949752855155,0.021366127908007022,-0.00011640610111949847
89.4,-0.0759661772882748,0.40108602051707615,0.021352632108431538,-0.000182072575737492
89.46000000000001,-0.07468542908019422,0.401073128214434,0.02133894256841858,-0.0002476571501347667
89.52,-0.07340550804745367,0.40105630330798153,0.021325059659081474,-0.0003131592785810519
89.58,-0.07212642578104227,0.4010355507608108,0.021310983752984403,-0.00037857841682350396
89.64,-0.07084819384955286,0.4010108755686247,0.021296715224137005,-0.00044391402209016824
89.7,-0.06957082379909414,0.40098228275964776,0.02128225444798892,-0.0005091655530935766
89.76,-0.0682943271532048,0.4009497773945372,0.02126760180142432,-0.0005743324700342519
89.82,-0.06701871541276785,0.40091336456629356,0.021252757662756472,-0.0006394142346041862
89.88,-0.0657440000559239,0.4008730494001709,0.021237722411722254,-0.000704410309990389
89.94,-0.06447019253798766,0.40082883705358713,0.021222496429476687,-0.0007693201608782519
90.0,-0.0631973042913618,0.4007807327160342,0.02120708009858744,-0.0008341432534550517
90.06,-0.06192534672545277,0.40072874160898736,0.021191473803029378,-0.0008988790554133604
90.12,-0.060654331226586373,0.4006728689858155,0.021175677928179017,-0.0009635270359544449
90.18,-0.05938426915792391,0.4006131201316895,0.021159692860809043,-0.0010280866657916567
90.24000000000001,-0.05811517185937861,0.4005495003634925,0.021143518989082816,-0.001092557417153795
90.3,-0.05684705064753262,0.40048201502972813,0.021127156702548826,-0.00115693876378844
90.36,-0.05557991681555284,0.4004106695104296,0.021110606392135172,-0.001221230180965339
90.42,-0.054313781633110125,0.40033546921706814,0.021093868450144056,-0.0012854311454796271
90.48,-0.05304865634629586,0.40025641959246133,0.021076943270246205,-0.0013495411356551769
90.54,-0.0517845521775402,0.4001735261106817,0.021059831247475368,-0.0014135596313478503
90.6,-0.050521480325530894,0.4000867942769641,0.02104253277822274,-0.0014774861139487407
90.66,-0.04925945196513069,0.3999962296276136,0.021025048260231383,-0.0015413200663874633
90.72,-0.047998478247298255,0.3999018377299139,0.021007378092590723,-0.0016050609731352757
90.78,-0.0467385702990063,0.39980362418203347,0.02098952267573092,-0.001668708320208337
90.84,-0.04547973922316172,0.39970159461293364,0.020971482411417313,-0.0017322615951708656
90.9,-0.04422199609852552,0.3995957546822755,0.020953257702744837,-0.0017957202871382951
90.96000000000001,-0.04296535197963325,0.39948611008032614,0.02093484895413244,-0.0018590838867804113
91.02,-0.041709817896716066,0.39937266652786635,0.020916256571317463,-0.0019223518863244545
91.08,-0.040455404855620575,0.39925542977609607,0.020897480961350058,-0.0019855237795582824
91.14,-0.03920212383773202,0.3991344056065412,0.020878522532587575,-0.0020485990618333543
91.2,-0.03794998579989485,0.3990095998309595,0.02085938169468894,-0.0021115772300678527
91.26,-0.03669900167433503,0.39888101829124667,0.02084005885860906,-0.0021744577827497134
91.32,-0.03544918236858282,0.398748666859342,0.020820554436593145,-0.002237240219939629
91.38,-0.0342005387653943,0.39861255143713364,0.020800868842171118,-0.0022999240432741122
91.44,-0.03295308172267624,0.3984726779563645,0.02078100249015198,-0.002362508755968389
91.5,-0.031706822073408365,0.3983290523785369,0.020760955796618137,-0.0024249938628194277
91.56,-0.03046177062556735,0.398181680694818,0.020740729178919767,-0.002487378870208862
91.62,-0.02921793816205103,0.39803056892594435,0.020720323055669163,-0.002549663286105925
91.68,-0.02797533544060272,0.39787572312212666,0.020699737846735077,-0.00261184662007035
91.74000000000001,-0.02673397319373608,0.39771714936295416,0.02067897397323705,-0.002673928383255261
91.8,-0.025493862128660512,0.39755485375729926,0.020658031857539737,-0.002735908088410029
91.86,-0.02425501292720546,0.3973888424432213,0.02063691192324722,-0.002797785249883173
91.92,-0.023017436245747938,0.39721912158787054,0.020615614595197354,-0.0028595593836251106
91.98,-0.02178114271513754,0.3970456973873924,0.02059414029945606,-0.002921230007191021
92.04,-0.020546142940623204,0.3968685760668306,0.02057248946331165,-0.0029827966397436264
92.1,-0.01931244750178031,0.3966877638800308,0.02055066251526909,-0.0030442588020559483
92.16,-0.018080066952436753,0.3965032671095437,0.020528659885044334,-0.0031056160165141176
92.22,-0.01684901182060212,0.3963150920665288,0.02050648200355861,-0.0031668678071200235
92.28,-0.015619292608394423,0.39612324509065666,0.020484129302932714,-0.003228013699494085
92.34,-0.014390919791968593,0.395927732550012,0.020461602216481255,-0.003289053220877934
92.4,-0.013163903821445,0.39572856084099645,0.020438901178706986,-0.0033499859001370883
92.46000000000001,-0.01193825512083836,0.39552573638823085,0.020416026625295028,-0.0034108112677636113
92.52,-0.01071398408798725,0.3953192656444578,0.020392978993107186,-0.003471528855878734
92.58,-0.009491101094482497,0.39510915509044336,0.02036975872017616,-0.003532138198235533
92.64,-0.00826961648559885,0.3948954112348796,0.020346366245699864,-0.003592638830221439
92.7,-0.007049540580224093,0.3946780406142864,0.020322802010035626,-0.00365303028886088
92.76,-0.005830883670789937,0.3944570497929127,0.020299066454694467,-0.003713312112817825
92.82,-0.004613656023203214,0.3942324453626386,0.02027516002233536,-0.0037734838423983093
92.88,-0.003397867876776116,0.3940042339428762,0.02025108315675942,-0.003833545019553019
92.94,-0.002183529444159466,0.39377242218047154,0.020226836302904214,-0.003893495187879701
93.0,-0.0009706509112736135,0.39353701674960506,0.020202419906837927,-0.00395333389262571
93.06,0.0002407575627589598,0.3932980243516928,0.02017783441575364,-0.004013060680690458
93.12,0.0014506858456809527,0.39305545171528744,0.02015308027796353,-0.004072675100627854
93.18,0.0026591238321672277,0.39280930559597854,0.020128157942893094,-0.004132176702648735
93.24000000000001,0.0038660614438914332,0.3925595927762933,0.020103067861075376,-0.004191565038623274
93.3,0.005071488629592007,0.3923063200655969,0.020077810484145173,-0.004250839662083348
93.36,0.006275395365139221,0.39204949429999253,0.02005238626483324,-0.004310000128224966
93.42,0.007477771653599062,0.3917891223422218,0.020026795656960514,-0.004369045993910531
93.48,0.00867860752529965,0.3915252110815645,0.020001039115432297,-0.004427976817671229
93.54,0.009877893037895807,0.3912577674337384,0.01997511709623247,-0.004486792159709321
93.6,0.011075618276433285,0.3909867983407992,0.019949030056417683,-0.004545491581900423
93.66,0.012271773353414133,0.3907123107710392,0.019922778454111528,-0.004604074647795835
93.72,0.013466348408858866,0.39043431171888787,0.019896362748498767,-0.004662540922624703
93.78,0.014659333610371004,0.3901528082048102,0.01986978339981949,-0.004720889973296318
93.84,0.01585071915320002,0.38986780727520637,0.019843040869363282,-0.004779121368402306
93.9,0.017040495260304087,0.3895793160023105,0.01981613561946345,-0.00483723467821883
93.96000000000001,0.01822865218241255,0.3892873414840895,0.019789068113491157,-0.004895229474708759
94.02,0.019415180198087727,0.3889918908441419,0.019761838815849603,-0.004953105331523816
94.08,0.02060006961378781,0.38869297123159613,0.0197344481919682,-0.00501086182400677
94.14,0.021783310763926512,0.3883905898210098,0.01970689670829674,-0.005068498529193464
94.2,0.022964894010935318,0.38808475381226704,0.019679184832299544,-0.005126015025814976
94.26,0.024144809745323827,0.38777547043047755,0.019651313032449658,-0.005183410894299685
94.32,0.025323048385739892,0.38746274692587424,0.019623281778222965,-0.005240685716775304
94.38,0.026499600379030663,0.38714659057371104,0.019595091540092358,-0.005297839077070996
94.44,0.02767445620030063,0.3868270086741615,0.0195667427895219,-0.0053548705607192925
94.5,0.028847606352971962,0.3865040085522158,0.019538235998960984,-0.005411779754958169
94.56,0.0300190413688432,0.3861775975575786,0.01950957164183844,-0.005468566248733
94.62,0.03118875180814787,0.38584778306456674,0.01948075019255672,-0.00552522963269853
94.68,0.03235672825961271,0.38551457247200643,0.019451772126486015,-0.0055817694992208195
94.74000000000001,0.03352296134051554,0.38517797320313035,0.01942263791995841,-0.005638185442379159
94.8,0.034687441696742566,0.38483799270547525,0.01939334805026202,-0.0056944770579679775
94.86,0.03585016000284662,0.3844946384507783,0.019363902995635097,-0.005750643943498769
94.92,0.03701110696210235,0.3841479179348748,0.019334303235260208,-0.00580668569820189
94.98,0.03817027330656383,0.3837978386775945,0.01930454924925834,-0.005862601923028455
95.03999999999999,0.03932764979712015,0.3834444082226584,0.019274641518683036,-0.005918392220652145
95.1,0.040483227223552215,0.38308763413757524,0.019244580525514497,-0.005974056195471061
95.16,0.04163699640458661,0.3827275240135383,0.01921436675265375,-0.006029593453609443
95.22,0.04278894818795171,0.3823640854653215,0.01918400068391674,-0.006085003602919497
95.28,0.04393907345043218,0.3819973261311757,0.019153482804028458,-0.0061402862529831275
95.34,0.04508736309792325,0.38162725367272504,0.019122813598617075,-0.006195441015113673
95.4,0.04623380806548487,0.38125387577486264,0.019091993554208025,-0.00625046750235762
95.46000000000001,0.047378399317395216,0.38087720014564713,0.019061023158218164,-0.006305365329496302
95.52,0.048521127847203825,0.3804972345161979,0.01902990289894985,-0.006360134113047554
95.58,0.049661984677785626,0.380113986640591,0.01899863326558506,-0.006414773471267432
95.64,0.05080096086139187,0.3797274642957553,0.018967214748179525,-0.006469283024151763
95.7,0.05193804747970347,0.3793376752813676,0.01893564783765682,-0.006523662393437821
95.76,0.053073235643882694,0.37894462741974805,0.01890393302580247,-0.006577911202605912
95.82,0.054206516494624365,0.37854832855575576,0.01887207080525808,-0.00663202907688094
95.88,0.05533788120220812,0.37814878655668377,0.0188400616695154,-0.006686015643234024
95.94,0.05646732096654766,0.37774600931215463,0.018807906112910465,-0.006739870530383956
96.0,0.05759482701724232,0.37734000473401524,0.0187756046306177,-0.00679359336879878
96.06,0.05872039061362688,0.376930780756232,0.018743157718643995,-0.006847183790697286
96.12,0.059844003044821376,0.3765183453347854,0.018710565873822832,-0.006900641430050486
96.18,0.06096565562978049,0.37610270644756516,0.018677829593808367,-0.006953965922583084
96.24000000000001,0.06208533971734264,0.3756838720942651,0.01864494937706954,-0.0070071569057749295
96.3,0.0632030466862784,0.37526185029627734,0.01861192572288419,-0.007060214018862422
96.36,0.06431876794533993,0.37483664909658676,0.018578759131333097,-0.007113136902839977
96.42,0.0654324949333074,0.37440827655966646,0.018545450103294153,-0.007165925200461335
96.48,0.06654421911903766,0.3739767407713711,0.018511999140436403,-0.007218578556240987
96.53999999999999,0.06765393200151101,0.3735420498388319,0.018478406745214192,-0.0072710966164555
96.6,0.06876162510987928,0.37310421189035,0.018444673420861177,-0.007323479029144894
96.66,0.0698672900035107,0.37266323507529175,0.018410799671384523,-0.007375725444113894
96.72,0.07097091827203726,0.37221912756398223,0.018376786001558936,-0.007427835512933255
96.78,0.07207250153540035,0.3717718975475989,0.018342632916920763,-0.007479808888941044
96.84,0.0731720314438962,0.3713215532380662,0.018308340923762104,-0.007531645227243889
96.9,0.07426949967822108,0.3708681028679491,0.018273910529124894,-0.00758334418471821
96.96000000000001,0.07536489794951617,0.3704115546903466,0.018239342240795004,-0.007634905420011452
97.02,0.0764582179994117,0.369951916978786,0.018204636567296328,-0.00768632859354326
97.08,0.0775494516000721,0.3694891980271159,0.018169794017884867,-0.007737613367506716
97.14,0.07863859055423815,0.36902340614940016,0.018134815102542848,-0.007788759405869426
97.2,0.07972562669527157,0.3685545496798116,0.018099700331972803,-0.007839766374374712
97.26,0.08081055188719759,0.36808263697252497,0.018064450217591656,-0.007890633940542723
97.32,0.08189335802474751,0.3676076764016104,0.018029065271524838,-0.007941361773671529
97.38,0.08297403703340206,0.3671296763609267,0.017993546006600344,-0.007991949544838258
97.44,0.08405258086943182,0.3666486452640148,0.017957892936342878,-0.00804239692690009
97.5,0.0851289815199398,0.36616459154399084,0.0179221065749679,-0.008092703594495354
97.56,0.0862032310029026,0.3656775236534392,0.017886187437375755,-0.008142869224044542
97.62,0.08727532136721113,0.3651874500643053,0.017850136039145748,-0.008192893493751331
97.68,0.08834524469271136,0.3646943792677891,0.01781395289653025,-0.008242776083603565
97.74000000000001,0.0894129930902444,0.36419831977423744,0.017777638526448796,-0.008292516675374232
97.8,0.09047855870168622,0.36369928011303765,0.01774119344648218,-0.008342114952622407
97.86,0.09154193369998805,0.36319726883250936,0.017704618174866533,-0.008391570600694245
97.92,0.09260311028921397,0.3626922944997981,0.017667913230487463,-0.008440883306723811
97.98,0.0936620807045809,0.36218436570076784,0.01763107913287412,-0.008490052759634032
98.03999999999999,0.09471883721249634,0.3616734910398932,0.017594116402193324,-0.008539078650137566
98.1,0.09577337211059751,0.3611596791401524,0.01755702555924362,-0.008587960670737691
98.16,0.0968256777277877,0.36064293864291985,0.01751980712544944,-0.008636698515729093
98.22,0.0978757464242745,0.36012327820785833,0.01748246162285517,-0.008685291881198723
98.28,0.09892357059160656,0.3596007065128118,0.01744498957411926,-0.008733740465026606
98.34,0.09996914265271037,0.3590752322536975,0.017407391502508324,-0.008782043966886614
98.4,0.1010124550619265,0.3585468641443984,0.01736966793189127,-0.008830202088247245
98.46000000000001,0.1020535003050456,0.35801561091665546,0.017331819386733387,-0.008878214532372367
98.52,0.10309227089934367,0.35748148131996027,0.017293846392090462,-0.008926081004321934
98.58,0.10412875939361842,0.3569444841214463,0.01725574947360287,-0.008973801210952754
98.64,0.10516295836822263,0.35640462810578216,0.017217529157489725,-0.009021374860919106
98.7,0.10619486043509967,0.3558619220750632,0.017179185970542975,-0.009068801664673463
98.76,0.10722445823781744,0.35531637484870354,0.017140720440121507,-0.009116081334467141
98.82,0.10825174445160206,0.3547679952633284,0.017102133094145284,-0.009163213584350922
98.88,0.1092767117833722,0.3542167921726657,0.017063424461089424,-0.009210198130175717
98.94,0.11029935297177088,0.3536627744474385,0.017024595069978384,-0.009257034689593106
99.0,0.11131966078719906,0.35310595097525654,0.016985645450380026,-0.009303722982055963
99.06,0.11233762803184805,0.3525463306605087,0.016946576132399766,-0.009350262728819007
99.12,0.11335324753973136,0.3519839224242541,0.016907387646674696,-0.00939665365293935
99.18,0.11436651217671656,0.35141873520411454,0.01686808052436771,-0.009442895479277026
99.24000000000001,0.1153774148405567,0.3508507779541662,0.016828655297161633,-0.009488987934495496
99.3,0.11638594846092089,0.35028005964483133,0.016789112497253362,-0.009534930747062131
99.36,0.11739210599942614,0.3497065892627695,0.016749452657347962,-0.00958072364724873
99.42,0.1183958804496661,0.3491303758107705,0.016709676310652868,-0.009626366367131904
99.48,0.11939726483724203,0.3485514283076451,0.01666978399087197,-0.009671858640593558
99.53999999999999,0.12039625221979193,0.34796975578811706,0.016629776232199772,-0.00971720020332128
99.6,0.1213928356870208,0.3473853673027144,0.01658965356931552,-0.009762390792808804
99.66,0.12238700836072805,0.3467982719176617,0.01654941653737738,-0.0098074301483563
99.72,0.12337876339483698,0.34620847871477123,0.01650906567201655,-0.009852318011070796
99.78,0.12436809397542287,0.3456159967913346,0.01646860150933143,-0.009897054123866506
99.84,0.12535499332074077,0.3450208352600142,0.016428024585881773,-0.009941638231465157
99.9,0.12633945468125302,0.3444230032487351,0.01638733543868283,-0.0099860700803963
99.96000000000001,0.12732147133965635,0.3438225099005762,0.016346534605199515,-0.010030349418997596
100.02,0.12830103661090858,0.3432193643736622,0.016305622623340572,-0.01007447599741508
100.08,0.12927814384225578,0.3426135758410542,0.016264600031452713,-0.010118449567603454
100.14,0.13025278641325724,0.34200515349064214,0.01622346736831481,-0.010162269883326261
100.2,0.13122495773581203,0.3413941065250358,0.016182225173132076,-0.010205936700156142
100.26,0.13219465125418411,0.34078044416145653,0.016140873985530182,-0.010249449775475032
100.32,0.13316186044502726,0.34016417563162826,0.016099414345549498,-0.010292808868474322
100.38,0.13412657881741064,0.3395453101816691,0.016057846793639207,-0.010336013740155069
100.44,0.1350887999128418,0.33892385707198286,0.01601617187065154,-0.010379064153328076
100.5,0.1360485173052917,0.33829982557715044,0.01597439011783593,-0.010421959872614064
100.56,0.13700572460121782,0.33767322498582125,0.015932502076833208,-0.010464700664443764
100.62,0.1379604154395879,0.3370440646006045,0.01589050828966979,-0.010507286297058023
100.68,0.13891258349190258,0.3364123537379605,0.01584840929875187,-0.01054971654050786
100.74000000000001,0.13986222246221813,0.3357781017280925,0.015806205646859642,-0.010591991166654532
100.8,0.14080932608716848,0.33514131791483776,0.01576389787714145,-0.010634109949169558
100.86,0.14175388813598802,0.3345020116555583,0.01572148653310802,-0.01067607266353478
100.92,0.14269590241053196,0.3338601923210337,0.015678972158626684,-0.0107178790870423
100.98,0.14363536274529812,0.33321586929535135,0.01563635529791557,-0.010759528998794513
101.03999999999999,0.14457226300744777,0.3325690519757984,0.01559363649553783,-0.010801022179704049
101.1,0.14550659709682667,0.33191974977275235,0.015550816296395814,-0.01084235841249376
101.16,0.14643835894598423,0.3312679721095738,0.015507895245725361,-0.010883537481696588
101.22,0.14736754252019393,0.33061372842249664,0.015464873889089983,-0.010924559173655523
101.28,0.14829414181747297,0.32995702816051997,0.015421752772375098,-0.01096542327652349
101.34,0.149218150868601,0.32929788078529937,0.01537853244178227,-0.01100612958026322
101.4,0.1501395637371391,0.3286362957710384,0.015335213443823442,-0.011046677876647112
101.46000000000001,0.1510583745194484,0.32797228260438016,0.015291796325315181,-0.01108706795925708
101.52,0.15197457734470765,0.3273058507842983,0.015248281633372931,-0.011127299623484369
101.58,0.15288816637493202,0.3266370098219888,0.015204669915405221,-0.011167372666529377
101.64,0.15379913580498927,0.32596576924076126,0.015160961719107982,-0.011207286887401427
101.7,0.15470747986261757,0.3252921385759307,0.01511715759245876,-0.011247042086918542
101.76,0.155613192808442,0.3246161273747086,0.015073258083710999,-0.011286638067707213
101.82,0.1565162689359908,0.3239377451960948,0.015029263741388299,-0.011326074634202108
101.88,0.15741670257171228,0.3232570016107685,0.014985175114278663,-0.011365351592645845
101.94,0.1583144880749891,0.32257390620098025,0.014940992751428819,-0.01140446875108863
102.0,0.1592096198381546,0.3218884685604437,0.014896717202138476,-0.011443425919387976
102.06,0.16010209228650754,0.32120069829422626,0.0148523490159546,-0.011482222909208365
102.12,0.16099189987832674,0.3205106050186417,0.014807888742665714,-0.011520859534020902
102.18,0.1618790371048855,0.31981819836114134,0.014763336932296185,-0.011559335609102935
102.24000000000001,0.16276349849046545,0.3191234879602053,0.014718694135100522,-0.011597650951537685
102.3,0.1636452785923701,0.31842648346523506,0.014673960901557693,-0.011635805380213816
102.36,0.16452437200093892,0.31772719453644405,0.014629137782365386,-0.011673798715825079
102.42,0.1654007733395589,0.31702563084475033,0.014584225328434394,-0.01171163078086979
102.48,0.1662744772646783,0.3163218020716679,0.014539224090882865,-0.011749301399650431
102.53999999999999,0.16714547846581837,0.3156157179091986,0.014494134621030674,-0.011786810398273161
102.6,0.1680137716655859,0.31490738805972324,0.014448957470393691,-0.011824157604647353
102.66,0.16887935161968382,0.31419682223589457,0.014403693190678173,-0.011861342848485043
102.72,0.16974221311692328,0.3134840301605284,0.014358342333775073,-0.011898365961300438
102.78,0.17060235097923426,0.31276902156649566,0.014312905451754376,-0.011935226776409373
102.84,0.17145976006167613,0.31205180619661405,0.014267383096859458,-0.011971925128928747
102.9,0.17231443525244794,0.31133239380354055,0.014221775821501428,-0.012008460855775959
102.96000000000001,0.1731663714728983,0.31061079414966297,0.014176084178253496,-0.012044833795668302
103.02,0.17401556367753476,0.3098870170069922,0.014130308719845339,-0.012081043789122363
103.08,0.17486200685403375,0.3091610721570539,0.014084449999157428,-0.012117090678453417
103.14,0.17570569602324837,0.30843296939078096,0.01403850856921546,-0.012152974307774749
103.2,0.17654662623921766,0.30770271850840586,0.013992484983184702,-0.012188694522997017
103.26,0.1773847925891746,0.3069703293193521,0.013946379794364387,-0.012224251171827571
103.32,0.1782201901935538,0.30623581164212743,0.013900193556182106,-0.012259644103769759
103.38,0.1790528142059999,0.30549917530421467,0.013853926822188162,-0.01229487317012224
103.44,0.1798826598133734,0.3047604301419656,0.013807580146050042,-0.012329938223978213
103.5,0.18070972223575849,0.3040195860004924,0.013761154081546772,-0.012364839120224713
103.56,0.1815339967264693,0.3032766527335602,0.013714649182563352,-0.012399575715541825
103.62,0.18235547857205606,0.30253164020347945,0.01366806600308516,-0.012434147868401935
103.68,0.1831741630923111,0.30178455828099876,0.013621405097192382,-0.012468555439068912
103.74000000000001,0.1839900456402742,0.30103541684519686,0.013574667019054442,-0.012502798289597314
103.8,0.18480312160223755,0.300284225783376,0.013527852322924454,-0.01253687628383154
103.86,0.18561338639775166,0.29953099499095337,0.013480961563133609,-0.012570789287405026
103.92,0.18642083547962837,0.2987757343713551,0.013433995294085692,-0.012604537167739347
103.98,0.18722546433394616,0.2980184538359082,0.013386954070251504,-0.012638119794043353
104.04,0.18802726848005347,0.2972591633037335,0.013339838446163309,-0.012671537037312285
104.1,0.18882624347057225,0.2964978727016389,0.013292648976409333,-0.012704788770326847
104.16,0.18962238489140185,0.29573459196401114,0.013245386215628182,-0.012737874867652314
104.22,0.19041568836172074,0.2949693310327103,0.013198050718503388,-0.012770795205637557
104.28,0.19120614953398982,0.2942020998569617,0.013150643039757845,-0.012803549662414086
104.34,0.19199376409395438,0.2934329083932495,0.013103163734148323,-0.012836138117895099
104.4,0.19277852776064608,0.29266176660520926,0.013055613356459952,-0.01286856045377447
104.46000000000001,0.19356043628638422,0.291888684463522,0.013007992461500738,-0.012900816553525745
104.52,0.19433948545677712,0.2911136719458068,0.012960301604096074,-0.01293290630240112
104.58,0.19511567109072345,0.29033673903651386,0.012912541339083216,-0.01296482958743042
104.64,0.19588898904041188,0.28955789572681884,0.012864712221305875,-0.012996586297420001
104.7,0.19665943519132184,0.28877715201451554,0.012816814805608704,-0.01302817632295171
104.76,0.1974270054622234,0.2879945179039096,0.012768849646831844,-0.01305959955638179
104.82,0.19819169580517657,0.2872100034057123,0.01272081729980547,-0.013090855891839752
104.88,0.1989535022055313,0.28642361853693327,0.012672718319344314,-0.013121945225227312
104.94,0.1997124206819252,0.2856353733207758,0.012624553260242274,-0.013152867454217185
105.0,0.20046844728628302,0.28484527778652924,0.012576322677266938,-0.013183622478251972
105.06,0.2012215781038146,0.2840533419694633,0.012528027125154174,-0.013214210198542976
105.12,0.2019718092530129,0.28325957591072226,0.01247966715860269,-0.01324463051806903
105.18,0.20271913688565138,0.2824639896572183,0.012431243332268634,-0.013274883341575287
105.24,0.20346355718678158,0.28166659326152643,0.012382756200760193,-0.013304968575571993
105.3,0.2042050663747302,0.2808673967817774,0.012334206318632144,-0.013334886128333284
105.36,0.20494366070109515,0.28006641028155327,0.012285594240380527,-0.013364635909895908
105.42,0.20567933645074224,0.2792636438297808,0.012236920520437216,-0.013394217832057962
105.48,0.2064120899418012,0.278459107500626,0.012188185713164547,-0.013423631808377641
105.54,0.20714191752566133,0.2776528113733888,0.012139390372849956,-0.013452877754171899
105.6,0.20786881558696654,0.27684476553239745,0.012090535053700606,-0.013481955586515167
105.66,0.20859278054361116,0.27603498006690247,0.012041620309838,-0.013510865224238033
105.72,0.20931380884673365,0.27522346507097245,0.011992646695292692,-0.013539606587925863
105.78,0.2100318969807115,0.27441023064338815,0.0119436147639989,-0.013568179599917471
105.84,0.21074704146315543,0.2735952868875373,0.011894525069789184,-0.013596584184303732
105.9,0.21145923884490267,0.2727786439113098,0.01184537816638911,-0.013624820266926203
105.96000000000001,0.21216848571001082,0.2719603118269925,0.011796174607411933,-0.013652887775375698
106.02,0.21287477867575053,0.27114030075116446,0.011746914946353304,-0.013680786638990885
106.08,0.21357811439259913,0.2703186208045916,0.011697599736585908,-0.01370851678885686
106.14,0.21427848954423187,0.26949528211212287,0.011648229531354238,-0.01373607815780365
106.2,0.21497590084751486,0.2686702948025849,0.011598804883769263,-0.013763470680404788
106.26,0.21567034505249683,0.26784366900867773,0.011549326346803149,-0.013790694292975815
106.32,0.2163618189424003,0.26701541486687036,0.01149979447328401,-0.01381774893357278
106.38,0.21705031933361357,0.26618554251729565,0.011450209815890575,-0.01384463454199074
106.44,0.21773584307568053,0.2653540621036472,0.01140057292714702,-0.013871351059762204
106.5,0.21841838705129185,0.26452098377307454,0.011350884359417663,-0.01389789843015562
106.56,0.21909794817627523,0.26368631767607886,0.01130114466490172,-0.013924276598173791
106.62,0.21977452339958525,0.2628500739664093,0.011251354395628093,-0.013950485510552318
106.68,0.22044810970329287,0.26201226280095885,0.011201514103450128,-0.013976525115757995
106.74,0.22111870410257484,0.26117289433966084,0.011151624340040411,-0.01400239536398722
106.8,0.22178630364570306,0.26033197874538444,0.011101685656885516,-0.014028096207164375
106.86,0.22245090541403248,0.25948952618383203,0.011051698605280866,-0.014053627598940167
106.92,0.2231125065219901,0.258645546823435,0.011001663736325495,-0.014078989494690013
106.98,0.22377110411706283,0.25780005083525054,0.010951581600916875,-0.014104181851512345
107.04,0.2244266953797853,0.25695304839285843,0.01090145274974574,-0.01412920462822695
107.1,0.22507927752372694,0.2561045496722577,0.010851277733290924,-0.01415405778537326
107.16,0.22572884779548005,0.25525456485176284,0.010801057101814162,-0.014178741285208673
107.22,0.22637540347464544,0.2544031041119022,0.010750791405354992,-0.014203255091706786
107.28,0.22701894187381969,0.2535501776353138,0.010700481193725584,-0.014227599170555686
107.34,0.22765946033858112,0.25269579560664324,0.010650127016505605,-0.014251773489156188
107.4,0.2282969562474758,0.2518399682124406,0.01059972942303709,-0.014275778016620062
107.46000000000001,0.22893142701200303,0.25098270564105796,0.010549288962419339,-0.014299612723768259
107.52,0.2295628700766005,0.25012401808254714,0.010498806183503791,-0.014323277583129098
107.58,0.23019128291862984,0.24926391572855647,0.010448281634888916,-0.014346772568936484
107.64,0.2308166630483605,0.24840240877222985,0.010397715864915155,-0.014370097657128043
107.7,0.23143900800895453,0.24753950740810343,0.010347109421659813,-0.014393252825343305
107.76,0.23205831537645072,0.2466752218320041,0.010296462852931992,-0.01441623805292184
107.82,0.232674582759748,0.24580956224094772,0.010245776706267523,-0.01443905332090138
107.88,0.2332878078005896,0.2449425388330362,0.01019505152892389,-0.014461698612015966
107.94,0.23389798817354532,0.24407416180735728,0.010144287867875223,-0.014484173910694006
108.0,0.2345051215859948,0.243204441363882,0.010093486269807234,-0.01450647920305638
108.06,0.2351092057781102,0.24233338770336335,0.010042647281112186,-0.01452861447691452
108.12,0.23571023852283815,0.24146101102723508,0.009991771447883874,-0.014550579721768464
108.18,0.23630821762588197,0.24058732153751025,0.009940859315912622,-0.014572374928804881
108.24,0.23690314092568288,0.23971232943668036,0.009889911430680283,-0.014594000090895126
108.3,0.2374950062934022,0.23883604492761362,0.009838928337355194,-0.014615455202593247
108.36,0.23808381163290124,0.23795847821345506,0.009787910580787283,-0.014636740260133974
108.42,0.23866955488072292,0.23707963949752514,0.009736858705503016,-0.014657855261430715
108.48,0.2392522340060719,0.2361995389832192,0.009685773255700475,-0.014678800206073536
108.54,0.23983184701079455,0.23531818687390685,0.00963465477524437,-0.014699575095327103
108.6,0.24040839192935917,0.23443559337283187,0.009583503807661136,-0.014720179932128636
108.66,0.24098186682883552,0.2335517686830112,0.009532320896133912,-0.01474061472108585
108.72,0.24155226980887368,0.2326667230071357,0.009481106583497724,-0.01476087946847485
108.78,0.24211959900168334,0.23178046654746945,0.009429861412234475,-0.014780974182238052
108.84,0.2426838525720124,0.2308930095057502,0.009378585924468084,-0.014800898871982052
108.9,0.2432450287171253,0.23000436208308928,0.009327280661959566,-0.014820653548975528
108.96000000000001,0.24380312566678122,0.22911453447987226,0.009275946166102141,-0.014840238226147086
109.02,0.24435814168321154,0.22822353689565927,0.00922458297791638,-0.014859652918083097
109.08,0.24491007506109805,0.22733137952908503,0.009173191638045268,-0.014878897641025563
109.14,0.24545892412754916,0.2264380725777608,0.009121772686749427,-0.014897972412869906
109.2,0.2460046872420776,0.22554362623817434,0.009070326663902204,-0.014916877253162784
109.26,0.24654736279657674,0.22464805070559107,0.009018854108984854,-0.014935612183099894
109.32,0.24708694921529667,0.2237513561739555,0.00896735556108171,-0.014954177225523738
109.38,0.24762344495482103,0.22285355283579159,0.008915831558875317,-0.014972572404921404
109.44,0.24815684850404188,0.22195465088210553,0.008864282640641687,-0.014990797747422303
109.5,0.24868715838413555,0.22105466050228617,0.008812709344245455,-0.015008853280795917
109.56,0.24921437314853775,0.22015359188400707,0.008761112207135085,-0.015026739034449526
109.62,0.24973849138291873,0.21925145521312844,0.008709491766338104,-0.015044455039425917
109.68,0.2502595117051574,0.21834826067359864,0.008657848558456313,-0.015062001328401083
109.74,0.2507774327653159,0.21744401844735706,0.008606183119661047,-0.015079377935681903
109.8,0.25129225324561383,0.21653873871423487,0.008554495985688366,-0.015096584897203842
109.86,0.25180397186040165,0.21563243165185914,0.008502787691834391,-0.01511362225052857
109.92,0.25231258735613415,0.21472510743555429,0.008451058772950519,-0.015130490034841642
109.98,0.2528180985113439,0.21381677623824488,0.008399309763438707,-0.015147188290950105
110.04,0.253320504136614,0.21290744823035848,0.008347541197246773,-0.015163717061280146
110.1,0.25381980307455043,0.2119971335797288,0.008295753607863691,-0.015180076389874666
110.16,0.25431599419975504,0.2110858424514979,0.008243947528314864,-0.015196266322390918
110.22,0.25480907641879685,0.2101735850080207,0.008192123491157501,-0.015212286906098037
110.28,0.25529904867018427,0.20926037140876735,0.008140282028475911,-0.015228138189874648
110.34,0.2557859099243364,0.20834621181022722,0.008088423671876841,-0.015243820224206405
110.4,0.25626965918355443,0.20743111636581227,0.008036548952484837,-0.015259333061183532
110.46000000000001,0.25675029548199235,0.206515095225761,0.00798465840093759,-0.015274676754498362
110.52,0.25722781788562754,0.20559815853704266,0.007932752547381336,-0.01528985135944284
110.58,0.2577022254922317,0.20468031644326032,0.00788083192146617,-0.01530485693290605
110.64,0.25817351743134015,0.2037615790845565,0.007828897052341523,-0.015319693533371679
110.7,0.25864169286422223,0.20284195659751675,0.007776948468651507,-0.015334361220915513
110.76,0.2591067509838506,0.20192145911507434,0.007724986698530345,-0.015348860057202904
110.82,0.25956869101487046,0.20100009676641528,0.007673012269597803,-0.015363190105486212
110.88,0.2600275122135689,0.20007787967688212,0.007621025708954573,-0.015377351430602267
110.94,0.26048321386784323,0.1991548179678805,0.007569027543177796,-0.01539134409896977
111.0,0.2609357952971695,0.1982309217567833,0.007517018298316463,-0.01540516817858673
111.06,0.2613852558525708,0.1973062011568362,0.007464998499886896,-0.015418823739027865
111.12,0.2618315949165851,0.19638066627706305,0.007412968672868223,-0.015432310851441979
111.18,0.2622748119032329,0.1954543272221718,0.0073609293416978605,-0.015445629588549371
111.24,0.26271490625798444,0.19452719409246022,0.007308881030267037,-0.01545878002463917
111.3,0.2631518774577274,0.19359927698372112,0.007256824261916236,-0.015471762235566709
111.36,0.2635857250107327,0.19267058598714965,0.007204759559430806,-0.015484576298750859
111.42,0.26401644845662187,0.19174113118924882,0.0071526874450364274,-0.01549722229317137
111.48,0.2644440473663331,0.19081092267173613,0.007100608440394676,-0.015509700299366174
111.54,0.26486852134208716,0.18987997051145006,0.007048523066598572,-0.015522010399428705
111.6,0.26528987001735316,0.18894828478025713,0.006996431844168157,-0.01553415267700518
111.66,0.2657080930568144,0.18801587554495797,0.0069443352930460235,-0.015546127217291901
111.72,0.26612319015633307,0.18708275286719556,0.006892233932592963,-0.015557934107032503
111.78,0.26653516104291547,0.1861489268033617,0.006840128281583527,-0.015569573434515227
111.84,0.26694400547467667,0.18521440740450476,0.006788018858201641,-0.015581045289570165
111.9,0.267349723240805,0.18427920471623693,0.00673590618003622,-0.015592349763566486
111.96000000000001,0.2677523141615262,0.18334332877864232,0.0066837907640768125,-0.015603486949409665
112.02,0.26815177808806706,0.18240678962618476,0.006631673126709236,-0.0156144569415387
112.08,0.26854811490261965,0.18146959728761528,0.006579553783711197,-0.015625259835923305
112.14,0.26894132451830416,0.1805317617858814,0.006527433250248021,-0.015635895730061095
112.2,0.26933140687913215,0.17959329313803488,0.006475312040868277,-0.015646364722974766
112.26,0.2697183619599696,0.17865420135514046,0.006423190669499483,-0.015656666915209262
112.32,0.27010218976649936,0.17771449644218476,0.006371069649443814,-0.015666802408828923
112.38,0.2704828903351836,0.17677418839798434,0.006318949493373763,-0.015676771307414634
112.44,0.2708604637332258,0.17583328721509622,0.00626683071332793,-0.015686573716060945
112.5,0.27123491005853256,0.17489180287972614,0.006214713820706718,-0.015696209741373205
112.56,0.2716062294396754,0.17394974537163826,0.006162599326268078,-0.015705679491464647
112.62,0.2719744220358517,0.17300712466406487,0.006110487740123266,-0.015714983075953506
112.68,0.2723394880368464,0.17206395072361594,0.0060583795717326205,-0.015724120605960092
112.74,0.2727014276629919,0.17112023351018957,0.0060062753299013364,-0.015733092194103872
112.8,0.2730602411651297,0.17017598297688108,0.0059541755227752215,-0.015741897954500518
112.86,0.27341592882456983,0.1692312090698947,0.005902080657836569,-0.015750538002758975
112.92,0.2737684909530513,0.1682859217284532,0.0058499912418999095,-0.015759012455978497
112.98,0.27411792789270184,0.16734013088470873,0.005797907781107868,-0.01576732143274566
113.04,0.2744642400159976,0.16639384646365374,0.0057458307809269875,-0.015775465053131404
113.1,0.27480742772572214,0.16544707838303213,0.005693760746143592,-0.015783443438688028
113.16,0.27514749145492595,0.16449983655324973,0.005641698180859601,-0.015791256712446182
113.22,0.27548443166688474,0.16355213087728682,0.005589643588488477,-0.015798904998911865
113.28,0.27581824885505846,0.16260397125060894,0.005537597471751052,-0.01580638842406339
113.34,0.27614894354304925,0.16165536756107893,0.005485560332671448,-0.01581370711534835
113.4,0.27647651628455994,0.16070632968886858,0.00543353267257297,-0.015820861201680567
113.46,0.2768009676633512,0.15975686750637139,0.005381514992074054,-0.015827850813437048
113.52,0.2771222982932001,0.1588069908781135,0.005329507791084137,-0.015834676082454896
113.58,0.27744050881785665,0.15785670966066803,0.00527751156879968,-0.015841337142028254
113.64,0.27775559991100107,0.1569060337025664,0.005225526823700073,-0.01584783412690519
113.7,0.27806757227620077,0.15595497284421167,0.005173554053543614,-0.015854167173284618
113.76,0.278376426646867,0.15500353691779156,0.005121593755363494,-0.015860336418813178
113.82,0.27868216378621113,0.15405173574719186,0.005069646425463789,-0.015866342002582114
113.88,0.2789847844872009,0.15309957914790884,0.005017712559415428,-0.01587218406512415
113.94,0.27928428957251594,0.1521470769269644,0.004965792652052273,-0.01587786274841034
114.0,0.2795806798945039,0.15119423888281888,0.004913887197467104,-0.01588337819584691
114.06,0.2798739563351358,0.15024107480528529,0.004861996689007666,-0.01588873055227212
114.12,0.2801641198059607,0.1492875944754434,0.004810121619272725,-0.015893919963953063
114.18,0.28045117124806124,0.14833380766555426,0.004758262480108128,-0.015898946578582495
114.24,0.28073511163200815,0.14737972413897474,0.0047064197626028965,-0.015903810545275645
114.3,0.28101594195781465,0.14642535365007173,0.004654593957085267,-0.015908512014567004
114.36,0.2812936632548907,0.14547070594413802,0.004602785553118859,-0.01591305113840712
114.42,0.2815682765819972,0.14451579075730692,0.004550995039498745,-0.015917428070159362
114.48,0.28183978302719925,0.14356061781646748,0.004499222904247587,-0.015921642964596708
114.54,0.2821081837078204,0.14260519683918027,0.004447469634611774,-0.01592569597789847
114.6,0.2823734797703955,0.1416495375335932,0.004395735717057584,-0.015929587267647077
114.66,0.28263567239062387,0.1406936495983565,0.0043440216372673006,-0.015933316992824784
114.72,0.2828947627733221,0.1397375427225403,0.004292327880135457,-0.01593688531381041
114.78,0.2831507521523767,0.1387812265855499,0.004240654929764978,-0.01594029239237606
114.84,0.2834036417906966,0.13782471085704256,0.004189003269463392,-0.015943538391683828
114.9,0.28365343298016515,0.13686800519684422,0.004137373381739043,-0.015946623476282482
114.96,0.2839001270415923,0.13591111925486662,0.004085765748297325,-0.015949547812104184
115.02,0.28414372532466586,0.13495406267102347,0.004034180850036877,-0.01595231156646114
115.08,0.2843842292079035,0.13399684507514906,0.003982619167045898,-0.015954914908042277
115.14,0.2846216400986037,0.1330394760869149,0.003931081178598368,-0.015957358006909915
115.2,0.28485595943279673,0.1320819653157477,0.003879567363150331,-0.015959641034496395
115.26,0.2850871886751958,0.13112432236074717,0.0038280781983361842,-0.01596176416360075
115.32,0.2853153293191473,0.13016655681060443,0.0037766141609649915,-0.015963727568385298
115.38,0.2855403828865814,0.1292086782435193,0.0037251757270167422,-0.015965531424372303
115.44,0.28576235092796215,0.1282506962271203,0.003673763371638761,-0.015967175908440566
115.5,0.28598123502223716,0.12729262031838234,0.0036223775691419853,-0.015968661198822037
115.56,0.28619703677678765,0.12633446006354593,0.0035710187929973336,-0.015969987475098393
115.62,0.2864097578273779,0.12537622499803625,0.003519687515832071,-0.01597115491819765
115.68,0.2866193998381041,0.12441792464638249,0.003468384209426185,-0.01597216371039073
115.74,0.2868259645013441,0.12345956852213764,0.0034171093447087834,-0.015973014035288013
115.8,0.2870294535377058,0.12250116612779728,0.00336586339175445,-0.015973706077835905
115.86,0.2872298686959758,0.12154272695472088,0.0033146468197797333,-0.015974240024313413
115.92,0.28742721175306757,0.12058426048305107,0.0032634600971395257,-0.015974616062328632
115.98,0.28762148451397046,0.11962577618163416,0.0032123036913235124,-0.01597483438081533
116.04,0.28781268881169675,0.1186672835079408,0.00316117806895263,-0.015974895170029438
116.1,0.2880008265072301,0.11770879190798693,0.0031100836957755383,-0.015974798621545574
116.16,0.2881858994894726,0.11675031081625381,0.0030590210366650593,-0.01597454492825355
116.22,0.2883679096751925,0.11579184965561072,0.0030079905556147334,-0.015974134284354867
116.28,0.2885468590089712,0.11483341783723526,0.002956992715735283,-0.015973566885359204
116.34,0.28872274946315013,0.11387502476053535,0.002906027979251136,-0.015972842928080894
116.4,0.28889558303777746,0.11291667981307099,0.0028550968074969635,-0.015971962610635403
116.46,0.2890653617605547,0.1119583923704765,0.002804199660914229,-0.015970926132435777
116.52,0.289232087686783,0.11100017179638194,0.0027533369990477034,-0.015969733694189116
116.58,0.28939576289930913,0.11004202744233689,0.0027025092805421005,-0.015968385497893003
116.64,0.2895563895084716,0.10908396864773216,0.002651716963138618,-0.01596688174683195
116.7,0.28971396965204604,0.10812600473972303,0.002600960503671543,-0.01596522264557382
116.76,0.289868505495191,0.10716814503315235,0.002550240358064859,-0.015963408399966263
116.82,0.29001999923039273,0.10621039883047388,0.002499556981328884,-0.015961439217133108
116.88,0.29016845307741124,0.10525277542167523,0.002448910827556854,-0.015959315305470772
116.94,0.2903138692832239,0.1042952840842027,0.002398302349921648,-0.015957036874644673
117.0,0.29045625012197107,0.10333793408288452,0.0023477320006723952,-0.015954604135585596
117.06,0.29059559789490025,0.10238073466985524,0.0022972002311311686,-0.015952017300486083
117.12,0.2907319149303103,0.10142369508448,0.0022467074916896696,-0.01594927658279681
117.18,0.2908652035834957,0.10046682455327934,0.0021962542318059272,-0.015946382197222938
117.24,0.29099546623669015,0.09951013228985407,0.0021458409000010273,-0.015943334359720476
117.3,0.2911227052990106,0.09855362749480961,0.0020954679438557923,-0.015940133287492633
117.36,0.2912469232064004,0.09759731935568251,0.002045135810007593,-0.015936779198986156
117.42,0.2913681224215729,0.0966412170468651,0.0019948449441470543,-0.015933272313887654
117.48,0.29148630543395426,0.09568532972953137,0.001944595791014835,-0.015929612853119928
117.54,0.2916014747596266,0.09472966655156297,0.0018943887943984078,-0.015925801038838304
117.6,0.2917136329412706,0.09377423664747557,0.001844224397128868,-0.01592183709442691
117.66,0.291822782548108,0.09281904913834432,0.0017941030410776884,-0.015917721244495007
117.72,0.2919289261758441,0.0918641131317319,0.0017440251671536173,-0.015913453714873266
117.78,0.29203206644660945,0.09090943772161432,0.001693991215299458,-0.01590903473261007
117.84,0.2921322060089025,0.08995503198830822,0.0016440016244889345,-0.015904464525967773
117.9,0.29222934753753066,0.08900090499839824,0.0015940568327235483,-0.015899743324418986
117.96,0.2923234937335524,0.08804706580466465,0.0015441572770294662,-0.015894871358642853
118.02,0.29241464732421824,0.08709352344601018,0.0014943033934543591,-0.01588984886052127
118.08,0.2925028110629123,0.0861402869473893,0.0014444956170643758,-0.015884676063135175
118.14,0.29258798772909295,0.08518736531973561,0.0013947343819410078,-0.01587935320076077
118.2,0.2926701801282341,0.08423476755989033,0.0013450201211780322,-0.01587388050886577
118.26,0.2927493910917653,0.08328250265053094,0.0012953532668784492,-0.015868258224105602
118.32,0.2928256234770126,0.0823305795601003,0.001245734250151453,-0.01586248658431967
118.38,0.2928988801671388,0.08137900724273481,0.0011961635011093496,-0.01585656582852753
118.44,0.2929691640710833,0.08042779463819508,0.0011466414488646105,-0.015850496196925128
118.5,0.29303647812350236,0.07947695067179451,0.0010971685215268214,-0.015844277930880966
118.56,0.29310082528470843,0.07852648425432932,0.0010477451461997026,-0.01583791127293234
118.62,0.29316220854061015,0.07757640428200853,0.0009983717489781318,-0.01583139646678148
118.68,0.2932206309026513,0.07662671963638418,0.0009490487549451793,-0.01582473375729176
118.74,0.2932760954077504,0.07567743918428195,0.0008997765881691706,-0.015817923390483872
118.8,0.2933286051182395,0.07472857177773107,0.0008505556717007006,-0.015810965613531965
118.86,0.293378163121803,0.07378012625389636,0.0008013864275697836,-0.01580386067475983
118.92,0.29342477253141647,0.07283211143500871,0.0007522692767828953,-0.015796608823637058
118.98,0.2934684364852851,0.07188453612829653,0.0007032046393200876,-0.015789210310775154
119.04,0.293509158146782,0.0709374091259173,0.0006541929341321087,-0.015781665387923704
119.1,0.2935469407043865,0.06999073920488982,0.0006052345791375445,-0.01577397430796651
119.16,0.2935817873716218,0.06904453512702519,0.0005563299912199163,-0.01576613732491769
119.22,0.2936137013869931,0.06809880563886052,0.0005074795862249117,-0.015758154693917833
119.28,0.2936426860139251,0.06715355947159059,0.0004586837789575078,-0.015750026671230082
119.34,0.2936687445406996,0.0662088053410008,0.0004099429831791708,-0.01574175351423627
119.4,0.29369188028039245,0.0652645519474002,0.00036125761160505515,-0.015733335481432992
119.46,0.2937120965708113,0.06432080797555488,0.00031262807590122857,-0.01572477283242774
119.52,0.293729396774432,0.0633775820946206,0.0002640547866818526,-0.015716065827934934
119.58,0.29374378427833575,0.06243488295807785,0.00021553815350649312,-0.015707214729772066
119.64,0.29375526249414546,0.06149271920366478,0.00016707858487732984,-0.015698219800855742
119.7,0.29376383485796254,0.06055109945331173,0.00011867648823643445,-0.015689081305197763
119.76,0.293769504830303,0.05961003231307556,7.033226996305445e-05,-0.015679799507901177
119.82,0.29377227589603355,0.058669526373074515,2.2046335370918948e-05,-0.015670374675156366
119.88,0.2937721515643078,0.057729590207422236,-2.6180911294494303e-05,-0.015660807074237063
119.94,0.293769135368502,0.056790232374164216,-7.434906685857165e-05,-0.015651096973496436
120.0,0.2937632308661507,0.05585146141521224,-0.00012245772922026644,-0.0156412446423631
