path,size_MiB,categories,n_columns,columns
archive/old_runs/subsonique_pinn/kh_subsonic_2d_local_m0005_jz/history.csv,0.45627403259277344,training_history,13,epoch|loss|loss_pde|loss_bc|loss_norm|loss_phase|loss_ci_supervision|mapping_scale|audit_ci_mae|audit_ci_max_abs|audit_ci_mean_rel|audit_ci_max_rel|n_focus_points
archive/old_runs/subsonique_pinn/kh_subsonic_2d_local_m0005_jz_edge_neutral/history.csv,0.7625484466552734,training_history,13,epoch|loss|loss_pde|loss_bc|loss_norm|loss_phase|loss_ci_supervision|mapping_scale|audit_ci_mae|audit_ci_max_abs|audit_ci_mean_rel|audit_ci_max_rel|n_focus_points
archive/old_runs/subsonique_pinn/kh_subsonic_2d_local_m0005_jz_neutral/history.csv,0.762486457824707,training_history,13,epoch|loss|loss_pde|loss_bc|loss_norm|loss_phase|loss_ci_supervision|mapping_scale|audit_ci_mae|audit_ci_max_abs|audit_ci_mean_rel|audit_ci_max_rel|n_focus_points
archive/old_runs/subsonique_pinn/kh_subsonic_2d_local_m0007_jz_neutral/history.csv,0.7657833099365234,training_history,13,epoch|loss|loss_pde|loss_bc|loss_norm|loss_phase|loss_ci_supervision|mapping_scale|audit_ci_mae|audit_ci_max_abs|audit_ci_mean_rel|audit_ci_max_rel|n_focus_points
archive/old_runs/subsonique_pinn/kh_subsonic_2d_local_m0008_jz_neutral/history.csv,0.7672252655029297,training_history,13,epoch|loss|loss_pde|loss_bc|loss_norm|loss_phase|loss_ci_supervision|mapping_scale|audit_ci_mae|audit_ci_max_abs|audit_ci_mean_rel|audit_ci_max_rel|n_focus_points
archive/old_runs/subsonique_pinn/kh_subsonic_fixed_mach_M05_modefocus/config.csv,0.0008182525634765625,anchor_ablation,45,mach|alpha_min|alpha_max|epochs|learning_rate|hidden_dim|mode_depth|ci_depth|activation|fourier_features|fourier_scale|initial_ci|mapping_scale|trainable_mapping_scale|n_interior|n_boundary|n_alpha_supervision|n_anchor_alpha|n_norm_interior|n_reference_alpha|n_audit_alpha|n_mode_audit_alpha|n_mode_audit_y|audit_every|checkpoint_every|focus_fraction|focus_half_width|error_threshold|mode_error_threshold|max_focus_points|mode_center_fraction|mode_center_half_width|w_pde|w_bc|w_norm|w_integral_norm|w_phase|w_ci_supervision|audit_ci_weight|audit_mode_weight|classic_n_points|classic_mapping_scale|classic_xi_max|output_dir|device
archive/old_runs/subsonique_pinn/kh_subsonic_fixed_mach_M05_modefocus/history.csv,0.9862384796142578,training_history,20,epoch|loss|loss_pde|loss_bc|loss_norm|loss_integral_norm|loss_phase|loss_ci_supervision|mapping_scale|ci_mid|audit_ci_mae|audit_ci_max_abs|audit_ci_mean_rel|audit_ci_max_rel|audit_p_rel_l2_mean|audit_p_rel_l2_max|audit_checkpoint_metric|n_focus_alphas|focus_alpha_min|focus_alpha_max
archive/repo_cleanup_2026-04-24/blumen_gep/supersonic_mach_branch_tracking_a020_anchor120_candidates.csv,0.00881195068359375,anchor_ablation,15,alpha|Mach|rank|cand_cr|cand_ci|cand_omega_i|distance_to_target|distance_to_shooting|overlap_to_previous|overlap_to_anchor|score|target_cr|target_ci|shooting_cr|shooting_ci
archive/repo_cleanup_2026-04-24/blumen_gep/supersonic_mach_branch_tracking_a020_anchor120_surface.csv,0.010603904724121094,anchor_ablation,21,alpha|Mach|N|gep_cr|gep_ci|gep_omega_i|distance_to_target|distance_to_shooting|overlap_to_previous|overlap_to_anchor|selection_source|n_finite_modes|success|accepted|target_cr|target_ci|target_source|shooting_cr|shooting_ci|shooting_omega_i|shooting_spectral_success
archive/repo_cleanup_2026-04-24/blumen_gep/supersonic_mach_branch_tracking_a020_anchor130_candidates.csv,0.008684158325195312,anchor_ablation,15,alpha|Mach|rank|cand_cr|cand_ci|cand_omega_i|distance_to_target|distance_to_shooting|overlap_to_previous|overlap_to_anchor|score|target_cr|target_ci|shooting_cr|shooting_ci
archive/repo_cleanup_2026-04-24/blumen_gep/supersonic_mach_branch_tracking_a020_anchor130_surface.csv,0.010374069213867188,anchor_ablation,21,alpha|Mach|N|gep_cr|gep_ci|gep_omega_i|distance_to_target|distance_to_shooting|overlap_to_previous|overlap_to_anchor|selection_source|n_finite_modes|success|accepted|target_cr|target_ci|target_source|shooting_cr|shooting_ci|shooting_omega_i|shooting_spectral_success
archive/repo_cleanup_2026-04-24/blumen_gep/supersonic_mach_branch_tracking_a020_anchor135_candidates.csv,0.008757591247558594,anchor_ablation,15,alpha|Mach|rank|cand_cr|cand_ci|cand_omega_i|distance_to_target|distance_to_shooting|overlap_to_previous|overlap_to_anchor|score|target_cr|target_ci|shooting_cr|shooting_ci
archive/repo_cleanup_2026-04-24/blumen_gep/supersonic_mach_branch_tracking_a020_anchor135_surface.csv,0.010500907897949219,anchor_ablation,21,alpha|Mach|N|gep_cr|gep_ci|gep_omega_i|distance_to_target|distance_to_shooting|overlap_to_previous|overlap_to_anchor|selection_source|n_finite_modes|success|accepted|target_cr|target_ci|target_source|shooting_cr|shooting_ci|shooting_omega_i|shooting_spectral_success
archive/repo_cleanup_2026-04-24/blumen_gep/supersonic_mach_branch_tracking_a020_anchor140_candidates.csv,0.008774757385253906,anchor_ablation,15,alpha|Mach|rank|cand_cr|cand_ci|cand_omega_i|distance_to_target|distance_to_shooting|overlap_to_previous|overlap_to_anchor|score|target_cr|target_ci|shooting_cr|shooting_ci
archive/repo_cleanup_2026-04-24/blumen_gep/supersonic_mach_branch_tracking_a020_anchor140_k12_candidates.csv,0.026811599731445312,anchor_ablation,15,alpha|Mach|rank|cand_cr|cand_ci|cand_omega_i|distance_to_target|distance_to_shooting|overlap_to_previous|overlap_to_anchor|score|target_cr|target_ci|shooting_cr|shooting_ci
archive/repo_cleanup_2026-04-24/blumen_gep/supersonic_mach_branch_tracking_a020_anchor140_k12_surface.csv,0.0036153793334960938,anchor_ablation,21,alpha|Mach|N|gep_cr|gep_ci|gep_omega_i|distance_to_target|distance_to_shooting|overlap_to_previous|overlap_to_anchor|selection_source|n_finite_modes|success|accepted|target_cr|target_ci|target_source|shooting_cr|shooting_ci|shooting_omega_i|shooting_spectral_success
archive/repo_cleanup_2026-04-24/blumen_gep/supersonic_mach_branch_tracking_a020_anchor140_n801_candidates.csv,0.011303901672363281,anchor_ablation,15,alpha|Mach|rank|cand_cr|cand_ci|cand_omega_i|distance_to_target|distance_to_shooting|overlap_to_previous|overlap_to_anchor|score|target_cr|target_ci|shooting_cr|shooting_ci
archive/repo_cleanup_2026-04-24/blumen_gep/supersonic_mach_branch_tracking_a020_anchor140_n801_surface.csv,0.0036220550537109375,anchor_ablation,21,alpha|Mach|N|gep_cr|gep_ci|gep_omega_i|distance_to_target|distance_to_shooting|overlap_to_previous|overlap_to_anchor|selection_source|n_finite_modes|success|accepted|target_cr|target_ci|target_source|shooting_cr|shooting_ci|shooting_omega_i|shooting_spectral_success
archive/repo_cleanup_2026-04-24/blumen_gep/supersonic_mach_branch_tracking_a020_anchor140_surface.csv,0.010545730590820312,anchor_ablation,21,alpha|Mach|N|gep_cr|gep_ci|gep_omega_i|distance_to_target|distance_to_shooting|overlap_to_previous|overlap_to_anchor|selection_source|n_finite_modes|success|accepted|target_cr|target_ci|target_source|shooting_cr|shooting_ci|shooting_omega_i|shooting_spectral_success
archive/repo_cleanup_2026-04-24/blumen_gep/supersonic_mach_branch_tracking_a020_anchor145_candidates.csv,0.0076351165771484375,anchor_ablation,15,alpha|Mach|rank|cand_cr|cand_ci|cand_omega_i|distance_to_target|distance_to_shooting|overlap_to_previous|overlap_to_anchor|score|target_cr|target_ci|shooting_cr|shooting_ci
archive/repo_cleanup_2026-04-24/blumen_gep/supersonic_mach_branch_tracking_a020_anchor145_surface.csv,0.01050567626953125,anchor_ablation,21,alpha|Mach|N|gep_cr|gep_ci|gep_omega_i|distance_to_target|distance_to_shooting|overlap_to_previous|overlap_to_anchor|selection_source|n_finite_modes|success|accepted|target_cr|target_ci|target_source|shooting_cr|shooting_ci|shooting_omega_i|shooting_spectral_success
archive/repo_cleanup_2026-04-24/kh_roots/kh_subsonic_2d_local_m0005_jz_multibranch/history.csv,0.7610969543457031,training_history,13,epoch|loss|loss_pde|loss_bc|loss_norm|loss_phase|loss_ci_supervision|mapping_scale|audit_ci_mae|audit_ci_max_abs|audit_ci_mean_rel|audit_ci_max_rel|n_focus_points
archive/repo_cleanup_2026-04-24/kh_roots/kh_subsonic_2d_local_m0005_jz_multibranch_riccati/history.csv,0.8023128509521484,training_history,15,epoch|loss|loss_pde|loss_bc|loss_bc_kappa|loss_bc_q|loss_norm|loss_phase|loss_ci_supervision|mapping_scale|audit_ci_mae|audit_ci_max_abs|audit_ci_mean_rel|audit_ci_max_rel|n_focus_points
archive/repo_cleanup_2026-04-24/kh_roots/kh_subsonic_fixed_mach_M05_riccati_experts/config.csv,0.0016002655029296875,anchor_ablation,81,mach|alpha_min|alpha_max|epochs|learning_rate|hidden_dim|mode_hidden_dim|ci_hidden_dim|mode_depth|ci_depth|activation|fourier_features|fourier_scale|initial_ci|mapping_scale|trainable_mapping_scale|n_interior|n_boundary|n_alpha_supervision|n_anchor_alpha|n_norm_interior|n_reference_alpha|n_audit_alpha|n_mode_audit_alpha|n_mode_audit_y|audit_every|checkpoint_every|stage_split_epoch|stage2_freeze_ci|stage2_ci_lr_scale|separate_branch_optimizers|detach_ci_in_mode_branch|ci_branch_lr|mode_branch_lr|stage1_w_ci_supervision|stage2_w_ci_supervision|stage1_neutral_fraction|stage2_neutral_fraction|focus_fraction|focus_half_width|neutral_fraction|ci_supervision_neutral_boost|neutral_half_width|error_threshold|mode_error_threshold|max_focus_points|anchor_strategy|anchor_half_width|anchor_max_candidates|mode_center_fraction|mode_center_half_width|w_pde|w_bc|w_bc_kappa|w_bc_q|w_norm|w_integral_norm|w_phase|w_peak_slope|w_peak_curvature|w_loc_center|w_loc_spread|w_ci_supervision|audit_ci_weight|audit_mode_weight|audit_env_weight|audit_phase_weight|audit_peak_weight|phase_mask_fraction|classic_n_points|classic_mapping_scale|classic_xi_max|enforce_mode_symmetry|mode_representation|mode_experts|alpha_split_threshold|riccati_anchor_supervision|riccati_anchor_n_xi|w_riccati_anchor|output_dir|device
archive/repo_cleanup_2026-04-24/kh_roots/kh_subsonic_fixed_mach_M05_riccati_experts/history.csv,1.1363449096679688,anchor_ablation;training_history,37,epoch|loss|loss_pde|loss_bc|loss_bc_kappa|loss_bc_q|loss_norm|loss_integral_norm|loss_phase|loss_peak_slope|loss_peak_curvature|loss_loc_center|loss_loc_spread|loss_riccati_anchor|loss_ci_supervision|stage_w_ci_supervision|stage_neutral_fraction|ci_supervision_neutral_fraction|stage2_started|mapping_scale|ci_mid|audit_ci_mae|audit_ci_max_abs|audit_ci_mean_rel|audit_ci_max_rel|audit_p_rel_l2_mean|audit_p_rel_l2_max|audit_env_rel_mean|audit_env_rel_max|audit_phase_rel_mean|audit_phase_rel_max|audit_peak_shift_mean|audit_peak_shift_max|audit_checkpoint_metric|n_focus_alphas|focus_alpha_min|focus_alpha_max
archive/repo_cleanup_2026-04-24/kh_roots/kh_subsonic_fixed_mach_M05_riccati_experts_light_anchor/config.csv,0.0016689300537109375,anchor_ablation,83,mach|alpha_min|alpha_max|epochs|learning_rate|hidden_dim|mode_hidden_dim|ci_hidden_dim|mode_depth|ci_depth|activation|fourier_features|fourier_scale|initial_ci|mapping_scale|trainable_mapping_scale|n_interior|n_boundary|n_alpha_supervision|n_anchor_alpha|n_norm_interior|n_reference_alpha|n_audit_alpha|n_mode_audit_alpha|n_mode_audit_y|audit_every|checkpoint_every|stage_split_epoch|stage2_freeze_ci|stage2_ci_lr_scale|separate_branch_optimizers|detach_ci_in_mode_branch|ci_branch_lr|mode_branch_lr|stage1_w_ci_supervision|stage2_w_ci_supervision|stage1_neutral_fraction|stage2_neutral_fraction|focus_fraction|focus_half_width|neutral_fraction|ci_supervision_neutral_boost|neutral_half_width|error_threshold|mode_error_threshold|max_focus_points|anchor_strategy|anchor_half_width|anchor_max_candidates|mode_center_fraction|mode_center_half_width|w_pde|w_bc|w_bc_kappa|w_bc_q|w_norm|w_integral_norm|w_phase|w_peak_slope|w_peak_curvature|w_loc_center|w_loc_spread|w_ci_supervision|audit_ci_weight|audit_mode_weight|audit_env_weight|audit_phase_weight|audit_peak_weight|phase_mask_fraction|classic_n_points|classic_mapping_scale|classic_xi_max|enforce_mode_symmetry|mode_representation|mode_experts|alpha_split_threshold|riccati_anchor_supervision|riccati_anchor_n_xi|riccati_anchor_every|riccati_anchor_alphas|w_riccati_anchor|output_dir|device
archive/repo_cleanup_2026-04-24/kh_roots/kh_subsonic_fixed_mach_M05_riccati_experts_light_anchor/history.csv,1.1398849487304688,anchor_ablation;training_history,37,epoch|loss|loss_pde|loss_bc|loss_bc_kappa|loss_bc_q|loss_norm|loss_integral_norm|loss_phase|loss_peak_slope|loss_peak_curvature|loss_loc_center|loss_loc_spread|loss_riccati_anchor|loss_ci_supervision|stage_w_ci_supervision|stage_neutral_fraction|ci_supervision_neutral_fraction|stage2_started|mapping_scale|ci_mid|audit_ci_mae|audit_ci_max_abs|audit_ci_mean_rel|audit_ci_max_rel|audit_p_rel_l2_mean|audit_p_rel_l2_max|audit_env_rel_mean|audit_env_rel_max|audit_phase_rel_mean|audit_phase_rel_max|audit_peak_shift_mean|audit_peak_shift_max|audit_checkpoint_metric|n_focus_alphas|focus_alpha_min|focus_alpha_max
archive/repo_cleanup_2026-04-24/kh_roots/kh_subsonic_fixed_mach_M05_riccati_modeaudit/config.csv,0.001102447509765625,anchor_ablation,58,mach|alpha_min|alpha_max|epochs|learning_rate|hidden_dim|mode_depth|ci_depth|activation|fourier_features|fourier_scale|initial_ci|mapping_scale|trainable_mapping_scale|n_interior|n_boundary|n_alpha_supervision|n_anchor_alpha|n_norm_interior|n_reference_alpha|n_audit_alpha|n_mode_audit_alpha|n_mode_audit_y|audit_every|checkpoint_every|focus_fraction|focus_half_width|error_threshold|mode_error_threshold|max_focus_points|anchor_strategy|anchor_half_width|anchor_max_candidates|mode_center_fraction|mode_center_half_width|w_pde|w_bc|w_norm|w_integral_norm|w_phase|w_peak_slope|w_peak_curvature|w_loc_center|w_loc_spread|w_ci_supervision|audit_ci_weight|audit_mode_weight|audit_env_weight|audit_phase_weight|audit_peak_weight|phase_mask_fraction|classic_n_points|classic_mapping_scale|classic_xi_max|enforce_mode_symmetry|mode_representation|output_dir|device
archive/repo_cleanup_2026-04-24/kh_roots/kh_subsonic_fixed_mach_M05_riccati_modeaudit/history.csv,0.8429069519042969,training_history,30,epoch|loss|loss_pde|loss_bc|loss_norm|loss_integral_norm|loss_phase|loss_peak_slope|loss_peak_curvature|loss_loc_center|loss_loc_spread|loss_ci_supervision|mapping_scale|ci_mid|audit_ci_mae|audit_ci_max_abs|audit_ci_mean_rel|audit_ci_max_rel|audit_p_rel_l2_mean|audit_p_rel_l2_max|audit_env_rel_mean|audit_env_rel_max|audit_phase_rel_mean|audit_phase_rel_max|audit_peak_shift_mean|audit_peak_shift_max|audit_checkpoint_metric|n_focus_alphas|focus_alpha_min|focus_alpha_max
archive/repo_cleanup_2026-04-24/kh_roots/kh_subsonic_fixed_mach_M05_riccati_multibranch/config.csv,0.0014295578002929688,anchor_ablation,73,mach|alpha_min|alpha_max|epochs|learning_rate|hidden_dim|mode_depth|ci_depth|activation|fourier_features|fourier_scale|initial_ci|mapping_scale|trainable_mapping_scale|n_interior|n_boundary|n_alpha_supervision|n_anchor_alpha|n_norm_interior|n_reference_alpha|n_audit_alpha|n_mode_audit_alpha|n_mode_audit_y|audit_every|checkpoint_every|stage_split_epoch|stage2_freeze_ci|stage2_ci_lr_scale|separate_branch_optimizers|detach_ci_in_mode_branch|ci_branch_lr|mode_branch_lr|stage1_w_ci_supervision|stage2_w_ci_supervision|stage1_neutral_fraction|stage2_neutral_fraction|focus_fraction|focus_half_width|neutral_fraction|neutral_half_width|error_threshold|mode_error_threshold|max_focus_points|anchor_strategy|anchor_half_width|anchor_max_candidates|mode_center_fraction|mode_center_half_width|w_pde|w_bc|w_bc_kappa|w_bc_q|w_norm|w_integral_norm|w_phase|w_peak_slope|w_peak_curvature|w_loc_center|w_loc_spread|w_ci_supervision|audit_ci_weight|audit_mode_weight|audit_env_weight|audit_phase_weight|audit_peak_weight|phase_mask_fraction|classic_n_points|classic_mapping_scale|classic_xi_max|enforce_mode_symmetry|mode_representation|output_dir|device
archive/repo_cleanup_2026-04-24/kh_roots/kh_subsonic_fixed_mach_M05_riccati_multibranch/history.csv,1.0982084274291992,training_history,35,epoch|loss|loss_pde|loss_bc|loss_bc_kappa|loss_bc_q|loss_norm|loss_integral_norm|loss_phase|loss_peak_slope|loss_peak_curvature|loss_loc_center|loss_loc_spread|loss_ci_supervision|stage_w_ci_supervision|stage_neutral_fraction|stage2_started|mapping_scale|ci_mid|audit_ci_mae|audit_ci_max_abs|audit_ci_mean_rel|audit_ci_max_rel|audit_p_rel_l2_mean|audit_p_rel_l2_max|audit_env_rel_mean|audit_env_rel_max|audit_phase_rel_mean|audit_phase_rel_max|audit_peak_shift_mean|audit_peak_shift_max|audit_checkpoint_metric|n_focus_alphas|focus_alpha_min|focus_alpha_max
archive/repo_cleanup_2026-04-24/kh_roots/kh_subsonic_fixed_mach_M05_riccati_multibranch_refined/config.csv,0.0015048980712890625,anchor_ablation,76,mach|alpha_min|alpha_max|epochs|learning_rate|hidden_dim|mode_hidden_dim|ci_hidden_dim|mode_depth|ci_depth|activation|fourier_features|fourier_scale|initial_ci|mapping_scale|trainable_mapping_scale|n_interior|n_boundary|n_alpha_supervision|n_anchor_alpha|n_norm_interior|n_reference_alpha|n_audit_alpha|n_mode_audit_alpha|n_mode_audit_y|audit_every|checkpoint_every|stage_split_epoch|stage2_freeze_ci|stage2_ci_lr_scale|separate_branch_optimizers|detach_ci_in_mode_branch|ci_branch_lr|mode_branch_lr|stage1_w_ci_supervision|stage2_w_ci_supervision|stage1_neutral_fraction|stage2_neutral_fraction|focus_fraction|focus_half_width|neutral_fraction|ci_supervision_neutral_boost|neutral_half_width|error_threshold|mode_error_threshold|max_focus_points|anchor_strategy|anchor_half_width|anchor_max_candidates|mode_center_fraction|mode_center_half_width|w_pde|w_bc|w_bc_kappa|w_bc_q|w_norm|w_integral_norm|w_phase|w_peak_slope|w_peak_curvature|w_loc_center|w_loc_spread|w_ci_supervision|audit_ci_weight|audit_mode_weight|audit_env_weight|audit_phase_weight|audit_peak_weight|phase_mask_fraction|classic_n_points|classic_mapping_scale|classic_xi_max|enforce_mode_symmetry|mode_representation|output_dir|device
archive/repo_cleanup_2026-04-24/kh_roots/kh_subsonic_fixed_mach_M05_riccati_multibranch_refined/history.csv,1.1204414367675781,training_history,36,epoch|loss|loss_pde|loss_bc|loss_bc_kappa|loss_bc_q|loss_norm|loss_integral_norm|loss_phase|loss_peak_slope|loss_peak_curvature|loss_loc_center|loss_loc_spread|loss_ci_supervision|stage_w_ci_supervision|stage_neutral_fraction|ci_supervision_neutral_fraction|stage2_started|mapping_scale|ci_mid|audit_ci_mae|audit_ci_max_abs|audit_ci_mean_rel|audit_ci_max_rel|audit_p_rel_l2_mean|audit_p_rel_l2_max|audit_env_rel_mean|audit_env_rel_max|audit_phase_rel_mean|audit_phase_rel_max|audit_peak_shift_mean|audit_peak_shift_max|audit_checkpoint_metric|n_focus_alphas|focus_alpha_min|focus_alpha_max
archive/repo_cleanup_2026-04-24/legacy_workspaces/subsonique_pinn/runs_frozen/kh_subsonic_2d_local_m0008_jz_neutral_h160/history.csv,0.7674293518066406,training_history,13,epoch|loss|loss_pde|loss_bc|loss_norm|loss_phase|loss_ci_supervision|mapping_scale|audit_ci_mae|audit_ci_max_abs|audit_ci_mean_rel|audit_ci_max_rel|n_focus_points
archive/repo_cleanup_2026-04-24/legacy_workspaces/subsonique_pinn/runs_frozen/kh_subsonic_fixed_mach_M05_adaptive_jz/history.csv,0.5170326232910156,training_history,16,epoch|loss|loss_pde|loss_bc|loss_norm|loss_phase|loss_ci_supervision|mapping_scale|ci_mid|audit_ci_mae|audit_ci_max_abs|audit_ci_mean_rel|audit_ci_max_rel|n_focus_alphas|focus_alpha_min|focus_alpha_max
archive/repo_cleanup_2026-04-24/legacy_workspaces/subsonique_pinn/runs_frozen/kh_subsonic_singlecase_a050_m050/config.csv,0.0008287429809570312,anchor_ablation,46,mach|alpha_min|alpha_max|epochs|learning_rate|hidden_dim|mode_depth|ci_depth|activation|fourier_features|fourier_scale|initial_ci|mapping_scale|trainable_mapping_scale|n_interior|n_boundary|n_alpha_supervision|n_anchor_alpha|n_norm_interior|n_reference_alpha|n_audit_alpha|n_mode_audit_alpha|n_mode_audit_y|audit_every|checkpoint_every|focus_fraction|focus_half_width|error_threshold|mode_error_threshold|max_focus_points|anchor_half_width|mode_center_fraction|mode_center_half_width|w_pde|w_bc|w_norm|w_integral_norm|w_phase|w_ci_supervision|audit_ci_weight|audit_mode_weight|classic_n_points|classic_mapping_scale|classic_xi_max|output_dir|device
archive/repo_cleanup_2026-04-24/legacy_workspaces/subsonique_pinn/runs_frozen/kh_subsonic_singlecase_a050_m050/history.csv,0.9936456680297852,training_history,20,epoch|loss|loss_pde|loss_bc|loss_norm|loss_integral_norm|loss_phase|loss_ci_supervision|mapping_scale|ci_mid|audit_ci_mae|audit_ci_max_abs|audit_ci_mean_rel|audit_ci_max_rel|audit_p_rel_l2_mean|audit_p_rel_l2_max|audit_checkpoint_metric|n_focus_alphas|focus_alpha_min|focus_alpha_max
archive/repo_cleanup_2026-04-24/model_saved/_smoke_first_order_real/config.csv,0.0023202896118164062,anchor_ablation,110,mach|alpha_min|alpha_max|epochs|learning_rate|hidden_dim|mode_hidden_dim|ci_hidden_dim|mode_depth|ci_depth|fixed_scalar_ci|freeze_ci|activation|fourier_features|fourier_scale|initial_ci|mapping_scale|trainable_mapping_scale|n_interior|n_boundary|n_alpha_supervision|n_anchor_alpha|n_norm_interior|n_reference_alpha|n_audit_alpha|n_mode_audit_alpha|n_mode_audit_y|audit_every|checkpoint_every|enable_classic_ci_supervision|enable_classic_mode_audit|stage_split_epoch|stage2_freeze_ci|stage2_ci_lr_scale|separate_branch_optimizers|detach_ci_in_mode_branch|ci_branch_lr|mode_branch_lr|stage1_w_ci_supervision|stage2_w_ci_supervision|stage1_neutral_fraction|stage2_neutral_fraction|focus_fraction|focus_half_width|neutral_fraction|ci_supervision_neutral_boost|neutral_half_width|error_threshold|mode_error_threshold|max_focus_points|anchor_strategy|anchor_half_width|anchor_max_candidates|mode_center_fraction|mode_center_half_width|w_pde|w_bc|w_bc_kappa|w_bc_q|w_norm|w_integral_norm|w_phase|w_peak_slope|w_peak_curvature|w_loc_center|w_loc_spread|w_ci_supervision|w_ci_stability_outside|w_ci_neutrality|w_ci_low_alpha_zero|w_ci_smoothness|n_ci_spectral_grid|audit_ci_weight|audit_mode_weight|audit_env_weight|audit_phase_weight|audit_peak_weight|phase_mask_fraction|classic_n_points|classic_mapping_scale|classic_xi_max|enforce_mode_symmetry|mode_representation|mode_experts|alpha_split_threshold|riccati_anchor_supervision|riccati_anchor_n_xi|riccati_anchor_every|riccati_anchor_alphas|w_riccati_anchor|w_q_supervision|q_supervision_n_xi|q_supervision_every|q_supervision_alpha_count|w_riccati_center_kappa|w_riccati_center_peak|w_riccati_boundary_band_kappa|w_riccati_boundary_band_q|riccati_center_xi|riccati_boundary_band_points|riccati_boundary_band_start|riccati_boundary_band_end|w_riccati_shooting_match|riccati_shooting_steps|riccati_shooting_xi_boundary|mode_low_alpha_threshold|mode_low_alpha_weight|mode_low_alpha_audit_fraction|output_dir|device
archive/repo_cleanup_2026-04-24/model_saved/_smoke_first_order_real/history.csv,0.0015211105346679688,anchor_ablation;training_history,50,epoch|loss|loss_pde|loss_bc|loss_bc_kappa|loss_bc_q|loss_norm|loss_integral_norm|loss_phase|loss_peak_slope|loss_peak_curvature|loss_loc_center|loss_loc_spread|loss_riccati_anchor|loss_q_supervision|loss_riccati_center_kappa|loss_riccati_center_peak|loss_riccati_boundary_band_kappa|loss_riccati_boundary_band_q|loss_riccati_shooting_match|loss_ci_stability_outside|loss_ci_neutrality|loss_ci_low_alpha_zero|loss_ci_smoothness|loss_ci_supervision|stage_w_ci_supervision|stage_neutral_fraction|ci_supervision_neutral_fraction|stage2_started|mapping_scale|ci_mid|audit_ci_mae|audit_ci_max_abs|audit_ci_mean_rel|audit_ci_max_rel|audit_p_rel_l2_mean|audit_p_rel_l2_max|audit_env_rel_mean|audit_env_rel_max|audit_phase_rel_mean|audit_phase_rel_max|audit_peak_shift_mean|audit_peak_shift_max|audit_env_rel_weighted_mean|audit_phase_rel_weighted_mean|audit_peak_shift_weighted_mean|audit_checkpoint_metric|n_focus_alphas|focus_alpha_min|focus_alpha_max
archive/repo_cleanup_2026-04-24/model_saved/_smoke_riccati_experts/config.csv,0.00156402587890625,anchor_ablation,81,mach|alpha_min|alpha_max|epochs|learning_rate|hidden_dim|mode_hidden_dim|ci_hidden_dim|mode_depth|ci_depth|activation|fourier_features|fourier_scale|initial_ci|mapping_scale|trainable_mapping_scale|n_interior|n_boundary|n_alpha_supervision|n_anchor_alpha|n_norm_interior|n_reference_alpha|n_audit_alpha|n_mode_audit_alpha|n_mode_audit_y|audit_every|checkpoint_every|stage_split_epoch|stage2_freeze_ci|stage2_ci_lr_scale|separate_branch_optimizers|detach_ci_in_mode_branch|ci_branch_lr|mode_branch_lr|stage1_w_ci_supervision|stage2_w_ci_supervision|stage1_neutral_fraction|stage2_neutral_fraction|focus_fraction|focus_half_width|neutral_fraction|ci_supervision_neutral_boost|neutral_half_width|error_threshold|mode_error_threshold|max_focus_points|anchor_strategy|anchor_half_width|anchor_max_candidates|mode_center_fraction|mode_center_half_width|w_pde|w_bc|w_bc_kappa|w_bc_q|w_norm|w_integral_norm|w_phase|w_peak_slope|w_peak_curvature|w_loc_center|w_loc_spread|w_ci_supervision|audit_ci_weight|audit_mode_weight|audit_env_weight|audit_phase_weight|audit_peak_weight|phase_mask_fraction|classic_n_points|classic_mapping_scale|classic_xi_max|enforce_mode_symmetry|mode_representation|mode_experts|alpha_split_threshold|riccati_anchor_supervision|riccati_anchor_n_xi|w_riccati_anchor|output_dir|device
archive/repo_cleanup_2026-04-24/model_saved/_smoke_riccati_experts/history.csv,0.0010204315185546875,anchor_ablation;training_history,37,epoch|loss|loss_pde|loss_bc|loss_bc_kappa|loss_bc_q|loss_norm|loss_integral_norm|loss_phase|loss_peak_slope|loss_peak_curvature|loss_loc_center|loss_loc_spread|loss_riccati_anchor|loss_ci_supervision|stage_w_ci_supervision|stage_neutral_fraction|ci_supervision_neutral_fraction|stage2_started|mapping_scale|ci_mid|audit_ci_mae|audit_ci_max_abs|audit_ci_mean_rel|audit_ci_max_rel|audit_p_rel_l2_mean|audit_p_rel_l2_max|audit_env_rel_mean|audit_env_rel_max|audit_phase_rel_mean|audit_phase_rel_max|audit_peak_shift_mean|audit_peak_shift_max|audit_checkpoint_metric|n_focus_alphas|focus_alpha_min|focus_alpha_max
archive/repo_cleanup_2026-04-24/model_saved/_smoke_riccati_experts_anchor/config.csv,0.0015697479248046875,anchor_ablation,81,mach|alpha_min|alpha_max|epochs|learning_rate|hidden_dim|mode_hidden_dim|ci_hidden_dim|mode_depth|ci_depth|activation|fourier_features|fourier_scale|initial_ci|mapping_scale|trainable_mapping_scale|n_interior|n_boundary|n_alpha_supervision|n_anchor_alpha|n_norm_interior|n_reference_alpha|n_audit_alpha|n_mode_audit_alpha|n_mode_audit_y|audit_every|checkpoint_every|stage_split_epoch|stage2_freeze_ci|stage2_ci_lr_scale|separate_branch_optimizers|detach_ci_in_mode_branch|ci_branch_lr|mode_branch_lr|stage1_w_ci_supervision|stage2_w_ci_supervision|stage1_neutral_fraction|stage2_neutral_fraction|focus_fraction|focus_half_width|neutral_fraction|ci_supervision_neutral_boost|neutral_half_width|error_threshold|mode_error_threshold|max_focus_points|anchor_strategy|anchor_half_width|anchor_max_candidates|mode_center_fraction|mode_center_half_width|w_pde|w_bc|w_bc_kappa|w_bc_q|w_norm|w_integral_norm|w_phase|w_peak_slope|w_peak_curvature|w_loc_center|w_loc_spread|w_ci_supervision|audit_ci_weight|audit_mode_weight|audit_env_weight|audit_phase_weight|audit_peak_weight|phase_mask_fraction|classic_n_points|classic_mapping_scale|classic_xi_max|enforce_mode_symmetry|mode_representation|mode_experts|alpha_split_threshold|riccati_anchor_supervision|riccati_anchor_n_xi|w_riccati_anchor|output_dir|device
archive/repo_cleanup_2026-04-24/model_saved/_smoke_riccati_experts_anchor/history.csv,0.0010385513305664062,anchor_ablation;training_history,37,epoch|loss|loss_pde|loss_bc|loss_bc_kappa|loss_bc_q|loss_norm|loss_integral_norm|loss_phase|loss_peak_slope|loss_peak_curvature|loss_loc_center|loss_loc_spread|loss_riccati_anchor|loss_ci_supervision|stage_w_ci_supervision|stage_neutral_fraction|ci_supervision_neutral_fraction|stage2_started|mapping_scale|ci_mid|audit_ci_mae|audit_ci_max_abs|audit_ci_mean_rel|audit_ci_max_rel|audit_p_rel_l2_mean|audit_p_rel_l2_max|audit_env_rel_mean|audit_env_rel_max|audit_phase_rel_mean|audit_phase_rel_max|audit_peak_shift_mean|audit_peak_shift_max|audit_checkpoint_metric|n_focus_alphas|focus_alpha_min|focus_alpha_max
archive/repo_cleanup_2026-04-24/model_saved/_smoke_riccati_experts_light_anchor/config.csv,0.0016307830810546875,anchor_ablation,83,mach|alpha_min|alpha_max|epochs|learning_rate|hidden_dim|mode_hidden_dim|ci_hidden_dim|mode_depth|ci_depth|activation|fourier_features|fourier_scale|initial_ci|mapping_scale|trainable_mapping_scale|n_interior|n_boundary|n_alpha_supervision|n_anchor_alpha|n_norm_interior|n_reference_alpha|n_audit_alpha|n_mode_audit_alpha|n_mode_audit_y|audit_every|checkpoint_every|stage_split_epoch|stage2_freeze_ci|stage2_ci_lr_scale|separate_branch_optimizers|detach_ci_in_mode_branch|ci_branch_lr|mode_branch_lr|stage1_w_ci_supervision|stage2_w_ci_supervision|stage1_neutral_fraction|stage2_neutral_fraction|focus_fraction|focus_half_width|neutral_fraction|ci_supervision_neutral_boost|neutral_half_width|error_threshold|mode_error_threshold|max_focus_points|anchor_strategy|anchor_half_width|anchor_max_candidates|mode_center_fraction|mode_center_half_width|w_pde|w_bc|w_bc_kappa|w_bc_q|w_norm|w_integral_norm|w_phase|w_peak_slope|w_peak_curvature|w_loc_center|w_loc_spread|w_ci_supervision|audit_ci_weight|audit_mode_weight|audit_env_weight|audit_phase_weight|audit_peak_weight|phase_mask_fraction|classic_n_points|classic_mapping_scale|classic_xi_max|enforce_mode_symmetry|mode_representation|mode_experts|alpha_split_threshold|riccati_anchor_supervision|riccati_anchor_n_xi|riccati_anchor_every|riccati_anchor_alphas|w_riccati_anchor|output_dir|device
archive/repo_cleanup_2026-04-24/model_saved/_smoke_riccati_experts_light_anchor/history.csv,0.0014600753784179688,anchor_ablation;training_history,37,epoch|loss|loss_pde|loss_bc|loss_bc_kappa|loss_bc_q|loss_norm|loss_integral_norm|loss_phase|loss_peak_slope|loss_peak_curvature|loss_loc_center|loss_loc_spread|loss_riccati_anchor|loss_ci_supervision|stage_w_ci_supervision|stage_neutral_fraction|ci_supervision_neutral_fraction|stage2_started|mapping_scale|ci_mid|audit_ci_mae|audit_ci_max_abs|audit_ci_mean_rel|audit_ci_max_rel|audit_p_rel_l2_mean|audit_p_rel_l2_max|audit_env_rel_mean|audit_env_rel_max|audit_phase_rel_mean|audit_phase_rel_max|audit_peak_shift_mean|audit_peak_shift_max|audit_checkpoint_metric|n_focus_alphas|focus_alpha_min|focus_alpha_max
archive/repo_cleanup_2026-04-24/model_saved/kh_subsonic_2d_local_m0005_jz/history.csv,0.45627403259277344,training_history,13,epoch|loss|loss_pde|loss_bc|loss_norm|loss_phase|loss_ci_supervision|mapping_scale|audit_ci_mae|audit_ci_max_abs|audit_ci_mean_rel|audit_ci_max_rel|n_focus_points
archive/repo_cleanup_2026-04-24/model_saved/kh_subsonic_fixed_mach_M00_adaptive/history.csv,0.5157909393310547,training_history,16,epoch|loss|loss_pde|loss_bc|loss_norm|loss_phase|loss_ci_supervision|mapping_scale|ci_mid|audit_ci_mae|audit_ci_max_abs|audit_ci_mean_rel|audit_ci_max_rel|n_focus_alphas|focus_alpha_min|focus_alpha_max
archive/repo_cleanup_2026-04-24/model_saved/kh_subsonic_fixed_mach_M03_adaptive/history.csv,0.5151100158691406,training_history,16,epoch|loss|loss_pde|loss_bc|loss_norm|loss_phase|loss_ci_supervision|mapping_scale|ci_mid|audit_ci_mae|audit_ci_max_abs|audit_ci_mean_rel|audit_ci_max_rel|n_focus_alphas|focus_alpha_min|focus_alpha_max
archive/repo_cleanup_2026-04-24/model_saved/kh_subsonic_fixed_mach_M05/history.csv,0.5102453231811523,training_history,13,epoch|loss|loss_pde|loss_bc|loss_norm|loss_phase|loss_ci_supervision|mapping_scale|ci_mid|audit_ci_mae|audit_ci_max_abs|audit_ci_mean_rel|audit_ci_max_rel
archive/repo_cleanup_2026-04-24/model_saved/kh_subsonic_fixed_mach_M05_adaptive_jz/history.csv,0.5170326232910156,training_history,16,epoch|loss|loss_pde|loss_bc|loss_norm|loss_phase|loss_ci_supervision|mapping_scale|ci_mid|audit_ci_mae|audit_ci_max_abs|audit_ci_mean_rel|audit_ci_max_rel|n_focus_alphas|focus_alpha_min|focus_alpha_max
archive/repo_cleanup_2026-04-24/model_saved/kh_subsonic_fixed_mach_M05_ci_supervision_budget/ci_supervision_budget_summary.csv,0.001445770263671875,training_history,16,n_alpha_supervision|best_loss|best_epoch|best_audit_ci_mae|best_audit_ci_epoch|best_audit_p_rel|last_epoch|last_loss|last_ci_mae|last_p_rel|last_env|last_phase|last_peak|target_ci_mae|meets_target_best|meets_target_last
archive/repo_cleanup_2026-04-24/model_saved/kh_subsonic_fixed_mach_M05_ci_supervision_vs_physics/hybrid_8pt/config.csv,0.0023679733276367188,anchor_ablation,110,mach|alpha_min|alpha_max|epochs|learning_rate|hidden_dim|mode_hidden_dim|ci_hidden_dim|mode_depth|ci_depth|fixed_scalar_ci|freeze_ci|activation|fourier_features|fourier_scale|initial_ci|mapping_scale|trainable_mapping_scale|n_interior|n_boundary|n_alpha_supervision|n_anchor_alpha|n_norm_interior|n_reference_alpha|n_audit_alpha|n_mode_audit_alpha|n_mode_audit_y|audit_every|checkpoint_every|enable_classic_ci_supervision|enable_classic_mode_audit|stage_split_epoch|stage2_freeze_ci|stage2_ci_lr_scale|separate_branch_optimizers|detach_ci_in_mode_branch|ci_branch_lr|mode_branch_lr|stage1_w_ci_supervision|stage2_w_ci_supervision|stage1_neutral_fraction|stage2_neutral_fraction|focus_fraction|focus_half_width|neutral_fraction|ci_supervision_neutral_boost|neutral_half_width|error_threshold|mode_error_threshold|max_focus_points|anchor_strategy|anchor_half_width|anchor_max_candidates|mode_center_fraction|mode_center_half_width|w_pde|w_bc|w_bc_kappa|w_bc_q|w_norm|w_integral_norm|w_phase|w_peak_slope|w_peak_curvature|w_loc_center|w_loc_spread|w_ci_supervision|w_ci_stability_outside|w_ci_neutrality|w_ci_low_alpha_zero|w_ci_smoothness|n_ci_spectral_grid|audit_ci_weight|audit_mode_weight|audit_env_weight|audit_phase_weight|audit_peak_weight|phase_mask_fraction|classic_n_points|classic_mapping_scale|classic_xi_max|enforce_mode_symmetry|mode_representation|mode_experts|alpha_split_threshold|riccati_anchor_supervision|riccati_anchor_n_xi|riccati_anchor_every|riccati_anchor_alphas|w_riccati_anchor|w_q_supervision|q_supervision_n_xi|q_supervision_every|q_supervision_alpha_count|w_riccati_center_kappa|w_riccati_center_peak|w_riccati_boundary_band_kappa|w_riccati_boundary_band_q|riccati_center_xi|riccati_boundary_band_points|riccati_boundary_band_start|riccati_boundary_band_end|w_riccati_shooting_match|riccati_shooting_steps|riccati_shooting_xi_boundary|mode_low_alpha_threshold|mode_low_alpha_weight|mode_low_alpha_audit_fraction|output_dir|device
archive/repo_cleanup_2026-04-24/model_saved/kh_subsonic_fixed_mach_M05_ci_supervision_vs_physics/hybrid_8pt/history.csv,0.8640499114990234,anchor_ablation;training_history,50,epoch|loss|loss_pde|loss_bc|loss_bc_kappa|loss_bc_q|loss_norm|loss_integral_norm|loss_phase|loss_peak_slope|loss_peak_curvature|loss_loc_center|loss_loc_spread|loss_riccati_anchor|loss_q_supervision|loss_riccati_center_kappa|loss_riccati_center_peak|loss_riccati_boundary_band_kappa|loss_riccati_boundary_band_q|loss_riccati_shooting_match|loss_ci_stability_outside|loss_ci_neutrality|loss_ci_low_alpha_zero|loss_ci_smoothness|loss_ci_supervision|stage_w_ci_supervision|stage_neutral_fraction|ci_supervision_neutral_fraction|stage2_started|mapping_scale|ci_mid|audit_ci_mae|audit_ci_max_abs|audit_ci_mean_rel|audit_ci_max_rel|audit_p_rel_l2_mean|audit_p_rel_l2_max|audit_env_rel_mean|audit_env_rel_max|audit_phase_rel_mean|audit_phase_rel_max|audit_peak_shift_mean|audit_peak_shift_max|audit_env_rel_weighted_mean|audit_phase_rel_weighted_mean|audit_peak_shift_weighted_mean|audit_checkpoint_metric|n_focus_alphas|focus_alpha_min|focus_alpha_max
archive/repo_cleanup_2026-04-24/model_saved/kh_subsonic_fixed_mach_M05_ci_supervision_vs_physics/physics_only/config.csv,0.0023708343505859375,anchor_ablation,110,mach|alpha_min|alpha_max|epochs|learning_rate|hidden_dim|mode_hidden_dim|ci_hidden_dim|mode_depth|ci_depth|fixed_scalar_ci|freeze_ci|activation|fourier_features|fourier_scale|initial_ci|mapping_scale|trainable_mapping_scale|n_interior|n_boundary|n_alpha_supervision|n_anchor_alpha|n_norm_interior|n_reference_alpha|n_audit_alpha|n_mode_audit_alpha|n_mode_audit_y|audit_every|checkpoint_every|enable_classic_ci_supervision|enable_classic_mode_audit|stage_split_epoch|stage2_freeze_ci|stage2_ci_lr_scale|separate_branch_optimizers|detach_ci_in_mode_branch|ci_branch_lr|mode_branch_lr|stage1_w_ci_supervision|stage2_w_ci_supervision|stage1_neutral_fraction|stage2_neutral_fraction|focus_fraction|focus_half_width|neutral_fraction|ci_supervision_neutral_boost|neutral_half_width|error_threshold|mode_error_threshold|max_focus_points|anchor_strategy|anchor_half_width|anchor_max_candidates|mode_center_fraction|mode_center_half_width|w_pde|w_bc|w_bc_kappa|w_bc_q|w_norm|w_integral_norm|w_phase|w_peak_slope|w_peak_curvature|w_loc_center|w_loc_spread|w_ci_supervision|w_ci_stability_outside|w_ci_neutrality|w_ci_low_alpha_zero|w_ci_smoothness|n_ci_spectral_grid|audit_ci_weight|audit_mode_weight|audit_env_weight|audit_phase_weight|audit_peak_weight|phase_mask_fraction|classic_n_points|classic_mapping_scale|classic_xi_max|enforce_mode_symmetry|mode_representation|mode_experts|alpha_split_threshold|riccati_anchor_supervision|riccati_anchor_n_xi|riccati_anchor_every|riccati_anchor_alphas|w_riccati_anchor|w_q_supervision|q_supervision_n_xi|q_supervision_every|q_supervision_alpha_count|w_riccati_center_kappa|w_riccati_center_peak|w_riccati_boundary_band_kappa|w_riccati_boundary_band_q|riccati_center_xi|riccati_boundary_band_points|riccati_boundary_band_start|riccati_boundary_band_end|w_riccati_shooting_match|riccati_shooting_steps|riccati_shooting_xi_boundary|mode_low_alpha_threshold|mode_low_alpha_weight|mode_low_alpha_audit_fraction|output_dir|device
archive/repo_cleanup_2026-04-24/model_saved/kh_subsonic_fixed_mach_M05_ci_supervision_vs_physics/physics_only/history.csv,0.8158426284790039,anchor_ablation;training_history,50,epoch|loss|loss_pde|loss_bc|loss_bc_kappa|loss_bc_q|loss_norm|loss_integral_norm|loss_phase|loss_peak_slope|loss_peak_curvature|loss_loc_center|loss_loc_spread|loss_riccati_anchor|loss_q_supervision|loss_riccati_center_kappa|loss_riccati_center_peak|loss_riccati_boundary_band_kappa|loss_riccati_boundary_band_q|loss_riccati_shooting_match|loss_ci_stability_outside|loss_ci_neutrality|loss_ci_low_alpha_zero|loss_ci_smoothness|loss_ci_supervision|stage_w_ci_supervision|stage_neutral_fraction|ci_supervision_neutral_fraction|stage2_started|mapping_scale|ci_mid|audit_ci_mae|audit_ci_max_abs|audit_ci_mean_rel|audit_ci_max_rel|audit_p_rel_l2_mean|audit_p_rel_l2_max|audit_env_rel_mean|audit_env_rel_max|audit_phase_rel_mean|audit_phase_rel_max|audit_peak_shift_mean|audit_peak_shift_max|audit_env_rel_weighted_mean|audit_phase_rel_weighted_mean|audit_peak_shift_weighted_mean|audit_checkpoint_metric|n_focus_alphas|focus_alpha_min|focus_alpha_max
archive/repo_cleanup_2026-04-24/model_saved/kh_subsonic_fixed_mach_M05_highalpha/history.csv,0.5210676193237305,training_history,17,epoch|loss|loss_pde|loss_bc|loss_norm|loss_phase|loss_ci_supervision|mapping_scale|ci_mid|audit_ci_mae|audit_ci_max_abs|audit_ci_mean_rel|audit_ci_max_rel|audit_high_alpha_ci_mae|audit_high_alpha_ci_max_abs|audit_high_alpha_ci_mean_rel|audit_high_alpha_ci_max_rel
archive/repo_cleanup_2026-04-24/model_saved/kh_subsonic_fixed_mach_M05_modefocus_lowalpha/config.csv,0.002361297607421875,anchor_ablation,110,mach|alpha_min|alpha_max|epochs|learning_rate|hidden_dim|mode_hidden_dim|ci_hidden_dim|mode_depth|ci_depth|fixed_scalar_ci|freeze_ci|activation|fourier_features|fourier_scale|initial_ci|mapping_scale|trainable_mapping_scale|n_interior|n_boundary|n_alpha_supervision|n_anchor_alpha|n_norm_interior|n_reference_alpha|n_audit_alpha|n_mode_audit_alpha|n_mode_audit_y|audit_every|checkpoint_every|enable_classic_ci_supervision|enable_classic_mode_audit|stage_split_epoch|stage2_freeze_ci|stage2_ci_lr_scale|separate_branch_optimizers|detach_ci_in_mode_branch|ci_branch_lr|mode_branch_lr|stage1_w_ci_supervision|stage2_w_ci_supervision|stage1_neutral_fraction|stage2_neutral_fraction|focus_fraction|focus_half_width|neutral_fraction|ci_supervision_neutral_boost|neutral_half_width|error_threshold|mode_error_threshold|max_focus_points|anchor_strategy|anchor_half_width|anchor_max_candidates|mode_center_fraction|mode_center_half_width|w_pde|w_bc|w_bc_kappa|w_bc_q|w_norm|w_integral_norm|w_phase|w_peak_slope|w_peak_curvature|w_loc_center|w_loc_spread|w_ci_supervision|w_ci_stability_outside|w_ci_neutrality|w_ci_low_alpha_zero|w_ci_smoothness|n_ci_spectral_grid|audit_ci_weight|audit_mode_weight|audit_env_weight|audit_phase_weight|audit_peak_weight|phase_mask_fraction|classic_n_points|classic_mapping_scale|classic_xi_max|enforce_mode_symmetry|mode_representation|mode_experts|alpha_split_threshold|riccati_anchor_supervision|riccati_anchor_n_xi|riccati_anchor_every|riccati_anchor_alphas|w_riccati_anchor|w_q_supervision|q_supervision_n_xi|q_supervision_every|q_supervision_alpha_count|w_riccati_center_kappa|w_riccati_center_peak|w_riccati_boundary_band_kappa|w_riccati_boundary_band_q|riccati_center_xi|riccati_boundary_band_points|riccati_boundary_band_start|riccati_boundary_band_end|w_riccati_shooting_match|riccati_shooting_steps|riccati_shooting_xi_boundary|mode_low_alpha_threshold|mode_low_alpha_weight|mode_low_alpha_audit_fraction|output_dir|device
archive/repo_cleanup_2026-04-24/model_saved/kh_subsonic_fixed_mach_M05_modefocus_lowalpha/history.csv,1.1604204177856445,anchor_ablation;training_history,50,epoch|loss|loss_pde|loss_bc|loss_bc_kappa|loss_bc_q|loss_norm|loss_integral_norm|loss_phase|loss_peak_slope|loss_peak_curvature|loss_loc_center|loss_loc_spread|loss_riccati_anchor|loss_q_supervision|loss_riccati_center_kappa|loss_riccati_center_peak|loss_riccati_boundary_band_kappa|loss_riccati_boundary_band_q|loss_riccati_shooting_match|loss_ci_stability_outside|loss_ci_neutrality|loss_ci_low_alpha_zero|loss_ci_smoothness|loss_ci_supervision|stage_w_ci_supervision|stage_neutral_fraction|ci_supervision_neutral_fraction|stage2_started|mapping_scale|ci_mid|audit_ci_mae|audit_ci_max_abs|audit_ci_mean_rel|audit_ci_max_rel|audit_p_rel_l2_mean|audit_p_rel_l2_max|audit_env_rel_mean|audit_env_rel_max|audit_phase_rel_mean|audit_phase_rel_max|audit_peak_shift_mean|audit_peak_shift_max|audit_env_rel_weighted_mean|audit_phase_rel_weighted_mean|audit_peak_shift_weighted_mean|audit_checkpoint_metric|n_focus_alphas|focus_alpha_min|focus_alpha_max
archive/repo_cleanup_2026-04-24/model_saved/kh_subsonic_fixed_mach_M07_adaptive/history.csv,0.5187768936157227,training_history,16,epoch|loss|loss_pde|loss_bc|loss_norm|loss_phase|loss_ci_supervision|mapping_scale|ci_mid|audit_ci_mae|audit_ci_max_abs|audit_ci_mean_rel|audit_ci_max_rel|n_focus_alphas|focus_alpha_min|focus_alpha_max
archive/repo_cleanup_2026-04-24/plot_presentation/subsonic_pinn/1D/plot/ci_curve_two_runs_vs_reference.csv,0.00392913818359375,anchor_ablation,6,alpha|ci_reference|ci_experts|ci_light_anchor|err_experts|err_light_anchor
archive/repo_cleanup_2026-04-24/plot_presentation/subsonic_pinn/1D/plot/experts_config.csv,0.0016002655029296875,anchor_ablation,81,mach|alpha_min|alpha_max|epochs|learning_rate|hidden_dim|mode_hidden_dim|ci_hidden_dim|mode_depth|ci_depth|activation|fourier_features|fourier_scale|initial_ci|mapping_scale|trainable_mapping_scale|n_interior|n_boundary|n_alpha_supervision|n_anchor_alpha|n_norm_interior|n_reference_alpha|n_audit_alpha|n_mode_audit_alpha|n_mode_audit_y|audit_every|checkpoint_every|stage_split_epoch|stage2_freeze_ci|stage2_ci_lr_scale|separate_branch_optimizers|detach_ci_in_mode_branch|ci_branch_lr|mode_branch_lr|stage1_w_ci_supervision|stage2_w_ci_supervision|stage1_neutral_fraction|stage2_neutral_fraction|focus_fraction|focus_half_width|neutral_fraction|ci_supervision_neutral_boost|neutral_half_width|error_threshold|mode_error_threshold|max_focus_points|anchor_strategy|anchor_half_width|anchor_max_candidates|mode_center_fraction|mode_center_half_width|w_pde|w_bc|w_bc_kappa|w_bc_q|w_norm|w_integral_norm|w_phase|w_peak_slope|w_peak_curvature|w_loc_center|w_loc_spread|w_ci_supervision|audit_ci_weight|audit_mode_weight|audit_env_weight|audit_phase_weight|audit_peak_weight|phase_mask_fraction|classic_n_points|classic_mapping_scale|classic_xi_max|enforce_mode_symmetry|mode_representation|mode_experts|alpha_split_threshold|riccati_anchor_supervision|riccati_anchor_n_xi|w_riccati_anchor|output_dir|device
archive/repo_cleanup_2026-04-24/plot_presentation/subsonic_pinn/1D/plot/experts_history.csv,1.1363449096679688,anchor_ablation;training_history,37,epoch|loss|loss_pde|loss_bc|loss_bc_kappa|loss_bc_q|loss_norm|loss_integral_norm|loss_phase|loss_peak_slope|loss_peak_curvature|loss_loc_center|loss_loc_spread|loss_riccati_anchor|loss_ci_supervision|stage_w_ci_supervision|stage_neutral_fraction|ci_supervision_neutral_fraction|stage2_started|mapping_scale|ci_mid|audit_ci_mae|audit_ci_max_abs|audit_ci_mean_rel|audit_ci_max_rel|audit_p_rel_l2_mean|audit_p_rel_l2_max|audit_env_rel_mean|audit_env_rel_max|audit_phase_rel_mean|audit_phase_rel_max|audit_peak_shift_mean|audit_peak_shift_max|audit_checkpoint_metric|n_focus_alphas|focus_alpha_min|focus_alpha_max
archive/repo_cleanup_2026-04-24/plot_presentation/subsonic_pinn/1D/plot/experts_light_anchor_config.csv,0.0016689300537109375,anchor_ablation,83,mach|alpha_min|alpha_max|epochs|learning_rate|hidden_dim|mode_hidden_dim|ci_hidden_dim|mode_depth|ci_depth|activation|fourier_features|fourier_scale|initial_ci|mapping_scale|trainable_mapping_scale|n_interior|n_boundary|n_alpha_supervision|n_anchor_alpha|n_norm_interior|n_reference_alpha|n_audit_alpha|n_mode_audit_alpha|n_mode_audit_y|audit_every|checkpoint_every|stage_split_epoch|stage2_freeze_ci|stage2_ci_lr_scale|separate_branch_optimizers|detach_ci_in_mode_branch|ci_branch_lr|mode_branch_lr|stage1_w_ci_supervision|stage2_w_ci_supervision|stage1_neutral_fraction|stage2_neutral_fraction|focus_fraction|focus_half_width|neutral_fraction|ci_supervision_neutral_boost|neutral_half_width|error_threshold|mode_error_threshold|max_focus_points|anchor_strategy|anchor_half_width|anchor_max_candidates|mode_center_fraction|mode_center_half_width|w_pde|w_bc|w_bc_kappa|w_bc_q|w_norm|w_integral_norm|w_phase|w_peak_slope|w_peak_curvature|w_loc_center|w_loc_spread|w_ci_supervision|audit_ci_weight|audit_mode_weight|audit_env_weight|audit_phase_weight|audit_peak_weight|phase_mask_fraction|classic_n_points|classic_mapping_scale|classic_xi_max|enforce_mode_symmetry|mode_representation|mode_experts|alpha_split_threshold|riccati_anchor_supervision|riccati_anchor_n_xi|riccati_anchor_every|riccati_anchor_alphas|w_riccati_anchor|output_dir|device
archive/repo_cleanup_2026-04-24/plot_presentation/subsonic_pinn/1D/plot/experts_light_anchor_history.csv,1.1398849487304688,anchor_ablation;training_history,37,epoch|loss|loss_pde|loss_bc|loss_bc_kappa|loss_bc_q|loss_norm|loss_integral_norm|loss_phase|loss_peak_slope|loss_peak_curvature|loss_loc_center|loss_loc_spread|loss_riccati_anchor|loss_ci_supervision|stage_w_ci_supervision|stage_neutral_fraction|ci_supervision_neutral_fraction|stage2_started|mapping_scale|ci_mid|audit_ci_mae|audit_ci_max_abs|audit_ci_mean_rel|audit_ci_max_rel|audit_p_rel_l2_mean|audit_p_rel_l2_max|audit_env_rel_mean|audit_env_rel_max|audit_phase_rel_mean|audit_phase_rel_max|audit_peak_shift_mean|audit_peak_shift_max|audit_checkpoint_metric|n_focus_alphas|focus_alpha_min|focus_alpha_max
assets/classic_supersonic/diagnostics/blumen_local_reference/supersonic_blumen_local_reference_a020_m120_130_ci_summary.csv,0.0019483566284179688,anchor_ablation,35,quantity|alpha_target|Mach|target_level|n_anchor_levels|lower_level|upper_level|lower_alpha_on_curve|upper_alpha_on_curve|alpha_gap_lower|alpha_gap_upper|bracket_alpha_span|bracket_level_span|local_dlevel_dalpha|local_dalpha_dlevel|alpha_position_in_bracket|support_levels|n_support_levels|n_local_support_points|nearest_raw_distance|support_level_1|support_level_1_global_points|support_level_1_local_points|support_level_2|support_level_2_global_points|support_level_2_local_points|support_level_3|support_level_3_global_points|support_level_3_local_points|support_level_4|support_level_4_global_points|support_level_4_local_points|support_level_5|support_level_5_global_points|support_level_5_local_points
assets/classic_supersonic/diagnostics/blumen_local_reference/supersonic_blumen_local_reference_a020_m120_130_cr_summary.csv,0.0019121170043945312,anchor_ablation,35,quantity|alpha_target|Mach|target_level|n_anchor_levels|lower_level|upper_level|lower_alpha_on_curve|upper_alpha_on_curve|alpha_gap_lower|alpha_gap_upper|bracket_alpha_span|bracket_level_span|local_dlevel_dalpha|local_dalpha_dlevel|alpha_position_in_bracket|support_levels|n_support_levels|n_local_support_points|nearest_raw_distance|support_level_1|support_level_1_global_points|support_level_1_local_points|support_level_2|support_level_2_global_points|support_level_2_local_points|support_level_3|support_level_3_global_points|support_level_3_local_points|support_level_4|support_level_4_global_points|support_level_4_local_points|support_level_5|support_level_5_global_points|support_level_5_local_points
assets/classic_supersonic_UNFROZEN_ARCHIVE_20260701_151104/diagnostics/blumen_local_reference/supersonic_blumen_local_reference_a020_m120_130_ci_summary.csv,0.0019483566284179688,anchor_ablation,35,quantity|alpha_target|Mach|target_level|n_anchor_levels|lower_level|upper_level|lower_alpha_on_curve|upper_alpha_on_curve|alpha_gap_lower|alpha_gap_upper|bracket_alpha_span|bracket_level_span|local_dlevel_dalpha|local_dalpha_dlevel|alpha_position_in_bracket|support_levels|n_support_levels|n_local_support_points|nearest_raw_distance|support_level_1|support_level_1_global_points|support_level_1_local_points|support_level_2|support_level_2_global_points|support_level_2_local_points|support_level_3|support_level_3_global_points|support_level_3_local_points|support_level_4|support_level_4_global_points|support_level_4_local_points|support_level_5|support_level_5_global_points|support_level_5_local_points
assets/classic_supersonic_UNFROZEN_ARCHIVE_20260701_151104/diagnostics/blumen_local_reference/supersonic_blumen_local_reference_a020_m120_130_cr_summary.csv,0.0019121170043945312,anchor_ablation,35,quantity|alpha_target|Mach|target_level|n_anchor_levels|lower_level|upper_level|lower_alpha_on_curve|upper_alpha_on_curve|alpha_gap_lower|alpha_gap_upper|bracket_alpha_span|bracket_level_span|local_dlevel_dalpha|local_dalpha_dlevel|alpha_position_in_bracket|support_levels|n_support_levels|n_local_support_points|nearest_raw_distance|support_level_1|support_level_1_global_points|support_level_1_local_points|support_level_2|support_level_2_global_points|support_level_2_local_points|support_level_3|support_level_3_global_points|support_level_3_local_points|support_level_4|support_level_4_global_points|support_level_4_local_points|support_level_5|support_level_5_global_points|support_level_5_local_points
assets/classic_supersonic_UNFROZEN_ARCHIVE_20260701_151104/shooting/_incoming_sparse_supersonic_expand1/_inspection/best_by_stage1_per_Mach_alpha.csv,0.0072231292724609375,multiseed,12,alpha|Mach|cr_init|ci_init|cr_final|ci_final|stage1_mismatch|stage2_mismatch|accept|job_id|launch_seed|stem
assets/classic_supersonic_UNFROZEN_ARCHIVE_20260701_151104/shooting/_incoming_sparse_supersonic_expand1/_inspection/best_by_stage2_per_Mach_alpha.csv,0.007190704345703125,multiseed,12,alpha|Mach|cr_init|ci_init|cr_final|ci_final|stage1_mismatch|stage2_mismatch|accept|job_id|launch_seed|stem
assets/classic_supersonic_UNFROZEN_ARCHIVE_20260701_151104/shooting/_incoming_sparse_supersonic_expand1/_inspection/stage1_good_stage2_bad_candidates.csv,0.007456779479980469,multiseed,12,alpha|Mach|cr_init|ci_init|cr_final|ci_final|stage1_mismatch|stage2_mismatch|accept|job_id|launch_seed|stem
assets/classic_supersonic_UNFROZEN_ARCHIVE_20260701_151104/shooting/_incoming_sparse_supersonic_expand1/_inspection/stage2_good_candidates.csv,0.0035800933837890625,multiseed,12,alpha|Mach|cr_init|ci_init|cr_final|ci_final|stage1_mismatch|stage2_mismatch|accept|job_id|launch_seed|stem
assets/classic_supersonic_UNFROZEN_ARCHIVE_20260701_151104/shooting/_incoming_sparse_supersonic_expand1/sparse_supersonic_expand1_job_status.csv,0.04819202423095703,multiseed,10,job_id|alpha|Mach|seed|stem|campaign|state|audit_dir|out_log|err_log
assets/classic_supersonic_UNFROZEN_ARCHIVE_20260701_151104/shooting/_incoming_sparse_supersonic_expand1/sparse_supersonic_expand1_raw_candidates.csv,0.12392139434814453,multiseed,107,candidate_id|candidate_bucket|candidate_source|candidate_label|candidate_order|alpha|Mach|source_file|source_alpha|source_mach|cr_init|ci_init|cr_final|ci_final|omega_i_final|ci_ref|cr_ref|ci_ref_available|cr_ref_available|ci_abs_err|ci_rel_err|cr_abs_err|stage1_mismatch|stage2_mismatch|requested_cr_half_window|requested_ci_half_window|used_cr_half_window|used_ci_half_window|retry_index|y_limit|ln_p_start_right|spectral_success|mode_success|raw_success|raw_status|strict_status|accept|reject_reason_primary|reject_reasons_all|solver_failed|mode_reconstructed|peak_shift|exception|box_robustness_enabled|box_robustness_pass|box_robustness_note|box_robustness_n_variants|box_robustness_max_rel_l2|box_robustness_max_peak_shift|box_robustness_max_center8_delta|box_robustness_max_edge_growth|box_robustness_min_half_span_gain|box_robustness_p_rel_l2_x1p50|box_robustness_rho_rel_l2_x1p50|box_robustness_u_rel_l2_x1p50|box_robustness_v_rel_l2_x1p50|box_robustness_max_rel_l2_x1p50|box_robustness_peak_shift_x1p50|box_robustness_center8_delta_x1p50|box_robustness_edge_growth_x1p50|box_robustness_half_span_gain_x1p50|box_robustness_p_rel_l2_x2p00|box_robustness_rho_rel_l2_x2p00|box_robustness_u_rel_l2_x2p00|box_robustness_v_rel_l2_x2p00|box_robustness_max_rel_l2_x2p00|box_robustness_peak_shift_x2p00|box_robustness_center8_delta_x2p00|box_robustness_edge_growth_x2p00|box_robustness_half_span_gain_x2p00|centroid_abs_y|spread_abs_y|peak_y|centroid_abs_y_center8|spread_abs_y_center8|peak_y_center8|center8_mass_fraction|left_mass_fraction|right_mass_fraction|p_left_boundary_amp_fraction|p_right_boundary_amp_fraction|p_edge_amp_fraction_max|rho_left_boundary_amp_fraction|rho_right_boundary_amp_fraction|rho_edge_amp_fraction_max|u_left_boundary_amp_fraction|u_right_boundary_amp_fraction|u_edge_amp_fraction_max|v_left_boundary_amp_fraction|v_right_boundary_amp_fraction|v_edge_amp_fraction_max|left_relative_mach|left_relative_regime|right_relative_mach|right_relative_regime|edge_amp_fraction_max|left_boundary_amp_fraction|right_boundary_amp_fraction|max_field_edge_amp_fraction|box_truncation_suspect_p|box_truncation_suspect_any_field|job_id|launch_alpha|launch_Mach|launch_seed|stem|audit_dir
assets/classic_supersonic_UNFROZEN_ARCHIVE_20260701_151104/shooting/_incoming_sparse_supersonic_expand1/sparse_supersonic_expand1_selected_reference_points.csv,0.004790306091308594,multiseed,24,alpha|Mach|reference_cr|reference_ci|reference_omega_i|cr_init|ci_init|cr_final|ci_final|stage1_mismatch|stage2_mismatch|candidate_source|accept|job_id|launch_seed|stem|audit_dir|reference_kind|validation_level|best_spectral_success|best_mode_success|trusted_spectral|trusted_modal|source_label
assets/classic_supersonic_UNFROZEN_ARCHIVE_20260701_151104/shooting/_incoming_sparse_supersonic_expand1/sparse_supersonic_expand1_valid_candidates.csv,0.026284217834472656,multiseed,107,candidate_id|candidate_bucket|candidate_source|candidate_label|candidate_order|alpha|Mach|source_file|source_alpha|source_mach|cr_init|ci_init|cr_final|ci_final|omega_i_final|ci_ref|cr_ref|ci_ref_available|cr_ref_available|ci_abs_err|ci_rel_err|cr_abs_err|stage1_mismatch|stage2_mismatch|requested_cr_half_window|requested_ci_half_window|used_cr_half_window|used_ci_half_window|retry_index|y_limit|ln_p_start_right|spectral_success|mode_success|raw_success|raw_status|strict_status|accept|reject_reason_primary|reject_reasons_all|solver_failed|mode_reconstructed|peak_shift|exception|box_robustness_enabled|box_robustness_pass|box_robustness_note|box_robustness_n_variants|box_robustness_max_rel_l2|box_robustness_max_peak_shift|box_robustness_max_center8_delta|box_robustness_max_edge_growth|box_robustness_min_half_span_gain|box_robustness_p_rel_l2_x1p50|box_robustness_rho_rel_l2_x1p50|box_robustness_u_rel_l2_x1p50|box_robustness_v_rel_l2_x1p50|box_robustness_max_rel_l2_x1p50|box_robustness_peak_shift_x1p50|box_robustness_center8_delta_x1p50|box_robustness_edge_growth_x1p50|box_robustness_half_span_gain_x1p50|box_robustness_p_rel_l2_x2p00|box_robustness_rho_rel_l2_x2p00|box_robustness_u_rel_l2_x2p00|box_robustness_v_rel_l2_x2p00|box_robustness_max_rel_l2_x2p00|box_robustness_peak_shift_x2p00|box_robustness_center8_delta_x2p00|box_robustness_edge_growth_x2p00|box_robustness_half_span_gain_x2p00|centroid_abs_y|spread_abs_y|peak_y|centroid_abs_y_center8|spread_abs_y_center8|peak_y_center8|center8_mass_fraction|left_mass_fraction|right_mass_fraction|p_left_boundary_amp_fraction|p_right_boundary_amp_fraction|p_edge_amp_fraction_max|rho_left_boundary_amp_fraction|rho_right_boundary_amp_fraction|rho_edge_amp_fraction_max|u_left_boundary_amp_fraction|u_right_boundary_amp_fraction|u_edge_amp_fraction_max|v_left_boundary_amp_fraction|v_right_boundary_amp_fraction|v_edge_amp_fraction_max|left_relative_mach|left_relative_regime|right_relative_mach|right_relative_regime|edge_amp_fraction_max|left_boundary_amp_fraction|right_boundary_amp_fraction|max_field_edge_amp_fraction|box_truncation_suspect_p|box_truncation_suspect_any_field|job_id|launch_alpha|launch_Mach|launch_seed|stem|audit_dir
assets/classic_supersonic_UNFROZEN_ARCHIVE_20260701_151104/shooting/experiment_ci_alpha_spectral_continuation_core_2026-05-25/assets/classic_supersonic/shooting/supersonic_shooting_ci_alpha_spectral_continuation_core_candidates.csv,0.1279735565185547,anchor_ablation,41,line_id|anchor_alpha|alpha|Mach|continuation_direction|continuation_step_index|continuation_prev_alpha|continuation_prev_cr|continuation_prev_ci|blumen_cr|blumen_ci|blumen_cr_available|blumen_ci_available|blumen_target_available|seed_name|seed_cr_center|seed_ci_center|requested_cr_half_window|requested_ci_half_window|used_cr_half_window|used_ci_half_window|retry_index|shooting_cr|shooting_ci|shooting_omega_i|err_cr_abs|err_ci_abs|err_ci_rel|delta_cr_prev|delta_ci_prev|stage1_mismatch|stage2_mismatch|ln_p_start_right|spectral_success|mode_success|success|status|selection_metric|selection_metric_name|success_priority|y_limit
assets/classic_supersonic_UNFROZEN_ARCHIVE_20260701_151104/shooting/experiment_ci_alpha_spectral_continuation_core_2026-05-25/assets/classic_supersonic/shooting/supersonic_shooting_ci_alpha_spectral_continuation_core_summary.csv,0.021073341369628906,anchor_ablation,78,line_id|anchor_alpha|alpha|Mach|continuation_direction|continuation_step_index|continuation_prev_alpha|continuation_prev_cr|continuation_prev_ci|blumen_cr|blumen_ci|blumen_cr_available|blumen_ci_available|blumen_target_available|n_seeds|n_candidates|n_success_candidates|n_spectral_success_candidates|n_mode_success_candidates|best_seed_name|best_shooting_cr|best_shooting_ci|best_shooting_omega_i|best_err_cr_abs|best_err_ci_abs|best_err_ci_rel|best_delta_cr_prev|best_delta_ci_prev|best_stage1_mismatch|best_stage2_mismatch|best_ln_p_start_right|best_spectral_success|best_mode_success|best_success|best_status|best_selection_metric|best_selection_metric_name|best_retry_index|best_used_cr_half_window|best_used_ci_half_window|best_y_limit|centroid_abs_y|spread_abs_y|peak_y|centroid_abs_y_center8|spread_abs_y_center8|peak_y_center8|center8_mass_fraction|left_mass_fraction|right_mass_fraction|p_left_boundary_amp_fraction|p_right_boundary_amp_fraction|p_edge_amp_fraction_max|rho_left_boundary_amp_fraction|rho_right_boundary_amp_fraction|rho_edge_amp_fraction_max|u_left_boundary_amp_fraction|u_right_boundary_amp_fraction|u_edge_amp_fraction_max|v_left_boundary_amp_fraction|v_right_boundary_amp_fraction|v_edge_amp_fraction_max|left_relative_mach|left_relative_regime|right_relative_mach|right_relative_regime|edge_amp_fraction_max|left_boundary_amp_fraction|right_boundary_amp_fraction|max_field_edge_amp_fraction|box_truncation_suspect_p|box_truncation_suspect_any_field|continuation_anchor|continuation_accepted|continuation_state|continuation_stop_reason|acceptance_mode|exception
assets/classic_supersonic_UNFROZEN_ARCHIVE_20260701_151104/shooting/experiment_modal_front_spectral_dense_2026-05-28/assets/classic_supersonic/shooting/supersonic_shooting_modal_front_spectral_dense_candidates.csv,0.14554882049560547,anchor_ablation,41,line_id|anchor_alpha|alpha|Mach|continuation_direction|continuation_step_index|continuation_prev_alpha|continuation_prev_cr|continuation_prev_ci|blumen_cr|blumen_ci|blumen_cr_available|blumen_ci_available|blumen_target_available|seed_name|seed_cr_center|seed_ci_center|requested_cr_half_window|requested_ci_half_window|used_cr_half_window|used_ci_half_window|retry_index|shooting_cr|shooting_ci|shooting_omega_i|err_cr_abs|err_ci_abs|err_ci_rel|delta_cr_prev|delta_ci_prev|stage1_mismatch|stage2_mismatch|ln_p_start_right|spectral_success|mode_success|success|status|selection_metric|selection_metric_name|success_priority|y_limit
assets/classic_supersonic_UNFROZEN_ARCHIVE_20260701_151104/shooting/experiment_modal_front_spectral_dense_2026-05-28/assets/classic_supersonic/shooting/supersonic_shooting_modal_front_spectral_dense_frontiers.csv,0.0005397796630859375,anchor_ablation,10,Mach|frontier_direction|anchor_alpha|frontier_left_alpha|frontier_right_alpha|segment_alpha_min|segment_alpha_max|segment_points_original|segment_points_dense|dense_alphas
assets/classic_supersonic_UNFROZEN_ARCHIVE_20260701_151104/shooting/experiment_modal_front_spectral_dense_2026-05-28/assets/classic_supersonic/shooting/supersonic_shooting_modal_front_spectral_dense_summary.csv,0.027257919311523438,anchor_ablation,78,line_id|anchor_alpha|alpha|Mach|continuation_direction|continuation_step_index|continuation_prev_alpha|continuation_prev_cr|continuation_prev_ci|blumen_cr|blumen_ci|blumen_cr_available|blumen_ci_available|blumen_target_available|n_seeds|n_candidates|n_success_candidates|n_spectral_success_candidates|n_mode_success_candidates|best_seed_name|best_shooting_cr|best_shooting_ci|best_shooting_omega_i|best_err_cr_abs|best_err_ci_abs|best_err_ci_rel|best_delta_cr_prev|best_delta_ci_prev|best_stage1_mismatch|best_stage2_mismatch|best_ln_p_start_right|best_spectral_success|best_mode_success|best_success|best_status|best_selection_metric|best_selection_metric_name|best_retry_index|best_used_cr_half_window|best_used_ci_half_window|best_y_limit|centroid_abs_y|spread_abs_y|peak_y|centroid_abs_y_center8|spread_abs_y_center8|peak_y_center8|center8_mass_fraction|left_mass_fraction|right_mass_fraction|left_boundary_amp_fraction|right_boundary_amp_fraction|edge_amp_fraction_max|p_left_boundary_amp_fraction|p_right_boundary_amp_fraction|p_edge_amp_fraction_max|rho_left_boundary_amp_fraction|rho_right_boundary_amp_fraction|rho_edge_amp_fraction_max|u_left_boundary_amp_fraction|u_right_boundary_amp_fraction|u_edge_amp_fraction_max|v_left_boundary_amp_fraction|v_right_boundary_amp_fraction|v_edge_amp_fraction_max|max_field_edge_amp_fraction|box_truncation_suspect_p|box_truncation_suspect_any_field|left_relative_mach|left_relative_regime|right_relative_mach|right_relative_regime|continuation_anchor|continuation_accepted|continuation_state|continuation_stop_reason|acceptance_mode|exception
assets/classic_supersonic_UNFROZEN_ARCHIVE_20260701_151104/shooting/experiment_modal_front_spectral_dense_M15_2026-05-29/assets/classic_supersonic/shooting/supersonic_shooting_modal_front_spectral_dense_M15_candidates.csv,0.06687355041503906,anchor_ablation,41,line_id|anchor_alpha|alpha|Mach|continuation_direction|continuation_step_index|continuation_prev_alpha|continuation_prev_cr|continuation_prev_ci|blumen_cr|blumen_ci|blumen_cr_available|blumen_ci_available|blumen_target_available|seed_name|seed_cr_center|seed_ci_center|requested_cr_half_window|requested_ci_half_window|used_cr_half_window|used_ci_half_window|retry_index|shooting_cr|shooting_ci|shooting_omega_i|err_cr_abs|err_ci_abs|err_ci_rel|delta_cr_prev|delta_ci_prev|stage1_mismatch|stage2_mismatch|ln_p_start_right|spectral_success|mode_success|success|status|selection_metric|selection_metric_name|success_priority|y_limit
assets/classic_supersonic_UNFROZEN_ARCHIVE_20260701_151104/shooting/experiment_modal_front_spectral_dense_M15_2026-05-29/assets/classic_supersonic/shooting/supersonic_shooting_modal_front_spectral_dense_M15_frontiers.csv,0.0005397796630859375,anchor_ablation,10,Mach|frontier_direction|anchor_alpha|frontier_left_alpha|frontier_right_alpha|segment_alpha_min|segment_alpha_max|segment_points_original|segment_points_dense|dense_alphas
assets/classic_supersonic_UNFROZEN_ARCHIVE_20260701_151104/shooting/experiment_modal_front_spectral_dense_M15_2026-05-29/assets/classic_supersonic/shooting/supersonic_shooting_modal_front_spectral_dense_M15_summary.csv,0.013888359069824219,anchor_ablation,78,line_id|anchor_alpha|alpha|Mach|continuation_direction|continuation_step_index|continuation_prev_alpha|continuation_prev_cr|continuation_prev_ci|blumen_cr|blumen_ci|blumen_cr_available|blumen_ci_available|blumen_target_available|n_seeds|n_candidates|n_success_candidates|n_spectral_success_candidates|n_mode_success_candidates|best_seed_name|best_shooting_cr|best_shooting_ci|best_shooting_omega_i|best_err_cr_abs|best_err_ci_abs|best_err_ci_rel|best_delta_cr_prev|best_delta_ci_prev|best_stage1_mismatch|best_stage2_mismatch|best_ln_p_start_right|best_spectral_success|best_mode_success|best_success|best_status|best_selection_metric|best_selection_metric_name|best_retry_index|best_used_cr_half_window|best_used_ci_half_window|best_y_limit|centroid_abs_y|spread_abs_y|peak_y|centroid_abs_y_center8|spread_abs_y_center8|peak_y_center8|center8_mass_fraction|left_mass_fraction|right_mass_fraction|p_left_boundary_amp_fraction|p_right_boundary_amp_fraction|p_edge_amp_fraction_max|rho_left_boundary_amp_fraction|rho_right_boundary_amp_fraction|rho_edge_amp_fraction_max|u_left_boundary_amp_fraction|u_right_boundary_amp_fraction|u_edge_amp_fraction_max|v_left_boundary_amp_fraction|v_right_boundary_amp_fraction|v_edge_amp_fraction_max|left_relative_mach|left_relative_regime|right_relative_mach|right_relative_regime|edge_amp_fraction_max|left_boundary_amp_fraction|right_boundary_amp_fraction|max_field_edge_amp_fraction|box_truncation_suspect_p|box_truncation_suspect_any_field|continuation_anchor|continuation_accepted|continuation_state|continuation_stop_reason|acceptance_mode|exception
assets/classic_supersonic_UNFROZEN_ARCHIVE_20260701_151104/shooting/frozen_sparse_supersonic_expand1_20260629_094433/sparse_supersonic_expand1_job_status.csv,0.04819202423095703,multiseed,10,job_id|alpha|Mach|seed|stem|campaign|state|audit_dir|out_log|err_log
assets/classic_supersonic_UNFROZEN_ARCHIVE_20260701_151104/shooting/frozen_sparse_supersonic_expand1_20260629_094433/sparse_supersonic_expand1_raw_candidates.csv,0.12392139434814453,multiseed,107,candidate_id|candidate_bucket|candidate_source|candidate_label|candidate_order|alpha|Mach|source_file|source_alpha|source_mach|cr_init|ci_init|cr_final|ci_final|omega_i_final|ci_ref|cr_ref|ci_ref_available|cr_ref_available|ci_abs_err|ci_rel_err|cr_abs_err|stage1_mismatch|stage2_mismatch|requested_cr_half_window|requested_ci_half_window|used_cr_half_window|used_ci_half_window|retry_index|y_limit|ln_p_start_right|spectral_success|mode_success|raw_success|raw_status|strict_status|accept|reject_reason_primary|reject_reasons_all|solver_failed|mode_reconstructed|peak_shift|exception|box_robustness_enabled|box_robustness_pass|box_robustness_note|box_robustness_n_variants|box_robustness_max_rel_l2|box_robustness_max_peak_shift|box_robustness_max_center8_delta|box_robustness_max_edge_growth|box_robustness_min_half_span_gain|box_robustness_p_rel_l2_x1p50|box_robustness_rho_rel_l2_x1p50|box_robustness_u_rel_l2_x1p50|box_robustness_v_rel_l2_x1p50|box_robustness_max_rel_l2_x1p50|box_robustness_peak_shift_x1p50|box_robustness_center8_delta_x1p50|box_robustness_edge_growth_x1p50|box_robustness_half_span_gain_x1p50|box_robustness_p_rel_l2_x2p00|box_robustness_rho_rel_l2_x2p00|box_robustness_u_rel_l2_x2p00|box_robustness_v_rel_l2_x2p00|box_robustness_max_rel_l2_x2p00|box_robustness_peak_shift_x2p00|box_robustness_center8_delta_x2p00|box_robustness_edge_growth_x2p00|box_robustness_half_span_gain_x2p00|centroid_abs_y|spread_abs_y|peak_y|centroid_abs_y_center8|spread_abs_y_center8|peak_y_center8|center8_mass_fraction|left_mass_fraction|right_mass_fraction|p_left_boundary_amp_fraction|p_right_boundary_amp_fraction|p_edge_amp_fraction_max|rho_left_boundary_amp_fraction|rho_right_boundary_amp_fraction|rho_edge_amp_fraction_max|u_left_boundary_amp_fraction|u_right_boundary_amp_fraction|u_edge_amp_fraction_max|v_left_boundary_amp_fraction|v_right_boundary_amp_fraction|v_edge_amp_fraction_max|left_relative_mach|left_relative_regime|right_relative_mach|right_relative_regime|edge_amp_fraction_max|left_boundary_amp_fraction|right_boundary_amp_fraction|max_field_edge_amp_fraction|box_truncation_suspect_p|box_truncation_suspect_any_field|job_id|launch_alpha|launch_Mach|launch_seed|stem|audit_dir
assets/classic_supersonic_UNFROZEN_ARCHIVE_20260701_151104/shooting/frozen_sparse_supersonic_expand1_20260629_094433/sparse_supersonic_expand1_selected_reference_points.csv,0.004790306091308594,multiseed,24,alpha|Mach|reference_cr|reference_ci|reference_omega_i|cr_init|ci_init|cr_final|ci_final|stage1_mismatch|stage2_mismatch|candidate_source|accept|job_id|launch_seed|stem|audit_dir|reference_kind|validation_level|best_spectral_success|best_mode_success|trusted_spectral|trusted_modal|source_label
assets/classic_supersonic_UNFROZEN_ARCHIVE_20260701_151104/shooting/frozen_sparse_supersonic_expand1_20260629_094433/sparse_supersonic_expand1_valid_candidates.csv,0.026284217834472656,multiseed,107,candidate_id|candidate_bucket|candidate_source|candidate_label|candidate_order|alpha|Mach|source_file|source_alpha|source_mach|cr_init|ci_init|cr_final|ci_final|omega_i_final|ci_ref|cr_ref|ci_ref_available|cr_ref_available|ci_abs_err|ci_rel_err|cr_abs_err|stage1_mismatch|stage2_mismatch|requested_cr_half_window|requested_ci_half_window|used_cr_half_window|used_ci_half_window|retry_index|y_limit|ln_p_start_right|spectral_success|mode_success|raw_success|raw_status|strict_status|accept|reject_reason_primary|reject_reasons_all|solver_failed|mode_reconstructed|peak_shift|exception|box_robustness_enabled|box_robustness_pass|box_robustness_note|box_robustness_n_variants|box_robustness_max_rel_l2|box_robustness_max_peak_shift|box_robustness_max_center8_delta|box_robustness_max_edge_growth|box_robustness_min_half_span_gain|box_robustness_p_rel_l2_x1p50|box_robustness_rho_rel_l2_x1p50|box_robustness_u_rel_l2_x1p50|box_robustness_v_rel_l2_x1p50|box_robustness_max_rel_l2_x1p50|box_robustness_peak_shift_x1p50|box_robustness_center8_delta_x1p50|box_robustness_edge_growth_x1p50|box_robustness_half_span_gain_x1p50|box_robustness_p_rel_l2_x2p00|box_robustness_rho_rel_l2_x2p00|box_robustness_u_rel_l2_x2p00|box_robustness_v_rel_l2_x2p00|box_robustness_max_rel_l2_x2p00|box_robustness_peak_shift_x2p00|box_robustness_center8_delta_x2p00|box_robustness_edge_growth_x2p00|box_robustness_half_span_gain_x2p00|centroid_abs_y|spread_abs_y|peak_y|centroid_abs_y_center8|spread_abs_y_center8|peak_y_center8|center8_mass_fraction|left_mass_fraction|right_mass_fraction|p_left_boundary_amp_fraction|p_right_boundary_amp_fraction|p_edge_amp_fraction_max|rho_left_boundary_amp_fraction|rho_right_boundary_amp_fraction|rho_edge_amp_fraction_max|u_left_boundary_amp_fraction|u_right_boundary_amp_fraction|u_edge_amp_fraction_max|v_left_boundary_amp_fraction|v_right_boundary_amp_fraction|v_edge_amp_fraction_max|left_relative_mach|left_relative_regime|right_relative_mach|right_relative_regime|edge_amp_fraction_max|left_boundary_amp_fraction|right_boundary_amp_fraction|max_field_edge_amp_fraction|box_truncation_suspect_p|box_truncation_suspect_any_field|job_id|launch_alpha|launch_Mach|launch_seed|stem|audit_dir
assets/classic_supersonic_UNFROZEN_ARCHIVE_20260701_151104/shooting/frozen_stage2_spectral_reference_20260629_100117/sparse_supersonic_expand1_raw_candidates.csv,0.12392139434814453,multiseed,107,candidate_id|candidate_bucket|candidate_source|candidate_label|candidate_order|alpha|Mach|source_file|source_alpha|source_mach|cr_init|ci_init|cr_final|ci_final|omega_i_final|ci_ref|cr_ref|ci_ref_available|cr_ref_available|ci_abs_err|ci_rel_err|cr_abs_err|stage1_mismatch|stage2_mismatch|requested_cr_half_window|requested_ci_half_window|used_cr_half_window|used_ci_half_window|retry_index|y_limit|ln_p_start_right|spectral_success|mode_success|raw_success|raw_status|strict_status|accept|reject_reason_primary|reject_reasons_all|solver_failed|mode_reconstructed|peak_shift|exception|box_robustness_enabled|box_robustness_pass|box_robustness_note|box_robustness_n_variants|box_robustness_max_rel_l2|box_robustness_max_peak_shift|box_robustness_max_center8_delta|box_robustness_max_edge_growth|box_robustness_min_half_span_gain|box_robustness_p_rel_l2_x1p50|box_robustness_rho_rel_l2_x1p50|box_robustness_u_rel_l2_x1p50|box_robustness_v_rel_l2_x1p50|box_robustness_max_rel_l2_x1p50|box_robustness_peak_shift_x1p50|box_robustness_center8_delta_x1p50|box_robustness_edge_growth_x1p50|box_robustness_half_span_gain_x1p50|box_robustness_p_rel_l2_x2p00|box_robustness_rho_rel_l2_x2p00|box_robustness_u_rel_l2_x2p00|box_robustness_v_rel_l2_x2p00|box_robustness_max_rel_l2_x2p00|box_robustness_peak_shift_x2p00|box_robustness_center8_delta_x2p00|box_robustness_edge_growth_x2p00|box_robustness_half_span_gain_x2p00|centroid_abs_y|spread_abs_y|peak_y|centroid_abs_y_center8|spread_abs_y_center8|peak_y_center8|center8_mass_fraction|left_mass_fraction|right_mass_fraction|p_left_boundary_amp_fraction|p_right_boundary_amp_fraction|p_edge_amp_fraction_max|rho_left_boundary_amp_fraction|rho_right_boundary_amp_fraction|rho_edge_amp_fraction_max|u_left_boundary_amp_fraction|u_right_boundary_amp_fraction|u_edge_amp_fraction_max|v_left_boundary_amp_fraction|v_right_boundary_amp_fraction|v_edge_amp_fraction_max|left_relative_mach|left_relative_regime|right_relative_mach|right_relative_regime|edge_amp_fraction_max|left_boundary_amp_fraction|right_boundary_amp_fraction|max_field_edge_amp_fraction|box_truncation_suspect_p|box_truncation_suspect_any_field|job_id|launch_alpha|launch_Mach|launch_seed|stem|audit_dir
assets/classic_supersonic_UNFROZEN_ARCHIVE_20260701_151104/shooting/frozen_stage2_spectral_reference_20260629_100117/sparse_supersonic_expand1_selected_reference_points.csv,0.004790306091308594,multiseed,24,alpha|Mach|reference_cr|reference_ci|reference_omega_i|cr_init|ci_init|cr_final|ci_final|stage1_mismatch|stage2_mismatch|candidate_source|accept|job_id|launch_seed|stem|audit_dir|reference_kind|validation_level|best_spectral_success|best_mode_success|trusted_spectral|trusted_modal|source_label
assets/classic_supersonic_UNFROZEN_ARCHIVE_20260701_151104/shooting/frozen_stage2_spectral_reference_20260629_100117/sparse_supersonic_expand1_valid_candidates.csv,0.026284217834472656,multiseed,107,candidate_id|candidate_bucket|candidate_source|candidate_label|candidate_order|alpha|Mach|source_file|source_alpha|source_mach|cr_init|ci_init|cr_final|ci_final|omega_i_final|ci_ref|cr_ref|ci_ref_available|cr_ref_available|ci_abs_err|ci_rel_err|cr_abs_err|stage1_mismatch|stage2_mismatch|requested_cr_half_window|requested_ci_half_window|used_cr_half_window|used_ci_half_window|retry_index|y_limit|ln_p_start_right|spectral_success|mode_success|raw_success|raw_status|strict_status|accept|reject_reason_primary|reject_reasons_all|solver_failed|mode_reconstructed|peak_shift|exception|box_robustness_enabled|box_robustness_pass|box_robustness_note|box_robustness_n_variants|box_robustness_max_rel_l2|box_robustness_max_peak_shift|box_robustness_max_center8_delta|box_robustness_max_edge_growth|box_robustness_min_half_span_gain|box_robustness_p_rel_l2_x1p50|box_robustness_rho_rel_l2_x1p50|box_robustness_u_rel_l2_x1p50|box_robustness_v_rel_l2_x1p50|box_robustness_max_rel_l2_x1p50|box_robustness_peak_shift_x1p50|box_robustness_center8_delta_x1p50|box_robustness_edge_growth_x1p50|box_robustness_half_span_gain_x1p50|box_robustness_p_rel_l2_x2p00|box_robustness_rho_rel_l2_x2p00|box_robustness_u_rel_l2_x2p00|box_robustness_v_rel_l2_x2p00|box_robustness_max_rel_l2_x2p00|box_robustness_peak_shift_x2p00|box_robustness_center8_delta_x2p00|box_robustness_edge_growth_x2p00|box_robustness_half_span_gain_x2p00|centroid_abs_y|spread_abs_y|peak_y|centroid_abs_y_center8|spread_abs_y_center8|peak_y_center8|center8_mass_fraction|left_mass_fraction|right_mass_fraction|p_left_boundary_amp_fraction|p_right_boundary_amp_fraction|p_edge_amp_fraction_max|rho_left_boundary_amp_fraction|rho_right_boundary_amp_fraction|rho_edge_amp_fraction_max|u_left_boundary_amp_fraction|u_right_boundary_amp_fraction|u_edge_amp_fraction_max|v_left_boundary_amp_fraction|v_right_boundary_amp_fraction|v_edge_amp_fraction_max|left_relative_mach|left_relative_regime|right_relative_mach|right_relative_regime|edge_amp_fraction_max|left_boundary_amp_fraction|right_boundary_amp_fraction|max_field_edge_amp_fraction|box_truncation_suspect_p|box_truncation_suspect_any_field|job_id|launch_alpha|launch_Mach|launch_seed|stem|audit_dir
assets/classic_supersonic_UNFROZEN_ARCHIVE_20260701_151104/shooting/frozen_stage2_spectral_reference_20260629_100117/supersonic_reference_core_local_spectral.csv,0.021933555603027344,anchor_ablation,29,alpha|Mach|reference_cr|reference_ci|reference_omega_i|blumen_cr|blumen_ci|blumen_cr_available|blumen_ci_available|best_err_cr_abs|best_err_ci_abs|best_err_ci_rel|best_stage1_mismatch|best_stage2_mismatch|best_spectral_success|best_mode_success|best_status|line_id|anchor_alpha|continuation_direction|continuation_step_index|continuation_anchor|continuation_accepted|continuation_stop_reason|acceptance_mode|trusted_spectral|trusted_modal|source_csv|source_label
assets/classic_supersonic_UNFROZEN_ARCHIVE_20260701_151104/shooting/supersonic_shooting_intermediate_mach_spectral_anchor_report.csv,0.0002613067626953125,anchor_ablation,10,line_id|target_mach|anchor_alpha|lower_mach|upper_mach|interp_weight|interpolated_cr|interpolated_ci|blumen_ci|anchor_source_mode
assets/pinn_supersonic/singlecase_pq_firstorder_M150_a01625_ASYMPTOTICENV_lowtail_ft/anchor_meta.csv,0.00014019012451171875,anchor_ablation,6,n_ref_rows|n_anchor|p0_real|p0_imag|anchor_y_min|anchor_y_max
assets/pinn_supersonic/singlecase_pq_firstorder_M150_a01625_ASYMPTOTICENV_lowtail_ft/history.csv,0.7066183090209961,anchor_ablation;training_history,12,epoch|loss|compat|ode|bc|gauge|q0|anchor_p|anchor_q|tail_p|tail_q|lr
assets/pinn_supersonic/singlecase_pq_firstorder_M160_a010/history.csv,0.9231443405151367,training_history,8,epoch|loss|compat|ode|bc|gauge|q0|lr
assets/pinn_supersonic/singlecase_pq_firstorder_M160_a010_anchorP17/history.csv,1.1697473526000977,anchor_ablation;training_history,10,epoch|loss|compat|ode|bc|gauge|q0|anchor_p|anchor_q|lr
assets/pinn_supersonic/singlecase_pq_firstorder_M160_a010_anchorP3/history.csv,1.1557579040527344,anchor_ablation;training_history,10,epoch|loss|compat|ode|bc|gauge|q0|anchor_p|anchor_q|lr
assets/pinn_supersonic/singlecase_pq_firstorder_M160_a010_anchorP5/history.csv,1.164443016052246,anchor_ablation;training_history,10,epoch|loss|compat|ode|bc|gauge|q0|anchor_p|anchor_q|lr
assets/pinn_supersonic/singlecase_pq_firstorder_M160_a010_anchorP9/history.csv,1.1720352172851562,anchor_ablation;training_history,10,epoch|loss|compat|ode|bc|gauge|q0|anchor_p|anchor_q|lr
model_saved/_smoke_kh_subsonic_2d_hybrid4ci_stage0/config.csv,0.0006685256958007812,anchor_ablation;multiseed,37,mach_values|alpha_min|alpha_max|anchor_alphas|output_dir|epochs|learning_rate|hidden_dim|mode_hidden_dim|ci_hidden_dim|mode_depth|ci_depth|activation|fourier_features|fourier_scale|initial_ci|mapping_scale|mode_representation|device|seed|reference_cache|w_anchor|w_monotone_alpha|w_smooth_alpha|w_smooth_mach|n_shape_alpha|n_shape_mach|audit_every|lbfgs_steps|lbfgs_lr|target_max_abs|target_max_rel|fail_on_target|mach_min|mach_max|mach_values_json|anchor_alphas_json
model_saved/_smoke_kh_subsonic_2d_hybrid4ci_stage0/history.csv,0.000896453857421875,anchor_ablation;training_history,10,epoch|loss|loss_anchor|loss_monotone_alpha|loss_smooth_alpha|loss_smooth_mach|anchor_mae_abs|anchor_max_abs|anchor_mae_rel|anchor_max_rel
model_saved/_smoke_kh_subsonic_2d_hybrid4ci_stage1/config.csv,0.0006608963012695312,anchor_ablation;multiseed,32,stage0_checkpoint|mach_values|alpha_min|alpha_max|anchor_alphas|output_dir|epochs|learning_rate|grad_clip_norm|n_interior|n_boundary|n_alpha_samples|n_mach_samples|audit_every|checkpoint_every|device|seed|freeze_ci|detach_ci_in_mode_branch|reference_cache|w_pde|w_bc_kappa|w_bc_q|w_norm|w_phase|w_shooting|w_ci_anchor|best_metric|mach_min|mach_max|mach_values_json|anchor_alphas_json
model_saved/_smoke_kh_subsonic_2d_hybrid4ci_stage1/history.csv,0.0011806488037109375,anchor_ablation;training_history,14,epoch|loss_total|loss_pde|loss_riccati|loss_bc|loss_norm|loss_phase|loss_shooting|loss_ci_anchor|ci_anchor_mae_abs|ci_anchor_max_abs|ci_anchor_mae_rel_unstable|ci_anchor_max_rel_unstable|ci_neutral_max_abs
model_saved/_smoke_kh_subsonic_2d_stage1ter_matching/config.csv,0.0008363723754882812,anchor_ablation;multiseed,41,stage0_checkpoint|mach_values|alpha_min|alpha_max|anchor_alphas|output_dir|epochs|learning_rate|grad_clip_norm|n_interior|n_boundary|n_center|center_width|center_fraction|n_alpha_samples|n_mach_samples|audit_every|checkpoint_every|device|seed|freeze_ci|detach_ci_in_mode_branch|reference_cache|w_pde|w_bc_kappa|w_bc_q|w_match|w_center_pde|w_norm|w_phase|w_ci_anchor|match_y_values|shoot_ymax|shoot_steps|match_warmup_epochs|best_metric|mach_min|mach_max|mach_values_json|anchor_alphas_json|match_y_values_json
model_saved/_smoke_kh_subsonic_2d_stage1ter_matching/history.csv,0.0037679672241210938,anchor_ablation;training_history,22,epoch|loss_total|loss_pde|loss_bc|loss_bc_kappa|loss_bc_q|loss_match|loss_match_net_left|loss_match_net_right|loss_match_left_right|loss_center_pde|loss_norm|loss_phase|loss_ci_anchor|w_match_effective|gamma_left_right_abs_mean|gamma_left_right_abs_max|ci_anchor_mae_abs|ci_anchor_max_abs|ci_anchor_mae_rel_unstable|ci_anchor_max_rel_unstable|ci_neutral_max_abs
model_saved/kh_subsonic_2d_hybrid4ci_stage0_anchor_lock_no_monotone_lbfgs/config.csv,0.0007143020629882812,anchor_ablation;multiseed,37,mach_values|alpha_min|alpha_max|anchor_alphas|output_dir|epochs|learning_rate|hidden_dim|mode_hidden_dim|ci_hidden_dim|mode_depth|ci_depth|activation|fourier_features|fourier_scale|initial_ci|mapping_scale|mode_representation|device|seed|reference_cache|w_anchor|w_monotone_alpha|w_smooth_alpha|w_smooth_mach|n_shape_alpha|n_shape_mach|audit_every|lbfgs_steps|lbfgs_lr|target_max_abs|target_max_rel|fail_on_target|mach_min|mach_max|mach_values_json|anchor_alphas_json
model_saved/kh_subsonic_2d_hybrid4ci_stage0_anchor_lock_no_monotone_lbfgs/history.csv,0.01645374298095703,anchor_ablation;training_history,10,epoch|loss|loss_anchor|loss_monotone_alpha|loss_smooth_alpha|loss_smooth_mach|anchor_mae_abs|anchor_max_abs|anchor_mae_rel|anchor_max_rel
model_saved/kh_subsonic_2d_hybrid4ci_stage1_mode_from_ci_stage0/config.csv,0.0006952285766601562,anchor_ablation;multiseed,32,stage0_checkpoint|mach_values|alpha_min|alpha_max|anchor_alphas|output_dir|epochs|learning_rate|grad_clip_norm|n_interior|n_boundary|n_alpha_samples|n_mach_samples|audit_every|checkpoint_every|device|seed|freeze_ci|detach_ci_in_mode_branch|reference_cache|w_pde|w_bc_kappa|w_bc_q|w_norm|w_phase|w_shooting|w_ci_anchor|best_metric|mach_min|mach_max|mach_values_json|anchor_alphas_json
model_saved/kh_subsonic_2d_hybrid4ci_stage1_mode_from_ci_stage0/history.csv,1.0401411056518555,anchor_ablation;training_history,14,epoch|loss_total|loss_pde|loss_riccati|loss_bc|loss_norm|loss_phase|loss_shooting|loss_ci_anchor|ci_anchor_mae_abs|ci_anchor_max_abs|ci_anchor_mae_rel_unstable|ci_anchor_max_rel_unstable|ci_neutral_max_abs
model_saved/kh_subsonic_M05_alpha010_080_hybrid_stage1bis_physics_refined/hybrid_ci16/config.csv,0.0048007965087890625,anchor_ablation,180,mach|alpha_min|alpha_max|sampling_alpha_min|sampling_alpha_max|audit_alpha_min|audit_alpha_max|epochs|learning_rate|grad_clip_norm|hidden_dim|mode_hidden_dim|ci_hidden_dim|mode_depth|ci_depth|fixed_scalar_ci|freeze_ci|activation|fourier_features|fourier_scale|initial_ci|mapping_scale|trainable_mapping_scale|n_interior|n_boundary|n_alpha_supervision|ci_supervision_fixed_alphas|n_anchor_alpha|n_norm_interior|n_reference_alpha|n_audit_alpha|n_mode_audit_alpha|n_mode_audit_y|audit_every|checkpoint_every|enable_classic_ci_supervision|external_ci_supervision_csv|ci_window_csv|enable_classic_mode_audit|stage_split_epoch|stage2_freeze_ci|stage2_ci_lr_scale|separate_branch_optimizers|detach_ci_in_mode_branch|ci_branch_lr|mode_branch_lr|stage1_w_ci_supervision|stage2_w_ci_supervision|stage1_neutral_fraction|stage2_neutral_fraction|focus_fraction|focus_half_width|low_alpha_sample_fraction|low_alpha_sample_threshold|high_alpha_sample_fraction|high_alpha_sample_threshold|neutral_fraction|ci_supervision_neutral_boost|neutral_half_width|error_threshold|mode_error_threshold|max_focus_points|anchor_strategy|anchor_half_width|anchor_max_candidates|mode_center_fraction|mode_center_half_width|w_pde|w_bc|w_bc_kappa|w_bc_q|w_norm|w_integral_norm|w_phase|w_peak_slope|w_peak_curvature|w_loc_center|w_loc_spread|w_first_order_v_energy|w_first_order_amp_cap|first_order_amp_cap|w_ci_supervision|w_ci_window|w_ci_stability_outside|w_ci_neutrality|w_ci_low_alpha_zero|w_ci_smoothness|n_ci_spectral_grid|audit_ci_weight|audit_p_weight|audit_mode_weight|audit_env_weight|audit_phase_weight|audit_peak_weight|phase_mask_fraction|classic_n_points|classic_mapping_scale|classic_xi_max|classic_mode_supervision|classic_mode_supervision_alphas|classic_mode_supervision_every|classic_mode_supervision_n_xi|classic_mode_supervision_xi_min|classic_mode_supervision_xi_max|classic_mode_supervision_y_max|w_classic_mode_supervision|classic_full_mode_supervision|classic_full_mode_supervision_alphas|classic_full_mode_supervision_every|classic_full_mode_supervision_n_xi|classic_full_mode_supervision_xi_min|classic_full_mode_supervision_xi_max|classic_full_mode_supervision_y_max|w_classic_full_mode_supervision|classic_balanced_full_mode_supervision|classic_balanced_full_mode_supervision_alphas|classic_balanced_full_mode_supervision_every|classic_balanced_full_mode_supervision_n_xi|classic_balanced_full_mode_supervision_xi_min|classic_balanced_full_mode_supervision_xi_max|classic_balanced_full_mode_supervision_y_max|classic_balanced_full_mode_supervision_center_y_max|classic_balanced_full_mode_l2_weight|classic_balanced_full_mode_overlap_weight|classic_balanced_full_mode_rho_weight|classic_balanced_full_mode_u_weight|classic_balanced_full_mode_v_weight|classic_balanced_full_mode_p_weight|w_classic_balanced_full_mode_supervision|enforce_mode_symmetry|mode_representation|mode_experts|alpha_split_threshold|riccati_anchor_supervision|riccati_anchor_n_xi|riccati_anchor_every|riccati_anchor_alphas|w_riccati_anchor|w_q_supervision|q_supervision_n_xi|q_supervision_every|q_supervision_alpha_count|q_supervision_alphas|w_riccati_gamma_supervision|riccati_gamma_n_xi|riccati_gamma_every|riccati_gamma_alpha_count|riccati_gamma_alphas|w_riccati_center_kappa|w_riccati_center_peak|w_riccati_boundary_band_kappa|w_riccati_boundary_band_q|riccati_center_xi|riccati_boundary_band_points|riccati_boundary_band_start|riccati_boundary_band_end|w_riccati_shooting_match|w_riccati_shooting_path|w_riccati_ci_local_min|riccati_shooting_steps|riccati_shooting_xi_boundary|riccati_shooting_match_start_epoch|riccati_shooting_path_points|riccati_shooting_path_xi_boundary|riccati_shooting_path_start_epoch|riccati_shooting_path_every|riccati_ci_local_min_start_epoch|riccati_ci_local_min_delta_abs|riccati_ci_local_min_delta_rel|riccati_ci_local_min_margin|mode_low_alpha_threshold|mode_low_alpha_weight|mode_low_alpha_audit_fraction|mode_high_alpha_threshold|mode_high_alpha_weight|mode_high_alpha_audit_fraction|initial_model_path|initial_model_strict|output_dir|device
model_saved/kh_subsonic_M05_alpha010_080_hybrid_stage1bis_physics_refined/hybrid_ci16/history.csv,0.19169044494628906,anchor_ablation;training_history,61,epoch|loss|loss_pde|loss_bc|loss_bc_kappa|loss_bc_q|loss_norm|loss_integral_norm|loss_phase|loss_peak_slope|loss_peak_curvature|loss_loc_center|loss_loc_spread|loss_first_order_v_energy|loss_first_order_amp_cap|loss_classic_mode_supervision|loss_classic_full_mode_supervision|loss_classic_balanced_full_mode_supervision|loss_riccati_anchor|loss_q_supervision|loss_riccati_center_kappa|loss_riccati_center_peak|loss_riccati_boundary_band_kappa|loss_riccati_boundary_band_q|loss_riccati_shooting_match|loss_riccati_shooting_path|loss_riccati_ci_local_min|loss_ci_stability_outside|loss_ci_neutrality|loss_ci_low_alpha_zero|loss_ci_smoothness|loss_ci_window|loss_ci_supervision|grad_norm_ci|grad_norm_mode|stage_w_ci_supervision|stage_neutral_fraction|ci_supervision_neutral_fraction|stage2_started|mapping_scale|ci_mid|audit_ci_mae|audit_ci_max_abs|audit_ci_mean_rel|audit_ci_max_rel|audit_p_rel_l2_mean|audit_p_rel_l2_max|audit_env_rel_mean|audit_env_rel_max|audit_phase_rel_mean|audit_phase_rel_max|audit_peak_shift_mean|audit_peak_shift_max|audit_p_rel_weighted_mean|audit_env_rel_weighted_mean|audit_phase_rel_weighted_mean|audit_peak_shift_weighted_mean|audit_checkpoint_metric|n_focus_alphas|focus_alpha_min|focus_alpha_max
model_saved/kh_subsonic_M05_alpha010_080_hybrid_stage1bis_physics_refined/hybrid_ci4/config.csv,0.0047206878662109375,anchor_ablation,180,mach|alpha_min|alpha_max|sampling_alpha_min|sampling_alpha_max|audit_alpha_min|audit_alpha_max|epochs|learning_rate|grad_clip_norm|hidden_dim|mode_hidden_dim|ci_hidden_dim|mode_depth|ci_depth|fixed_scalar_ci|freeze_ci|activation|fourier_features|fourier_scale|initial_ci|mapping_scale|trainable_mapping_scale|n_interior|n_boundary|n_alpha_supervision|ci_supervision_fixed_alphas|n_anchor_alpha|n_norm_interior|n_reference_alpha|n_audit_alpha|n_mode_audit_alpha|n_mode_audit_y|audit_every|checkpoint_every|enable_classic_ci_supervision|external_ci_supervision_csv|ci_window_csv|enable_classic_mode_audit|stage_split_epoch|stage2_freeze_ci|stage2_ci_lr_scale|separate_branch_optimizers|detach_ci_in_mode_branch|ci_branch_lr|mode_branch_lr|stage1_w_ci_supervision|stage2_w_ci_supervision|stage1_neutral_fraction|stage2_neutral_fraction|focus_fraction|focus_half_width|low_alpha_sample_fraction|low_alpha_sample_threshold|high_alpha_sample_fraction|high_alpha_sample_threshold|neutral_fraction|ci_supervision_neutral_boost|neutral_half_width|error_threshold|mode_error_threshold|max_focus_points|anchor_strategy|anchor_half_width|anchor_max_candidates|mode_center_fraction|mode_center_half_width|w_pde|w_bc|w_bc_kappa|w_bc_q|w_norm|w_integral_norm|w_phase|w_peak_slope|w_peak_curvature|w_loc_center|w_loc_spread|w_first_order_v_energy|w_first_order_amp_cap|first_order_amp_cap|w_ci_supervision|w_ci_window|w_ci_stability_outside|w_ci_neutrality|w_ci_low_alpha_zero|w_ci_smoothness|n_ci_spectral_grid|audit_ci_weight|audit_p_weight|audit_mode_weight|audit_env_weight|audit_phase_weight|audit_peak_weight|phase_mask_fraction|classic_n_points|classic_mapping_scale|classic_xi_max|classic_mode_supervision|classic_mode_supervision_alphas|classic_mode_supervision_every|classic_mode_supervision_n_xi|classic_mode_supervision_xi_min|classic_mode_supervision_xi_max|classic_mode_supervision_y_max|w_classic_mode_supervision|classic_full_mode_supervision|classic_full_mode_supervision_alphas|classic_full_mode_supervision_every|classic_full_mode_supervision_n_xi|classic_full_mode_supervision_xi_min|classic_full_mode_supervision_xi_max|classic_full_mode_supervision_y_max|w_classic_full_mode_supervision|classic_balanced_full_mode_supervision|classic_balanced_full_mode_supervision_alphas|classic_balanced_full_mode_supervision_every|classic_balanced_full_mode_supervision_n_xi|classic_balanced_full_mode_supervision_xi_min|classic_balanced_full_mode_supervision_xi_max|classic_balanced_full_mode_supervision_y_max|classic_balanced_full_mode_supervision_center_y_max|classic_balanced_full_mode_l2_weight|classic_balanced_full_mode_overlap_weight|classic_balanced_full_mode_rho_weight|classic_balanced_full_mode_u_weight|classic_balanced_full_mode_v_weight|classic_balanced_full_mode_p_weight|w_classic_balanced_full_mode_supervision|enforce_mode_symmetry|mode_representation|mode_experts|alpha_split_threshold|riccati_anchor_supervision|riccati_anchor_n_xi|riccati_anchor_every|riccati_anchor_alphas|w_riccati_anchor|w_q_supervision|q_supervision_n_xi|q_supervision_every|q_supervision_alpha_count|q_supervision_alphas|w_riccati_gamma_supervision|riccati_gamma_n_xi|riccati_gamma_every|riccati_gamma_alpha_count|riccati_gamma_alphas|w_riccati_center_kappa|w_riccati_center_peak|w_riccati_boundary_band_kappa|w_riccati_boundary_band_q|riccati_center_xi|riccati_boundary_band_points|riccati_boundary_band_start|riccati_boundary_band_end|w_riccati_shooting_match|w_riccati_shooting_path|w_riccati_ci_local_min|riccati_shooting_steps|riccati_shooting_xi_boundary|riccati_shooting_match_start_epoch|riccati_shooting_path_points|riccati_shooting_path_xi_boundary|riccati_shooting_path_start_epoch|riccati_shooting_path_every|riccati_ci_local_min_start_epoch|riccati_ci_local_min_delta_abs|riccati_ci_local_min_delta_rel|riccati_ci_local_min_margin|mode_low_alpha_threshold|mode_low_alpha_weight|mode_low_alpha_audit_fraction|mode_high_alpha_threshold|mode_high_alpha_weight|mode_high_alpha_audit_fraction|initial_model_path|initial_model_strict|output_dir|device
model_saved/kh_subsonic_M05_alpha010_080_hybrid_stage1bis_physics_refined/hybrid_ci4/history.csv,0.39107322692871094,anchor_ablation;training_history,61,epoch|loss|loss_pde|loss_bc|loss_bc_kappa|loss_bc_q|loss_norm|loss_integral_norm|loss_phase|loss_peak_slope|loss_peak_curvature|loss_loc_center|loss_loc_spread|loss_first_order_v_energy|loss_first_order_amp_cap|loss_classic_mode_supervision|loss_classic_full_mode_supervision|loss_classic_balanced_full_mode_supervision|loss_riccati_anchor|loss_q_supervision|loss_riccati_center_kappa|loss_riccati_center_peak|loss_riccati_boundary_band_kappa|loss_riccati_boundary_band_q|loss_riccati_shooting_match|loss_riccati_shooting_path|loss_riccati_ci_local_min|loss_ci_stability_outside|loss_ci_neutrality|loss_ci_low_alpha_zero|loss_ci_smoothness|loss_ci_window|loss_ci_supervision|grad_norm_ci|grad_norm_mode|stage_w_ci_supervision|stage_neutral_fraction|ci_supervision_neutral_fraction|stage2_started|mapping_scale|ci_mid|audit_ci_mae|audit_ci_max_abs|audit_ci_mean_rel|audit_ci_max_rel|audit_p_rel_l2_mean|audit_p_rel_l2_max|audit_env_rel_mean|audit_env_rel_max|audit_phase_rel_mean|audit_phase_rel_max|audit_peak_shift_mean|audit_peak_shift_max|audit_p_rel_weighted_mean|audit_env_rel_weighted_mean|audit_phase_rel_weighted_mean|audit_peak_shift_weighted_mean|audit_checkpoint_metric|n_focus_alphas|focus_alpha_min|focus_alpha_max
model_saved/kh_subsonic_M05_alpha010_080_hybrid_stage1bis_physics_refined/hybrid_ci8/config.csv,0.004744529724121094,anchor_ablation,180,mach|alpha_min|alpha_max|sampling_alpha_min|sampling_alpha_max|audit_alpha_min|audit_alpha_max|epochs|learning_rate|grad_clip_norm|hidden_dim|mode_hidden_dim|ci_hidden_dim|mode_depth|ci_depth|fixed_scalar_ci|freeze_ci|activation|fourier_features|fourier_scale|initial_ci|mapping_scale|trainable_mapping_scale|n_interior|n_boundary|n_alpha_supervision|ci_supervision_fixed_alphas|n_anchor_alpha|n_norm_interior|n_reference_alpha|n_audit_alpha|n_mode_audit_alpha|n_mode_audit_y|audit_every|checkpoint_every|enable_classic_ci_supervision|external_ci_supervision_csv|ci_window_csv|enable_classic_mode_audit|stage_split_epoch|stage2_freeze_ci|stage2_ci_lr_scale|separate_branch_optimizers|detach_ci_in_mode_branch|ci_branch_lr|mode_branch_lr|stage1_w_ci_supervision|stage2_w_ci_supervision|stage1_neutral_fraction|stage2_neutral_fraction|focus_fraction|focus_half_width|low_alpha_sample_fraction|low_alpha_sample_threshold|high_alpha_sample_fraction|high_alpha_sample_threshold|neutral_fraction|ci_supervision_neutral_boost|neutral_half_width|error_threshold|mode_error_threshold|max_focus_points|anchor_strategy|anchor_half_width|anchor_max_candidates|mode_center_fraction|mode_center_half_width|w_pde|w_bc|w_bc_kappa|w_bc_q|w_norm|w_integral_norm|w_phase|w_peak_slope|w_peak_curvature|w_loc_center|w_loc_spread|w_first_order_v_energy|w_first_order_amp_cap|first_order_amp_cap|w_ci_supervision|w_ci_window|w_ci_stability_outside|w_ci_neutrality|w_ci_low_alpha_zero|w_ci_smoothness|n_ci_spectral_grid|audit_ci_weight|audit_p_weight|audit_mode_weight|audit_env_weight|audit_phase_weight|audit_peak_weight|phase_mask_fraction|classic_n_points|classic_mapping_scale|classic_xi_max|classic_mode_supervision|classic_mode_supervision_alphas|classic_mode_supervision_every|classic_mode_supervision_n_xi|classic_mode_supervision_xi_min|classic_mode_supervision_xi_max|classic_mode_supervision_y_max|w_classic_mode_supervision|classic_full_mode_supervision|classic_full_mode_supervision_alphas|classic_full_mode_supervision_every|classic_full_mode_supervision_n_xi|classic_full_mode_supervision_xi_min|classic_full_mode_supervision_xi_max|classic_full_mode_supervision_y_max|w_classic_full_mode_supervision|classic_balanced_full_mode_supervision|classic_balanced_full_mode_supervision_alphas|classic_balanced_full_mode_supervision_every|classic_balanced_full_mode_supervision_n_xi|classic_balanced_full_mode_supervision_xi_min|classic_balanced_full_mode_supervision_xi_max|classic_balanced_full_mode_supervision_y_max|classic_balanced_full_mode_supervision_center_y_max|classic_balanced_full_mode_l2_weight|classic_balanced_full_mode_overlap_weight|classic_balanced_full_mode_rho_weight|classic_balanced_full_mode_u_weight|classic_balanced_full_mode_v_weight|classic_balanced_full_mode_p_weight|w_classic_balanced_full_mode_supervision|enforce_mode_symmetry|mode_representation|mode_experts|alpha_split_threshold|riccati_anchor_supervision|riccati_anchor_n_xi|riccati_anchor_every|riccati_anchor_alphas|w_riccati_anchor|w_q_supervision|q_supervision_n_xi|q_supervision_every|q_supervision_alpha_count|q_supervision_alphas|w_riccati_gamma_supervision|riccati_gamma_n_xi|riccati_gamma_every|riccati_gamma_alpha_count|riccati_gamma_alphas|w_riccati_center_kappa|w_riccati_center_peak|w_riccati_boundary_band_kappa|w_riccati_boundary_band_q|riccati_center_xi|riccati_boundary_band_points|riccati_boundary_band_start|riccati_boundary_band_end|w_riccati_shooting_match|w_riccati_shooting_path|w_riccati_ci_local_min|riccati_shooting_steps|riccati_shooting_xi_boundary|riccati_shooting_match_start_epoch|riccati_shooting_path_points|riccati_shooting_path_xi_boundary|riccati_shooting_path_start_epoch|riccati_shooting_path_every|riccati_ci_local_min_start_epoch|riccati_ci_local_min_delta_abs|riccati_ci_local_min_delta_rel|riccati_ci_local_min_margin|mode_low_alpha_threshold|mode_low_alpha_weight|mode_low_alpha_audit_fraction|mode_high_alpha_threshold|mode_high_alpha_weight|mode_high_alpha_audit_fraction|initial_model_path|initial_model_strict|output_dir|device
model_saved/kh_subsonic_M05_alpha010_080_hybrid_stage1bis_physics_refined/hybrid_ci8/history.csv,0.19173145294189453,anchor_ablation;training_history,61,epoch|loss|loss_pde|loss_bc|loss_bc_kappa|loss_bc_q|loss_norm|loss_integral_norm|loss_phase|loss_peak_slope|loss_peak_curvature|loss_loc_center|loss_loc_spread|loss_first_order_v_energy|loss_first_order_amp_cap|loss_classic_mode_supervision|loss_classic_full_mode_supervision|loss_classic_balanced_full_mode_supervision|loss_riccati_anchor|loss_q_supervision|loss_riccati_center_kappa|loss_riccati_center_peak|loss_riccati_boundary_band_kappa|loss_riccati_boundary_band_q|loss_riccati_shooting_match|loss_riccati_shooting_path|loss_riccati_ci_local_min|loss_ci_stability_outside|loss_ci_neutrality|loss_ci_low_alpha_zero|loss_ci_smoothness|loss_ci_window|loss_ci_supervision|grad_norm_ci|grad_norm_mode|stage_w_ci_supervision|stage_neutral_fraction|ci_supervision_neutral_fraction|stage2_started|mapping_scale|ci_mid|audit_ci_mae|audit_ci_max_abs|audit_ci_mean_rel|audit_ci_max_rel|audit_p_rel_l2_mean|audit_p_rel_l2_max|audit_env_rel_mean|audit_env_rel_max|audit_phase_rel_mean|audit_phase_rel_max|audit_peak_shift_mean|audit_peak_shift_max|audit_p_rel_weighted_mean|audit_env_rel_weighted_mean|audit_phase_rel_weighted_mean|audit_peak_shift_weighted_mean|audit_checkpoint_metric|n_focus_alphas|focus_alpha_min|focus_alpha_max
model_saved/kh_subsonic_singlecase_phaseA_ter_a0650_m0600_stabilized/config.csv,0.004590034484863281,anchor_ablation,180,mach|alpha_min|alpha_max|sampling_alpha_min|sampling_alpha_max|audit_alpha_min|audit_alpha_max|epochs|learning_rate|grad_clip_norm|hidden_dim|mode_hidden_dim|ci_hidden_dim|mode_depth|ci_depth|fixed_scalar_ci|freeze_ci|activation|fourier_features|fourier_scale|initial_ci|mapping_scale|trainable_mapping_scale|n_interior|n_boundary|n_alpha_supervision|ci_supervision_fixed_alphas|n_anchor_alpha|n_norm_interior|n_reference_alpha|n_audit_alpha|n_mode_audit_alpha|n_mode_audit_y|audit_every|checkpoint_every|enable_classic_ci_supervision|external_ci_supervision_csv|ci_window_csv|enable_classic_mode_audit|stage_split_epoch|stage2_freeze_ci|stage2_ci_lr_scale|separate_branch_optimizers|detach_ci_in_mode_branch|ci_branch_lr|mode_branch_lr|stage1_w_ci_supervision|stage2_w_ci_supervision|stage1_neutral_fraction|stage2_neutral_fraction|focus_fraction|focus_half_width|low_alpha_sample_fraction|low_alpha_sample_threshold|high_alpha_sample_fraction|high_alpha_sample_threshold|neutral_fraction|ci_supervision_neutral_boost|neutral_half_width|error_threshold|mode_error_threshold|max_focus_points|anchor_strategy|anchor_half_width|anchor_max_candidates|mode_center_fraction|mode_center_half_width|w_pde|w_bc|w_bc_kappa|w_bc_q|w_norm|w_integral_norm|w_phase|w_peak_slope|w_peak_curvature|w_loc_center|w_loc_spread|w_first_order_v_energy|w_first_order_amp_cap|first_order_amp_cap|w_ci_supervision|w_ci_window|w_ci_stability_outside|w_ci_neutrality|w_ci_low_alpha_zero|w_ci_smoothness|n_ci_spectral_grid|audit_ci_weight|audit_p_weight|audit_mode_weight|audit_env_weight|audit_phase_weight|audit_peak_weight|phase_mask_fraction|classic_n_points|classic_mapping_scale|classic_xi_max|classic_mode_supervision|classic_mode_supervision_alphas|classic_mode_supervision_every|classic_mode_supervision_n_xi|classic_mode_supervision_xi_min|classic_mode_supervision_xi_max|classic_mode_supervision_y_max|w_classic_mode_supervision|classic_full_mode_supervision|classic_full_mode_supervision_alphas|classic_full_mode_supervision_every|classic_full_mode_supervision_n_xi|classic_full_mode_supervision_xi_min|classic_full_mode_supervision_xi_max|classic_full_mode_supervision_y_max|w_classic_full_mode_supervision|classic_balanced_full_mode_supervision|classic_balanced_full_mode_supervision_alphas|classic_balanced_full_mode_supervision_every|classic_balanced_full_mode_supervision_n_xi|classic_balanced_full_mode_supervision_xi_min|classic_balanced_full_mode_supervision_xi_max|classic_balanced_full_mode_supervision_y_max|classic_balanced_full_mode_supervision_center_y_max|classic_balanced_full_mode_l2_weight|classic_balanced_full_mode_overlap_weight|classic_balanced_full_mode_rho_weight|classic_balanced_full_mode_u_weight|classic_balanced_full_mode_v_weight|classic_balanced_full_mode_p_weight|w_classic_balanced_full_mode_supervision|enforce_mode_symmetry|mode_representation|mode_experts|alpha_split_threshold|riccati_anchor_supervision|riccati_anchor_n_xi|riccati_anchor_every|riccati_anchor_alphas|w_riccati_anchor|w_q_supervision|q_supervision_n_xi|q_supervision_every|q_supervision_alpha_count|q_supervision_alphas|w_riccati_gamma_supervision|riccati_gamma_n_xi|riccati_gamma_every|riccati_gamma_alpha_count|riccati_gamma_alphas|w_riccati_center_kappa|w_riccati_center_peak|w_riccati_boundary_band_kappa|w_riccati_boundary_band_q|riccati_center_xi|riccati_boundary_band_points|riccati_boundary_band_start|riccati_boundary_band_end|w_riccati_shooting_match|w_riccati_shooting_path|w_riccati_ci_local_min|riccati_shooting_steps|riccati_shooting_xi_boundary|riccati_shooting_match_start_epoch|riccati_shooting_path_points|riccati_shooting_path_xi_boundary|riccati_shooting_path_start_epoch|riccati_shooting_path_every|riccati_ci_local_min_start_epoch|riccati_ci_local_min_delta_abs|riccati_ci_local_min_delta_rel|riccati_ci_local_min_margin|mode_low_alpha_threshold|mode_low_alpha_weight|mode_low_alpha_audit_fraction|mode_high_alpha_threshold|mode_high_alpha_weight|mode_high_alpha_audit_fraction|initial_model_path|initial_model_strict|output_dir|device
model_saved/kh_subsonic_singlecase_phaseA_ter_a0650_m0600_stabilized/history.csv,0.19333553314208984,anchor_ablation;training_history,61,epoch|loss|loss_pde|loss_bc|loss_bc_kappa|loss_bc_q|loss_norm|loss_integral_norm|loss_phase|loss_peak_slope|loss_peak_curvature|loss_loc_center|loss_loc_spread|loss_first_order_v_energy|loss_first_order_amp_cap|loss_classic_mode_supervision|loss_classic_full_mode_supervision|loss_classic_balanced_full_mode_supervision|loss_riccati_anchor|loss_q_supervision|loss_riccati_center_kappa|loss_riccati_center_peak|loss_riccati_boundary_band_kappa|loss_riccati_boundary_band_q|loss_riccati_shooting_match|loss_riccati_shooting_path|loss_riccati_ci_local_min|loss_ci_stability_outside|loss_ci_neutrality|loss_ci_low_alpha_zero|loss_ci_smoothness|loss_ci_window|loss_ci_supervision|grad_norm_ci|grad_norm_mode|stage_w_ci_supervision|stage_neutral_fraction|ci_supervision_neutral_fraction|stage2_started|mapping_scale|ci_mid|audit_ci_mae|audit_ci_max_abs|audit_ci_mean_rel|audit_ci_max_rel|audit_p_rel_l2_mean|audit_p_rel_l2_max|audit_env_rel_mean|audit_env_rel_max|audit_phase_rel_mean|audit_phase_rel_max|audit_peak_shift_mean|audit_peak_shift_max|audit_p_rel_weighted_mean|audit_env_rel_weighted_mean|audit_phase_rel_weighted_mean|audit_peak_shift_weighted_mean|audit_checkpoint_metric|n_focus_alphas|focus_alpha_min|focus_alpha_max
pinn_subsonic/data/scientific_outputs/release_v1/compat_required/E6/offgrid_validation_release_summary.csv,0.0003185272216796875,anchor_ablation,12,n_points|success_rate|n_continuation_points|n_bidirectional|n_forward_classic_anchored|n_reference_corrections|p_rel_final_max|rho_rel_final_max|u_rel_final_max|v_rel_final_max|p_overlap_final_min|release_validated
pinn_subsonic/data/scientific_outputs/release_v1/data/Blumen_interpolated_comparison.csv,0.07577705383300781,multiseed,12,point_id|Mach|eta|alpha|ci_seed|ci_final|ci_blumen|pinn_blumen_abs|gep_blumen_abs|pinn_blumen_rel|gep_blumen_rel|inside_blumen_support
pinn_subsonic/data/scientific_outputs/release_v1/data/direct_PINN_modal_errors_20.csv,0.008568763732910156,chart_manifest;chart_prediction;multiseed;validation_pointwise,24,selection_stratum|point_id|sample_group|Mach|eta|alpha|chart_id|ci_ref|ci_seed|ci_final|ci_seed_abs_err|ci_final_abs_err|p_rel_final|rho_rel_final|u_rel_final|v_rel_final|p_overlap_final|continuation_status|reference_status|p_rel_direct|rho_rel_direct|u_rel_direct|v_rel_direct|p_overlap_direct
pinn_subsonic/data/scientific_outputs/release_v1/data/spectral_supervision_anchors_explicit.csv,0.19954490661621094,anchor_ablation;chart_manifest,10,chart_id|source_checkpoint|Mach|eta|alpha|ci_anchor|index|ci|omega_i|alpha_cut
pinn_subsonic/data/scientific_outputs/release_v1/data/validation_mode_points_20.csv,0.006802558898925781,chart_manifest;chart_prediction;multiseed;validation_pointwise,19,selection_stratum|point_id|sample_group|Mach|eta|alpha|chart_id|ci_ref|ci_seed|ci_final|ci_seed_abs_err|ci_final_abs_err|p_rel_final|rho_rel_final|u_rel_final|v_rel_final|p_overlap_final|continuation_status|reference_status
pinn_subsonic/data/scientific_outputs/release_v1/data/validation_pointwise_canonical.csv,0.1608123779296875,chart_manifest;chart_prediction;multiseed;validation_pointwise,30,point_id|Mach|eta|alpha|ci_ref|ci_seed|ci_gep|ci_final|p_rel_final|rho_rel_final|u_rel_final|v_rel_final|p_overlap_final|p_rel_direct|rho_rel_direct|u_rel_direct|v_rel_direct|p_overlap_direct|sample_group|chart_id|continuation_status|reference_status|ci_final_source|ci_seed_abs_err|ci_seed_rel_err|ci_final_abs_err|ci_final_rel_err|gep_gain|modal_error_final|modal_error_direct
pinn_subsonic/data/scientific_outputs/release_v1/tables/GEP_N_convergence.csv,0.5734930038452148,chart_manifest;chart_prediction;multiseed,98,chart_id|path|M_min|M_max|eta_min|eta_max|ymax|central_ymax|status|priority|_source_file|alpha|eta|Mach|chart_status|N|ci_classic|ci_seed|ci_seed_abs_err|ci_seed_rel_err|selection_source|n_finite_modes|gep_cr|gep_ci|ci_gep_abs_err|ci_gep_rel_err|p_rel|rho_rel|u_rel|v_rel|p_overlap|success|ci_classic_N301|ci_classic_N401|ci_gep_abs_err_N301|ci_gep_abs_err_N401|ci_gep_rel_err_N301|ci_gep_rel_err_N401|ci_seed_N301|ci_seed_N401|gep_ci_N301|gep_ci_N401|p_overlap_N301|p_overlap_N401|p_rel_N301|p_rel_N401|u_rel_N301|u_rel_N401|v_rel_N301|v_rel_N401|ci_gep_abs_err_ratio_401_over_301|ci_gep_rel_err_ratio_401_over_301|p_rel_ratio_401_over_301|u_rel_ratio_401_over_301|v_rel_ratio_401_over_301|xi_max|n_modes|point_id|direction|step_index|adjacent_overlap|selection_basis|target_index|sample_group|chart_path|mapping_scale|eta_low|eta_high|max_step|forward_n_steps|backward_n_steps|ci_seed_target|ci_independent_original|ci_forward|cr_forward|ci_backward|cr_backward|forward_backward_ci_abs|forward_backward_overlap|forward_min_adjacent_overlap|backward_min_adjacent_overlap|minimum_adjacent_overlap|continuation_status|reference_status|error|traceback|ci_classic_raw|ci_cont_abs_err_vs_classic|ci_cont_rel_err_vs_classic|p_rel_cont_vs_classic|rho_rel_cont_vs_classic|u_rel_cont_vs_classic|v_rel_cont_vs_classic|p_overlap_cont_vs_classic|manual_resolution|manual_resolution_reason|ci_selected|ci_selected_source
pinn_subsonic/data/scientific_outputs/release_v1/tables/continuation_paths_all.csv,0.6040363311767578,multiseed,15,point_id|direction|step_index|Mach|eta|alpha|ci_seed|gep_cr|gep_ci|adjacent_overlap|selection_basis|selection_source|n_finite_modes|_point_id|_source_file
pinn_subsonic/data/scientific_outputs/release_v1/tables/longwave_mapping_audit_combined.csv,0.005108833312988281,multiseed,32,regime|run|N|mapping_scale|xi_max|success_rate|overlap_defect|ci_gep_abs_max|ci_gep_abs_mean|ci_gep_max|ci_gep_mean|ci_gep_rel_max|ci_gep_rel_mean|corner_ci_abs|corner_ci_classic|corner_ci_gep_rel|corner_ci_rel|corner_ci_seed|corner_gep_ci|corner_overlap|corner_p_rel|corner_u_rel|corner_v_rel|exists|n|p_overlap_min|p_rel_max|p_rel_mean|u_rel_max|u_rel_mean|v_rel_max|v_rel_mean
pinn_subsonic/data/scientific_outputs/release_v1/audits/gep_HM2_VLOW_EXTREME_mapping_audit_summary.csv,0.0021772384643554688,multiseed,20,run|exists|n|success_rate|ci_gep_mean|ci_gep_max|p_rel_mean|p_rel_max|u_rel_mean|u_rel_max|v_rel_mean|v_rel_max|corner_ci_classic|corner_ci_seed|corner_gep_ci|corner_ci_gep_rel|corner_p_rel|corner_u_rel|corner_v_rel|corner_overlap
pinn_subsonic/data/scientific_outputs/release_v1/audits/gep_NEUTRAL3_N301_vs_N401.csv,0.016744613647460938,chart_manifest,26,chart_id|Mach|eta|ci_classic_N301|ci_classic_N401|ci_gep_abs_err_N301|ci_gep_abs_err_N401|ci_gep_rel_err_N301|ci_gep_rel_err_N401|ci_seed_N301|ci_seed_N401|gep_ci_N301|gep_ci_N401|p_overlap_N301|p_overlap_N401|p_rel_N301|p_rel_N401|u_rel_N301|u_rel_N401|v_rel_N301|v_rel_N401|ci_gep_abs_err_ratio_401_over_301|ci_gep_rel_err_ratio_401_over_301|p_rel_ratio_401_over_301|u_rel_ratio_401_over_301|v_rel_ratio_401_over_301
pinn_subsonic/data/scientific_outputs/release_v1/audits/offgrid_0246_branch_resolution.csv,0.0015411376953125,chart_manifest,44,target_index|point_id|sample_group|Mach|eta|alpha|chart_id|chart_path|N|mapping_scale|xi_max|eta_low|eta_high|max_step|forward_n_steps|backward_n_steps|ci_seed_target|ci_independent_original|ci_forward|cr_forward|ci_backward|cr_backward|forward_backward_ci_abs|forward_backward_overlap|forward_min_adjacent_overlap|backward_min_adjacent_overlap|minimum_adjacent_overlap|continuation_status|reference_status|success|error|traceback|ci_classic_raw|ci_cont_abs_err_vs_classic|ci_cont_rel_err_vs_classic|p_rel_cont_vs_classic|rho_rel_cont_vs_classic|u_rel_cont_vs_classic|v_rel_cont_vs_classic|p_overlap_cont_vs_classic|manual_resolution|manual_resolution_reason|ci_selected|ci_selected_source
pinn_subsonic/data/scientific_outputs/release_v1/audits/offgrid_continuation_manual_audit.csv,0.0006580352783203125,chart_manifest,44,target_index|point_id|sample_group|Mach|eta|alpha|chart_id|chart_path|N|mapping_scale|xi_max|eta_low|eta_high|max_step|forward_n_steps|backward_n_steps|ci_seed_target|ci_independent_original|ci_forward|cr_forward|ci_backward|cr_backward|forward_backward_ci_abs|forward_backward_overlap|forward_min_adjacent_overlap|backward_min_adjacent_overlap|minimum_adjacent_overlap|continuation_status|reference_status|success|error|traceback|ci_classic_raw|ci_cont_abs_err_vs_classic|ci_cont_rel_err_vs_classic|p_rel_cont_vs_classic|rho_rel_cont_vs_classic|u_rel_cont_vs_classic|v_rel_cont_vs_classic|p_overlap_cont_vs_classic|manual_resolution|manual_resolution_reason|ci_selected|ci_selected_source
pinn_subsonic/data/scientific_outputs/release_v1/audits/offgrid_continuation_smoke_targets.csv,0.0024976730346679688,anchor_ablation;chart_manifest;chart_prediction;multiseed,40,alpha|eta|Mach|chart_id|chart_status|N|ci_classic|ci_seed|ci_seed_abs_err|ci_seed_rel_err|selection_source|n_finite_modes|gep_cr|gep_ci|ci_gep_abs_err|ci_gep_rel_err|p_rel|rho_rel|u_rel|v_rel|p_overlap|success|point_id|sample_group|selected_source|chart_path|gep_regime|mapping_scale|xi_max|continuation_required|checkpoint_path|n_ci_anchors|ci_idw_eta_scale|ci_idw_mach_scale|ci_idw_power|traceback|shard_file|is_near_neutral|non_neutral_pass|neutral_provisional_pass
pinn_subsonic/data/scientific_outputs/release_v1/audits/offgrid_near_neutral_continuation_targets.csv,0.03651142120361328,anchor_ablation;chart_manifest;chart_prediction;multiseed,40,alpha|eta|Mach|chart_id|chart_status|N|ci_classic|ci_seed|ci_seed_abs_err|ci_seed_rel_err|selection_source|n_finite_modes|gep_cr|gep_ci|ci_gep_abs_err|ci_gep_rel_err|p_rel|rho_rel|u_rel|v_rel|p_overlap|success|point_id|sample_group|selected_source|chart_path|gep_regime|mapping_scale|xi_max|continuation_required|checkpoint_path|n_ci_anchors|ci_idw_eta_scale|ci_idw_mach_scale|ci_idw_power|traceback|shard_file|is_near_neutral|non_neutral_pass|neutral_provisional_pass
pinn_subsonic/data/scientific_outputs/release_v1/audits/offgrid_reference_branch_corrections.csv,0.013636589050292969,chart_manifest,44,target_index|point_id|sample_group|Mach|eta|alpha|chart_id|chart_path|N|mapping_scale|xi_max|eta_low|eta_high|max_step|forward_n_steps|backward_n_steps|ci_seed_target|ci_independent_original|ci_forward|cr_forward|ci_backward|cr_backward|forward_backward_ci_abs|forward_backward_overlap|forward_min_adjacent_overlap|backward_min_adjacent_overlap|minimum_adjacent_overlap|continuation_status|reference_status|success|error|traceback|ci_classic_raw|ci_cont_abs_err_vs_classic|ci_cont_rel_err_vs_classic|p_rel_cont_vs_classic|rho_rel_cont_vs_classic|u_rel_cont_vs_classic|v_rel_cont_vs_classic|p_overlap_cont_vs_classic|manual_resolution|manual_resolution_reason|ci_selected|ci_selected_source
pinn_subsonic/data/scientific_outputs/release_v1/compat_required/E6/offgrid_validation_release_summary.csv,0.0003185272216796875,anchor_ablation,12,n_points|success_rate|n_continuation_points|n_bidirectional|n_forward_classic_anchored|n_reference_corrections|p_rel_final_max|rho_rel_final_max|u_rel_final_max|v_rel_final_max|p_overlap_final_min|release_validated
pinn_subsonic/data/scientific_outputs/release_v1/data/Blumen_interpolated_comparison.csv,0.07577705383300781,multiseed,12,point_id|Mach|eta|alpha|ci_seed|ci_final|ci_blumen|pinn_blumen_abs|gep_blumen_abs|pinn_blumen_rel|gep_blumen_rel|inside_blumen_support
pinn_subsonic/data/scientific_outputs/release_v1/data/direct_PINN_modal_errors_20.csv,0.008568763732910156,chart_manifest;chart_prediction;multiseed;validation_pointwise,24,selection_stratum|point_id|sample_group|Mach|eta|alpha|chart_id|ci_ref|ci_seed|ci_final|ci_seed_abs_err|ci_final_abs_err|p_rel_final|rho_rel_final|u_rel_final|v_rel_final|p_overlap_final|continuation_status|reference_status|p_rel_direct|rho_rel_direct|u_rel_direct|v_rel_direct|p_overlap_direct
pinn_subsonic/data/scientific_outputs/release_v1/data/spectral_supervision_anchors_explicit.csv,0.19954490661621094,anchor_ablation;chart_manifest,10,chart_id|source_checkpoint|Mach|eta|alpha|ci_anchor|index|ci|omega_i|alpha_cut
pinn_subsonic/data/scientific_outputs/release_v1/data/validation_mode_points_20.csv,0.006802558898925781,chart_manifest;chart_prediction;multiseed;validation_pointwise,19,selection_stratum|point_id|sample_group|Mach|eta|alpha|chart_id|ci_ref|ci_seed|ci_final|ci_seed_abs_err|ci_final_abs_err|p_rel_final|rho_rel_final|u_rel_final|v_rel_final|p_overlap_final|continuation_status|reference_status
pinn_subsonic/data/scientific_outputs/release_v1/data/validation_pointwise_canonical.csv,0.1608123779296875,chart_manifest;chart_prediction;multiseed;validation_pointwise,30,point_id|Mach|eta|alpha|ci_ref|ci_seed|ci_gep|ci_final|p_rel_final|rho_rel_final|u_rel_final|v_rel_final|p_overlap_final|p_rel_direct|rho_rel_direct|u_rel_direct|v_rel_direct|p_overlap_direct|sample_group|chart_id|continuation_status|reference_status|ci_final_source|ci_seed_abs_err|ci_seed_rel_err|ci_final_abs_err|ci_final_rel_err|gep_gain|modal_error_final|modal_error_direct
pinn_subsonic/data/scientific_outputs/release_v1/tables/GEP_N_convergence.csv,0.5734930038452148,chart_manifest;chart_prediction;multiseed,98,chart_id|path|M_min|M_max|eta_min|eta_max|ymax|central_ymax|status|priority|_source_file|alpha|eta|Mach|chart_status|N|ci_classic|ci_seed|ci_seed_abs_err|ci_seed_rel_err|selection_source|n_finite_modes|gep_cr|gep_ci|ci_gep_abs_err|ci_gep_rel_err|p_rel|rho_rel|u_rel|v_rel|p_overlap|success|ci_classic_N301|ci_classic_N401|ci_gep_abs_err_N301|ci_gep_abs_err_N401|ci_gep_rel_err_N301|ci_gep_rel_err_N401|ci_seed_N301|ci_seed_N401|gep_ci_N301|gep_ci_N401|p_overlap_N301|p_overlap_N401|p_rel_N301|p_rel_N401|u_rel_N301|u_rel_N401|v_rel_N301|v_rel_N401|ci_gep_abs_err_ratio_401_over_301|ci_gep_rel_err_ratio_401_over_301|p_rel_ratio_401_over_301|u_rel_ratio_401_over_301|v_rel_ratio_401_over_301|xi_max|n_modes|point_id|direction|step_index|adjacent_overlap|selection_basis|target_index|sample_group|chart_path|mapping_scale|eta_low|eta_high|max_step|forward_n_steps|backward_n_steps|ci_seed_target|ci_independent_original|ci_forward|cr_forward|ci_backward|cr_backward|forward_backward_ci_abs|forward_backward_overlap|forward_min_adjacent_overlap|backward_min_adjacent_overlap|minimum_adjacent_overlap|continuation_status|reference_status|error|traceback|ci_classic_raw|ci_cont_abs_err_vs_classic|ci_cont_rel_err_vs_classic|p_rel_cont_vs_classic|rho_rel_cont_vs_classic|u_rel_cont_vs_classic|v_rel_cont_vs_classic|p_overlap_cont_vs_classic|manual_resolution|manual_resolution_reason|ci_selected|ci_selected_source
pinn_subsonic/data/scientific_outputs/release_v1/tables/continuation_paths_all.csv,0.6040363311767578,multiseed,15,point_id|direction|step_index|Mach|eta|alpha|ci_seed|gep_cr|gep_ci|adjacent_overlap|selection_basis|selection_source|n_finite_modes|_point_id|_source_file
pinn_subsonic/data/scientific_outputs/release_v1/tables/longwave_mapping_audit_combined.csv,0.005108833312988281,multiseed,32,regime|run|N|mapping_scale|xi_max|success_rate|overlap_defect|ci_gep_abs_max|ci_gep_abs_mean|ci_gep_max|ci_gep_mean|ci_gep_rel_max|ci_gep_rel_mean|corner_ci_abs|corner_ci_classic|corner_ci_gep_rel|corner_ci_rel|corner_ci_seed|corner_gep_ci|corner_overlap|corner_p_rel|corner_u_rel|corner_v_rel|exists|n|p_overlap_min|p_rel_max|p_rel_mean|u_rel_max|u_rel_mean|v_rel_max|v_rel_mean
pinn_subsonic/data/scientific_outputs/release_v1/validation/offgrid_continuation_N401_summary_55.csv,0.03448486328125,chart_manifest,44,target_index|point_id|sample_group|Mach|eta|alpha|chart_id|chart_path|N|mapping_scale|xi_max|eta_low|eta_high|max_step|forward_n_steps|backward_n_steps|ci_seed_target|ci_independent_original|ci_forward|cr_forward|ci_backward|cr_backward|forward_backward_ci_abs|forward_backward_overlap|forward_min_adjacent_overlap|backward_min_adjacent_overlap|minimum_adjacent_overlap|continuation_status|reference_status|success|error|traceback|ci_classic_raw|ci_cont_abs_err_vs_classic|ci_cont_rel_err_vs_classic|p_rel_cont_vs_classic|rho_rel_cont_vs_classic|u_rel_cont_vs_classic|v_rel_cont_vs_classic|p_overlap_cont_vs_classic|manual_resolution|manual_resolution_reason|ci_selected|ci_selected_source
pinn_subsonic/data/scientific_outputs/release_v1/validation/offgrid_validation_release_summary.csv,0.0003185272216796875,anchor_ablation,12,n_points|success_rate|n_continuation_points|n_bidirectional|n_forward_classic_anchored|n_reference_corrections|p_rel_final_max|rho_rel_final_max|u_rel_final_max|v_rel_final_max|p_overlap_final_min|release_validated
pinn_subsonic/data/scientific_outputs/release_v1/validation/offgrid_validation_results_384_release.csv,0.3399343490600586,anchor_ablation;chart_manifest;chart_prediction;multiseed,65,alpha|eta|Mach|chart_id|chart_status|N|ci_classic|ci_seed|ci_seed_abs_err|ci_seed_rel_err|selection_source|n_finite_modes|gep_cr|gep_ci|ci_gep_abs_err|ci_gep_rel_err|p_rel|rho_rel|u_rel|v_rel|p_overlap|success|point_id|sample_group|selected_source|chart_path|gep_regime|mapping_scale|xi_max|continuation_required|checkpoint_path|n_ci_anchors|ci_idw_eta_scale|ci_idw_mach_scale|ci_idw_power|traceback|shard_file|ci_forward|ci_backward|forward_backward_ci_abs|forward_backward_overlap|minimum_adjacent_overlap|continuation_status|reference_status|manual_resolution|manual_resolution_reason|ci_selected|ci_selected_source|ci_classic_raw|ci_cont_abs_err_vs_classic|ci_cont_rel_err_vs_classic|p_rel_cont_vs_classic|rho_rel_cont_vs_classic|u_rel_cont_vs_classic|v_rel_cont_vs_classic|p_overlap_cont_vs_classic|ci_final|ci_final_source|p_rel_final|rho_rel_final|u_rel_final|v_rel_final|p_overlap_final|ci_final_abs_err_vs_raw_classic|ci_final_rel_err_vs_raw_classic
pinn_subsonic/manifests/atlas_extension_plan_M005_098_eta005_098.csv,0.008307456970214844,anchor_ablation,15,chart_id|path|M_min|M_max|eta_min|eta_max|script|anchor_mach_values|anchor_eta_values|ymax|central_ymax|epochs|role|expected_status|status
pinn_subsonic/manifests/atlas_extension_wave1_metrics.csv,0.005192756652832031,anchor_ablation,31,chart_id|path|M_min|M_max|eta_min|eta_max|script|anchor_mach_values|anchor_eta_values|ymax|central_ymax|epochs|role|expected_status|status|diagnostics_exists|n_eval|ci_rel_err_mean|ci_rel_err_max|p_rel_mean|p_rel_max|q_rel_mean|q_rel_max|u_rel_mean|u_rel_max|v_rel_mean|v_rel_max|gamma_rel_mean|gamma_rel_max|ci_abs_err_mean|ci_abs_err_max
pinn_subsonic/manifests/atlas_fullrect_gep_all_points.csv,0.065704345703125,chart_manifest;chart_prediction;multiseed,23,gep_regime|alpha|eta|Mach|chart_id|chart_status|N|ci_classic|ci_seed|ci_seed_abs_err|ci_seed_rel_err|selection_source|n_finite_modes|gep_cr|gep_ci|ci_gep_abs_err|ci_gep_rel_err|p_rel|rho_rel|u_rel|v_rel|p_overlap|success
pinn_subsonic/manifests/atlas_fullrect_gep_final_all_points.csv,0.06581497192382812,chart_manifest;chart_prediction;multiseed,23,gep_regime|alpha|eta|Mach|chart_id|chart_status|N|ci_classic|ci_seed|ci_seed_abs_err|ci_seed_rel_err|selection_source|n_finite_modes|gep_cr|gep_ci|ci_gep_abs_err|ci_gep_rel_err|p_rel|rho_rel|u_rel|v_rel|p_overlap|success
pinn_subsonic/manifests/atlas_fullrect_pinn_diagnostics_all_points.csv,0.080108642578125,chart_manifest;chart_prediction,20,chart_id|model|output_dir|Mach|eta|alpha|alpha_cut|ci_ref|ci_pred|ci_abs_err|ci_rel_err|p_rel|q_rel|p_y_rel|rho_rel|u_rel|v_rel|gamma_rel|align_scale_real|align_scale_imag
pinn_subsonic/manifests/atlas_fullrect_pinn_worst_points.csv,0.017905235290527344,chart_manifest;chart_prediction,16,chart_id|metric|value|Mach|eta|alpha|ci_ref|ci_pred|ci_abs_err|ci_rel_err|p_rel|q_rel|rho_rel|u_rel|v_rel|gamma_rel
pinn_subsonic/manifests/atlas_fullrect_plan_M002_098_eta002_098.csv,0.004772186279296875,anchor_ablation,18,index|chart_id|job_name|model|script|M_min|M_max|eta_min|eta_max|anchor_M|anchor_eta|eval_M|eval_eta|ymax|central_ymax|epochs|output_dir|slurm_path
pinn_subsonic/manifests/exact4_summary.csv,0.0012197494506835938,chart_manifest;chart_prediction;multiseed,17,label|Mach|alpha|eta|chart_id|ci_shooting|ci_seed|ci_classic_gep|ci_pinn_gep|direct_p_rel|direct_rho_rel|direct_u_rel|direct_v_rel|gep_p_rel|gep_rho_rel|gep_u_rel|gep_v_rel
pinn_subsonic/manifests/gep_HM2_VLOW_EXTREME_mapping_audit_summary.csv,0.0021772384643554688,multiseed,20,run|exists|n|success_rate|ci_gep_mean|ci_gep_max|p_rel_mean|p_rel_max|u_rel_mean|u_rel_max|v_rel_mean|v_rel_max|corner_ci_classic|corner_ci_seed|corner_gep_ci|corner_ci_gep_rel|corner_p_rel|corner_u_rel|corner_v_rel|corner_overlap
pinn_subsonic/manifests/gep_NEUTRAL3_N301_vs_N401.csv,0.016744613647460938,chart_manifest,26,chart_id|Mach|eta|ci_classic_N301|ci_classic_N401|ci_gep_abs_err_N301|ci_gep_abs_err_N401|ci_gep_rel_err_N301|ci_gep_rel_err_N401|ci_seed_N301|ci_seed_N401|gep_ci_N301|gep_ci_N401|p_overlap_N301|p_overlap_N401|p_rel_N301|p_rel_N401|u_rel_N301|u_rel_N401|v_rel_N301|v_rel_N401|ci_gep_abs_err_ratio_401_over_301|ci_gep_rel_err_ratio_401_over_301|p_rel_ratio_401_over_301|u_rel_ratio_401_over_301|v_rel_ratio_401_over_301
results/_smoke_representation_ablation/alpha_0.500_cartesian/config.csv,0.0023984909057617188,anchor_ablation,113,mach|alpha_min|alpha_max|epochs|learning_rate|hidden_dim|mode_hidden_dim|ci_hidden_dim|mode_depth|ci_depth|fixed_scalar_ci|freeze_ci|activation|fourier_features|fourier_scale|initial_ci|mapping_scale|trainable_mapping_scale|n_interior|n_boundary|n_alpha_supervision|n_anchor_alpha|n_norm_interior|n_reference_alpha|n_audit_alpha|n_mode_audit_alpha|n_mode_audit_y|audit_every|checkpoint_every|enable_classic_ci_supervision|enable_classic_mode_audit|stage_split_epoch|stage2_freeze_ci|stage2_ci_lr_scale|separate_branch_optimizers|detach_ci_in_mode_branch|ci_branch_lr|mode_branch_lr|stage1_w_ci_supervision|stage2_w_ci_supervision|stage1_neutral_fraction|stage2_neutral_fraction|focus_fraction|focus_half_width|neutral_fraction|ci_supervision_neutral_boost|neutral_half_width|error_threshold|mode_error_threshold|max_focus_points|anchor_strategy|anchor_half_width|anchor_max_candidates|mode_center_fraction|mode_center_half_width|w_pde|w_bc|w_bc_kappa|w_bc_q|w_norm|w_integral_norm|w_phase|w_peak_slope|w_peak_curvature|w_loc_center|w_loc_spread|w_first_order_v_energy|w_first_order_amp_cap|first_order_amp_cap|w_ci_supervision|w_ci_stability_outside|w_ci_neutrality|w_ci_low_alpha_zero|w_ci_smoothness|n_ci_spectral_grid|audit_ci_weight|audit_mode_weight|audit_env_weight|audit_phase_weight|audit_peak_weight|phase_mask_fraction|classic_n_points|classic_mapping_scale|classic_xi_max|enforce_mode_symmetry|mode_representation|mode_experts|alpha_split_threshold|riccati_anchor_supervision|riccati_anchor_n_xi|riccati_anchor_every|riccati_anchor_alphas|w_riccati_anchor|w_q_supervision|q_supervision_n_xi|q_supervision_every|q_supervision_alpha_count|w_riccati_center_kappa|w_riccati_center_peak|w_riccati_boundary_band_kappa|w_riccati_boundary_band_q|riccati_center_xi|riccati_boundary_band_points|riccati_boundary_band_start|riccati_boundary_band_end|w_riccati_shooting_match|riccati_shooting_steps|riccati_shooting_xi_boundary|mode_low_alpha_threshold|mode_low_alpha_weight|mode_low_alpha_audit_fraction|output_dir|device
results/_smoke_representation_ablation/alpha_0.500_cartesian/history.csv,0.0015649795532226562,anchor_ablation;training_history,52,epoch|loss|loss_pde|loss_bc|loss_bc_kappa|loss_bc_q|loss_norm|loss_integral_norm|loss_phase|loss_peak_slope|loss_peak_curvature|loss_loc_center|loss_loc_spread|loss_first_order_v_energy|loss_first_order_amp_cap|loss_riccati_anchor|loss_q_supervision|loss_riccati_center_kappa|loss_riccati_center_peak|loss_riccati_boundary_band_kappa|loss_riccati_boundary_band_q|loss_riccati_shooting_match|loss_ci_stability_outside|loss_ci_neutrality|loss_ci_low_alpha_zero|loss_ci_smoothness|loss_ci_supervision|stage_w_ci_supervision|stage_neutral_fraction|ci_supervision_neutral_fraction|stage2_started|mapping_scale|ci_mid|audit_ci_mae|audit_ci_max_abs|audit_ci_mean_rel|audit_ci_max_rel|audit_p_rel_l2_mean|audit_p_rel_l2_max|audit_env_rel_mean|audit_env_rel_max|audit_phase_rel_mean|audit_phase_rel_max|audit_peak_shift_mean|audit_peak_shift_max|audit_env_rel_weighted_mean|audit_phase_rel_weighted_mean|audit_peak_shift_weighted_mean|audit_checkpoint_metric|n_focus_alphas|focus_alpha_min|focus_alpha_max
results/subsonic_pinn_integral_norm_ablation_ampphase/alpha_0.200_amplitude_phase_max_wint_0.5/config.csv,0.0024394989013671875,anchor_ablation,113,mach|alpha_min|alpha_max|epochs|learning_rate|hidden_dim|mode_hidden_dim|ci_hidden_dim|mode_depth|ci_depth|fixed_scalar_ci|freeze_ci|activation|fourier_features|fourier_scale|initial_ci|mapping_scale|trainable_mapping_scale|n_interior|n_boundary|n_alpha_supervision|n_anchor_alpha|n_norm_interior|n_reference_alpha|n_audit_alpha|n_mode_audit_alpha|n_mode_audit_y|audit_every|checkpoint_every|enable_classic_ci_supervision|enable_classic_mode_audit|stage_split_epoch|stage2_freeze_ci|stage2_ci_lr_scale|separate_branch_optimizers|detach_ci_in_mode_branch|ci_branch_lr|mode_branch_lr|stage1_w_ci_supervision|stage2_w_ci_supervision|stage1_neutral_fraction|stage2_neutral_fraction|focus_fraction|focus_half_width|neutral_fraction|ci_supervision_neutral_boost|neutral_half_width|error_threshold|mode_error_threshold|max_focus_points|anchor_strategy|anchor_half_width|anchor_max_candidates|mode_center_fraction|mode_center_half_width|w_pde|w_bc|w_bc_kappa|w_bc_q|w_norm|w_integral_norm|w_phase|w_peak_slope|w_peak_curvature|w_loc_center|w_loc_spread|w_first_order_v_energy|w_first_order_amp_cap|first_order_amp_cap|w_ci_supervision|w_ci_stability_outside|w_ci_neutrality|w_ci_low_alpha_zero|w_ci_smoothness|n_ci_spectral_grid|audit_ci_weight|audit_mode_weight|audit_env_weight|audit_phase_weight|audit_peak_weight|phase_mask_fraction|classic_n_points|classic_mapping_scale|classic_xi_max|enforce_mode_symmetry|mode_representation|mode_experts|alpha_split_threshold|riccati_anchor_supervision|riccati_anchor_n_xi|riccati_anchor_every|riccati_anchor_alphas|w_riccati_anchor|w_q_supervision|q_supervision_n_xi|q_supervision_every|q_supervision_alpha_count|w_riccati_center_kappa|w_riccati_center_peak|w_riccati_boundary_band_kappa|w_riccati_boundary_band_q|riccati_center_xi|riccati_boundary_band_points|riccati_boundary_band_start|riccati_boundary_band_end|w_riccati_shooting_match|riccati_shooting_steps|riccati_shooting_xi_boundary|mode_low_alpha_threshold|mode_low_alpha_weight|mode_low_alpha_audit_fraction|output_dir|device
results/subsonic_pinn_integral_norm_ablation_ampphase/alpha_0.200_amplitude_phase_max_wint_0.5/history.csv,0.5462722778320312,anchor_ablation;training_history,52,epoch|loss|loss_pde|loss_bc|loss_bc_kappa|loss_bc_q|loss_norm|loss_integral_norm|loss_phase|loss_peak_slope|loss_peak_curvature|loss_loc_center|loss_loc_spread|loss_first_order_v_energy|loss_first_order_amp_cap|loss_riccati_anchor|loss_q_supervision|loss_riccati_center_kappa|loss_riccati_center_peak|loss_riccati_boundary_band_kappa|loss_riccati_boundary_band_q|loss_riccati_shooting_match|loss_ci_stability_outside|loss_ci_neutrality|loss_ci_low_alpha_zero|loss_ci_smoothness|loss_ci_supervision|stage_w_ci_supervision|stage_neutral_fraction|ci_supervision_neutral_fraction|stage2_started|mapping_scale|ci_mid|audit_ci_mae|audit_ci_max_abs|audit_ci_mean_rel|audit_ci_max_rel|audit_p_rel_l2_mean|audit_p_rel_l2_max|audit_env_rel_mean|audit_env_rel_max|audit_phase_rel_mean|audit_phase_rel_max|audit_peak_shift_mean|audit_peak_shift_max|audit_env_rel_weighted_mean|audit_phase_rel_weighted_mean|audit_peak_shift_weighted_mean|audit_checkpoint_metric|n_focus_alphas|focus_alpha_min|focus_alpha_max
results/subsonic_pinn_integral_norm_ablation_ampphase/alpha_0.200_amplitude_phase_max_wint_1/config.csv,0.002437591552734375,anchor_ablation,113,mach|alpha_min|alpha_max|epochs|learning_rate|hidden_dim|mode_hidden_dim|ci_hidden_dim|mode_depth|ci_depth|fixed_scalar_ci|freeze_ci|activation|fourier_features|fourier_scale|initial_ci|mapping_scale|trainable_mapping_scale|n_interior|n_boundary|n_alpha_supervision|n_anchor_alpha|n_norm_interior|n_reference_alpha|n_audit_alpha|n_mode_audit_alpha|n_mode_audit_y|audit_every|checkpoint_every|enable_classic_ci_supervision|enable_classic_mode_audit|stage_split_epoch|stage2_freeze_ci|stage2_ci_lr_scale|separate_branch_optimizers|detach_ci_in_mode_branch|ci_branch_lr|mode_branch_lr|stage1_w_ci_supervision|stage2_w_ci_supervision|stage1_neutral_fraction|stage2_neutral_fraction|focus_fraction|focus_half_width|neutral_fraction|ci_supervision_neutral_boost|neutral_half_width|error_threshold|mode_error_threshold|max_focus_points|anchor_strategy|anchor_half_width|anchor_max_candidates|mode_center_fraction|mode_center_half_width|w_pde|w_bc|w_bc_kappa|w_bc_q|w_norm|w_integral_norm|w_phase|w_peak_slope|w_peak_curvature|w_loc_center|w_loc_spread|w_first_order_v_energy|w_first_order_amp_cap|first_order_amp_cap|w_ci_supervision|w_ci_stability_outside|w_ci_neutrality|w_ci_low_alpha_zero|w_ci_smoothness|n_ci_spectral_grid|audit_ci_weight|audit_mode_weight|audit_env_weight|audit_phase_weight|audit_peak_weight|phase_mask_fraction|classic_n_points|classic_mapping_scale|classic_xi_max|enforce_mode_symmetry|mode_representation|mode_experts|alpha_split_threshold|riccati_anchor_supervision|riccati_anchor_n_xi|riccati_anchor_every|riccati_anchor_alphas|w_riccati_anchor|w_q_supervision|q_supervision_n_xi|q_supervision_every|q_supervision_alpha_count|w_riccati_center_kappa|w_riccati_center_peak|w_riccati_boundary_band_kappa|w_riccati_boundary_band_q|riccati_center_xi|riccati_boundary_band_points|riccati_boundary_band_start|riccati_boundary_band_end|w_riccati_shooting_match|riccati_shooting_steps|riccati_shooting_xi_boundary|mode_low_alpha_threshold|mode_low_alpha_weight|mode_low_alpha_audit_fraction|output_dir|device
results/subsonic_pinn_integral_norm_ablation_ampphase/alpha_0.200_amplitude_phase_max_wint_1/history.csv,0.5457038879394531,anchor_ablation;training_history,52,epoch|loss|loss_pde|loss_bc|loss_bc_kappa|loss_bc_q|loss_norm|loss_integral_norm|loss_phase|loss_peak_slope|loss_peak_curvature|loss_loc_center|loss_loc_spread|loss_first_order_v_energy|loss_first_order_amp_cap|loss_riccati_anchor|loss_q_supervision|loss_riccati_center_kappa|loss_riccati_center_peak|loss_riccati_boundary_band_kappa|loss_riccati_boundary_band_q|loss_riccati_shooting_match|loss_ci_stability_outside|loss_ci_neutrality|loss_ci_low_alpha_zero|loss_ci_smoothness|loss_ci_supervision|stage_w_ci_supervision|stage_neutral_fraction|ci_supervision_neutral_fraction|stage2_started|mapping_scale|ci_mid|audit_ci_mae|audit_ci_max_abs|audit_ci_mean_rel|audit_ci_max_rel|audit_p_rel_l2_mean|audit_p_rel_l2_max|audit_env_rel_mean|audit_env_rel_max|audit_phase_rel_mean|audit_phase_rel_max|audit_peak_shift_mean|audit_peak_shift_max|audit_env_rel_weighted_mean|audit_phase_rel_weighted_mean|audit_peak_shift_weighted_mean|audit_checkpoint_metric|n_focus_alphas|focus_alpha_min|focus_alpha_max
results/subsonic_pinn_integral_norm_ablation_ampphase/alpha_0.200_amplitude_phase_max_wint_2/config.csv,0.002437591552734375,anchor_ablation,113,mach|alpha_min|alpha_max|epochs|learning_rate|hidden_dim|mode_hidden_dim|ci_hidden_dim|mode_depth|ci_depth|fixed_scalar_ci|freeze_ci|activation|fourier_features|fourier_scale|initial_ci|mapping_scale|trainable_mapping_scale|n_interior|n_boundary|n_alpha_supervision|n_anchor_alpha|n_norm_interior|n_reference_alpha|n_audit_alpha|n_mode_audit_alpha|n_mode_audit_y|audit_every|checkpoint_every|enable_classic_ci_supervision|enable_classic_mode_audit|stage_split_epoch|stage2_freeze_ci|stage2_ci_lr_scale|separate_branch_optimizers|detach_ci_in_mode_branch|ci_branch_lr|mode_branch_lr|stage1_w_ci_supervision|stage2_w_ci_supervision|stage1_neutral_fraction|stage2_neutral_fraction|focus_fraction|focus_half_width|neutral_fraction|ci_supervision_neutral_boost|neutral_half_width|error_threshold|mode_error_threshold|max_focus_points|anchor_strategy|anchor_half_width|anchor_max_candidates|mode_center_fraction|mode_center_half_width|w_pde|w_bc|w_bc_kappa|w_bc_q|w_norm|w_integral_norm|w_phase|w_peak_slope|w_peak_curvature|w_loc_center|w_loc_spread|w_first_order_v_energy|w_first_order_amp_cap|first_order_amp_cap|w_ci_supervision|w_ci_stability_outside|w_ci_neutrality|w_ci_low_alpha_zero|w_ci_smoothness|n_ci_spectral_grid|audit_ci_weight|audit_mode_weight|audit_env_weight|audit_phase_weight|audit_peak_weight|phase_mask_fraction|classic_n_points|classic_mapping_scale|classic_xi_max|enforce_mode_symmetry|mode_representation|mode_experts|alpha_split_threshold|riccati_anchor_supervision|riccati_anchor_n_xi|riccati_anchor_every|riccati_anchor_alphas|w_riccati_anchor|w_q_supervision|q_supervision_n_xi|q_supervision_every|q_supervision_alpha_count|w_riccati_center_kappa|w_riccati_center_peak|w_riccati_boundary_band_kappa|w_riccati_boundary_band_q|riccati_center_xi|riccati_boundary_band_points|riccati_boundary_band_start|riccati_boundary_band_end|w_riccati_shooting_match|riccati_shooting_steps|riccati_shooting_xi_boundary|mode_low_alpha_threshold|mode_low_alpha_weight|mode_low_alpha_audit_fraction|output_dir|device
results/subsonic_pinn_integral_norm_ablation_ampphase/alpha_0.200_amplitude_phase_max_wint_2/history.csv,0.5449686050415039,anchor_ablation;training_history,52,epoch|loss|loss_pde|loss_bc|loss_bc_kappa|loss_bc_q|loss_norm|loss_integral_norm|loss_phase|loss_peak_slope|loss_peak_curvature|loss_loc_center|loss_loc_spread|loss_first_order_v_energy|loss_first_order_amp_cap|loss_riccati_anchor|loss_q_supervision|loss_riccati_center_kappa|loss_riccati_center_peak|loss_riccati_boundary_band_kappa|loss_riccati_boundary_band_q|loss_riccati_shooting_match|loss_ci_stability_outside|loss_ci_neutrality|loss_ci_low_alpha_zero|loss_ci_smoothness|loss_ci_supervision|stage_w_ci_supervision|stage_neutral_fraction|ci_supervision_neutral_fraction|stage2_started|mapping_scale|ci_mid|audit_ci_mae|audit_ci_max_abs|audit_ci_mean_rel|audit_ci_max_rel|audit_p_rel_l2_mean|audit_p_rel_l2_max|audit_env_rel_mean|audit_env_rel_max|audit_phase_rel_mean|audit_phase_rel_max|audit_peak_shift_mean|audit_peak_shift_max|audit_env_rel_weighted_mean|audit_phase_rel_weighted_mean|audit_peak_shift_weighted_mean|audit_checkpoint_metric|n_focus_alphas|focus_alpha_min|focus_alpha_max
results/subsonic_pinn_integral_norm_ablation_ampphase/alpha_0.200_amplitude_phase_max_wint_4/config.csv,0.002437591552734375,anchor_ablation,113,mach|alpha_min|alpha_max|epochs|learning_rate|hidden_dim|mode_hidden_dim|ci_hidden_dim|mode_depth|ci_depth|fixed_scalar_ci|freeze_ci|activation|fourier_features|fourier_scale|initial_ci|mapping_scale|trainable_mapping_scale|n_interior|n_boundary|n_alpha_supervision|n_anchor_alpha|n_norm_interior|n_reference_alpha|n_audit_alpha|n_mode_audit_alpha|n_mode_audit_y|audit_every|checkpoint_every|enable_classic_ci_supervision|enable_classic_mode_audit|stage_split_epoch|stage2_freeze_ci|stage2_ci_lr_scale|separate_branch_optimizers|detach_ci_in_mode_branch|ci_branch_lr|mode_branch_lr|stage1_w_ci_supervision|stage2_w_ci_supervision|stage1_neutral_fraction|stage2_neutral_fraction|focus_fraction|focus_half_width|neutral_fraction|ci_supervision_neutral_boost|neutral_half_width|error_threshold|mode_error_threshold|max_focus_points|anchor_strategy|anchor_half_width|anchor_max_candidates|mode_center_fraction|mode_center_half_width|w_pde|w_bc|w_bc_kappa|w_bc_q|w_norm|w_integral_norm|w_phase|w_peak_slope|w_peak_curvature|w_loc_center|w_loc_spread|w_first_order_v_energy|w_first_order_amp_cap|first_order_amp_cap|w_ci_supervision|w_ci_stability_outside|w_ci_neutrality|w_ci_low_alpha_zero|w_ci_smoothness|n_ci_spectral_grid|audit_ci_weight|audit_mode_weight|audit_env_weight|audit_phase_weight|audit_peak_weight|phase_mask_fraction|classic_n_points|classic_mapping_scale|classic_xi_max|enforce_mode_symmetry|mode_representation|mode_experts|alpha_split_threshold|riccati_anchor_supervision|riccati_anchor_n_xi|riccati_anchor_every|riccati_anchor_alphas|w_riccati_anchor|w_q_supervision|q_supervision_n_xi|q_supervision_every|q_supervision_alpha_count|w_riccati_center_kappa|w_riccati_center_peak|w_riccati_boundary_band_kappa|w_riccati_boundary_band_q|riccati_center_xi|riccati_boundary_band_points|riccati_boundary_band_start|riccati_boundary_band_end|w_riccati_shooting_match|riccati_shooting_steps|riccati_shooting_xi_boundary|mode_low_alpha_threshold|mode_low_alpha_weight|mode_low_alpha_audit_fraction|output_dir|device
results/subsonic_pinn_integral_norm_ablation_ampphase/alpha_0.200_amplitude_phase_max_wint_4/history.csv,0.5437498092651367,anchor_ablation;training_history,52,epoch|loss|loss_pde|loss_bc|loss_bc_kappa|loss_bc_q|loss_norm|loss_integral_norm|loss_phase|loss_peak_slope|loss_peak_curvature|loss_loc_center|loss_loc_spread|loss_first_order_v_energy|loss_first_order_amp_cap|loss_riccati_anchor|loss_q_supervision|loss_riccati_center_kappa|loss_riccati_center_peak|loss_riccati_boundary_band_kappa|loss_riccati_boundary_band_q|loss_riccati_shooting_match|loss_ci_stability_outside|loss_ci_neutrality|loss_ci_low_alpha_zero|loss_ci_smoothness|loss_ci_supervision|stage_w_ci_supervision|stage_neutral_fraction|ci_supervision_neutral_fraction|stage2_started|mapping_scale|ci_mid|audit_ci_mae|audit_ci_max_abs|audit_ci_mean_rel|audit_ci_max_rel|audit_p_rel_l2_mean|audit_p_rel_l2_max|audit_env_rel_mean|audit_env_rel_max|audit_phase_rel_mean|audit_phase_rel_max|audit_peak_shift_mean|audit_peak_shift_max|audit_env_rel_weighted_mean|audit_phase_rel_weighted_mean|audit_peak_shift_weighted_mean|audit_checkpoint_metric|n_focus_alphas|focus_alpha_min|focus_alpha_max
results/subsonic_pinn_integral_norm_ablation_ampphase/alpha_0.200_amplitude_phase_max_wint_8/config.csv,0.002437591552734375,anchor_ablation,113,mach|alpha_min|alpha_max|epochs|learning_rate|hidden_dim|mode_hidden_dim|ci_hidden_dim|mode_depth|ci_depth|fixed_scalar_ci|freeze_ci|activation|fourier_features|fourier_scale|initial_ci|mapping_scale|trainable_mapping_scale|n_interior|n_boundary|n_alpha_supervision|n_anchor_alpha|n_norm_interior|n_reference_alpha|n_audit_alpha|n_mode_audit_alpha|n_mode_audit_y|audit_every|checkpoint_every|enable_classic_ci_supervision|enable_classic_mode_audit|stage_split_epoch|stage2_freeze_ci|stage2_ci_lr_scale|separate_branch_optimizers|detach_ci_in_mode_branch|ci_branch_lr|mode_branch_lr|stage1_w_ci_supervision|stage2_w_ci_supervision|stage1_neutral_fraction|stage2_neutral_fraction|focus_fraction|focus_half_width|neutral_fraction|ci_supervision_neutral_boost|neutral_half_width|error_threshold|mode_error_threshold|max_focus_points|anchor_strategy|anchor_half_width|anchor_max_candidates|mode_center_fraction|mode_center_half_width|w_pde|w_bc|w_bc_kappa|w_bc_q|w_norm|w_integral_norm|w_phase|w_peak_slope|w_peak_curvature|w_loc_center|w_loc_spread|w_first_order_v_energy|w_first_order_amp_cap|first_order_amp_cap|w_ci_supervision|w_ci_stability_outside|w_ci_neutrality|w_ci_low_alpha_zero|w_ci_smoothness|n_ci_spectral_grid|audit_ci_weight|audit_mode_weight|audit_env_weight|audit_phase_weight|audit_peak_weight|phase_mask_fraction|classic_n_points|classic_mapping_scale|classic_xi_max|enforce_mode_symmetry|mode_representation|mode_experts|alpha_split_threshold|riccati_anchor_supervision|riccati_anchor_n_xi|riccati_anchor_every|riccati_anchor_alphas|w_riccati_anchor|w_q_supervision|q_supervision_n_xi|q_supervision_every|q_supervision_alpha_count|w_riccati_center_kappa|w_riccati_center_peak|w_riccati_boundary_band_kappa|w_riccati_boundary_band_q|riccati_center_xi|riccati_boundary_band_points|riccati_boundary_band_start|riccati_boundary_band_end|w_riccati_shooting_match|riccati_shooting_steps|riccati_shooting_xi_boundary|mode_low_alpha_threshold|mode_low_alpha_weight|mode_low_alpha_audit_fraction|output_dir|device
results/subsonic_pinn_integral_norm_ablation_ampphase/alpha_0.200_amplitude_phase_max_wint_8/history.csv,0.544072151184082,anchor_ablation;training_history,52,epoch|loss|loss_pde|loss_bc|loss_bc_kappa|loss_bc_q|loss_norm|loss_integral_norm|loss_phase|loss_peak_slope|loss_peak_curvature|loss_loc_center|loss_loc_spread|loss_first_order_v_energy|loss_first_order_amp_cap|loss_riccati_anchor|loss_q_supervision|loss_riccati_center_kappa|loss_riccati_center_peak|loss_riccati_boundary_band_kappa|loss_riccati_boundary_band_q|loss_riccati_shooting_match|loss_ci_stability_outside|loss_ci_neutrality|loss_ci_low_alpha_zero|loss_ci_smoothness|loss_ci_supervision|stage_w_ci_supervision|stage_neutral_fraction|ci_supervision_neutral_fraction|stage2_started|mapping_scale|ci_mid|audit_ci_mae|audit_ci_max_abs|audit_ci_mean_rel|audit_ci_max_rel|audit_p_rel_l2_mean|audit_p_rel_l2_max|audit_env_rel_mean|audit_env_rel_max|audit_phase_rel_mean|audit_phase_rel_max|audit_peak_shift_mean|audit_peak_shift_max|audit_env_rel_weighted_mean|audit_phase_rel_weighted_mean|audit_peak_shift_weighted_mean|audit_checkpoint_metric|n_focus_alphas|focus_alpha_min|focus_alpha_max
results/subsonic_pinn_integral_norm_ablation_ampphase/alpha_0.200_amplitude_phase_point_max_wint_0.5/config.csv,0.0024509429931640625,anchor_ablation,113,mach|alpha_min|alpha_max|epochs|learning_rate|hidden_dim|mode_hidden_dim|ci_hidden_dim|mode_depth|ci_depth|fixed_scalar_ci|freeze_ci|activation|fourier_features|fourier_scale|initial_ci|mapping_scale|trainable_mapping_scale|n_interior|n_boundary|n_alpha_supervision|n_anchor_alpha|n_norm_interior|n_reference_alpha|n_audit_alpha|n_mode_audit_alpha|n_mode_audit_y|audit_every|checkpoint_every|enable_classic_ci_supervision|enable_classic_mode_audit|stage_split_epoch|stage2_freeze_ci|stage2_ci_lr_scale|separate_branch_optimizers|detach_ci_in_mode_branch|ci_branch_lr|mode_branch_lr|stage1_w_ci_supervision|stage2_w_ci_supervision|stage1_neutral_fraction|stage2_neutral_fraction|focus_fraction|focus_half_width|neutral_fraction|ci_supervision_neutral_boost|neutral_half_width|error_threshold|mode_error_threshold|max_focus_points|anchor_strategy|anchor_half_width|anchor_max_candidates|mode_center_fraction|mode_center_half_width|w_pde|w_bc|w_bc_kappa|w_bc_q|w_norm|w_integral_norm|w_phase|w_peak_slope|w_peak_curvature|w_loc_center|w_loc_spread|w_first_order_v_energy|w_first_order_amp_cap|first_order_amp_cap|w_ci_supervision|w_ci_stability_outside|w_ci_neutrality|w_ci_low_alpha_zero|w_ci_smoothness|n_ci_spectral_grid|audit_ci_weight|audit_mode_weight|audit_env_weight|audit_phase_weight|audit_peak_weight|phase_mask_fraction|classic_n_points|classic_mapping_scale|classic_xi_max|enforce_mode_symmetry|mode_representation|mode_experts|alpha_split_threshold|riccati_anchor_supervision|riccati_anchor_n_xi|riccati_anchor_every|riccati_anchor_alphas|w_riccati_anchor|w_q_supervision|q_supervision_n_xi|q_supervision_every|q_supervision_alpha_count|w_riccati_center_kappa|w_riccati_center_peak|w_riccati_boundary_band_kappa|w_riccati_boundary_band_q|riccati_center_xi|riccati_boundary_band_points|riccati_boundary_band_start|riccati_boundary_band_end|w_riccati_shooting_match|riccati_shooting_steps|riccati_shooting_xi_boundary|mode_low_alpha_threshold|mode_low_alpha_weight|mode_low_alpha_audit_fraction|output_dir|device
results/subsonic_pinn_integral_norm_ablation_ampphase/alpha_0.200_amplitude_phase_point_max_wint_0.5/history.csv,0.5445899963378906,anchor_ablation;training_history,52,epoch|loss|loss_pde|loss_bc|loss_bc_kappa|loss_bc_q|loss_norm|loss_integral_norm|loss_phase|loss_peak_slope|loss_peak_curvature|loss_loc_center|loss_loc_spread|loss_first_order_v_energy|loss_first_order_amp_cap|loss_riccati_anchor|loss_q_supervision|loss_riccati_center_kappa|loss_riccati_center_peak|loss_riccati_boundary_band_kappa|loss_riccati_boundary_band_q|loss_riccati_shooting_match|loss_ci_stability_outside|loss_ci_neutrality|loss_ci_low_alpha_zero|loss_ci_smoothness|loss_ci_supervision|stage_w_ci_supervision|stage_neutral_fraction|ci_supervision_neutral_fraction|stage2_started|mapping_scale|ci_mid|audit_ci_mae|audit_ci_max_abs|audit_ci_mean_rel|audit_ci_max_rel|audit_p_rel_l2_mean|audit_p_rel_l2_max|audit_env_rel_mean|audit_env_rel_max|audit_phase_rel_mean|audit_phase_rel_max|audit_peak_shift_mean|audit_peak_shift_max|audit_env_rel_weighted_mean|audit_phase_rel_weighted_mean|audit_peak_shift_weighted_mean|audit_checkpoint_metric|n_focus_alphas|focus_alpha_min|focus_alpha_max
results/subsonic_pinn_integral_norm_ablation_ampphase/alpha_0.200_amplitude_phase_point_max_wint_1/config.csv,0.00244903564453125,anchor_ablation,113,mach|alpha_min|alpha_max|epochs|learning_rate|hidden_dim|mode_hidden_dim|ci_hidden_dim|mode_depth|ci_depth|fixed_scalar_ci|freeze_ci|activation|fourier_features|fourier_scale|initial_ci|mapping_scale|trainable_mapping_scale|n_interior|n_boundary|n_alpha_supervision|n_anchor_alpha|n_norm_interior|n_reference_alpha|n_audit_alpha|n_mode_audit_alpha|n_mode_audit_y|audit_every|checkpoint_every|enable_classic_ci_supervision|enable_classic_mode_audit|stage_split_epoch|stage2_freeze_ci|stage2_ci_lr_scale|separate_branch_optimizers|detach_ci_in_mode_branch|ci_branch_lr|mode_branch_lr|stage1_w_ci_supervision|stage2_w_ci_supervision|stage1_neutral_fraction|stage2_neutral_fraction|focus_fraction|focus_half_width|neutral_fraction|ci_supervision_neutral_boost|neutral_half_width|error_threshold|mode_error_threshold|max_focus_points|anchor_strategy|anchor_half_width|anchor_max_candidates|mode_center_fraction|mode_center_half_width|w_pde|w_bc|w_bc_kappa|w_bc_q|w_norm|w_integral_norm|w_phase|w_peak_slope|w_peak_curvature|w_loc_center|w_loc_spread|w_first_order_v_energy|w_first_order_amp_cap|first_order_amp_cap|w_ci_supervision|w_ci_stability_outside|w_ci_neutrality|w_ci_low_alpha_zero|w_ci_smoothness|n_ci_spectral_grid|audit_ci_weight|audit_mode_weight|audit_env_weight|audit_phase_weight|audit_peak_weight|phase_mask_fraction|classic_n_points|classic_mapping_scale|classic_xi_max|enforce_mode_symmetry|mode_representation|mode_experts|alpha_split_threshold|riccati_anchor_supervision|riccati_anchor_n_xi|riccati_anchor_every|riccati_anchor_alphas|w_riccati_anchor|w_q_supervision|q_supervision_n_xi|q_supervision_every|q_supervision_alpha_count|w_riccati_center_kappa|w_riccati_center_peak|w_riccati_boundary_band_kappa|w_riccati_boundary_band_q|riccati_center_xi|riccati_boundary_band_points|riccati_boundary_band_start|riccati_boundary_band_end|w_riccati_shooting_match|riccati_shooting_steps|riccati_shooting_xi_boundary|mode_low_alpha_threshold|mode_low_alpha_weight|mode_low_alpha_audit_fraction|output_dir|device
results/subsonic_pinn_integral_norm_ablation_ampphase/alpha_0.200_amplitude_phase_point_max_wint_1/history.csv,0.5432844161987305,anchor_ablation;training_history,52,epoch|loss|loss_pde|loss_bc|loss_bc_kappa|loss_bc_q|loss_norm|loss_integral_norm|loss_phase|loss_peak_slope|loss_peak_curvature|loss_loc_center|loss_loc_spread|loss_first_order_v_energy|loss_first_order_amp_cap|loss_riccati_anchor|loss_q_supervision|loss_riccati_center_kappa|loss_riccati_center_peak|loss_riccati_boundary_band_kappa|loss_riccati_boundary_band_q|loss_riccati_shooting_match|loss_ci_stability_outside|loss_ci_neutrality|loss_ci_low_alpha_zero|loss_ci_smoothness|loss_ci_supervision|stage_w_ci_supervision|stage_neutral_fraction|ci_supervision_neutral_fraction|stage2_started|mapping_scale|ci_mid|audit_ci_mae|audit_ci_max_abs|audit_ci_mean_rel|audit_ci_max_rel|audit_p_rel_l2_mean|audit_p_rel_l2_max|audit_env_rel_mean|audit_env_rel_max|audit_phase_rel_mean|audit_phase_rel_max|audit_peak_shift_mean|audit_peak_shift_max|audit_env_rel_weighted_mean|audit_phase_rel_weighted_mean|audit_peak_shift_weighted_mean|audit_checkpoint_metric|n_focus_alphas|focus_alpha_min|focus_alpha_max
results/subsonic_pinn_integral_norm_ablation_ampphase/alpha_0.200_amplitude_phase_point_max_wint_2/config.csv,0.00244903564453125,anchor_ablation,113,mach|alpha_min|alpha_max|epochs|learning_rate|hidden_dim|mode_hidden_dim|ci_hidden_dim|mode_depth|ci_depth|fixed_scalar_ci|freeze_ci|activation|fourier_features|fourier_scale|initial_ci|mapping_scale|trainable_mapping_scale|n_interior|n_boundary|n_alpha_supervision|n_anchor_alpha|n_norm_interior|n_reference_alpha|n_audit_alpha|n_mode_audit_alpha|n_mode_audit_y|audit_every|checkpoint_every|enable_classic_ci_supervision|enable_classic_mode_audit|stage_split_epoch|stage2_freeze_ci|stage2_ci_lr_scale|separate_branch_optimizers|detach_ci_in_mode_branch|ci_branch_lr|mode_branch_lr|stage1_w_ci_supervision|stage2_w_ci_supervision|stage1_neutral_fraction|stage2_neutral_fraction|focus_fraction|focus_half_width|neutral_fraction|ci_supervision_neutral_boost|neutral_half_width|error_threshold|mode_error_threshold|max_focus_points|anchor_strategy|anchor_half_width|anchor_max_candidates|mode_center_fraction|mode_center_half_width|w_pde|w_bc|w_bc_kappa|w_bc_q|w_norm|w_integral_norm|w_phase|w_peak_slope|w_peak_curvature|w_loc_center|w_loc_spread|w_first_order_v_energy|w_first_order_amp_cap|first_order_amp_cap|w_ci_supervision|w_ci_stability_outside|w_ci_neutrality|w_ci_low_alpha_zero|w_ci_smoothness|n_ci_spectral_grid|audit_ci_weight|audit_mode_weight|audit_env_weight|audit_phase_weight|audit_peak_weight|phase_mask_fraction|classic_n_points|classic_mapping_scale|classic_xi_max|enforce_mode_symmetry|mode_representation|mode_experts|alpha_split_threshold|riccati_anchor_supervision|riccati_anchor_n_xi|riccati_anchor_every|riccati_anchor_alphas|w_riccati_anchor|w_q_supervision|q_supervision_n_xi|q_supervision_every|q_supervision_alpha_count|w_riccati_center_kappa|w_riccati_center_peak|w_riccati_boundary_band_kappa|w_riccati_boundary_band_q|riccati_center_xi|riccati_boundary_band_points|riccati_boundary_band_start|riccati_boundary_band_end|w_riccati_shooting_match|riccati_shooting_steps|riccati_shooting_xi_boundary|mode_low_alpha_threshold|mode_low_alpha_weight|mode_low_alpha_audit_fraction|output_dir|device
results/subsonic_pinn_integral_norm_ablation_ampphase/alpha_0.200_amplitude_phase_point_max_wint_2/history.csv,0.5427455902099609,anchor_ablation;training_history,52,epoch|loss|loss_pde|loss_bc|loss_bc_kappa|loss_bc_q|loss_norm|loss_integral_norm|loss_phase|loss_peak_slope|loss_peak_curvature|loss_loc_center|loss_loc_spread|loss_first_order_v_energy|loss_first_order_amp_cap|loss_riccati_anchor|loss_q_supervision|loss_riccati_center_kappa|loss_riccati_center_peak|loss_riccati_boundary_band_kappa|loss_riccati_boundary_band_q|loss_riccati_shooting_match|loss_ci_stability_outside|loss_ci_neutrality|loss_ci_low_alpha_zero|loss_ci_smoothness|loss_ci_supervision|stage_w_ci_supervision|stage_neutral_fraction|ci_supervision_neutral_fraction|stage2_started|mapping_scale|ci_mid|audit_ci_mae|audit_ci_max_abs|audit_ci_mean_rel|audit_ci_max_rel|audit_p_rel_l2_mean|audit_p_rel_l2_max|audit_env_rel_mean|audit_env_rel_max|audit_phase_rel_mean|audit_phase_rel_max|audit_peak_shift_mean|audit_peak_shift_max|audit_env_rel_weighted_mean|audit_phase_rel_weighted_mean|audit_peak_shift_weighted_mean|audit_checkpoint_metric|n_focus_alphas|focus_alpha_min|focus_alpha_max
results/subsonic_pinn_integral_norm_ablation_ampphase/alpha_0.200_amplitude_phase_point_max_wint_4/config.csv,0.00244903564453125,anchor_ablation,113,mach|alpha_min|alpha_max|epochs|learning_rate|hidden_dim|mode_hidden_dim|ci_hidden_dim|mode_depth|ci_depth|fixed_scalar_ci|freeze_ci|activation|fourier_features|fourier_scale|initial_ci|mapping_scale|trainable_mapping_scale|n_interior|n_boundary|n_alpha_supervision|n_anchor_alpha|n_norm_interior|n_reference_alpha|n_audit_alpha|n_mode_audit_alpha|n_mode_audit_y|audit_every|checkpoint_every|enable_classic_ci_supervision|enable_classic_mode_audit|stage_split_epoch|stage2_freeze_ci|stage2_ci_lr_scale|separate_branch_optimizers|detach_ci_in_mode_branch|ci_branch_lr|mode_branch_lr|stage1_w_ci_supervision|stage2_w_ci_supervision|stage1_neutral_fraction|stage2_neutral_fraction|focus_fraction|focus_half_width|neutral_fraction|ci_supervision_neutral_boost|neutral_half_width|error_threshold|mode_error_threshold|max_focus_points|anchor_strategy|anchor_half_width|anchor_max_candidates|mode_center_fraction|mode_center_half_width|w_pde|w_bc|w_bc_kappa|w_bc_q|w_norm|w_integral_norm|w_phase|w_peak_slope|w_peak_curvature|w_loc_center|w_loc_spread|w_first_order_v_energy|w_first_order_amp_cap|first_order_amp_cap|w_ci_supervision|w_ci_stability_outside|w_ci_neutrality|w_ci_low_alpha_zero|w_ci_smoothness|n_ci_spectral_grid|audit_ci_weight|audit_mode_weight|audit_env_weight|audit_phase_weight|audit_peak_weight|phase_mask_fraction|classic_n_points|classic_mapping_scale|classic_xi_max|enforce_mode_symmetry|mode_representation|mode_experts|alpha_split_threshold|riccati_anchor_supervision|riccati_anchor_n_xi|riccati_anchor_every|riccati_anchor_alphas|w_riccati_anchor|w_q_supervision|q_supervision_n_xi|q_supervision_every|q_supervision_alpha_count|w_riccati_center_kappa|w_riccati_center_peak|w_riccati_boundary_band_kappa|w_riccati_boundary_band_q|riccati_center_xi|riccati_boundary_band_points|riccati_boundary_band_start|riccati_boundary_band_end|w_riccati_shooting_match|riccati_shooting_steps|riccati_shooting_xi_boundary|mode_low_alpha_threshold|mode_low_alpha_weight|mode_low_alpha_audit_fraction|output_dir|device
results/subsonic_pinn_integral_norm_ablation_ampphase/alpha_0.200_amplitude_phase_point_max_wint_4/history.csv,0.5420455932617188,anchor_ablation;training_history,52,epoch|loss|loss_pde|loss_bc|loss_bc_kappa|loss_bc_q|loss_norm|loss_integral_norm|loss_phase|loss_peak_slope|loss_peak_curvature|loss_loc_center|loss_loc_spread|loss_first_order_v_energy|loss_first_order_amp_cap|loss_riccati_anchor|loss_q_supervision|loss_riccati_center_kappa|loss_riccati_center_peak|loss_riccati_boundary_band_kappa|loss_riccati_boundary_band_q|loss_riccati_shooting_match|loss_ci_stability_outside|loss_ci_neutrality|loss_ci_low_alpha_zero|loss_ci_smoothness|loss_ci_supervision|stage_w_ci_supervision|stage_neutral_fraction|ci_supervision_neutral_fraction|stage2_started|mapping_scale|ci_mid|audit_ci_mae|audit_ci_max_abs|audit_ci_mean_rel|audit_ci_max_rel|audit_p_rel_l2_mean|audit_p_rel_l2_max|audit_env_rel_mean|audit_env_rel_max|audit_phase_rel_mean|audit_phase_rel_max|audit_peak_shift_mean|audit_peak_shift_max|audit_env_rel_weighted_mean|audit_phase_rel_weighted_mean|audit_peak_shift_weighted_mean|audit_checkpoint_metric|n_focus_alphas|focus_alpha_min|focus_alpha_max
results/subsonic_pinn_integral_norm_ablation_ampphase/alpha_0.200_amplitude_phase_point_max_wint_8/config.csv,0.00244903564453125,anchor_ablation,113,mach|alpha_min|alpha_max|epochs|learning_rate|hidden_dim|mode_hidden_dim|ci_hidden_dim|mode_depth|ci_depth|fixed_scalar_ci|freeze_ci|activation|fourier_features|fourier_scale|initial_ci|mapping_scale|trainable_mapping_scale|n_interior|n_boundary|n_alpha_supervision|n_anchor_alpha|n_norm_interior|n_reference_alpha|n_audit_alpha|n_mode_audit_alpha|n_mode_audit_y|audit_every|checkpoint_every|enable_classic_ci_supervision|enable_classic_mode_audit|stage_split_epoch|stage2_freeze_ci|stage2_ci_lr_scale|separate_branch_optimizers|detach_ci_in_mode_branch|ci_branch_lr|mode_branch_lr|stage1_w_ci_supervision|stage2_w_ci_supervision|stage1_neutral_fraction|stage2_neutral_fraction|focus_fraction|focus_half_width|neutral_fraction|ci_supervision_neutral_boost|neutral_half_width|error_threshold|mode_error_threshold|max_focus_points|anchor_strategy|anchor_half_width|anchor_max_candidates|mode_center_fraction|mode_center_half_width|w_pde|w_bc|w_bc_kappa|w_bc_q|w_norm|w_integral_norm|w_phase|w_peak_slope|w_peak_curvature|w_loc_center|w_loc_spread|w_first_order_v_energy|w_first_order_amp_cap|first_order_amp_cap|w_ci_supervision|w_ci_stability_outside|w_ci_neutrality|w_ci_low_alpha_zero|w_ci_smoothness|n_ci_spectral_grid|audit_ci_weight|audit_mode_weight|audit_env_weight|audit_phase_weight|audit_peak_weight|phase_mask_fraction|classic_n_points|classic_mapping_scale|classic_xi_max|enforce_mode_symmetry|mode_representation|mode_experts|alpha_split_threshold|riccati_anchor_supervision|riccati_anchor_n_xi|riccati_anchor_every|riccati_anchor_alphas|w_riccati_anchor|w_q_supervision|q_supervision_n_xi|q_supervision_every|q_supervision_alpha_count|w_riccati_center_kappa|w_riccati_center_peak|w_riccati_boundary_band_kappa|w_riccati_boundary_band_q|riccati_center_xi|riccati_boundary_band_points|riccati_boundary_band_start|riccati_boundary_band_end|w_riccati_shooting_match|riccati_shooting_steps|riccati_shooting_xi_boundary|mode_low_alpha_threshold|mode_low_alpha_weight|mode_low_alpha_audit_fraction|output_dir|device
results/subsonic_pinn_integral_norm_ablation_ampphase/alpha_0.200_amplitude_phase_point_max_wint_8/history.csv,0.5409088134765625,anchor_ablation;training_history,52,epoch|loss|loss_pde|loss_bc|loss_bc_kappa|loss_bc_q|loss_norm|loss_integral_norm|loss_phase|loss_peak_slope|loss_peak_curvature|loss_loc_center|loss_loc_spread|loss_first_order_v_energy|loss_first_order_amp_cap|loss_riccati_anchor|loss_q_supervision|loss_riccati_center_kappa|loss_riccati_center_peak|loss_riccati_boundary_band_kappa|loss_riccati_boundary_band_q|loss_riccati_shooting_match|loss_ci_stability_outside|loss_ci_neutrality|loss_ci_low_alpha_zero|loss_ci_smoothness|loss_ci_supervision|stage_w_ci_supervision|stage_neutral_fraction|ci_supervision_neutral_fraction|stage2_started|mapping_scale|ci_mid|audit_ci_mae|audit_ci_max_abs|audit_ci_mean_rel|audit_ci_max_rel|audit_p_rel_l2_mean|audit_p_rel_l2_max|audit_env_rel_mean|audit_env_rel_max|audit_phase_rel_mean|audit_phase_rel_max|audit_peak_shift_mean|audit_peak_shift_max|audit_env_rel_weighted_mean|audit_phase_rel_weighted_mean|audit_peak_shift_weighted_mean|audit_checkpoint_metric|n_focus_alphas|focus_alpha_min|focus_alpha_max
results/subsonic_pinn_integral_norm_ablation_ampphase/alpha_0.500_amplitude_phase_max_wint_0.5/config.csv,0.0024394989013671875,anchor_ablation,113,mach|alpha_min|alpha_max|epochs|learning_rate|hidden_dim|mode_hidden_dim|ci_hidden_dim|mode_depth|ci_depth|fixed_scalar_ci|freeze_ci|activation|fourier_features|fourier_scale|initial_ci|mapping_scale|trainable_mapping_scale|n_interior|n_boundary|n_alpha_supervision|n_anchor_alpha|n_norm_interior|n_reference_alpha|n_audit_alpha|n_mode_audit_alpha|n_mode_audit_y|audit_every|checkpoint_every|enable_classic_ci_supervision|enable_classic_mode_audit|stage_split_epoch|stage2_freeze_ci|stage2_ci_lr_scale|separate_branch_optimizers|detach_ci_in_mode_branch|ci_branch_lr|mode_branch_lr|stage1_w_ci_supervision|stage2_w_ci_supervision|stage1_neutral_fraction|stage2_neutral_fraction|focus_fraction|focus_half_width|neutral_fraction|ci_supervision_neutral_boost|neutral_half_width|error_threshold|mode_error_threshold|max_focus_points|anchor_strategy|anchor_half_width|anchor_max_candidates|mode_center_fraction|mode_center_half_width|w_pde|w_bc|w_bc_kappa|w_bc_q|w_norm|w_integral_norm|w_phase|w_peak_slope|w_peak_curvature|w_loc_center|w_loc_spread|w_first_order_v_energy|w_first_order_amp_cap|first_order_amp_cap|w_ci_supervision|w_ci_stability_outside|w_ci_neutrality|w_ci_low_alpha_zero|w_ci_smoothness|n_ci_spectral_grid|audit_ci_weight|audit_mode_weight|audit_env_weight|audit_phase_weight|audit_peak_weight|phase_mask_fraction|classic_n_points|classic_mapping_scale|classic_xi_max|enforce_mode_symmetry|mode_representation|mode_experts|alpha_split_threshold|riccati_anchor_supervision|riccati_anchor_n_xi|riccati_anchor_every|riccati_anchor_alphas|w_riccati_anchor|w_q_supervision|q_supervision_n_xi|q_supervision_every|q_supervision_alpha_count|w_riccati_center_kappa|w_riccati_center_peak|w_riccati_boundary_band_kappa|w_riccati_boundary_band_q|riccati_center_xi|riccati_boundary_band_points|riccati_boundary_band_start|riccati_boundary_band_end|w_riccati_shooting_match|riccati_shooting_steps|riccati_shooting_xi_boundary|mode_low_alpha_threshold|mode_low_alpha_weight|mode_low_alpha_audit_fraction|output_dir|device
results/subsonic_pinn_integral_norm_ablation_ampphase/alpha_0.500_amplitude_phase_max_wint_0.5/history.csv,0.5448675155639648,anchor_ablation;training_history,52,epoch|loss|loss_pde|loss_bc|loss_bc_kappa|loss_bc_q|loss_norm|loss_integral_norm|loss_phase|loss_peak_slope|loss_peak_curvature|loss_loc_center|loss_loc_spread|loss_first_order_v_energy|loss_first_order_amp_cap|loss_riccati_anchor|loss_q_supervision|loss_riccati_center_kappa|loss_riccati_center_peak|loss_riccati_boundary_band_kappa|loss_riccati_boundary_band_q|loss_riccati_shooting_match|loss_ci_stability_outside|loss_ci_neutrality|loss_ci_low_alpha_zero|loss_ci_smoothness|loss_ci_supervision|stage_w_ci_supervision|stage_neutral_fraction|ci_supervision_neutral_fraction|stage2_started|mapping_scale|ci_mid|audit_ci_mae|audit_ci_max_abs|audit_ci_mean_rel|audit_ci_max_rel|audit_p_rel_l2_mean|audit_p_rel_l2_max|audit_env_rel_mean|audit_env_rel_max|audit_phase_rel_mean|audit_phase_rel_max|audit_peak_shift_mean|audit_peak_shift_max|audit_env_rel_weighted_mean|audit_phase_rel_weighted_mean|audit_peak_shift_weighted_mean|audit_checkpoint_metric|n_focus_alphas|focus_alpha_min|focus_alpha_max
results/subsonic_pinn_integral_norm_ablation_ampphase/alpha_0.500_amplitude_phase_max_wint_1/config.csv,0.002437591552734375,anchor_ablation,113,mach|alpha_min|alpha_max|epochs|learning_rate|hidden_dim|mode_hidden_dim|ci_hidden_dim|mode_depth|ci_depth|fixed_scalar_ci|freeze_ci|activation|fourier_features|fourier_scale|initial_ci|mapping_scale|trainable_mapping_scale|n_interior|n_boundary|n_alpha_supervision|n_anchor_alpha|n_norm_interior|n_reference_alpha|n_audit_alpha|n_mode_audit_alpha|n_mode_audit_y|audit_every|checkpoint_every|enable_classic_ci_supervision|enable_classic_mode_audit|stage_split_epoch|stage2_freeze_ci|stage2_ci_lr_scale|separate_branch_optimizers|detach_ci_in_mode_branch|ci_branch_lr|mode_branch_lr|stage1_w_ci_supervision|stage2_w_ci_supervision|stage1_neutral_fraction|stage2_neutral_fraction|focus_fraction|focus_half_width|neutral_fraction|ci_supervision_neutral_boost|neutral_half_width|error_threshold|mode_error_threshold|max_focus_points|anchor_strategy|anchor_half_width|anchor_max_candidates|mode_center_fraction|mode_center_half_width|w_pde|w_bc|w_bc_kappa|w_bc_q|w_norm|w_integral_norm|w_phase|w_peak_slope|w_peak_curvature|w_loc_center|w_loc_spread|w_first_order_v_energy|w_first_order_amp_cap|first_order_amp_cap|w_ci_supervision|w_ci_stability_outside|w_ci_neutrality|w_ci_low_alpha_zero|w_ci_smoothness|n_ci_spectral_grid|audit_ci_weight|audit_mode_weight|audit_env_weight|audit_phase_weight|audit_peak_weight|phase_mask_fraction|classic_n_points|classic_mapping_scale|classic_xi_max|enforce_mode_symmetry|mode_representation|mode_experts|alpha_split_threshold|riccati_anchor_supervision|riccati_anchor_n_xi|riccati_anchor_every|riccati_anchor_alphas|w_riccati_anchor|w_q_supervision|q_supervision_n_xi|q_supervision_every|q_supervision_alpha_count|w_riccati_center_kappa|w_riccati_center_peak|w_riccati_boundary_band_kappa|w_riccati_boundary_band_q|riccati_center_xi|riccati_boundary_band_points|riccati_boundary_band_start|riccati_boundary_band_end|w_riccati_shooting_match|riccati_shooting_steps|riccati_shooting_xi_boundary|mode_low_alpha_threshold|mode_low_alpha_weight|mode_low_alpha_audit_fraction|output_dir|device
results/subsonic_pinn_integral_norm_ablation_ampphase/alpha_0.500_amplitude_phase_max_wint_1/history.csv,0.5433769226074219,anchor_ablation;training_history,52,epoch|loss|loss_pde|loss_bc|loss_bc_kappa|loss_bc_q|loss_norm|loss_integral_norm|loss_phase|loss_peak_slope|loss_peak_curvature|loss_loc_center|loss_loc_spread|loss_first_order_v_energy|loss_first_order_amp_cap|loss_riccati_anchor|loss_q_supervision|loss_riccati_center_kappa|loss_riccati_center_peak|loss_riccati_boundary_band_kappa|loss_riccati_boundary_band_q|loss_riccati_shooting_match|loss_ci_stability_outside|loss_ci_neutrality|loss_ci_low_alpha_zero|loss_ci_smoothness|loss_ci_supervision|stage_w_ci_supervision|stage_neutral_fraction|ci_supervision_neutral_fraction|stage2_started|mapping_scale|ci_mid|audit_ci_mae|audit_ci_max_abs|audit_ci_mean_rel|audit_ci_max_rel|audit_p_rel_l2_mean|audit_p_rel_l2_max|audit_env_rel_mean|audit_env_rel_max|audit_phase_rel_mean|audit_phase_rel_max|audit_peak_shift_mean|audit_peak_shift_max|audit_env_rel_weighted_mean|audit_phase_rel_weighted_mean|audit_peak_shift_weighted_mean|audit_checkpoint_metric|n_focus_alphas|focus_alpha_min|focus_alpha_max
results/subsonic_pinn_integral_norm_ablation_ampphase/alpha_0.500_amplitude_phase_max_wint_2/config.csv,0.002437591552734375,anchor_ablation,113,mach|alpha_min|alpha_max|epochs|learning_rate|hidden_dim|mode_hidden_dim|ci_hidden_dim|mode_depth|ci_depth|fixed_scalar_ci|freeze_ci|activation|fourier_features|fourier_scale|initial_ci|mapping_scale|trainable_mapping_scale|n_interior|n_boundary|n_alpha_supervision|n_anchor_alpha|n_norm_interior|n_reference_alpha|n_audit_alpha|n_mode_audit_alpha|n_mode_audit_y|audit_every|checkpoint_every|enable_classic_ci_supervision|enable_classic_mode_audit|stage_split_epoch|stage2_freeze_ci|stage2_ci_lr_scale|separate_branch_optimizers|detach_ci_in_mode_branch|ci_branch_lr|mode_branch_lr|stage1_w_ci_supervision|stage2_w_ci_supervision|stage1_neutral_fraction|stage2_neutral_fraction|focus_fraction|focus_half_width|neutral_fraction|ci_supervision_neutral_boost|neutral_half_width|error_threshold|mode_error_threshold|max_focus_points|anchor_strategy|anchor_half_width|anchor_max_candidates|mode_center_fraction|mode_center_half_width|w_pde|w_bc|w_bc_kappa|w_bc_q|w_norm|w_integral_norm|w_phase|w_peak_slope|w_peak_curvature|w_loc_center|w_loc_spread|w_first_order_v_energy|w_first_order_amp_cap|first_order_amp_cap|w_ci_supervision|w_ci_stability_outside|w_ci_neutrality|w_ci_low_alpha_zero|w_ci_smoothness|n_ci_spectral_grid|audit_ci_weight|audit_mode_weight|audit_env_weight|audit_phase_weight|audit_peak_weight|phase_mask_fraction|classic_n_points|classic_mapping_scale|classic_xi_max|enforce_mode_symmetry|mode_representation|mode_experts|alpha_split_threshold|riccati_anchor_supervision|riccati_anchor_n_xi|riccati_anchor_every|riccati_anchor_alphas|w_riccati_anchor|w_q_supervision|q_supervision_n_xi|q_supervision_every|q_supervision_alpha_count|w_riccati_center_kappa|w_riccati_center_peak|w_riccati_boundary_band_kappa|w_riccati_boundary_band_q|riccati_center_xi|riccati_boundary_band_points|riccati_boundary_band_start|riccati_boundary_band_end|w_riccati_shooting_match|riccati_shooting_steps|riccati_shooting_xi_boundary|mode_low_alpha_threshold|mode_low_alpha_weight|mode_low_alpha_audit_fraction|output_dir|device
results/subsonic_pinn_integral_norm_ablation_ampphase/alpha_0.500_amplitude_phase_max_wint_2/history.csv,0.5437231063842773,anchor_ablation;training_history,52,epoch|loss|loss_pde|loss_bc|loss_bc_kappa|loss_bc_q|loss_norm|loss_integral_norm|loss_phase|loss_peak_slope|loss_peak_curvature|loss_loc_center|loss_loc_spread|loss_first_order_v_energy|loss_first_order_amp_cap|loss_riccati_anchor|loss_q_supervision|loss_riccati_center_kappa|loss_riccati_center_peak|loss_riccati_boundary_band_kappa|loss_riccati_boundary_band_q|loss_riccati_shooting_match|loss_ci_stability_outside|loss_ci_neutrality|loss_ci_low_alpha_zero|loss_ci_smoothness|loss_ci_supervision|stage_w_ci_supervision|stage_neutral_fraction|ci_supervision_neutral_fraction|stage2_started|mapping_scale|ci_mid|audit_ci_mae|audit_ci_max_abs|audit_ci_mean_rel|audit_ci_max_rel|audit_p_rel_l2_mean|audit_p_rel_l2_max|audit_env_rel_mean|audit_env_rel_max|audit_phase_rel_mean|audit_phase_rel_max|audit_peak_shift_mean|audit_peak_shift_max|audit_env_rel_weighted_mean|audit_phase_rel_weighted_mean|audit_peak_shift_weighted_mean|audit_checkpoint_metric|n_focus_alphas|focus_alpha_min|focus_alpha_max
results/subsonic_pinn_integral_norm_ablation_ampphase/alpha_0.500_amplitude_phase_max_wint_4/config.csv,0.002437591552734375,anchor_ablation,113,mach|alpha_min|alpha_max|epochs|learning_rate|hidden_dim|mode_hidden_dim|ci_hidden_dim|mode_depth|ci_depth|fixed_scalar_ci|freeze_ci|activation|fourier_features|fourier_scale|initial_ci|mapping_scale|trainable_mapping_scale|n_interior|n_boundary|n_alpha_supervision|n_anchor_alpha|n_norm_interior|n_reference_alpha|n_audit_alpha|n_mode_audit_alpha|n_mode_audit_y|audit_every|checkpoint_every|enable_classic_ci_supervision|enable_classic_mode_audit|stage_split_epoch|stage2_freeze_ci|stage2_ci_lr_scale|separate_branch_optimizers|detach_ci_in_mode_branch|ci_branch_lr|mode_branch_lr|stage1_w_ci_supervision|stage2_w_ci_supervision|stage1_neutral_fraction|stage2_neutral_fraction|focus_fraction|focus_half_width|neutral_fraction|ci_supervision_neutral_boost|neutral_half_width|error_threshold|mode_error_threshold|max_focus_points|anchor_strategy|anchor_half_width|anchor_max_candidates|mode_center_fraction|mode_center_half_width|w_pde|w_bc|w_bc_kappa|w_bc_q|w_norm|w_integral_norm|w_phase|w_peak_slope|w_peak_curvature|w_loc_center|w_loc_spread|w_first_order_v_energy|w_first_order_amp_cap|first_order_amp_cap|w_ci_supervision|w_ci_stability_outside|w_ci_neutrality|w_ci_low_alpha_zero|w_ci_smoothness|n_ci_spectral_grid|audit_ci_weight|audit_mode_weight|audit_env_weight|audit_phase_weight|audit_peak_weight|phase_mask_fraction|classic_n_points|classic_mapping_scale|classic_xi_max|enforce_mode_symmetry|mode_representation|mode_experts|alpha_split_threshold|riccati_anchor_supervision|riccati_anchor_n_xi|riccati_anchor_every|riccati_anchor_alphas|w_riccati_anchor|w_q_supervision|q_supervision_n_xi|q_supervision_every|q_supervision_alpha_count|w_riccati_center_kappa|w_riccati_center_peak|w_riccati_boundary_band_kappa|w_riccati_boundary_band_q|riccati_center_xi|riccati_boundary_band_points|riccati_boundary_band_start|riccati_boundary_band_end|w_riccati_shooting_match|riccati_shooting_steps|riccati_shooting_xi_boundary|mode_low_alpha_threshold|mode_low_alpha_weight|mode_low_alpha_audit_fraction|output_dir|device
results/subsonic_pinn_integral_norm_ablation_ampphase/alpha_0.500_amplitude_phase_max_wint_4/history.csv,0.5439596176147461,anchor_ablation;training_history,52,epoch|loss|loss_pde|loss_bc|loss_bc_kappa|loss_bc_q|loss_norm|loss_integral_norm|loss_phase|loss_peak_slope|loss_peak_curvature|loss_loc_center|loss_loc_spread|loss_first_order_v_energy|loss_first_order_amp_cap|loss_riccati_anchor|loss_q_supervision|loss_riccati_center_kappa|loss_riccati_center_peak|loss_riccati_boundary_band_kappa|loss_riccati_boundary_band_q|loss_riccati_shooting_match|loss_ci_stability_outside|loss_ci_neutrality|loss_ci_low_alpha_zero|loss_ci_smoothness|loss_ci_supervision|stage_w_ci_supervision|stage_neutral_fraction|ci_supervision_neutral_fraction|stage2_started|mapping_scale|ci_mid|audit_ci_mae|audit_ci_max_abs|audit_ci_mean_rel|audit_ci_max_rel|audit_p_rel_l2_mean|audit_p_rel_l2_max|audit_env_rel_mean|audit_env_rel_max|audit_phase_rel_mean|audit_phase_rel_max|audit_peak_shift_mean|audit_peak_shift_max|audit_env_rel_weighted_mean|audit_phase_rel_weighted_mean|audit_peak_shift_weighted_mean|audit_checkpoint_metric|n_focus_alphas|focus_alpha_min|focus_alpha_max
results/subsonic_pinn_integral_norm_ablation_ampphase/alpha_0.500_amplitude_phase_max_wint_8/config.csv,0.002437591552734375,anchor_ablation,113,mach|alpha_min|alpha_max|epochs|learning_rate|hidden_dim|mode_hidden_dim|ci_hidden_dim|mode_depth|ci_depth|fixed_scalar_ci|freeze_ci|activation|fourier_features|fourier_scale|initial_ci|mapping_scale|trainable_mapping_scale|n_interior|n_boundary|n_alpha_supervision|n_anchor_alpha|n_norm_interior|n_reference_alpha|n_audit_alpha|n_mode_audit_alpha|n_mode_audit_y|audit_every|checkpoint_every|enable_classic_ci_supervision|enable_classic_mode_audit|stage_split_epoch|stage2_freeze_ci|stage2_ci_lr_scale|separate_branch_optimizers|detach_ci_in_mode_branch|ci_branch_lr|mode_branch_lr|stage1_w_ci_supervision|stage2_w_ci_supervision|stage1_neutral_fraction|stage2_neutral_fraction|focus_fraction|focus_half_width|neutral_fraction|ci_supervision_neutral_boost|neutral_half_width|error_threshold|mode_error_threshold|max_focus_points|anchor_strategy|anchor_half_width|anchor_max_candidates|mode_center_fraction|mode_center_half_width|w_pde|w_bc|w_bc_kappa|w_bc_q|w_norm|w_integral_norm|w_phase|w_peak_slope|w_peak_curvature|w_loc_center|w_loc_spread|w_first_order_v_energy|w_first_order_amp_cap|first_order_amp_cap|w_ci_supervision|w_ci_stability_outside|w_ci_neutrality|w_ci_low_alpha_zero|w_ci_smoothness|n_ci_spectral_grid|audit_ci_weight|audit_mode_weight|audit_env_weight|audit_phase_weight|audit_peak_weight|phase_mask_fraction|classic_n_points|classic_mapping_scale|classic_xi_max|enforce_mode_symmetry|mode_representation|mode_experts|alpha_split_threshold|riccati_anchor_supervision|riccati_anchor_n_xi|riccati_anchor_every|riccati_anchor_alphas|w_riccati_anchor|w_q_supervision|q_supervision_n_xi|q_supervision_every|q_supervision_alpha_count|w_riccati_center_kappa|w_riccati_center_peak|w_riccati_boundary_band_kappa|w_riccati_boundary_band_q|riccati_center_xi|riccati_boundary_band_points|riccati_boundary_band_start|riccati_boundary_band_end|w_riccati_shooting_match|riccati_shooting_steps|riccati_shooting_xi_boundary|mode_low_alpha_threshold|mode_low_alpha_weight|mode_low_alpha_audit_fraction|output_dir|device
results/subsonic_pinn_integral_norm_ablation_ampphase/alpha_0.500_amplitude_phase_max_wint_8/history.csv,0.5432329177856445,anchor_ablation;training_history,52,epoch|loss|loss_pde|loss_bc|loss_bc_kappa|loss_bc_q|loss_norm|loss_integral_norm|loss_phase|loss_peak_slope|loss_peak_curvature|loss_loc_center|loss_loc_spread|loss_first_order_v_energy|loss_first_order_amp_cap|loss_riccati_anchor|loss_q_supervision|loss_riccati_center_kappa|loss_riccati_center_peak|loss_riccati_boundary_band_kappa|loss_riccati_boundary_band_q|loss_riccati_shooting_match|loss_ci_stability_outside|loss_ci_neutrality|loss_ci_low_alpha_zero|loss_ci_smoothness|loss_ci_supervision|stage_w_ci_supervision|stage_neutral_fraction|ci_supervision_neutral_fraction|stage2_started|mapping_scale|ci_mid|audit_ci_mae|audit_ci_max_abs|audit_ci_mean_rel|audit_ci_max_rel|audit_p_rel_l2_mean|audit_p_rel_l2_max|audit_env_rel_mean|audit_env_rel_max|audit_phase_rel_mean|audit_phase_rel_max|audit_peak_shift_mean|audit_peak_shift_max|audit_env_rel_weighted_mean|audit_phase_rel_weighted_mean|audit_peak_shift_weighted_mean|audit_checkpoint_metric|n_focus_alphas|focus_alpha_min|focus_alpha_max
results/subsonic_pinn_integral_norm_ablation_ampphase/alpha_0.500_amplitude_phase_point_max_wint_0.5/config.csv,0.0024509429931640625,anchor_ablation,113,mach|alpha_min|alpha_max|epochs|learning_rate|hidden_dim|mode_hidden_dim|ci_hidden_dim|mode_depth|ci_depth|fixed_scalar_ci|freeze_ci|activation|fourier_features|fourier_scale|initial_ci|mapping_scale|trainable_mapping_scale|n_interior|n_boundary|n_alpha_supervision|n_anchor_alpha|n_norm_interior|n_reference_alpha|n_audit_alpha|n_mode_audit_alpha|n_mode_audit_y|audit_every|checkpoint_every|enable_classic_ci_supervision|enable_classic_mode_audit|stage_split_epoch|stage2_freeze_ci|stage2_ci_lr_scale|separate_branch_optimizers|detach_ci_in_mode_branch|ci_branch_lr|mode_branch_lr|stage1_w_ci_supervision|stage2_w_ci_supervision|stage1_neutral_fraction|stage2_neutral_fraction|focus_fraction|focus_half_width|neutral_fraction|ci_supervision_neutral_boost|neutral_half_width|error_threshold|mode_error_threshold|max_focus_points|anchor_strategy|anchor_half_width|anchor_max_candidates|mode_center_fraction|mode_center_half_width|w_pde|w_bc|w_bc_kappa|w_bc_q|w_norm|w_integral_norm|w_phase|w_peak_slope|w_peak_curvature|w_loc_center|w_loc_spread|w_first_order_v_energy|w_first_order_amp_cap|first_order_amp_cap|w_ci_supervision|w_ci_stability_outside|w_ci_neutrality|w_ci_low_alpha_zero|w_ci_smoothness|n_ci_spectral_grid|audit_ci_weight|audit_mode_weight|audit_env_weight|audit_phase_weight|audit_peak_weight|phase_mask_fraction|classic_n_points|classic_mapping_scale|classic_xi_max|enforce_mode_symmetry|mode_representation|mode_experts|alpha_split_threshold|riccati_anchor_supervision|riccati_anchor_n_xi|riccati_anchor_every|riccati_anchor_alphas|w_riccati_anchor|w_q_supervision|q_supervision_n_xi|q_supervision_every|q_supervision_alpha_count|w_riccati_center_kappa|w_riccati_center_peak|w_riccati_boundary_band_kappa|w_riccati_boundary_band_q|riccati_center_xi|riccati_boundary_band_points|riccati_boundary_band_start|riccati_boundary_band_end|w_riccati_shooting_match|riccati_shooting_steps|riccati_shooting_xi_boundary|mode_low_alpha_threshold|mode_low_alpha_weight|mode_low_alpha_audit_fraction|output_dir|device
results/subsonic_pinn_integral_norm_ablation_ampphase/alpha_0.500_amplitude_phase_point_max_wint_0.5/history.csv,0.5410728454589844,anchor_ablation;training_history,52,epoch|loss|loss_pde|loss_bc|loss_bc_kappa|loss_bc_q|loss_norm|loss_integral_norm|loss_phase|loss_peak_slope|loss_peak_curvature|loss_loc_center|loss_loc_spread|loss_first_order_v_energy|loss_first_order_amp_cap|loss_riccati_anchor|loss_q_supervision|loss_riccati_center_kappa|loss_riccati_center_peak|loss_riccati_boundary_band_kappa|loss_riccati_boundary_band_q|loss_riccati_shooting_match|loss_ci_stability_outside|loss_ci_neutrality|loss_ci_low_alpha_zero|loss_ci_smoothness|loss_ci_supervision|stage_w_ci_supervision|stage_neutral_fraction|ci_supervision_neutral_fraction|stage2_started|mapping_scale|ci_mid|audit_ci_mae|audit_ci_max_abs|audit_ci_mean_rel|audit_ci_max_rel|audit_p_rel_l2_mean|audit_p_rel_l2_max|audit_env_rel_mean|audit_env_rel_max|audit_phase_rel_mean|audit_phase_rel_max|audit_peak_shift_mean|audit_peak_shift_max|audit_env_rel_weighted_mean|audit_phase_rel_weighted_mean|audit_peak_shift_weighted_mean|audit_checkpoint_metric|n_focus_alphas|focus_alpha_min|focus_alpha_max
results/subsonic_pinn_integral_norm_ablation_ampphase/alpha_0.500_amplitude_phase_point_max_wint_1/config.csv,0.00244903564453125,anchor_ablation,113,mach|alpha_min|alpha_max|epochs|learning_rate|hidden_dim|mode_hidden_dim|ci_hidden_dim|mode_depth|ci_depth|fixed_scalar_ci|freeze_ci|activation|fourier_features|fourier_scale|initial_ci|mapping_scale|trainable_mapping_scale|n_interior|n_boundary|n_alpha_supervision|n_anchor_alpha|n_norm_interior|n_reference_alpha|n_audit_alpha|n_mode_audit_alpha|n_mode_audit_y|audit_every|checkpoint_every|enable_classic_ci_supervision|enable_classic_mode_audit|stage_split_epoch|stage2_freeze_ci|stage2_ci_lr_scale|separate_branch_optimizers|detach_ci_in_mode_branch|ci_branch_lr|mode_branch_lr|stage1_w_ci_supervision|stage2_w_ci_supervision|stage1_neutral_fraction|stage2_neutral_fraction|focus_fraction|focus_half_width|neutral_fraction|ci_supervision_neutral_boost|neutral_half_width|error_threshold|mode_error_threshold|max_focus_points|anchor_strategy|anchor_half_width|anchor_max_candidates|mode_center_fraction|mode_center_half_width|w_pde|w_bc|w_bc_kappa|w_bc_q|w_norm|w_integral_norm|w_phase|w_peak_slope|w_peak_curvature|w_loc_center|w_loc_spread|w_first_order_v_energy|w_first_order_amp_cap|first_order_amp_cap|w_ci_supervision|w_ci_stability_outside|w_ci_neutrality|w_ci_low_alpha_zero|w_ci_smoothness|n_ci_spectral_grid|audit_ci_weight|audit_mode_weight|audit_env_weight|audit_phase_weight|audit_peak_weight|phase_mask_fraction|classic_n_points|classic_mapping_scale|classic_xi_max|enforce_mode_symmetry|mode_representation|mode_experts|alpha_split_threshold|riccati_anchor_supervision|riccati_anchor_n_xi|riccati_anchor_every|riccati_anchor_alphas|w_riccati_anchor|w_q_supervision|q_supervision_n_xi|q_supervision_every|q_supervision_alpha_count|w_riccati_center_kappa|w_riccati_center_peak|w_riccati_boundary_band_kappa|w_riccati_boundary_band_q|riccati_center_xi|riccati_boundary_band_points|riccati_boundary_band_start|riccati_boundary_band_end|w_riccati_shooting_match|riccati_shooting_steps|riccati_shooting_xi_boundary|mode_low_alpha_threshold|mode_low_alpha_weight|mode_low_alpha_audit_fraction|output_dir|device
results/subsonic_pinn_integral_norm_ablation_ampphase/alpha_0.500_amplitude_phase_point_max_wint_1/history.csv,0.5410757064819336,anchor_ablation;training_history,52,epoch|loss|loss_pde|loss_bc|loss_bc_kappa|loss_bc_q|loss_norm|loss_integral_norm|loss_phase|loss_peak_slope|loss_peak_curvature|loss_loc_center|loss_loc_spread|loss_first_order_v_energy|loss_first_order_amp_cap|loss_riccati_anchor|loss_q_supervision|loss_riccati_center_kappa|loss_riccati_center_peak|loss_riccati_boundary_band_kappa|loss_riccati_boundary_band_q|loss_riccati_shooting_match|loss_ci_stability_outside|loss_ci_neutrality|loss_ci_low_alpha_zero|loss_ci_smoothness|loss_ci_supervision|stage_w_ci_supervision|stage_neutral_fraction|ci_supervision_neutral_fraction|stage2_started|mapping_scale|ci_mid|audit_ci_mae|audit_ci_max_abs|audit_ci_mean_rel|audit_ci_max_rel|audit_p_rel_l2_mean|audit_p_rel_l2_max|audit_env_rel_mean|audit_env_rel_max|audit_phase_rel_mean|audit_phase_rel_max|audit_peak_shift_mean|audit_peak_shift_max|audit_env_rel_weighted_mean|audit_phase_rel_weighted_mean|audit_peak_shift_weighted_mean|audit_checkpoint_metric|n_focus_alphas|focus_alpha_min|focus_alpha_max
results/subsonic_pinn_integral_norm_ablation_ampphase/alpha_0.500_amplitude_phase_point_max_wint_2/config.csv,0.00244903564453125,anchor_ablation,113,mach|alpha_min|alpha_max|epochs|learning_rate|hidden_dim|mode_hidden_dim|ci_hidden_dim|mode_depth|ci_depth|fixed_scalar_ci|freeze_ci|activation|fourier_features|fourier_scale|initial_ci|mapping_scale|trainable_mapping_scale|n_interior|n_boundary|n_alpha_supervision|n_anchor_alpha|n_norm_interior|n_reference_alpha|n_audit_alpha|n_mode_audit_alpha|n_mode_audit_y|audit_every|checkpoint_every|enable_classic_ci_supervision|enable_classic_mode_audit|stage_split_epoch|stage2_freeze_ci|stage2_ci_lr_scale|separate_branch_optimizers|detach_ci_in_mode_branch|ci_branch_lr|mode_branch_lr|stage1_w_ci_supervision|stage2_w_ci_supervision|stage1_neutral_fraction|stage2_neutral_fraction|focus_fraction|focus_half_width|neutral_fraction|ci_supervision_neutral_boost|neutral_half_width|error_threshold|mode_error_threshold|max_focus_points|anchor_strategy|anchor_half_width|anchor_max_candidates|mode_center_fraction|mode_center_half_width|w_pde|w_bc|w_bc_kappa|w_bc_q|w_norm|w_integral_norm|w_phase|w_peak_slope|w_peak_curvature|w_loc_center|w_loc_spread|w_first_order_v_energy|w_first_order_amp_cap|first_order_amp_cap|w_ci_supervision|w_ci_stability_outside|w_ci_neutrality|w_ci_low_alpha_zero|w_ci_smoothness|n_ci_spectral_grid|audit_ci_weight|audit_mode_weight|audit_env_weight|audit_phase_weight|audit_peak_weight|phase_mask_fraction|classic_n_points|classic_mapping_scale|classic_xi_max|enforce_mode_symmetry|mode_representation|mode_experts|alpha_split_threshold|riccati_anchor_supervision|riccati_anchor_n_xi|riccati_anchor_every|riccati_anchor_alphas|w_riccati_anchor|w_q_supervision|q_supervision_n_xi|q_supervision_every|q_supervision_alpha_count|w_riccati_center_kappa|w_riccati_center_peak|w_riccati_boundary_band_kappa|w_riccati_boundary_band_q|riccati_center_xi|riccati_boundary_band_points|riccati_boundary_band_start|riccati_boundary_band_end|w_riccati_shooting_match|riccati_shooting_steps|riccati_shooting_xi_boundary|mode_low_alpha_threshold|mode_low_alpha_weight|mode_low_alpha_audit_fraction|output_dir|device
results/subsonic_pinn_integral_norm_ablation_ampphase/alpha_0.500_amplitude_phase_point_max_wint_2/history.csv,0.5401506423950195,anchor_ablation;training_history,52,epoch|loss|loss_pde|loss_bc|loss_bc_kappa|loss_bc_q|loss_norm|loss_integral_norm|loss_phase|loss_peak_slope|loss_peak_curvature|loss_loc_center|loss_loc_spread|loss_first_order_v_energy|loss_first_order_amp_cap|loss_riccati_anchor|loss_q_supervision|loss_riccati_center_kappa|loss_riccati_center_peak|loss_riccati_boundary_band_kappa|loss_riccati_boundary_band_q|loss_riccati_shooting_match|loss_ci_stability_outside|loss_ci_neutrality|loss_ci_low_alpha_zero|loss_ci_smoothness|loss_ci_supervision|stage_w_ci_supervision|stage_neutral_fraction|ci_supervision_neutral_fraction|stage2_started|mapping_scale|ci_mid|audit_ci_mae|audit_ci_max_abs|audit_ci_mean_rel|audit_ci_max_rel|audit_p_rel_l2_mean|audit_p_rel_l2_max|audit_env_rel_mean|audit_env_rel_max|audit_phase_rel_mean|audit_phase_rel_max|audit_peak_shift_mean|audit_peak_shift_max|audit_env_rel_weighted_mean|audit_phase_rel_weighted_mean|audit_peak_shift_weighted_mean|audit_checkpoint_metric|n_focus_alphas|focus_alpha_min|focus_alpha_max
results/subsonic_pinn_integral_norm_ablation_ampphase/alpha_0.500_amplitude_phase_point_max_wint_4/config.csv,0.00244903564453125,anchor_ablation,113,mach|alpha_min|alpha_max|epochs|learning_rate|hidden_dim|mode_hidden_dim|ci_hidden_dim|mode_depth|ci_depth|fixed_scalar_ci|freeze_ci|activation|fourier_features|fourier_scale|initial_ci|mapping_scale|trainable_mapping_scale|n_interior|n_boundary|n_alpha_supervision|n_anchor_alpha|n_norm_interior|n_reference_alpha|n_audit_alpha|n_mode_audit_alpha|n_mode_audit_y|audit_every|checkpoint_every|enable_classic_ci_supervision|enable_classic_mode_audit|stage_split_epoch|stage2_freeze_ci|stage2_ci_lr_scale|separate_branch_optimizers|detach_ci_in_mode_branch|ci_branch_lr|mode_branch_lr|stage1_w_ci_supervision|stage2_w_ci_supervision|stage1_neutral_fraction|stage2_neutral_fraction|focus_fraction|focus_half_width|neutral_fraction|ci_supervision_neutral_boost|neutral_half_width|error_threshold|mode_error_threshold|max_focus_points|anchor_strategy|anchor_half_width|anchor_max_candidates|mode_center_fraction|mode_center_half_width|w_pde|w_bc|w_bc_kappa|w_bc_q|w_norm|w_integral_norm|w_phase|w_peak_slope|w_peak_curvature|w_loc_center|w_loc_spread|w_first_order_v_energy|w_first_order_amp_cap|first_order_amp_cap|w_ci_supervision|w_ci_stability_outside|w_ci_neutrality|w_ci_low_alpha_zero|w_ci_smoothness|n_ci_spectral_grid|audit_ci_weight|audit_mode_weight|audit_env_weight|audit_phase_weight|audit_peak_weight|phase_mask_fraction|classic_n_points|classic_mapping_scale|classic_xi_max|enforce_mode_symmetry|mode_representation|mode_experts|alpha_split_threshold|riccati_anchor_supervision|riccati_anchor_n_xi|riccati_anchor_every|riccati_anchor_alphas|w_riccati_anchor|w_q_supervision|q_supervision_n_xi|q_supervision_every|q_supervision_alpha_count|w_riccati_center_kappa|w_riccati_center_peak|w_riccati_boundary_band_kappa|w_riccati_boundary_band_q|riccati_center_xi|riccati_boundary_band_points|riccati_boundary_band_start|riccati_boundary_band_end|w_riccati_shooting_match|riccati_shooting_steps|riccati_shooting_xi_boundary|mode_low_alpha_threshold|mode_low_alpha_weight|mode_low_alpha_audit_fraction|output_dir|device
results/subsonic_pinn_integral_norm_ablation_ampphase/alpha_0.500_amplitude_phase_point_max_wint_4/history.csv,0.539952278137207,anchor_ablation;training_history,52,epoch|loss|loss_pde|loss_bc|loss_bc_kappa|loss_bc_q|loss_norm|loss_integral_norm|loss_phase|loss_peak_slope|loss_peak_curvature|loss_loc_center|loss_loc_spread|loss_first_order_v_energy|loss_first_order_amp_cap|loss_riccati_anchor|loss_q_supervision|loss_riccati_center_kappa|loss_riccati_center_peak|loss_riccati_boundary_band_kappa|loss_riccati_boundary_band_q|loss_riccati_shooting_match|loss_ci_stability_outside|loss_ci_neutrality|loss_ci_low_alpha_zero|loss_ci_smoothness|loss_ci_supervision|stage_w_ci_supervision|stage_neutral_fraction|ci_supervision_neutral_fraction|stage2_started|mapping_scale|ci_mid|audit_ci_mae|audit_ci_max_abs|audit_ci_mean_rel|audit_ci_max_rel|audit_p_rel_l2_mean|audit_p_rel_l2_max|audit_env_rel_mean|audit_env_rel_max|audit_phase_rel_mean|audit_phase_rel_max|audit_peak_shift_mean|audit_peak_shift_max|audit_env_rel_weighted_mean|audit_phase_rel_weighted_mean|audit_peak_shift_weighted_mean|audit_checkpoint_metric|n_focus_alphas|focus_alpha_min|focus_alpha_max
results/subsonic_pinn_integral_norm_ablation_ampphase/alpha_0.500_amplitude_phase_point_max_wint_8/config.csv,0.00244903564453125,anchor_ablation,113,mach|alpha_min|alpha_max|epochs|learning_rate|hidden_dim|mode_hidden_dim|ci_hidden_dim|mode_depth|ci_depth|fixed_scalar_ci|freeze_ci|activation|fourier_features|fourier_scale|initial_ci|mapping_scale|trainable_mapping_scale|n_interior|n_boundary|n_alpha_supervision|n_anchor_alpha|n_norm_interior|n_reference_alpha|n_audit_alpha|n_mode_audit_alpha|n_mode_audit_y|audit_every|checkpoint_every|enable_classic_ci_supervision|enable_classic_mode_audit|stage_split_epoch|stage2_freeze_ci|stage2_ci_lr_scale|separate_branch_optimizers|detach_ci_in_mode_branch|ci_branch_lr|mode_branch_lr|stage1_w_ci_supervision|stage2_w_ci_supervision|stage1_neutral_fraction|stage2_neutral_fraction|focus_fraction|focus_half_width|neutral_fraction|ci_supervision_neutral_boost|neutral_half_width|error_threshold|mode_error_threshold|max_focus_points|anchor_strategy|anchor_half_width|anchor_max_candidates|mode_center_fraction|mode_center_half_width|w_pde|w_bc|w_bc_kappa|w_bc_q|w_norm|w_integral_norm|w_phase|w_peak_slope|w_peak_curvature|w_loc_center|w_loc_spread|w_first_order_v_energy|w_first_order_amp_cap|first_order_amp_cap|w_ci_supervision|w_ci_stability_outside|w_ci_neutrality|w_ci_low_alpha_zero|w_ci_smoothness|n_ci_spectral_grid|audit_ci_weight|audit_mode_weight|audit_env_weight|audit_phase_weight|audit_peak_weight|phase_mask_fraction|classic_n_points|classic_mapping_scale|classic_xi_max|enforce_mode_symmetry|mode_representation|mode_experts|alpha_split_threshold|riccati_anchor_supervision|riccati_anchor_n_xi|riccati_anchor_every|riccati_anchor_alphas|w_riccati_anchor|w_q_supervision|q_supervision_n_xi|q_supervision_every|q_supervision_alpha_count|w_riccati_center_kappa|w_riccati_center_peak|w_riccati_boundary_band_kappa|w_riccati_boundary_band_q|riccati_center_xi|riccati_boundary_band_points|riccati_boundary_band_start|riccati_boundary_band_end|w_riccati_shooting_match|riccati_shooting_steps|riccati_shooting_xi_boundary|mode_low_alpha_threshold|mode_low_alpha_weight|mode_low_alpha_audit_fraction|output_dir|device
results/subsonic_pinn_integral_norm_ablation_ampphase/alpha_0.500_amplitude_phase_point_max_wint_8/history.csv,0.538081169128418,anchor_ablation;training_history,52,epoch|loss|loss_pde|loss_bc|loss_bc_kappa|loss_bc_q|loss_norm|loss_integral_norm|loss_phase|loss_peak_slope|loss_peak_curvature|loss_loc_center|loss_loc_spread|loss_first_order_v_energy|loss_first_order_amp_cap|loss_riccati_anchor|loss_q_supervision|loss_riccati_center_kappa|loss_riccati_center_peak|loss_riccati_boundary_band_kappa|loss_riccati_boundary_band_q|loss_riccati_shooting_match|loss_ci_stability_outside|loss_ci_neutrality|loss_ci_low_alpha_zero|loss_ci_smoothness|loss_ci_supervision|stage_w_ci_supervision|stage_neutral_fraction|ci_supervision_neutral_fraction|stage2_started|mapping_scale|ci_mid|audit_ci_mae|audit_ci_max_abs|audit_ci_mean_rel|audit_ci_max_rel|audit_p_rel_l2_mean|audit_p_rel_l2_max|audit_env_rel_mean|audit_env_rel_max|audit_phase_rel_mean|audit_phase_rel_max|audit_peak_shift_mean|audit_peak_shift_max|audit_env_rel_weighted_mean|audit_phase_rel_weighted_mean|audit_peak_shift_weighted_mean|audit_checkpoint_metric|n_focus_alphas|focus_alpha_min|focus_alpha_max
results/subsonic_pinn_integral_norm_ablation_ampphase/alpha_0.800_amplitude_phase_max_wint_0.5/config.csv,0.0024394989013671875,anchor_ablation,113,mach|alpha_min|alpha_max|epochs|learning_rate|hidden_dim|mode_hidden_dim|ci_hidden_dim|mode_depth|ci_depth|fixed_scalar_ci|freeze_ci|activation|fourier_features|fourier_scale|initial_ci|mapping_scale|trainable_mapping_scale|n_interior|n_boundary|n_alpha_supervision|n_anchor_alpha|n_norm_interior|n_reference_alpha|n_audit_alpha|n_mode_audit_alpha|n_mode_audit_y|audit_every|checkpoint_every|enable_classic_ci_supervision|enable_classic_mode_audit|stage_split_epoch|stage2_freeze_ci|stage2_ci_lr_scale|separate_branch_optimizers|detach_ci_in_mode_branch|ci_branch_lr|mode_branch_lr|stage1_w_ci_supervision|stage2_w_ci_supervision|stage1_neutral_fraction|stage2_neutral_fraction|focus_fraction|focus_half_width|neutral_fraction|ci_supervision_neutral_boost|neutral_half_width|error_threshold|mode_error_threshold|max_focus_points|anchor_strategy|anchor_half_width|anchor_max_candidates|mode_center_fraction|mode_center_half_width|w_pde|w_bc|w_bc_kappa|w_bc_q|w_norm|w_integral_norm|w_phase|w_peak_slope|w_peak_curvature|w_loc_center|w_loc_spread|w_first_order_v_energy|w_first_order_amp_cap|first_order_amp_cap|w_ci_supervision|w_ci_stability_outside|w_ci_neutrality|w_ci_low_alpha_zero|w_ci_smoothness|n_ci_spectral_grid|audit_ci_weight|audit_mode_weight|audit_env_weight|audit_phase_weight|audit_peak_weight|phase_mask_fraction|classic_n_points|classic_mapping_scale|classic_xi_max|enforce_mode_symmetry|mode_representation|mode_experts|alpha_split_threshold|riccati_anchor_supervision|riccati_anchor_n_xi|riccati_anchor_every|riccati_anchor_alphas|w_riccati_anchor|w_q_supervision|q_supervision_n_xi|q_supervision_every|q_supervision_alpha_count|w_riccati_center_kappa|w_riccati_center_peak|w_riccati_boundary_band_kappa|w_riccati_boundary_band_q|riccati_center_xi|riccati_boundary_band_points|riccati_boundary_band_start|riccati_boundary_band_end|w_riccati_shooting_match|riccati_shooting_steps|riccati_shooting_xi_boundary|mode_low_alpha_threshold|mode_low_alpha_weight|mode_low_alpha_audit_fraction|output_dir|device
results/subsonic_pinn_integral_norm_ablation_ampphase/alpha_0.800_amplitude_phase_max_wint_0.5/history.csv,0.5415029525756836,anchor_ablation;training_history,52,epoch|loss|loss_pde|loss_bc|loss_bc_kappa|loss_bc_q|loss_norm|loss_integral_norm|loss_phase|loss_peak_slope|loss_peak_curvature|loss_loc_center|loss_loc_spread|loss_first_order_v_energy|loss_first_order_amp_cap|loss_riccati_anchor|loss_q_supervision|loss_riccati_center_kappa|loss_riccati_center_peak|loss_riccati_boundary_band_kappa|loss_riccati_boundary_band_q|loss_riccati_shooting_match|loss_ci_stability_outside|loss_ci_neutrality|loss_ci_low_alpha_zero|loss_ci_smoothness|loss_ci_supervision|stage_w_ci_supervision|stage_neutral_fraction|ci_supervision_neutral_fraction|stage2_started|mapping_scale|ci_mid|audit_ci_mae|audit_ci_max_abs|audit_ci_mean_rel|audit_ci_max_rel|audit_p_rel_l2_mean|audit_p_rel_l2_max|audit_env_rel_mean|audit_env_rel_max|audit_phase_rel_mean|audit_phase_rel_max|audit_peak_shift_mean|audit_peak_shift_max|audit_env_rel_weighted_mean|audit_phase_rel_weighted_mean|audit_peak_shift_weighted_mean|audit_checkpoint_metric|n_focus_alphas|focus_alpha_min|focus_alpha_max
results/subsonic_pinn_integral_norm_ablation_ampphase/alpha_0.800_amplitude_phase_max_wint_1/config.csv,0.002437591552734375,anchor_ablation,113,mach|alpha_min|alpha_max|epochs|learning_rate|hidden_dim|mode_hidden_dim|ci_hidden_dim|mode_depth|ci_depth|fixed_scalar_ci|freeze_ci|activation|fourier_features|fourier_scale|initial_ci|mapping_scale|trainable_mapping_scale|n_interior|n_boundary|n_alpha_supervision|n_anchor_alpha|n_norm_interior|n_reference_alpha|n_audit_alpha|n_mode_audit_alpha|n_mode_audit_y|audit_every|checkpoint_every|enable_classic_ci_supervision|enable_classic_mode_audit|stage_split_epoch|stage2_freeze_ci|stage2_ci_lr_scale|separate_branch_optimizers|detach_ci_in_mode_branch|ci_branch_lr|mode_branch_lr|stage1_w_ci_supervision|stage2_w_ci_supervision|stage1_neutral_fraction|stage2_neutral_fraction|focus_fraction|focus_half_width|neutral_fraction|ci_supervision_neutral_boost|neutral_half_width|error_threshold|mode_error_threshold|max_focus_points|anchor_strategy|anchor_half_width|anchor_max_candidates|mode_center_fraction|mode_center_half_width|w_pde|w_bc|w_bc_kappa|w_bc_q|w_norm|w_integral_norm|w_phase|w_peak_slope|w_peak_curvature|w_loc_center|w_loc_spread|w_first_order_v_energy|w_first_order_amp_cap|first_order_amp_cap|w_ci_supervision|w_ci_stability_outside|w_ci_neutrality|w_ci_low_alpha_zero|w_ci_smoothness|n_ci_spectral_grid|audit_ci_weight|audit_mode_weight|audit_env_weight|audit_phase_weight|audit_peak_weight|phase_mask_fraction|classic_n_points|classic_mapping_scale|classic_xi_max|enforce_mode_symmetry|mode_representation|mode_experts|alpha_split_threshold|riccati_anchor_supervision|riccati_anchor_n_xi|riccati_anchor_every|riccati_anchor_alphas|w_riccati_anchor|w_q_supervision|q_supervision_n_xi|q_supervision_every|q_supervision_alpha_count|w_riccati_center_kappa|w_riccati_center_peak|w_riccati_boundary_band_kappa|w_riccati_boundary_band_q|riccati_center_xi|riccati_boundary_band_points|riccati_boundary_band_start|riccati_boundary_band_end|w_riccati_shooting_match|riccati_shooting_steps|riccati_shooting_xi_boundary|mode_low_alpha_threshold|mode_low_alpha_weight|mode_low_alpha_audit_fraction|output_dir|device
results/subsonic_pinn_integral_norm_ablation_ampphase/alpha_0.800_amplitude_phase_max_wint_1/history.csv,0.5400142669677734,anchor_ablation;training_history,52,epoch|loss|loss_pde|loss_bc|loss_bc_kappa|loss_bc_q|loss_norm|loss_integral_norm|loss_phase|loss_peak_slope|loss_peak_curvature|loss_loc_center|loss_loc_spread|loss_first_order_v_energy|loss_first_order_amp_cap|loss_riccati_anchor|loss_q_supervision|loss_riccati_center_kappa|loss_riccati_center_peak|loss_riccati_boundary_band_kappa|loss_riccati_boundary_band_q|loss_riccati_shooting_match|loss_ci_stability_outside|loss_ci_neutrality|loss_ci_low_alpha_zero|loss_ci_smoothness|loss_ci_supervision|stage_w_ci_supervision|stage_neutral_fraction|ci_supervision_neutral_fraction|stage2_started|mapping_scale|ci_mid|audit_ci_mae|audit_ci_max_abs|audit_ci_mean_rel|audit_ci_max_rel|audit_p_rel_l2_mean|audit_p_rel_l2_max|audit_env_rel_mean|audit_env_rel_max|audit_phase_rel_mean|audit_phase_rel_max|audit_peak_shift_mean|audit_peak_shift_max|audit_env_rel_weighted_mean|audit_phase_rel_weighted_mean|audit_peak_shift_weighted_mean|audit_checkpoint_metric|n_focus_alphas|focus_alpha_min|focus_alpha_max
results/subsonic_pinn_integral_norm_ablation_ampphase/alpha_0.800_amplitude_phase_max_wint_2/config.csv,0.002437591552734375,anchor_ablation,113,mach|alpha_min|alpha_max|epochs|learning_rate|hidden_dim|mode_hidden_dim|ci_hidden_dim|mode_depth|ci_depth|fixed_scalar_ci|freeze_ci|activation|fourier_features|fourier_scale|initial_ci|mapping_scale|trainable_mapping_scale|n_interior|n_boundary|n_alpha_supervision|n_anchor_alpha|n_norm_interior|n_reference_alpha|n_audit_alpha|n_mode_audit_alpha|n_mode_audit_y|audit_every|checkpoint_every|enable_classic_ci_supervision|enable_classic_mode_audit|stage_split_epoch|stage2_freeze_ci|stage2_ci_lr_scale|separate_branch_optimizers|detach_ci_in_mode_branch|ci_branch_lr|mode_branch_lr|stage1_w_ci_supervision|stage2_w_ci_supervision|stage1_neutral_fraction|stage2_neutral_fraction|focus_fraction|focus_half_width|neutral_fraction|ci_supervision_neutral_boost|neutral_half_width|error_threshold|mode_error_threshold|max_focus_points|anchor_strategy|anchor_half_width|anchor_max_candidates|mode_center_fraction|mode_center_half_width|w_pde|w_bc|w_bc_kappa|w_bc_q|w_norm|w_integral_norm|w_phase|w_peak_slope|w_peak_curvature|w_loc_center|w_loc_spread|w_first_order_v_energy|w_first_order_amp_cap|first_order_amp_cap|w_ci_supervision|w_ci_stability_outside|w_ci_neutrality|w_ci_low_alpha_zero|w_ci_smoothness|n_ci_spectral_grid|audit_ci_weight|audit_mode_weight|audit_env_weight|audit_phase_weight|audit_peak_weight|phase_mask_fraction|classic_n_points|classic_mapping_scale|classic_xi_max|enforce_mode_symmetry|mode_representation|mode_experts|alpha_split_threshold|riccati_anchor_supervision|riccati_anchor_n_xi|riccati_anchor_every|riccati_anchor_alphas|w_riccati_anchor|w_q_supervision|q_supervision_n_xi|q_supervision_every|q_supervision_alpha_count|w_riccati_center_kappa|w_riccati_center_peak|w_riccati_boundary_band_kappa|w_riccati_boundary_band_q|riccati_center_xi|riccati_boundary_band_points|riccati_boundary_band_start|riccati_boundary_band_end|w_riccati_shooting_match|riccati_shooting_steps|riccati_shooting_xi_boundary|mode_low_alpha_threshold|mode_low_alpha_weight|mode_low_alpha_audit_fraction|output_dir|device
results/subsonic_pinn_integral_norm_ablation_ampphase/alpha_0.800_amplitude_phase_max_wint_2/history.csv,0.539515495300293,anchor_ablation;training_history,52,epoch|loss|loss_pde|loss_bc|loss_bc_kappa|loss_bc_q|loss_norm|loss_integral_norm|loss_phase|loss_peak_slope|loss_peak_curvature|loss_loc_center|loss_loc_spread|loss_first_order_v_energy|loss_first_order_amp_cap|loss_riccati_anchor|loss_q_supervision|loss_riccati_center_kappa|loss_riccati_center_peak|loss_riccati_boundary_band_kappa|loss_riccati_boundary_band_q|loss_riccati_shooting_match|loss_ci_stability_outside|loss_ci_neutrality|loss_ci_low_alpha_zero|loss_ci_smoothness|loss_ci_supervision|stage_w_ci_supervision|stage_neutral_fraction|ci_supervision_neutral_fraction|stage2_started|mapping_scale|ci_mid|audit_ci_mae|audit_ci_max_abs|audit_ci_mean_rel|audit_ci_max_rel|audit_p_rel_l2_mean|audit_p_rel_l2_max|audit_env_rel_mean|audit_env_rel_max|audit_phase_rel_mean|audit_phase_rel_max|audit_peak_shift_mean|audit_peak_shift_max|audit_env_rel_weighted_mean|audit_phase_rel_weighted_mean|audit_peak_shift_weighted_mean|audit_checkpoint_metric|n_focus_alphas|focus_alpha_min|focus_alpha_max
results/subsonic_pinn_integral_norm_ablation_ampphase/alpha_0.800_amplitude_phase_max_wint_4/config.csv,0.002437591552734375,anchor_ablation,113,mach|alpha_min|alpha_max|epochs|learning_rate|hidden_dim|mode_hidden_dim|ci_hidden_dim|mode_depth|ci_depth|fixed_scalar_ci|freeze_ci|activation|fourier_features|fourier_scale|initial_ci|mapping_scale|trainable_mapping_scale|n_interior|n_boundary|n_alpha_supervision|n_anchor_alpha|n_norm_interior|n_reference_alpha|n_audit_alpha|n_mode_audit_alpha|n_mode_audit_y|audit_every|checkpoint_every|enable_classic_ci_supervision|enable_classic_mode_audit|stage_split_epoch|stage2_freeze_ci|stage2_ci_lr_scale|separate_branch_optimizers|detach_ci_in_mode_branch|ci_branch_lr|mode_branch_lr|stage1_w_ci_supervision|stage2_w_ci_supervision|stage1_neutral_fraction|stage2_neutral_fraction|focus_fraction|focus_half_width|neutral_fraction|ci_supervision_neutral_boost|neutral_half_width|error_threshold|mode_error_threshold|max_focus_points|anchor_strategy|anchor_half_width|anchor_max_candidates|mode_center_fraction|mode_center_half_width|w_pde|w_bc|w_bc_kappa|w_bc_q|w_norm|w_integral_norm|w_phase|w_peak_slope|w_peak_curvature|w_loc_center|w_loc_spread|w_first_order_v_energy|w_first_order_amp_cap|first_order_amp_cap|w_ci_supervision|w_ci_stability_outside|w_ci_neutrality|w_ci_low_alpha_zero|w_ci_smoothness|n_ci_spectral_grid|audit_ci_weight|audit_mode_weight|audit_env_weight|audit_phase_weight|audit_peak_weight|phase_mask_fraction|classic_n_points|classic_mapping_scale|classic_xi_max|enforce_mode_symmetry|mode_representation|mode_experts|alpha_split_threshold|riccati_anchor_supervision|riccati_anchor_n_xi|riccati_anchor_every|riccati_anchor_alphas|w_riccati_anchor|w_q_supervision|q_supervision_n_xi|q_supervision_every|q_supervision_alpha_count|w_riccati_center_kappa|w_riccati_center_peak|w_riccati_boundary_band_kappa|w_riccati_boundary_band_q|riccati_center_xi|riccati_boundary_band_points|riccati_boundary_band_start|riccati_boundary_band_end|w_riccati_shooting_match|riccati_shooting_steps|riccati_shooting_xi_boundary|mode_low_alpha_threshold|mode_low_alpha_weight|mode_low_alpha_audit_fraction|output_dir|device
results/subsonic_pinn_integral_norm_ablation_ampphase/alpha_0.800_amplitude_phase_max_wint_4/history.csv,0.537297248840332,anchor_ablation;training_history,52,epoch|loss|loss_pde|loss_bc|loss_bc_kappa|loss_bc_q|loss_norm|loss_integral_norm|loss_phase|loss_peak_slope|loss_peak_curvature|loss_loc_center|loss_loc_spread|loss_first_order_v_energy|loss_first_order_amp_cap|loss_riccati_anchor|loss_q_supervision|loss_riccati_center_kappa|loss_riccati_center_peak|loss_riccati_boundary_band_kappa|loss_riccati_boundary_band_q|loss_riccati_shooting_match|loss_ci_stability_outside|loss_ci_neutrality|loss_ci_low_alpha_zero|loss_ci_smoothness|loss_ci_supervision|stage_w_ci_supervision|stage_neutral_fraction|ci_supervision_neutral_fraction|stage2_started|mapping_scale|ci_mid|audit_ci_mae|audit_ci_max_abs|audit_ci_mean_rel|audit_ci_max_rel|audit_p_rel_l2_mean|audit_p_rel_l2_max|audit_env_rel_mean|audit_env_rel_max|audit_phase_rel_mean|audit_phase_rel_max|audit_peak_shift_mean|audit_peak_shift_max|audit_env_rel_weighted_mean|audit_phase_rel_weighted_mean|audit_peak_shift_weighted_mean|audit_checkpoint_metric|n_focus_alphas|focus_alpha_min|focus_alpha_max
results/subsonic_pinn_integral_norm_ablation_ampphase/alpha_0.800_amplitude_phase_max_wint_8/config.csv,0.002437591552734375,anchor_ablation,113,mach|alpha_min|alpha_max|epochs|learning_rate|hidden_dim|mode_hidden_dim|ci_hidden_dim|mode_depth|ci_depth|fixed_scalar_ci|freeze_ci|activation|fourier_features|fourier_scale|initial_ci|mapping_scale|trainable_mapping_scale|n_interior|n_boundary|n_alpha_supervision|n_anchor_alpha|n_norm_interior|n_reference_alpha|n_audit_alpha|n_mode_audit_alpha|n_mode_audit_y|audit_every|checkpoint_every|enable_classic_ci_supervision|enable_classic_mode_audit|stage_split_epoch|stage2_freeze_ci|stage2_ci_lr_scale|separate_branch_optimizers|detach_ci_in_mode_branch|ci_branch_lr|mode_branch_lr|stage1_w_ci_supervision|stage2_w_ci_supervision|stage1_neutral_fraction|stage2_neutral_fraction|focus_fraction|focus_half_width|neutral_fraction|ci_supervision_neutral_boost|neutral_half_width|error_threshold|mode_error_threshold|max_focus_points|anchor_strategy|anchor_half_width|anchor_max_candidates|mode_center_fraction|mode_center_half_width|w_pde|w_bc|w_bc_kappa|w_bc_q|w_norm|w_integral_norm|w_phase|w_peak_slope|w_peak_curvature|w_loc_center|w_loc_spread|w_first_order_v_energy|w_first_order_amp_cap|first_order_amp_cap|w_ci_supervision|w_ci_stability_outside|w_ci_neutrality|w_ci_low_alpha_zero|w_ci_smoothness|n_ci_spectral_grid|audit_ci_weight|audit_mode_weight|audit_env_weight|audit_phase_weight|audit_peak_weight|phase_mask_fraction|classic_n_points|classic_mapping_scale|classic_xi_max|enforce_mode_symmetry|mode_representation|mode_experts|alpha_split_threshold|riccati_anchor_supervision|riccati_anchor_n_xi|riccati_anchor_every|riccati_anchor_alphas|w_riccati_anchor|w_q_supervision|q_supervision_n_xi|q_supervision_every|q_supervision_alpha_count|w_riccati_center_kappa|w_riccati_center_peak|w_riccati_boundary_band_kappa|w_riccati_boundary_band_q|riccati_center_xi|riccati_boundary_band_points|riccati_boundary_band_start|riccati_boundary_band_end|w_riccati_shooting_match|riccati_shooting_steps|riccati_shooting_xi_boundary|mode_low_alpha_threshold|mode_low_alpha_weight|mode_low_alpha_audit_fraction|output_dir|device
results/subsonic_pinn_integral_norm_ablation_ampphase/alpha_0.800_amplitude_phase_max_wint_8/history.csv,0.5412578582763672,anchor_ablation;training_history,52,epoch|loss|loss_pde|loss_bc|loss_bc_kappa|loss_bc_q|loss_norm|loss_integral_norm|loss_phase|loss_peak_slope|loss_peak_curvature|loss_loc_center|loss_loc_spread|loss_first_order_v_energy|loss_first_order_amp_cap|loss_riccati_anchor|loss_q_supervision|loss_riccati_center_kappa|loss_riccati_center_peak|loss_riccati_boundary_band_kappa|loss_riccati_boundary_band_q|loss_riccati_shooting_match|loss_ci_stability_outside|loss_ci_neutrality|loss_ci_low_alpha_zero|loss_ci_smoothness|loss_ci_supervision|stage_w_ci_supervision|stage_neutral_fraction|ci_supervision_neutral_fraction|stage2_started|mapping_scale|ci_mid|audit_ci_mae|audit_ci_max_abs|audit_ci_mean_rel|audit_ci_max_rel|audit_p_rel_l2_mean|audit_p_rel_l2_max|audit_env_rel_mean|audit_env_rel_max|audit_phase_rel_mean|audit_phase_rel_max|audit_peak_shift_mean|audit_peak_shift_max|audit_env_rel_weighted_mean|audit_phase_rel_weighted_mean|audit_peak_shift_weighted_mean|audit_checkpoint_metric|n_focus_alphas|focus_alpha_min|focus_alpha_max
results/subsonic_pinn_integral_norm_ablation_ampphase/alpha_0.800_amplitude_phase_point_max_wint_0.5/config.csv,0.0024509429931640625,anchor_ablation,113,mach|alpha_min|alpha_max|epochs|learning_rate|hidden_dim|mode_hidden_dim|ci_hidden_dim|mode_depth|ci_depth|fixed_scalar_ci|freeze_ci|activation|fourier_features|fourier_scale|initial_ci|mapping_scale|trainable_mapping_scale|n_interior|n_boundary|n_alpha_supervision|n_anchor_alpha|n_norm_interior|n_reference_alpha|n_audit_alpha|n_mode_audit_alpha|n_mode_audit_y|audit_every|checkpoint_every|enable_classic_ci_supervision|enable_classic_mode_audit|stage_split_epoch|stage2_freeze_ci|stage2_ci_lr_scale|separate_branch_optimizers|detach_ci_in_mode_branch|ci_branch_lr|mode_branch_lr|stage1_w_ci_supervision|stage2_w_ci_supervision|stage1_neutral_fraction|stage2_neutral_fraction|focus_fraction|focus_half_width|neutral_fraction|ci_supervision_neutral_boost|neutral_half_width|error_threshold|mode_error_threshold|max_focus_points|anchor_strategy|anchor_half_width|anchor_max_candidates|mode_center_fraction|mode_center_half_width|w_pde|w_bc|w_bc_kappa|w_bc_q|w_norm|w_integral_norm|w_phase|w_peak_slope|w_peak_curvature|w_loc_center|w_loc_spread|w_first_order_v_energy|w_first_order_amp_cap|first_order_amp_cap|w_ci_supervision|w_ci_stability_outside|w_ci_neutrality|w_ci_low_alpha_zero|w_ci_smoothness|n_ci_spectral_grid|audit_ci_weight|audit_mode_weight|audit_env_weight|audit_phase_weight|audit_peak_weight|phase_mask_fraction|classic_n_points|classic_mapping_scale|classic_xi_max|enforce_mode_symmetry|mode_representation|mode_experts|alpha_split_threshold|riccati_anchor_supervision|riccati_anchor_n_xi|riccati_anchor_every|riccati_anchor_alphas|w_riccati_anchor|w_q_supervision|q_supervision_n_xi|q_supervision_every|q_supervision_alpha_count|w_riccati_center_kappa|w_riccati_center_peak|w_riccati_boundary_band_kappa|w_riccati_boundary_band_q|riccati_center_xi|riccati_boundary_band_points|riccati_boundary_band_start|riccati_boundary_band_end|w_riccati_shooting_match|riccati_shooting_steps|riccati_shooting_xi_boundary|mode_low_alpha_threshold|mode_low_alpha_weight|mode_low_alpha_audit_fraction|output_dir|device
results/subsonic_pinn_integral_norm_ablation_ampphase/alpha_0.800_amplitude_phase_point_max_wint_0.5/history.csv,0.5505161285400391,anchor_ablation;training_history,52,epoch|loss|loss_pde|loss_bc|loss_bc_kappa|loss_bc_q|loss_norm|loss_integral_norm|loss_phase|loss_peak_slope|loss_peak_curvature|loss_loc_center|loss_loc_spread|loss_first_order_v_energy|loss_first_order_amp_cap|loss_riccati_anchor|loss_q_supervision|loss_riccati_center_kappa|loss_riccati_center_peak|loss_riccati_boundary_band_kappa|loss_riccati_boundary_band_q|loss_riccati_shooting_match|loss_ci_stability_outside|loss_ci_neutrality|loss_ci_low_alpha_zero|loss_ci_smoothness|loss_ci_supervision|stage_w_ci_supervision|stage_neutral_fraction|ci_supervision_neutral_fraction|stage2_started|mapping_scale|ci_mid|audit_ci_mae|audit_ci_max_abs|audit_ci_mean_rel|audit_ci_max_rel|audit_p_rel_l2_mean|audit_p_rel_l2_max|audit_env_rel_mean|audit_env_rel_max|audit_phase_rel_mean|audit_phase_rel_max|audit_peak_shift_mean|audit_peak_shift_max|audit_env_rel_weighted_mean|audit_phase_rel_weighted_mean|audit_peak_shift_weighted_mean|audit_checkpoint_metric|n_focus_alphas|focus_alpha_min|focus_alpha_max
results/subsonic_pinn_integral_norm_ablation_ampphase/alpha_0.800_amplitude_phase_point_max_wint_1/config.csv,0.00244903564453125,anchor_ablation,113,mach|alpha_min|alpha_max|epochs|learning_rate|hidden_dim|mode_hidden_dim|ci_hidden_dim|mode_depth|ci_depth|fixed_scalar_ci|freeze_ci|activation|fourier_features|fourier_scale|initial_ci|mapping_scale|trainable_mapping_scale|n_interior|n_boundary|n_alpha_supervision|n_anchor_alpha|n_norm_interior|n_reference_alpha|n_audit_alpha|n_mode_audit_alpha|n_mode_audit_y|audit_every|checkpoint_every|enable_classic_ci_supervision|enable_classic_mode_audit|stage_split_epoch|stage2_freeze_ci|stage2_ci_lr_scale|separate_branch_optimizers|detach_ci_in_mode_branch|ci_branch_lr|mode_branch_lr|stage1_w_ci_supervision|stage2_w_ci_supervision|stage1_neutral_fraction|stage2_neutral_fraction|focus_fraction|focus_half_width|neutral_fraction|ci_supervision_neutral_boost|neutral_half_width|error_threshold|mode_error_threshold|max_focus_points|anchor_strategy|anchor_half_width|anchor_max_candidates|mode_center_fraction|mode_center_half_width|w_pde|w_bc|w_bc_kappa|w_bc_q|w_norm|w_integral_norm|w_phase|w_peak_slope|w_peak_curvature|w_loc_center|w_loc_spread|w_first_order_v_energy|w_first_order_amp_cap|first_order_amp_cap|w_ci_supervision|w_ci_stability_outside|w_ci_neutrality|w_ci_low_alpha_zero|w_ci_smoothness|n_ci_spectral_grid|audit_ci_weight|audit_mode_weight|audit_env_weight|audit_phase_weight|audit_peak_weight|phase_mask_fraction|classic_n_points|classic_mapping_scale|classic_xi_max|enforce_mode_symmetry|mode_representation|mode_experts|alpha_split_threshold|riccati_anchor_supervision|riccati_anchor_n_xi|riccati_anchor_every|riccati_anchor_alphas|w_riccati_anchor|w_q_supervision|q_supervision_n_xi|q_supervision_every|q_supervision_alpha_count|w_riccati_center_kappa|w_riccati_center_peak|w_riccati_boundary_band_kappa|w_riccati_boundary_band_q|riccati_center_xi|riccati_boundary_band_points|riccati_boundary_band_start|riccati_boundary_band_end|w_riccati_shooting_match|riccati_shooting_steps|riccati_shooting_xi_boundary|mode_low_alpha_threshold|mode_low_alpha_weight|mode_low_alpha_audit_fraction|output_dir|device
results/subsonic_pinn_integral_norm_ablation_ampphase/alpha_0.800_amplitude_phase_point_max_wint_1/history.csv,0.5540637969970703,anchor_ablation;training_history,52,epoch|loss|loss_pde|loss_bc|loss_bc_kappa|loss_bc_q|loss_norm|loss_integral_norm|loss_phase|loss_peak_slope|loss_peak_curvature|loss_loc_center|loss_loc_spread|loss_first_order_v_energy|loss_first_order_amp_cap|loss_riccati_anchor|loss_q_supervision|loss_riccati_center_kappa|loss_riccati_center_peak|loss_riccati_boundary_band_kappa|loss_riccati_boundary_band_q|loss_riccati_shooting_match|loss_ci_stability_outside|loss_ci_neutrality|loss_ci_low_alpha_zero|loss_ci_smoothness|loss_ci_supervision|stage_w_ci_supervision|stage_neutral_fraction|ci_supervision_neutral_fraction|stage2_started|mapping_scale|ci_mid|audit_ci_mae|audit_ci_max_abs|audit_ci_mean_rel|audit_ci_max_rel|audit_p_rel_l2_mean|audit_p_rel_l2_max|audit_env_rel_mean|audit_env_rel_max|audit_phase_rel_mean|audit_phase_rel_max|audit_peak_shift_mean|audit_peak_shift_max|audit_env_rel_weighted_mean|audit_phase_rel_weighted_mean|audit_peak_shift_weighted_mean|audit_checkpoint_metric|n_focus_alphas|focus_alpha_min|focus_alpha_max
results/subsonic_pinn_integral_norm_ablation_ampphase/alpha_0.800_amplitude_phase_point_max_wint_2/config.csv,0.00244903564453125,anchor_ablation,113,mach|alpha_min|alpha_max|epochs|learning_rate|hidden_dim|mode_hidden_dim|ci_hidden_dim|mode_depth|ci_depth|fixed_scalar_ci|freeze_ci|activation|fourier_features|fourier_scale|initial_ci|mapping_scale|trainable_mapping_scale|n_interior|n_boundary|n_alpha_supervision|n_anchor_alpha|n_norm_interior|n_reference_alpha|n_audit_alpha|n_mode_audit_alpha|n_mode_audit_y|audit_every|checkpoint_every|enable_classic_ci_supervision|enable_classic_mode_audit|stage_split_epoch|stage2_freeze_ci|stage2_ci_lr_scale|separate_branch_optimizers|detach_ci_in_mode_branch|ci_branch_lr|mode_branch_lr|stage1_w_ci_supervision|stage2_w_ci_supervision|stage1_neutral_fraction|stage2_neutral_fraction|focus_fraction|focus_half_width|neutral_fraction|ci_supervision_neutral_boost|neutral_half_width|error_threshold|mode_error_threshold|max_focus_points|anchor_strategy|anchor_half_width|anchor_max_candidates|mode_center_fraction|mode_center_half_width|w_pde|w_bc|w_bc_kappa|w_bc_q|w_norm|w_integral_norm|w_phase|w_peak_slope|w_peak_curvature|w_loc_center|w_loc_spread|w_first_order_v_energy|w_first_order_amp_cap|first_order_amp_cap|w_ci_supervision|w_ci_stability_outside|w_ci_neutrality|w_ci_low_alpha_zero|w_ci_smoothness|n_ci_spectral_grid|audit_ci_weight|audit_mode_weight|audit_env_weight|audit_phase_weight|audit_peak_weight|phase_mask_fraction|classic_n_points|classic_mapping_scale|classic_xi_max|enforce_mode_symmetry|mode_representation|mode_experts|alpha_split_threshold|riccati_anchor_supervision|riccati_anchor_n_xi|riccati_anchor_every|riccati_anchor_alphas|w_riccati_anchor|w_q_supervision|q_supervision_n_xi|q_supervision_every|q_supervision_alpha_count|w_riccati_center_kappa|w_riccati_center_peak|w_riccati_boundary_band_kappa|w_riccati_boundary_band_q|riccati_center_xi|riccati_boundary_band_points|riccati_boundary_band_start|riccati_boundary_band_end|w_riccati_shooting_match|riccati_shooting_steps|riccati_shooting_xi_boundary|mode_low_alpha_threshold|mode_low_alpha_weight|mode_low_alpha_audit_fraction|output_dir|device
results/subsonic_pinn_integral_norm_ablation_ampphase/alpha_0.800_amplitude_phase_point_max_wint_2/history.csv,0.5499362945556641,anchor_ablation;training_history,52,epoch|loss|loss_pde|loss_bc|loss_bc_kappa|loss_bc_q|loss_norm|loss_integral_norm|loss_phase|loss_peak_slope|loss_peak_curvature|loss_loc_center|loss_loc_spread|loss_first_order_v_energy|loss_first_order_amp_cap|loss_riccati_anchor|loss_q_supervision|loss_riccati_center_kappa|loss_riccati_center_peak|loss_riccati_boundary_band_kappa|loss_riccati_boundary_band_q|loss_riccati_shooting_match|loss_ci_stability_outside|loss_ci_neutrality|loss_ci_low_alpha_zero|loss_ci_smoothness|loss_ci_supervision|stage_w_ci_supervision|stage_neutral_fraction|ci_supervision_neutral_fraction|stage2_started|mapping_scale|ci_mid|audit_ci_mae|audit_ci_max_abs|audit_ci_mean_rel|audit_ci_max_rel|audit_p_rel_l2_mean|audit_p_rel_l2_max|audit_env_rel_mean|audit_env_rel_max|audit_phase_rel_mean|audit_phase_rel_max|audit_peak_shift_mean|audit_peak_shift_max|audit_env_rel_weighted_mean|audit_phase_rel_weighted_mean|audit_peak_shift_weighted_mean|audit_checkpoint_metric|n_focus_alphas|focus_alpha_min|focus_alpha_max
results/subsonic_pinn_integral_norm_ablation_ampphase/alpha_0.800_amplitude_phase_point_max_wint_4/config.csv,0.00244903564453125,anchor_ablation,113,mach|alpha_min|alpha_max|epochs|learning_rate|hidden_dim|mode_hidden_dim|ci_hidden_dim|mode_depth|ci_depth|fixed_scalar_ci|freeze_ci|activation|fourier_features|fourier_scale|initial_ci|mapping_scale|trainable_mapping_scale|n_interior|n_boundary|n_alpha_supervision|n_anchor_alpha|n_norm_interior|n_reference_alpha|n_audit_alpha|n_mode_audit_alpha|n_mode_audit_y|audit_every|checkpoint_every|enable_classic_ci_supervision|enable_classic_mode_audit|stage_split_epoch|stage2_freeze_ci|stage2_ci_lr_scale|separate_branch_optimizers|detach_ci_in_mode_branch|ci_branch_lr|mode_branch_lr|stage1_w_ci_supervision|stage2_w_ci_supervision|stage1_neutral_fraction|stage2_neutral_fraction|focus_fraction|focus_half_width|neutral_fraction|ci_supervision_neutral_boost|neutral_half_width|error_threshold|mode_error_threshold|max_focus_points|anchor_strategy|anchor_half_width|anchor_max_candidates|mode_center_fraction|mode_center_half_width|w_pde|w_bc|w_bc_kappa|w_bc_q|w_norm|w_integral_norm|w_phase|w_peak_slope|w_peak_curvature|w_loc_center|w_loc_spread|w_first_order_v_energy|w_first_order_amp_cap|first_order_amp_cap|w_ci_supervision|w_ci_stability_outside|w_ci_neutrality|w_ci_low_alpha_zero|w_ci_smoothness|n_ci_spectral_grid|audit_ci_weight|audit_mode_weight|audit_env_weight|audit_phase_weight|audit_peak_weight|phase_mask_fraction|classic_n_points|classic_mapping_scale|classic_xi_max|enforce_mode_symmetry|mode_representation|mode_experts|alpha_split_threshold|riccati_anchor_supervision|riccati_anchor_n_xi|riccati_anchor_every|riccati_anchor_alphas|w_riccati_anchor|w_q_supervision|q_supervision_n_xi|q_supervision_every|q_supervision_alpha_count|w_riccati_center_kappa|w_riccati_center_peak|w_riccati_boundary_band_kappa|w_riccati_boundary_band_q|riccati_center_xi|riccati_boundary_band_points|riccati_boundary_band_start|riccati_boundary_band_end|w_riccati_shooting_match|riccati_shooting_steps|riccati_shooting_xi_boundary|mode_low_alpha_threshold|mode_low_alpha_weight|mode_low_alpha_audit_fraction|output_dir|device
results/subsonic_pinn_integral_norm_ablation_ampphase/alpha_0.800_amplitude_phase_point_max_wint_4/history.csv,0.5514316558837891,anchor_ablation;training_history,52,epoch|loss|loss_pde|loss_bc|loss_bc_kappa|loss_bc_q|loss_norm|loss_integral_norm|loss_phase|loss_peak_slope|loss_peak_curvature|loss_loc_center|loss_loc_spread|loss_first_order_v_energy|loss_first_order_amp_cap|loss_riccati_anchor|loss_q_supervision|loss_riccati_center_kappa|loss_riccati_center_peak|loss_riccati_boundary_band_kappa|loss_riccati_boundary_band_q|loss_riccati_shooting_match|loss_ci_stability_outside|loss_ci_neutrality|loss_ci_low_alpha_zero|loss_ci_smoothness|loss_ci_supervision|stage_w_ci_supervision|stage_neutral_fraction|ci_supervision_neutral_fraction|stage2_started|mapping_scale|ci_mid|audit_ci_mae|audit_ci_max_abs|audit_ci_mean_rel|audit_ci_max_rel|audit_p_rel_l2_mean|audit_p_rel_l2_max|audit_env_rel_mean|audit_env_rel_max|audit_phase_rel_mean|audit_phase_rel_max|audit_peak_shift_mean|audit_peak_shift_max|audit_env_rel_weighted_mean|audit_phase_rel_weighted_mean|audit_peak_shift_weighted_mean|audit_checkpoint_metric|n_focus_alphas|focus_alpha_min|focus_alpha_max
results/subsonic_pinn_integral_norm_ablation_ampphase/alpha_0.800_amplitude_phase_point_max_wint_8/config.csv,0.00244903564453125,anchor_ablation,113,mach|alpha_min|alpha_max|epochs|learning_rate|hidden_dim|mode_hidden_dim|ci_hidden_dim|mode_depth|ci_depth|fixed_scalar_ci|freeze_ci|activation|fourier_features|fourier_scale|initial_ci|mapping_scale|trainable_mapping_scale|n_interior|n_boundary|n_alpha_supervision|n_anchor_alpha|n_norm_interior|n_reference_alpha|n_audit_alpha|n_mode_audit_alpha|n_mode_audit_y|audit_every|checkpoint_every|enable_classic_ci_supervision|enable_classic_mode_audit|stage_split_epoch|stage2_freeze_ci|stage2_ci_lr_scale|separate_branch_optimizers|detach_ci_in_mode_branch|ci_branch_lr|mode_branch_lr|stage1_w_ci_supervision|stage2_w_ci_supervision|stage1_neutral_fraction|stage2_neutral_fraction|focus_fraction|focus_half_width|neutral_fraction|ci_supervision_neutral_boost|neutral_half_width|error_threshold|mode_error_threshold|max_focus_points|anchor_strategy|anchor_half_width|anchor_max_candidates|mode_center_fraction|mode_center_half_width|w_pde|w_bc|w_bc_kappa|w_bc_q|w_norm|w_integral_norm|w_phase|w_peak_slope|w_peak_curvature|w_loc_center|w_loc_spread|w_first_order_v_energy|w_first_order_amp_cap|first_order_amp_cap|w_ci_supervision|w_ci_stability_outside|w_ci_neutrality|w_ci_low_alpha_zero|w_ci_smoothness|n_ci_spectral_grid|audit_ci_weight|audit_mode_weight|audit_env_weight|audit_phase_weight|audit_peak_weight|phase_mask_fraction|classic_n_points|classic_mapping_scale|classic_xi_max|enforce_mode_symmetry|mode_representation|mode_experts|alpha_split_threshold|riccati_anchor_supervision|riccati_anchor_n_xi|riccati_anchor_every|riccati_anchor_alphas|w_riccati_anchor|w_q_supervision|q_supervision_n_xi|q_supervision_every|q_supervision_alpha_count|w_riccati_center_kappa|w_riccati_center_peak|w_riccati_boundary_band_kappa|w_riccati_boundary_band_q|riccati_center_xi|riccati_boundary_band_points|riccati_boundary_band_start|riccati_boundary_band_end|w_riccati_shooting_match|riccati_shooting_steps|riccati_shooting_xi_boundary|mode_low_alpha_threshold|mode_low_alpha_weight|mode_low_alpha_audit_fraction|output_dir|device
results/subsonic_pinn_integral_norm_ablation_ampphase/alpha_0.800_amplitude_phase_point_max_wint_8/history.csv,0.5488691329956055,anchor_ablation;training_history,52,epoch|loss|loss_pde|loss_bc|loss_bc_kappa|loss_bc_q|loss_norm|loss_integral_norm|loss_phase|loss_peak_slope|loss_peak_curvature|loss_loc_center|loss_loc_spread|loss_first_order_v_energy|loss_first_order_amp_cap|loss_riccati_anchor|loss_q_supervision|loss_riccati_center_kappa|loss_riccati_center_peak|loss_riccati_boundary_band_kappa|loss_riccati_boundary_band_q|loss_riccati_shooting_match|loss_ci_stability_outside|loss_ci_neutrality|loss_ci_low_alpha_zero|loss_ci_smoothness|loss_ci_supervision|stage_w_ci_supervision|stage_neutral_fraction|ci_supervision_neutral_fraction|stage2_started|mapping_scale|ci_mid|audit_ci_mae|audit_ci_max_abs|audit_ci_mean_rel|audit_ci_max_rel|audit_p_rel_l2_mean|audit_p_rel_l2_max|audit_env_rel_mean|audit_env_rel_max|audit_phase_rel_mean|audit_phase_rel_max|audit_peak_shift_mean|audit_peak_shift_max|audit_env_rel_weighted_mean|audit_phase_rel_weighted_mean|audit_peak_shift_weighted_mean|audit_checkpoint_metric|n_focus_alphas|focus_alpha_min|focus_alpha_max
results/subsonic_pinn_integral_norm_ablation_ampphase/normalization_ablation_summary.csv,0.0106048583984375,anchor_ablation,19,mach|alpha|representation|representation_label|anchor_strategy|anchor_label|w_integral_norm|combo_label|run_dir|best_epoch|best_ci_mae|best_p_rel|best_env|best_phase|last_epoch|last_ci_mae|last_p_rel|last_env|last_phase
results/subsonic_pinn_integral_norm_ablation_cartesian/alpha_0.200_cartesian_point_max_wint_0.5/config.csv,0.0024404525756835938,anchor_ablation,113,mach|alpha_min|alpha_max|epochs|learning_rate|hidden_dim|mode_hidden_dim|ci_hidden_dim|mode_depth|ci_depth|fixed_scalar_ci|freeze_ci|activation|fourier_features|fourier_scale|initial_ci|mapping_scale|trainable_mapping_scale|n_interior|n_boundary|n_alpha_supervision|n_anchor_alpha|n_norm_interior|n_reference_alpha|n_audit_alpha|n_mode_audit_alpha|n_mode_audit_y|audit_every|checkpoint_every|enable_classic_ci_supervision|enable_classic_mode_audit|stage_split_epoch|stage2_freeze_ci|stage2_ci_lr_scale|separate_branch_optimizers|detach_ci_in_mode_branch|ci_branch_lr|mode_branch_lr|stage1_w_ci_supervision|stage2_w_ci_supervision|stage1_neutral_fraction|stage2_neutral_fraction|focus_fraction|focus_half_width|neutral_fraction|ci_supervision_neutral_boost|neutral_half_width|error_threshold|mode_error_threshold|max_focus_points|anchor_strategy|anchor_half_width|anchor_max_candidates|mode_center_fraction|mode_center_half_width|w_pde|w_bc|w_bc_kappa|w_bc_q|w_norm|w_integral_norm|w_phase|w_peak_slope|w_peak_curvature|w_loc_center|w_loc_spread|w_first_order_v_energy|w_first_order_amp_cap|first_order_amp_cap|w_ci_supervision|w_ci_stability_outside|w_ci_neutrality|w_ci_low_alpha_zero|w_ci_smoothness|n_ci_spectral_grid|audit_ci_weight|audit_mode_weight|audit_env_weight|audit_phase_weight|audit_peak_weight|phase_mask_fraction|classic_n_points|classic_mapping_scale|classic_xi_max|enforce_mode_symmetry|mode_representation|mode_experts|alpha_split_threshold|riccati_anchor_supervision|riccati_anchor_n_xi|riccati_anchor_every|riccati_anchor_alphas|w_riccati_anchor|w_q_supervision|q_supervision_n_xi|q_supervision_every|q_supervision_alpha_count|w_riccati_center_kappa|w_riccati_center_peak|w_riccati_boundary_band_kappa|w_riccati_boundary_band_q|riccati_center_xi|riccati_boundary_band_points|riccati_boundary_band_start|riccati_boundary_band_end|w_riccati_shooting_match|riccati_shooting_steps|riccati_shooting_xi_boundary|mode_low_alpha_threshold|mode_low_alpha_weight|mode_low_alpha_audit_fraction|output_dir|device
results/subsonic_pinn_integral_norm_ablation_cartesian/alpha_0.200_cartesian_point_max_wint_0.5/history.csv,0.5435791015625,anchor_ablation;training_history,52,epoch|loss|loss_pde|loss_bc|loss_bc_kappa|loss_bc_q|loss_norm|loss_integral_norm|loss_phase|loss_peak_slope|loss_peak_curvature|loss_loc_center|loss_loc_spread|loss_first_order_v_energy|loss_first_order_amp_cap|loss_riccati_anchor|loss_q_supervision|loss_riccati_center_kappa|loss_riccati_center_peak|loss_riccati_boundary_band_kappa|loss_riccati_boundary_band_q|loss_riccati_shooting_match|loss_ci_stability_outside|loss_ci_neutrality|loss_ci_low_alpha_zero|loss_ci_smoothness|loss_ci_supervision|stage_w_ci_supervision|stage_neutral_fraction|ci_supervision_neutral_fraction|stage2_started|mapping_scale|ci_mid|audit_ci_mae|audit_ci_max_abs|audit_ci_mean_rel|audit_ci_max_rel|audit_p_rel_l2_mean|audit_p_rel_l2_max|audit_env_rel_mean|audit_env_rel_max|audit_phase_rel_mean|audit_phase_rel_max|audit_peak_shift_mean|audit_peak_shift_max|audit_env_rel_weighted_mean|audit_phase_rel_weighted_mean|audit_peak_shift_weighted_mean|audit_checkpoint_metric|n_focus_alphas|focus_alpha_min|focus_alpha_max
results/subsonic_pinn_integral_norm_ablation_cartesian/alpha_0.200_cartesian_point_max_wint_1/config.csv,0.0024385452270507812,anchor_ablation,113,mach|alpha_min|alpha_max|epochs|learning_rate|hidden_dim|mode_hidden_dim|ci_hidden_dim|mode_depth|ci_depth|fixed_scalar_ci|freeze_ci|activation|fourier_features|fourier_scale|initial_ci|mapping_scale|trainable_mapping_scale|n_interior|n_boundary|n_alpha_supervision|n_anchor_alpha|n_norm_interior|n_reference_alpha|n_audit_alpha|n_mode_audit_alpha|n_mode_audit_y|audit_every|checkpoint_every|enable_classic_ci_supervision|enable_classic_mode_audit|stage_split_epoch|stage2_freeze_ci|stage2_ci_lr_scale|separate_branch_optimizers|detach_ci_in_mode_branch|ci_branch_lr|mode_branch_lr|stage1_w_ci_supervision|stage2_w_ci_supervision|stage1_neutral_fraction|stage2_neutral_fraction|focus_fraction|focus_half_width|neutral_fraction|ci_supervision_neutral_boost|neutral_half_width|error_threshold|mode_error_threshold|max_focus_points|anchor_strategy|anchor_half_width|anchor_max_candidates|mode_center_fraction|mode_center_half_width|w_pde|w_bc|w_bc_kappa|w_bc_q|w_norm|w_integral_norm|w_phase|w_peak_slope|w_peak_curvature|w_loc_center|w_loc_spread|w_first_order_v_energy|w_first_order_amp_cap|first_order_amp_cap|w_ci_supervision|w_ci_stability_outside|w_ci_neutrality|w_ci_low_alpha_zero|w_ci_smoothness|n_ci_spectral_grid|audit_ci_weight|audit_mode_weight|audit_env_weight|audit_phase_weight|audit_peak_weight|phase_mask_fraction|classic_n_points|classic_mapping_scale|classic_xi_max|enforce_mode_symmetry|mode_representation|mode_experts|alpha_split_threshold|riccati_anchor_supervision|riccati_anchor_n_xi|riccati_anchor_every|riccati_anchor_alphas|w_riccati_anchor|w_q_supervision|q_supervision_n_xi|q_supervision_every|q_supervision_alpha_count|w_riccati_center_kappa|w_riccati_center_peak|w_riccati_boundary_band_kappa|w_riccati_boundary_band_q|riccati_center_xi|riccati_boundary_band_points|riccati_boundary_band_start|riccati_boundary_band_end|w_riccati_shooting_match|riccati_shooting_steps|riccati_shooting_xi_boundary|mode_low_alpha_threshold|mode_low_alpha_weight|mode_low_alpha_audit_fraction|output_dir|device
results/subsonic_pinn_integral_norm_ablation_cartesian/alpha_0.200_cartesian_point_max_wint_1/history.csv,0.5435476303100586,anchor_ablation;training_history,52,epoch|loss|loss_pde|loss_bc|loss_bc_kappa|loss_bc_q|loss_norm|loss_integral_norm|loss_phase|loss_peak_slope|loss_peak_curvature|loss_loc_center|loss_loc_spread|loss_first_order_v_energy|loss_first_order_amp_cap|loss_riccati_anchor|loss_q_supervision|loss_riccati_center_kappa|loss_riccati_center_peak|loss_riccati_boundary_band_kappa|loss_riccati_boundary_band_q|loss_riccati_shooting_match|loss_ci_stability_outside|loss_ci_neutrality|loss_ci_low_alpha_zero|loss_ci_smoothness|loss_ci_supervision|stage_w_ci_supervision|stage_neutral_fraction|ci_supervision_neutral_fraction|stage2_started|mapping_scale|ci_mid|audit_ci_mae|audit_ci_max_abs|audit_ci_mean_rel|audit_ci_max_rel|audit_p_rel_l2_mean|audit_p_rel_l2_max|audit_env_rel_mean|audit_env_rel_max|audit_phase_rel_mean|audit_phase_rel_max|audit_peak_shift_mean|audit_peak_shift_max|audit_env_rel_weighted_mean|audit_phase_rel_weighted_mean|audit_peak_shift_weighted_mean|audit_checkpoint_metric|n_focus_alphas|focus_alpha_min|focus_alpha_max
results/subsonic_pinn_integral_norm_ablation_cartesian/alpha_0.200_cartesian_point_max_wint_2/config.csv,0.0024385452270507812,anchor_ablation,113,mach|alpha_min|alpha_max|epochs|learning_rate|hidden_dim|mode_hidden_dim|ci_hidden_dim|mode_depth|ci_depth|fixed_scalar_ci|freeze_ci|activation|fourier_features|fourier_scale|initial_ci|mapping_scale|trainable_mapping_scale|n_interior|n_boundary|n_alpha_supervision|n_anchor_alpha|n_norm_interior|n_reference_alpha|n_audit_alpha|n_mode_audit_alpha|n_mode_audit_y|audit_every|checkpoint_every|enable_classic_ci_supervision|enable_classic_mode_audit|stage_split_epoch|stage2_freeze_ci|stage2_ci_lr_scale|separate_branch_optimizers|detach_ci_in_mode_branch|ci_branch_lr|mode_branch_lr|stage1_w_ci_supervision|stage2_w_ci_supervision|stage1_neutral_fraction|stage2_neutral_fraction|focus_fraction|focus_half_width|neutral_fraction|ci_supervision_neutral_boost|neutral_half_width|error_threshold|mode_error_threshold|max_focus_points|anchor_strategy|anchor_half_width|anchor_max_candidates|mode_center_fraction|mode_center_half_width|w_pde|w_bc|w_bc_kappa|w_bc_q|w_norm|w_integral_norm|w_phase|w_peak_slope|w_peak_curvature|w_loc_center|w_loc_spread|w_first_order_v_energy|w_first_order_amp_cap|first_order_amp_cap|w_ci_supervision|w_ci_stability_outside|w_ci_neutrality|w_ci_low_alpha_zero|w_ci_smoothness|n_ci_spectral_grid|audit_ci_weight|audit_mode_weight|audit_env_weight|audit_phase_weight|audit_peak_weight|phase_mask_fraction|classic_n_points|classic_mapping_scale|classic_xi_max|enforce_mode_symmetry|mode_representation|mode_experts|alpha_split_threshold|riccati_anchor_supervision|riccati_anchor_n_xi|riccati_anchor_every|riccati_anchor_alphas|w_riccati_anchor|w_q_supervision|q_supervision_n_xi|q_supervision_every|q_supervision_alpha_count|w_riccati_center_kappa|w_riccati_center_peak|w_riccati_boundary_band_kappa|w_riccati_boundary_band_q|riccati_center_xi|riccati_boundary_band_points|riccati_boundary_band_start|riccati_boundary_band_end|w_riccati_shooting_match|riccati_shooting_steps|riccati_shooting_xi_boundary|mode_low_alpha_threshold|mode_low_alpha_weight|mode_low_alpha_audit_fraction|output_dir|device
results/subsonic_pinn_integral_norm_ablation_cartesian/alpha_0.200_cartesian_point_max_wint_2/history.csv,0.5430927276611328,anchor_ablation;training_history,52,epoch|loss|loss_pde|loss_bc|loss_bc_kappa|loss_bc_q|loss_norm|loss_integral_norm|loss_phase|loss_peak_slope|loss_peak_curvature|loss_loc_center|loss_loc_spread|loss_first_order_v_energy|loss_first_order_amp_cap|loss_riccati_anchor|loss_q_supervision|loss_riccati_center_kappa|loss_riccati_center_peak|loss_riccati_boundary_band_kappa|loss_riccati_boundary_band_q|loss_riccati_shooting_match|loss_ci_stability_outside|loss_ci_neutrality|loss_ci_low_alpha_zero|loss_ci_smoothness|loss_ci_supervision|stage_w_ci_supervision|stage_neutral_fraction|ci_supervision_neutral_fraction|stage2_started|mapping_scale|ci_mid|audit_ci_mae|audit_ci_max_abs|audit_ci_mean_rel|audit_ci_max_rel|audit_p_rel_l2_mean|audit_p_rel_l2_max|audit_env_rel_mean|audit_env_rel_max|audit_phase_rel_mean|audit_phase_rel_max|audit_peak_shift_mean|audit_peak_shift_max|audit_env_rel_weighted_mean|audit_phase_rel_weighted_mean|audit_peak_shift_weighted_mean|audit_checkpoint_metric|n_focus_alphas|focus_alpha_min|focus_alpha_max
results/subsonic_pinn_integral_norm_ablation_cartesian/alpha_0.200_cartesian_point_max_wint_4/config.csv,0.0024385452270507812,anchor_ablation,113,mach|alpha_min|alpha_max|epochs|learning_rate|hidden_dim|mode_hidden_dim|ci_hidden_dim|mode_depth|ci_depth|fixed_scalar_ci|freeze_ci|activation|fourier_features|fourier_scale|initial_ci|mapping_scale|trainable_mapping_scale|n_interior|n_boundary|n_alpha_supervision|n_anchor_alpha|n_norm_interior|n_reference_alpha|n_audit_alpha|n_mode_audit_alpha|n_mode_audit_y|audit_every|checkpoint_every|enable_classic_ci_supervision|enable_classic_mode_audit|stage_split_epoch|stage2_freeze_ci|stage2_ci_lr_scale|separate_branch_optimizers|detach_ci_in_mode_branch|ci_branch_lr|mode_branch_lr|stage1_w_ci_supervision|stage2_w_ci_supervision|stage1_neutral_fraction|stage2_neutral_fraction|focus_fraction|focus_half_width|neutral_fraction|ci_supervision_neutral_boost|neutral_half_width|error_threshold|mode_error_threshold|max_focus_points|anchor_strategy|anchor_half_width|anchor_max_candidates|mode_center_fraction|mode_center_half_width|w_pde|w_bc|w_bc_kappa|w_bc_q|w_norm|w_integral_norm|w_phase|w_peak_slope|w_peak_curvature|w_loc_center|w_loc_spread|w_first_order_v_energy|w_first_order_amp_cap|first_order_amp_cap|w_ci_supervision|w_ci_stability_outside|w_ci_neutrality|w_ci_low_alpha_zero|w_ci_smoothness|n_ci_spectral_grid|audit_ci_weight|audit_mode_weight|audit_env_weight|audit_phase_weight|audit_peak_weight|phase_mask_fraction|classic_n_points|classic_mapping_scale|classic_xi_max|enforce_mode_symmetry|mode_representation|mode_experts|alpha_split_threshold|riccati_anchor_supervision|riccati_anchor_n_xi|riccati_anchor_every|riccati_anchor_alphas|w_riccati_anchor|w_q_supervision|q_supervision_n_xi|q_supervision_every|q_supervision_alpha_count|w_riccati_center_kappa|w_riccati_center_peak|w_riccati_boundary_band_kappa|w_riccati_boundary_band_q|riccati_center_xi|riccati_boundary_band_points|riccati_boundary_band_start|riccati_boundary_band_end|w_riccati_shooting_match|riccati_shooting_steps|riccati_shooting_xi_boundary|mode_low_alpha_threshold|mode_low_alpha_weight|mode_low_alpha_audit_fraction|output_dir|device
results/subsonic_pinn_integral_norm_ablation_cartesian/alpha_0.200_cartesian_point_max_wint_4/history.csv,0.542633056640625,anchor_ablation;training_history,52,epoch|loss|loss_pde|loss_bc|loss_bc_kappa|loss_bc_q|loss_norm|loss_integral_norm|loss_phase|loss_peak_slope|loss_peak_curvature|loss_loc_center|loss_loc_spread|loss_first_order_v_energy|loss_first_order_amp_cap|loss_riccati_anchor|loss_q_supervision|loss_riccati_center_kappa|loss_riccati_center_peak|loss_riccati_boundary_band_kappa|loss_riccati_boundary_band_q|loss_riccati_shooting_match|loss_ci_stability_outside|loss_ci_neutrality|loss_ci_low_alpha_zero|loss_ci_smoothness|loss_ci_supervision|stage_w_ci_supervision|stage_neutral_fraction|ci_supervision_neutral_fraction|stage2_started|mapping_scale|ci_mid|audit_ci_mae|audit_ci_max_abs|audit_ci_mean_rel|audit_ci_max_rel|audit_p_rel_l2_mean|audit_p_rel_l2_max|audit_env_rel_mean|audit_env_rel_max|audit_phase_rel_mean|audit_phase_rel_max|audit_peak_shift_mean|audit_peak_shift_max|audit_env_rel_weighted_mean|audit_phase_rel_weighted_mean|audit_peak_shift_weighted_mean|audit_checkpoint_metric|n_focus_alphas|focus_alpha_min|focus_alpha_max
results/subsonic_pinn_integral_norm_ablation_cartesian/alpha_0.200_cartesian_point_max_wint_8/config.csv,0.0024385452270507812,anchor_ablation,113,mach|alpha_min|alpha_max|epochs|learning_rate|hidden_dim|mode_hidden_dim|ci_hidden_dim|mode_depth|ci_depth|fixed_scalar_ci|freeze_ci|activation|fourier_features|fourier_scale|initial_ci|mapping_scale|trainable_mapping_scale|n_interior|n_boundary|n_alpha_supervision|n_anchor_alpha|n_norm_interior|n_reference_alpha|n_audit_alpha|n_mode_audit_alpha|n_mode_audit_y|audit_every|checkpoint_every|enable_classic_ci_supervision|enable_classic_mode_audit|stage_split_epoch|stage2_freeze_ci|stage2_ci_lr_scale|separate_branch_optimizers|detach_ci_in_mode_branch|ci_branch_lr|mode_branch_lr|stage1_w_ci_supervision|stage2_w_ci_supervision|stage1_neutral_fraction|stage2_neutral_fraction|focus_fraction|focus_half_width|neutral_fraction|ci_supervision_neutral_boost|neutral_half_width|error_threshold|mode_error_threshold|max_focus_points|anchor_strategy|anchor_half_width|anchor_max_candidates|mode_center_fraction|mode_center_half_width|w_pde|w_bc|w_bc_kappa|w_bc_q|w_norm|w_integral_norm|w_phase|w_peak_slope|w_peak_curvature|w_loc_center|w_loc_spread|w_first_order_v_energy|w_first_order_amp_cap|first_order_amp_cap|w_ci_supervision|w_ci_stability_outside|w_ci_neutrality|w_ci_low_alpha_zero|w_ci_smoothness|n_ci_spectral_grid|audit_ci_weight|audit_mode_weight|audit_env_weight|audit_phase_weight|audit_peak_weight|phase_mask_fraction|classic_n_points|classic_mapping_scale|classic_xi_max|enforce_mode_symmetry|mode_representation|mode_experts|alpha_split_threshold|riccati_anchor_supervision|riccati_anchor_n_xi|riccati_anchor_every|riccati_anchor_alphas|w_riccati_anchor|w_q_supervision|q_supervision_n_xi|q_supervision_every|q_supervision_alpha_count|w_riccati_center_kappa|w_riccati_center_peak|w_riccati_boundary_band_kappa|w_riccati_boundary_band_q|riccati_center_xi|riccati_boundary_band_points|riccati_boundary_band_start|riccati_boundary_band_end|w_riccati_shooting_match|riccati_shooting_steps|riccati_shooting_xi_boundary|mode_low_alpha_threshold|mode_low_alpha_weight|mode_low_alpha_audit_fraction|output_dir|device
results/subsonic_pinn_integral_norm_ablation_cartesian/alpha_0.200_cartesian_point_max_wint_8/history.csv,0.5421590805053711,anchor_ablation;training_history,52,epoch|loss|loss_pde|loss_bc|loss_bc_kappa|loss_bc_q|loss_norm|loss_integral_norm|loss_phase|loss_peak_slope|loss_peak_curvature|loss_loc_center|loss_loc_spread|loss_first_order_v_energy|loss_first_order_amp_cap|loss_riccati_anchor|loss_q_supervision|loss_riccati_center_kappa|loss_riccati_center_peak|loss_riccati_boundary_band_kappa|loss_riccati_boundary_band_q|loss_riccati_shooting_match|loss_ci_stability_outside|loss_ci_neutrality|loss_ci_low_alpha_zero|loss_ci_smoothness|loss_ci_supervision|stage_w_ci_supervision|stage_neutral_fraction|ci_supervision_neutral_fraction|stage2_started|mapping_scale|ci_mid|audit_ci_mae|audit_ci_max_abs|audit_ci_mean_rel|audit_ci_max_rel|audit_p_rel_l2_mean|audit_p_rel_l2_max|audit_env_rel_mean|audit_env_rel_max|audit_phase_rel_mean|audit_phase_rel_max|audit_peak_shift_mean|audit_peak_shift_max|audit_env_rel_weighted_mean|audit_phase_rel_weighted_mean|audit_peak_shift_weighted_mean|audit_checkpoint_metric|n_focus_alphas|focus_alpha_min|focus_alpha_max
results/subsonic_pinn_integral_norm_ablation_cartesian/alpha_0.500_cartesian_point_max_wint_0.5/config.csv,0.0024404525756835938,anchor_ablation,113,mach|alpha_min|alpha_max|epochs|learning_rate|hidden_dim|mode_hidden_dim|ci_hidden_dim|mode_depth|ci_depth|fixed_scalar_ci|freeze_ci|activation|fourier_features|fourier_scale|initial_ci|mapping_scale|trainable_mapping_scale|n_interior|n_boundary|n_alpha_supervision|n_anchor_alpha|n_norm_interior|n_reference_alpha|n_audit_alpha|n_mode_audit_alpha|n_mode_audit_y|audit_every|checkpoint_every|enable_classic_ci_supervision|enable_classic_mode_audit|stage_split_epoch|stage2_freeze_ci|stage2_ci_lr_scale|separate_branch_optimizers|detach_ci_in_mode_branch|ci_branch_lr|mode_branch_lr|stage1_w_ci_supervision|stage2_w_ci_supervision|stage1_neutral_fraction|stage2_neutral_fraction|focus_fraction|focus_half_width|neutral_fraction|ci_supervision_neutral_boost|neutral_half_width|error_threshold|mode_error_threshold|max_focus_points|anchor_strategy|anchor_half_width|anchor_max_candidates|mode_center_fraction|mode_center_half_width|w_pde|w_bc|w_bc_kappa|w_bc_q|w_norm|w_integral_norm|w_phase|w_peak_slope|w_peak_curvature|w_loc_center|w_loc_spread|w_first_order_v_energy|w_first_order_amp_cap|first_order_amp_cap|w_ci_supervision|w_ci_stability_outside|w_ci_neutrality|w_ci_low_alpha_zero|w_ci_smoothness|n_ci_spectral_grid|audit_ci_weight|audit_mode_weight|audit_env_weight|audit_phase_weight|audit_peak_weight|phase_mask_fraction|classic_n_points|classic_mapping_scale|classic_xi_max|enforce_mode_symmetry|mode_representation|mode_experts|alpha_split_threshold|riccati_anchor_supervision|riccati_anchor_n_xi|riccati_anchor_every|riccati_anchor_alphas|w_riccati_anchor|w_q_supervision|q_supervision_n_xi|q_supervision_every|q_supervision_alpha_count|w_riccati_center_kappa|w_riccati_center_peak|w_riccati_boundary_band_kappa|w_riccati_boundary_band_q|riccati_center_xi|riccati_boundary_band_points|riccati_boundary_band_start|riccati_boundary_band_end|w_riccati_shooting_match|riccati_shooting_steps|riccati_shooting_xi_boundary|mode_low_alpha_threshold|mode_low_alpha_weight|mode_low_alpha_audit_fraction|output_dir|device
results/subsonic_pinn_integral_norm_ablation_cartesian/alpha_0.500_cartesian_point_max_wint_0.5/history.csv,0.5392465591430664,anchor_ablation;training_history,52,epoch|loss|loss_pde|loss_bc|loss_bc_kappa|loss_bc_q|loss_norm|loss_integral_norm|loss_phase|loss_peak_slope|loss_peak_curvature|loss_loc_center|loss_loc_spread|loss_first_order_v_energy|loss_first_order_amp_cap|loss_riccati_anchor|loss_q_supervision|loss_riccati_center_kappa|loss_riccati_center_peak|loss_riccati_boundary_band_kappa|loss_riccati_boundary_band_q|loss_riccati_shooting_match|loss_ci_stability_outside|loss_ci_neutrality|loss_ci_low_alpha_zero|loss_ci_smoothness|loss_ci_supervision|stage_w_ci_supervision|stage_neutral_fraction|ci_supervision_neutral_fraction|stage2_started|mapping_scale|ci_mid|audit_ci_mae|audit_ci_max_abs|audit_ci_mean_rel|audit_ci_max_rel|audit_p_rel_l2_mean|audit_p_rel_l2_max|audit_env_rel_mean|audit_env_rel_max|audit_phase_rel_mean|audit_phase_rel_max|audit_peak_shift_mean|audit_peak_shift_max|audit_env_rel_weighted_mean|audit_phase_rel_weighted_mean|audit_peak_shift_weighted_mean|audit_checkpoint_metric|n_focus_alphas|focus_alpha_min|focus_alpha_max
results/subsonic_pinn_integral_norm_ablation_cartesian/alpha_0.500_cartesian_point_max_wint_1/config.csv,0.0024385452270507812,anchor_ablation,113,mach|alpha_min|alpha_max|epochs|learning_rate|hidden_dim|mode_hidden_dim|ci_hidden_dim|mode_depth|ci_depth|fixed_scalar_ci|freeze_ci|activation|fourier_features|fourier_scale|initial_ci|mapping_scale|trainable_mapping_scale|n_interior|n_boundary|n_alpha_supervision|n_anchor_alpha|n_norm_interior|n_reference_alpha|n_audit_alpha|n_mode_audit_alpha|n_mode_audit_y|audit_every|checkpoint_every|enable_classic_ci_supervision|enable_classic_mode_audit|stage_split_epoch|stage2_freeze_ci|stage2_ci_lr_scale|separate_branch_optimizers|detach_ci_in_mode_branch|ci_branch_lr|mode_branch_lr|stage1_w_ci_supervision|stage2_w_ci_supervision|stage1_neutral_fraction|stage2_neutral_fraction|focus_fraction|focus_half_width|neutral_fraction|ci_supervision_neutral_boost|neutral_half_width|error_threshold|mode_error_threshold|max_focus_points|anchor_strategy|anchor_half_width|anchor_max_candidates|mode_center_fraction|mode_center_half_width|w_pde|w_bc|w_bc_kappa|w_bc_q|w_norm|w_integral_norm|w_phase|w_peak_slope|w_peak_curvature|w_loc_center|w_loc_spread|w_first_order_v_energy|w_first_order_amp_cap|first_order_amp_cap|w_ci_supervision|w_ci_stability_outside|w_ci_neutrality|w_ci_low_alpha_zero|w_ci_smoothness|n_ci_spectral_grid|audit_ci_weight|audit_mode_weight|audit_env_weight|audit_phase_weight|audit_peak_weight|phase_mask_fraction|classic_n_points|classic_mapping_scale|classic_xi_max|enforce_mode_symmetry|mode_representation|mode_experts|alpha_split_threshold|riccati_anchor_supervision|riccati_anchor_n_xi|riccati_anchor_every|riccati_anchor_alphas|w_riccati_anchor|w_q_supervision|q_supervision_n_xi|q_supervision_every|q_supervision_alpha_count|w_riccati_center_kappa|w_riccati_center_peak|w_riccati_boundary_band_kappa|w_riccati_boundary_band_q|riccati_center_xi|riccati_boundary_band_points|riccati_boundary_band_start|riccati_boundary_band_end|w_riccati_shooting_match|riccati_shooting_steps|riccati_shooting_xi_boundary|mode_low_alpha_threshold|mode_low_alpha_weight|mode_low_alpha_audit_fraction|output_dir|device
results/subsonic_pinn_integral_norm_ablation_cartesian/alpha_0.500_cartesian_point_max_wint_1/history.csv,0.5392045974731445,anchor_ablation;training_history,52,epoch|loss|loss_pde|loss_bc|loss_bc_kappa|loss_bc_q|loss_norm|loss_integral_norm|loss_phase|loss_peak_slope|loss_peak_curvature|loss_loc_center|loss_loc_spread|loss_first_order_v_energy|loss_first_order_amp_cap|loss_riccati_anchor|loss_q_supervision|loss_riccati_center_kappa|loss_riccati_center_peak|loss_riccati_boundary_band_kappa|loss_riccati_boundary_band_q|loss_riccati_shooting_match|loss_ci_stability_outside|loss_ci_neutrality|loss_ci_low_alpha_zero|loss_ci_smoothness|loss_ci_supervision|stage_w_ci_supervision|stage_neutral_fraction|ci_supervision_neutral_fraction|stage2_started|mapping_scale|ci_mid|audit_ci_mae|audit_ci_max_abs|audit_ci_mean_rel|audit_ci_max_rel|audit_p_rel_l2_mean|audit_p_rel_l2_max|audit_env_rel_mean|audit_env_rel_max|audit_phase_rel_mean|audit_phase_rel_max|audit_peak_shift_mean|audit_peak_shift_max|audit_env_rel_weighted_mean|audit_phase_rel_weighted_mean|audit_peak_shift_weighted_mean|audit_checkpoint_metric|n_focus_alphas|focus_alpha_min|focus_alpha_max
results/subsonic_pinn_integral_norm_ablation_cartesian/alpha_0.500_cartesian_point_max_wint_2/config.csv,0.0024385452270507812,anchor_ablation,113,mach|alpha_min|alpha_max|epochs|learning_rate|hidden_dim|mode_hidden_dim|ci_hidden_dim|mode_depth|ci_depth|fixed_scalar_ci|freeze_ci|activation|fourier_features|fourier_scale|initial_ci|mapping_scale|trainable_mapping_scale|n_interior|n_boundary|n_alpha_supervision|n_anchor_alpha|n_norm_interior|n_reference_alpha|n_audit_alpha|n_mode_audit_alpha|n_mode_audit_y|audit_every|checkpoint_every|enable_classic_ci_supervision|enable_classic_mode_audit|stage_split_epoch|stage2_freeze_ci|stage2_ci_lr_scale|separate_branch_optimizers|detach_ci_in_mode_branch|ci_branch_lr|mode_branch_lr|stage1_w_ci_supervision|stage2_w_ci_supervision|stage1_neutral_fraction|stage2_neutral_fraction|focus_fraction|focus_half_width|neutral_fraction|ci_supervision_neutral_boost|neutral_half_width|error_threshold|mode_error_threshold|max_focus_points|anchor_strategy|anchor_half_width|anchor_max_candidates|mode_center_fraction|mode_center_half_width|w_pde|w_bc|w_bc_kappa|w_bc_q|w_norm|w_integral_norm|w_phase|w_peak_slope|w_peak_curvature|w_loc_center|w_loc_spread|w_first_order_v_energy|w_first_order_amp_cap|first_order_amp_cap|w_ci_supervision|w_ci_stability_outside|w_ci_neutrality|w_ci_low_alpha_zero|w_ci_smoothness|n_ci_spectral_grid|audit_ci_weight|audit_mode_weight|audit_env_weight|audit_phase_weight|audit_peak_weight|phase_mask_fraction|classic_n_points|classic_mapping_scale|classic_xi_max|enforce_mode_symmetry|mode_representation|mode_experts|alpha_split_threshold|riccati_anchor_supervision|riccati_anchor_n_xi|riccati_anchor_every|riccati_anchor_alphas|w_riccati_anchor|w_q_supervision|q_supervision_n_xi|q_supervision_every|q_supervision_alpha_count|w_riccati_center_kappa|w_riccati_center_peak|w_riccati_boundary_band_kappa|w_riccati_boundary_band_q|riccati_center_xi|riccati_boundary_band_points|riccati_boundary_band_start|riccati_boundary_band_end|w_riccati_shooting_match|riccati_shooting_steps|riccati_shooting_xi_boundary|mode_low_alpha_threshold|mode_low_alpha_weight|mode_low_alpha_audit_fraction|output_dir|device
results/subsonic_pinn_integral_norm_ablation_cartesian/alpha_0.500_cartesian_point_max_wint_2/history.csv,0.5391054153442383,anchor_ablation;training_history,52,epoch|loss|loss_pde|loss_bc|loss_bc_kappa|loss_bc_q|loss_norm|loss_integral_norm|loss_phase|loss_peak_slope|loss_peak_curvature|loss_loc_center|loss_loc_spread|loss_first_order_v_energy|loss_first_order_amp_cap|loss_riccati_anchor|loss_q_supervision|loss_riccati_center_kappa|loss_riccati_center_peak|loss_riccati_boundary_band_kappa|loss_riccati_boundary_band_q|loss_riccati_shooting_match|loss_ci_stability_outside|loss_ci_neutrality|loss_ci_low_alpha_zero|loss_ci_smoothness|loss_ci_supervision|stage_w_ci_supervision|stage_neutral_fraction|ci_supervision_neutral_fraction|stage2_started|mapping_scale|ci_mid|audit_ci_mae|audit_ci_max_abs|audit_ci_mean_rel|audit_ci_max_rel|audit_p_rel_l2_mean|audit_p_rel_l2_max|audit_env_rel_mean|audit_env_rel_max|audit_phase_rel_mean|audit_phase_rel_max|audit_peak_shift_mean|audit_peak_shift_max|audit_env_rel_weighted_mean|audit_phase_rel_weighted_mean|audit_peak_shift_weighted_mean|audit_checkpoint_metric|n_focus_alphas|focus_alpha_min|focus_alpha_max
results/subsonic_pinn_integral_norm_ablation_cartesian/alpha_0.500_cartesian_point_max_wint_4/config.csv,0.0024385452270507812,anchor_ablation,113,mach|alpha_min|alpha_max|epochs|learning_rate|hidden_dim|mode_hidden_dim|ci_hidden_dim|mode_depth|ci_depth|fixed_scalar_ci|freeze_ci|activation|fourier_features|fourier_scale|initial_ci|mapping_scale|trainable_mapping_scale|n_interior|n_boundary|n_alpha_supervision|n_anchor_alpha|n_norm_interior|n_reference_alpha|n_audit_alpha|n_mode_audit_alpha|n_mode_audit_y|audit_every|checkpoint_every|enable_classic_ci_supervision|enable_classic_mode_audit|stage_split_epoch|stage2_freeze_ci|stage2_ci_lr_scale|separate_branch_optimizers|detach_ci_in_mode_branch|ci_branch_lr|mode_branch_lr|stage1_w_ci_supervision|stage2_w_ci_supervision|stage1_neutral_fraction|stage2_neutral_fraction|focus_fraction|focus_half_width|neutral_fraction|ci_supervision_neutral_boost|neutral_half_width|error_threshold|mode_error_threshold|max_focus_points|anchor_strategy|anchor_half_width|anchor_max_candidates|mode_center_fraction|mode_center_half_width|w_pde|w_bc|w_bc_kappa|w_bc_q|w_norm|w_integral_norm|w_phase|w_peak_slope|w_peak_curvature|w_loc_center|w_loc_spread|w_first_order_v_energy|w_first_order_amp_cap|first_order_amp_cap|w_ci_supervision|w_ci_stability_outside|w_ci_neutrality|w_ci_low_alpha_zero|w_ci_smoothness|n_ci_spectral_grid|audit_ci_weight|audit_mode_weight|audit_env_weight|audit_phase_weight|audit_peak_weight|phase_mask_fraction|classic_n_points|classic_mapping_scale|classic_xi_max|enforce_mode_symmetry|mode_representation|mode_experts|alpha_split_threshold|riccati_anchor_supervision|riccati_anchor_n_xi|riccati_anchor_every|riccati_anchor_alphas|w_riccati_anchor|w_q_supervision|q_supervision_n_xi|q_supervision_every|q_supervision_alpha_count|w_riccati_center_kappa|w_riccati_center_peak|w_riccati_boundary_band_kappa|w_riccati_boundary_band_q|riccati_center_xi|riccati_boundary_band_points|riccati_boundary_band_start|riccati_boundary_band_end|w_riccati_shooting_match|riccati_shooting_steps|riccati_shooting_xi_boundary|mode_low_alpha_threshold|mode_low_alpha_weight|mode_low_alpha_audit_fraction|output_dir|device
results/subsonic_pinn_integral_norm_ablation_cartesian/alpha_0.500_cartesian_point_max_wint_4/history.csv,0.5392885208129883,anchor_ablation;training_history,52,epoch|loss|loss_pde|loss_bc|loss_bc_kappa|loss_bc_q|loss_norm|loss_integral_norm|loss_phase|loss_peak_slope|loss_peak_curvature|loss_loc_center|loss_loc_spread|loss_first_order_v_energy|loss_first_order_amp_cap|loss_riccati_anchor|loss_q_supervision|loss_riccati_center_kappa|loss_riccati_center_peak|loss_riccati_boundary_band_kappa|loss_riccati_boundary_band_q|loss_riccati_shooting_match|loss_ci_stability_outside|loss_ci_neutrality|loss_ci_low_alpha_zero|loss_ci_smoothness|loss_ci_supervision|stage_w_ci_supervision|stage_neutral_fraction|ci_supervision_neutral_fraction|stage2_started|mapping_scale|ci_mid|audit_ci_mae|audit_ci_max_abs|audit_ci_mean_rel|audit_ci_max_rel|audit_p_rel_l2_mean|audit_p_rel_l2_max|audit_env_rel_mean|audit_env_rel_max|audit_phase_rel_mean|audit_phase_rel_max|audit_peak_shift_mean|audit_peak_shift_max|audit_env_rel_weighted_mean|audit_phase_rel_weighted_mean|audit_peak_shift_weighted_mean|audit_checkpoint_metric|n_focus_alphas|focus_alpha_min|focus_alpha_max
results/subsonic_pinn_integral_norm_ablation_cartesian/alpha_0.500_cartesian_point_max_wint_8/config.csv,0.0024385452270507812,anchor_ablation,113,mach|alpha_min|alpha_max|epochs|learning_rate|hidden_dim|mode_hidden_dim|ci_hidden_dim|mode_depth|ci_depth|fixed_scalar_ci|freeze_ci|activation|fourier_features|fourier_scale|initial_ci|mapping_scale|trainable_mapping_scale|n_interior|n_boundary|n_alpha_supervision|n_anchor_alpha|n_norm_interior|n_reference_alpha|n_audit_alpha|n_mode_audit_alpha|n_mode_audit_y|audit_every|checkpoint_every|enable_classic_ci_supervision|enable_classic_mode_audit|stage_split_epoch|stage2_freeze_ci|stage2_ci_lr_scale|separate_branch_optimizers|detach_ci_in_mode_branch|ci_branch_lr|mode_branch_lr|stage1_w_ci_supervision|stage2_w_ci_supervision|stage1_neutral_fraction|stage2_neutral_fraction|focus_fraction|focus_half_width|neutral_fraction|ci_supervision_neutral_boost|neutral_half_width|error_threshold|mode_error_threshold|max_focus_points|anchor_strategy|anchor_half_width|anchor_max_candidates|mode_center_fraction|mode_center_half_width|w_pde|w_bc|w_bc_kappa|w_bc_q|w_norm|w_integral_norm|w_phase|w_peak_slope|w_peak_curvature|w_loc_center|w_loc_spread|w_first_order_v_energy|w_first_order_amp_cap|first_order_amp_cap|w_ci_supervision|w_ci_stability_outside|w_ci_neutrality|w_ci_low_alpha_zero|w_ci_smoothness|n_ci_spectral_grid|audit_ci_weight|audit_mode_weight|audit_env_weight|audit_phase_weight|audit_peak_weight|phase_mask_fraction|classic_n_points|classic_mapping_scale|classic_xi_max|enforce_mode_symmetry|mode_representation|mode_experts|alpha_split_threshold|riccati_anchor_supervision|riccati_anchor_n_xi|riccati_anchor_every|riccati_anchor_alphas|w_riccati_anchor|w_q_supervision|q_supervision_n_xi|q_supervision_every|q_supervision_alpha_count|w_riccati_center_kappa|w_riccati_center_peak|w_riccati_boundary_band_kappa|w_riccati_boundary_band_q|riccati_center_xi|riccati_boundary_band_points|riccati_boundary_band_start|riccati_boundary_band_end|w_riccati_shooting_match|riccati_shooting_steps|riccati_shooting_xi_boundary|mode_low_alpha_threshold|mode_low_alpha_weight|mode_low_alpha_audit_fraction|output_dir|device
results/subsonic_pinn_integral_norm_ablation_cartesian/alpha_0.500_cartesian_point_max_wint_8/history.csv,0.5380878448486328,anchor_ablation;training_history,52,epoch|loss|loss_pde|loss_bc|loss_bc_kappa|loss_bc_q|loss_norm|loss_integral_norm|loss_phase|loss_peak_slope|loss_peak_curvature|loss_loc_center|loss_loc_spread|loss_first_order_v_energy|loss_first_order_amp_cap|loss_riccati_anchor|loss_q_supervision|loss_riccati_center_kappa|loss_riccati_center_peak|loss_riccati_boundary_band_kappa|loss_riccati_boundary_band_q|loss_riccati_shooting_match|loss_ci_stability_outside|loss_ci_neutrality|loss_ci_low_alpha_zero|loss_ci_smoothness|loss_ci_supervision|stage_w_ci_supervision|stage_neutral_fraction|ci_supervision_neutral_fraction|stage2_started|mapping_scale|ci_mid|audit_ci_mae|audit_ci_max_abs|audit_ci_mean_rel|audit_ci_max_rel|audit_p_rel_l2_mean|audit_p_rel_l2_max|audit_env_rel_mean|audit_env_rel_max|audit_phase_rel_mean|audit_phase_rel_max|audit_peak_shift_mean|audit_peak_shift_max|audit_env_rel_weighted_mean|audit_phase_rel_weighted_mean|audit_peak_shift_weighted_mean|audit_checkpoint_metric|n_focus_alphas|focus_alpha_min|focus_alpha_max
results/subsonic_pinn_integral_norm_ablation_cartesian/alpha_0.800_cartesian_point_max_wint_0.5/config.csv,0.0024404525756835938,anchor_ablation,113,mach|alpha_min|alpha_max|epochs|learning_rate|hidden_dim|mode_hidden_dim|ci_hidden_dim|mode_depth|ci_depth|fixed_scalar_ci|freeze_ci|activation|fourier_features|fourier_scale|initial_ci|mapping_scale|trainable_mapping_scale|n_interior|n_boundary|n_alpha_supervision|n_anchor_alpha|n_norm_interior|n_reference_alpha|n_audit_alpha|n_mode_audit_alpha|n_mode_audit_y|audit_every|checkpoint_every|enable_classic_ci_supervision|enable_classic_mode_audit|stage_split_epoch|stage2_freeze_ci|stage2_ci_lr_scale|separate_branch_optimizers|detach_ci_in_mode_branch|ci_branch_lr|mode_branch_lr|stage1_w_ci_supervision|stage2_w_ci_supervision|stage1_neutral_fraction|stage2_neutral_fraction|focus_fraction|focus_half_width|neutral_fraction|ci_supervision_neutral_boost|neutral_half_width|error_threshold|mode_error_threshold|max_focus_points|anchor_strategy|anchor_half_width|anchor_max_candidates|mode_center_fraction|mode_center_half_width|w_pde|w_bc|w_bc_kappa|w_bc_q|w_norm|w_integral_norm|w_phase|w_peak_slope|w_peak_curvature|w_loc_center|w_loc_spread|w_first_order_v_energy|w_first_order_amp_cap|first_order_amp_cap|w_ci_supervision|w_ci_stability_outside|w_ci_neutrality|w_ci_low_alpha_zero|w_ci_smoothness|n_ci_spectral_grid|audit_ci_weight|audit_mode_weight|audit_env_weight|audit_phase_weight|audit_peak_weight|phase_mask_fraction|classic_n_points|classic_mapping_scale|classic_xi_max|enforce_mode_symmetry|mode_representation|mode_experts|alpha_split_threshold|riccati_anchor_supervision|riccati_anchor_n_xi|riccati_anchor_every|riccati_anchor_alphas|w_riccati_anchor|w_q_supervision|q_supervision_n_xi|q_supervision_every|q_supervision_alpha_count|w_riccati_center_kappa|w_riccati_center_peak|w_riccati_boundary_band_kappa|w_riccati_boundary_band_q|riccati_center_xi|riccati_boundary_band_points|riccati_boundary_band_start|riccati_boundary_band_end|w_riccati_shooting_match|riccati_shooting_steps|riccati_shooting_xi_boundary|mode_low_alpha_threshold|mode_low_alpha_weight|mode_low_alpha_audit_fraction|output_dir|device
results/subsonic_pinn_integral_norm_ablation_cartesian/alpha_0.800_cartesian_point_max_wint_0.5/history.csv,0.5512676239013672,anchor_ablation;training_history,52,epoch|loss|loss_pde|loss_bc|loss_bc_kappa|loss_bc_q|loss_norm|loss_integral_norm|loss_phase|loss_peak_slope|loss_peak_curvature|loss_loc_center|loss_loc_spread|loss_first_order_v_energy|loss_first_order_amp_cap|loss_riccati_anchor|loss_q_supervision|loss_riccati_center_kappa|loss_riccati_center_peak|loss_riccati_boundary_band_kappa|loss_riccati_boundary_band_q|loss_riccati_shooting_match|loss_ci_stability_outside|loss_ci_neutrality|loss_ci_low_alpha_zero|loss_ci_smoothness|loss_ci_supervision|stage_w_ci_supervision|stage_neutral_fraction|ci_supervision_neutral_fraction|stage2_started|mapping_scale|ci_mid|audit_ci_mae|audit_ci_max_abs|audit_ci_mean_rel|audit_ci_max_rel|audit_p_rel_l2_mean|audit_p_rel_l2_max|audit_env_rel_mean|audit_env_rel_max|audit_phase_rel_mean|audit_phase_rel_max|audit_peak_shift_mean|audit_peak_shift_max|audit_env_rel_weighted_mean|audit_phase_rel_weighted_mean|audit_peak_shift_weighted_mean|audit_checkpoint_metric|n_focus_alphas|focus_alpha_min|focus_alpha_max
results/subsonic_pinn_integral_norm_ablation_cartesian/alpha_0.800_cartesian_point_max_wint_1/config.csv,0.0024385452270507812,anchor_ablation,113,mach|alpha_min|alpha_max|epochs|learning_rate|hidden_dim|mode_hidden_dim|ci_hidden_dim|mode_depth|ci_depth|fixed_scalar_ci|freeze_ci|activation|fourier_features|fourier_scale|initial_ci|mapping_scale|trainable_mapping_scale|n_interior|n_boundary|n_alpha_supervision|n_anchor_alpha|n_norm_interior|n_reference_alpha|n_audit_alpha|n_mode_audit_alpha|n_mode_audit_y|audit_every|checkpoint_every|enable_classic_ci_supervision|enable_classic_mode_audit|stage_split_epoch|stage2_freeze_ci|stage2_ci_lr_scale|separate_branch_optimizers|detach_ci_in_mode_branch|ci_branch_lr|mode_branch_lr|stage1_w_ci_supervision|stage2_w_ci_supervision|stage1_neutral_fraction|stage2_neutral_fraction|focus_fraction|focus_half_width|neutral_fraction|ci_supervision_neutral_boost|neutral_half_width|error_threshold|mode_error_threshold|max_focus_points|anchor_strategy|anchor_half_width|anchor_max_candidates|mode_center_fraction|mode_center_half_width|w_pde|w_bc|w_bc_kappa|w_bc_q|w_norm|w_integral_norm|w_phase|w_peak_slope|w_peak_curvature|w_loc_center|w_loc_spread|w_first_order_v_energy|w_first_order_amp_cap|first_order_amp_cap|w_ci_supervision|w_ci_stability_outside|w_ci_neutrality|w_ci_low_alpha_zero|w_ci_smoothness|n_ci_spectral_grid|audit_ci_weight|audit_mode_weight|audit_env_weight|audit_phase_weight|audit_peak_weight|phase_mask_fraction|classic_n_points|classic_mapping_scale|classic_xi_max|enforce_mode_symmetry|mode_representation|mode_experts|alpha_split_threshold|riccati_anchor_supervision|riccati_anchor_n_xi|riccati_anchor_every|riccati_anchor_alphas|w_riccati_anchor|w_q_supervision|q_supervision_n_xi|q_supervision_every|q_supervision_alpha_count|w_riccati_center_kappa|w_riccati_center_peak|w_riccati_boundary_band_kappa|w_riccati_boundary_band_q|riccati_center_xi|riccati_boundary_band_points|riccati_boundary_band_start|riccati_boundary_band_end|w_riccati_shooting_match|riccati_shooting_steps|riccati_shooting_xi_boundary|mode_low_alpha_threshold|mode_low_alpha_weight|mode_low_alpha_audit_fraction|output_dir|device
results/subsonic_pinn_integral_norm_ablation_cartesian/alpha_0.800_cartesian_point_max_wint_1/history.csv,0.5526494979858398,anchor_ablation;training_history,52,epoch|loss|loss_pde|loss_bc|loss_bc_kappa|loss_bc_q|loss_norm|loss_integral_norm|loss_phase|loss_peak_slope|loss_peak_curvature|loss_loc_center|loss_loc_spread|loss_first_order_v_energy|loss_first_order_amp_cap|loss_riccati_anchor|loss_q_supervision|loss_riccati_center_kappa|loss_riccati_center_peak|loss_riccati_boundary_band_kappa|loss_riccati_boundary_band_q|loss_riccati_shooting_match|loss_ci_stability_outside|loss_ci_neutrality|loss_ci_low_alpha_zero|loss_ci_smoothness|loss_ci_supervision|stage_w_ci_supervision|stage_neutral_fraction|ci_supervision_neutral_fraction|stage2_started|mapping_scale|ci_mid|audit_ci_mae|audit_ci_max_abs|audit_ci_mean_rel|audit_ci_max_rel|audit_p_rel_l2_mean|audit_p_rel_l2_max|audit_env_rel_mean|audit_env_rel_max|audit_phase_rel_mean|audit_phase_rel_max|audit_peak_shift_mean|audit_peak_shift_max|audit_env_rel_weighted_mean|audit_phase_rel_weighted_mean|audit_peak_shift_weighted_mean|audit_checkpoint_metric|n_focus_alphas|focus_alpha_min|focus_alpha_max
results/subsonic_pinn_integral_norm_ablation_cartesian/alpha_0.800_cartesian_point_max_wint_2/config.csv,0.0024385452270507812,anchor_ablation,113,mach|alpha_min|alpha_max|epochs|learning_rate|hidden_dim|mode_hidden_dim|ci_hidden_dim|mode_depth|ci_depth|fixed_scalar_ci|freeze_ci|activation|fourier_features|fourier_scale|initial_ci|mapping_scale|trainable_mapping_scale|n_interior|n_boundary|n_alpha_supervision|n_anchor_alpha|n_norm_interior|n_reference_alpha|n_audit_alpha|n_mode_audit_alpha|n_mode_audit_y|audit_every|checkpoint_every|enable_classic_ci_supervision|enable_classic_mode_audit|stage_split_epoch|stage2_freeze_ci|stage2_ci_lr_scale|separate_branch_optimizers|detach_ci_in_mode_branch|ci_branch_lr|mode_branch_lr|stage1_w_ci_supervision|stage2_w_ci_supervision|stage1_neutral_fraction|stage2_neutral_fraction|focus_fraction|focus_half_width|neutral_fraction|ci_supervision_neutral_boost|neutral_half_width|error_threshold|mode_error_threshold|max_focus_points|anchor_strategy|anchor_half_width|anchor_max_candidates|mode_center_fraction|mode_center_half_width|w_pde|w_bc|w_bc_kappa|w_bc_q|w_norm|w_integral_norm|w_phase|w_peak_slope|w_peak_curvature|w_loc_center|w_loc_spread|w_first_order_v_energy|w_first_order_amp_cap|first_order_amp_cap|w_ci_supervision|w_ci_stability_outside|w_ci_neutrality|w_ci_low_alpha_zero|w_ci_smoothness|n_ci_spectral_grid|audit_ci_weight|audit_mode_weight|audit_env_weight|audit_phase_weight|audit_peak_weight|phase_mask_fraction|classic_n_points|classic_mapping_scale|classic_xi_max|enforce_mode_symmetry|mode_representation|mode_experts|alpha_split_threshold|riccati_anchor_supervision|riccati_anchor_n_xi|riccati_anchor_every|riccati_anchor_alphas|w_riccati_anchor|w_q_supervision|q_supervision_n_xi|q_supervision_every|q_supervision_alpha_count|w_riccati_center_kappa|w_riccati_center_peak|w_riccati_boundary_band_kappa|w_riccati_boundary_band_q|riccati_center_xi|riccati_boundary_band_points|riccati_boundary_band_start|riccati_boundary_band_end|w_riccati_shooting_match|riccati_shooting_steps|riccati_shooting_xi_boundary|mode_low_alpha_threshold|mode_low_alpha_weight|mode_low_alpha_audit_fraction|output_dir|device
results/subsonic_pinn_integral_norm_ablation_cartesian/alpha_0.800_cartesian_point_max_wint_2/history.csv,0.5443944931030273,anchor_ablation;training_history,52,epoch|loss|loss_pde|loss_bc|loss_bc_kappa|loss_bc_q|loss_norm|loss_integral_norm|loss_phase|loss_peak_slope|loss_peak_curvature|loss_loc_center|loss_loc_spread|loss_first_order_v_energy|loss_first_order_amp_cap|loss_riccati_anchor|loss_q_supervision|loss_riccati_center_kappa|loss_riccati_center_peak|loss_riccati_boundary_band_kappa|loss_riccati_boundary_band_q|loss_riccati_shooting_match|loss_ci_stability_outside|loss_ci_neutrality|loss_ci_low_alpha_zero|loss_ci_smoothness|loss_ci_supervision|stage_w_ci_supervision|stage_neutral_fraction|ci_supervision_neutral_fraction|stage2_started|mapping_scale|ci_mid|audit_ci_mae|audit_ci_max_abs|audit_ci_mean_rel|audit_ci_max_rel|audit_p_rel_l2_mean|audit_p_rel_l2_max|audit_env_rel_mean|audit_env_rel_max|audit_phase_rel_mean|audit_phase_rel_max|audit_peak_shift_mean|audit_peak_shift_max|audit_env_rel_weighted_mean|audit_phase_rel_weighted_mean|audit_peak_shift_weighted_mean|audit_checkpoint_metric|n_focus_alphas|focus_alpha_min|focus_alpha_max
results/subsonic_pinn_integral_norm_ablation_cartesian/alpha_0.800_cartesian_point_max_wint_4/config.csv,0.0024385452270507812,anchor_ablation,113,mach|alpha_min|alpha_max|epochs|learning_rate|hidden_dim|mode_hidden_dim|ci_hidden_dim|mode_depth|ci_depth|fixed_scalar_ci|freeze_ci|activation|fourier_features|fourier_scale|initial_ci|mapping_scale|trainable_mapping_scale|n_interior|n_boundary|n_alpha_supervision|n_anchor_alpha|n_norm_interior|n_reference_alpha|n_audit_alpha|n_mode_audit_alpha|n_mode_audit_y|audit_every|checkpoint_every|enable_classic_ci_supervision|enable_classic_mode_audit|stage_split_epoch|stage2_freeze_ci|stage2_ci_lr_scale|separate_branch_optimizers|detach_ci_in_mode_branch|ci_branch_lr|mode_branch_lr|stage1_w_ci_supervision|stage2_w_ci_supervision|stage1_neutral_fraction|stage2_neutral_fraction|focus_fraction|focus_half_width|neutral_fraction|ci_supervision_neutral_boost|neutral_half_width|error_threshold|mode_error_threshold|max_focus_points|anchor_strategy|anchor_half_width|anchor_max_candidates|mode_center_fraction|mode_center_half_width|w_pde|w_bc|w_bc_kappa|w_bc_q|w_norm|w_integral_norm|w_phase|w_peak_slope|w_peak_curvature|w_loc_center|w_loc_spread|w_first_order_v_energy|w_first_order_amp_cap|first_order_amp_cap|w_ci_supervision|w_ci_stability_outside|w_ci_neutrality|w_ci_low_alpha_zero|w_ci_smoothness|n_ci_spectral_grid|audit_ci_weight|audit_mode_weight|audit_env_weight|audit_phase_weight|audit_peak_weight|phase_mask_fraction|classic_n_points|classic_mapping_scale|classic_xi_max|enforce_mode_symmetry|mode_representation|mode_experts|alpha_split_threshold|riccati_anchor_supervision|riccati_anchor_n_xi|riccati_anchor_every|riccati_anchor_alphas|w_riccati_anchor|w_q_supervision|q_supervision_n_xi|q_supervision_every|q_supervision_alpha_count|w_riccati_center_kappa|w_riccati_center_peak|w_riccati_boundary_band_kappa|w_riccati_boundary_band_q|riccati_center_xi|riccati_boundary_band_points|riccati_boundary_band_start|riccati_boundary_band_end|w_riccati_shooting_match|riccati_shooting_steps|riccati_shooting_xi_boundary|mode_low_alpha_threshold|mode_low_alpha_weight|mode_low_alpha_audit_fraction|output_dir|device
results/subsonic_pinn_integral_norm_ablation_cartesian/alpha_0.800_cartesian_point_max_wint_4/history.csv,0.5524358749389648,anchor_ablation;training_history,52,epoch|loss|loss_pde|loss_bc|loss_bc_kappa|loss_bc_q|loss_norm|loss_integral_norm|loss_phase|loss_peak_slope|loss_peak_curvature|loss_loc_center|loss_loc_spread|loss_first_order_v_energy|loss_first_order_amp_cap|loss_riccati_anchor|loss_q_supervision|loss_riccati_center_kappa|loss_riccati_center_peak|loss_riccati_boundary_band_kappa|loss_riccati_boundary_band_q|loss_riccati_shooting_match|loss_ci_stability_outside|loss_ci_neutrality|loss_ci_low_alpha_zero|loss_ci_smoothness|loss_ci_supervision|stage_w_ci_supervision|stage_neutral_fraction|ci_supervision_neutral_fraction|stage2_started|mapping_scale|ci_mid|audit_ci_mae|audit_ci_max_abs|audit_ci_mean_rel|audit_ci_max_rel|audit_p_rel_l2_mean|audit_p_rel_l2_max|audit_env_rel_mean|audit_env_rel_max|audit_phase_rel_mean|audit_phase_rel_max|audit_peak_shift_mean|audit_peak_shift_max|audit_env_rel_weighted_mean|audit_phase_rel_weighted_mean|audit_peak_shift_weighted_mean|audit_checkpoint_metric|n_focus_alphas|focus_alpha_min|focus_alpha_max
results/subsonic_pinn_integral_norm_ablation_cartesian/alpha_0.800_cartesian_point_max_wint_8/config.csv,0.0024385452270507812,anchor_ablation,113,mach|alpha_min|alpha_max|epochs|learning_rate|hidden_dim|mode_hidden_dim|ci_hidden_dim|mode_depth|ci_depth|fixed_scalar_ci|freeze_ci|activation|fourier_features|fourier_scale|initial_ci|mapping_scale|trainable_mapping_scale|n_interior|n_boundary|n_alpha_supervision|n_anchor_alpha|n_norm_interior|n_reference_alpha|n_audit_alpha|n_mode_audit_alpha|n_mode_audit_y|audit_every|checkpoint_every|enable_classic_ci_supervision|enable_classic_mode_audit|stage_split_epoch|stage2_freeze_ci|stage2_ci_lr_scale|separate_branch_optimizers|detach_ci_in_mode_branch|ci_branch_lr|mode_branch_lr|stage1_w_ci_supervision|stage2_w_ci_supervision|stage1_neutral_fraction|stage2_neutral_fraction|focus_fraction|focus_half_width|neutral_fraction|ci_supervision_neutral_boost|neutral_half_width|error_threshold|mode_error_threshold|max_focus_points|anchor_strategy|anchor_half_width|anchor_max_candidates|mode_center_fraction|mode_center_half_width|w_pde|w_bc|w_bc_kappa|w_bc_q|w_norm|w_integral_norm|w_phase|w_peak_slope|w_peak_curvature|w_loc_center|w_loc_spread|w_first_order_v_energy|w_first_order_amp_cap|first_order_amp_cap|w_ci_supervision|w_ci_stability_outside|w_ci_neutrality|w_ci_low_alpha_zero|w_ci_smoothness|n_ci_spectral_grid|audit_ci_weight|audit_mode_weight|audit_env_weight|audit_phase_weight|audit_peak_weight|phase_mask_fraction|classic_n_points|classic_mapping_scale|classic_xi_max|enforce_mode_symmetry|mode_representation|mode_experts|alpha_split_threshold|riccati_anchor_supervision|riccati_anchor_n_xi|riccati_anchor_every|riccati_anchor_alphas|w_riccati_anchor|w_q_supervision|q_supervision_n_xi|q_supervision_every|q_supervision_alpha_count|w_riccati_center_kappa|w_riccati_center_peak|w_riccati_boundary_band_kappa|w_riccati_boundary_band_q|riccati_center_xi|riccati_boundary_band_points|riccati_boundary_band_start|riccati_boundary_band_end|w_riccati_shooting_match|riccati_shooting_steps|riccati_shooting_xi_boundary|mode_low_alpha_threshold|mode_low_alpha_weight|mode_low_alpha_audit_fraction|output_dir|device
results/subsonic_pinn_integral_norm_ablation_cartesian/alpha_0.800_cartesian_point_max_wint_8/history.csv,0.5504493713378906,anchor_ablation;training_history,52,epoch|loss|loss_pde|loss_bc|loss_bc_kappa|loss_bc_q|loss_norm|loss_integral_norm|loss_phase|loss_peak_slope|loss_peak_curvature|loss_loc_center|loss_loc_spread|loss_first_order_v_energy|loss_first_order_amp_cap|loss_riccati_anchor|loss_q_supervision|loss_riccati_center_kappa|loss_riccati_center_peak|loss_riccati_boundary_band_kappa|loss_riccati_boundary_band_q|loss_riccati_shooting_match|loss_ci_stability_outside|loss_ci_neutrality|loss_ci_low_alpha_zero|loss_ci_smoothness|loss_ci_supervision|stage_w_ci_supervision|stage_neutral_fraction|ci_supervision_neutral_fraction|stage2_started|mapping_scale|ci_mid|audit_ci_mae|audit_ci_max_abs|audit_ci_mean_rel|audit_ci_max_rel|audit_p_rel_l2_mean|audit_p_rel_l2_max|audit_env_rel_mean|audit_env_rel_max|audit_phase_rel_mean|audit_phase_rel_max|audit_peak_shift_mean|audit_peak_shift_max|audit_env_rel_weighted_mean|audit_phase_rel_weighted_mean|audit_peak_shift_weighted_mean|audit_checkpoint_metric|n_focus_alphas|focus_alpha_min|focus_alpha_max
results/subsonic_pinn_integral_norm_ablation_cartesian/normalization_ablation_summary.csv,0.005293846130371094,anchor_ablation,19,mach|alpha|representation|representation_label|anchor_strategy|anchor_label|w_integral_norm|combo_label|run_dir|best_epoch|best_ci_mae|best_p_rel|best_env|best_phase|last_epoch|last_ci_mae|last_p_rel|last_env|last_phase
results/subsonic_pinn_normalization_ablation_local/alpha_0.200_amplitude_phase_band_wint_2/config.csv,0.0024366378784179688,anchor_ablation,113,mach|alpha_min|alpha_max|epochs|learning_rate|hidden_dim|mode_hidden_dim|ci_hidden_dim|mode_depth|ci_depth|fixed_scalar_ci|freeze_ci|activation|fourier_features|fourier_scale|initial_ci|mapping_scale|trainable_mapping_scale|n_interior|n_boundary|n_alpha_supervision|n_anchor_alpha|n_norm_interior|n_reference_alpha|n_audit_alpha|n_mode_audit_alpha|n_mode_audit_y|audit_every|checkpoint_every|enable_classic_ci_supervision|enable_classic_mode_audit|stage_split_epoch|stage2_freeze_ci|stage2_ci_lr_scale|separate_branch_optimizers|detach_ci_in_mode_branch|ci_branch_lr|mode_branch_lr|stage1_w_ci_supervision|stage2_w_ci_supervision|stage1_neutral_fraction|stage2_neutral_fraction|focus_fraction|focus_half_width|neutral_fraction|ci_supervision_neutral_boost|neutral_half_width|error_threshold|mode_error_threshold|max_focus_points|anchor_strategy|anchor_half_width|anchor_max_candidates|mode_center_fraction|mode_center_half_width|w_pde|w_bc|w_bc_kappa|w_bc_q|w_norm|w_integral_norm|w_phase|w_peak_slope|w_peak_curvature|w_loc_center|w_loc_spread|w_first_order_v_energy|w_first_order_amp_cap|first_order_amp_cap|w_ci_supervision|w_ci_stability_outside|w_ci_neutrality|w_ci_low_alpha_zero|w_ci_smoothness|n_ci_spectral_grid|audit_ci_weight|audit_mode_weight|audit_env_weight|audit_phase_weight|audit_peak_weight|phase_mask_fraction|classic_n_points|classic_mapping_scale|classic_xi_max|enforce_mode_symmetry|mode_representation|mode_experts|alpha_split_threshold|riccati_anchor_supervision|riccati_anchor_n_xi|riccati_anchor_every|riccati_anchor_alphas|w_riccati_anchor|w_q_supervision|q_supervision_n_xi|q_supervision_every|q_supervision_alpha_count|w_riccati_center_kappa|w_riccati_center_peak|w_riccati_boundary_band_kappa|w_riccati_boundary_band_q|riccati_center_xi|riccati_boundary_band_points|riccati_boundary_band_start|riccati_boundary_band_end|w_riccati_shooting_match|riccati_shooting_steps|riccati_shooting_xi_boundary|mode_low_alpha_threshold|mode_low_alpha_weight|mode_low_alpha_audit_fraction|output_dir|device
results/subsonic_pinn_normalization_ablation_local/alpha_0.200_amplitude_phase_band_wint_2/history.csv,0.5323209762573242,anchor_ablation;training_history,52,epoch|loss|loss_pde|loss_bc|loss_bc_kappa|loss_bc_q|loss_norm|loss_integral_norm|loss_phase|loss_peak_slope|loss_peak_curvature|loss_loc_center|loss_loc_spread|loss_first_order_v_energy|loss_first_order_amp_cap|loss_riccati_anchor|loss_q_supervision|loss_riccati_center_kappa|loss_riccati_center_peak|loss_riccati_boundary_band_kappa|loss_riccati_boundary_band_q|loss_riccati_shooting_match|loss_ci_stability_outside|loss_ci_neutrality|loss_ci_low_alpha_zero|loss_ci_smoothness|loss_ci_supervision|stage_w_ci_supervision|stage_neutral_fraction|ci_supervision_neutral_fraction|stage2_started|mapping_scale|ci_mid|audit_ci_mae|audit_ci_max_abs|audit_ci_mean_rel|audit_ci_max_rel|audit_p_rel_l2_mean|audit_p_rel_l2_max|audit_env_rel_mean|audit_env_rel_max|audit_phase_rel_mean|audit_phase_rel_max|audit_peak_shift_mean|audit_peak_shift_max|audit_env_rel_weighted_mean|audit_phase_rel_weighted_mean|audit_peak_shift_weighted_mean|audit_checkpoint_metric|n_focus_alphas|focus_alpha_min|focus_alpha_max
results/subsonic_pinn_normalization_ablation_local/alpha_0.200_amplitude_phase_max_wint_2/config.csv,0.0024347305297851562,anchor_ablation,113,mach|alpha_min|alpha_max|epochs|learning_rate|hidden_dim|mode_hidden_dim|ci_hidden_dim|mode_depth|ci_depth|fixed_scalar_ci|freeze_ci|activation|fourier_features|fourier_scale|initial_ci|mapping_scale|trainable_mapping_scale|n_interior|n_boundary|n_alpha_supervision|n_anchor_alpha|n_norm_interior|n_reference_alpha|n_audit_alpha|n_mode_audit_alpha|n_mode_audit_y|audit_every|checkpoint_every|enable_classic_ci_supervision|enable_classic_mode_audit|stage_split_epoch|stage2_freeze_ci|stage2_ci_lr_scale|separate_branch_optimizers|detach_ci_in_mode_branch|ci_branch_lr|mode_branch_lr|stage1_w_ci_supervision|stage2_w_ci_supervision|stage1_neutral_fraction|stage2_neutral_fraction|focus_fraction|focus_half_width|neutral_fraction|ci_supervision_neutral_boost|neutral_half_width|error_threshold|mode_error_threshold|max_focus_points|anchor_strategy|anchor_half_width|anchor_max_candidates|mode_center_fraction|mode_center_half_width|w_pde|w_bc|w_bc_kappa|w_bc_q|w_norm|w_integral_norm|w_phase|w_peak_slope|w_peak_curvature|w_loc_center|w_loc_spread|w_first_order_v_energy|w_first_order_amp_cap|first_order_amp_cap|w_ci_supervision|w_ci_stability_outside|w_ci_neutrality|w_ci_low_alpha_zero|w_ci_smoothness|n_ci_spectral_grid|audit_ci_weight|audit_mode_weight|audit_env_weight|audit_phase_weight|audit_peak_weight|phase_mask_fraction|classic_n_points|classic_mapping_scale|classic_xi_max|enforce_mode_symmetry|mode_representation|mode_experts|alpha_split_threshold|riccati_anchor_supervision|riccati_anchor_n_xi|riccati_anchor_every|riccati_anchor_alphas|w_riccati_anchor|w_q_supervision|q_supervision_n_xi|q_supervision_every|q_supervision_alpha_count|w_riccati_center_kappa|w_riccati_center_peak|w_riccati_boundary_band_kappa|w_riccati_boundary_band_q|riccati_center_xi|riccati_boundary_band_points|riccati_boundary_band_start|riccati_boundary_band_end|w_riccati_shooting_match|riccati_shooting_steps|riccati_shooting_xi_boundary|mode_low_alpha_threshold|mode_low_alpha_weight|mode_low_alpha_audit_fraction|output_dir|device
results/subsonic_pinn_normalization_ablation_local/alpha_0.200_amplitude_phase_max_wint_2/history.csv,0.5451726913452148,anchor_ablation;training_history,52,epoch|loss|loss_pde|loss_bc|loss_bc_kappa|loss_bc_q|loss_norm|loss_integral_norm|loss_phase|loss_peak_slope|loss_peak_curvature|loss_loc_center|loss_loc_spread|loss_first_order_v_energy|loss_first_order_amp_cap|loss_riccati_anchor|loss_q_supervision|loss_riccati_center_kappa|loss_riccati_center_peak|loss_riccati_boundary_band_kappa|loss_riccati_boundary_band_q|loss_riccati_shooting_match|loss_ci_stability_outside|loss_ci_neutrality|loss_ci_low_alpha_zero|loss_ci_smoothness|loss_ci_supervision|stage_w_ci_supervision|stage_neutral_fraction|ci_supervision_neutral_fraction|stage2_started|mapping_scale|ci_mid|audit_ci_mae|audit_ci_max_abs|audit_ci_mean_rel|audit_ci_max_rel|audit_p_rel_l2_mean|audit_p_rel_l2_max|audit_env_rel_mean|audit_env_rel_max|audit_phase_rel_mean|audit_phase_rel_max|audit_peak_shift_mean|audit_peak_shift_max|audit_env_rel_weighted_mean|audit_phase_rel_weighted_mean|audit_peak_shift_weighted_mean|audit_checkpoint_metric|n_focus_alphas|focus_alpha_min|focus_alpha_max
results/subsonic_pinn_normalization_ablation_local/alpha_0.200_amplitude_phase_point_max_wint_2/config.csv,0.0024461746215820312,anchor_ablation,113,mach|alpha_min|alpha_max|epochs|learning_rate|hidden_dim|mode_hidden_dim|ci_hidden_dim|mode_depth|ci_depth|fixed_scalar_ci|freeze_ci|activation|fourier_features|fourier_scale|initial_ci|mapping_scale|trainable_mapping_scale|n_interior|n_boundary|n_alpha_supervision|n_anchor_alpha|n_norm_interior|n_reference_alpha|n_audit_alpha|n_mode_audit_alpha|n_mode_audit_y|audit_every|checkpoint_every|enable_classic_ci_supervision|enable_classic_mode_audit|stage_split_epoch|stage2_freeze_ci|stage2_ci_lr_scale|separate_branch_optimizers|detach_ci_in_mode_branch|ci_branch_lr|mode_branch_lr|stage1_w_ci_supervision|stage2_w_ci_supervision|stage1_neutral_fraction|stage2_neutral_fraction|focus_fraction|focus_half_width|neutral_fraction|ci_supervision_neutral_boost|neutral_half_width|error_threshold|mode_error_threshold|max_focus_points|anchor_strategy|anchor_half_width|anchor_max_candidates|mode_center_fraction|mode_center_half_width|w_pde|w_bc|w_bc_kappa|w_bc_q|w_norm|w_integral_norm|w_phase|w_peak_slope|w_peak_curvature|w_loc_center|w_loc_spread|w_first_order_v_energy|w_first_order_amp_cap|first_order_amp_cap|w_ci_supervision|w_ci_stability_outside|w_ci_neutrality|w_ci_low_alpha_zero|w_ci_smoothness|n_ci_spectral_grid|audit_ci_weight|audit_mode_weight|audit_env_weight|audit_phase_weight|audit_peak_weight|phase_mask_fraction|classic_n_points|classic_mapping_scale|classic_xi_max|enforce_mode_symmetry|mode_representation|mode_experts|alpha_split_threshold|riccati_anchor_supervision|riccati_anchor_n_xi|riccati_anchor_every|riccati_anchor_alphas|w_riccati_anchor|w_q_supervision|q_supervision_n_xi|q_supervision_every|q_supervision_alpha_count|w_riccati_center_kappa|w_riccati_center_peak|w_riccati_boundary_band_kappa|w_riccati_boundary_band_q|riccati_center_xi|riccati_boundary_band_points|riccati_boundary_band_start|riccati_boundary_band_end|w_riccati_shooting_match|riccati_shooting_steps|riccati_shooting_xi_boundary|mode_low_alpha_threshold|mode_low_alpha_weight|mode_low_alpha_audit_fraction|output_dir|device
results/subsonic_pinn_normalization_ablation_local/alpha_0.200_amplitude_phase_point_max_wint_2/history.csv,0.5433521270751953,anchor_ablation;training_history,52,epoch|loss|loss_pde|loss_bc|loss_bc_kappa|loss_bc_q|loss_norm|loss_integral_norm|loss_phase|loss_peak_slope|loss_peak_curvature|loss_loc_center|loss_loc_spread|loss_first_order_v_energy|loss_first_order_amp_cap|loss_riccati_anchor|loss_q_supervision|loss_riccati_center_kappa|loss_riccati_center_peak|loss_riccati_boundary_band_kappa|loss_riccati_boundary_band_q|loss_riccati_shooting_match|loss_ci_stability_outside|loss_ci_neutrality|loss_ci_low_alpha_zero|loss_ci_smoothness|loss_ci_supervision|stage_w_ci_supervision|stage_neutral_fraction|ci_supervision_neutral_fraction|stage2_started|mapping_scale|ci_mid|audit_ci_mae|audit_ci_max_abs|audit_ci_mean_rel|audit_ci_max_rel|audit_p_rel_l2_mean|audit_p_rel_l2_max|audit_env_rel_mean|audit_env_rel_max|audit_phase_rel_mean|audit_phase_rel_max|audit_peak_shift_mean|audit_peak_shift_max|audit_env_rel_weighted_mean|audit_phase_rel_weighted_mean|audit_peak_shift_weighted_mean|audit_checkpoint_metric|n_focus_alphas|focus_alpha_min|focus_alpha_max
results/subsonic_pinn_normalization_ablation_local/alpha_0.200_amplitude_phase_point_wint_2/config.csv,0.0024385452270507812,anchor_ablation,113,mach|alpha_min|alpha_max|epochs|learning_rate|hidden_dim|mode_hidden_dim|ci_hidden_dim|mode_depth|ci_depth|fixed_scalar_ci|freeze_ci|activation|fourier_features|fourier_scale|initial_ci|mapping_scale|trainable_mapping_scale|n_interior|n_boundary|n_alpha_supervision|n_anchor_alpha|n_norm_interior|n_reference_alpha|n_audit_alpha|n_mode_audit_alpha|n_mode_audit_y|audit_every|checkpoint_every|enable_classic_ci_supervision|enable_classic_mode_audit|stage_split_epoch|stage2_freeze_ci|stage2_ci_lr_scale|separate_branch_optimizers|detach_ci_in_mode_branch|ci_branch_lr|mode_branch_lr|stage1_w_ci_supervision|stage2_w_ci_supervision|stage1_neutral_fraction|stage2_neutral_fraction|focus_fraction|focus_half_width|neutral_fraction|ci_supervision_neutral_boost|neutral_half_width|error_threshold|mode_error_threshold|max_focus_points|anchor_strategy|anchor_half_width|anchor_max_candidates|mode_center_fraction|mode_center_half_width|w_pde|w_bc|w_bc_kappa|w_bc_q|w_norm|w_integral_norm|w_phase|w_peak_slope|w_peak_curvature|w_loc_center|w_loc_spread|w_first_order_v_energy|w_first_order_amp_cap|first_order_amp_cap|w_ci_supervision|w_ci_stability_outside|w_ci_neutrality|w_ci_low_alpha_zero|w_ci_smoothness|n_ci_spectral_grid|audit_ci_weight|audit_mode_weight|audit_env_weight|audit_phase_weight|audit_peak_weight|phase_mask_fraction|classic_n_points|classic_mapping_scale|classic_xi_max|enforce_mode_symmetry|mode_representation|mode_experts|alpha_split_threshold|riccati_anchor_supervision|riccati_anchor_n_xi|riccati_anchor_every|riccati_anchor_alphas|w_riccati_anchor|w_q_supervision|q_supervision_n_xi|q_supervision_every|q_supervision_alpha_count|w_riccati_center_kappa|w_riccati_center_peak|w_riccati_boundary_band_kappa|w_riccati_boundary_band_q|riccati_center_xi|riccati_boundary_band_points|riccati_boundary_band_start|riccati_boundary_band_end|w_riccati_shooting_match|riccati_shooting_steps|riccati_shooting_xi_boundary|mode_low_alpha_threshold|mode_low_alpha_weight|mode_low_alpha_audit_fraction|output_dir|device
results/subsonic_pinn_normalization_ablation_local/alpha_0.200_amplitude_phase_point_wint_2/history.csv,0.5426864624023438,anchor_ablation;training_history,52,epoch|loss|loss_pde|loss_bc|loss_bc_kappa|loss_bc_q|loss_norm|loss_integral_norm|loss_phase|loss_peak_slope|loss_peak_curvature|loss_loc_center|loss_loc_spread|loss_first_order_v_energy|loss_first_order_amp_cap|loss_riccati_anchor|loss_q_supervision|loss_riccati_center_kappa|loss_riccati_center_peak|loss_riccati_boundary_band_kappa|loss_riccati_boundary_band_q|loss_riccati_shooting_match|loss_ci_stability_outside|loss_ci_neutrality|loss_ci_low_alpha_zero|loss_ci_smoothness|loss_ci_supervision|stage_w_ci_supervision|stage_neutral_fraction|ci_supervision_neutral_fraction|stage2_started|mapping_scale|ci_mid|audit_ci_mae|audit_ci_max_abs|audit_ci_mean_rel|audit_ci_max_rel|audit_p_rel_l2_mean|audit_p_rel_l2_max|audit_env_rel_mean|audit_env_rel_max|audit_phase_rel_mean|audit_phase_rel_max|audit_peak_shift_mean|audit_peak_shift_max|audit_env_rel_weighted_mean|audit_phase_rel_weighted_mean|audit_peak_shift_weighted_mean|audit_checkpoint_metric|n_focus_alphas|focus_alpha_min|focus_alpha_max
results/subsonic_pinn_normalization_ablation_local/alpha_0.200_cartesian_band_wint_2/config.csv,0.0024251937866210938,anchor_ablation,113,mach|alpha_min|alpha_max|epochs|learning_rate|hidden_dim|mode_hidden_dim|ci_hidden_dim|mode_depth|ci_depth|fixed_scalar_ci|freeze_ci|activation|fourier_features|fourier_scale|initial_ci|mapping_scale|trainable_mapping_scale|n_interior|n_boundary|n_alpha_supervision|n_anchor_alpha|n_norm_interior|n_reference_alpha|n_audit_alpha|n_mode_audit_alpha|n_mode_audit_y|audit_every|checkpoint_every|enable_classic_ci_supervision|enable_classic_mode_audit|stage_split_epoch|stage2_freeze_ci|stage2_ci_lr_scale|separate_branch_optimizers|detach_ci_in_mode_branch|ci_branch_lr|mode_branch_lr|stage1_w_ci_supervision|stage2_w_ci_supervision|stage1_neutral_fraction|stage2_neutral_fraction|focus_fraction|focus_half_width|neutral_fraction|ci_supervision_neutral_boost|neutral_half_width|error_threshold|mode_error_threshold|max_focus_points|anchor_strategy|anchor_half_width|anchor_max_candidates|mode_center_fraction|mode_center_half_width|w_pde|w_bc|w_bc_kappa|w_bc_q|w_norm|w_integral_norm|w_phase|w_peak_slope|w_peak_curvature|w_loc_center|w_loc_spread|w_first_order_v_energy|w_first_order_amp_cap|first_order_amp_cap|w_ci_supervision|w_ci_stability_outside|w_ci_neutrality|w_ci_low_alpha_zero|w_ci_smoothness|n_ci_spectral_grid|audit_ci_weight|audit_mode_weight|audit_env_weight|audit_phase_weight|audit_peak_weight|phase_mask_fraction|classic_n_points|classic_mapping_scale|classic_xi_max|enforce_mode_symmetry|mode_representation|mode_experts|alpha_split_threshold|riccati_anchor_supervision|riccati_anchor_n_xi|riccati_anchor_every|riccati_anchor_alphas|w_riccati_anchor|w_q_supervision|q_supervision_n_xi|q_supervision_every|q_supervision_alpha_count|w_riccati_center_kappa|w_riccati_center_peak|w_riccati_boundary_band_kappa|w_riccati_boundary_band_q|riccati_center_xi|riccati_boundary_band_points|riccati_boundary_band_start|riccati_boundary_band_end|w_riccati_shooting_match|riccati_shooting_steps|riccati_shooting_xi_boundary|mode_low_alpha_threshold|mode_low_alpha_weight|mode_low_alpha_audit_fraction|output_dir|device
results/subsonic_pinn_normalization_ablation_local/alpha_0.200_cartesian_band_wint_2/history.csv,0.5409469604492188,anchor_ablation;training_history,52,epoch|loss|loss_pde|loss_bc|loss_bc_kappa|loss_bc_q|loss_norm|loss_integral_norm|loss_phase|loss_peak_slope|loss_peak_curvature|loss_loc_center|loss_loc_spread|loss_first_order_v_energy|loss_first_order_amp_cap|loss_riccati_anchor|loss_q_supervision|loss_riccati_center_kappa|loss_riccati_center_peak|loss_riccati_boundary_band_kappa|loss_riccati_boundary_band_q|loss_riccati_shooting_match|loss_ci_stability_outside|loss_ci_neutrality|loss_ci_low_alpha_zero|loss_ci_smoothness|loss_ci_supervision|stage_w_ci_supervision|stage_neutral_fraction|ci_supervision_neutral_fraction|stage2_started|mapping_scale|ci_mid|audit_ci_mae|audit_ci_max_abs|audit_ci_mean_rel|audit_ci_max_rel|audit_p_rel_l2_mean|audit_p_rel_l2_max|audit_env_rel_mean|audit_env_rel_max|audit_phase_rel_mean|audit_phase_rel_max|audit_peak_shift_mean|audit_peak_shift_max|audit_env_rel_weighted_mean|audit_phase_rel_weighted_mean|audit_peak_shift_weighted_mean|audit_checkpoint_metric|n_focus_alphas|focus_alpha_min|focus_alpha_max
results/subsonic_pinn_normalization_ablation_local/alpha_0.200_cartesian_max_wint_2/config.csv,0.0024232864379882812,anchor_ablation,113,mach|alpha_min|alpha_max|epochs|learning_rate|hidden_dim|mode_hidden_dim|ci_hidden_dim|mode_depth|ci_depth|fixed_scalar_ci|freeze_ci|activation|fourier_features|fourier_scale|initial_ci|mapping_scale|trainable_mapping_scale|n_interior|n_boundary|n_alpha_supervision|n_anchor_alpha|n_norm_interior|n_reference_alpha|n_audit_alpha|n_mode_audit_alpha|n_mode_audit_y|audit_every|checkpoint_every|enable_classic_ci_supervision|enable_classic_mode_audit|stage_split_epoch|stage2_freeze_ci|stage2_ci_lr_scale|separate_branch_optimizers|detach_ci_in_mode_branch|ci_branch_lr|mode_branch_lr|stage1_w_ci_supervision|stage2_w_ci_supervision|stage1_neutral_fraction|stage2_neutral_fraction|focus_fraction|focus_half_width|neutral_fraction|ci_supervision_neutral_boost|neutral_half_width|error_threshold|mode_error_threshold|max_focus_points|anchor_strategy|anchor_half_width|anchor_max_candidates|mode_center_fraction|mode_center_half_width|w_pde|w_bc|w_bc_kappa|w_bc_q|w_norm|w_integral_norm|w_phase|w_peak_slope|w_peak_curvature|w_loc_center|w_loc_spread|w_first_order_v_energy|w_first_order_amp_cap|first_order_amp_cap|w_ci_supervision|w_ci_stability_outside|w_ci_neutrality|w_ci_low_alpha_zero|w_ci_smoothness|n_ci_spectral_grid|audit_ci_weight|audit_mode_weight|audit_env_weight|audit_phase_weight|audit_peak_weight|phase_mask_fraction|classic_n_points|classic_mapping_scale|classic_xi_max|enforce_mode_symmetry|mode_representation|mode_experts|alpha_split_threshold|riccati_anchor_supervision|riccati_anchor_n_xi|riccati_anchor_every|riccati_anchor_alphas|w_riccati_anchor|w_q_supervision|q_supervision_n_xi|q_supervision_every|q_supervision_alpha_count|w_riccati_center_kappa|w_riccati_center_peak|w_riccati_boundary_band_kappa|w_riccati_boundary_band_q|riccati_center_xi|riccati_boundary_band_points|riccati_boundary_band_start|riccati_boundary_band_end|w_riccati_shooting_match|riccati_shooting_steps|riccati_shooting_xi_boundary|mode_low_alpha_threshold|mode_low_alpha_weight|mode_low_alpha_audit_fraction|output_dir|device
results/subsonic_pinn_normalization_ablation_local/alpha_0.200_cartesian_max_wint_2/history.csv,0.5457468032836914,anchor_ablation;training_history,52,epoch|loss|loss_pde|loss_bc|loss_bc_kappa|loss_bc_q|loss_norm|loss_integral_norm|loss_phase|loss_peak_slope|loss_peak_curvature|loss_loc_center|loss_loc_spread|loss_first_order_v_energy|loss_first_order_amp_cap|loss_riccati_anchor|loss_q_supervision|loss_riccati_center_kappa|loss_riccati_center_peak|loss_riccati_boundary_band_kappa|loss_riccati_boundary_band_q|loss_riccati_shooting_match|loss_ci_stability_outside|loss_ci_neutrality|loss_ci_low_alpha_zero|loss_ci_smoothness|loss_ci_supervision|stage_w_ci_supervision|stage_neutral_fraction|ci_supervision_neutral_fraction|stage2_started|mapping_scale|ci_mid|audit_ci_mae|audit_ci_max_abs|audit_ci_mean_rel|audit_ci_max_rel|audit_p_rel_l2_mean|audit_p_rel_l2_max|audit_env_rel_mean|audit_env_rel_max|audit_phase_rel_mean|audit_phase_rel_max|audit_peak_shift_mean|audit_peak_shift_max|audit_env_rel_weighted_mean|audit_phase_rel_weighted_mean|audit_peak_shift_weighted_mean|audit_checkpoint_metric|n_focus_alphas|focus_alpha_min|focus_alpha_max
results/subsonic_pinn_normalization_ablation_local/alpha_0.200_cartesian_point_max_wint_2/config.csv,0.0024347305297851562,anchor_ablation,113,mach|alpha_min|alpha_max|epochs|learning_rate|hidden_dim|mode_hidden_dim|ci_hidden_dim|mode_depth|ci_depth|fixed_scalar_ci|freeze_ci|activation|fourier_features|fourier_scale|initial_ci|mapping_scale|trainable_mapping_scale|n_interior|n_boundary|n_alpha_supervision|n_anchor_alpha|n_norm_interior|n_reference_alpha|n_audit_alpha|n_mode_audit_alpha|n_mode_audit_y|audit_every|checkpoint_every|enable_classic_ci_supervision|enable_classic_mode_audit|stage_split_epoch|stage2_freeze_ci|stage2_ci_lr_scale|separate_branch_optimizers|detach_ci_in_mode_branch|ci_branch_lr|mode_branch_lr|stage1_w_ci_supervision|stage2_w_ci_supervision|stage1_neutral_fraction|stage2_neutral_fraction|focus_fraction|focus_half_width|neutral_fraction|ci_supervision_neutral_boost|neutral_half_width|error_threshold|mode_error_threshold|max_focus_points|anchor_strategy|anchor_half_width|anchor_max_candidates|mode_center_fraction|mode_center_half_width|w_pde|w_bc|w_bc_kappa|w_bc_q|w_norm|w_integral_norm|w_phase|w_peak_slope|w_peak_curvature|w_loc_center|w_loc_spread|w_first_order_v_energy|w_first_order_amp_cap|first_order_amp_cap|w_ci_supervision|w_ci_stability_outside|w_ci_neutrality|w_ci_low_alpha_zero|w_ci_smoothness|n_ci_spectral_grid|audit_ci_weight|audit_mode_weight|audit_env_weight|audit_phase_weight|audit_peak_weight|phase_mask_fraction|classic_n_points|classic_mapping_scale|classic_xi_max|enforce_mode_symmetry|mode_representation|mode_experts|alpha_split_threshold|riccati_anchor_supervision|riccati_anchor_n_xi|riccati_anchor_every|riccati_anchor_alphas|w_riccati_anchor|w_q_supervision|q_supervision_n_xi|q_supervision_every|q_supervision_alpha_count|w_riccati_center_kappa|w_riccati_center_peak|w_riccati_boundary_band_kappa|w_riccati_boundary_band_q|riccati_center_xi|riccati_boundary_band_points|riccati_boundary_band_start|riccati_boundary_band_end|w_riccati_shooting_match|riccati_shooting_steps|riccati_shooting_xi_boundary|mode_low_alpha_threshold|mode_low_alpha_weight|mode_low_alpha_audit_fraction|output_dir|device
results/subsonic_pinn_normalization_ablation_local/alpha_0.200_cartesian_point_max_wint_2/history.csv,0.5434980392456055,anchor_ablation;training_history,52,epoch|loss|loss_pde|loss_bc|loss_bc_kappa|loss_bc_q|loss_norm|loss_integral_norm|loss_phase|loss_peak_slope|loss_peak_curvature|loss_loc_center|loss_loc_spread|loss_first_order_v_energy|loss_first_order_amp_cap|loss_riccati_anchor|loss_q_supervision|loss_riccati_center_kappa|loss_riccati_center_peak|loss_riccati_boundary_band_kappa|loss_riccati_boundary_band_q|loss_riccati_shooting_match|loss_ci_stability_outside|loss_ci_neutrality|loss_ci_low_alpha_zero|loss_ci_smoothness|loss_ci_supervision|stage_w_ci_supervision|stage_neutral_fraction|ci_supervision_neutral_fraction|stage2_started|mapping_scale|ci_mid|audit_ci_mae|audit_ci_max_abs|audit_ci_mean_rel|audit_ci_max_rel|audit_p_rel_l2_mean|audit_p_rel_l2_max|audit_env_rel_mean|audit_env_rel_max|audit_phase_rel_mean|audit_phase_rel_max|audit_peak_shift_mean|audit_peak_shift_max|audit_env_rel_weighted_mean|audit_phase_rel_weighted_mean|audit_peak_shift_weighted_mean|audit_checkpoint_metric|n_focus_alphas|focus_alpha_min|focus_alpha_max
results/subsonic_pinn_normalization_ablation_local/alpha_0.200_cartesian_point_wint_2/config.csv,0.0024271011352539062,anchor_ablation,113,mach|alpha_min|alpha_max|epochs|learning_rate|hidden_dim|mode_hidden_dim|ci_hidden_dim|mode_depth|ci_depth|fixed_scalar_ci|freeze_ci|activation|fourier_features|fourier_scale|initial_ci|mapping_scale|trainable_mapping_scale|n_interior|n_boundary|n_alpha_supervision|n_anchor_alpha|n_norm_interior|n_reference_alpha|n_audit_alpha|n_mode_audit_alpha|n_mode_audit_y|audit_every|checkpoint_every|enable_classic_ci_supervision|enable_classic_mode_audit|stage_split_epoch|stage2_freeze_ci|stage2_ci_lr_scale|separate_branch_optimizers|detach_ci_in_mode_branch|ci_branch_lr|mode_branch_lr|stage1_w_ci_supervision|stage2_w_ci_supervision|stage1_neutral_fraction|stage2_neutral_fraction|focus_fraction|focus_half_width|neutral_fraction|ci_supervision_neutral_boost|neutral_half_width|error_threshold|mode_error_threshold|max_focus_points|anchor_strategy|anchor_half_width|anchor_max_candidates|mode_center_fraction|mode_center_half_width|w_pde|w_bc|w_bc_kappa|w_bc_q|w_norm|w_integral_norm|w_phase|w_peak_slope|w_peak_curvature|w_loc_center|w_loc_spread|w_first_order_v_energy|w_first_order_amp_cap|first_order_amp_cap|w_ci_supervision|w_ci_stability_outside|w_ci_neutrality|w_ci_low_alpha_zero|w_ci_smoothness|n_ci_spectral_grid|audit_ci_weight|audit_mode_weight|audit_env_weight|audit_phase_weight|audit_peak_weight|phase_mask_fraction|classic_n_points|classic_mapping_scale|classic_xi_max|enforce_mode_symmetry|mode_representation|mode_experts|alpha_split_threshold|riccati_anchor_supervision|riccati_anchor_n_xi|riccati_anchor_every|riccati_anchor_alphas|w_riccati_anchor|w_q_supervision|q_supervision_n_xi|q_supervision_every|q_supervision_alpha_count|w_riccati_center_kappa|w_riccati_center_peak|w_riccati_boundary_band_kappa|w_riccati_boundary_band_q|riccati_center_xi|riccati_boundary_band_points|riccati_boundary_band_start|riccati_boundary_band_end|w_riccati_shooting_match|riccati_shooting_steps|riccati_shooting_xi_boundary|mode_low_alpha_threshold|mode_low_alpha_weight|mode_low_alpha_audit_fraction|output_dir|device
results/subsonic_pinn_normalization_ablation_local/alpha_0.200_cartesian_point_wint_2/history.csv,0.5430936813354492,anchor_ablation;training_history,52,epoch|loss|loss_pde|loss_bc|loss_bc_kappa|loss_bc_q|loss_norm|loss_integral_norm|loss_phase|loss_peak_slope|loss_peak_curvature|loss_loc_center|loss_loc_spread|loss_first_order_v_energy|loss_first_order_amp_cap|loss_riccati_anchor|loss_q_supervision|loss_riccati_center_kappa|loss_riccati_center_peak|loss_riccati_boundary_band_kappa|loss_riccati_boundary_band_q|loss_riccati_shooting_match|loss_ci_stability_outside|loss_ci_neutrality|loss_ci_low_alpha_zero|loss_ci_smoothness|loss_ci_supervision|stage_w_ci_supervision|stage_neutral_fraction|ci_supervision_neutral_fraction|stage2_started|mapping_scale|ci_mid|audit_ci_mae|audit_ci_max_abs|audit_ci_mean_rel|audit_ci_max_rel|audit_p_rel_l2_mean|audit_p_rel_l2_max|audit_env_rel_mean|audit_env_rel_max|audit_phase_rel_mean|audit_phase_rel_max|audit_peak_shift_mean|audit_peak_shift_max|audit_env_rel_weighted_mean|audit_phase_rel_weighted_mean|audit_peak_shift_weighted_mean|audit_checkpoint_metric|n_focus_alphas|focus_alpha_min|focus_alpha_max
results/subsonic_pinn_normalization_ablation_local/alpha_0.500_amplitude_phase_band_wint_2/config.csv,0.0024366378784179688,anchor_ablation,113,mach|alpha_min|alpha_max|epochs|learning_rate|hidden_dim|mode_hidden_dim|ci_hidden_dim|mode_depth|ci_depth|fixed_scalar_ci|freeze_ci|activation|fourier_features|fourier_scale|initial_ci|mapping_scale|trainable_mapping_scale|n_interior|n_boundary|n_alpha_supervision|n_anchor_alpha|n_norm_interior|n_reference_alpha|n_audit_alpha|n_mode_audit_alpha|n_mode_audit_y|audit_every|checkpoint_every|enable_classic_ci_supervision|enable_classic_mode_audit|stage_split_epoch|stage2_freeze_ci|stage2_ci_lr_scale|separate_branch_optimizers|detach_ci_in_mode_branch|ci_branch_lr|mode_branch_lr|stage1_w_ci_supervision|stage2_w_ci_supervision|stage1_neutral_fraction|stage2_neutral_fraction|focus_fraction|focus_half_width|neutral_fraction|ci_supervision_neutral_boost|neutral_half_width|error_threshold|mode_error_threshold|max_focus_points|anchor_strategy|anchor_half_width|anchor_max_candidates|mode_center_fraction|mode_center_half_width|w_pde|w_bc|w_bc_kappa|w_bc_q|w_norm|w_integral_norm|w_phase|w_peak_slope|w_peak_curvature|w_loc_center|w_loc_spread|w_first_order_v_energy|w_first_order_amp_cap|first_order_amp_cap|w_ci_supervision|w_ci_stability_outside|w_ci_neutrality|w_ci_low_alpha_zero|w_ci_smoothness|n_ci_spectral_grid|audit_ci_weight|audit_mode_weight|audit_env_weight|audit_phase_weight|audit_peak_weight|phase_mask_fraction|classic_n_points|classic_mapping_scale|classic_xi_max|enforce_mode_symmetry|mode_representation|mode_experts|alpha_split_threshold|riccati_anchor_supervision|riccati_anchor_n_xi|riccati_anchor_every|riccati_anchor_alphas|w_riccati_anchor|w_q_supervision|q_supervision_n_xi|q_supervision_every|q_supervision_alpha_count|w_riccati_center_kappa|w_riccati_center_peak|w_riccati_boundary_band_kappa|w_riccati_boundary_band_q|riccati_center_xi|riccati_boundary_band_points|riccati_boundary_band_start|riccati_boundary_band_end|w_riccati_shooting_match|riccati_shooting_steps|riccati_shooting_xi_boundary|mode_low_alpha_threshold|mode_low_alpha_weight|mode_low_alpha_audit_fraction|output_dir|device
results/subsonic_pinn_normalization_ablation_local/alpha_0.500_amplitude_phase_band_wint_2/history.csv,0.5429821014404297,anchor_ablation;training_history,52,epoch|loss|loss_pde|loss_bc|loss_bc_kappa|loss_bc_q|loss_norm|loss_integral_norm|loss_phase|loss_peak_slope|loss_peak_curvature|loss_loc_center|loss_loc_spread|loss_first_order_v_energy|loss_first_order_amp_cap|loss_riccati_anchor|loss_q_supervision|loss_riccati_center_kappa|loss_riccati_center_peak|loss_riccati_boundary_band_kappa|loss_riccati_boundary_band_q|loss_riccati_shooting_match|loss_ci_stability_outside|loss_ci_neutrality|loss_ci_low_alpha_zero|loss_ci_smoothness|loss_ci_supervision|stage_w_ci_supervision|stage_neutral_fraction|ci_supervision_neutral_fraction|stage2_started|mapping_scale|ci_mid|audit_ci_mae|audit_ci_max_abs|audit_ci_mean_rel|audit_ci_max_rel|audit_p_rel_l2_mean|audit_p_rel_l2_max|audit_env_rel_mean|audit_env_rel_max|audit_phase_rel_mean|audit_phase_rel_max|audit_peak_shift_mean|audit_peak_shift_max|audit_env_rel_weighted_mean|audit_phase_rel_weighted_mean|audit_peak_shift_weighted_mean|audit_checkpoint_metric|n_focus_alphas|focus_alpha_min|focus_alpha_max
results/subsonic_pinn_normalization_ablation_local/alpha_0.500_amplitude_phase_max_wint_2/config.csv,0.0024347305297851562,anchor_ablation,113,mach|alpha_min|alpha_max|epochs|learning_rate|hidden_dim|mode_hidden_dim|ci_hidden_dim|mode_depth|ci_depth|fixed_scalar_ci|freeze_ci|activation|fourier_features|fourier_scale|initial_ci|mapping_scale|trainable_mapping_scale|n_interior|n_boundary|n_alpha_supervision|n_anchor_alpha|n_norm_interior|n_reference_alpha|n_audit_alpha|n_mode_audit_alpha|n_mode_audit_y|audit_every|checkpoint_every|enable_classic_ci_supervision|enable_classic_mode_audit|stage_split_epoch|stage2_freeze_ci|stage2_ci_lr_scale|separate_branch_optimizers|detach_ci_in_mode_branch|ci_branch_lr|mode_branch_lr|stage1_w_ci_supervision|stage2_w_ci_supervision|stage1_neutral_fraction|stage2_neutral_fraction|focus_fraction|focus_half_width|neutral_fraction|ci_supervision_neutral_boost|neutral_half_width|error_threshold|mode_error_threshold|max_focus_points|anchor_strategy|anchor_half_width|anchor_max_candidates|mode_center_fraction|mode_center_half_width|w_pde|w_bc|w_bc_kappa|w_bc_q|w_norm|w_integral_norm|w_phase|w_peak_slope|w_peak_curvature|w_loc_center|w_loc_spread|w_first_order_v_energy|w_first_order_amp_cap|first_order_amp_cap|w_ci_supervision|w_ci_stability_outside|w_ci_neutrality|w_ci_low_alpha_zero|w_ci_smoothness|n_ci_spectral_grid|audit_ci_weight|audit_mode_weight|audit_env_weight|audit_phase_weight|audit_peak_weight|phase_mask_fraction|classic_n_points|classic_mapping_scale|classic_xi_max|enforce_mode_symmetry|mode_representation|mode_experts|alpha_split_threshold|riccati_anchor_supervision|riccati_anchor_n_xi|riccati_anchor_every|riccati_anchor_alphas|w_riccati_anchor|w_q_supervision|q_supervision_n_xi|q_supervision_every|q_supervision_alpha_count|w_riccati_center_kappa|w_riccati_center_peak|w_riccati_boundary_band_kappa|w_riccati_boundary_band_q|riccati_center_xi|riccati_boundary_band_points|riccati_boundary_band_start|riccati_boundary_band_end|w_riccati_shooting_match|riccati_shooting_steps|riccati_shooting_xi_boundary|mode_low_alpha_threshold|mode_low_alpha_weight|mode_low_alpha_audit_fraction|output_dir|device
results/subsonic_pinn_normalization_ablation_local/alpha_0.500_amplitude_phase_max_wint_2/history.csv,0.5439739227294922,anchor_ablation;training_history,52,epoch|loss|loss_pde|loss_bc|loss_bc_kappa|loss_bc_q|loss_norm|loss_integral_norm|loss_phase|loss_peak_slope|loss_peak_curvature|loss_loc_center|loss_loc_spread|loss_first_order_v_energy|loss_first_order_amp_cap|loss_riccati_anchor|loss_q_supervision|loss_riccati_center_kappa|loss_riccati_center_peak|loss_riccati_boundary_band_kappa|loss_riccati_boundary_band_q|loss_riccati_shooting_match|loss_ci_stability_outside|loss_ci_neutrality|loss_ci_low_alpha_zero|loss_ci_smoothness|loss_ci_supervision|stage_w_ci_supervision|stage_neutral_fraction|ci_supervision_neutral_fraction|stage2_started|mapping_scale|ci_mid|audit_ci_mae|audit_ci_max_abs|audit_ci_mean_rel|audit_ci_max_rel|audit_p_rel_l2_mean|audit_p_rel_l2_max|audit_env_rel_mean|audit_env_rel_max|audit_phase_rel_mean|audit_phase_rel_max|audit_peak_shift_mean|audit_peak_shift_max|audit_env_rel_weighted_mean|audit_phase_rel_weighted_mean|audit_peak_shift_weighted_mean|audit_checkpoint_metric|n_focus_alphas|focus_alpha_min|focus_alpha_max
results/subsonic_pinn_normalization_ablation_local/alpha_0.500_amplitude_phase_point_max_wint_2/config.csv,0.0024461746215820312,anchor_ablation,113,mach|alpha_min|alpha_max|epochs|learning_rate|hidden_dim|mode_hidden_dim|ci_hidden_dim|mode_depth|ci_depth|fixed_scalar_ci|freeze_ci|activation|fourier_features|fourier_scale|initial_ci|mapping_scale|trainable_mapping_scale|n_interior|n_boundary|n_alpha_supervision|n_anchor_alpha|n_norm_interior|n_reference_alpha|n_audit_alpha|n_mode_audit_alpha|n_mode_audit_y|audit_every|checkpoint_every|enable_classic_ci_supervision|enable_classic_mode_audit|stage_split_epoch|stage2_freeze_ci|stage2_ci_lr_scale|separate_branch_optimizers|detach_ci_in_mode_branch|ci_branch_lr|mode_branch_lr|stage1_w_ci_supervision|stage2_w_ci_supervision|stage1_neutral_fraction|stage2_neutral_fraction|focus_fraction|focus_half_width|neutral_fraction|ci_supervision_neutral_boost|neutral_half_width|error_threshold|mode_error_threshold|max_focus_points|anchor_strategy|anchor_half_width|anchor_max_candidates|mode_center_fraction|mode_center_half_width|w_pde|w_bc|w_bc_kappa|w_bc_q|w_norm|w_integral_norm|w_phase|w_peak_slope|w_peak_curvature|w_loc_center|w_loc_spread|w_first_order_v_energy|w_first_order_amp_cap|first_order_amp_cap|w_ci_supervision|w_ci_stability_outside|w_ci_neutrality|w_ci_low_alpha_zero|w_ci_smoothness|n_ci_spectral_grid|audit_ci_weight|audit_mode_weight|audit_env_weight|audit_phase_weight|audit_peak_weight|phase_mask_fraction|classic_n_points|classic_mapping_scale|classic_xi_max|enforce_mode_symmetry|mode_representation|mode_experts|alpha_split_threshold|riccati_anchor_supervision|riccati_anchor_n_xi|riccati_anchor_every|riccati_anchor_alphas|w_riccati_anchor|w_q_supervision|q_supervision_n_xi|q_supervision_every|q_supervision_alpha_count|w_riccati_center_kappa|w_riccati_center_peak|w_riccati_boundary_band_kappa|w_riccati_boundary_band_q|riccati_center_xi|riccati_boundary_band_points|riccati_boundary_band_start|riccati_boundary_band_end|w_riccati_shooting_match|riccati_shooting_steps|riccati_shooting_xi_boundary|mode_low_alpha_threshold|mode_low_alpha_weight|mode_low_alpha_audit_fraction|output_dir|device
results/subsonic_pinn_normalization_ablation_local/alpha_0.500_amplitude_phase_point_max_wint_2/history.csv,0.539280891418457,anchor_ablation;training_history,52,epoch|loss|loss_pde|loss_bc|loss_bc_kappa|loss_bc_q|loss_norm|loss_integral_norm|loss_phase|loss_peak_slope|loss_peak_curvature|loss_loc_center|loss_loc_spread|loss_first_order_v_energy|loss_first_order_amp_cap|loss_riccati_anchor|loss_q_supervision|loss_riccati_center_kappa|loss_riccati_center_peak|loss_riccati_boundary_band_kappa|loss_riccati_boundary_band_q|loss_riccati_shooting_match|loss_ci_stability_outside|loss_ci_neutrality|loss_ci_low_alpha_zero|loss_ci_smoothness|loss_ci_supervision|stage_w_ci_supervision|stage_neutral_fraction|ci_supervision_neutral_fraction|stage2_started|mapping_scale|ci_mid|audit_ci_mae|audit_ci_max_abs|audit_ci_mean_rel|audit_ci_max_rel|audit_p_rel_l2_mean|audit_p_rel_l2_max|audit_env_rel_mean|audit_env_rel_max|audit_phase_rel_mean|audit_phase_rel_max|audit_peak_shift_mean|audit_peak_shift_max|audit_env_rel_weighted_mean|audit_phase_rel_weighted_mean|audit_peak_shift_weighted_mean|audit_checkpoint_metric|n_focus_alphas|focus_alpha_min|focus_alpha_max
results/subsonic_pinn_normalization_ablation_local/alpha_0.500_amplitude_phase_point_wint_2/config.csv,0.0024385452270507812,anchor_ablation,113,mach|alpha_min|alpha_max|epochs|learning_rate|hidden_dim|mode_hidden_dim|ci_hidden_dim|mode_depth|ci_depth|fixed_scalar_ci|freeze_ci|activation|fourier_features|fourier_scale|initial_ci|mapping_scale|trainable_mapping_scale|n_interior|n_boundary|n_alpha_supervision|n_anchor_alpha|n_norm_interior|n_reference_alpha|n_audit_alpha|n_mode_audit_alpha|n_mode_audit_y|audit_every|checkpoint_every|enable_classic_ci_supervision|enable_classic_mode_audit|stage_split_epoch|stage2_freeze_ci|stage2_ci_lr_scale|separate_branch_optimizers|detach_ci_in_mode_branch|ci_branch_lr|mode_branch_lr|stage1_w_ci_supervision|stage2_w_ci_supervision|stage1_neutral_fraction|stage2_neutral_fraction|focus_fraction|focus_half_width|neutral_fraction|ci_supervision_neutral_boost|neutral_half_width|error_threshold|mode_error_threshold|max_focus_points|anchor_strategy|anchor_half_width|anchor_max_candidates|mode_center_fraction|mode_center_half_width|w_pde|w_bc|w_bc_kappa|w_bc_q|w_norm|w_integral_norm|w_phase|w_peak_slope|w_peak_curvature|w_loc_center|w_loc_spread|w_first_order_v_energy|w_first_order_amp_cap|first_order_amp_cap|w_ci_supervision|w_ci_stability_outside|w_ci_neutrality|w_ci_low_alpha_zero|w_ci_smoothness|n_ci_spectral_grid|audit_ci_weight|audit_mode_weight|audit_env_weight|audit_phase_weight|audit_peak_weight|phase_mask_fraction|classic_n_points|classic_mapping_scale|classic_xi_max|enforce_mode_symmetry|mode_representation|mode_experts|alpha_split_threshold|riccati_anchor_supervision|riccati_anchor_n_xi|riccati_anchor_every|riccati_anchor_alphas|w_riccati_anchor|w_q_supervision|q_supervision_n_xi|q_supervision_every|q_supervision_alpha_count|w_riccati_center_kappa|w_riccati_center_peak|w_riccati_boundary_band_kappa|w_riccati_boundary_band_q|riccati_center_xi|riccati_boundary_band_points|riccati_boundary_band_start|riccati_boundary_band_end|w_riccati_shooting_match|riccati_shooting_steps|riccati_shooting_xi_boundary|mode_low_alpha_threshold|mode_low_alpha_weight|mode_low_alpha_audit_fraction|output_dir|device
results/subsonic_pinn_normalization_ablation_local/alpha_0.500_amplitude_phase_point_wint_2/history.csv,0.5404024124145508,anchor_ablation;training_history,52,epoch|loss|loss_pde|loss_bc|loss_bc_kappa|loss_bc_q|loss_norm|loss_integral_norm|loss_phase|loss_peak_slope|loss_peak_curvature|loss_loc_center|loss_loc_spread|loss_first_order_v_energy|loss_first_order_amp_cap|loss_riccati_anchor|loss_q_supervision|loss_riccati_center_kappa|loss_riccati_center_peak|loss_riccati_boundary_band_kappa|loss_riccati_boundary_band_q|loss_riccati_shooting_match|loss_ci_stability_outside|loss_ci_neutrality|loss_ci_low_alpha_zero|loss_ci_smoothness|loss_ci_supervision|stage_w_ci_supervision|stage_neutral_fraction|ci_supervision_neutral_fraction|stage2_started|mapping_scale|ci_mid|audit_ci_mae|audit_ci_max_abs|audit_ci_mean_rel|audit_ci_max_rel|audit_p_rel_l2_mean|audit_p_rel_l2_max|audit_env_rel_mean|audit_env_rel_max|audit_phase_rel_mean|audit_phase_rel_max|audit_peak_shift_mean|audit_peak_shift_max|audit_env_rel_weighted_mean|audit_phase_rel_weighted_mean|audit_peak_shift_weighted_mean|audit_checkpoint_metric|n_focus_alphas|focus_alpha_min|focus_alpha_max
results/subsonic_pinn_normalization_ablation_local/alpha_0.500_cartesian_band_wint_2/config.csv,0.0024251937866210938,anchor_ablation,113,mach|alpha_min|alpha_max|epochs|learning_rate|hidden_dim|mode_hidden_dim|ci_hidden_dim|mode_depth|ci_depth|fixed_scalar_ci|freeze_ci|activation|fourier_features|fourier_scale|initial_ci|mapping_scale|trainable_mapping_scale|n_interior|n_boundary|n_alpha_supervision|n_anchor_alpha|n_norm_interior|n_reference_alpha|n_audit_alpha|n_mode_audit_alpha|n_mode_audit_y|audit_every|checkpoint_every|enable_classic_ci_supervision|enable_classic_mode_audit|stage_split_epoch|stage2_freeze_ci|stage2_ci_lr_scale|separate_branch_optimizers|detach_ci_in_mode_branch|ci_branch_lr|mode_branch_lr|stage1_w_ci_supervision|stage2_w_ci_supervision|stage1_neutral_fraction|stage2_neutral_fraction|focus_fraction|focus_half_width|neutral_fraction|ci_supervision_neutral_boost|neutral_half_width|error_threshold|mode_error_threshold|max_focus_points|anchor_strategy|anchor_half_width|anchor_max_candidates|mode_center_fraction|mode_center_half_width|w_pde|w_bc|w_bc_kappa|w_bc_q|w_norm|w_integral_norm|w_phase|w_peak_slope|w_peak_curvature|w_loc_center|w_loc_spread|w_first_order_v_energy|w_first_order_amp_cap|first_order_amp_cap|w_ci_supervision|w_ci_stability_outside|w_ci_neutrality|w_ci_low_alpha_zero|w_ci_smoothness|n_ci_spectral_grid|audit_ci_weight|audit_mode_weight|audit_env_weight|audit_phase_weight|audit_peak_weight|phase_mask_fraction|classic_n_points|classic_mapping_scale|classic_xi_max|enforce_mode_symmetry|mode_representation|mode_experts|alpha_split_threshold|riccati_anchor_supervision|riccati_anchor_n_xi|riccati_anchor_every|riccati_anchor_alphas|w_riccati_anchor|w_q_supervision|q_supervision_n_xi|q_supervision_every|q_supervision_alpha_count|w_riccati_center_kappa|w_riccati_center_peak|w_riccati_boundary_band_kappa|w_riccati_boundary_band_q|riccati_center_xi|riccati_boundary_band_points|riccati_boundary_band_start|riccati_boundary_band_end|w_riccati_shooting_match|riccati_shooting_steps|riccati_shooting_xi_boundary|mode_low_alpha_threshold|mode_low_alpha_weight|mode_low_alpha_audit_fraction|output_dir|device
results/subsonic_pinn_normalization_ablation_local/alpha_0.500_cartesian_band_wint_2/history.csv,0.5325174331665039,anchor_ablation;training_history,52,epoch|loss|loss_pde|loss_bc|loss_bc_kappa|loss_bc_q|loss_norm|loss_integral_norm|loss_phase|loss_peak_slope|loss_peak_curvature|loss_loc_center|loss_loc_spread|loss_first_order_v_energy|loss_first_order_amp_cap|loss_riccati_anchor|loss_q_supervision|loss_riccati_center_kappa|loss_riccati_center_peak|loss_riccati_boundary_band_kappa|loss_riccati_boundary_band_q|loss_riccati_shooting_match|loss_ci_stability_outside|loss_ci_neutrality|loss_ci_low_alpha_zero|loss_ci_smoothness|loss_ci_supervision|stage_w_ci_supervision|stage_neutral_fraction|ci_supervision_neutral_fraction|stage2_started|mapping_scale|ci_mid|audit_ci_mae|audit_ci_max_abs|audit_ci_mean_rel|audit_ci_max_rel|audit_p_rel_l2_mean|audit_p_rel_l2_max|audit_env_rel_mean|audit_env_rel_max|audit_phase_rel_mean|audit_phase_rel_max|audit_peak_shift_mean|audit_peak_shift_max|audit_env_rel_weighted_mean|audit_phase_rel_weighted_mean|audit_peak_shift_weighted_mean|audit_checkpoint_metric|n_focus_alphas|focus_alpha_min|focus_alpha_max
results/subsonic_pinn_normalization_ablation_local/alpha_0.500_cartesian_max_wint_2/config.csv,0.0024232864379882812,anchor_ablation,113,mach|alpha_min|alpha_max|epochs|learning_rate|hidden_dim|mode_hidden_dim|ci_hidden_dim|mode_depth|ci_depth|fixed_scalar_ci|freeze_ci|activation|fourier_features|fourier_scale|initial_ci|mapping_scale|trainable_mapping_scale|n_interior|n_boundary|n_alpha_supervision|n_anchor_alpha|n_norm_interior|n_reference_alpha|n_audit_alpha|n_mode_audit_alpha|n_mode_audit_y|audit_every|checkpoint_every|enable_classic_ci_supervision|enable_classic_mode_audit|stage_split_epoch|stage2_freeze_ci|stage2_ci_lr_scale|separate_branch_optimizers|detach_ci_in_mode_branch|ci_branch_lr|mode_branch_lr|stage1_w_ci_supervision|stage2_w_ci_supervision|stage1_neutral_fraction|stage2_neutral_fraction|focus_fraction|focus_half_width|neutral_fraction|ci_supervision_neutral_boost|neutral_half_width|error_threshold|mode_error_threshold|max_focus_points|anchor_strategy|anchor_half_width|anchor_max_candidates|mode_center_fraction|mode_center_half_width|w_pde|w_bc|w_bc_kappa|w_bc_q|w_norm|w_integral_norm|w_phase|w_peak_slope|w_peak_curvature|w_loc_center|w_loc_spread|w_first_order_v_energy|w_first_order_amp_cap|first_order_amp_cap|w_ci_supervision|w_ci_stability_outside|w_ci_neutrality|w_ci_low_alpha_zero|w_ci_smoothness|n_ci_spectral_grid|audit_ci_weight|audit_mode_weight|audit_env_weight|audit_phase_weight|audit_peak_weight|phase_mask_fraction|classic_n_points|classic_mapping_scale|classic_xi_max|enforce_mode_symmetry|mode_representation|mode_experts|alpha_split_threshold|riccati_anchor_supervision|riccati_anchor_n_xi|riccati_anchor_every|riccati_anchor_alphas|w_riccati_anchor|w_q_supervision|q_supervision_n_xi|q_supervision_every|q_supervision_alpha_count|w_riccati_center_kappa|w_riccati_center_peak|w_riccati_boundary_band_kappa|w_riccati_boundary_band_q|riccati_center_xi|riccati_boundary_band_points|riccati_boundary_band_start|riccati_boundary_band_end|w_riccati_shooting_match|riccati_shooting_steps|riccati_shooting_xi_boundary|mode_low_alpha_threshold|mode_low_alpha_weight|mode_low_alpha_audit_fraction|output_dir|device
results/subsonic_pinn_normalization_ablation_local/alpha_0.500_cartesian_max_wint_2/history.csv,0.5426731109619141,anchor_ablation;training_history,52,epoch|loss|loss_pde|loss_bc|loss_bc_kappa|loss_bc_q|loss_norm|loss_integral_norm|loss_phase|loss_peak_slope|loss_peak_curvature|loss_loc_center|loss_loc_spread|loss_first_order_v_energy|loss_first_order_amp_cap|loss_riccati_anchor|loss_q_supervision|loss_riccati_center_kappa|loss_riccati_center_peak|loss_riccati_boundary_band_kappa|loss_riccati_boundary_band_q|loss_riccati_shooting_match|loss_ci_stability_outside|loss_ci_neutrality|loss_ci_low_alpha_zero|loss_ci_smoothness|loss_ci_supervision|stage_w_ci_supervision|stage_neutral_fraction|ci_supervision_neutral_fraction|stage2_started|mapping_scale|ci_mid|audit_ci_mae|audit_ci_max_abs|audit_ci_mean_rel|audit_ci_max_rel|audit_p_rel_l2_mean|audit_p_rel_l2_max|audit_env_rel_mean|audit_env_rel_max|audit_phase_rel_mean|audit_phase_rel_max|audit_peak_shift_mean|audit_peak_shift_max|audit_env_rel_weighted_mean|audit_phase_rel_weighted_mean|audit_peak_shift_weighted_mean|audit_checkpoint_metric|n_focus_alphas|focus_alpha_min|focus_alpha_max
results/subsonic_pinn_normalization_ablation_local/alpha_0.500_cartesian_point_max_wint_2/config.csv,0.0024347305297851562,anchor_ablation,113,mach|alpha_min|alpha_max|epochs|learning_rate|hidden_dim|mode_hidden_dim|ci_hidden_dim|mode_depth|ci_depth|fixed_scalar_ci|freeze_ci|activation|fourier_features|fourier_scale|initial_ci|mapping_scale|trainable_mapping_scale|n_interior|n_boundary|n_alpha_supervision|n_anchor_alpha|n_norm_interior|n_reference_alpha|n_audit_alpha|n_mode_audit_alpha|n_mode_audit_y|audit_every|checkpoint_every|enable_classic_ci_supervision|enable_classic_mode_audit|stage_split_epoch|stage2_freeze_ci|stage2_ci_lr_scale|separate_branch_optimizers|detach_ci_in_mode_branch|ci_branch_lr|mode_branch_lr|stage1_w_ci_supervision|stage2_w_ci_supervision|stage1_neutral_fraction|stage2_neutral_fraction|focus_fraction|focus_half_width|neutral_fraction|ci_supervision_neutral_boost|neutral_half_width|error_threshold|mode_error_threshold|max_focus_points|anchor_strategy|anchor_half_width|anchor_max_candidates|mode_center_fraction|mode_center_half_width|w_pde|w_bc|w_bc_kappa|w_bc_q|w_norm|w_integral_norm|w_phase|w_peak_slope|w_peak_curvature|w_loc_center|w_loc_spread|w_first_order_v_energy|w_first_order_amp_cap|first_order_amp_cap|w_ci_supervision|w_ci_stability_outside|w_ci_neutrality|w_ci_low_alpha_zero|w_ci_smoothness|n_ci_spectral_grid|audit_ci_weight|audit_mode_weight|audit_env_weight|audit_phase_weight|audit_peak_weight|phase_mask_fraction|classic_n_points|classic_mapping_scale|classic_xi_max|enforce_mode_symmetry|mode_representation|mode_experts|alpha_split_threshold|riccati_anchor_supervision|riccati_anchor_n_xi|riccati_anchor_every|riccati_anchor_alphas|w_riccati_anchor|w_q_supervision|q_supervision_n_xi|q_supervision_every|q_supervision_alpha_count|w_riccati_center_kappa|w_riccati_center_peak|w_riccati_boundary_band_kappa|w_riccati_boundary_band_q|riccati_center_xi|riccati_boundary_band_points|riccati_boundary_band_start|riccati_boundary_band_end|w_riccati_shooting_match|riccati_shooting_steps|riccati_shooting_xi_boundary|mode_low_alpha_threshold|mode_low_alpha_weight|mode_low_alpha_audit_fraction|output_dir|device
results/subsonic_pinn_normalization_ablation_local/alpha_0.500_cartesian_point_max_wint_2/history.csv,0.5391073226928711,anchor_ablation;training_history,52,epoch|loss|loss_pde|loss_bc|loss_bc_kappa|loss_bc_q|loss_norm|loss_integral_norm|loss_phase|loss_peak_slope|loss_peak_curvature|loss_loc_center|loss_loc_spread|loss_first_order_v_energy|loss_first_order_amp_cap|loss_riccati_anchor|loss_q_supervision|loss_riccati_center_kappa|loss_riccati_center_peak|loss_riccati_boundary_band_kappa|loss_riccati_boundary_band_q|loss_riccati_shooting_match|loss_ci_stability_outside|loss_ci_neutrality|loss_ci_low_alpha_zero|loss_ci_smoothness|loss_ci_supervision|stage_w_ci_supervision|stage_neutral_fraction|ci_supervision_neutral_fraction|stage2_started|mapping_scale|ci_mid|audit_ci_mae|audit_ci_max_abs|audit_ci_mean_rel|audit_ci_max_rel|audit_p_rel_l2_mean|audit_p_rel_l2_max|audit_env_rel_mean|audit_env_rel_max|audit_phase_rel_mean|audit_phase_rel_max|audit_peak_shift_mean|audit_peak_shift_max|audit_env_rel_weighted_mean|audit_phase_rel_weighted_mean|audit_peak_shift_weighted_mean|audit_checkpoint_metric|n_focus_alphas|focus_alpha_min|focus_alpha_max
results/subsonic_pinn_normalization_ablation_local/alpha_0.500_cartesian_point_wint_2/config.csv,0.0024271011352539062,anchor_ablation,113,mach|alpha_min|alpha_max|epochs|learning_rate|hidden_dim|mode_hidden_dim|ci_hidden_dim|mode_depth|ci_depth|fixed_scalar_ci|freeze_ci|activation|fourier_features|fourier_scale|initial_ci|mapping_scale|trainable_mapping_scale|n_interior|n_boundary|n_alpha_supervision|n_anchor_alpha|n_norm_interior|n_reference_alpha|n_audit_alpha|n_mode_audit_alpha|n_mode_audit_y|audit_every|checkpoint_every|enable_classic_ci_supervision|enable_classic_mode_audit|stage_split_epoch|stage2_freeze_ci|stage2_ci_lr_scale|separate_branch_optimizers|detach_ci_in_mode_branch|ci_branch_lr|mode_branch_lr|stage1_w_ci_supervision|stage2_w_ci_supervision|stage1_neutral_fraction|stage2_neutral_fraction|focus_fraction|focus_half_width|neutral_fraction|ci_supervision_neutral_boost|neutral_half_width|error_threshold|mode_error_threshold|max_focus_points|anchor_strategy|anchor_half_width|anchor_max_candidates|mode_center_fraction|mode_center_half_width|w_pde|w_bc|w_bc_kappa|w_bc_q|w_norm|w_integral_norm|w_phase|w_peak_slope|w_peak_curvature|w_loc_center|w_loc_spread|w_first_order_v_energy|w_first_order_amp_cap|first_order_amp_cap|w_ci_supervision|w_ci_stability_outside|w_ci_neutrality|w_ci_low_alpha_zero|w_ci_smoothness|n_ci_spectral_grid|audit_ci_weight|audit_mode_weight|audit_env_weight|audit_phase_weight|audit_peak_weight|phase_mask_fraction|classic_n_points|classic_mapping_scale|classic_xi_max|enforce_mode_symmetry|mode_representation|mode_experts|alpha_split_threshold|riccati_anchor_supervision|riccati_anchor_n_xi|riccati_anchor_every|riccati_anchor_alphas|w_riccati_anchor|w_q_supervision|q_supervision_n_xi|q_supervision_every|q_supervision_alpha_count|w_riccati_center_kappa|w_riccati_center_peak|w_riccati_boundary_band_kappa|w_riccati_boundary_band_q|riccati_center_xi|riccati_boundary_band_points|riccati_boundary_band_start|riccati_boundary_band_end|w_riccati_shooting_match|riccati_shooting_steps|riccati_shooting_xi_boundary|mode_low_alpha_threshold|mode_low_alpha_weight|mode_low_alpha_audit_fraction|output_dir|device
results/subsonic_pinn_normalization_ablation_local/alpha_0.500_cartesian_point_wint_2/history.csv,0.5392866134643555,anchor_ablation;training_history,52,epoch|loss|loss_pde|loss_bc|loss_bc_kappa|loss_bc_q|loss_norm|loss_integral_norm|loss_phase|loss_peak_slope|loss_peak_curvature|loss_loc_center|loss_loc_spread|loss_first_order_v_energy|loss_first_order_amp_cap|loss_riccati_anchor|loss_q_supervision|loss_riccati_center_kappa|loss_riccati_center_peak|loss_riccati_boundary_band_kappa|loss_riccati_boundary_band_q|loss_riccati_shooting_match|loss_ci_stability_outside|loss_ci_neutrality|loss_ci_low_alpha_zero|loss_ci_smoothness|loss_ci_supervision|stage_w_ci_supervision|stage_neutral_fraction|ci_supervision_neutral_fraction|stage2_started|mapping_scale|ci_mid|audit_ci_mae|audit_ci_max_abs|audit_ci_mean_rel|audit_ci_max_rel|audit_p_rel_l2_mean|audit_p_rel_l2_max|audit_env_rel_mean|audit_env_rel_max|audit_phase_rel_mean|audit_phase_rel_max|audit_peak_shift_mean|audit_peak_shift_max|audit_env_rel_weighted_mean|audit_phase_rel_weighted_mean|audit_peak_shift_weighted_mean|audit_checkpoint_metric|n_focus_alphas|focus_alpha_min|focus_alpha_max
results/subsonic_pinn_normalization_ablation_local/alpha_0.800_amplitude_phase_band_wint_2/config.csv,0.0024366378784179688,anchor_ablation,113,mach|alpha_min|alpha_max|epochs|learning_rate|hidden_dim|mode_hidden_dim|ci_hidden_dim|mode_depth|ci_depth|fixed_scalar_ci|freeze_ci|activation|fourier_features|fourier_scale|initial_ci|mapping_scale|trainable_mapping_scale|n_interior|n_boundary|n_alpha_supervision|n_anchor_alpha|n_norm_interior|n_reference_alpha|n_audit_alpha|n_mode_audit_alpha|n_mode_audit_y|audit_every|checkpoint_every|enable_classic_ci_supervision|enable_classic_mode_audit|stage_split_epoch|stage2_freeze_ci|stage2_ci_lr_scale|separate_branch_optimizers|detach_ci_in_mode_branch|ci_branch_lr|mode_branch_lr|stage1_w_ci_supervision|stage2_w_ci_supervision|stage1_neutral_fraction|stage2_neutral_fraction|focus_fraction|focus_half_width|neutral_fraction|ci_supervision_neutral_boost|neutral_half_width|error_threshold|mode_error_threshold|max_focus_points|anchor_strategy|anchor_half_width|anchor_max_candidates|mode_center_fraction|mode_center_half_width|w_pde|w_bc|w_bc_kappa|w_bc_q|w_norm|w_integral_norm|w_phase|w_peak_slope|w_peak_curvature|w_loc_center|w_loc_spread|w_first_order_v_energy|w_first_order_amp_cap|first_order_amp_cap|w_ci_supervision|w_ci_stability_outside|w_ci_neutrality|w_ci_low_alpha_zero|w_ci_smoothness|n_ci_spectral_grid|audit_ci_weight|audit_mode_weight|audit_env_weight|audit_phase_weight|audit_peak_weight|phase_mask_fraction|classic_n_points|classic_mapping_scale|classic_xi_max|enforce_mode_symmetry|mode_representation|mode_experts|alpha_split_threshold|riccati_anchor_supervision|riccati_anchor_n_xi|riccati_anchor_every|riccati_anchor_alphas|w_riccati_anchor|w_q_supervision|q_supervision_n_xi|q_supervision_every|q_supervision_alpha_count|w_riccati_center_kappa|w_riccati_center_peak|w_riccati_boundary_band_kappa|w_riccati_boundary_band_q|riccati_center_xi|riccati_boundary_band_points|riccati_boundary_band_start|riccati_boundary_band_end|w_riccati_shooting_match|riccati_shooting_steps|riccati_shooting_xi_boundary|mode_low_alpha_threshold|mode_low_alpha_weight|mode_low_alpha_audit_fraction|output_dir|device
results/subsonic_pinn_normalization_ablation_local/alpha_0.800_amplitude_phase_band_wint_2/history.csv,0.5553712844848633,anchor_ablation;training_history,52,epoch|loss|loss_pde|loss_bc|loss_bc_kappa|loss_bc_q|loss_norm|loss_integral_norm|loss_phase|loss_peak_slope|loss_peak_curvature|loss_loc_center|loss_loc_spread|loss_first_order_v_energy|loss_first_order_amp_cap|loss_riccati_anchor|loss_q_supervision|loss_riccati_center_kappa|loss_riccati_center_peak|loss_riccati_boundary_band_kappa|loss_riccati_boundary_band_q|loss_riccati_shooting_match|loss_ci_stability_outside|loss_ci_neutrality|loss_ci_low_alpha_zero|loss_ci_smoothness|loss_ci_supervision|stage_w_ci_supervision|stage_neutral_fraction|ci_supervision_neutral_fraction|stage2_started|mapping_scale|ci_mid|audit_ci_mae|audit_ci_max_abs|audit_ci_mean_rel|audit_ci_max_rel|audit_p_rel_l2_mean|audit_p_rel_l2_max|audit_env_rel_mean|audit_env_rel_max|audit_phase_rel_mean|audit_phase_rel_max|audit_peak_shift_mean|audit_peak_shift_max|audit_env_rel_weighted_mean|audit_phase_rel_weighted_mean|audit_peak_shift_weighted_mean|audit_checkpoint_metric|n_focus_alphas|focus_alpha_min|focus_alpha_max
results/subsonic_pinn_normalization_ablation_local/alpha_0.800_amplitude_phase_max_wint_2/config.csv,0.0024347305297851562,anchor_ablation,113,mach|alpha_min|alpha_max|epochs|learning_rate|hidden_dim|mode_hidden_dim|ci_hidden_dim|mode_depth|ci_depth|fixed_scalar_ci|freeze_ci|activation|fourier_features|fourier_scale|initial_ci|mapping_scale|trainable_mapping_scale|n_interior|n_boundary|n_alpha_supervision|n_anchor_alpha|n_norm_interior|n_reference_alpha|n_audit_alpha|n_mode_audit_alpha|n_mode_audit_y|audit_every|checkpoint_every|enable_classic_ci_supervision|enable_classic_mode_audit|stage_split_epoch|stage2_freeze_ci|stage2_ci_lr_scale|separate_branch_optimizers|detach_ci_in_mode_branch|ci_branch_lr|mode_branch_lr|stage1_w_ci_supervision|stage2_w_ci_supervision|stage1_neutral_fraction|stage2_neutral_fraction|focus_fraction|focus_half_width|neutral_fraction|ci_supervision_neutral_boost|neutral_half_width|error_threshold|mode_error_threshold|max_focus_points|anchor_strategy|anchor_half_width|anchor_max_candidates|mode_center_fraction|mode_center_half_width|w_pde|w_bc|w_bc_kappa|w_bc_q|w_norm|w_integral_norm|w_phase|w_peak_slope|w_peak_curvature|w_loc_center|w_loc_spread|w_first_order_v_energy|w_first_order_amp_cap|first_order_amp_cap|w_ci_supervision|w_ci_stability_outside|w_ci_neutrality|w_ci_low_alpha_zero|w_ci_smoothness|n_ci_spectral_grid|audit_ci_weight|audit_mode_weight|audit_env_weight|audit_phase_weight|audit_peak_weight|phase_mask_fraction|classic_n_points|classic_mapping_scale|classic_xi_max|enforce_mode_symmetry|mode_representation|mode_experts|alpha_split_threshold|riccati_anchor_supervision|riccati_anchor_n_xi|riccati_anchor_every|riccati_anchor_alphas|w_riccati_anchor|w_q_supervision|q_supervision_n_xi|q_supervision_every|q_supervision_alpha_count|w_riccati_center_kappa|w_riccati_center_peak|w_riccati_boundary_band_kappa|w_riccati_boundary_band_q|riccati_center_xi|riccati_boundary_band_points|riccati_boundary_band_start|riccati_boundary_band_end|w_riccati_shooting_match|riccati_shooting_steps|riccati_shooting_xi_boundary|mode_low_alpha_threshold|mode_low_alpha_weight|mode_low_alpha_audit_fraction|output_dir|device
results/subsonic_pinn_normalization_ablation_local/alpha_0.800_amplitude_phase_max_wint_2/history.csv,0.5400400161743164,anchor_ablation;training_history,52,epoch|loss|loss_pde|loss_bc|loss_bc_kappa|loss_bc_q|loss_norm|loss_integral_norm|loss_phase|loss_peak_slope|loss_peak_curvature|loss_loc_center|loss_loc_spread|loss_first_order_v_energy|loss_first_order_amp_cap|loss_riccati_anchor|loss_q_supervision|loss_riccati_center_kappa|loss_riccati_center_peak|loss_riccati_boundary_band_kappa|loss_riccati_boundary_band_q|loss_riccati_shooting_match|loss_ci_stability_outside|loss_ci_neutrality|loss_ci_low_alpha_zero|loss_ci_smoothness|loss_ci_supervision|stage_w_ci_supervision|stage_neutral_fraction|ci_supervision_neutral_fraction|stage2_started|mapping_scale|ci_mid|audit_ci_mae|audit_ci_max_abs|audit_ci_mean_rel|audit_ci_max_rel|audit_p_rel_l2_mean|audit_p_rel_l2_max|audit_env_rel_mean|audit_env_rel_max|audit_phase_rel_mean|audit_phase_rel_max|audit_peak_shift_mean|audit_peak_shift_max|audit_env_rel_weighted_mean|audit_phase_rel_weighted_mean|audit_peak_shift_weighted_mean|audit_checkpoint_metric|n_focus_alphas|focus_alpha_min|focus_alpha_max
results/subsonic_pinn_normalization_ablation_local/alpha_0.800_amplitude_phase_point_max_wint_2/config.csv,0.0024461746215820312,anchor_ablation,113,mach|alpha_min|alpha_max|epochs|learning_rate|hidden_dim|mode_hidden_dim|ci_hidden_dim|mode_depth|ci_depth|fixed_scalar_ci|freeze_ci|activation|fourier_features|fourier_scale|initial_ci|mapping_scale|trainable_mapping_scale|n_interior|n_boundary|n_alpha_supervision|n_anchor_alpha|n_norm_interior|n_reference_alpha|n_audit_alpha|n_mode_audit_alpha|n_mode_audit_y|audit_every|checkpoint_every|enable_classic_ci_supervision|enable_classic_mode_audit|stage_split_epoch|stage2_freeze_ci|stage2_ci_lr_scale|separate_branch_optimizers|detach_ci_in_mode_branch|ci_branch_lr|mode_branch_lr|stage1_w_ci_supervision|stage2_w_ci_supervision|stage1_neutral_fraction|stage2_neutral_fraction|focus_fraction|focus_half_width|neutral_fraction|ci_supervision_neutral_boost|neutral_half_width|error_threshold|mode_error_threshold|max_focus_points|anchor_strategy|anchor_half_width|anchor_max_candidates|mode_center_fraction|mode_center_half_width|w_pde|w_bc|w_bc_kappa|w_bc_q|w_norm|w_integral_norm|w_phase|w_peak_slope|w_peak_curvature|w_loc_center|w_loc_spread|w_first_order_v_energy|w_first_order_amp_cap|first_order_amp_cap|w_ci_supervision|w_ci_stability_outside|w_ci_neutrality|w_ci_low_alpha_zero|w_ci_smoothness|n_ci_spectral_grid|audit_ci_weight|audit_mode_weight|audit_env_weight|audit_phase_weight|audit_peak_weight|phase_mask_fraction|classic_n_points|classic_mapping_scale|classic_xi_max|enforce_mode_symmetry|mode_representation|mode_experts|alpha_split_threshold|riccati_anchor_supervision|riccati_anchor_n_xi|riccati_anchor_every|riccati_anchor_alphas|w_riccati_anchor|w_q_supervision|q_supervision_n_xi|q_supervision_every|q_supervision_alpha_count|w_riccati_center_kappa|w_riccati_center_peak|w_riccati_boundary_band_kappa|w_riccati_boundary_band_q|riccati_center_xi|riccati_boundary_band_points|riccati_boundary_band_start|riccati_boundary_band_end|w_riccati_shooting_match|riccati_shooting_steps|riccati_shooting_xi_boundary|mode_low_alpha_threshold|mode_low_alpha_weight|mode_low_alpha_audit_fraction|output_dir|device
results/subsonic_pinn_normalization_ablation_local/alpha_0.800_amplitude_phase_point_max_wint_2/history.csv,0.5520448684692383,anchor_ablation;training_history,52,epoch|loss|loss_pde|loss_bc|loss_bc_kappa|loss_bc_q|loss_norm|loss_integral_norm|loss_phase|loss_peak_slope|loss_peak_curvature|loss_loc_center|loss_loc_spread|loss_first_order_v_energy|loss_first_order_amp_cap|loss_riccati_anchor|loss_q_supervision|loss_riccati_center_kappa|loss_riccati_center_peak|loss_riccati_boundary_band_kappa|loss_riccati_boundary_band_q|loss_riccati_shooting_match|loss_ci_stability_outside|loss_ci_neutrality|loss_ci_low_alpha_zero|loss_ci_smoothness|loss_ci_supervision|stage_w_ci_supervision|stage_neutral_fraction|ci_supervision_neutral_fraction|stage2_started|mapping_scale|ci_mid|audit_ci_mae|audit_ci_max_abs|audit_ci_mean_rel|audit_ci_max_rel|audit_p_rel_l2_mean|audit_p_rel_l2_max|audit_env_rel_mean|audit_env_rel_max|audit_phase_rel_mean|audit_phase_rel_max|audit_peak_shift_mean|audit_peak_shift_max|audit_env_rel_weighted_mean|audit_phase_rel_weighted_mean|audit_peak_shift_weighted_mean|audit_checkpoint_metric|n_focus_alphas|focus_alpha_min|focus_alpha_max
results/subsonic_pinn_normalization_ablation_local/alpha_0.800_amplitude_phase_point_wint_2/config.csv,0.0024385452270507812,anchor_ablation,113,mach|alpha_min|alpha_max|epochs|learning_rate|hidden_dim|mode_hidden_dim|ci_hidden_dim|mode_depth|ci_depth|fixed_scalar_ci|freeze_ci|activation|fourier_features|fourier_scale|initial_ci|mapping_scale|trainable_mapping_scale|n_interior|n_boundary|n_alpha_supervision|n_anchor_alpha|n_norm_interior|n_reference_alpha|n_audit_alpha|n_mode_audit_alpha|n_mode_audit_y|audit_every|checkpoint_every|enable_classic_ci_supervision|enable_classic_mode_audit|stage_split_epoch|stage2_freeze_ci|stage2_ci_lr_scale|separate_branch_optimizers|detach_ci_in_mode_branch|ci_branch_lr|mode_branch_lr|stage1_w_ci_supervision|stage2_w_ci_supervision|stage1_neutral_fraction|stage2_neutral_fraction|focus_fraction|focus_half_width|neutral_fraction|ci_supervision_neutral_boost|neutral_half_width|error_threshold|mode_error_threshold|max_focus_points|anchor_strategy|anchor_half_width|anchor_max_candidates|mode_center_fraction|mode_center_half_width|w_pde|w_bc|w_bc_kappa|w_bc_q|w_norm|w_integral_norm|w_phase|w_peak_slope|w_peak_curvature|w_loc_center|w_loc_spread|w_first_order_v_energy|w_first_order_amp_cap|first_order_amp_cap|w_ci_supervision|w_ci_stability_outside|w_ci_neutrality|w_ci_low_alpha_zero|w_ci_smoothness|n_ci_spectral_grid|audit_ci_weight|audit_mode_weight|audit_env_weight|audit_phase_weight|audit_peak_weight|phase_mask_fraction|classic_n_points|classic_mapping_scale|classic_xi_max|enforce_mode_symmetry|mode_representation|mode_experts|alpha_split_threshold|riccati_anchor_supervision|riccati_anchor_n_xi|riccati_anchor_every|riccati_anchor_alphas|w_riccati_anchor|w_q_supervision|q_supervision_n_xi|q_supervision_every|q_supervision_alpha_count|w_riccati_center_kappa|w_riccati_center_peak|w_riccati_boundary_band_kappa|w_riccati_boundary_band_q|riccati_center_xi|riccati_boundary_band_points|riccati_boundary_band_start|riccati_boundary_band_end|w_riccati_shooting_match|riccati_shooting_steps|riccati_shooting_xi_boundary|mode_low_alpha_threshold|mode_low_alpha_weight|mode_low_alpha_audit_fraction|output_dir|device
results/subsonic_pinn_normalization_ablation_local/alpha_0.800_amplitude_phase_point_wint_2/history.csv,0.5447320938110352,anchor_ablation;training_history,52,epoch|loss|loss_pde|loss_bc|loss_bc_kappa|loss_bc_q|loss_norm|loss_integral_norm|loss_phase|loss_peak_slope|loss_peak_curvature|loss_loc_center|loss_loc_spread|loss_first_order_v_energy|loss_first_order_amp_cap|loss_riccati_anchor|loss_q_supervision|loss_riccati_center_kappa|loss_riccati_center_peak|loss_riccati_boundary_band_kappa|loss_riccati_boundary_band_q|loss_riccati_shooting_match|loss_ci_stability_outside|loss_ci_neutrality|loss_ci_low_alpha_zero|loss_ci_smoothness|loss_ci_supervision|stage_w_ci_supervision|stage_neutral_fraction|ci_supervision_neutral_fraction|stage2_started|mapping_scale|ci_mid|audit_ci_mae|audit_ci_max_abs|audit_ci_mean_rel|audit_ci_max_rel|audit_p_rel_l2_mean|audit_p_rel_l2_max|audit_env_rel_mean|audit_env_rel_max|audit_phase_rel_mean|audit_phase_rel_max|audit_peak_shift_mean|audit_peak_shift_max|audit_env_rel_weighted_mean|audit_phase_rel_weighted_mean|audit_peak_shift_weighted_mean|audit_checkpoint_metric|n_focus_alphas|focus_alpha_min|focus_alpha_max
results/subsonic_pinn_normalization_ablation_local/alpha_0.800_cartesian_band_wint_2/config.csv,0.0024251937866210938,anchor_ablation,113,mach|alpha_min|alpha_max|epochs|learning_rate|hidden_dim|mode_hidden_dim|ci_hidden_dim|mode_depth|ci_depth|fixed_scalar_ci|freeze_ci|activation|fourier_features|fourier_scale|initial_ci|mapping_scale|trainable_mapping_scale|n_interior|n_boundary|n_alpha_supervision|n_anchor_alpha|n_norm_interior|n_reference_alpha|n_audit_alpha|n_mode_audit_alpha|n_mode_audit_y|audit_every|checkpoint_every|enable_classic_ci_supervision|enable_classic_mode_audit|stage_split_epoch|stage2_freeze_ci|stage2_ci_lr_scale|separate_branch_optimizers|detach_ci_in_mode_branch|ci_branch_lr|mode_branch_lr|stage1_w_ci_supervision|stage2_w_ci_supervision|stage1_neutral_fraction|stage2_neutral_fraction|focus_fraction|focus_half_width|neutral_fraction|ci_supervision_neutral_boost|neutral_half_width|error_threshold|mode_error_threshold|max_focus_points|anchor_strategy|anchor_half_width|anchor_max_candidates|mode_center_fraction|mode_center_half_width|w_pde|w_bc|w_bc_kappa|w_bc_q|w_norm|w_integral_norm|w_phase|w_peak_slope|w_peak_curvature|w_loc_center|w_loc_spread|w_first_order_v_energy|w_first_order_amp_cap|first_order_amp_cap|w_ci_supervision|w_ci_stability_outside|w_ci_neutrality|w_ci_low_alpha_zero|w_ci_smoothness|n_ci_spectral_grid|audit_ci_weight|audit_mode_weight|audit_env_weight|audit_phase_weight|audit_peak_weight|phase_mask_fraction|classic_n_points|classic_mapping_scale|classic_xi_max|enforce_mode_symmetry|mode_representation|mode_experts|alpha_split_threshold|riccati_anchor_supervision|riccati_anchor_n_xi|riccati_anchor_every|riccati_anchor_alphas|w_riccati_anchor|w_q_supervision|q_supervision_n_xi|q_supervision_every|q_supervision_alpha_count|w_riccati_center_kappa|w_riccati_center_peak|w_riccati_boundary_band_kappa|w_riccati_boundary_band_q|riccati_center_xi|riccati_boundary_band_points|riccati_boundary_band_start|riccati_boundary_band_end|w_riccati_shooting_match|riccati_shooting_steps|riccati_shooting_xi_boundary|mode_low_alpha_threshold|mode_low_alpha_weight|mode_low_alpha_audit_fraction|output_dir|device
results/subsonic_pinn_normalization_ablation_local/alpha_0.800_cartesian_band_wint_2/history.csv,0.5500421524047852,anchor_ablation;training_history,52,epoch|loss|loss_pde|loss_bc|loss_bc_kappa|loss_bc_q|loss_norm|loss_integral_norm|loss_phase|loss_peak_slope|loss_peak_curvature|loss_loc_center|loss_loc_spread|loss_first_order_v_energy|loss_first_order_amp_cap|loss_riccati_anchor|loss_q_supervision|loss_riccati_center_kappa|loss_riccati_center_peak|loss_riccati_boundary_band_kappa|loss_riccati_boundary_band_q|loss_riccati_shooting_match|loss_ci_stability_outside|loss_ci_neutrality|loss_ci_low_alpha_zero|loss_ci_smoothness|loss_ci_supervision|stage_w_ci_supervision|stage_neutral_fraction|ci_supervision_neutral_fraction|stage2_started|mapping_scale|ci_mid|audit_ci_mae|audit_ci_max_abs|audit_ci_mean_rel|audit_ci_max_rel|audit_p_rel_l2_mean|audit_p_rel_l2_max|audit_env_rel_mean|audit_env_rel_max|audit_phase_rel_mean|audit_phase_rel_max|audit_peak_shift_mean|audit_peak_shift_max|audit_env_rel_weighted_mean|audit_phase_rel_weighted_mean|audit_peak_shift_weighted_mean|audit_checkpoint_metric|n_focus_alphas|focus_alpha_min|focus_alpha_max
results/subsonic_pinn_normalization_ablation_local/alpha_0.800_cartesian_max_wint_2/config.csv,0.0024232864379882812,anchor_ablation,113,mach|alpha_min|alpha_max|epochs|learning_rate|hidden_dim|mode_hidden_dim|ci_hidden_dim|mode_depth|ci_depth|fixed_scalar_ci|freeze_ci|activation|fourier_features|fourier_scale|initial_ci|mapping_scale|trainable_mapping_scale|n_interior|n_boundary|n_alpha_supervision|n_anchor_alpha|n_norm_interior|n_reference_alpha|n_audit_alpha|n_mode_audit_alpha|n_mode_audit_y|audit_every|checkpoint_every|enable_classic_ci_supervision|enable_classic_mode_audit|stage_split_epoch|stage2_freeze_ci|stage2_ci_lr_scale|separate_branch_optimizers|detach_ci_in_mode_branch|ci_branch_lr|mode_branch_lr|stage1_w_ci_supervision|stage2_w_ci_supervision|stage1_neutral_fraction|stage2_neutral_fraction|focus_fraction|focus_half_width|neutral_fraction|ci_supervision_neutral_boost|neutral_half_width|error_threshold|mode_error_threshold|max_focus_points|anchor_strategy|anchor_half_width|anchor_max_candidates|mode_center_fraction|mode_center_half_width|w_pde|w_bc|w_bc_kappa|w_bc_q|w_norm|w_integral_norm|w_phase|w_peak_slope|w_peak_curvature|w_loc_center|w_loc_spread|w_first_order_v_energy|w_first_order_amp_cap|first_order_amp_cap|w_ci_supervision|w_ci_stability_outside|w_ci_neutrality|w_ci_low_alpha_zero|w_ci_smoothness|n_ci_spectral_grid|audit_ci_weight|audit_mode_weight|audit_env_weight|audit_phase_weight|audit_peak_weight|phase_mask_fraction|classic_n_points|classic_mapping_scale|classic_xi_max|enforce_mode_symmetry|mode_representation|mode_experts|alpha_split_threshold|riccati_anchor_supervision|riccati_anchor_n_xi|riccati_anchor_every|riccati_anchor_alphas|w_riccati_anchor|w_q_supervision|q_supervision_n_xi|q_supervision_every|q_supervision_alpha_count|w_riccati_center_kappa|w_riccati_center_peak|w_riccati_boundary_band_kappa|w_riccati_boundary_band_q|riccati_center_xi|riccati_boundary_band_points|riccati_boundary_band_start|riccati_boundary_band_end|w_riccati_shooting_match|riccati_shooting_steps|riccati_shooting_xi_boundary|mode_low_alpha_threshold|mode_low_alpha_weight|mode_low_alpha_audit_fraction|output_dir|device
results/subsonic_pinn_normalization_ablation_local/alpha_0.800_cartesian_max_wint_2/history.csv,0.5373935699462891,anchor_ablation;training_history,52,epoch|loss|loss_pde|loss_bc|loss_bc_kappa|loss_bc_q|loss_norm|loss_integral_norm|loss_phase|loss_peak_slope|loss_peak_curvature|loss_loc_center|loss_loc_spread|loss_first_order_v_energy|loss_first_order_amp_cap|loss_riccati_anchor|loss_q_supervision|loss_riccati_center_kappa|loss_riccati_center_peak|loss_riccati_boundary_band_kappa|loss_riccati_boundary_band_q|loss_riccati_shooting_match|loss_ci_stability_outside|loss_ci_neutrality|loss_ci_low_alpha_zero|loss_ci_smoothness|loss_ci_supervision|stage_w_ci_supervision|stage_neutral_fraction|ci_supervision_neutral_fraction|stage2_started|mapping_scale|ci_mid|audit_ci_mae|audit_ci_max_abs|audit_ci_mean_rel|audit_ci_max_rel|audit_p_rel_l2_mean|audit_p_rel_l2_max|audit_env_rel_mean|audit_env_rel_max|audit_phase_rel_mean|audit_phase_rel_max|audit_peak_shift_mean|audit_peak_shift_max|audit_env_rel_weighted_mean|audit_phase_rel_weighted_mean|audit_peak_shift_weighted_mean|audit_checkpoint_metric|n_focus_alphas|focus_alpha_min|focus_alpha_max
results/subsonic_pinn_normalization_ablation_local/alpha_0.800_cartesian_point_max_wint_2/config.csv,0.0024347305297851562,anchor_ablation,113,mach|alpha_min|alpha_max|epochs|learning_rate|hidden_dim|mode_hidden_dim|ci_hidden_dim|mode_depth|ci_depth|fixed_scalar_ci|freeze_ci|activation|fourier_features|fourier_scale|initial_ci|mapping_scale|trainable_mapping_scale|n_interior|n_boundary|n_alpha_supervision|n_anchor_alpha|n_norm_interior|n_reference_alpha|n_audit_alpha|n_mode_audit_alpha|n_mode_audit_y|audit_every|checkpoint_every|enable_classic_ci_supervision|enable_classic_mode_audit|stage_split_epoch|stage2_freeze_ci|stage2_ci_lr_scale|separate_branch_optimizers|detach_ci_in_mode_branch|ci_branch_lr|mode_branch_lr|stage1_w_ci_supervision|stage2_w_ci_supervision|stage1_neutral_fraction|stage2_neutral_fraction|focus_fraction|focus_half_width|neutral_fraction|ci_supervision_neutral_boost|neutral_half_width|error_threshold|mode_error_threshold|max_focus_points|anchor_strategy|anchor_half_width|anchor_max_candidates|mode_center_fraction|mode_center_half_width|w_pde|w_bc|w_bc_kappa|w_bc_q|w_norm|w_integral_norm|w_phase|w_peak_slope|w_peak_curvature|w_loc_center|w_loc_spread|w_first_order_v_energy|w_first_order_amp_cap|first_order_amp_cap|w_ci_supervision|w_ci_stability_outside|w_ci_neutrality|w_ci_low_alpha_zero|w_ci_smoothness|n_ci_spectral_grid|audit_ci_weight|audit_mode_weight|audit_env_weight|audit_phase_weight|audit_peak_weight|phase_mask_fraction|classic_n_points|classic_mapping_scale|classic_xi_max|enforce_mode_symmetry|mode_representation|mode_experts|alpha_split_threshold|riccati_anchor_supervision|riccati_anchor_n_xi|riccati_anchor_every|riccati_anchor_alphas|w_riccati_anchor|w_q_supervision|q_supervision_n_xi|q_supervision_every|q_supervision_alpha_count|w_riccati_center_kappa|w_riccati_center_peak|w_riccati_boundary_band_kappa|w_riccati_boundary_band_q|riccati_center_xi|riccati_boundary_band_points|riccati_boundary_band_start|riccati_boundary_band_end|w_riccati_shooting_match|riccati_shooting_steps|riccati_shooting_xi_boundary|mode_low_alpha_threshold|mode_low_alpha_weight|mode_low_alpha_audit_fraction|output_dir|device
results/subsonic_pinn_normalization_ablation_local/alpha_0.800_cartesian_point_max_wint_2/history.csv,0.5521392822265625,anchor_ablation;training_history,52,epoch|loss|loss_pde|loss_bc|loss_bc_kappa|loss_bc_q|loss_norm|loss_integral_norm|loss_phase|loss_peak_slope|loss_peak_curvature|loss_loc_center|loss_loc_spread|loss_first_order_v_energy|loss_first_order_amp_cap|loss_riccati_anchor|loss_q_supervision|loss_riccati_center_kappa|loss_riccati_center_peak|loss_riccati_boundary_band_kappa|loss_riccati_boundary_band_q|loss_riccati_shooting_match|loss_ci_stability_outside|loss_ci_neutrality|loss_ci_low_alpha_zero|loss_ci_smoothness|loss_ci_supervision|stage_w_ci_supervision|stage_neutral_fraction|ci_supervision_neutral_fraction|stage2_started|mapping_scale|ci_mid|audit_ci_mae|audit_ci_max_abs|audit_ci_mean_rel|audit_ci_max_rel|audit_p_rel_l2_mean|audit_p_rel_l2_max|audit_env_rel_mean|audit_env_rel_max|audit_phase_rel_mean|audit_phase_rel_max|audit_peak_shift_mean|audit_peak_shift_max|audit_env_rel_weighted_mean|audit_phase_rel_weighted_mean|audit_peak_shift_weighted_mean|audit_checkpoint_metric|n_focus_alphas|focus_alpha_min|focus_alpha_max
results/subsonic_pinn_normalization_ablation_local/alpha_0.800_cartesian_point_wint_2/config.csv,0.0024271011352539062,anchor_ablation,113,mach|alpha_min|alpha_max|epochs|learning_rate|hidden_dim|mode_hidden_dim|ci_hidden_dim|mode_depth|ci_depth|fixed_scalar_ci|freeze_ci|activation|fourier_features|fourier_scale|initial_ci|mapping_scale|trainable_mapping_scale|n_interior|n_boundary|n_alpha_supervision|n_anchor_alpha|n_norm_interior|n_reference_alpha|n_audit_alpha|n_mode_audit_alpha|n_mode_audit_y|audit_every|checkpoint_every|enable_classic_ci_supervision|enable_classic_mode_audit|stage_split_epoch|stage2_freeze_ci|stage2_ci_lr_scale|separate_branch_optimizers|detach_ci_in_mode_branch|ci_branch_lr|mode_branch_lr|stage1_w_ci_supervision|stage2_w_ci_supervision|stage1_neutral_fraction|stage2_neutral_fraction|focus_fraction|focus_half_width|neutral_fraction|ci_supervision_neutral_boost|neutral_half_width|error_threshold|mode_error_threshold|max_focus_points|anchor_strategy|anchor_half_width|anchor_max_candidates|mode_center_fraction|mode_center_half_width|w_pde|w_bc|w_bc_kappa|w_bc_q|w_norm|w_integral_norm|w_phase|w_peak_slope|w_peak_curvature|w_loc_center|w_loc_spread|w_first_order_v_energy|w_first_order_amp_cap|first_order_amp_cap|w_ci_supervision|w_ci_stability_outside|w_ci_neutrality|w_ci_low_alpha_zero|w_ci_smoothness|n_ci_spectral_grid|audit_ci_weight|audit_mode_weight|audit_env_weight|audit_phase_weight|audit_peak_weight|phase_mask_fraction|classic_n_points|classic_mapping_scale|classic_xi_max|enforce_mode_symmetry|mode_representation|mode_experts|alpha_split_threshold|riccati_anchor_supervision|riccati_anchor_n_xi|riccati_anchor_every|riccati_anchor_alphas|w_riccati_anchor|w_q_supervision|q_supervision_n_xi|q_supervision_every|q_supervision_alpha_count|w_riccati_center_kappa|w_riccati_center_peak|w_riccati_boundary_band_kappa|w_riccati_boundary_band_q|riccati_center_xi|riccati_boundary_band_points|riccati_boundary_band_start|riccati_boundary_band_end|w_riccati_shooting_match|riccati_shooting_steps|riccati_shooting_xi_boundary|mode_low_alpha_threshold|mode_low_alpha_weight|mode_low_alpha_audit_fraction|output_dir|device
results/subsonic_pinn_normalization_ablation_local/alpha_0.800_cartesian_point_wint_2/history.csv,0.5541868209838867,anchor_ablation;training_history,52,epoch|loss|loss_pde|loss_bc|loss_bc_kappa|loss_bc_q|loss_norm|loss_integral_norm|loss_phase|loss_peak_slope|loss_peak_curvature|loss_loc_center|loss_loc_spread|loss_first_order_v_energy|loss_first_order_amp_cap|loss_riccati_anchor|loss_q_supervision|loss_riccati_center_kappa|loss_riccati_center_peak|loss_riccati_boundary_band_kappa|loss_riccati_boundary_band_q|loss_riccati_shooting_match|loss_ci_stability_outside|loss_ci_neutrality|loss_ci_low_alpha_zero|loss_ci_smoothness|loss_ci_supervision|stage_w_ci_supervision|stage_neutral_fraction|ci_supervision_neutral_fraction|stage2_started|mapping_scale|ci_mid|audit_ci_mae|audit_ci_max_abs|audit_ci_mean_rel|audit_ci_max_rel|audit_p_rel_l2_mean|audit_p_rel_l2_max|audit_env_rel_mean|audit_env_rel_max|audit_phase_rel_mean|audit_phase_rel_max|audit_peak_shift_mean|audit_peak_shift_max|audit_env_rel_weighted_mean|audit_phase_rel_weighted_mean|audit_peak_shift_weighted_mean|audit_checkpoint_metric|n_focus_alphas|focus_alpha_min|focus_alpha_max
results/subsonic_pinn_normalization_ablation_local/normalization_ablation_summary.csv,0.008121490478515625,anchor_ablation,19,mach|alpha|representation|representation_label|anchor_strategy|anchor_label|w_integral_norm|combo_label|run_dir|best_epoch|best_ci_mae|best_p_rel|best_env|best_phase|last_epoch|last_ci_mae|last_p_rel|last_env|last_phase
results/subsonic_pinn_representation_ablation_local/alpha_0.200_amplitude_phase/config.csv,0.0024251937866210938,anchor_ablation,113,mach|alpha_min|alpha_max|epochs|learning_rate|hidden_dim|mode_hidden_dim|ci_hidden_dim|mode_depth|ci_depth|fixed_scalar_ci|freeze_ci|activation|fourier_features|fourier_scale|initial_ci|mapping_scale|trainable_mapping_scale|n_interior|n_boundary|n_alpha_supervision|n_anchor_alpha|n_norm_interior|n_reference_alpha|n_audit_alpha|n_mode_audit_alpha|n_mode_audit_y|audit_every|checkpoint_every|enable_classic_ci_supervision|enable_classic_mode_audit|stage_split_epoch|stage2_freeze_ci|stage2_ci_lr_scale|separate_branch_optimizers|detach_ci_in_mode_branch|ci_branch_lr|mode_branch_lr|stage1_w_ci_supervision|stage2_w_ci_supervision|stage1_neutral_fraction|stage2_neutral_fraction|focus_fraction|focus_half_width|neutral_fraction|ci_supervision_neutral_boost|neutral_half_width|error_threshold|mode_error_threshold|max_focus_points|anchor_strategy|anchor_half_width|anchor_max_candidates|mode_center_fraction|mode_center_half_width|w_pde|w_bc|w_bc_kappa|w_bc_q|w_norm|w_integral_norm|w_phase|w_peak_slope|w_peak_curvature|w_loc_center|w_loc_spread|w_first_order_v_energy|w_first_order_amp_cap|first_order_amp_cap|w_ci_supervision|w_ci_stability_outside|w_ci_neutrality|w_ci_low_alpha_zero|w_ci_smoothness|n_ci_spectral_grid|audit_ci_weight|audit_mode_weight|audit_env_weight|audit_phase_weight|audit_peak_weight|phase_mask_fraction|classic_n_points|classic_mapping_scale|classic_xi_max|enforce_mode_symmetry|mode_representation|mode_experts|alpha_split_threshold|riccati_anchor_supervision|riccati_anchor_n_xi|riccati_anchor_every|riccati_anchor_alphas|w_riccati_anchor|w_q_supervision|q_supervision_n_xi|q_supervision_every|q_supervision_alpha_count|w_riccati_center_kappa|w_riccati_center_peak|w_riccati_boundary_band_kappa|w_riccati_boundary_band_q|riccati_center_xi|riccati_boundary_band_points|riccati_boundary_band_start|riccati_boundary_band_end|w_riccati_shooting_match|riccati_shooting_steps|riccati_shooting_xi_boundary|mode_low_alpha_threshold|mode_low_alpha_weight|mode_low_alpha_audit_fraction|output_dir|device
results/subsonic_pinn_representation_ablation_local/alpha_0.200_amplitude_phase/history.csv,0.5447940826416016,anchor_ablation;training_history,52,epoch|loss|loss_pde|loss_bc|loss_bc_kappa|loss_bc_q|loss_norm|loss_integral_norm|loss_phase|loss_peak_slope|loss_peak_curvature|loss_loc_center|loss_loc_spread|loss_first_order_v_energy|loss_first_order_amp_cap|loss_riccati_anchor|loss_q_supervision|loss_riccati_center_kappa|loss_riccati_center_peak|loss_riccati_boundary_band_kappa|loss_riccati_boundary_band_q|loss_riccati_shooting_match|loss_ci_stability_outside|loss_ci_neutrality|loss_ci_low_alpha_zero|loss_ci_smoothness|loss_ci_supervision|stage_w_ci_supervision|stage_neutral_fraction|ci_supervision_neutral_fraction|stage2_started|mapping_scale|ci_mid|audit_ci_mae|audit_ci_max_abs|audit_ci_mean_rel|audit_ci_max_rel|audit_p_rel_l2_mean|audit_p_rel_l2_max|audit_env_rel_mean|audit_env_rel_max|audit_phase_rel_mean|audit_phase_rel_max|audit_peak_shift_mean|audit_peak_shift_max|audit_env_rel_weighted_mean|audit_phase_rel_weighted_mean|audit_peak_shift_weighted_mean|audit_checkpoint_metric|n_focus_alphas|focus_alpha_min|focus_alpha_max
results/subsonic_pinn_representation_ablation_local/alpha_0.200_cartesian/config.csv,0.0024137496948242188,anchor_ablation,113,mach|alpha_min|alpha_max|epochs|learning_rate|hidden_dim|mode_hidden_dim|ci_hidden_dim|mode_depth|ci_depth|fixed_scalar_ci|freeze_ci|activation|fourier_features|fourier_scale|initial_ci|mapping_scale|trainable_mapping_scale|n_interior|n_boundary|n_alpha_supervision|n_anchor_alpha|n_norm_interior|n_reference_alpha|n_audit_alpha|n_mode_audit_alpha|n_mode_audit_y|audit_every|checkpoint_every|enable_classic_ci_supervision|enable_classic_mode_audit|stage_split_epoch|stage2_freeze_ci|stage2_ci_lr_scale|separate_branch_optimizers|detach_ci_in_mode_branch|ci_branch_lr|mode_branch_lr|stage1_w_ci_supervision|stage2_w_ci_supervision|stage1_neutral_fraction|stage2_neutral_fraction|focus_fraction|focus_half_width|neutral_fraction|ci_supervision_neutral_boost|neutral_half_width|error_threshold|mode_error_threshold|max_focus_points|anchor_strategy|anchor_half_width|anchor_max_candidates|mode_center_fraction|mode_center_half_width|w_pde|w_bc|w_bc_kappa|w_bc_q|w_norm|w_integral_norm|w_phase|w_peak_slope|w_peak_curvature|w_loc_center|w_loc_spread|w_first_order_v_energy|w_first_order_amp_cap|first_order_amp_cap|w_ci_supervision|w_ci_stability_outside|w_ci_neutrality|w_ci_low_alpha_zero|w_ci_smoothness|n_ci_spectral_grid|audit_ci_weight|audit_mode_weight|audit_env_weight|audit_phase_weight|audit_peak_weight|phase_mask_fraction|classic_n_points|classic_mapping_scale|classic_xi_max|enforce_mode_symmetry|mode_representation|mode_experts|alpha_split_threshold|riccati_anchor_supervision|riccati_anchor_n_xi|riccati_anchor_every|riccati_anchor_alphas|w_riccati_anchor|w_q_supervision|q_supervision_n_xi|q_supervision_every|q_supervision_alpha_count|w_riccati_center_kappa|w_riccati_center_peak|w_riccati_boundary_band_kappa|w_riccati_boundary_band_q|riccati_center_xi|riccati_boundary_band_points|riccati_boundary_band_start|riccati_boundary_band_end|w_riccati_shooting_match|riccati_shooting_steps|riccati_shooting_xi_boundary|mode_low_alpha_threshold|mode_low_alpha_weight|mode_low_alpha_audit_fraction|output_dir|device
results/subsonic_pinn_representation_ablation_local/alpha_0.200_cartesian/history.csv,0.5448627471923828,anchor_ablation;training_history,52,epoch|loss|loss_pde|loss_bc|loss_bc_kappa|loss_bc_q|loss_norm|loss_integral_norm|loss_phase|loss_peak_slope|loss_peak_curvature|loss_loc_center|loss_loc_spread|loss_first_order_v_energy|loss_first_order_amp_cap|loss_riccati_anchor|loss_q_supervision|loss_riccati_center_kappa|loss_riccati_center_peak|loss_riccati_boundary_band_kappa|loss_riccati_boundary_band_q|loss_riccati_shooting_match|loss_ci_stability_outside|loss_ci_neutrality|loss_ci_low_alpha_zero|loss_ci_smoothness|loss_ci_supervision|stage_w_ci_supervision|stage_neutral_fraction|ci_supervision_neutral_fraction|stage2_started|mapping_scale|ci_mid|audit_ci_mae|audit_ci_max_abs|audit_ci_mean_rel|audit_ci_max_rel|audit_p_rel_l2_mean|audit_p_rel_l2_max|audit_env_rel_mean|audit_env_rel_max|audit_phase_rel_mean|audit_phase_rel_max|audit_peak_shift_mean|audit_peak_shift_max|audit_env_rel_weighted_mean|audit_phase_rel_weighted_mean|audit_peak_shift_weighted_mean|audit_checkpoint_metric|n_focus_alphas|focus_alpha_min|focus_alpha_max
results/subsonic_pinn_representation_ablation_local/alpha_0.200_log_amplitude_phase/config.csv,0.0024328231811523438,anchor_ablation,113,mach|alpha_min|alpha_max|epochs|learning_rate|hidden_dim|mode_hidden_dim|ci_hidden_dim|mode_depth|ci_depth|fixed_scalar_ci|freeze_ci|activation|fourier_features|fourier_scale|initial_ci|mapping_scale|trainable_mapping_scale|n_interior|n_boundary|n_alpha_supervision|n_anchor_alpha|n_norm_interior|n_reference_alpha|n_audit_alpha|n_mode_audit_alpha|n_mode_audit_y|audit_every|checkpoint_every|enable_classic_ci_supervision|enable_classic_mode_audit|stage_split_epoch|stage2_freeze_ci|stage2_ci_lr_scale|separate_branch_optimizers|detach_ci_in_mode_branch|ci_branch_lr|mode_branch_lr|stage1_w_ci_supervision|stage2_w_ci_supervision|stage1_neutral_fraction|stage2_neutral_fraction|focus_fraction|focus_half_width|neutral_fraction|ci_supervision_neutral_boost|neutral_half_width|error_threshold|mode_error_threshold|max_focus_points|anchor_strategy|anchor_half_width|anchor_max_candidates|mode_center_fraction|mode_center_half_width|w_pde|w_bc|w_bc_kappa|w_bc_q|w_norm|w_integral_norm|w_phase|w_peak_slope|w_peak_curvature|w_loc_center|w_loc_spread|w_first_order_v_energy|w_first_order_amp_cap|first_order_amp_cap|w_ci_supervision|w_ci_stability_outside|w_ci_neutrality|w_ci_low_alpha_zero|w_ci_smoothness|n_ci_spectral_grid|audit_ci_weight|audit_mode_weight|audit_env_weight|audit_phase_weight|audit_peak_weight|phase_mask_fraction|classic_n_points|classic_mapping_scale|classic_xi_max|enforce_mode_symmetry|mode_representation|mode_experts|alpha_split_threshold|riccati_anchor_supervision|riccati_anchor_n_xi|riccati_anchor_every|riccati_anchor_alphas|w_riccati_anchor|w_q_supervision|q_supervision_n_xi|q_supervision_every|q_supervision_alpha_count|w_riccati_center_kappa|w_riccati_center_peak|w_riccati_boundary_band_kappa|w_riccati_boundary_band_q|riccati_center_xi|riccati_boundary_band_points|riccati_boundary_band_start|riccati_boundary_band_end|w_riccati_shooting_match|riccati_shooting_steps|riccati_shooting_xi_boundary|mode_low_alpha_threshold|mode_low_alpha_weight|mode_low_alpha_audit_fraction|output_dir|device
results/subsonic_pinn_representation_ablation_local/alpha_0.200_log_amplitude_phase/history.csv,0.5346956253051758,anchor_ablation;training_history,52,epoch|loss|loss_pde|loss_bc|loss_bc_kappa|loss_bc_q|loss_norm|loss_integral_norm|loss_phase|loss_peak_slope|loss_peak_curvature|loss_loc_center|loss_loc_spread|loss_first_order_v_energy|loss_first_order_amp_cap|loss_riccati_anchor|loss_q_supervision|loss_riccati_center_kappa|loss_riccati_center_peak|loss_riccati_boundary_band_kappa|loss_riccati_boundary_band_q|loss_riccati_shooting_match|loss_ci_stability_outside|loss_ci_neutrality|loss_ci_low_alpha_zero|loss_ci_smoothness|loss_ci_supervision|stage_w_ci_supervision|stage_neutral_fraction|ci_supervision_neutral_fraction|stage2_started|mapping_scale|ci_mid|audit_ci_mae|audit_ci_max_abs|audit_ci_mean_rel|audit_ci_max_rel|audit_p_rel_l2_mean|audit_p_rel_l2_max|audit_env_rel_mean|audit_env_rel_max|audit_phase_rel_mean|audit_phase_rel_max|audit_peak_shift_mean|audit_peak_shift_max|audit_env_rel_weighted_mean|audit_phase_rel_weighted_mean|audit_peak_shift_weighted_mean|audit_checkpoint_metric|n_focus_alphas|focus_alpha_min|focus_alpha_max
results/subsonic_pinn_representation_ablation_local/alpha_0.500_amplitude_phase/config.csv,0.0024251937866210938,anchor_ablation,113,mach|alpha_min|alpha_max|epochs|learning_rate|hidden_dim|mode_hidden_dim|ci_hidden_dim|mode_depth|ci_depth|fixed_scalar_ci|freeze_ci|activation|fourier_features|fourier_scale|initial_ci|mapping_scale|trainable_mapping_scale|n_interior|n_boundary|n_alpha_supervision|n_anchor_alpha|n_norm_interior|n_reference_alpha|n_audit_alpha|n_mode_audit_alpha|n_mode_audit_y|audit_every|checkpoint_every|enable_classic_ci_supervision|enable_classic_mode_audit|stage_split_epoch|stage2_freeze_ci|stage2_ci_lr_scale|separate_branch_optimizers|detach_ci_in_mode_branch|ci_branch_lr|mode_branch_lr|stage1_w_ci_supervision|stage2_w_ci_supervision|stage1_neutral_fraction|stage2_neutral_fraction|focus_fraction|focus_half_width|neutral_fraction|ci_supervision_neutral_boost|neutral_half_width|error_threshold|mode_error_threshold|max_focus_points|anchor_strategy|anchor_half_width|anchor_max_candidates|mode_center_fraction|mode_center_half_width|w_pde|w_bc|w_bc_kappa|w_bc_q|w_norm|w_integral_norm|w_phase|w_peak_slope|w_peak_curvature|w_loc_center|w_loc_spread|w_first_order_v_energy|w_first_order_amp_cap|first_order_amp_cap|w_ci_supervision|w_ci_stability_outside|w_ci_neutrality|w_ci_low_alpha_zero|w_ci_smoothness|n_ci_spectral_grid|audit_ci_weight|audit_mode_weight|audit_env_weight|audit_phase_weight|audit_peak_weight|phase_mask_fraction|classic_n_points|classic_mapping_scale|classic_xi_max|enforce_mode_symmetry|mode_representation|mode_experts|alpha_split_threshold|riccati_anchor_supervision|riccati_anchor_n_xi|riccati_anchor_every|riccati_anchor_alphas|w_riccati_anchor|w_q_supervision|q_supervision_n_xi|q_supervision_every|q_supervision_alpha_count|w_riccati_center_kappa|w_riccati_center_peak|w_riccati_boundary_band_kappa|w_riccati_boundary_band_q|riccati_center_xi|riccati_boundary_band_points|riccati_boundary_band_start|riccati_boundary_band_end|w_riccati_shooting_match|riccati_shooting_steps|riccati_shooting_xi_boundary|mode_low_alpha_threshold|mode_low_alpha_weight|mode_low_alpha_audit_fraction|output_dir|device
results/subsonic_pinn_representation_ablation_local/alpha_0.500_amplitude_phase/history.csv,0.5442991256713867,anchor_ablation;training_history,52,epoch|loss|loss_pde|loss_bc|loss_bc_kappa|loss_bc_q|loss_norm|loss_integral_norm|loss_phase|loss_peak_slope|loss_peak_curvature|loss_loc_center|loss_loc_spread|loss_first_order_v_energy|loss_first_order_amp_cap|loss_riccati_anchor|loss_q_supervision|loss_riccati_center_kappa|loss_riccati_center_peak|loss_riccati_boundary_band_kappa|loss_riccati_boundary_band_q|loss_riccati_shooting_match|loss_ci_stability_outside|loss_ci_neutrality|loss_ci_low_alpha_zero|loss_ci_smoothness|loss_ci_supervision|stage_w_ci_supervision|stage_neutral_fraction|ci_supervision_neutral_fraction|stage2_started|mapping_scale|ci_mid|audit_ci_mae|audit_ci_max_abs|audit_ci_mean_rel|audit_ci_max_rel|audit_p_rel_l2_mean|audit_p_rel_l2_max|audit_env_rel_mean|audit_env_rel_max|audit_phase_rel_mean|audit_phase_rel_max|audit_peak_shift_mean|audit_peak_shift_max|audit_env_rel_weighted_mean|audit_phase_rel_weighted_mean|audit_peak_shift_weighted_mean|audit_checkpoint_metric|n_focus_alphas|focus_alpha_min|focus_alpha_max
results/subsonic_pinn_representation_ablation_local/alpha_0.500_cartesian/config.csv,0.0024137496948242188,anchor_ablation,113,mach|alpha_min|alpha_max|epochs|learning_rate|hidden_dim|mode_hidden_dim|ci_hidden_dim|mode_depth|ci_depth|fixed_scalar_ci|freeze_ci|activation|fourier_features|fourier_scale|initial_ci|mapping_scale|trainable_mapping_scale|n_interior|n_boundary|n_alpha_supervision|n_anchor_alpha|n_norm_interior|n_reference_alpha|n_audit_alpha|n_mode_audit_alpha|n_mode_audit_y|audit_every|checkpoint_every|enable_classic_ci_supervision|enable_classic_mode_audit|stage_split_epoch|stage2_freeze_ci|stage2_ci_lr_scale|separate_branch_optimizers|detach_ci_in_mode_branch|ci_branch_lr|mode_branch_lr|stage1_w_ci_supervision|stage2_w_ci_supervision|stage1_neutral_fraction|stage2_neutral_fraction|focus_fraction|focus_half_width|neutral_fraction|ci_supervision_neutral_boost|neutral_half_width|error_threshold|mode_error_threshold|max_focus_points|anchor_strategy|anchor_half_width|anchor_max_candidates|mode_center_fraction|mode_center_half_width|w_pde|w_bc|w_bc_kappa|w_bc_q|w_norm|w_integral_norm|w_phase|w_peak_slope|w_peak_curvature|w_loc_center|w_loc_spread|w_first_order_v_energy|w_first_order_amp_cap|first_order_amp_cap|w_ci_supervision|w_ci_stability_outside|w_ci_neutrality|w_ci_low_alpha_zero|w_ci_smoothness|n_ci_spectral_grid|audit_ci_weight|audit_mode_weight|audit_env_weight|audit_phase_weight|audit_peak_weight|phase_mask_fraction|classic_n_points|classic_mapping_scale|classic_xi_max|enforce_mode_symmetry|mode_representation|mode_experts|alpha_split_threshold|riccati_anchor_supervision|riccati_anchor_n_xi|riccati_anchor_every|riccati_anchor_alphas|w_riccati_anchor|w_q_supervision|q_supervision_n_xi|q_supervision_every|q_supervision_alpha_count|w_riccati_center_kappa|w_riccati_center_peak|w_riccati_boundary_band_kappa|w_riccati_boundary_band_q|riccati_center_xi|riccati_boundary_band_points|riccati_boundary_band_start|riccati_boundary_band_end|w_riccati_shooting_match|riccati_shooting_steps|riccati_shooting_xi_boundary|mode_low_alpha_threshold|mode_low_alpha_weight|mode_low_alpha_audit_fraction|output_dir|device
results/subsonic_pinn_representation_ablation_local/alpha_0.500_cartesian/history.csv,0.5433759689331055,anchor_ablation;training_history,52,epoch|loss|loss_pde|loss_bc|loss_bc_kappa|loss_bc_q|loss_norm|loss_integral_norm|loss_phase|loss_peak_slope|loss_peak_curvature|loss_loc_center|loss_loc_spread|loss_first_order_v_energy|loss_first_order_amp_cap|loss_riccati_anchor|loss_q_supervision|loss_riccati_center_kappa|loss_riccati_center_peak|loss_riccati_boundary_band_kappa|loss_riccati_boundary_band_q|loss_riccati_shooting_match|loss_ci_stability_outside|loss_ci_neutrality|loss_ci_low_alpha_zero|loss_ci_smoothness|loss_ci_supervision|stage_w_ci_supervision|stage_neutral_fraction|ci_supervision_neutral_fraction|stage2_started|mapping_scale|ci_mid|audit_ci_mae|audit_ci_max_abs|audit_ci_mean_rel|audit_ci_max_rel|audit_p_rel_l2_mean|audit_p_rel_l2_max|audit_env_rel_mean|audit_env_rel_max|audit_phase_rel_mean|audit_phase_rel_max|audit_peak_shift_mean|audit_peak_shift_max|audit_env_rel_weighted_mean|audit_phase_rel_weighted_mean|audit_peak_shift_weighted_mean|audit_checkpoint_metric|n_focus_alphas|focus_alpha_min|focus_alpha_max
results/subsonic_pinn_representation_ablation_local/alpha_0.500_log_amplitude_phase/config.csv,0.0024328231811523438,anchor_ablation,113,mach|alpha_min|alpha_max|epochs|learning_rate|hidden_dim|mode_hidden_dim|ci_hidden_dim|mode_depth|ci_depth|fixed_scalar_ci|freeze_ci|activation|fourier_features|fourier_scale|initial_ci|mapping_scale|trainable_mapping_scale|n_interior|n_boundary|n_alpha_supervision|n_anchor_alpha|n_norm_interior|n_reference_alpha|n_audit_alpha|n_mode_audit_alpha|n_mode_audit_y|audit_every|checkpoint_every|enable_classic_ci_supervision|enable_classic_mode_audit|stage_split_epoch|stage2_freeze_ci|stage2_ci_lr_scale|separate_branch_optimizers|detach_ci_in_mode_branch|ci_branch_lr|mode_branch_lr|stage1_w_ci_supervision|stage2_w_ci_supervision|stage1_neutral_fraction|stage2_neutral_fraction|focus_fraction|focus_half_width|neutral_fraction|ci_supervision_neutral_boost|neutral_half_width|error_threshold|mode_error_threshold|max_focus_points|anchor_strategy|anchor_half_width|anchor_max_candidates|mode_center_fraction|mode_center_half_width|w_pde|w_bc|w_bc_kappa|w_bc_q|w_norm|w_integral_norm|w_phase|w_peak_slope|w_peak_curvature|w_loc_center|w_loc_spread|w_first_order_v_energy|w_first_order_amp_cap|first_order_amp_cap|w_ci_supervision|w_ci_stability_outside|w_ci_neutrality|w_ci_low_alpha_zero|w_ci_smoothness|n_ci_spectral_grid|audit_ci_weight|audit_mode_weight|audit_env_weight|audit_phase_weight|audit_peak_weight|phase_mask_fraction|classic_n_points|classic_mapping_scale|classic_xi_max|enforce_mode_symmetry|mode_representation|mode_experts|alpha_split_threshold|riccati_anchor_supervision|riccati_anchor_n_xi|riccati_anchor_every|riccati_anchor_alphas|w_riccati_anchor|w_q_supervision|q_supervision_n_xi|q_supervision_every|q_supervision_alpha_count|w_riccati_center_kappa|w_riccati_center_peak|w_riccati_boundary_band_kappa|w_riccati_boundary_band_q|riccati_center_xi|riccati_boundary_band_points|riccati_boundary_band_start|riccati_boundary_band_end|w_riccati_shooting_match|riccati_shooting_steps|riccati_shooting_xi_boundary|mode_low_alpha_threshold|mode_low_alpha_weight|mode_low_alpha_audit_fraction|output_dir|device
results/subsonic_pinn_representation_ablation_local/alpha_0.500_log_amplitude_phase/history.csv,0.5243396759033203,anchor_ablation;training_history,52,epoch|loss|loss_pde|loss_bc|loss_bc_kappa|loss_bc_q|loss_norm|loss_integral_norm|loss_phase|loss_peak_slope|loss_peak_curvature|loss_loc_center|loss_loc_spread|loss_first_order_v_energy|loss_first_order_amp_cap|loss_riccati_anchor|loss_q_supervision|loss_riccati_center_kappa|loss_riccati_center_peak|loss_riccati_boundary_band_kappa|loss_riccati_boundary_band_q|loss_riccati_shooting_match|loss_ci_stability_outside|loss_ci_neutrality|loss_ci_low_alpha_zero|loss_ci_smoothness|loss_ci_supervision|stage_w_ci_supervision|stage_neutral_fraction|ci_supervision_neutral_fraction|stage2_started|mapping_scale|ci_mid|audit_ci_mae|audit_ci_max_abs|audit_ci_mean_rel|audit_ci_max_rel|audit_p_rel_l2_mean|audit_p_rel_l2_max|audit_env_rel_mean|audit_env_rel_max|audit_phase_rel_mean|audit_phase_rel_max|audit_peak_shift_mean|audit_peak_shift_max|audit_env_rel_weighted_mean|audit_phase_rel_weighted_mean|audit_peak_shift_weighted_mean|audit_checkpoint_metric|n_focus_alphas|focus_alpha_min|focus_alpha_max
results/subsonic_pinn_representation_ablation_local/alpha_0.800_amplitude_phase/config.csv,0.0024251937866210938,anchor_ablation,113,mach|alpha_min|alpha_max|epochs|learning_rate|hidden_dim|mode_hidden_dim|ci_hidden_dim|mode_depth|ci_depth|fixed_scalar_ci|freeze_ci|activation|fourier_features|fourier_scale|initial_ci|mapping_scale|trainable_mapping_scale|n_interior|n_boundary|n_alpha_supervision|n_anchor_alpha|n_norm_interior|n_reference_alpha|n_audit_alpha|n_mode_audit_alpha|n_mode_audit_y|audit_every|checkpoint_every|enable_classic_ci_supervision|enable_classic_mode_audit|stage_split_epoch|stage2_freeze_ci|stage2_ci_lr_scale|separate_branch_optimizers|detach_ci_in_mode_branch|ci_branch_lr|mode_branch_lr|stage1_w_ci_supervision|stage2_w_ci_supervision|stage1_neutral_fraction|stage2_neutral_fraction|focus_fraction|focus_half_width|neutral_fraction|ci_supervision_neutral_boost|neutral_half_width|error_threshold|mode_error_threshold|max_focus_points|anchor_strategy|anchor_half_width|anchor_max_candidates|mode_center_fraction|mode_center_half_width|w_pde|w_bc|w_bc_kappa|w_bc_q|w_norm|w_integral_norm|w_phase|w_peak_slope|w_peak_curvature|w_loc_center|w_loc_spread|w_first_order_v_energy|w_first_order_amp_cap|first_order_amp_cap|w_ci_supervision|w_ci_stability_outside|w_ci_neutrality|w_ci_low_alpha_zero|w_ci_smoothness|n_ci_spectral_grid|audit_ci_weight|audit_mode_weight|audit_env_weight|audit_phase_weight|audit_peak_weight|phase_mask_fraction|classic_n_points|classic_mapping_scale|classic_xi_max|enforce_mode_symmetry|mode_representation|mode_experts|alpha_split_threshold|riccati_anchor_supervision|riccati_anchor_n_xi|riccati_anchor_every|riccati_anchor_alphas|w_riccati_anchor|w_q_supervision|q_supervision_n_xi|q_supervision_every|q_supervision_alpha_count|w_riccati_center_kappa|w_riccati_center_peak|w_riccati_boundary_band_kappa|w_riccati_boundary_band_q|riccati_center_xi|riccati_boundary_band_points|riccati_boundary_band_start|riccati_boundary_band_end|w_riccati_shooting_match|riccati_shooting_steps|riccati_shooting_xi_boundary|mode_low_alpha_threshold|mode_low_alpha_weight|mode_low_alpha_audit_fraction|output_dir|device
results/subsonic_pinn_representation_ablation_local/alpha_0.800_amplitude_phase/history.csv,0.5400285720825195,anchor_ablation;training_history,52,epoch|loss|loss_pde|loss_bc|loss_bc_kappa|loss_bc_q|loss_norm|loss_integral_norm|loss_phase|loss_peak_slope|loss_peak_curvature|loss_loc_center|loss_loc_spread|loss_first_order_v_energy|loss_first_order_amp_cap|loss_riccati_anchor|loss_q_supervision|loss_riccati_center_kappa|loss_riccati_center_peak|loss_riccati_boundary_band_kappa|loss_riccati_boundary_band_q|loss_riccati_shooting_match|loss_ci_stability_outside|loss_ci_neutrality|loss_ci_low_alpha_zero|loss_ci_smoothness|loss_ci_supervision|stage_w_ci_supervision|stage_neutral_fraction|ci_supervision_neutral_fraction|stage2_started|mapping_scale|ci_mid|audit_ci_mae|audit_ci_max_abs|audit_ci_mean_rel|audit_ci_max_rel|audit_p_rel_l2_mean|audit_p_rel_l2_max|audit_env_rel_mean|audit_env_rel_max|audit_phase_rel_mean|audit_phase_rel_max|audit_peak_shift_mean|audit_peak_shift_max|audit_env_rel_weighted_mean|audit_phase_rel_weighted_mean|audit_peak_shift_weighted_mean|audit_checkpoint_metric|n_focus_alphas|focus_alpha_min|focus_alpha_max
results/subsonic_pinn_representation_ablation_local/alpha_0.800_cartesian/config.csv,0.0024137496948242188,anchor_ablation,113,mach|alpha_min|alpha_max|epochs|learning_rate|hidden_dim|mode_hidden_dim|ci_hidden_dim|mode_depth|ci_depth|fixed_scalar_ci|freeze_ci|activation|fourier_features|fourier_scale|initial_ci|mapping_scale|trainable_mapping_scale|n_interior|n_boundary|n_alpha_supervision|n_anchor_alpha|n_norm_interior|n_reference_alpha|n_audit_alpha|n_mode_audit_alpha|n_mode_audit_y|audit_every|checkpoint_every|enable_classic_ci_supervision|enable_classic_mode_audit|stage_split_epoch|stage2_freeze_ci|stage2_ci_lr_scale|separate_branch_optimizers|detach_ci_in_mode_branch|ci_branch_lr|mode_branch_lr|stage1_w_ci_supervision|stage2_w_ci_supervision|stage1_neutral_fraction|stage2_neutral_fraction|focus_fraction|focus_half_width|neutral_fraction|ci_supervision_neutral_boost|neutral_half_width|error_threshold|mode_error_threshold|max_focus_points|anchor_strategy|anchor_half_width|anchor_max_candidates|mode_center_fraction|mode_center_half_width|w_pde|w_bc|w_bc_kappa|w_bc_q|w_norm|w_integral_norm|w_phase|w_peak_slope|w_peak_curvature|w_loc_center|w_loc_spread|w_first_order_v_energy|w_first_order_amp_cap|first_order_amp_cap|w_ci_supervision|w_ci_stability_outside|w_ci_neutrality|w_ci_low_alpha_zero|w_ci_smoothness|n_ci_spectral_grid|audit_ci_weight|audit_mode_weight|audit_env_weight|audit_phase_weight|audit_peak_weight|phase_mask_fraction|classic_n_points|classic_mapping_scale|classic_xi_max|enforce_mode_symmetry|mode_representation|mode_experts|alpha_split_threshold|riccati_anchor_supervision|riccati_anchor_n_xi|riccati_anchor_every|riccati_anchor_alphas|w_riccati_anchor|w_q_supervision|q_supervision_n_xi|q_supervision_every|q_supervision_alpha_count|w_riccati_center_kappa|w_riccati_center_peak|w_riccati_boundary_band_kappa|w_riccati_boundary_band_q|riccati_center_xi|riccati_boundary_band_points|riccati_boundary_band_start|riccati_boundary_band_end|w_riccati_shooting_match|riccati_shooting_steps|riccati_shooting_xi_boundary|mode_low_alpha_threshold|mode_low_alpha_weight|mode_low_alpha_audit_fraction|output_dir|device
results/subsonic_pinn_representation_ablation_local/alpha_0.800_cartesian/history.csv,0.5398569107055664,anchor_ablation;training_history,52,epoch|loss|loss_pde|loss_bc|loss_bc_kappa|loss_bc_q|loss_norm|loss_integral_norm|loss_phase|loss_peak_slope|loss_peak_curvature|loss_loc_center|loss_loc_spread|loss_first_order_v_energy|loss_first_order_amp_cap|loss_riccati_anchor|loss_q_supervision|loss_riccati_center_kappa|loss_riccati_center_peak|loss_riccati_boundary_band_kappa|loss_riccati_boundary_band_q|loss_riccati_shooting_match|loss_ci_stability_outside|loss_ci_neutrality|loss_ci_low_alpha_zero|loss_ci_smoothness|loss_ci_supervision|stage_w_ci_supervision|stage_neutral_fraction|ci_supervision_neutral_fraction|stage2_started|mapping_scale|ci_mid|audit_ci_mae|audit_ci_max_abs|audit_ci_mean_rel|audit_ci_max_rel|audit_p_rel_l2_mean|audit_p_rel_l2_max|audit_env_rel_mean|audit_env_rel_max|audit_phase_rel_mean|audit_phase_rel_max|audit_peak_shift_mean|audit_peak_shift_max|audit_env_rel_weighted_mean|audit_phase_rel_weighted_mean|audit_peak_shift_weighted_mean|audit_checkpoint_metric|n_focus_alphas|focus_alpha_min|focus_alpha_max
results/subsonic_pinn_representation_ablation_local/alpha_0.800_log_amplitude_phase/config.csv,0.0024328231811523438,anchor_ablation,113,mach|alpha_min|alpha_max|epochs|learning_rate|hidden_dim|mode_hidden_dim|ci_hidden_dim|mode_depth|ci_depth|fixed_scalar_ci|freeze_ci|activation|fourier_features|fourier_scale|initial_ci|mapping_scale|trainable_mapping_scale|n_interior|n_boundary|n_alpha_supervision|n_anchor_alpha|n_norm_interior|n_reference_alpha|n_audit_alpha|n_mode_audit_alpha|n_mode_audit_y|audit_every|checkpoint_every|enable_classic_ci_supervision|enable_classic_mode_audit|stage_split_epoch|stage2_freeze_ci|stage2_ci_lr_scale|separate_branch_optimizers|detach_ci_in_mode_branch|ci_branch_lr|mode_branch_lr|stage1_w_ci_supervision|stage2_w_ci_supervision|stage1_neutral_fraction|stage2_neutral_fraction|focus_fraction|focus_half_width|neutral_fraction|ci_supervision_neutral_boost|neutral_half_width|error_threshold|mode_error_threshold|max_focus_points|anchor_strategy|anchor_half_width|anchor_max_candidates|mode_center_fraction|mode_center_half_width|w_pde|w_bc|w_bc_kappa|w_bc_q|w_norm|w_integral_norm|w_phase|w_peak_slope|w_peak_curvature|w_loc_center|w_loc_spread|w_first_order_v_energy|w_first_order_amp_cap|first_order_amp_cap|w_ci_supervision|w_ci_stability_outside|w_ci_neutrality|w_ci_low_alpha_zero|w_ci_smoothness|n_ci_spectral_grid|audit_ci_weight|audit_mode_weight|audit_env_weight|audit_phase_weight|audit_peak_weight|phase_mask_fraction|classic_n_points|classic_mapping_scale|classic_xi_max|enforce_mode_symmetry|mode_representation|mode_experts|alpha_split_threshold|riccati_anchor_supervision|riccati_anchor_n_xi|riccati_anchor_every|riccati_anchor_alphas|w_riccati_anchor|w_q_supervision|q_supervision_n_xi|q_supervision_every|q_supervision_alpha_count|w_riccati_center_kappa|w_riccati_center_peak|w_riccati_boundary_band_kappa|w_riccati_boundary_band_q|riccati_center_xi|riccati_boundary_band_points|riccati_boundary_band_start|riccati_boundary_band_end|w_riccati_shooting_match|riccati_shooting_steps|riccati_shooting_xi_boundary|mode_low_alpha_threshold|mode_low_alpha_weight|mode_low_alpha_audit_fraction|output_dir|device
results/subsonic_pinn_representation_ablation_local/alpha_0.800_log_amplitude_phase/history.csv,0.523015022277832,anchor_ablation;training_history,52,epoch|loss|loss_pde|loss_bc|loss_bc_kappa|loss_bc_q|loss_norm|loss_integral_norm|loss_phase|loss_peak_slope|loss_peak_curvature|loss_loc_center|loss_loc_spread|loss_first_order_v_energy|loss_first_order_amp_cap|loss_riccati_anchor|loss_q_supervision|loss_riccati_center_kappa|loss_riccati_center_peak|loss_riccati_boundary_band_kappa|loss_riccati_boundary_band_q|loss_riccati_shooting_match|loss_ci_stability_outside|loss_ci_neutrality|loss_ci_low_alpha_zero|loss_ci_smoothness|loss_ci_supervision|stage_w_ci_supervision|stage_neutral_fraction|ci_supervision_neutral_fraction|stage2_started|mapping_scale|ci_mid|audit_ci_mae|audit_ci_max_abs|audit_ci_mean_rel|audit_ci_max_rel|audit_p_rel_l2_mean|audit_p_rel_l2_max|audit_env_rel_mean|audit_env_rel_max|audit_phase_rel_mean|audit_phase_rel_max|audit_peak_shift_mean|audit_peak_shift_max|audit_env_rel_weighted_mean|audit_phase_rel_weighted_mean|audit_peak_shift_weighted_mean|audit_checkpoint_metric|n_focus_alphas|focus_alpha_min|focus_alpha_max
