condition,benchmark_id,atlas_chart,Mach,alpha,candidate_index,center_kind,center_index,cr_center,ci_center,requested_cr_half_window,requested_ci_half_window,status,error,retry_index,used_cr_half_window,used_ci_half_window,shoot_cr,shoot_ci,stage1_mismatch,stage2_mismatch,total_mismatch,spectral_success,mode_success,technical_success,delta_center,seconds,t401_row,test_id
generic,0,C00,1.0,0.055,0,generic,0,0.1,0.0001,0.015,0.008,COMPLETED,,0,0.015,0.008,0.07002929687500004,0.0120921875,0.011227156140134129,6.230045899538974e-21,0.011227156140134129,True,True,True,0.03228088609133955,23.806271262001246,0,0
generic,0,C00,1.0,0.055,1,generic,1,0.5,0.0001,0.015,0.015,COMPLETED,,0,0.015,0.015,0.5299707031249998,0.0212962890625,0.01145041806778142,2.9438505907922315e-20,0.01145041806778142,True,True,True,0.03670865995685394,28.423311243066564,0,0
generic,0,C00,1.0,0.055,2,generic,2,0.9,0.0001,0.015,0.03,COMPLETED,,0,0.015,0.03,0.8700292968749999,0.015129296874999998,0.038401930843736075,2.1883021180604223e-19,0.038401930843736075,True,True,True,0.03352794074147381,32.9604105950566,0,0
generic,0,C00,1.0,0.055,3,generic,3,0.1,0.002,0.03,0.008,COMPLETED,,0,0.03,0.008,0.040058593750000024,0.014940332031249998,0.0086898027804349,3.40376280989664e-21,0.0086898027804349,True,True,True,0.06132229917661708,22.909075167030096,0,0
generic,0,C00,1.0,0.055,4,generic,4,0.5,0.002,0.03,0.015,COMPLETED,,0,0.03,0.015,0.5599414062499999,0.014199837239583332,0.010135171379922465,4.9671309183037934e-20,0.010135171379922465,True,True,True,0.061170321332324626,28.87397328100633,0,0
generic,0,C00,1.0,0.055,5,generic,5,0.9,0.002,0.03,0.03,COMPLETED,,0,0.03,0.03,0.8400585937499998,0.000548553168402778,0.013160063176247754,6.652570186841459e-19,0.013160063176247754,True,True,True,0.05995897665181185,36.23150938504841,0,0
generic,0,C00,1.0,0.055,6,generic,0,0.1,0.0001,0.06,0.008,COMPLETED,,0,0.06,0.008,2.543131510416668e-06,0.0041078124999999995,0.0004949779067643005,1.763359721990862e-22,0.0004949779067643005,True,True,True,0.10007773948886231,20.629904352943413,0,0
generic,0,C00,1.0,0.055,7,generic,1,0.5,0.0001,0.06,0.015,COMPLETED,,0,0.06,0.015,0.6198828124999999,0.0076146484375000005,0.006977430445418605,1.3563904404655603e-19,0.006977430445418605,True,True,True,0.1201181030238546,29.592222608975135,0,0
generic,0,C00,1.0,0.055,8,generic,2,0.9,0.0001,0.06,0.03,COMPLETED,,0,0.06,0.03,0.7801171875000003,1e-06,0.00025376409795626416,1.1191185368784165e-10,0.00025376420986811786,True,True,True,0.11988285337741215,36.4275865330128,0,0
generic,0,C00,1.0,0.055,9,generic,3,0.1,0.002,0.1,0.008,COMPLETED,,0,0.1,0.008,0.0,0.0031389648437499997,4.794743712721497e-07,1.3979352352146168e-22,4.794743712721498e-07,True,True,True,0.1000064859942359,20.463262262986973,0,0
generic,0,C00,1.0,0.055,10,generic,4,0.5,0.002,0.1,0.015,COMPLETED,,0,0.1,0.015,0.6998046874999995,0.0006184455295138889,0.002213444906398879,6.772681504836013e-19,0.0022134449063988797,True,True,True,0.19980946383924703,32.042627305025235,0,0
generic,0,C00,1.0,0.055,11,generic,5,0.9,0.002,0.1,0.03,COMPLETED,,0,0.1,0.03,0.7614583333333332,3.604340277777777e-05,1.8548923701821237e-08,6.851397026062473e-19,1.8548923702506377e-08,True,True,True,0.13855558642037347,21.09453891904559,0,0
generic,1,C00,1.0,0.065,0,generic,1,0.5,0.0001,0.015,0.008,COMPLETED,,0,0.015,0.008,0.5299707031249998,0.0120921875,0.013480042444642834,4.714827308505938e-20,0.013480042444642834,True,True,True,0.032280886091339424,29.963724949979223,1,1
generic,1,C00,1.0,0.065,1,generic,2,0.9,0.0001,0.015,0.015,COMPLETED,,0,0.015,0.015,0.8700292968749999,0.0076146484375000005,0.04526317246405669,3.5649994834746754e-19,0.04526317246405669,True,True,True,0.03089843016960758,35.63380819791928,1,1
generic,1,C00,1.0,0.065,2,generic,3,0.1,0.002,0.015,0.03,COMPLETED,,0,0.015,0.03,0.07002929687500004,0.04000615234375001,0.012270357235452023,5.631064382184512e-21,0.012270357235452023,True,True,True,0.0484015563983558,23.14697708201129,1,1
generic,1,C00,1.0,0.065,3,generic,4,0.5,0.002,0.03,0.008,COMPLETED,,0,0.03,0.008,0.5599414062499999,0.014134667968749999,0.011928934931678539,4.30145239636086e-20,0.011928934931678539,True,True,True,0.06115735728380791,29.86987700103782,1,1
generic,1,C00,1.0,0.065,4,generic,5,0.9,0.002,0.03,0.015,COMPLETED,,0,0.03,0.015,0.8506835937499999,1e-06,0.014478761990134151,3.870603062913124e-06,0.014482632593197065,True,True,True,0.049356903533498225,40.577466276008636,1,1
generic,1,C00,1.0,0.065,5,generic,0,0.1,0.0001,0.03,0.03,COMPLETED,,0,0.03,0.03,0.040058593750000024,0.020129296875,0.009670193753789476,4.082301517522493e-21,0.009670193753789476,True,True,True,0.06319924775291572,22.9484818339115,1,1
generic,1,C00,1.0,0.065,6,generic,1,0.5,0.0001,0.06,0.008,COMPLETED,,0,0.06,0.008,0.6198828124999999,0.006774479166666665,0.008225209779568185,1.3151978880851184e-19,0.008225209779568185,True,True,True,0.12006846965401198,30.845738308969885,1,1
generic,1,C00,1.0,0.065,7,generic,2,0.9,0.0001,0.06,0.015,COMPLETED,,0,0.06,0.015,0.7801171875000003,1.666162109375e-05,0.00044947605013545474,3.0440280219232045e-15,0.00044947605013849874,True,True,True,0.11988284146697349,37.77868645300623,1,1
generic,1,C00,1.0,0.065,8,generic,3,0.1,0.002,0.06,0.03,COMPLETED,,0,0.06,0.03,2.543131510416668e-06,0.005447819010416664,0.0005065988268579786,3.0394624585878043e-22,0.0005065988268579786,True,True,True,0.1000568780049329,21.07592306495644,1,1
generic,1,C00,1.0,0.065,9,generic,4,0.5,0.002,0.1,0.008,COMPLETED,,0,0.1,0.008,0.6998046874999995,0.001759667968750001,0.002615231009485212,5.129786822070081e-19,0.0026152310094852125,True,True,True,0.1998048320398125,32.46569240698591,1,1
generic,1,C00,1.0,0.065,10,generic,5,0.9,0.002,0.1,0.015,COMPLETED,,0,0.1,0.015,0.7614583333333332,6.355787037037038e-05,2.501105264512986e-08,6.249873178826717e-19,2.501105264575485e-08,True,True,True,0.1385551991478458,22.338665482006036,1,1
generic,1,C00,1.0,0.065,11,generic,0,0.1,0.0001,0.1,0.03,COMPLETED,,0,0.1,0.03,0.0,0.004456873697916666,3.6814250725380357e-06,2.6032690391231286e-22,3.681425072538036e-06,True,True,True,0.1000948667436028,20.980292230960913,1,1
generic,2,C00,1.0,0.075,0,generic,2,0.9,0.0001,0.015,0.008,COMPLETED,,1,0.02625,0.014,0.8475512695312502,0.0006172350260416665,0.02381664468367958,5.493537263940248e-19,0.02381664468367958,True,True,True,0.05245128082188018,76.63598767796066,2,2
generic,2,C00,1.0,0.075,1,generic,3,0.1,0.002,0.015,0.015,COMPLETED,,0,0.015,0.015,0.07002929687500004,0.025433496093749994,0.013526253765214354,6.928319723446472e-21,0.013526253765214354,True,True,True,0.038044339723310734,24.14705629996024,2,2
generic,2,C00,1.0,0.075,2,generic,4,0.5,0.002,0.015,0.03,COMPLETED,,0,0.015,0.03,0.5299707031249998,0.02114860026041667,0.0154574155354622,2.207041926218698e-20,0.0154574155354622,True,True,True,0.03556560048333367,30.79622299899347,2,2
generic,2,C00,1.0,0.075,3,generic,5,0.9,0.002,0.03,0.008,COMPLETED,,0,0.03,0.008,0.8400585937499998,0.0005087617187499999,0.018005245847933362,5.516087508451514e-19,0.018005245847933362,True,True,True,0.0599599530923685,39.06691574899014,2,2
generic,2,C00,1.0,0.075,4,generic,0,0.1,0.0001,0.03,0.015,COMPLETED,,0,0.03,0.015,0.040058593750000024,0.020739648437500008,0.010441779349333293,4.8952768403870545e-21,0.010441779349333293,True,True,True,0.06339532530755823,23.490719644003548,2,2
generic,2,C00,1.0,0.075,5,generic,1,0.5,0.0001,0.03,0.03,COMPLETED,,0,0.03,0.03,0.5599414062499999,0.013918359375000001,0.013709720549217068,3.6279783404606827e-20,0.013709720549217068,True,True,True,0.061513569552125454,31.41598132008221,2,2
generic,2,C00,1.0,0.075,6,generic,2,0.9,0.0001,0.06,0.008,COMPLETED,,0,0.06,0.008,0.7801171875000003,1.903068938078704e-05,0.0005205006495906906,1.034770898282271e-15,0.0005205006495917254,True,True,True,0.11988283984348787,39.237368811969645,2,2
generic,2,C00,1.0,0.075,7,generic,3,0.1,0.002,0.06,0.015,COMPLETED,,0,0.06,0.015,1.424153645833334e-05,0.008566503906250005,0.0011943995218817323,6.328181668162917e-22,0.0011943995218817323,True,True,True,0.10020115203469715,21.68746112997178,2,2
generic,2,C00,1.0,0.075,8,generic,4,0.5,0.002,0.06,0.03,COMPLETED,,0,0.06,0.03,0.6198828124999999,0.005073990885416667,0.009468058423487524,1.5476913428169965e-19,0.009468058423487524,True,True,True,0.11992221709455572,32.619797248975374,2,2
generic,2,C00,1.0,0.075,9,generic,5,0.9,0.002,0.1,0.008,COMPLETED,,0,0.1,0.008,0.7614583333333332,3.823958333333333e-05,2.5551359528436787e-08,5.675272634040276e-19,2.5551359529004316e-08,True,True,True,0.1385555553080071,23.29866619699169,2,2
generic,2,C00,1.0,0.075,10,generic,0,0.1,0.0001,0.1,0.015,COMPLETED,,0,0.1,0.015,0.0,0.0060326171875000004,4.4879928142573383e-07,4.347220163827348e-22,4.4879928142573425e-07,True,True,True,0.10017582516103085,21.36478676099796,2,2
generic,2,C00,1.0,0.075,11,generic,1,0.5,0.0001,0.1,0.03,COMPLETED,,0,0.1,0.03,0.6998046874999995,0.0006003522135416667,0.0030151840598662606,5.570470787114884e-19,0.003015184059866261,True,True,True,0.1998053139916705,34.81862001994159,2,2
generic,3,C00,1.0,0.085,0,generic,3,0.1,0.002,0.015,0.008,COMPLETED,,0,0.015,0.008,0.07002929687500004,0.014940332031249998,0.014920296768936428,9.109321353155976e-21,0.014920296768936428,True,True,True,0.03264498795965282,24.981447464087978,3,3
generic,3,C00,1.0,0.085,1,generic,4,0.5,0.002,0.015,0.015,COMPLETED,,0,0.015,0.015,0.5299707031249998,0.020999446614583334,0.017434021858857566,1.7606716560526717e-20,0.017434021858857566,True,True,True,0.03548551841902943,31.390775430947542,3,3
generic,3,C00,1.0,0.085,2,generic,5,0.9,0.002,0.015,0.03,COMPLETED,,1,0.02625,0.0525,0.8475512695312502,0.0005732781032986111,0.02704173027814693,4.970332224372886e-19,0.02704173027814693,True,True,True,0.05246813188168698,74.59795140998904,3,3
generic,3,C00,1.0,0.085,3,generic,0,0.1,0.0001,0.03,0.008,COMPLETED,,0,0.03,0.008,0.040058593750000024,0.0120921875,0.011284264891345252,6.2255600199133296e-21,0.011284264891345252,True,True,True,0.06112924622684868,24.166500917985104,3,3
generic,3,C00,1.0,0.085,4,generic,1,0.5,0.0001,0.03,0.015,COMPLETED,,0,0.03,0.015,0.5599414062499999,0.013864648437499998,0.015478436910297851,2.8871021906518077e-20,0.015478436910297851,True,True,True,0.061501526239886896,31.891823226003908,3,3
generic,3,C00,1.0,0.085,5,generic,2,0.9,0.0001,0.03,0.03,COMPLETED,,0,0.03,0.03,0.8400585937499998,0.0004833583984375002,0.020442846227814275,4.987767564147128e-19,0.020442846227814275,True,True,True,0.059942632131807644,39.277688050991856,3,3
generic,3,C00,1.0,0.085,6,generic,3,0.1,0.002,0.06,0.008,COMPLETED,,0,0.06,0.008,5.086263020833335e-07,0.008359667968749996,0.00021956664839718106,7.37065472798088e-22,0.00021956664839718106,True,True,True,0.10020151521644285,22.02749293798115,3,3
generic,3,C00,1.0,0.085,7,generic,4,0.5,0.002,0.06,0.015,COMPLETED,,0,0.06,0.015,0.6198828124999999,0.005749837239583335,0.010707888635965909,1.0726601239846275e-19,0.010707888635965909,True,True,True,0.11994144409766581,33.09567156294361,3,3
generic,3,C00,1.0,0.085,8,generic,5,0.9,0.002,0.06,0.03,COMPLETED,,0,0.06,0.03,0.7801171875000003,6.0699367444701655e-06,0.0005509132476232662,2.56178261664059e-13,0.0005509132478794444,True,True,True,0.11989939320116368,39.078769183019176,3,3
generic,3,C00,1.0,0.085,9,generic,0,0.1,0.0001,0.1,0.008,COMPLETED,,0,0.1,0.008,0.0,0.0079203125,1.0426128896936563e-06,7.00022956515174e-22,1.042612889693657e-06,True,True,True,0.10030532033545209,21.812680418021046,3,3
generic,3,C00,1.0,0.085,10,generic,1,0.5,0.0001,0.1,0.015,COMPLETED,,0,0.1,0.015,0.6998046874999995,0.0006126953125000007,0.003415994552558502,4.997720999666133e-19,0.0034159945525585023,True,True,True,0.19980534528249214,34.9940299380105,3,3
generic,3,C00,1.0,0.085,11,generic,2,0.9,0.0001,0.1,0.03,COMPLETED,,0,0.1,0.03,0.7614583333333332,1e-06,3.9325912957070815e-08,3.7140148210495484e-19,3.932591295744222e-08,True,True,True,0.13854170203869234,22.89612574595958,3,3
generic,4,C00,1.0,0.095,0,generic,4,0.5,0.002,0.015,0.008,COMPLETED,,0,0.015,0.008,0.5299707031249998,0.014940332031249998,0.019404323949374868,1.855828758789248e-20,0.019404323949374868,True,True,True,0.03264498795965269,32.16447778791189,4,4
generic,4,C00,1.0,0.095,1,generic,5,0.9,0.002,0.015,0.015,COMPLETED,,1,0.02625,0.02625,0.8475512695312502,0.0005391800672743058,0.030281520601124833,4.472817288627617e-19,0.030281520601124833,True,True,True,0.05246907015241856,80.00358341296669,4,4
generic,4,C00,1.0,0.095,2,generic,0,0.1,0.0001,0.015,0.03,COMPLETED,,0,0.015,0.03,0.07002929687500004,0.045070703124999986,0.014835856451144354,7.01404506446744e-21,0.014835856451144354,True,True,True,0.05404264228702892,24.24203894904349,4,4
generic,4,C00,1.0,0.095,3,generic,1,0.5,0.0001,0.03,0.008,COMPLETED,,0,0.03,0.008,0.5599414062499999,0.0120921875,0.017236882403817582,2.556278533151471e-20,0.017236882403817582,True,True,True,0.06112924622684858,32.80119097500574,4,4
generic,4,C00,1.0,0.095,4,generic,2,0.9,0.0001,0.03,0.015,COMPLETED,,0,0.03,0.015,0.8400585937499998,0.0004541429036458333,0.022891422652433945,4.487037194962024e-19,0.022891422652433945,True,True,True,0.0599424524058181,40.000489025958814,4,4
generic,4,C00,1.0,0.095,5,generic,3,0.1,0.002,0.03,0.03,COMPLETED,,0,0.03,0.03,0.040058593750000024,0.026714485677083344,0.011415656928322304,6.056155505008878e-21,0.011415656928322304,True,True,True,0.06483654822328448,23.826284790993668,4,4
generic,4,C00,1.0,0.095,6,generic,4,0.5,0.002,0.06,0.008,COMPLETED,,0,0.06,0.008,0.6198828124999999,0.0067096679687499985,0.011945104703927638,6.837815039916685e-20,0.011945104703927638,True,True,True,0.1199752878941576,33.479306312976405,4,4
generic,4,C00,1.0,0.095,7,generic,5,0.9,0.002,0.06,0.015,COMPLETED,,0,0.06,0.015,0.7801171875000003,3.7151853459362155e-06,0.0005442433282990852,3.8190208812611276e-16,0.0005442433282994671,True,True,True,0.11989943238385793,39.80129958095495,4,4
generic,4,C00,1.0,0.095,8,generic,0,0.1,0.0001,0.06,0.03,COMPLETED,,0,0.06,0.03,6.103515625000003e-05,0.015129296874999998,0.002131644423740948,1.5584229665842639e-21,0.002131644423740948,True,True,True,0.10106273526180252,22.471158721018583,4,4
generic,4,C00,1.0,0.095,9,generic,1,0.5,0.0001,0.1,0.008,COMPLETED,,0,0.1,0.008,0.6998046874999995,0.0041078124999999995,0.003828803096813524,1.7452123208806048e-19,0.003828803096813524,True,True,True,0.19984487911379564,34.448868604027666,4,4
generic,4,C00,1.0,0.095,10,generic,2,0.9,0.0001,0.1,0.015,COMPLETED,,0,0.1,0.015,0.7614583333333332,5.668576388888889e-05,3.5284172728024165e-08,4.604826790788442e-19,3.5284172728484647e-08,True,True,True,0.13854167343763701,23.43860707699787,4,4
generic,4,C00,1.0,0.095,11,generic,3,0.1,0.002,0.1,0.03,COMPLETED,,0,0.1,0.03,0.0,0.010141438802083333,9.128543998075943e-07,1.0670880767590526e-21,9.128543998075954e-07,True,True,True,0.10033086776146247,22.220645659021102,4,4
generic,5,C00,1.0,0.11,0,generic,5,0.9,0.002,0.015,0.008,COMPLETED,,1,0.02625,0.014,0.8475512695312502,0.00047179101562500004,0.035170900765376274,3.783403258513439e-19,0.035170900765376274,True,True,True,0.05247098960838737,83.98921915201936,5,5
generic,5,C00,1.0,0.11,1,generic,0,0.1,0.0001,0.015,0.015,COMPLETED,,0,0.015,0.015,0.07002929687500004,0.022585351562499995,0.016284492162754436,9.33843694932081e-21,0.016284492162754436,True,True,True,0.03746777389565737,25.49243862205185,5,5
generic,5,C00,1.0,0.11,2,generic,1,0.5,0.0001,0.015,0.03,COMPLETED,,0,0.015,0.03,0.5299707031249998,0.020441796875,0.02230634883952527,6.711072612175891e-21,0.02230634883952527,True,True,True,0.0362219787685686,32.231778442976065,5,5
generic,5,C00,1.0,0.11,3,generic,2,0.9,0.0001,0.03,0.008,COMPLETED,,0,0.03,0.008,0.8400585937499998,0.0004095944010416666,0.026586466993019857,3.7910117568159394e-19,0.026586466993019857,True,True,True,0.05994220576455893,40.70475883304607,5,5
generic,5,C00,1.0,0.11,4,generic,3,0.1,0.002,0.03,0.015,COMPLETED,,0,0.03,0.015,0.040058593750000024,0.025433496093749994,0.011669934550650199,7.094161876609299e-21,0.011669934550650199,True,True,True,0.06435915569989505,24.53667551104445,5,5
generic,5,C00,1.0,0.11,5,generic,4,0.5,0.002,0.03,0.03,COMPLETED,,0,0.03,0.03,0.5599414062499999,0.013422819010416667,0.019853548590322408,1.2595424068844644e-20,0.019853548590322408,True,True,True,0.061020103059338256,32.85147452400997,5,5
generic,5,C00,1.0,0.11,6,generic,5,0.9,0.002,0.06,0.008,COMPLETED,,0,0.06,0.008,0.7801171875000003,9.72802734375e-06,0.0007595900652273626,1.9616587159456366e-14,0.0007595900652469791,True,True,True,0.11989933242280894,40.70700074604247,5,5
generic,5,C00,1.0,0.11,7,generic,0,0.1,0.0001,0.06,0.015,COMPLETED,,0,0.06,0.015,0.0,0.014235742187499999,3.4262675213147875e-07,1.8453586150464765e-21,3.426267521314806e-07,True,True,True,0.10099415432187879,22.985448547056876,5,5
generic,5,C00,1.0,0.11,8,generic,1,0.5,0.0001,0.06,0.03,COMPLETED,,0,0.06,0.03,0.6198828124999999,0.004836328125,0.013791486205282805,7.204688710324184e-20,0.013791486205282805,True,True,True,0.11997633740458072,34.23182478395756,5,5
generic,5,C00,1.0,0.11,9,generic,2,0.9,0.0001,0.1,0.008,COMPLETED,,0,0.1,0.008,0.7614583333333332,3.136747685185185e-05,3.67311737213754e-08,3.881205429125498e-19,3.673117372176352e-08,True,True,True,0.13854168366668945,23.967510517919436,5,5
generic,5,C00,1.0,0.11,10,generic,3,0.1,0.002,0.1,0.015,COMPLETED,,0,0.1,0.015,0.0,0.014232845052083335,1.649277612217571e-06,1.8454730789610393e-21,1.6492776122175728e-06,True,True,True,0.1007454341301296,22.79646679700818,5,5
generic,5,C00,1.0,0.11,11,generic,4,0.5,0.002,0.1,0.03,COMPLETED,,0,0.1,0.03,0.6998046874999995,0.0005169621853298612,0.004418980989169072,3.784572458646136e-19,0.004418980989169072,True,True,True,0.19981019130197583,36.42017095105257,5,5
generic,6,C00,1.0,0.125,0,generic,0,0.1,0.0001,0.015,0.008,COMPLETED,,0,0.015,0.008,0.07002929687500004,0.0120921875,0.017919684153179728,1.0997135091870055e-20,0.017919684153179728,True,True,True,0.03228088609133955,26.504918859922327,6,6
generic,6,C00,1.0,0.125,1,generic,1,0.5,0.0001,0.015,0.015,COMPLETED,,0,0.015,0.015,0.5299707031249998,0.019977929687500007,0.0251883867657907,2.2257045344293047e-21,0.0251883867657907,True,True,True,0.035963525056202,32.75967533397488,6,6
generic,6,C00,1.0,0.125,2,generic,2,0.9,0.0001,0.015,0.03,COMPLETED,,2,0.0459375,0.091875,0.8082147216796877,0.0001365797661675347,0.007371285442208696,3.186858233201377e-19,0.007371285442208696,True,True,True,0.09178528560949459,125.32492712500971,6,6
generic,6,C00,1.0,0.125,3,generic,3,0.1,0.002,0.03,0.008,COMPLETED,,0,0.03,0.008,0.040058593750000024,0.014940332031249998,0.01268094406633543,8.437253576872342e-21,0.01268094406633543,True,True,True,0.06132229917661708,25.251018165959977,6,6
generic,6,C00,1.0,0.125,4,generic,4,0.5,0.002,0.03,0.015,COMPLETED,,0,0.03,0.015,0.5599414062499999,0.013088574218750003,0.022451506016300714,5.463310157194034e-21,0.022451506016300714,True,True,True,0.06095841747808298,33.34638989996165,6,6
generic,6,C00,1.0,0.125,5,generic,5,0.9,0.002,0.03,0.03,COMPLETED,,0,0.03,0.03,0.8400585937499998,0.0003558144531250001,0.03031033190237624,3.1603395986549587e-19,0.03031033190237624,True,True,True,0.05996395191563109,40.7216874799924,6,6
generic,6,C00,1.0,0.125,6,generic,0,0.1,0.0001,0.06,0.008,COMPLETED,,0,0.06,0.008,0.00013427734375000007,0.0120921875,0.003518720609821033,2.0609700194829916e-21,0.003518720609821033,True,True,True,0.10058317514718951,23.326481070020236,6,6
generic,6,C00,1.0,0.125,7,generic,1,0.5,0.0001,0.06,0.015,COMPLETED,,0,0.06,0.015,0.6198828124999999,0.0076146484375000005,0.01564015171250178,1.9560729920007663e-20,0.01564015171250178,True,True,True,0.1201181030238546,34.31243405700661,6,6
generic,6,C00,1.0,0.125,8,generic,2,0.9,0.0001,0.06,0.03,COMPLETED,,0,0.06,0.03,0.7801171875000003,9.58900282118056e-06,0.000873564165016705,2.909802482260719e-14,0.000873564165045803,True,True,True,0.11988284659223984,40.322576380101964,6,6
generic,6,C00,1.0,0.125,9,generic,3,0.1,0.002,0.1,0.008,COMPLETED,,0,0.1,0.008,5.086263020833333e-05,0.014940332031249998,0.002027054787092756,2.3069259034969823e-21,0.002027054787092756,True,True,True,0.10078334313786422,23.150138539960608,6,6
generic,6,C00,1.0,0.125,10,generic,4,0.5,0.002,0.1,0.015,COMPLETED,,0,0.1,0.015,0.6998046874999995,0.000552458984375,0.005022152489746569,3.093529781229911e-19,0.005022152489746569,True,True,True,0.19980993098933886,36.64316715695895,6,6
generic,6,C00,1.0,0.125,11,generic,5,0.9,0.002,0.1,0.03,COMPLETED,,0,0.1,0.03,0.7614583333333332,1e-06,4.534759205431683e-08,2.646293709864562e-19,4.534759205458146e-08,True,True,True,0.13855608757386956,23.519460040028207,6,6
generic,7,C00,1.05,0.05,0,generic,1,0.5,0.0001,0.015,0.008,COMPLETED,,0,0.015,0.008,0.5299707031249998,0.0120921875,0.010260028040878454,5.014076020439418e-20,0.010260028040878454,True,True,True,0.032280886091339424,28.792694885050878,7,7
generic,7,C00,1.05,0.05,1,generic,2,0.9,0.0001,0.015,0.015,COMPLETED,,0,0.015,0.015,0.8700292968749999,0.0076146484375000005,0.03469549274545321,4.1132651264877183e-19,0.03469549274545321,True,True,True,0.03089843016960758,33.68417457805481,7,7
generic,7,C00,1.05,0.05,2,generic,3,0.1,0.002,0.015,0.03,COMPLETED,,0,0.015,0.03,0.07002929687500004,0.04791884765624998,0.007446572390969558,2.195554149936039e-21,0.007446572390969558,True,True,True,0.05483414644074235,22.53404723701533,7,7
generic,7,C00,1.05,0.05,3,generic,4,0.5,0.002,0.03,0.008,COMPLETED,,0,0.03,0.008,0.5599414062499999,0.014940332031249998,0.00908806939110196,4.349776093749534e-20,0.00908806939110196,True,True,True,0.06132229917661698,28.630193409044296,7,7
generic,7,C00,1.05,0.05,4,generic,5,0.9,0.002,0.03,0.015,COMPLETED,,0,0.03,0.015,0.8400585937499998,0.0006006171875,0.011933842257717285,6.937859831933639e-19,0.011933842257717285,True,True,True,0.05995773891236631,35.68857546406798,7,7
generic,7,C00,1.05,0.05,5,generic,0,0.1,0.0001,0.03,0.03,COMPLETED,,0,0.03,0.03,0.040058593750000024,0.037629296874999996,0.005047815223527428,9.67569836498458e-22,0.005047815223527428,True,True,True,0.07072072049378048,22.2366397959413,7,7
generic,7,C00,1.05,0.05,6,generic,1,0.5,0.0001,0.06,0.008,COMPLETED,,0,0.06,0.008,0.6198828124999999,0.008107812499999999,0.006282146955033391,1.1810783513141896e-19,0.006282146955033391,True,True,True,0.12014996377005398,29.348950451007113,7,7
generic,7,C00,1.05,0.05,7,generic,2,0.9,0.0001,0.06,0.015,COMPLETED,,0,0.06,0.015,0.7801171875000003,4.798486328125e-05,0.00034596883248647054,6.460325517753523e-19,0.0003459688324864712,True,True,True,0.11988282378424588,35.59652591799386,7,7
generic,7,C00,1.05,0.05,8,generic,3,0.1,0.002,0.06,0.03,COMPLETED,,0,0.06,0.03,0.0,0.021667805989583334,5.884003091938977e-07,1.4803968930098956e-22,5.884003091938978e-07,True,True,True,0.10191576223746693,26.419113153009675,7,7
generic,7,C00,1.05,0.05,9,generic,4,0.5,0.002,0.1,0.008,COMPLETED,,0,0.1,0.008,0.6998046874999995,0.001759667968750001,0.002000694265663473,5.918418974644309e-19,0.0020006942656634733,True,True,True,0.1998048320398125,36.89243012701627,7,7
generic,7,C00,1.05,0.05,10,generic,5,0.9,0.002,0.1,0.015,COMPLETED,,0,0.1,0.015,0.7614583333333332,6.355787037037038e-05,1.913899036472249e-08,7.167031957074191e-19,1.9138990365439193e-08,True,True,True,0.1385551991478458,25.346254657022655,7,7
generic,7,C00,1.05,0.05,11,generic,0,0.1,0.0001,0.1,0.03,COMPLETED,,0,0.1,0.03,0.0,0.021672265625000003,2.6125339023165418e-08,1.4808291887859567e-22,2.6125339023165566e-08,True,True,True,0.1023003550541031,26.33820417698007,7,7
generic,8,C00,1.05,0.06,0,generic,2,0.9,0.0001,0.015,0.008,COMPLETED,,0,0.015,0.008,0.8700292968749999,0.0041078124999999995,0.04165951165671815,5.049366147018418e-19,0.04165951165671815,True,True,True,0.030237486781180257,43.21183153707534,8,8
generic,8,C00,1.05,0.06,1,generic,3,0.1,0.002,0.015,0.015,COMPLETED,,0,0.015,0.015,0.07002929687500004,0.025433496093749994,0.009435357586680343,2.4627479176343454e-21,0.009435357586680343,True,True,True,0.038044339723310734,28.13525677693542,8,8
generic,8,C00,1.05,0.06,2,generic,4,0.5,0.002,0.015,0.03,COMPLETED,,0,0.015,0.03,0.5299707031249998,0.02380693359375,0.012212746808036641,2.294556670092149e-20,0.012212746808036641,True,True,True,0.037064611134734665,34.31409217289183,8,8
generic,8,C00,1.05,0.06,3,generic,5,0.9,0.002,0.03,0.008,COMPLETED,,0,0.03,0.008,0.8400585937499998,0.0005791445312499998,0.014341966182847485,6.348675289990038e-19,0.014341966182847485,True,True,True,0.059958243916000756,44.888314337003976,8,8
generic,8,C00,1.05,0.06,4,generic,0,0.1,0.0001,0.03,0.015,COMPLETED,,0,0.03,0.015,0.040058593750000024,0.022585351562499995,0.006100922163418306,7.201399153959639e-22,0.006100922163418306,True,True,True,0.06402002200965537,27.66669748397544,8,8
generic,8,C00,1.05,0.06,5,generic,1,0.5,0.0001,0.03,0.03,COMPLETED,,0,0.03,0.03,0.5599414062499999,0.015598046874999999,0.01085265925274707,3.70426649169304e-20,0.01085265925274707,True,True,True,0.06191253217376287,35.021674255956896,8,8
generic,8,C00,1.05,0.06,6,generic,2,0.9,0.0001,0.06,0.008,COMPLETED,,0,0.06,0.008,0.7801171875000003,1.60255744839892e-05,0.00041239544623515204,5.758396481724353e-19,0.00041239544623515264,True,True,True,0.11988284191081826,44.89030530303717,8,8
generic,8,C00,1.05,0.06,7,generic,3,0.1,0.002,0.06,0.015,COMPLETED,,0,0.06,0.015,5.086263020833336e-06,0.025433496093749994,0.00022100775349290835,2.880556211106256e-22,0.00022100775349290835,True,True,True,0.10270399949584097,26.901570786023512,8,8
generic,8,C00,1.05,0.06,8,generic,4,0.5,0.002,0.06,0.03,COMPLETED,,0,0.06,0.03,0.6198828124999999,0.005634733072916664,0.007514632478951921,1.5880429373816112e-19,0.007514632478951921,True,True,True,0.11993790067122853,36.41855380695779,8,8
generic,8,C00,1.05,0.06,9,generic,5,0.9,0.002,0.1,0.008,COMPLETED,,0,0.1,0.008,0.7614583333333332,3.823958333333333e-05,2.0334716446307975e-08,6.560483110245603e-19,2.0334716446964022e-08,True,True,True,0.1385555553080071,26.49107234296389,8,8
generic,8,C00,1.05,0.06,10,generic,0,0.1,0.0001,0.1,0.015,COMPLETED,,0,0.1,0.015,4.6793619791666656e-05,0.022585351562499995,0.0006751619233596248,2.276590599555126e-22,0.0006751619233596248,True,True,True,0.10245113225618223,26.96865685598459,8,8
generic,8,C00,1.05,0.06,11,generic,1,0.5,0.0001,0.1,0.03,COMPLETED,,0,0.1,0.03,0.6998046874999995,0.0006830214843750001,0.002397969347292167,6.387530008806983e-19,0.0023979693472921675,True,True,True,0.19980553811399643,39.14941047306638,8,8
generic,9,C00,1.05,0.07,0,generic,3,0.1,0.002,0.015,0.008,COMPLETED,,0,0.015,0.008,0.07002929687500004,0.014940332031249998,0.011791877482799543,3.0554122912912005e-21,0.011791877482799543,True,True,True,0.03264498795965282,29.130494517972693,9,9
generic,9,C00,1.05,0.07,1,generic,4,0.5,0.002,0.015,0.015,COMPLETED,,0,0.015,0.015,0.5299707031249998,0.02368408203125,0.014164612270689974,2.0195596487226663e-20,0.014164612270689974,True,True,True,0.03699246489955561,35.75066209898796,9,9
generic,9,C00,1.05,0.07,2,generic,5,0.9,0.002,0.015,0.03,COMPLETED,,0,0.015,0.03,0.8700292968749999,0.016081152343750002,0.0489797638408557,1.3870483110120681e-19,0.0489797638408557,True,True,True,0.033113772016108205,42.07385033695027,9,9
generic,9,C00,1.05,0.07,3,generic,0,0.1,0.0001,0.03,0.008,COMPLETED,,0,0.03,0.008,0.040058593750000024,0.0120921875,0.00837498280760699,4.323179430525512e-22,0.00837498280760699,True,True,True,0.06112924622684868,28.62859883205965,9,9
generic,9,C00,1.05,0.07,4,generic,1,0.5,0.0001,0.03,0.015,COMPLETED,,0,0.03,0.015,0.5599414062499999,0.015739648437500003,0.012601767997208248,3.139654648831025e-20,0.012601767997208248,True,True,True,0.06194812980612184,36.390386023093015,9,9
generic,9,C00,1.05,0.07,5,generic,2,0.9,0.0001,0.03,0.03,COMPLETED,,0,0.03,0.03,0.8400585937499998,0.0005575673828125004,0.01675890552908278,5.781658971936317e-19,0.01675890552908278,True,True,True,0.05994315266264679,46.523391623049974,9,9
generic,9,C00,1.05,0.07,6,generic,3,0.1,0.002,0.06,0.008,COMPLETED,,0,0.06,0.008,0.0007893880208333337,0.014940332031249998,0.003224603052223659,1.3519047044126004e-22,0.003224603052223659,True,True,True,0.10005097561923004,27.930595935089514,9,9
generic,9,C00,1.05,0.07,7,generic,4,0.5,0.002,0.06,0.015,COMPLETED,,0,0.06,0.015,0.6198828124999999,0.008566503906250005,0.008745971767449925,7.76057296728989e-20,0.008745971767449925,True,True,True,0.12006251582596844,37.67974198597949,9,9
generic,9,C00,1.05,0.07,8,generic,5,0.9,0.002,0.06,0.03,COMPLETED,,0,0.06,0.03,0.7801171875000003,1.1951063368055555e-05,0.00047834299728283637,6.061902470675646e-15,0.00047834299728889825,True,True,True,0.11989929554206957,46.07150852191262,9,9
generic,9,C00,1.05,0.07,9,generic,0,0.1,0.0001,0.1,0.008,COMPLETED,,0,0.1,0.008,0.0010335286458333331,0.0120921875,0.003793868012078433,8.746960714572049e-23,0.003793868012078433,True,True,True,0.09969039579282575,28.027216673945077,9,9
generic,9,C00,1.05,0.07,10,generic,1,0.5,0.0001,0.1,0.015,COMPLETED,,0,0.1,0.015,0.6998046874999995,0.0026146484375000004,0.002798072612515597,3.7233198334306227e-19,0.0027980726125155972,True,True,True,0.19982051096856066,39.96059664001223,9,9
generic,9,C00,1.05,0.07,11,generic,2,0.9,0.0001,0.1,0.03,COMPLETED,,0,0.1,0.03,0.7614583333333332,1e-06,2.817623560233679e-08,5.560187373311701e-19,2.817623560289281e-08,True,True,True,0.13854170203869234,27.30349706998095,9,9
generic,10,C00,1.05,0.075,0,generic,4,0.5,0.002,0.015,0.008,COMPLETED,,0,0.015,0.008,0.5299707031249998,0.014940332031249998,0.015149817044415828,2.809785123565377e-20,0.015149817044415828,True,True,True,0.03264498795965269,37.692017507972196,10,10
generic,10,C00,1.05,0.075,1,generic,5,0.9,0.002,0.015,0.015,COMPLETED,,1,0.02625,0.02625,0.8475512695312502,0.0006630776367187501,0.0237753918516656,5.478459304827099e-19,0.0237753918516656,True,True,True,0.05246576683123018,90.94832987792324,10,10
generic,10,C00,1.05,0.075,2,generic,0,0.1,0.0001,0.015,0.03,COMPLETED,,0,0.015,0.03,0.07002929687500004,0.045070703124999986,0.00943474554250207,3.998858362933243e-21,0.00943474554250207,True,True,True,0.05404264228702892,28.304731642012484,10,10
generic,10,C00,1.05,0.075,3,generic,1,0.5,0.0001,0.03,0.008,COMPLETED,,0,0.03,0.008,0.5599414062499999,0.0120921875,0.01347385337302739,3.799678077881083e-20,0.01347385337302739,True,True,True,0.06112924622684858,38.13165926001966,10,10
generic,10,C00,1.05,0.075,4,generic,2,0.9,0.0001,0.03,0.015,COMPLETED,,0,0.03,0.015,0.8400585937499998,0.0005447714843749997,0.017970909724964408,5.507713091440952e-19,0.017970909724964408,True,True,True,0.05994305635268257,47.127571729943156,10,10
generic,10,C00,1.05,0.075,5,generic,3,0.1,0.002,0.03,0.03,COMPLETED,,0,0.03,0.03,0.040058593750000024,0.04791884765624998,0.005984494843850567,2.5642682576845375e-21,0.005984494843850567,True,True,True,0.07550836214158953,27.654565240023658,10,10
generic,10,C00,1.05,0.075,6,generic,4,0.5,0.002,0.06,0.008,COMPLETED,,0,0.06,0.008,0.6198828124999999,0.0067096679687499985,0.009354986940503946,9.579903508280266e-20,0.009354986940503946,True,True,True,0.1199752878941576,39.130441057961434,10,10
generic,10,C00,1.05,0.075,7,generic,5,0.9,0.002,0.06,0.015,COMPLETED,,0,0.06,0.015,0.7801171875000003,4.987333622685187e-05,0.0005200004031039553,1.2792839681723259e-18,0.0005200004031039566,True,True,True,0.11989867274876256,46.78275652904995,10,10
generic,10,C00,1.05,0.075,8,generic,0,0.1,0.0001,0.06,0.03,COMPLETED,,0,0.06,0.03,0.0,0.03559804687499998,8.313147267314476e-07,8.273480285586382e-22,8.313147267314485e-07,True,True,True,0.10611367174845897,27.20529771898873,10,10
generic,10,C00,1.05,0.075,9,generic,1,0.5,0.0001,0.1,0.008,COMPLETED,,0,0.1,0.008,0.6998046874999995,0.0041078124999999995,0.003002946544230751,2.3233191558933907e-19,0.0030029465442307514,True,True,True,0.19984487911379564,40.28689913090784,10,10
generic,10,C00,1.05,0.075,10,generic,2,0.9,0.0001,0.1,0.015,COMPLETED,,0,0.1,0.015,0.7614583333333332,5.668576388888889e-05,2.7686726145253922e-08,5.688515225813575e-19,2.7686726145822774e-08,True,True,True,0.13854167343763701,27.79661860689521,10,10
generic,10,C00,1.05,0.075,11,generic,3,0.1,0.002,0.1,0.03,COMPLETED,,0,0.1,0.03,0.0,0.035603287760416664,6.088192669213296e-08,8.273991238683303e-22,6.08819266921338e-08,True,True,True,0.10549493328264334,27.186899711959995,10,10
generic,11,C00,1.05,0.085,0,generic,5,0.9,0.002,0.015,0.008,COMPLETED,,1,0.02625,0.014,0.8475512695312502,0.00061899609375,0.026993193946691894,4.9579918022114615e-19,0.026993193946691894,True,True,True,0.05246690861459868,93.357696710038,11,11
generic,11,C00,1.05,0.085,1,generic,0,0.1,0.0001,0.015,0.015,COMPLETED,,0,0.015,0.015,0.07002929687500004,0.022585351562499995,0.012368107545917764,4.03499778257439e-21,0.012368107545917764,True,True,True,0.03746777389565737,29.378799814963713,11,11
generic,11,C00,1.05,0.085,2,generic,1,0.5,0.0001,0.015,0.03,COMPLETED,,0,0.015,0.03,0.5299707031249998,0.023410546874999997,0.01705360185868444,1.482537374069512e-20,0.01705360185868444,True,True,True,0.03796873241785202,37.484436042024754,11,11
generic,11,C00,1.05,0.085,3,generic,2,0.9,0.0001,0.03,0.008,COMPLETED,,0,0.03,0.008,0.8400585937499998,0.0005161842447916667,0.020402446189054232,4.980907609607261e-19,0.020402446189054232,True,True,True,0.059942851054593474,47.8807120739948,11,11
generic,11,C00,1.05,0.085,4,generic,3,0.1,0.002,0.03,0.015,COMPLETED,,0,0.03,0.015,0.040058593750000024,0.025433496093749994,0.007957927398410343,1.6235340839419488e-21,0.007957927398410343,True,True,True,0.06435915569989505,28.735335242003202,11,11
generic,11,C00,1.05,0.085,5,generic,4,0.5,0.002,0.03,0.03,COMPLETED,,0,0.03,0.03,0.5599414062499999,0.015312727864583337,0.015198226149231369,2.3402019581467457e-20,0.015198226149231369,True,True,True,0.06140196174735771,38.189336188021116,11,11
generic,11,C00,1.05,0.085,6,generic,5,0.9,0.002,0.06,0.008,COMPLETED,,0,0.06,0.008,0.7801171875000003,3.4748372395833334e-05,0.0005898040158641713,1.0355261621488307e-19,0.0005898040158641714,True,True,True,0.11989891970685099,47.6902251499705,11,11
generic,11,C00,1.05,0.085,7,generic,0,0.1,0.0001,0.06,0.015,COMPLETED,,0,0.06,0.015,0.000990125868055556,0.022585351562499995,0.003899817913806571,4.505675309088855e-22,0.003899817913806571,True,True,True,0.10153101107795935,28.236964513082057,11,11
generic,11,C00,1.05,0.085,8,generic,1,0.5,0.0001,0.06,0.03,COMPLETED,,0,0.06,0.03,0.6198828124999999,0.005500390625000001,0.01057424101601243,9.973514289997378e-20,0.01057424101601243,True,True,True,0.12000438721902093,39.655690097017214,11,11
generic,11,C00,1.05,0.085,9,generic,2,0.9,0.0001,0.1,0.008,COMPLETED,,0,0.1,0.008,0.7614583333333332,1.0110243055555554e-05,2.713064862896979e-08,5.143956978394518e-19,2.7130648629484188e-08,True,True,True,0.13854169582817374,28.423960653017275,11,11
generic,11,C00,1.05,0.085,10,generic,3,0.1,0.002,0.1,0.015,COMPLETED,,0,0.1,0.015,0.0007242838541666666,0.025433496093749994,0.0032806076110856288,5.630452554288197e-22,0.0032806076110856288,True,True,True,0.10200390460881324,28.05907566100359,11,11
generic,11,C00,1.05,0.085,11,generic,4,0.5,0.002,0.1,0.03,COMPLETED,,0,0.1,0.03,0.6998046874999995,0.000652356517650463,0.003391138048884776,4.94398040097298e-19,0.0033911380488847766,True,True,True,0.19980923224397806,42.33517563599162,11,11
generic,12,C00,1.05,0.1,0,generic,0,0.1,0.0001,0.015,0.008,COMPLETED,,0,0.015,0.008,0.07002929687500004,0.0120921875,0.016147719739537183,5.123707165705297e-21,0.016147719739537183,True,True,True,0.03228088609133955,30.477212792960927,12,12
generic,12,C00,1.05,0.1,1,generic,1,0.5,0.0001,0.015,0.015,COMPLETED,,0,0.015,0.015,0.5299707031249998,0.022585351562499995,0.019899757257770326,9.31784919430748e-21,0.019899757257770326,True,True,True,0.03746777389565726,38.24841321003623,12,12
generic,12,C00,1.05,0.1,2,generic,2,0.9,0.0001,0.015,0.03,COMPLETED,,1,0.02625,0.0525,0.86300048828125,1e-06,0.013888112184485539,5.76283566910099e-06,0.01389387502015464,True,True,True,0.03699964416620682,98.9088276430266,12,12
generic,12,C00,1.05,0.1,3,generic,3,0.1,0.002,0.03,0.008,COMPLETED,,0,0.03,0.008,0.040058593750000024,0.014940332031249998,0.012122507402959164,1.1188221736688737e-21,0.012122507402959164,True,True,True,0.06132229917661708,29.708932561101392,12,12
generic,12,C00,1.05,0.1,4,generic,4,0.5,0.002,0.03,0.015,COMPLETED,,0,0.03,0.015,0.5599414062499999,0.01508004557291667,0.017765028839148263,1.4931110296159116e-20,0.017765028839148263,True,True,True,0.06135193375450445,38.96287618204951,12,12
generic,12,C00,1.05,0.1,5,generic,5,0.9,0.002,0.03,0.03,COMPLETED,,0,0.03,0.03,0.86302734375,1e-06,0.013837993869373563,5.792992781786572e-06,0.01384378686215535,True,True,True,0.03702665676483181,50.94350282300729,12,12
generic,12,C00,1.05,0.1,6,generic,0,0.1,0.0001,0.06,0.008,COMPLETED,,0,0.06,0.008,0.0038899739583333356,0.0120921875,0.009455507978248106,1.8377238093687467e-22,0.009455507978248106,True,True,True,0.09685530272920014,29.526354269008152,12,12
generic,12,C00,1.05,0.1,7,generic,1,0.5,0.0001,0.06,0.015,COMPLETED,,0,0.06,0.015,0.6198828124999999,0.0076146484375000005,0.012397933905415258,4.350183630258338e-20,0.012397933905415258,True,True,True,0.1201181030238546,40.12265720393043,12,12
generic,12,C00,1.05,0.1,8,generic,2,0.9,0.0001,0.06,0.03,COMPLETED,,0,0.06,0.03,0.7801171875000003,2.1041006582754633e-05,0.0006947604230463965,1.2691946696764017e-16,0.0006947604230465235,True,True,True,0.11988283850256776,47.69849782192614,12,12
generic,12,C00,1.05,0.1,9,generic,3,0.1,0.002,0.1,0.008,COMPLETED,,0,0.1,0.008,0.0035319010416666667,0.014940332031249998,0.008679380937494999,2.834314320801904e-22,0.008679380937494999,True,True,True,0.09733214427779648,29.284104013931938,12,12
generic,12,C00,1.05,0.1,10,generic,4,0.5,0.002,0.1,0.015,COMPLETED,,0,0.1,0.015,0.6998046874999995,0.0006278721788194444,0.003986753724929581,4.1755088602545734e-19,0.003986753724929581,True,True,True,0.19980939888236016,43.25404237199109,12,12
generic,12,C00,1.05,0.1,11,generic,5,0.9,0.002,0.1,0.03,COMPLETED,,0,0.1,0.03,0.7614583333333332,0.00011781134259259261,5.5194724611506824e-08,4.3658544101691615e-19,5.519472461194341e-08,True,True,True,0.1385544515232906,27.890498124994338,12,12
generic,13,C00,1.05,0.115,0,generic,1,0.5,0.0001,0.015,0.008,COMPLETED,,0,0.015,0.008,0.5299707031249998,0.0120921875,0.022745661903529522,1.0002844027934083e-20,0.022745661903529522,True,True,True,0.032280886091339424,39.91327880893368,13,13
generic,13,C00,1.05,0.115,1,generic,2,0.9,0.0001,0.015,0.015,COMPLETED,,1,0.02625,0.02625,0.8596166992187501,1e-06,0.01853961942290032,1.585434197873859e-08,0.018539635277242297,True,True,True,0.04038342213073211,101.49572971498128,13,13
generic,13,C00,1.05,0.115,2,generic,3,0.1,0.002,0.015,0.03,COMPLETED,,0,0.015,0.03,0.07002929687500004,0.04791884765624998,0.010508619922581142,6.104219218297879e-21,0.010508619922581142,True,True,True,0.05483414644074235,29.64305894006975,13,13
generic,13,C00,1.05,0.115,3,generic,4,0.5,0.002,0.03,0.008,COMPLETED,,0,0.03,0.008,0.5599414062499999,0.014701855468749997,0.020305607912781784,7.807251688452761e-21,0.020305607912781784,True,True,True,0.06127241888139018,39.84512563806493,13,13
generic,13,C00,1.05,0.115,4,generic,5,0.9,0.002,0.03,0.015,COMPLETED,,0,0.03,0.015,0.85962890625,1e-06,0.018535153263840465,1.591639886014956e-08,0.018535169180239324,True,True,True,0.04042055432043568,51.66701906500384,13,13
generic,13,C00,1.05,0.115,5,generic,0,0.1,0.0001,0.03,0.03,COMPLETED,,0,0.03,0.03,0.040058593750000024,0.045070703124999986,0.007523576843503803,4.278745464462735e-21,0.007523576843503803,True,True,True,0.07493554779131477,29.171300344052725,13,13
generic,13,C00,1.05,0.115,6,generic,1,0.5,0.0001,0.06,0.008,COMPLETED,,0,0.06,0.008,0.6198828124999999,0.006774479166666665,0.014208983027804272,3.139812027764908e-20,0.014208983027804272,True,True,True,0.12006846965401198,41.225587042979896,13,13
generic,13,C00,1.05,0.115,7,generic,2,0.9,0.0001,0.06,0.015,COMPLETED,,0,0.06,0.015,0.7801171875000003,2.2752251519097225e-05,0.0008004243450661611,7.770269549540383e-19,0.0008004243450661618,True,True,True,0.11988283738769594,48.819848746061325,13,13
generic,13,C00,1.05,0.115,8,generic,3,0.1,0.002,0.06,0.03,COMPLETED,,0,0.06,0.03,0.0014485677083333338,0.04791884765624998,0.0039486617294145565,2.643260776784021e-21,0.0039486617294145565,True,True,True,0.10872407910309866,28.39482115895953,13,13
generic,13,C00,1.05,0.115,9,generic,4,0.5,0.002,0.1,0.008,COMPLETED,,0,0.1,0.008,0.6998046874999995,0.001759667968750001,0.004584289562552169,2.3515999766996487e-19,0.004584289562552169,True,True,True,0.1998048320398125,42.805392661946826,13,13
generic,13,C00,1.05,0.115,10,generic,5,0.9,0.002,0.1,0.015,COMPLETED,,0,0.1,0.015,0.7614583333333332,6.355787037037038e-05,4.421466143133919e-08,3.670558814078793e-19,4.421466143170625e-08,True,True,True,0.1385551991478458,28.641834732028656,13,13
generic,13,C00,1.05,0.115,11,generic,0,0.1,0.0001,0.1,0.03,COMPLETED,,0,0.1,0.03,0.0018039279513888888,0.045070703124999986,0.004533980222125441,2.4667605408675014e-21,0.004533980222125441,True,True,True,0.1080038550484792,28.459745488944463,13,13
generic,14,C00,1.1,0.095,0,generic,2,0.9,0.0001,0.015,0.008,COMPLETED,,1,0.02625,0.014,0.8475512695312502,0.0006172350260416665,0.030166528520554202,4.449858795061046e-19,0.030166528520554202,True,True,True,0.05245128082188018,95.99981778592337,14,14
generic,14,C00,1.1,0.095,1,generic,3,0.1,0.002,0.015,0.015,COMPLETED,,0,0.015,0.015,0.07002929687500004,0.025433496093749994,0.010951596327846643,1.3519454049021444e-21,0.010951596327846643,True,True,True,0.038044339723310734,30.203355740988627,14,14
generic,14,C00,1.1,0.095,2,generic,4,0.5,0.002,0.015,0.03,COMPLETED,,0,0.015,0.03,0.5299707031249998,0.025509928385416665,0.018491866738613597,9.6892818311202e-21,0.018491866738613597,True,True,True,0.03809146595360035,38.01709134806879,14,14
generic,14,C00,1.1,0.095,3,generic,5,0.9,0.002,0.03,0.008,COMPLETED,,0,0.03,0.008,0.8400585937499998,0.0005188164062499997,0.022795699658927363,4.47343507614719e-19,0.022795699658927363,True,True,True,0.05995970386906493,48.71639251697343,14,14
generic,14,C00,1.1,0.095,4,generic,0,0.1,0.0001,0.03,0.015,COMPLETED,,0,0.03,0.015,0.040058593750000024,0.022585351562499995,0.009610811844977486,5.354873936696642e-22,0.009610811844977486,True,True,True,0.06402002200965537,30.697964934050106,14,14
generic,14,C00,1.1,0.095,5,generic,1,0.5,0.0001,0.03,0.03,COMPLETED,,0,0.03,0.03,0.5599414062499999,0.016613671875,0.016571419466761234,1.4803536669032774e-20,0.016571419466761234,True,True,True,0.062174540947422294,38.848436139989644,14,14
generic,14,C00,1.1,0.095,6,generic,2,0.9,0.0001,0.06,0.008,COMPLETED,,0,0.06,0.008,0.7801171875000003,1.333678747106481e-05,0.0006534187306469368,9.273864606013298e-16,0.0006534187306478643,True,True,True,0.11988284382438759,48.69251351500861,14,14
generic,14,C00,1.1,0.095,7,generic,3,0.1,0.002,0.06,0.015,COMPLETED,,0,0.06,0.015,0.015201822916666673,0.025433496093749994,0.008750969173285208,4.641291029989432e-22,0.008750969173285208,True,True,True,0.0879764717173413,29.861168809002265,14,14
generic,14,C00,1.1,0.095,8,generic,4,0.5,0.002,0.06,0.03,COMPLETED,,0,0.06,0.03,0.6198828124999999,0.005904720052083332,0.011627253390373005,6.280769785827849e-20,0.011627253390373005,True,True,True,0.11994638623816588,40.240359563962556,14,14
generic,14,C00,1.1,0.095,9,generic,5,0.9,0.002,0.1,0.008,COMPLETED,,0,0.1,0.008,0.7614583333333332,3.823958333333333e-05,3.2131200161430976e-08,4.640334199842559e-19,3.213120016189501e-08,True,True,True,0.1385555553080071,28.582556128967553,14,14
generic,14,C00,1.1,0.095,10,generic,0,0.1,0.0001,0.1,0.015,COMPLETED,,0,0.1,0.015,0.015527343749999999,0.022585351562499995,0.009156345806265467,3.6526178736998706e-22,0.009156345806265467,True,True,True,0.08741407603366798,30.155161708011292,14,14
generic,14,C00,1.1,0.095,11,generic,1,0.5,0.0001,0.1,0.03,COMPLETED,,0,0.1,0.03,0.6998046874999995,0.000687154947916667,0.0037580558424346795,4.342540309813212e-19,0.00375805584243468,True,True,True,0.19980555021796895,42.927158772945404,14,14
generic,15,C00,1.1,0.11,0,generic,3,0.1,0.002,0.015,0.008,COMPLETED,,0,0.015,0.008,0.07002929687500004,0.014940332031249998,0.01576455124288798,7.147633589546441e-22,0.01576455124288798,True,True,True,0.03264498795965282,30.697007977985777,15,15
generic,15,C00,1.1,0.11,1,generic,4,0.5,0.002,0.015,0.015,COMPLETED,,0,0.015,0.015,0.5299707031249998,0.024916373697916664,0.021215086603814038,4.952989919201381e-21,0.021215086603814038,True,True,True,0.03772801650324917,32.40286017302424,15,15
generic,15,C00,1.1,0.11,2,generic,5,0.9,0.002,0.015,0.03,COMPLETED,,2,0.0459375,0.091875,0.8082147216796877,0.00018194742386429396,0.006427764645706084,3.8502698223084935e-19,0.006427764645706084,True,True,True,0.0918032822480046,124.923340140027,15,15
generic,15,C00,1.1,0.11,3,generic,0,0.1,0.0001,0.03,0.008,COMPLETED,,0,0.03,0.008,0.040058593750000024,0.0120921875,0.014759878436532129,1.923219189547234e-22,0.014759878436532129,True,True,True,0.06112924622684868,26.705868623917922,15,15
generic,15,C00,1.1,0.11,4,generic,1,0.5,0.0001,0.03,0.015,COMPLETED,,0,0.03,0.015,0.5599414062499999,0.016364648437500004,0.019048477750255272,8.204573316280902e-21,0.019048477750255272,True,True,True,0.062108863876446783,33.63470583106391,15,15
generic,15,C00,1.1,0.11,5,generic,2,0.9,0.0001,0.03,0.03,COMPLETED,,0,0.03,0.03,0.8400585937499998,0.0004668675130208335,0.026469959175735764,3.783752906910182e-19,0.026469959175735764,True,True,True,0.0599425289339687,40.52319607604295,15,15
generic,15,C00,1.1,0.11,6,generic,3,0.1,0.002,0.06,0.008,COMPLETED,,0,0.06,0.008,0.027070312500000016,0.014940332031249998,0.014130797660500787,2.4059570984708956e-22,0.014130797660500787,True,True,True,0.07406882955688344,26.334322570008226,15,15
generic,15,C00,1.1,0.11,7,generic,4,0.5,0.002,0.06,0.015,COMPLETED,,0,0.06,0.015,0.6198828124999999,0.008566503906250005,0.013412366077980773,2.2977328992512525e-20,0.013412366077980773,True,True,True,0.12006251582596844,33.85355149500538,15,15
generic,15,C00,1.1,0.11,8,generic,5,0.9,0.002,0.06,0.03,COMPLETED,,0,0.06,0.03,0.7801171875000003,1.0125886140046302e-05,0.0007593063897262465,6.6640571727563315e-15,0.0007593063897329105,True,True,True,0.11989932581920179,40.11172278004233,15,15
generic,15,C00,1.1,0.11,9,generic,0,0.1,0.0001,0.1,0.008,COMPLETED,,0,0.1,0.008,0.026529947916666668,0.0120921875,0.014610700565198751,1.4962165754968438e-22,0.014610700565198751,True,True,True,0.07444233415310719,26.541389035992324,15,15
generic,15,C00,1.1,0.11,10,generic,1,0.5,0.0001,0.1,0.015,COMPLETED,,0,0.1,0.015,0.6998046874999995,0.0026146484375000004,0.004351563833156503,1.6920010773503642e-19,0.004351563833156503,True,True,True,0.19982051096856066,35.27195148903411,15,15
generic,15,C00,1.1,0.11,11,generic,2,0.9,0.0001,0.1,0.03,COMPLETED,,0,0.1,0.03,0.7614583333333332,1e-06,2.9654555151942203e-08,3.456195642719843e-19,2.9654555152287822e-08,True,True,True,0.13854170203869234,23.45604587707203,15,15
generic,16,C00,1.15,0.06,0,generic,4,0.5,0.002,0.015,0.008,COMPLETED,,0,0.015,0.008,0.5299707031249998,0.014940332031249998,0.0117092254160792,2.86841910242881e-20,0.0117092254160792,True,True,True,0.03264498795965269,29.638751359074377,16,16
generic,16,C00,1.15,0.06,1,generic,5,0.9,0.002,0.015,0.015,COMPLETED,,0,0.015,0.015,0.8700292968749999,0.008566503906250005,0.04160143316034405,2.75614320959653e-19,0.04160143316034405,True,True,True,0.03068162347982406,34.98295340896584,16,16
generic,16,C00,1.15,0.06,2,generic,0,0.1,0.0001,0.015,0.03,COMPLETED,,0,0.015,0.03,0.07002929687500004,0.045070703124999986,0.003955288337580121,7.510687375753098e-22,0.003955288337580121,True,True,True,0.05404264228702892,23.850574456038885,16,16
generic,16,C00,1.15,0.06,3,generic,1,0.5,0.0001,0.03,0.008,COMPLETED,,0,0.03,0.008,0.5599414062499999,0.0120921875,0.010468506360260501,3.8799453584564094e-20,0.010468506360260501,True,True,True,0.06112924622684858,30.082122406107374,16,16
generic,16,C00,1.15,0.06,4,generic,2,0.9,0.0001,0.03,0.015,COMPLETED,,0,0.03,0.015,0.8400585937499998,0.0006550292968749998,0.014286571491249494,6.314469394144453e-19,0.014286571491249494,True,True,True,0.059943975850355095,37.191188410972245,16,16
generic,16,C00,1.15,0.06,5,generic,3,0.1,0.002,0.03,0.03,COMPLETED,,0,0.03,0.03,0.040058593750000024,0.04791884765624998,0.002834134371639611,6.167452773337074e-22,0.002834134371639611,True,True,True,0.07550836214158953,23.545947664999403,16,16
generic,16,C00,1.15,0.06,6,generic,4,0.5,0.002,0.06,0.008,COMPLETED,,0,0.06,0.008,0.6198828124999999,0.008359667968749996,0.007329903648986922,7.469558707971445e-20,0.007329903648986922,True,True,True,0.1200513811231794,30.419799267081544,16,16
generic,16,C00,1.15,0.06,7,generic,5,0.9,0.002,0.06,0.015,COMPLETED,,0,0.06,0.015,0.7801171875000003,1.4195800781250004e-05,0.00040782426721789884,3.218292491544477e-16,0.0004078242672182207,True,True,True,0.11989925834310959,37.42788914893754,16,16
generic,16,C00,1.15,0.06,8,generic,0,0.1,0.0001,0.06,0.03,COMPLETED,,0,0.06,0.03,0.007063802083333338,0.045070703124999986,0.0025427406950162545,4.183240901747896e-22,0.0025427406950162545,True,True,True,0.10324485954643321,23.35137444396969,16,16
generic,16,C00,1.15,0.06,9,generic,1,0.5,0.0001,0.1,0.008,COMPLETED,,0,0.1,0.008,0.6998046874999995,0.0041078124999999995,0.002370178914695268,2.485296099787104e-19,0.0023701789146952684,True,True,True,0.19984487911379564,31.51156195998192,16,16
generic,16,C00,1.15,0.06,10,generic,2,0.9,0.0001,0.1,0.015,COMPLETED,,0,0.1,0.015,0.7614583333333332,5.668576388888889e-05,2.1939415958347045e-08,6.584792402659816e-19,2.1939415959005523e-08,True,True,True,0.13854167343763701,21.977345361956395,16,16
generic,16,C00,1.15,0.06,11,generic,3,0.1,0.002,0.1,0.03,COMPLETED,,0,0.1,0.03,0.006461588541666666,0.04791884765624998,0.002378425246143628,4.7085037540512985e-22,0.002378425246143628,True,True,True,0.104201607416711,23.171644623973407,16,16
generic,17,C00,1.15,0.075,0,generic,5,0.9,0.002,0.015,0.008,COMPLETED,,1,0.02625,0.014,0.8475512695312502,0.00074630859375,0.023687127449589777,5.435209221886161e-19,0.023687127449589777,True,True,True,0.05246371193430442,76.70620663790032,17,17
generic,17,C00,1.15,0.075,1,generic,0,0.1,0.0001,0.015,0.015,COMPLETED,,0,0.015,0.015,0.07002929687500004,0.022585351562499995,0.007201709245838745,3.05341452865886e-22,0.007201709245838745,True,True,True,0.03746777389565737,25.46455750707537,17,17
generic,17,C00,1.15,0.075,2,generic,1,0.5,0.0001,0.015,0.03,COMPLETED,,0,0.015,0.03,0.5299707031249998,0.028547265624999995,0.01442460826271321,1.434676097713806e-20,0.01442460826271321,True,True,True,0.04132178562630348,30.33208535599988,17,17
generic,17,C00,1.15,0.075,3,generic,2,0.9,0.0001,0.03,0.008,COMPLETED,,0,0.03,0.008,0.8400585937499998,0.0006148450520833335,0.017897435353186376,5.477907103076968e-19,0.017897435353186376,True,True,True,0.0599436172470032,39.27682380203623,17,17
generic,17,C00,1.15,0.075,4,generic,3,0.1,0.002,0.03,0.015,COMPLETED,,0,0.03,0.015,0.040058593750000024,0.025433496093749994,0.0064185261087247505,2.6421050164745664e-22,0.0064185261087247505,True,True,True,0.06435915569989505,25.20339560706634,17,17
generic,17,C00,1.15,0.075,5,generic,4,0.5,0.002,0.03,0.03,COMPLETED,,0,0.03,0.03,0.5599414062499999,0.018573339843750005,0.012951924026934604,2.066045923954493e-20,0.012951924026934604,True,True,True,0.06219041547380076,31.09726255305577,17,17
generic,17,C00,1.15,0.075,6,generic,5,0.9,0.002,0.06,0.008,COMPLETED,,0,0.06,0.008,0.7801171875000003,9.72802734375e-06,0.0005060310232502301,2.001117714941179e-14,0.0005060310232702413,True,True,True,0.11989933242280894,39.488796181976795,17,17
generic,17,C00,1.15,0.075,7,generic,0,0.1,0.0001,0.06,0.015,COMPLETED,,0,0.06,0.015,0.02839843750000001,0.022585351562499995,0.006592576289886592,1.8249831614354028e-22,0.006592576289886592,True,True,True,0.07504914914461473,25.17689561401494,17,17
generic,17,C00,1.15,0.075,8,generic,1,0.5,0.0001,0.06,0.03,COMPLETED,,0,0.06,0.03,0.6198828124999999,0.006574609375,0.009109293799135863,7.675593024093708e-20,0.009109293799135863,True,True,True,0.1200575249597832,32.559973084018566,17,17
generic,17,C00,1.15,0.075,9,generic,2,0.9,0.0001,0.1,0.008,COMPLETED,,0,0.1,0.008,0.7614583333333332,3.136747685185185e-05,2.4615064207922004e-08,5.721158483366208e-19,2.461506420849412e-08,True,True,True,0.13854168366668945,23.50938528298866,17,17
generic,17,C00,1.15,0.075,10,generic,3,0.1,0.002,0.1,0.015,COMPLETED,,0,0.1,0.015,0.028417968749999998,0.025433496093749994,0.006375849867029407,2.339740019423335e-22,0.006375849867029407,True,True,True,0.07532008986354022,25.037226499058306,17,17
generic,17,C00,1.15,0.075,11,generic,4,0.5,0.002,0.1,0.03,COMPLETED,,0,0.1,0.03,0.6998046874999995,0.0007826278211805555,0.0029485987947423186,5.2822397096522e-19,0.002948598794742319,True,True,True,0.19980839607482517,34.7025066280039,17,17
generic,18,C00,1.15,0.08,0,generic,0,0.1,0.0001,0.015,0.008,COMPLETED,,0,0.015,0.008,0.07002929687500004,0.0120921875,0.008953142457417419,9.165525656602977e-23,0.008953142457417419,True,True,True,0.03228088609133955,26.4601359940134,18,18
generic,18,C00,1.15,0.08,1,generic,1,0.5,0.0001,0.015,0.015,COMPLETED,,0,0.015,0.015,0.5299707031249998,0.022585351562499995,0.015336339309080065,1.54135591625028e-20,0.015336339309080065,True,True,True,0.03746777389565726,31.654676764970645,18,18
generic,18,C00,1.15,0.08,2,generic,2,0.9,0.0001,0.015,0.03,COMPLETED,,1,0.02625,0.0525,0.8475512695312502,0.0007256223958333332,0.025286636475144796,5.172649762339441e-19,0.025286636475144796,True,True,True,0.052452461631135476,75.02519476099405,18,18
generic,18,C00,1.15,0.08,3,generic,3,0.1,0.002,0.03,0.008,COMPLETED,,0,0.03,0.008,0.040058593750000024,0.014940332031249998,0.008223398689060196,1.0069399563019863e-22,0.008223398689060196,True,True,True,0.06132229917661708,26.052073123981245,18,18
generic,18,C00,1.15,0.08,4,generic,4,0.5,0.002,0.03,0.015,COMPLETED,,0,0.03,0.015,0.5599414062499999,0.01851285807291667,0.01377353388726129,1.8754574578136637e-20,0.01377353388726129,True,True,True,0.06217432480504967,31.844672403065488,18,18
generic,18,C00,1.15,0.08,5,generic,5,0.9,0.002,0.03,0.03,COMPLETED,,0,0.03,0.03,0.8400585937499998,0.0006011182725694445,0.019105537435964142,5.212599749820914e-19,0.019105537435964142,True,True,True,0.059957727219391035,39.20329849794507,18,18
generic,18,C00,1.15,0.08,6,generic,0,0.1,0.0001,0.06,0.008,COMPLETED,,0,0.06,0.008,0.03449218750000001,0.0120921875,0.008449647630070486,5.435772364056308e-23,0.008449647630070486,True,True,True,0.06659644179361471,26.174624032108113,18,18
generic,18,C00,1.15,0.08,7,generic,1,0.5,0.0001,0.06,0.015,COMPLETED,,0,0.06,0.015,0.6198828124999999,0.0076146484375000005,0.00969937392796755,5.735300601199602e-20,0.00969937392796755,True,True,True,0.1201181030238546,32.78972994897049,18,18
generic,18,C00,1.15,0.08,8,generic,2,0.9,0.0001,0.06,0.03,COMPLETED,,0,0.06,0.03,0.7801171875000003,8.157502350983799e-06,0.0005361720923435132,2.2144747811236249e-16,0.0005361720923437346,True,True,True,0.11988284768036866,39.22387294098735,18,18
generic,18,C00,1.15,0.08,9,generic,3,0.1,0.002,0.1,0.008,COMPLETED,,0,0.1,0.008,0.03473307291666667,0.014940332031249998,0.00821362715415644,9.055318238269528e-23,0.00821362715415644,True,True,True,0.06653738771533,25.901667127967812,18,18
generic,18,C00,1.15,0.08,10,generic,4,0.5,0.002,0.1,0.015,COMPLETED,,0,0.1,0.015,0.6998046874999995,0.002933170572916668,0.0031469847846534557,2.465843081876995e-19,0.003146984784653456,True,True,True,0.19980686663448433,34.03305534797255,18,18
generic,18,C00,1.15,0.08,11,generic,5,0.9,0.002,0.1,0.03,COMPLETED,,0,0.1,0.03,0.7614583333333332,0.00011781134259259261,4.3676391995375147e-08,5.434253256630608e-19,4.367639199591857e-08,True,True,True,0.1385544515232906,22.887446579989046,18,18
generic,19,C00,1.15,0.09,0,generic,1,0.5,0.0001,0.015,0.008,COMPLETED,,0,0.015,0.008,0.5299707031249998,0.0120921875,0.017186061630077555,2.0875235592706427e-20,0.017186061630077555,True,True,True,0.032280886091339424,32.639970808057114,19,19
generic,19,C00,1.15,0.09,1,generic,2,0.9,0.0001,0.015,0.015,COMPLETED,,1,0.02625,0.02625,0.8475512695312502,0.0006768357747395833,0.028495525371484965,4.6719096454289e-19,0.028495525371484965,True,True,True,0.05245190241825925,77.37443018204067,19,19
generic,19,C00,1.15,0.09,2,generic,3,0.1,0.002,0.015,0.03,COMPLETED,,0,0.015,0.03,0.071220703125,0.04791884765624998,0.007287700171447238,1.74385456734056e-21,0.007287700171447238,True,True,True,0.05419214425262465,24.952595736947842,19,19
generic,19,C00,1.15,0.09,3,generic,4,0.5,0.002,0.03,0.008,COMPLETED,,0,0.03,0.008,0.5599414062499999,0.014940332031249998,0.015406914138993158,1.7846058259213544e-20,0.015406914138993158,True,True,True,0.06132229917661698,32.59476214402821,19,19
generic,19,C00,1.15,0.09,4,generic,5,0.9,0.002,0.03,0.015,COMPLETED,,0,0.03,0.015,0.84744140625,1e-06,0.005337965731573705,2.629428572324788e-06,0.00534059516014603,True,True,True,0.05259659473746893,41.57468562410213,19,19
generic,19,C00,1.15,0.09,5,generic,0,0.1,0.0001,0.03,0.03,COMPLETED,,0,0.03,0.03,0.06880859375,0.045070703124999986,0.007558582001583898,1.5331410915989722e-21,0.007558582001583898,True,True,True,0.05472904131637447,25.00585634401068,19,19
generic,19,C00,1.15,0.09,6,generic,1,0.5,0.0001,0.06,0.008,COMPLETED,,0,0.06,0.008,0.6198828124999999,0.008107812499999999,0.010874061869068934,4.1674877688290896e-20,0.010874061869068934,True,True,True,0.12014996377005398,33.52575459599029,19,19
generic,19,C00,1.15,0.09,7,generic,2,0.9,0.0001,0.06,0.015,COMPLETED,,0,0.06,0.015,0.7801171875000003,2.8552851924189817e-05,0.0006195423801536079,6.387555804160998e-18,0.0006195423801536143,True,True,True,0.11988283379035161,39.85395229503047,19,19
generic,19,C00,1.15,0.09,8,generic,3,0.1,0.002,0.06,0.03,COMPLETED,,0,0.06,0.03,0.0712890625,0.04791884765624998,0.0072876992083883586,1.744744837892869e-21,0.0072876992083883586,True,True,True,0.05415587227814543,24.899748435942456,19,19
generic,19,C00,1.15,0.09,9,generic,4,0.5,0.002,0.1,0.008,COMPLETED,,0,0.1,0.008,0.6998046874999995,0.005059667968750001,0.003548715704075795,1.0762061102597026e-19,0.003548715704075795,True,True,True,0.19982811292471198,34.3211948540993,19,19
generic,19,C00,1.15,0.09,10,generic,5,0.9,0.002,0.1,0.015,COMPLETED,,0,0.1,0.015,0.7614583333333332,1e-06,3.3602807550803583e-08,3.9927723597722684e-19,3.360280755120286e-08,True,True,True,0.13855608757386956,23.493587421020493,19,19
generic,19,C00,1.15,0.09,11,generic,0,0.1,0.0001,0.1,0.03,COMPLETED,,0,0.1,0.03,0.06881510416666667,0.045070703124999986,0.00755858208589958,1.5339062795772885e-21,0.00755858208589958,True,True,True,0.05472533113369653,24.987911741016433,19,19
generic,20,C00,1.15,0.105,0,generic,2,0.9,0.0001,0.015,0.008,COMPLETED,,1,0.02625,0.014,0.8475512695312502,0.0006031764322916664,0.03333541495835115,3.973601510489647e-19,0.03333541495835115,True,True,True,0.052451144070511796,81.22545765293762,20,20
generic,20,C00,1.15,0.105,1,generic,3,0.1,0.002,0.015,0.015,COMPLETED,,0,0.015,0.015,0.07858398437499999,0.025433496093749994,0.012685819297390889,8.247442598234633e-22,0.012685819297390889,True,True,True,0.03174546368264356,26.462584219058044,20,20
generic,20,C00,1.15,0.105,2,generic,4,0.5,0.002,0.015,0.03,COMPLETED,,0,0.015,0.03,0.5299707031249998,0.027358300781249997,0.019755470315364867,5.839436645766009e-21,0.019755470315364867,True,True,True,0.039259221392167455,31.97903318796307,20,20
generic,20,C00,1.15,0.105,3,generic,5,0.9,0.002,0.03,0.008,COMPLETED,,0,0.03,0.008,0.8400585937499998,0.0005121132812499998,0.025183899901538614,3.9972297345480802e-19,0.025183899901538614,True,True,True,0.059959869830707585,40.48569972999394,20,20
generic,20,C00,1.15,0.105,4,generic,0,0.1,0.0001,0.03,0.015,COMPLETED,,0,0.03,0.015,0.07533203125,0.022585351562499995,0.013052125168451214,6.207219882657989e-22,0.013052125168451214,True,True,True,0.03337813231953217,26.685371747007594,20,20
generic,20,C00,1.15,0.105,5,generic,1,0.5,0.0001,0.03,0.03,COMPLETED,,0,0.03,0.03,0.5599414062499999,0.017805078124999995,0.01781696527101423,8.939897967909811e-21,0.01781696527101423,True,True,True,0.06250153577825011,32.58450219000224,20,20
generic,20,C00,1.15,0.105,6,generic,2,0.9,0.0001,0.06,0.008,COMPLETED,,0,0.06,0.008,0.7801171875000003,5.744918258101849e-06,0.0007130083813249073,2.552355898054664e-13,0.0007130083815801429,True,True,True,0.11988284955293035,40.61952365806792,20,20
generic,20,C00,1.15,0.105,7,generic,3,0.1,0.002,0.06,0.015,COMPLETED,,0,0.06,0.015,0.07855468750000004,0.025433496093749994,0.012685819520593783,8.242341981393655e-22,0.012685819520593783,True,True,True,0.0317652352013715,26.43257845006883,20,20
generic,20,C00,1.15,0.105,8,generic,4,0.5,0.002,0.06,0.03,COMPLETED,,0,0.06,0.03,0.6198828124999999,0.006257779947916665,0.012621390806162508,3.8583168206755226e-20,0.012621390806162508,True,True,True,0.11995839871803478,33.83146713790484,20,20
generic,20,C00,1.15,0.105,9,generic,5,0.9,0.002,0.1,0.008,COMPLETED,,0,0.1,0.008,0.7614583333333332,3.823958333333333e-05,3.5350841860330844e-08,4.170723699936022e-19,3.5350841860747915e-08,True,True,True,0.1385555553080071,23.91701212595217,20,20
generic,20,C00,1.15,0.105,10,generic,0,0.1,0.0001,0.1,0.015,COMPLETED,,0,0.1,0.015,0.07532552083333334,0.022585351562499995,0.013052125254022112,6.2063347807223315e-22,0.013052125254022112,True,True,True,0.03338294410377084,26.571388170006685,20,20
generic,20,C00,1.15,0.105,11,generic,1,0.5,0.0001,0.1,0.03,COMPLETED,,0,0.1,0.03,0.6998046874999995,0.0007202226562500003,0.004114937435736638,3.7579007837824843e-19,0.004114937435736638,True,True,True,0.19980565012810766,36.02976481197402,20,20
generic,21,C00,1.15,0.115,0,generic,3,0.1,0.002,0.015,0.008,COMPLETED,,0,0.015,0.008,0.07959960937500003,0.014940332031249998,0.016555176242598,3.4435154996290685e-22,0.016555176242598,True,True,True,0.02415839669207337,27.528160555055365,21,21
generic,21,C00,1.15,0.115,1,generic,4,0.5,0.002,0.015,0.015,COMPLETED,,0,0.015,0.015,0.5299707031249998,0.025433496093749994,0.02148801463380266,3.55421054365361e-21,0.02148801463380266,True,True,True,0.03804433972331062,32.498302338062786,21,21
generic,21,C00,1.15,0.115,2,generic,5,0.9,0.002,0.015,0.03,COMPLETED,,1,0.02625,0.0525,0.8503198242187501,1e-06,0.009184489070007889,3.469207729157713e-10,0.009184489416928662,True,True,True,0.04972037677507979,82.64969656500034,21,21
generic,21,C00,1.15,0.115,3,generic,0,0.1,0.0001,0.03,0.008,COMPLETED,,0,0.03,0.008,0.07654296875000002,0.0120921875,0.01696383737443756,2.131823397956389e-22,0.01696383737443756,True,True,True,0.026344731467574916,27.91752271691803,21,21
generic,21,C00,1.15,0.115,4,generic,1,0.5,0.0001,0.03,0.015,COMPLETED,,0,0.03,0.015,0.5599414062499999,0.017614648437500005,0.01940689614064213,5.4452060550101454e-21,0.01940689614064213,True,True,True,0.062447858995459134,33.05542545602657,21,21
generic,21,C00,1.15,0.115,5,generic,2,0.9,0.0001,0.03,0.03,COMPLETED,,0,0.03,0.03,0.8502929687499999,1e-06,0.009202582307222687,3.4948869399200673e-10,0.00920258265671138,True,True,True,0.0497071298375644,42.065639236941934,21,21
generic,21,C00,1.15,0.115,6,generic,3,0.1,0.002,0.06,0.008,COMPLETED,,0,0.06,0.008,0.07957031250000003,0.014940332031249998,0.016555176760889488,3.4408789371572027e-22,0.016555176760889488,True,True,True,0.024183141326689753,27.52551020705141,21,21
generic,21,C00,1.15,0.115,7,generic,4,0.5,0.002,0.06,0.015,COMPLETED,,0,0.06,0.015,0.6198828124999999,0.008566503906250005,0.013783707912327517,1.6657482720552708e-20,0.013783707912327517,True,True,True,0.12006251582596844,34.018555850954726,21,21
generic,21,C00,1.15,0.115,8,generic,5,0.9,0.002,0.06,0.03,COMPLETED,,0,0.06,0.03,0.7801171875000003,6.0699367444701655e-06,0.0007879767173061362,3.182634090040126e-14,0.0007879767173379625,True,True,True,0.11989939320116368,40.14995694800746,21,21
generic,21,C00,1.15,0.115,9,generic,0,0.1,0.0001,0.1,0.008,COMPLETED,,0,0.1,0.008,0.07649739583333333,0.0120921875,0.016963838478828774,2.1307860774204595e-22,0.016963838478828774,True,True,True,0.026385317198210335,27.755253572948277,21,21
generic,21,C00,1.15,0.115,10,generic,1,0.5,0.0001,0.1,0.015,COMPLETED,,0,0.1,0.015,0.6998046874999995,0.0026146484375000004,0.004507396734342234,1.3762263649746268e-19,0.004507396734342234,True,True,True,0.19982051096856066,35.563159432960674,21,21
generic,21,C00,1.15,0.115,11,generic,2,0.9,0.0001,0.1,0.03,COMPLETED,,0,0.1,0.03,0.7614583333333332,3.3981770833333346e-05,3.8125175022411326e-08,3.7121097595763276e-19,3.812517502278254e-08,True,True,True,0.13854168239625356,23.556663305033,21,21
generic,22,C00,1.2,0.05,0,generic,4,0.5,0.002,0.015,0.008,COMPLETED,,0,0.015,0.008,0.5299707031249998,0.014940332031249998,0.00961095989225948,2.7506959159505074e-20,0.00961095989225948,True,True,True,0.03264498795965269,28.850996238994412,22,22
generic,22,C00,1.2,0.05,1,generic,5,0.9,0.002,0.015,0.015,COMPLETED,,0,0.015,0.015,0.8700292968749999,0.008566503906250005,0.034572439829434067,2.973751256546009e-19,0.034572439829434067,True,True,True,0.03068162347982406,33.64824353798758,22,22
generic,22,C00,1.2,0.05,2,generic,0,0.1,0.0001,0.015,0.03,COMPLETED,,0,0.015,0.03,0.07002929687500004,0.045070703124999986,0.0026803292863877004,3.8504351980910335e-22,0.0026803292863877004,True,True,True,0.05404264228702892,23.890683277044445,22,22
generic,22,C00,1.2,0.05,3,generic,1,0.5,0.0001,0.03,0.008,COMPLETED,,0,0.03,0.008,0.5599414062499999,0.0120921875,0.008612704258992927,3.8118068774077286e-20,0.008612704258992927,True,True,True,0.06112924622684858,29.177344867028296,22,22
generic,22,C00,1.2,0.05,4,generic,2,0.9,0.0001,0.03,0.015,COMPLETED,,0,0.03,0.015,0.8400585937499998,0.0007151699218749998,0.011865984141094514,6.875369908925092e-19,0.011865984141094514,True,True,True,0.059944562866538154,35.846043796045706,22,22
generic,22,C00,1.2,0.05,5,generic,3,0.1,0.002,0.03,0.03,COMPLETED,,0,0.03,0.03,0.040058593750000024,0.04791884765624998,0.002331426074190447,3.430342784689326e-22,0.002331426074190447,True,True,True,0.07550836214158953,23.655418394017033,22,22
generic,22,C00,1.2,0.05,6,generic,4,0.5,0.002,0.06,0.008,COMPLETED,,0,0.06,0.008,0.6198828124999999,0.010009667968750002,0.006053497964475218,6.071351278904723e-20,0.006053497964475218,True,True,True,0.1201500874484898,29.496549897943623,22,22
generic,22,C00,1.2,0.05,7,generic,5,0.9,0.002,0.06,0.015,COMPLETED,,0,0.06,0.015,0.7801171875000003,2.5632161458333328e-05,0.0003415837215769551,1.5136609162813066e-16,0.00034158372157710646,True,True,True,0.1198990694762556,36.00974116008729,22,22
generic,22,C00,1.2,0.05,8,generic,0,0.1,0.0001,0.06,0.03,COMPLETED,,0,0.06,0.03,0.02667968750000001,0.045070703124999986,0.00240159781549755,2.783998965775435e-22,0.00240159781549755,True,True,True,0.08601297788505255,23.562152561033145,22,22
generic,22,C00,1.2,0.05,9,generic,1,0.5,0.0001,0.1,0.008,COMPLETED,,0,0.1,0.008,0.6998046874999995,0.0041078124999999995,0.001963110771969785,2.656821952226927e-19,0.0019631107719697855,True,True,True,0.19984487911379564,30.596058529918082,22,22
generic,22,C00,1.2,0.05,10,generic,2,0.9,0.0001,0.1,0.015,COMPLETED,,0,0.1,0.015,0.7614583333333332,5.668576388888889e-05,1.8216993019931712e-08,7.200335362407174e-19,1.8216993020651747e-08,True,True,True,0.13854167343763701,21.395735286991112,22,22
generic,22,C00,1.2,0.05,11,generic,3,0.1,0.002,0.1,0.03,COMPLETED,,0,0.1,0.03,0.026790364583333334,0.04791884765624998,0.0023083454226799694,3.1548125637143066e-22,0.0023083454226799694,True,True,True,0.08641869755972459,23.42269016697537,22,22
generic,23,C00,1.2,0.065,0,generic,5,0.9,0.002,0.015,0.008,COMPLETED,,0,0.015,0.008,0.8700292968749999,0.005059667968750001,0.04498989040481106,3.7023864159138224e-19,0.04498989040481106,True,True,True,0.03012647695775079,36.59384536801372,23,23
generic,23,C00,1.2,0.065,1,generic,0,0.1,0.0001,0.015,0.015,COMPLETED,,0,0.015,0.015,0.07002929687500004,0.022585351562499995,0.005511391148094803,1.5419734820052752e-22,0.005511391148094803,True,True,True,0.03746777389565737,25.73695380904246,23,23
generic,23,C00,1.2,0.065,2,generic,1,0.5,0.0001,0.015,0.03,COMPLETED,,0,0.015,0.03,0.5299707031249998,0.03135976562499999,0.012274087138784048,1.473035960984683e-20,0.012274087138784048,True,True,True,0.04330607339319516,29.09513563197106,23,23
generic,23,C00,1.2,0.065,3,generic,2,0.9,0.0001,0.03,0.008,COMPLETED,,0,0.03,0.008,0.8400585937499998,0.0006746202256944444,0.015455393979401377,6.0058586474769045e-19,0.015455393979401377,True,True,True,0.05994416044646336,38.32607516401913,23,23
generic,23,C00,1.2,0.065,4,generic,3,0.1,0.002,0.03,0.015,COMPLETED,,0,0.03,0.015,0.06232421875,0.025433496093749994,0.005354628019636523,1.8377238093687467e-22,0.005354628019636523,True,True,True,0.044368831762552054,25.520651476923376,23,23
generic,23,C00,1.2,0.065,5,generic,4,0.5,0.002,0.03,0.03,COMPLETED,,0,0.03,0.03,0.5599414062499999,0.02038017578125,0.011058987520431418,2.0716414131994972e-20,0.011058987520431418,True,True,True,0.06269611666584442,29.717740855994634,23,23
generic,23,C00,1.2,0.065,6,generic,5,0.9,0.002,0.06,0.008,COMPLETED,,0,0.06,0.008,0.7801171875000003,1.942583550347222e-05,0.0004435838250034156,5.102817806266709e-16,0.0004435838250039259,True,True,True,0.11989917183588539,38.30094367801212,23,23
generic,23,C00,1.2,0.065,7,generic,0,0.1,0.0001,0.06,0.015,COMPLETED,,0,0.06,0.015,0.0608984375,0.022585351562499995,0.0054943457042905455,1.404243124784945e-22,0.0054943457042905455,True,True,True,0.04510568949512497,25.539017610019073,23,23
generic,23,C00,1.2,0.065,8,generic,1,0.5,0.0001,0.06,0.03,COMPLETED,,0,0.06,0.03,0.6198828124999999,0.007180078124999999,0.00781407766902945,7.365881105108055e-20,0.00781407766902945,True,True,True,0.12009169929335763,30.86461705598049,23,23
generic,23,C00,1.2,0.065,9,generic,2,0.9,0.0001,0.1,0.008,COMPLETED,,0,0.1,0.008,0.7614583333333332,3.136747685185185e-05,2.127043804411299e-08,6.307074997677231e-19,2.12704380447437e-08,True,True,True,0.13854168366668945,22.73172322800383,23,23
generic,23,C00,1.2,0.065,10,generic,3,0.1,0.002,0.1,0.015,COMPLETED,,0,0.1,0.015,0.06230468749999999,0.025433496093749994,0.005354628199849211,1.8365199681843342e-22,0.005354628199849211,True,True,True,0.04438541791679395,25.444299823022448,23,23
generic,23,C00,1.2,0.065,11,generic,4,0.5,0.002,0.1,0.03,COMPLETED,,0,0.1,0.03,0.6998046874999995,0.0008353218315972222,0.0025384907068940195,5.733889514588135e-19,0.00253849070689402,True,True,True,0.19980808197419944,33.13094501697924,23,23
generic,24,C00,1.2,0.08,0,generic,0,0.1,0.0001,0.015,0.008,COMPLETED,,0,0.015,0.008,0.08192382812499997,0.0120921875,0.008818988824305726,6.655163890176911e-23,0.008818988824305726,True,True,True,0.02169240767387748,27.231395345996134,24,24
generic,24,C00,1.2,0.08,1,generic,1,0.5,0.0001,0.015,0.015,COMPLETED,,0,0.015,0.015,0.5299707031249998,0.022585351562499995,0.014927302701302728,1.468920991371557e-20,0.014927302701302728,True,True,True,0.03746777389565726,31.676279929000884,24,24
generic,24,C00,1.2,0.08,2,generic,2,0.9,0.0001,0.015,0.03,COMPLETED,,1,0.02625,0.0525,0.8475512695312502,0.0007686692708333331,0.02523553092895221,5.141129025645271e-19,0.02523553092895221,True,True,True,0.052452992730418424,74.98160377307795,24,24
generic,24,C00,1.2,0.08,3,generic,3,0.1,0.002,0.03,0.008,COMPLETED,,0,0.03,0.008,0.08400390625,0.014940332031249998,0.008627654167179411,1.0937605754695905e-22,0.008627654167179411,True,True,True,0.020574916970374002,27.006593830068596,24,24
generic,24,C00,1.2,0.08,4,generic,4,0.5,0.002,0.03,0.015,COMPLETED,,0,0.03,0.015,0.5599414062499999,0.020185253906249992,0.01346887117184182,1.6469105222875504e-20,0.01346887117184182,True,True,True,0.06263925001835755,32.417415090953,24,24
generic,24,C00,1.2,0.08,5,generic,5,0.9,0.002,0.03,0.03,COMPLETED,,0,0.03,0.03,0.8400585937499998,0.000627400824652778,0.01906298880236469,5.1939048659422385e-19,0.01906298880236469,True,True,True,0.05995711977508367,39.32675577502232,24,24
generic,24,C00,1.2,0.08,6,generic,0,0.1,0.0001,0.06,0.008,COMPLETED,,0,0.06,0.008,0.08191406250000001,0.0120921875,0.008818988880285301,6.659512012600399e-23,0.008818988880285301,True,True,True,0.021700545990575037,27.186171015026048,24,24
generic,24,C00,1.2,0.08,7,generic,1,0.5,0.0001,0.06,0.015,COMPLETED,,0,0.06,0.015,0.6198828124999999,0.0076146484375000005,0.00955588745541997,5.1294071098371416e-20,0.00955588745541997,True,True,True,0.1201181030238546,32.904081065091304,24,24
generic,24,C00,1.2,0.08,8,generic,2,0.9,0.0001,0.06,0.03,COMPLETED,,0,0.06,0.03,0.7801171875000003,2.6767008463541675e-05,0.0005478331764279842,4.2672873488562854e-18,0.0005478331764279884,True,True,True,0.11988283486797077,39.0331888749497,24,24
generic,24,C00,1.2,0.08,9,generic,3,0.1,0.002,0.1,0.008,COMPLETED,,0,0.1,0.008,0.08404947916666665,0.014940332031249998,0.008627655303958415,1.0952472942860062e-22,0.008627655303958415,True,True,True,0.020539506029444723,26.90900688408874,24,24
generic,24,C00,1.2,0.08,10,generic,4,0.5,0.002,0.1,0.015,COMPLETED,,0,0.1,0.015,0.6998046874999995,0.002933170572916668,0.003120378235313535,2.260939947588071e-19,0.0031203782353135356,True,True,True,0.19980686663448433,34.1397555670701,24,24
generic,24,C00,1.2,0.08,11,generic,5,0.9,0.002,0.1,0.03,COMPLETED,,0,0.1,0.03,0.7614583333333332,0.00011781134259259261,4.345420510045665e-08,5.450162016880766e-19,4.345420510100167e-08,True,True,True,0.1385544515232906,22.8628256280208,24,24
generic,25,C00,1.2,0.09,0,generic,1,0.5,0.0001,0.015,0.008,COMPLETED,,0,0.015,0.008,0.5299707031249998,0.0120921875,0.0167246795468702,1.9454294043295493e-20,0.0167246795468702,True,True,True,0.032280886091339424,32.786016418016516,25,25
generic,25,C00,1.2,0.09,1,generic,2,0.9,0.0001,0.015,0.015,COMPLETED,,1,0.02625,0.02625,0.8475512695312502,0.0007129767252604166,0.02843594652327124,4.646446985612237e-19,0.02843594652327124,True,True,True,0.0524523123250947,77.45301418600138,25,25
generic,25,C00,1.2,0.09,2,generic,3,0.1,0.002,0.015,0.03,COMPLETED,,0,0.015,0.03,0.129970703125,0.04791884765624998,0.007340814506740904,2.4012528242813623e-21,0.007340814506740904,True,True,True,0.054834146440742366,25.716160790994763,25,25
generic,25,C00,1.2,0.09,3,generic,4,0.5,0.002,0.03,0.008,COMPLETED,,0,0.03,0.008,0.5599414062499999,0.014940332031249998,0.015057414914669361,1.6745176487257813e-20,0.015057414914669361,True,True,True,0.06132229917661698,32.70375610201154,25,25
generic,25,C00,1.2,0.09,4,generic,5,0.9,0.002,0.03,0.015,COMPLETED,,0,0.03,0.015,0.8472070312500001,1e-06,0.005462473271458153,2.168622414307029e-06,0.00546464189387246,True,True,True,0.05283080115272218,41.70634710707236,25,25
generic,25,C00,1.2,0.09,5,generic,0,0.1,0.0001,0.03,0.03,COMPLETED,,0,0.03,0.03,0.12970703125,0.045070703124999986,0.007654470300065572,2.212733890154739e-21,0.007654470300065572,True,True,True,0.053896863037150494,25.827429672935978,25,25
generic,25,C00,1.2,0.09,6,generic,1,0.5,0.0001,0.06,0.008,COMPLETED,,0,0.06,0.008,0.6198828124999999,0.008107812499999999,0.010706987479140447,3.744959508594316e-20,0.010706987479140447,True,True,True,0.12014996377005398,33.53669922600966,25,25
generic,25,C00,1.2,0.09,7,generic,2,0.9,0.0001,0.06,0.015,COMPLETED,,0,0.06,0.015,0.7801171875000003,2.0141981336805554e-05,0.000616687193752562,1.0064248767691225e-16,0.0006166871937526627,True,True,True,0.11988283909806793,39.89378588006366,25,25
generic,25,C00,1.2,0.09,8,generic,3,0.1,0.002,0.06,0.03,COMPLETED,,0,0.06,0.03,0.1322265625,0.04791884765624998,0.007338003371500517,2.4711296318054956e-21,0.007338003371500517,True,True,True,0.05609894741119748,25.718292094999924,25,25
generic,25,C00,1.2,0.09,9,generic,4,0.5,0.002,0.1,0.008,COMPLETED,,0,0.1,0.008,0.6998046874999995,0.005059667968750001,0.0035174706063192123,9.613746515566561e-20,0.0035174706063192123,True,True,True,0.19982811292471198,34.414507998968475,25,25
generic,25,C00,1.2,0.09,10,generic,5,0.9,0.002,0.1,0.015,COMPLETED,,0,0.1,0.015,0.7614583333333332,6.355787037037038e-05,3.4014149316210635e-08,4.929390164667589e-19,3.4014149316703575e-08,True,True,True,0.1385551991478458,23.49004535691347,25,25
generic,25,C00,1.2,0.09,11,generic,0,0.1,0.0001,0.1,0.03,COMPLETED,,0,0.1,0.03,0.12975260416666673,0.045070703124999986,0.0076544717316809644,2.214071040943525e-21,0.0076544717316809644,True,True,True,0.05392199545876652,25.771340062026866,25,25
generic,26,C00,1.2,0.1,0,generic,2,0.9,0.0001,0.015,0.008,COMPLETED,,1,0.02625,0.014,0.86546142578125,1.0183054606119791e-06,0.01900063559350486,4.627767170761504e-06,0.019005263360675623,True,True,True,0.034538716050831426,83.29264388000593,26,26
generic,26,C00,1.2,0.1,1,generic,3,0.1,0.002,0.015,0.015,COMPLETED,,0,0.015,0.015,0.12336914062499997,0.025433496093749994,0.011554837893468466,9.191254717902777e-22,0.011554837893468466,True,True,True,0.03309449308762441,27.05078864400275,26,26
generic,26,C00,1.2,0.1,2,generic,4,0.5,0.002,0.015,0.03,COMPLETED,,0,0.015,0.03,0.5299707031249998,0.029871256510416666,0.018329596104069888,6.744292447351624e-21,0.018329596104069888,True,True,True,0.04092737452214982,31.853170261951163,26,26
generic,26,C00,1.2,0.1,3,generic,5,0.9,0.002,0.03,0.008,COMPLETED,,0,0.03,0.008,0.85775390625,1e-06,0.008836807421573882,6.864894502018779e-06,0.0088436723160759,True,True,True,0.04229336163198414,42.78500780300237,26,26
generic,26,C00,1.2,0.1,4,generic,0,0.1,0.0001,0.03,0.015,COMPLETED,,0,0.03,0.015,0.11962890625000001,0.022585351562499995,0.011903996411194918,6.837629239823223e-22,0.011903996411194918,True,True,True,0.02984769665251425,27.244706287048757,26,26
generic,26,C00,1.2,0.1,5,generic,1,0.5,0.0001,0.03,0.03,COMPLETED,,0,0.03,0.03,0.5599414062499999,0.019445703125,0.016612019801947132,9.627482310033006e-21,0.016612019801947132,True,True,True,0.06298593821344697,32.41605498595163,26,26
generic,26,C00,1.2,0.1,6,generic,2,0.9,0.0001,0.06,0.008,COMPLETED,,0,0.06,0.008,0.7801171875000003,1.903068938078704e-05,0.0006850336263592211,2.6692429774267454e-19,0.0006850336263592214,True,True,True,0.11988283984348787,40.49026113294531,26,26
generic,26,C00,1.2,0.1,7,generic,3,0.1,0.002,0.06,0.015,COMPLETED,,0,0.06,0.015,0.12339843750000004,0.025433496093749994,0.01155483817054046,9.196102212945096e-22,0.01155483817054046,True,True,True,0.033115187099232946,27.002152721979655,26,26
generic,26,C00,1.2,0.1,8,generic,4,0.5,0.002,0.06,0.03,COMPLETED,,0,0.06,0.03,0.6198828124999999,0.00679775390625,0.011849256149277319,3.571828653798455e-20,0.011849256149277319,True,True,True,0.11997877802117783,33.68144013406709,26,26
generic,26,C00,1.2,0.1,9,generic,5,0.9,0.002,0.1,0.008,COMPLETED,,0,0.1,0.008,0.7614583333333332,3.823958333333333e-05,3.3486927656052714e-08,4.430801403067029e-19,3.348692765649579e-08,True,True,True,0.1385555553080071,23.97347515099682,26,26
generic,26,C00,1.2,0.1,10,generic,0,0.1,0.0001,0.1,0.015,COMPLETED,,0,0.1,0.015,0.11959635416666665,0.022585351562499995,0.011903997547456965,6.833913768068504e-22,0.011903997547456965,True,True,True,0.0298262993265114,27.164930560044013,26,26
generic,26,C00,1.2,0.1,11,generic,1,0.5,0.0001,0.1,0.03,COMPLETED,,0,0.1,0.03,0.6998046874999995,0.0007698242187500002,0.003885468879461319,3.8772777864855594e-19,0.0038854688794613193,True,True,True,0.19980581025449803,35.902016466949135,26,26
generic,27,C00,1.2,0.115,0,generic,3,0.1,0.002,0.015,0.008,COMPLETED,,0,0.015,0.008,0.12661132812499992,0.014940332031249998,0.016190548058265086,4.5745614832320125e-22,0.016190548058265086,True,True,True,0.02959079210929316,28.331352018984035,27,27
generic,27,C00,1.2,0.115,1,generic,4,0.5,0.002,0.015,0.015,COMPLETED,,0,0.015,0.015,0.5299707031249998,0.025433496093749994,0.02083167928156836,3.678009952553622e-21,0.02083167928156836,True,True,True,0.03804433972331062,32.61861413298175,27,27
generic,27,C00,1.2,0.115,2,generic,5,0.9,0.002,0.015,0.03,COMPLETED,,1,0.02625,0.0525,0.8475512695312502,0.0005732781032986111,0.0364985813219339,3.532829528762661e-19,0.0364985813219339,True,True,True,0.05246813188168698,81.0812010000227,27,27
generic,27,C00,1.2,0.115,3,generic,0,0.1,0.0001,0.03,0.008,COMPLETED,,0,0.03,0.008,0.12271484375000001,0.0120921875,0.016612483088014048,2.668155412375499e-22,0.016612483088014048,True,True,True,0.025686118578369728,28.604044223902747,27,27
generic,27,C00,1.2,0.115,4,generic,1,0.5,0.0001,0.03,0.015,COMPLETED,,0,0.03,0.015,0.5599414062499999,0.018864648437500006,0.018922205273576683,4.8739231519218525e-21,0.018922205273576683,True,True,True,0.0628099053829131,33.03193780500442,27,27
generic,27,C00,1.2,0.115,5,generic,2,0.9,0.0001,0.03,0.03,COMPLETED,,0,0.03,0.03,0.8441992187499998,1e-06,0.005418892073862296,1.614734868732635e-08,0.005418908221210984,True,True,True,0.05580086907128217,41.89146609103773,27,27
generic,27,C00,1.2,0.115,6,generic,3,0.1,0.002,0.06,0.008,COMPLETED,,0,0.06,0.008,0.1266015625,0.014940332031249998,0.016190548144511086,4.574181559931449e-22,0.016190548144511086,True,True,True,0.029582010082487634,28.28125637501944,27,27
generic,27,C00,1.2,0.115,7,generic,4,0.5,0.002,0.06,0.015,COMPLETED,,0,0.06,0.015,0.6198828124999999,0.008566503906250005,0.013553173879455266,1.5008918247326608e-20,0.013553173879455266,True,True,True,0.12006251582596844,34.137231461005285,27,27
generic,27,C00,1.2,0.115,8,generic,5,0.9,0.002,0.06,0.03,COMPLETED,,0,0.06,0.03,0.7801171875000003,6.475531684027779e-06,0.0007624706633186668,1.136784278244476e-13,0.0007624706634323452,True,True,True,0.119899386456795,40.409379420103505,27,27
generic,27,C00,1.2,0.115,9,generic,0,0.1,0.0001,0.1,0.008,COMPLETED,,0,0.1,0.008,0.12272135416666667,0.0120921875,0.01661248297856523,2.669316173865877e-22,0.01661248297856523,True,True,True,0.025691876074009405,28.626076617045328,27,27
generic,27,C00,1.2,0.115,10,generic,1,0.5,0.0001,0.1,0.015,COMPLETED,,0,0.1,0.015,0.6998046874999995,0.0026146484375000004,0.004464695769461209,1.2449197713280558e-19,0.004464695769461209,True,True,True,0.19982051096856066,35.56656350195408,27,27
generic,27,C00,1.2,0.115,11,generic,2,0.9,0.0001,0.1,0.03,COMPLETED,,0,0.1,0.03,0.7614583333333332,3.3981770833333326e-05,3.793339224304948e-08,3.7333419467777175e-19,3.7933392243422815e-08,True,True,True,0.13854168239625356,23.842583296005614,27,27
generic,28,C01,1.0,0.135,0,generic,4,0.5,0.002,0.015,0.008,COMPLETED,,0,0.015,0.008,0.5299707031249998,0.014940332031249998,0.02710430143200387,1.3934729654070045e-21,0.02710430143200387,True,True,True,0.03264498795965269,33.522123890928924,28,28
generic,28,C01,1.0,0.135,1,generic,5,0.9,0.002,0.015,0.015,COMPLETED,,1,0.02625,0.02625,0.8475512695312502,0.0003378465169270833,0.0434071786755684,2.7780272507313707e-19,0.0434071786755684,True,True,True,0.052475061524355195,84.95640313799959,28,28
generic,28,C01,1.0,0.135,2,generic,0,0.1,0.0001,0.015,0.03,COMPLETED,,0,0.015,0.03,0.07002929687500004,0.045070703124999986,0.015168164522317952,4.917922847098077e-21,0.015168164522317952,True,True,True,0.05404264228702892,25.52922027395107,28,28
generic,28,C01,1.0,0.135,3,generic,1,0.5,0.0001,0.03,0.008,COMPLETED,,0,0.03,0.008,0.5599414062499999,0.0120921875,0.024174588346353776,2.7203932813814203e-21,0.024174588346353776,True,True,True,0.06112924622684858,34.06499946000986,28,28
generic,28,C01,1.0,0.135,4,generic,2,0.9,0.0001,0.03,0.015,COMPLETED,,0,0.03,0.015,0.8400585937499998,0.0003246735026041666,0.03281015116643773,2.774891650630456e-19,0.03281015116643773,True,True,True,0.059941827311238496,41.443068639957346,28,28
generic,28,C01,1.0,0.135,5,generic,3,0.1,0.002,0.03,0.03,COMPLETED,,0,0.03,0.03,0.040058593750000024,0.042664485677083315,0.010840336519242872,5.224970381473813e-21,0.010840336519242872,True,True,True,0.07243322841492882,24.75875751208514,28,28
generic,28,C01,1.0,0.135,6,generic,4,0.5,0.002,0.06,0.008,COMPLETED,,0,0.06,0.008,0.6198828124999999,0.005059667968750001,0.01686110073131034,2.760810413350415e-20,0.01686110073131034,True,True,True,0.11992185080705318,35.002415684983134,28,28
generic,28,C01,1.0,0.135,7,generic,5,0.9,0.002,0.06,0.015,COMPLETED,,0,0.06,0.015,0.7802734375000002,3.7151853459362155e-06,0.0008389602967711071,9.986110784142701e-16,0.0008389602967721057,True,True,True,0.11974320407074289,41.02681928896345,28,28
generic,28,C01,1.0,0.135,8,generic,0,0.1,0.0001,0.06,0.03,COMPLETED,,0,0.06,0.03,0.0,0.023801171874999996,2.2032266745050043e-06,3.3689271312072205e-21,2.2032266745050077e-06,True,True,True,0.10277035345005042,23.589657173026353,28,28
generic,28,C01,1.0,0.135,9,generic,1,0.5,0.0001,0.1,0.008,COMPLETED,,0,0.1,0.008,0.6998046874999995,0.0014411458333333333,0.005426277362571018,1.977638656739203e-19,0.005426277362571018,True,True,True,0.19980918852524954,36.54495313495863,28,28
generic,28,C01,1.0,0.135,10,generic,2,0.9,0.0001,0.1,0.015,COMPLETED,,0,0.1,0.015,0.7614583333333332,5.668576388888889e-05,5.0371134077146746e-08,2.820875500746178e-19,5.0371134077428835e-08,True,True,True,0.13854167343763701,24.092746105976403,28,28
generic,28,C01,1.0,0.135,11,generic,3,0.1,0.002,0.1,0.03,COMPLETED,,0,0.1,0.03,0.0,0.02380693359375,3.3381135306394356e-08,3.3695973413186242e-21,3.3381135306397724e-08,True,True,True,0.10235009698462538,23.553755058906972,28,28
generic,29,C01,1.0,0.14,0,generic,5,0.9,0.002,0.015,0.008,COMPLETED,,1,0.02625,0.014,0.8475512695312502,0.00031265039062500016,0.045068632811435895,2.5968890794177146e-19,0.045068632811435895,True,True,True,0.052475865657346035,84.49525056802668,29,29
generic,29,C01,1.0,0.14,1,generic,0,0.1,0.0001,0.015,0.015,COMPLETED,,0,0.015,0.015,0.07002929687500004,0.022585351562499995,0.01692806571912241,8.21938286711188e-21,0.01692806571912241,True,True,True,0.03746777389565737,26.65003309608437,29,29
generic,29,C01,1.0,0.14,2,generic,1,0.5,0.0001,0.015,0.03,COMPLETED,,0,0.015,0.03,0.5299707031249998,0.019406640625000002,0.028044666847381747,9.900773050350272e-23,0.028044666847381747,True,True,True,0.03565093852943812,33.229394256020896,29,29
generic,29,C01,1.0,0.14,3,generic,2,0.9,0.0001,0.03,0.008,COMPLETED,,0,0.03,0.008,0.8400585937499998,0.00030277680121527776,0.03406551204582118,2.5933418065657234e-19,0.03406551204582118,True,True,True,0.059941749237561265,41.781994092976674,29,29
generic,29,C01,1.0,0.14,4,generic,3,0.1,0.002,0.03,0.015,COMPLETED,,0,0.03,0.015,0.040058593750000024,0.025433496093749994,0.01144947475939748,7.080104854905691e-21,0.01144947475939748,True,True,True,0.06435915569989505,25.305781846982427,29,29
generic,29,C01,1.0,0.14,5,generic,4,0.5,0.002,0.03,0.03,COMPLETED,,0,0.03,0.03,0.5599414062499999,0.012695930989583335,0.025033357858985167,1.1587438019084601e-21,0.025033357858985167,True,True,True,0.060888218260690255,33.68373928300571,29,29
generic,29,C01,1.0,0.14,6,generic,5,0.9,0.002,0.06,0.008,COMPLETED,,0,0.06,0.008,0.7801171875000003,5.6083984374999965e-06,0.0009406798851173819,2.1406552328648995e-16,0.0009406798851175959,True,True,True,0.11989940087744594,41.60188546997961,29,29
generic,29,C01,1.0,0.14,7,generic,0,0.1,0.0001,0.06,0.015,COMPLETED,,0,0.06,0.015,3.4586588541666686e-05,0.022585351562499995,0.0014116486412624623,3.404799246908355e-21,0.0014116486412624623,True,True,True,0.10246304169510582,23.716967231943272,29,29
generic,29,C01,1.0,0.14,8,generic,1,0.5,0.0001,0.06,0.03,COMPLETED,,0,0.06,0.03,0.6198828124999999,0.0045238281250000005,0.017473912017679775,2.7757358024888684e-20,0.017473912017679775,True,True,True,0.11996440717225117,35.093646302004345,29,29
generic,29,C01,1.0,0.14,9,generic,2,0.9,0.0001,0.1,0.008,COMPLETED,,0,0.1,0.008,0.7614583333333332,1.0110243055555554e-05,4.435636195742678e-08,2.634135943807239e-19,4.4356361957690195e-08,True,True,True,0.13854169582817374,24.61700289102737,29,29
generic,29,C01,1.0,0.14,10,generic,3,0.1,0.002,0.1,0.015,COMPLETED,,0,0.1,0.015,1.7801920572916667e-06,0.025433496093749994,0.0003134674555183139,3.511870923422028e-21,0.0003134674555183139,True,True,True,0.10270721836333327,23.636605800013058,29,29
generic,29,C01,1.0,0.14,11,generic,4,0.5,0.002,0.1,0.03,COMPLETED,,0,0.1,0.03,0.6998046874999995,0.0005206214916087962,0.005626982027473693,2.5158082556154027e-19,0.005626982027473693,True,True,True,0.19981016417525796,37.16823455190752,29,29
generic,30,C01,1.0,0.15,0,generic,0,0.1,0.0001,0.015,0.008,COMPLETED,,0,0.015,0.008,0.07002929687500004,0.0120921875,0.018616792595966637,1.0528522391420066e-20,0.018616792595966637,True,True,True,0.03228088609133955,27.411509865080006,30,30
generic,30,C01,1.0,0.15,1,generic,1,0.5,0.0001,0.015,0.015,COMPLETED,,0,0.015,0.015,0.5299707031249998,0.018962304687500008,0.029936763575683735,2.4708638480004476e-22,0.029936763575683735,True,True,True,0.03541228012894622,33.52492939203512,30,30
generic,30,C01,1.0,0.15,2,generic,2,0.9,0.0001,0.015,0.03,COMPLETED,,1,0.02625,0.0525,0.8475512695312502,0.0002461280381944443,0.04840672397322032,2.257452905189161e-19,0.04840672397322032,True,True,True,0.0524489340328964,83.82828438398428,30,30
generic,30,C01,1.0,0.15,3,generic,3,0.1,0.002,0.03,0.008,COMPLETED,,0,0.03,0.008,0.040058593750000024,0.014940332031249998,0.01343297692338642,8.977559777868647e-21,0.01343297692338642,True,True,True,0.06132229917661708,25.934112792019732,30,30
generic,30,C01,1.0,0.15,4,generic,4,0.5,0.002,0.03,0.015,COMPLETED,,0,0.03,0.015,0.5599414062499999,0.012406412760416671,0.026747427955982554,4.6966140345991984e-23,0.026747427955982554,True,True,True,0.06083802766171573,34.04923023201991,30,30
generic,30,C01,1.0,0.15,5,generic,5,0.9,0.002,0.03,0.03,COMPLETED,,0,0.03,0.03,0.8400585937499998,0.00026017516637731483,0.03658760235932123,2.251026248381257e-19,0.03658760235932123,True,True,True,0.059966650512424446,41.35991075099446,30,30
generic,30,C01,1.0,0.15,6,generic,0,0.1,0.0001,0.06,0.008,COMPLETED,,0,0.06,0.008,0.0016113281250000008,0.0120921875,0.00901870886600755,2.9853674234593124e-21,0.00901870886600755,True,True,True,0.09911681650639094,23.992387303966098,30,30
generic,30,C01,1.0,0.15,7,generic,1,0.5,0.0001,0.06,0.015,COMPLETED,,0,0.06,0.015,0.6198828124999999,0.005114648437500002,0.01869998515384915,1.1957003942782862e-20,0.01869998515384915,True,True,True,0.11998764699693819,35.27712885499932,30,30
generic,30,C01,1.0,0.15,8,generic,2,0.9,0.0001,0.06,0.03,COMPLETED,,0,0.06,0.03,0.7801171875000003,1.53150047019676e-05,0.0010546035506861981,6.259231726332397e-16,0.0010546035506868241,True,True,True,0.11988284241065746,40.87461122998502,30,30
generic,30,C01,1.0,0.15,9,generic,3,0.1,0.002,0.1,0.008,COMPLETED,,0,0.1,0.008,0.0008870442708333333,0.014940332031249998,0.007275879107275598,3.109457044622809e-21,0.007275879107275598,True,True,True,0.09995414041674686,23.83415391400922,30,30
generic,30,C01,1.0,0.15,10,generic,4,0.5,0.002,0.1,0.015,COMPLETED,,0,0.1,0.015,0.6664713541666663,0.001351367513020834,0.011331501873808717,1.4390768285137564e-19,0.011331501873808717,True,True,True,0.16647261781502326,37.201298363972455,30,30
generic,30,C01,1.0,0.15,11,generic,5,0.9,0.002,0.1,0.03,COMPLETED,,0,0.1,0.03,0.7614583333333332,3.604340277777777e-05,5.1123928218334976e-08,2.2754488285420886e-19,5.1123928218562524e-08,True,True,True,0.13855558642037347,23.989006399991922,30,30
generic,31,C01,1.0,0.16,0,generic,1,0.5,0.0001,0.015,0.008,COMPLETED,,0,0.015,0.008,0.5299707031249998,0.0120921875,0.031841263138039075,4.1730741886191525e-22,0.031841263138039075,True,True,True,0.032280886091339424,34.50067610305268,31,31
generic,31,C01,1.0,0.16,1,generic,2,0.9,0.0001,0.015,0.015,COMPLETED,,1,0.02625,0.02625,0.8475512695312502,1.1016464233398437e-06,0.02956325244610245,3.2511442449807304e-07,0.029563577560526945,True,True,True,0.05244882371100339,87.47160658310167,31,31
generic,31,C01,1.0,0.16,2,generic,3,0.1,0.002,0.015,0.03,COMPLETED,,0,0.015,0.03,0.07002929687500004,0.04791884765624998,0.0134419287284678,1.8237886731830978e-21,0.0134419287284678,True,True,True,0.05483414644074235,26.598350508953445,31,31
generic,31,C01,1.0,0.16,3,generic,4,0.5,0.002,0.03,0.008,COMPLETED,,0,0.03,0.008,0.5599414062499999,0.01248466796875,0.02845715379280036,5.13842287364299e-22,0.02845715379280036,True,True,True,0.060851462148763996,34.534771251957864,31,31
generic,31,C01,1.0,0.16,4,generic,5,0.9,0.002,0.03,0.015,COMPLETED,,0,0.03,0.015,0.8400585937499998,2.6714680989583338e-06,0.03561885038125619,3.23665617861512e-09,0.035618853617912366,True,True,True,0.059974673858987436,43.397071394952945,31,31
generic,31,C01,1.0,0.16,5,generic,0,0.1,0.0001,0.03,0.03,COMPLETED,,0,0.03,0.03,0.040058593750000024,0.045070703124999986,0.008844147202586082,2.662795095424774e-21,0.008844147202586082,True,True,True,0.07493554779131477,25.39479810197372,31,31
generic,31,C01,1.0,0.16,6,generic,1,0.5,0.0001,0.06,0.008,COMPLETED,,0,0.06,0.008,0.6198828124999999,0.005441145833333332,0.019926564100665494,4.13102255783824e-21,0.019926564100665494,True,True,True,0.12000173570296,35.67771951796021,31,31
generic,31,C01,1.0,0.16,7,generic,2,0.9,0.0001,0.06,0.015,COMPLETED,,0,0.06,0.015,0.7801171875000003,6.2205403645833316e-06,0.0011044657119205661,7.173546090235144e-15,0.0011044657119277396,True,True,True,0.11988284917992711,41.40224249102175,31,31
generic,31,C01,1.0,0.16,8,generic,3,0.1,0.002,0.06,0.03,COMPLETED,,0,0.06,0.03,0.0,0.03944541015624999,2.3073833532539517e-06,2.330405478818953e-21,2.3073833532539542e-06,True,True,True,0.10678089127634116,24.14330207009334,31,31
generic,31,C01,1.0,0.16,9,generic,4,0.5,0.002,0.1,0.008,COMPLETED,,0,0.1,0.008,0.6998046874999995,0.001759667968750001,0.006439515789431659,9.711149215630577e-20,0.006439515789431659,True,True,True,0.1998048320398125,36.92697127198335,31,31
generic,31,C01,1.0,0.16,10,generic,5,0.9,0.002,0.1,0.015,COMPLETED,,0,0.1,0.015,0.7614583333333332,1.9767361111111115e-05,5.206690971456487e-08,1.948102665825572e-19,5.206690971475968e-08,True,True,True,0.13855581808095224,24.581816588062793,31,31
generic,31,C01,1.0,0.16,11,generic,0,0.1,0.0001,0.1,0.03,COMPLETED,,0,0.1,0.03,0.0,0.039445703124999995,2.387092938564887e-06,2.3301911029097307e-21,2.3870929385648896e-06,True,True,True,0.10746201354153306,23.967029673978686,31,31
generic,32,C01,1.0,0.165,0,generic,2,0.9,0.0001,0.015,0.008,COMPLETED,,2,0.0459375,0.0245,0.8082147216796877,0.00011074392361111117,0.009813049513858318,1.781081681366699e-19,0.009813049513858318,True,True,True,0.09178527894912722,127.75633124192245,32,32
generic,32,C01,1.0,0.165,1,generic,3,0.1,0.002,0.015,0.015,COMPLETED,,0,0.015,0.015,0.07002929687500004,0.025433496093749994,0.016061080197979485,5.611353474466327e-21,0.016061080197979485,True,True,True,0.038044339723310734,27.460951733984984,32,32
generic,32,C01,1.0,0.165,2,generic,4,0.5,0.002,0.015,0.03,COMPLETED,,0,0.015,0.03,0.5299707031249998,0.018220279947916664,0.03276021888033475,3.091949181654887e-21,0.03276021888033475,True,True,True,0.03407844666934897,33.82506936206482,32,32
generic,32,C01,1.0,0.165,3,generic,5,0.9,0.002,0.03,0.008,COMPLETED,,0,0.03,0.008,0.8400585937499998,0.000195111328125,0.04040056302592955,1.787474625541175e-19,0.04040056302592955,True,True,True,0.05996857348933213,42.291046053986065,32,32
generic,32,C01,1.0,0.165,4,generic,0,0.1,0.0001,0.03,0.015,COMPLETED,,0,0.03,0.015,0.040058593750000024,0.022585351562499995,0.012129573409205915,6.831003810269931e-21,0.012129573409205915,True,True,True,0.06402002200965537,26.139914649887942,32,32
generic,32,C01,1.0,0.165,5,generic,1,0.5,0.0001,0.03,0.03,COMPLETED,,0,0.03,0.03,0.5599414062499999,0.011906640625000001,0.029310555440905488,1.2119478472407128e-21,0.029310555440905488,True,True,True,0.06109311701063734,34.48898779100273,32,32
generic,32,C01,1.0,0.165,6,generic,2,0.9,0.0001,0.06,0.008,COMPLETED,,0,0.06,0.008,0.7801171875000003,1.5234754774305554e-05,0.0011626803559443828,9.815200368063552e-17,0.001162680355944481,True,True,True,0.1198828424673727,41.90239724202547,32,32
generic,32,C01,1.0,0.165,7,generic,3,0.1,0.002,0.06,0.015,COMPLETED,,0,0.06,0.015,0.0009033203125000004,0.025433496093749994,0.0059426949490187205,3.53860724669904e-21,0.0059426949490187205,True,True,True,0.10182966495212863,24.239683193038218,32,32
generic,32,C01,1.0,0.165,8,generic,4,0.5,0.002,0.06,0.03,COMPLETED,,0,0.06,0.03,0.6198828124999999,0.0042017252604166664,0.020538524868189016,7.256668295935658e-21,0.020538524868189016,True,True,True,0.11990302884845104,35.74154239601921,32,32
generic,32,C01,1.0,0.165,9,generic,5,0.9,0.002,0.1,0.008,COMPLETED,,0,0.1,0.008,0.7614583333333332,1.2171874999999996e-05,5.3353670163564587e-08,1.7930139106160495e-19,5.3353670163743886e-08,True,True,True,0.13855592684339546,24.820547516923398,32,32
generic,32,C01,1.0,0.165,10,generic,0,0.1,0.0001,0.1,0.015,COMPLETED,,0,0.1,0.015,0.0012939453125000002,0.022585351562499995,0.007188006619600877,3.736305603568732e-21,0.007188006619600877,True,True,True,0.1012347581953005,24.1164706669515,32,32
generic,32,C01,1.0,0.165,11,generic,1,0.5,0.0001,0.1,0.03,COMPLETED,,0,0.1,0.03,0.6998046874999995,0.00047634830729166675,0.006640129934202011,1.6977710973138172e-19,0.006640129934202011,True,True,True,0.19980504194094012,37.73384701902978,32,32
generic,33,C01,1.0,0.175,0,generic,3,0.1,0.002,0.015,0.008,COMPLETED,,0,0.015,0.008,0.07002929687500004,0.014940332031249998,0.01814822970070518,7.466532924999931e-21,0.01814822970070518,True,True,True,0.03264498795965282,28.690376405022107,33,33
generic,33,C01,1.0,0.175,1,generic,4,0.5,0.002,0.015,0.015,COMPLETED,,0,0.015,0.015,0.5299707031249998,0.01766565755208334,0.03463479795511474,6.7422502694837365e-21,0.03463479795511474,True,True,True,0.03381798149425865,34.19494738592766,33,33
generic,33,C01,1.0,0.175,2,generic,5,0.9,0.002,0.015,0.03,COMPLETED,,2,0.0459375,0.091875,0.8082147216796877,0.00011630963285469714,0.01043240786354659,1.4990909111295048e-19,0.01043240786354659,True,True,True,0.09180460558020212,126.49425917700864,33,33
generic,33,C01,1.0,0.175,3,generic,0,0.1,0.0001,0.03,0.008,COMPLETED,,0,0.03,0.008,0.040058593750000024,0.0120921875,0.01614946192555822,8.766409203765807e-21,0.01614946192555822,True,True,True,0.06112924622684868,26.817949882009998,33,33
generic,33,C01,1.0,0.175,4,generic,1,0.5,0.0001,0.03,0.015,COMPLETED,,0,0.03,0.015,0.5599414062499999,0.011530664062500003,0.031015653156582144,3.883441200685492e-21,0.031015653156582144,True,True,True,0.06102157212115445,34.81220826704521,33,33
generic,33,C01,1.0,0.175,5,generic,2,0.9,0.0001,0.03,0.03,COMPLETED,,0,0.03,0.03,0.8400585937499998,8.689002821180559e-05,0.04296350948666762,1.5156359508007075e-19,0.04296350948666762,True,True,True,0.059941407683661595,42.42555333802011,33,33
generic,33,C01,1.0,0.175,6,generic,3,0.1,0.002,0.06,0.008,COMPLETED,,0,0.06,0.008,0.015195312500000007,0.014940332031249998,0.013943044741959915,6.3040140828720774e-21,0.013943044741959915,True,True,True,0.08578628803632694,25.11075362295378,33,33
generic,33,C01,1.0,0.175,7,generic,4,0.5,0.002,0.06,0.015,COMPLETED,,0,0.06,0.015,0.6198828124999999,0.0040554361979166665,0.02176574811615056,2.8983199276981513e-21,0.02176574811615056,True,True,True,0.11990043182104823,36.08446637704037,33,33
generic,33,C01,1.0,0.175,8,generic,5,0.9,0.002,0.06,0.03,COMPLETED,,0,0.06,0.03,0.7801171875000003,1.0125886140046302e-05,0.0012333812473657654,6.136806494502113e-17,0.0012333812473658268,True,True,True,0.11989932581920179,41.47684148000553,33,33
generic,33,C01,1.0,0.175,9,generic,0,0.1,0.0001,0.1,0.008,COMPLETED,,0,0.1,0.008,0.021321614583333332,0.0120921875,0.015416767427903398,7.61399358329674e-21,0.015416767427903398,True,True,True,0.07958706485861068,25.546443697996438,33,33
generic,33,C01,1.0,0.175,10,generic,1,0.5,0.0001,0.1,0.015,COMPLETED,,0,0.1,0.015,0.6998046874999995,0.00045857291666666643,0.007047637886831663,1.4210404530756951e-19,0.007047637886831663,True,True,True,0.19980500925029135,37.96321012498811,33,33
generic,33,C01,1.0,0.175,11,generic,2,0.9,0.0001,0.1,0.03,COMPLETED,,0,0.1,0.03,0.7614583333333332,1e-06,2.8480553012369234e-08,1.5315070113960937e-19,2.8480553012522385e-08,True,True,True,0.13854170203869234,24.205580517067574,33,33
generic,34,C01,1.0,0.195,0,generic,4,0.5,0.002,0.015,0.008,COMPLETED,,0,0.015,0.008,0.5299707031249998,0.014940332031249998,0.038373337800552916,1.7370863596037787e-20,0.038373337800552916,True,True,True,0.03264498795965269,34.970450627966784,34,34
generic,34,C01,1.0,0.195,1,generic,5,0.9,0.002,0.015,0.015,COMPLETED,,2,0.0459375,0.0459375,0.8082147216796877,0.00010458304624204287,0.011683127733040082,1.0152593308110989e-19,0.011683127733040082,True,True,True,0.09180484694048455,130.26219796400983,34,34
generic,34,C01,1.0,0.195,2,generic,0,0.1,0.0001,0.015,0.03,COMPLETED,,0,0.015,0.03,0.07002929687500004,0.045070703124999986,0.01039793556903975,9.320935909210857e-25,0.01039793556903975,True,True,True,0.05404264228702892,27.64534565503709,34,34
generic,34,C01,1.0,0.195,3,generic,1,0.5,0.0001,0.03,0.008,COMPLETED,,0,0.03,0.008,0.5599414062499999,0.010774479166666667,0.03442238434776069,1.4155485693588834e-20,0.03442238434776069,True,True,True,0.06088445358798193,35.411165236029774,34,34
generic,34,C01,1.0,0.195,4,generic,2,0.9,0.0001,0.03,0.015,COMPLETED,,0,0.03,0.015,0.8400585937499998,8.278846571180555e-05,0.04814316720771264,1.0311179233494376e-19,0.04814316720771264,True,True,True,0.05994140872105424,43.5483280250337,34,34
generic,34,C01,1.0,0.195,5,generic,3,0.1,0.002,0.03,0.03,COMPLETED,,0,0.03,0.03,0.040058593750000024,0.04791884765624998,0.0075801212783100855,1.9817960876188564e-24,0.0075801212783100855,True,True,True,0.07550836214158953,26.455622121924534,34,34
generic,34,C01,1.0,0.195,6,generic,4,0.5,0.002,0.06,0.008,COMPLETED,,0,0.06,0.008,0.6198828124999999,0.005059667968750001,0.02422811012784676,2.4562288689323512e-21,0.02422811012784676,True,True,True,0.11992185080705318,41.59960161696654,34,34
generic,34,C01,1.0,0.195,7,generic,5,0.9,0.002,0.06,0.015,COMPLETED,,0,0.06,0.015,0.7801171875000003,9.145556037808646e-06,0.001379099864059677,4.766691878320749e-15,0.0013790998640644436,True,True,True,0.1198993420929704,51.42971471697092,34,34
generic,34,C01,1.0,0.195,8,generic,0,0.1,0.0001,0.06,0.03,COMPLETED,,0,0.06,0.03,0.024179687500000012,0.045070703124999986,0.007994492605625975,7.371212716909275e-23,0.007994492605625975,True,True,True,0.08815375163403165,30.416007980005816,34,34
generic,34,C01,1.0,0.195,9,generic,1,0.5,0.0001,0.1,0.008,COMPLETED,,0,0.1,0.008,0.6998046874999995,0.0014411458333333333,0.007869511830773853,4.20608836965016e-20,0.007869511830773853,True,True,True,0.19980918852524954,45.46558292291593,34,34
generic,34,C01,1.0,0.195,10,generic,2,0.9,0.0001,0.1,0.015,COMPLETED,,0,0.1,0.015,0.7614583333333332,1.770572916666667e-05,6.364358117515246e-08,1.0174226132798693e-19,6.36435811752542e-08,True,True,True,0.13854169110821776,30.350710336933844,34,34
generic,34,C01,1.0,0.195,11,generic,3,0.1,0.002,0.1,0.03,COMPLETED,,0,0.1,0.03,0.023860677083333334,0.04791884765624998,0.007316137314344182,5.772114965024774e-24,0.007316137314344182,True,True,True,0.08891421182401797,30.226487076026388,34,34
generic,35,C01,1.0,0.205,0,generic,5,0.9,0.002,0.015,0.008,COMPLETED,,2,0.0459375,0.0245,0.8082147216796877,8.571750217013888e-06,0.012279528387574077,4.8563329346576765e-14,0.01227952838762264,True,True,True,0.09180687938717466,161.25230199389625,35,35
generic,35,C01,1.0,0.205,1,generic,0,0.1,0.0001,0.015,0.015,COMPLETED,,0,0.015,0.015,0.07002929687500004,0.022585351562499995,0.016054302281579037,2.0457566933531197e-21,0.016054302281579037,True,True,True,0.03746777389565737,34.46401439490728,35,35
generic,35,C01,1.0,0.205,2,generic,1,0.5,0.0001,0.015,0.03,COMPLETED,,0,0.015,0.03,0.5299707031249998,0.015715234374999998,0.040237613707067695,2.6451376443132688e-20,0.040237613707067695,True,True,True,0.03379465328114872,41.841327001922764,35,35
generic,35,C01,1.0,0.205,3,generic,2,0.9,0.0001,0.03,0.008,COMPLETED,,1,0.0525,0.014,0.7951025390625002,0.00010351057942708333,0.005538608134028261,8.080207748614531e-20,0.005538608134028261,True,True,True,0.10489746099624374,105.52279741095845,35,35
generic,35,C01,1.0,0.205,4,generic,3,0.1,0.002,0.03,0.015,COMPLETED,,0,0.03,0.015,0.06072265625,0.025433496093749994,0.015020614127968915,1.880588744107244e-21,0.015020614127968915,True,True,True,0.04573662068005747,33.96448638103902,35,35
generic,35,C01,1.0,0.205,5,generic,4,0.5,0.002,0.03,0.03,COMPLETED,,0,0.03,0.03,0.5599414062499999,0.010245279947916665,0.036126436525778474,2.142184488068787e-20,0.036126436525778474,True,True,True,0.06050584124402405,42.57961589307524,35,35
generic,35,C01,1.0,0.205,6,generic,5,0.9,0.002,0.06,0.008,COMPLETED,,0,0.06,0.008,0.7801171875000003,4.491210937500001e-06,0.0014088098708984137,8.780499108317867e-14,0.0014088098709862187,True,True,True,0.11989941946580612,52.20048819493968,35,35
generic,35,C01,1.0,0.205,7,generic,0,0.1,0.0001,0.06,0.015,COMPLETED,,0,0.06,0.015,0.06214843750000001,0.022585351562499995,0.01595328866371728,2.5202027147108325e-21,0.01595328866371728,True,True,True,0.04402648996434564,34.1709686210379,35,35
generic,35,C01,1.0,0.205,8,generic,1,0.5,0.0001,0.06,0.03,COMPLETED,,0,0.06,0.03,0.6198828124999999,0.0035667968749999997,0.025460866567049163,1.3276928395702897e-21,0.025460866567049163,True,True,True,0.11993292881224338,44.338621956063434,35,35
generic,35,C01,1.0,0.205,9,generic,2,0.9,0.0001,0.1,0.008,COMPLETED,,0,0.1,0.008,0.7614583333333332,1.0110243055555556e-05,6.673958026784755e-08,8.118628903458958e-20,6.673958026792874e-08,True,True,True,0.13854169582817374,31.175976720056497,35,35
generic,35,C01,1.0,0.205,10,generic,3,0.1,0.002,0.1,0.015,COMPLETED,,0,0.1,0.015,0.060742187499999996,0.025433496093749994,0.015020615676606505,1.8805502277763314e-21,0.015020615676606505,True,True,True,0.04571984887836959,33.5642909379676,35,35
generic,35,C01,1.0,0.205,11,generic,4,0.5,0.002,0.1,0.03,COMPLETED,,0,0.1,0.03,0.6998046874999995,0.00015540999348958337,0.008280124880725069,8.204239405185902e-20,0.008280124880725069,True,True,True,0.1998132019143494,47.85832128999755,35,35
generic,36,C01,1.0,0.215,0,generic,0,0.1,0.0001,0.015,0.008,COMPLETED,,0,0.015,0.008,0.08213867187500001,0.0120921875,0.019866630970309523,2.8912474772939265e-21,0.019866630970309523,True,True,True,0.02151370733797576,35.57658190501388,36,36
generic,36,C01,1.0,0.215,1,generic,1,0.5,0.0001,0.015,0.015,COMPLETED,,0,0.015,0.015,0.5299707031249998,0.0149876953125,0.04210330036843501,3.617057956801725e-20,0.04210330036843501,True,True,True,0.03346470554964901,42.13065173092764,36,36
generic,36,C01,1.0,0.215,2,generic,2,0.9,0.0001,0.015,0.03,COMPLETED,,2,0.0459375,0.091875,0.8082147216796877,1.548501775294174e-05,0.012951014121781016,1.1628553203215675e-15,0.012951014121782178,True,True,True,0.09178531723058664,158.7562725979369,36,36
generic,36,C01,1.0,0.215,3,generic,3,0.1,0.002,0.03,0.008,COMPLETED,,0,0.03,0.008,0.08083984375,0.014940332031249998,0.018873672380624408,2.1937233773244203e-21,0.018873672380624408,True,True,True,0.0231206353849415,35.215007745078765,36,36
generic,36,C01,1.0,0.215,4,generic,4,0.5,0.002,0.03,0.015,COMPLETED,,0,0.03,0.015,0.5599414062499999,0.009743782552083333,0.03783261607826522,3.0335811771064105e-20,0.03783261607826522,True,True,True,0.060439542945338987,42.90444439998828,36,36
generic,36,C01,1.0,0.215,5,generic,5,0.9,0.002,0.03,0.03,COMPLETED,,1,0.0525,0.0525,0.7951025390625002,7.84185745804398e-05,0.005823812126788039,8.224858852291669e-20,0.005823812126788039,True,True,True,0.10491505986420073,104.525873105973,36,36
generic,36,C01,1.0,0.215,6,generic,0,0.1,0.0001,0.06,0.008,COMPLETED,,0,0.06,0.008,0.08214843750000002,0.0120921875,0.019866630872213322,2.885996523285936e-21,0.019866630872213322,True,True,True,0.021505600310769334,35.423550716019236,36,36
generic,36,C01,1.0,0.215,7,generic,1,0.5,0.0001,0.06,0.015,COMPLETED,,0,0.06,0.015,0.6198828124999999,0.003366601562499999,0.026699381375568723,4.064955008164125e-21,0.026699381375568723,True,True,True,0.119927308894506,44.66846751898993,36,36
generic,36,C01,1.0,0.215,8,generic,2,0.9,0.0001,0.06,0.03,COMPLETED,,0,0.06,0.03,0.7801171875000003,1.53150047019676e-05,0.001532508035831169,1.1784021343697183e-18,0.00153250803583117,True,True,True,0.11988284241065746,51.84147407102864,36,36
generic,36,C01,1.0,0.215,9,generic,3,0.1,0.002,0.1,0.008,COMPLETED,,0,0.1,0.008,0.08079427083333333,0.014940332031249998,0.018873677085485662,2.199134683088615e-21,0.018873677085485662,True,True,True,0.023158415876357898,35.00095027894713,36,36
generic,36,C01,1.0,0.215,10,generic,4,0.5,0.002,0.1,0.015,COMPLETED,,0,0.1,0.015,0.6664713541666663,0.0011015613064236107,0.016274881684470912,2.4108365099576936e-20,0.016274881684470912,True,True,True,0.16647377856638487,46.795163467060775,36,36
generic,36,C01,1.0,0.215,11,generic,5,0.9,0.002,0.1,0.03,COMPLETED,,0,0.1,0.03,0.7614583333333332,1e-06,1.2046204048363487e-08,6.470673605663266e-20,1.2046204048428194e-08,True,True,True,0.13855608757386956,30.640872600022703,36,36
generic,37,C01,1.05,0.12,0,generic,1,0.5,0.0001,0.015,0.008,COMPLETED,,0,0.015,0.008,0.5299707031249998,0.0120921875,0.023673934685936704,7.715390040630377e-21,0.023673934685936704,True,True,True,0.032280886091339424,40.136087244027294,37,37
generic,37,C01,1.05,0.12,1,generic,2,0.9,0.0001,0.015,0.015,COMPLETED,,1,0.02625,0.02625,0.8475512695312502,0.0004527618815104166,0.0383746810752441,3.3567821209124057e-19,0.0383746810752441,True,True,True,0.05244991676569771,99.5766786079621,37,37
generic,37,C01,1.05,0.12,2,generic,3,0.1,0.002,0.015,0.03,COMPLETED,,0,0.015,0.03,0.07002929687500004,0.04791884765624998,0.010613505950135023,6.160487179072842e-21,0.010613505950135023,True,True,True,0.05483414644074235,29.91859461599961,37,37
generic,37,C01,1.05,0.12,3,generic,4,0.5,0.002,0.03,0.008,COMPLETED,,0,0.03,0.008,0.5599414062499999,0.014650292968749997,0.021147260897286826,5.7279860418105e-21,0.021147260897286826,True,True,True,0.06126175067219946,37.49477086798288,37,37
generic,37,C01,1.05,0.12,4,generic,5,0.9,0.002,0.03,0.015,COMPLETED,,0,0.03,0.015,0.8400585937499998,0.00040684418402777784,0.02900156700352274,3.361548920335616e-19,0.02900156700352274,True,True,True,0.05996257440005,40.95400162797887,37,37
generic,37,C01,1.05,0.12,5,generic,0,0.1,0.0001,0.03,0.03,COMPLETED,,0,0.03,0.03,0.040058593750000024,0.045070703124999986,0.007982581683307238,4.456117577850697e-21,0.007982581683307238,True,True,True,0.07493554779131477,24.489614165970124,37,37
generic,37,C01,1.05,0.12,6,generic,1,0.5,0.0001,0.06,0.008,COMPLETED,,0,0.06,0.008,0.6198828124999999,0.006774479166666665,0.014811673889112316,2.580932998028759e-20,0.014811673889112316,True,True,True,0.12006846965401198,34.46269360801671,37,37
generic,37,C01,1.05,0.12,7,generic,2,0.9,0.0001,0.06,0.015,COMPLETED,,0,0.06,0.015,0.7801171875000003,5.9595133463541676e-06,0.0008090132332972943,1.254271307558237e-13,0.0008090132334227214,True,True,True,0.11988284938440207,41.47250886796974,37,37
generic,37,C01,1.05,0.12,8,generic,3,0.1,0.002,0.06,0.03,COMPLETED,,0,0.06,0.03,0.0025227864583333343,0.04791884765624998,0.005029020512269897,2.828598258545715e-21,0.005029020512269897,True,True,True,0.1077513235646114,23.85562831000425,37,37
generic,37,C01,1.05,0.12,9,generic,4,0.5,0.002,0.1,0.008,COMPLETED,,0,0.1,0.008,0.6998046874999995,0.001759667968750001,0.0047832279045938115,2.1488115364514307e-19,0.0047832279045938115,True,True,True,0.1998048320398125,35.89547139708884,37,37
generic,37,C01,1.05,0.12,10,generic,5,0.9,0.002,0.1,0.015,COMPLETED,,0,0.1,0.015,0.7614583333333332,1.9767361111111115e-05,3.8622003240167614e-08,3.454232619028968e-19,3.862200324051304e-08,True,True,True,0.13855581808095224,24.246438896050677,37,37
generic,37,C01,1.05,0.12,11,generic,0,0.1,0.0001,0.1,0.03,COMPLETED,,0,0.1,0.03,0.0029785156249999994,0.045070703124999986,0.005631216200354056,2.6489260965485578e-21,0.005631216200354056,True,True,True,0.10693704956601922,23.927030556020327,37,37
generic,38,C01,1.05,0.13,0,generic,2,0.9,0.0001,0.015,0.008,COMPLETED,,1,0.02625,0.014,0.8475512695312502,0.00040127940538194437,0.0416646479806498,2.963888548598134e-19,0.0416646479806498,True,True,True,0.0524495957759798,84.14337750501,38,38
generic,38,C01,1.05,0.13,1,generic,3,0.1,0.002,0.015,0.015,COMPLETED,,0,0.015,0.015,0.07002929687500004,0.025433496093749994,0.016002617320366314,6.925215058013196e-21,0.016002617320366314,True,True,True,0.038044339723310734,25.906727841007523,38,38
generic,38,C01,1.05,0.13,2,generic,4,0.5,0.002,0.015,0.03,COMPLETED,,0,0.015,0.03,0.5299707031249998,0.021875488281249994,0.02548070337785808,9.343207227502283e-22,0.02548070337785808,True,True,True,0.035962175688144624,35.94620970299002,38,38
generic,38,C01,1.05,0.13,3,generic,5,0.9,0.002,0.03,0.008,COMPLETED,,0,0.03,0.008,0.8400585937499998,0.00036827539062499995,0.03148688162832892,2.9650394821832537e-19,0.03148688162832892,True,True,True,0.05996361153590071,50.03294770501088,38,38
generic,38,C01,1.05,0.13,4,generic,0,0.1,0.0001,0.03,0.015,COMPLETED,,0,0.03,0.015,0.040058593750000024,0.022585351562499995,0.015285623783004573,2.8778907999910864e-21,0.015285623783004573,True,True,True,0.06402002200965537,30.466473206994124,38,38
generic,38,C01,1.05,0.13,5,generic,1,0.5,0.0001,0.03,0.03,COMPLETED,,0,0.03,0.03,0.5599414062499999,0.014289453125000002,0.022823562963326317,2.6399283843651324e-21,0.022823562963326317,True,True,True,0.06159799317521714,40.05990182503592,38,38
generic,38,C01,1.05,0.13,6,generic,2,0.9,0.0001,0.06,0.008,COMPLETED,,0,0.06,0.008,0.7801171875000003,1e-06,0.0007690639548631211,2.475275243576161e-11,0.0007690639796158736,True,True,True,0.11988285337741215,50.715970388031565,38,38
generic,38,C01,1.05,0.13,7,generic,3,0.1,0.002,0.06,0.015,COMPLETED,,0,0.06,0.015,0.010449218750000005,0.025433496093749994,0.013216229460843285,1.4567048551608283e-21,0.013216229460843285,True,True,True,0.0925660367611207,29.850240271072835,38,38
generic,38,C01,1.05,0.13,8,generic,4,0.5,0.002,0.06,0.03,COMPLETED,,0,0.06,0.03,0.6198828124999999,0.005053222656249999,0.01601314039125202,2.8966781043127285e-20,0.01601314039125202,True,True,True,0.1199216865354168,41.8869947019266,38,38
generic,38,C01,1.05,0.13,9,generic,5,0.9,0.002,0.1,0.008,COMPLETED,,0,0.1,0.008,0.7614583333333332,3.823958333333333e-05,4.432219838737106e-08,3.037695203865094e-19,4.4322198387674825e-08,True,True,True,0.1385555553080071,29.23067895998247,38,38
generic,38,C01,1.05,0.13,10,generic,0,0.1,0.0001,0.1,0.015,COMPLETED,,0,0.1,0.015,0.010579427083333332,0.022585351562499995,0.014089109345582712,1.187031884597447e-21,0.014089109345582712,True,True,True,0.09220428349938045,30.078849210985936,38,38
generic,38,C01,1.05,0.13,11,generic,1,0.5,0.0001,0.1,0.03,COMPLETED,,0,0.1,0.03,0.6998046874999995,0.0005865740017361112,0.0051796979960597655,2.849107985425755e-19,0.0051796979960597655,True,True,True,0.19980527996334732,44.395385276991874,38,38
generic,39,C01,1.05,0.145,0,generic,3,0.1,0.002,0.015,0.008,COMPLETED,,0,0.015,0.008,0.091259765625,0.014940332031249998,0.020907166776407266,9.926772666485874e-21,0.020907166776407266,True,True,True,0.015615501593254262,32.58965760504361,39,39
generic,39,C01,1.05,0.145,1,generic,4,0.5,0.002,0.015,0.015,COMPLETED,,0,0.015,0.015,0.5299707031249998,0.02113147786458333,0.028224823714393367,4.005825894837073e-23,0.028224823714393367,True,True,True,0.03555638467406264,40.01933016208932,39,39
generic,39,C01,1.05,0.145,2,generic,5,0.9,0.002,0.015,0.03,COMPLETED,,1,0.02625,0.0525,0.8475512695312502,0.0003044808123553241,0.04663507547922881,2.4276301885440226e-19,0.04663507547922881,True,True,True,0.05247612898356016,101.94591854407918,39,39
generic,39,C01,1.05,0.145,3,generic,0,0.1,0.0001,0.03,0.008,COMPLETED,,0,0.03,0.008,0.09548828125000001,0.0120921875,0.021731948196799005,1.0293085477694576e-20,0.021731948196799005,True,True,True,0.012812812615279197,33.05689086497296,39,39
generic,39,C01,1.05,0.145,4,generic,1,0.5,0.0001,0.03,0.015,COMPLETED,,0,0.03,0.015,0.5599414062499999,0.013864648437499998,0.025322645198384217,1.6267069172126276e-22,0.025322645198384217,True,True,True,0.061501526239886896,40.836400763946585,39,39
generic,39,C01,1.05,0.145,5,generic,2,0.9,0.0001,0.03,0.03,COMPLETED,,0,0.03,0.03,0.8400585937499998,0.0003102041015625001,0.035241350318914434,2.421909567894536e-19,0.035241350318914434,True,True,True,0.05994177482350584,49.697476269095205,39,39
generic,39,C01,1.05,0.145,6,generic,3,0.1,0.002,0.06,0.008,COMPLETED,,0,0.06,0.008,0.09128906250000003,0.014940332031249998,0.020907167314155418,9.930843718082482e-21,0.020907167314155418,True,True,True,0.01559912257814203,32.608622317085974,39,39
generic,39,C01,1.05,0.145,7,generic,4,0.5,0.002,0.06,0.015,COMPLETED,,0,0.06,0.015,0.6198828124999999,0.0048696289062499995,0.01781427935523991,1.49725971971952e-20,0.01781427935523991,True,True,True,0.11991715266370243,42.27396830404177,39,39
generic,39,C01,1.05,0.145,8,generic,5,0.9,0.002,0.06,0.03,COMPLETED,,0,0.06,0.03,0.7801171875000003,1.0125886140046302e-05,0.0010125757760751806,5.140686106621765e-18,0.0010125757760751858,True,True,True,0.11989932581920179,48.92539019603282,39,39
generic,39,C01,1.05,0.145,9,generic,0,0.1,0.0001,0.1,0.008,COMPLETED,,0,0.1,0.008,0.0955078125,0.0120921875,0.021731948748970355,1.0295788955292727e-20,0.021731948748970355,True,True,True,0.012805948210511887,32.97068591299467,39,39
generic,39,C01,1.05,0.145,10,generic,1,0.5,0.0001,0.1,0.015,COMPLETED,,0,0.1,0.015,0.6998046874999995,0.0005593229166666664,0.005778075000566911,2.2974737005888286e-19,0.005778075000566911,True,True,True,0.19980521545874178,44.699531521997415,39,39
generic,39,C01,1.05,0.145,11,generic,2,0.9,0.0001,0.1,0.03,COMPLETED,,0,0.1,0.03,0.7614583333333332,1e-06,5.444575110538066e-08,2.564475151989603e-19,5.4445751105637105e-08,True,True,True,0.13854170203869234,27.534126200014725,39,39
generic,40,C01,1.05,0.16,0,generic,4,0.5,0.002,0.015,0.008,COMPLETED,,0,0.015,0.008,0.5299707031249998,0.014940332031249998,0.030958642841594716,8.9792301111605e-22,0.030958642841594716,True,True,True,0.03264498795965269,40.831840779981576,40,40
generic,40,C01,1.05,0.16,1,generic,5,0.9,0.002,0.015,0.015,COMPLETED,,1,0.02625,0.02625,0.8475512695312502,1.0725962320963542e-06,0.027407290410247632,3.7199543571934226e-07,0.02740766240568335,True,True,True,0.0524868082335848,105.21451193792745,40,40
generic,40,C01,1.05,0.16,2,generic,0,0.1,0.0001,0.015,0.03,COMPLETED,,0,0.015,0.03,0.08590820312499999,0.045070703124999986,0.0134633448753854,5.278586701883998e-21,0.0134633448753854,True,True,True,0.04712688063858188,31.44751838198863,40,40
generic,40,C01,1.05,0.16,3,generic,1,0.5,0.0001,0.03,0.008,COMPLETED,,0,0.03,0.008,0.5599414062499999,0.0120921875,0.027807473384404133,4.518504459327156e-22,0.027807473384404133,True,True,True,0.06112924622684858,38.21321389300283,40,40
generic,40,C01,1.05,0.16,4,generic,2,0.9,0.0001,0.03,0.015,COMPLETED,,0,0.03,0.015,0.8400585937499998,1.0978851318359375e-06,0.02225584256454992,4.964077856036334e-07,0.02225633897233552,True,True,True,0.05994148784319497,43.63065482501406,40,40
generic,40,C01,1.05,0.16,5,generic,3,0.1,0.002,0.03,0.03,COMPLETED,,0,0.03,0.03,0.08486328124999999,0.04791884765624998,0.012735400001187013,4.833208042418723e-21,0.012735400001187013,True,True,True,0.04834936219428852,26.1803914969787,40,40
generic,40,C01,1.05,0.16,6,generic,4,0.5,0.002,0.06,0.008,COMPLETED,,0,0.06,0.008,0.6198828124999999,0.005059667968750001,0.019613279312796834,4.0643887519734436e-21,0.019613279312796834,True,True,True,0.11992185080705318,35.52223182003945,40,40
generic,40,C01,1.05,0.16,7,generic,5,0.9,0.002,0.06,0.015,COMPLETED,,0,0.06,0.015,0.7801171875000003,1.2403778452932106e-05,0.001120577096871496,3.975340341693239e-15,0.0011205770968754714,True,True,True,0.11989928803646004,41.29258921800647,40,40
generic,40,C01,1.05,0.16,8,generic,0,0.1,0.0001,0.06,0.03,COMPLETED,,0,0.06,0.03,0.08589843750000002,0.045070703124999986,0.013463344838737323,5.279296551467028e-21,0.013463344838737323,True,True,True,0.0471298016598658,26.27191905095242,40,40
generic,40,C01,1.05,0.16,9,generic,1,0.5,0.0001,0.1,0.008,COMPLETED,,0,0.1,0.008,0.6998046874999995,0.0041078124999999995,0.006399073263771135,1.711335516276664e-20,0.006399073263771135,True,True,True,0.19984487911379564,36.09840795304626,40,40
generic,40,C01,1.05,0.16,10,generic,2,0.9,0.0001,0.1,0.015,COMPLETED,,0,0.1,0.015,0.7614583333333332,1e-06,5.644958235683908e-08,1.607106460126482e-19,5.644958235699979e-08,True,True,True,0.13854170203869234,24.30155332107097,40,40
generic,40,C01,1.05,0.16,11,generic,3,0.1,0.002,0.1,0.03,COMPLETED,,0,0.1,0.03,0.08483072916666667,0.04791884765624998,0.0127354015708383,4.83555472454033e-21,0.0127354015708383,True,True,True,0.04835956314621661,26.162712706020102,40,40
generic,41,C01,1.05,0.17,0,generic,5,0.9,0.002,0.015,0.008,COMPLETED,,1,0.02625,0.014,0.8476196289062502,1.103607177734375e-06,0.03350766607280053,4.832271737162419e-09,0.033507670905072263,True,True,True,0.05241849733355755,88.98512570094317,41,41
generic,41,C01,1.05,0.17,1,generic,0,0.1,0.0001,0.015,0.015,COMPLETED,,0,0.015,0.015,0.11276367187500003,0.022585351562499995,0.020046832495775314,6.774377387155331e-21,0.020046832495775314,True,True,True,0.02585541248214554,28.565129849943332,41,41
generic,41,C01,1.05,0.17,2,generic,1,0.5,0.0001,0.015,0.03,COMPLETED,,0,0.015,0.03,0.5299707031249998,0.019621484374999998,0.0327464410756896,4.8328375657275e-21,0.0327464410756896,True,True,True,0.03576774242261096,33.82667681504972,41,41
generic,41,C01,1.05,0.17,3,generic,2,0.9,0.0001,0.03,0.008,COMPLETED,,0,0.03,0.008,0.8400585937499998,1.1067606608072916e-06,0.023914068986789248,6.654132456255042e-09,0.023914075640921705,True,True,True,0.0599414878285512,44.35768131993245,41,41
generic,41,C01,1.05,0.17,4,generic,3,0.1,0.002,0.03,0.015,COMPLETED,,0,0.03,0.015,0.11087890625000002,0.025433496093749994,0.019218263140374305,6.573395424969434e-21,0.019218263140374305,True,True,True,0.025835621540270432,28.30126132699661,41,41
generic,41,C01,1.05,0.17,5,generic,4,0.5,0.002,0.03,0.03,COMPLETED,,0,0.03,0.03,0.5599414062499999,0.012779003906250001,0.029456468379337967,2.8536420243470204e-21,0.029456468379337967,True,True,True,0.06090286617589092,34.37542947102338,41,41
generic,41,C01,1.05,0.17,6,generic,5,0.9,0.002,0.06,0.008,COMPLETED,,0,0.06,0.008,0.7801171875000003,1.1667588975694444e-05,0.0011912022420694712,9.615971787242756e-18,0.0011912022420694807,True,True,True,0.11989930024269045,42.15770756197162,41,41
generic,41,C01,1.05,0.17,7,generic,0,0.1,0.0001,0.06,0.015,COMPLETED,,0,0.06,0.015,0.11277343750000003,0.022585351562499995,0.02004683263272122,6.772184476112257e-21,0.02004683263272122,True,True,True,0.025860234733188867,28.61031847097911,41,41
generic,41,C01,1.05,0.17,8,generic,1,0.5,0.0001,0.06,0.03,COMPLETED,,0,0.06,0.03,0.6198828124999999,0.004465234375,0.020812204345166018,2.102751058154424e-21,0.020812204345166018,True,True,True,0.119962260749199,35.88427302904893,41,41
generic,41,C01,1.05,0.17,9,generic,2,0.9,0.0001,0.1,0.008,COMPLETED,,0,0.1,0.008,0.7614583333333332,1.0110243055555554e-05,5.434510010745183e-08,1.6669806022413006e-19,5.434510010761853e-08,True,True,True,0.13854169582817374,25.021114170900546,41,41
generic,41,C01,1.05,0.17,10,generic,3,0.1,0.002,0.1,0.015,COMPLETED,,0,0.1,0.015,0.11087239583333332,0.025433496093749994,0.019218263170729902,6.572819354560231e-21,0.019218263170729902,True,True,True,0.025832880798170376,28.42479622294195,41,41
generic,41,C01,1.05,0.17,11,generic,4,0.5,0.002,0.1,0.03,COMPLETED,,0,0.1,0.03,0.6998046874999995,0.0005059842664930556,0.00678007593006775,1.5315834808191213e-19,0.00678007593006775,True,True,True,0.19981027308420457,37.75052475603297,41,41
generic,42,C01,1.05,0.18,0,generic,0,0.1,0.0001,0.015,0.008,COMPLETED,,0,0.015,0.008,0.12834960937499998,0.0120921875,0.02329095202127185,7.35048588256291e-21,0.02329095202127185,True,True,True,0.03078169769116451,30.19620077800937,42,42
generic,42,C01,1.05,0.18,1,generic,1,0.5,0.0001,0.015,0.015,COMPLETED,,0,0.015,0.015,0.5299707031249998,0.018933007812500006,0.03454130585257275,9.06106641209494e-21,0.03454130585257275,True,True,True,0.03539668387112783,34.239832894993015,42,42
generic,42,C01,1.05,0.18,2,generic,2,0.9,0.0001,0.015,0.03,COMPLETED,,1,0.02625,0.0525,0.8480639648437501,1e-06,0.030014585941144357,2.914788478877579e-06,0.030017500729623236,True,True,True,0.05193612951261602,87.82452346000355,42,42
generic,42,C01,1.05,0.18,3,generic,3,0.1,0.002,0.03,0.008,COMPLETED,,0,0.03,0.008,0.12654296874999998,0.014940332031249998,0.02242995021030674,6.613638622101842e-21,0.02242995021030674,True,True,True,0.029529330895610727,30.00653047603555,42,42
generic,42,C01,1.05,0.18,4,generic,4,0.5,0.002,0.03,0.015,COMPLETED,,0,0.03,0.015,0.5599414062499999,0.012329394531250006,0.031102561592993096,6.423043348485831e-21,0.031102561592993096,True,True,True,0.06082490094204628,34.73591997497715,42,42
generic,42,C01,1.05,0.18,5,generic,5,0.9,0.002,0.03,0.03,COMPLETED,,0,0.03,0.03,0.8400585937499998,1.0410664876302083e-06,0.02355928178536855,9.43872409661229e-07,0.02356022565777821,True,True,True,0.05997472817817046,43.99738534796052,42,42
generic,42,C01,1.05,0.18,6,generic,0,0.1,0.0001,0.06,0.008,COMPLETED,,0,0.06,0.008,0.12832031250000003,0.0120921875,0.02329095388574069,7.35505546979693e-21,0.02329095388574069,True,True,True,0.030754717705301964,30.20523516391404,42,42
generic,42,C01,1.05,0.18,7,generic,1,0.5,0.0001,0.06,0.015,COMPLETED,,0,0.06,0.015,0.6198828124999999,0.004294335937499999,0.02201197755772474,2.5459793490563825e-22,0.02201197755772474,True,True,True,0.11995616360515507,36.06900634802878,42,42
generic,42,C01,1.05,0.18,8,generic,2,0.9,0.0001,0.06,0.03,COMPLETED,,0,0.06,0.03,0.7801171875000003,5.771668233989199e-06,0.0012331869863893587,7.676845125032287e-15,0.0012331869863970355,True,True,True,0.1198828495319018,41.871423311997205,42,42
generic,42,C01,1.05,0.18,9,generic,3,0.1,0.002,0.1,0.008,COMPLETED,,0,0.1,0.008,0.12649739583333336,0.014940332031249998,0.022429955096139646,6.618262180043553e-21,0.022429955096139646,True,True,True,0.029488373624656658,29.909892839030363,42,42
generic,42,C01,1.05,0.18,10,generic,4,0.5,0.002,0.1,0.015,COMPLETED,,0,0.1,0.015,0.6998046874999995,0.00047704578993055553,0.0071830106331468215,1.2788423513136274e-19,0.0071830106331468215,True,True,True,0.1998104915576217,38.183752750977874,42,42
generic,42,C01,1.05,0.18,11,generic,5,0.9,0.002,0.1,0.03,COMPLETED,,0,0.1,0.03,0.7614583333333332,3.604340277777777e-05,6.129819450881018e-08,1.3929690544398303e-19,6.129819450894947e-08,True,True,True,0.13855558642037347,24.441159744979814,42,42
generic,43,C01,1.05,0.19,0,generic,1,0.5,0.0001,0.015,0.008,COMPLETED,,0,0.015,0.008,0.5299707031249998,0.0120921875,0.03635298037353755,1.0807394566399791e-20,0.03635298037353755,True,True,True,0.032280886091339424,35.040576889994554,43,43
generic,43,C01,1.05,0.19,1,generic,2,0.9,0.0001,0.015,0.015,COMPLETED,,1,0.02625,0.02625,0.8475512695312502,1.1694107055664062e-06,0.041442843773714204,7.01799417156422e-06,0.041449861767885766,True,True,True,0.05244882358326974,90.246759740985,43,43
generic,43,C01,1.05,0.19,2,generic,3,0.1,0.002,0.015,0.03,COMPLETED,,0,0.015,0.03,0.122158203125,0.04791884765624998,0.01238824957928142,4.375785440405516e-22,0.01238824957928142,True,True,True,0.050985552226161614,28.535730296978727,43,43
generic,43,C01,1.05,0.19,3,generic,4,0.5,0.002,0.03,0.008,COMPLETED,,0,0.03,0.008,0.5599414062499999,0.01207216796875,0.0327463159656749,1.1752379753788435e-20,0.0327463159656749,True,True,True,0.060781746855599984,35.09892391401809,43,43
generic,43,C01,1.05,0.19,4,generic,5,0.9,0.002,0.03,0.015,COMPLETED,,0,0.03,0.015,0.8400585937499998,1.4899576822916669e-05,0.0467061202867537,9.741857191050528e-13,0.04670612028772789,True,True,True,0.05997426787312758,44.635224212077446,43,43
generic,43,C01,1.05,0.19,5,generic,0,0.1,0.0001,0.03,0.03,COMPLETED,,0,0.03,0.03,0.12275390625000002,0.045070703124999986,0.01320820735775281,6.223827228953735e-22,0.01320820735775281,True,True,True,0.05039944830244348,28.672570594935678,43,43
generic,43,C01,1.05,0.19,6,generic,1,0.5,0.0001,0.06,0.008,COMPLETED,,0,0.06,0.008,0.6198828124999999,0.005441145833333332,0.023214991628874013,2.3419104566080805e-21,0.023214991628874013,True,True,True,0.12000173570296,36.49739056103863,43,43
generic,43,C01,1.05,0.19,7,generic,2,0.9,0.0001,0.06,0.015,COMPLETED,,0,0.06,0.015,0.7801171875000003,6.2205403645833316e-06,0.0013213278323774811,1.852058736883398e-15,0.0013213278323793332,True,True,True,0.11988284917992711,42.617395782028325,43,43
generic,43,C01,1.05,0.19,8,generic,3,0.1,0.002,0.06,0.03,COMPLETED,,0,0.06,0.03,0.1221484375,0.04791884765624998,0.01238824979403384,4.38359220513881e-22,0.01238824979403384,True,True,True,0.05098130886677293,28.50452200206928,43,43
generic,43,C01,1.05,0.19,9,generic,4,0.5,0.002,0.1,0.008,COMPLETED,,0,0.1,0.008,0.6998046874999995,0.001759667968750001,0.007590705468921401,3.0823812361201975e-20,0.007590705468921401,True,True,True,0.1998048320398125,37.5536154609872,43,43
generic,43,C01,1.05,0.19,10,generic,5,0.9,0.002,0.1,0.015,COMPLETED,,0,0.1,0.015,0.7614583333333332,1.9767361111111115e-05,6.182007321858512e-08,1.1474278119681584e-19,6.182007321869986e-08,True,True,True,0.13855581808095224,25.089961900026537,43,43
generic,43,C01,1.05,0.19,11,generic,0,0.1,0.0001,0.1,0.03,COMPLETED,,0,0.1,0.03,0.12272135416666667,0.045070703124999986,0.013208207181918143,6.231141490074529e-22,0.013208207181918143,True,True,True,0.050384760342031834,28.549720418988727,43,43
generic,44,C01,1.05,0.205,0,generic,2,0.9,0.0001,0.015,0.008,COMPLETED,,2,0.0459375,0.0245,0.8082147216796877,9.948813657407412e-05,0.01226723326426515,8.227661019938937e-20,0.01226723326426515,True,True,True,0.09178527832173963,133.07573524909094,44,44
generic,44,C01,1.05,0.205,1,generic,3,0.1,0.002,0.015,0.015,COMPLETED,,0,0.015,0.015,0.129970703125,0.025433496093749994,0.018635128855235567,1.6711171640029216e-21,0.018635128855235567,True,True,True,0.038044339723310755,29.681438544066623,44,44
generic,44,C01,1.05,0.205,2,generic,4,0.5,0.002,0.015,0.03,COMPLETED,,0,0.015,0.03,0.5299707031249998,0.016974186197916668,0.03900766335109488,2.6119031154987714e-20,0.03900766335109488,True,True,True,0.03350327294603846,34.64597701700404,44,44
generic,44,C01,1.05,0.205,3,generic,5,0.9,0.002,0.03,0.008,COMPLETED,,1,0.0525,0.014,0.7951025390625002,8.020193142361113e-05,0.005514068052806594,4.923165222164837e-20,0.005514068052806594,True,True,True,0.10491502721611627,87.29704965604469,44,44
generic,44,C01,1.05,0.205,4,generic,0,0.1,0.0001,0.03,0.015,COMPLETED,,0,0.03,0.015,0.14072265625,0.022585351562499995,0.019337827416610314,1.2853172827801705e-21,0.019337827416610314,True,True,True,0.046518015509530115,30.001240123063326,44,44
generic,44,C01,1.05,0.205,5,generic,1,0.5,0.0001,0.03,0.03,COMPLETED,,0,0.03,0.03,0.5599414062499999,0.011027734375000004,0.03521019993056282,2.189632759295236e-20,0.03521019993056282,True,True,True,0.0609293653487223,35.41446654300671,44,44
generic,44,C01,1.05,0.205,6,generic,2,0.9,0.0001,0.06,0.008,COMPLETED,,0,0.06,0.008,0.7801171875000003,8.117377387152777e-06,0.0014415361820750239,2.0663580617571564e-17,0.0014415361820750445,True,True,True,0.1198828477111152,43.5420531029813,44,44
generic,44,C01,1.05,0.205,7,generic,3,0.1,0.002,0.06,0.015,COMPLETED,,0,0.06,0.015,0.13972656249999998,0.025433496093749994,0.01840201080256062,9.159508343947087e-22,0.01840201080256062,True,True,True,0.04612297157862014,29.93331074703019,44,44
generic,44,C01,1.05,0.205,8,generic,4,0.5,0.002,0.06,0.03,COMPLETED,,0,0.06,0.03,0.6198828124999999,0.0038071289062499994,0.025019149604133917,3.1527945951987398e-21,0.025019149604133917,True,True,True,0.11989643217291301,36.84142196702305,44,44
generic,44,C01,1.05,0.205,9,generic,5,0.9,0.002,0.1,0.008,COMPLETED,,0,0.1,0.008,0.7614583333333332,1.2171874999999996e-05,6.633613972270822e-08,8.273940142663636e-20,6.633613972279097e-08,True,True,True,0.13855592684339546,25.67141659394838,44,44
generic,44,C01,1.05,0.205,10,generic,0,0.1,0.0001,0.1,0.015,COMPLETED,,0,0.1,0.015,0.1406901041666667,0.022585351562499995,0.01933783071131745,1.2874834758932457e-21,0.01933783071131745,True,True,True,0.0464895215288715,30.002489183098078,44,44
generic,44,C01,1.05,0.205,11,generic,1,0.5,0.0001,0.1,0.03,COMPLETED,,0,0.1,0.03,0.6998046874999995,0.00040745724826388895,0.008197191490042664,7.568291062515723e-20,0.008197191490042664,True,True,True,0.19980492405576983,39.00139523705002,44,44
generic,45,C01,1.1,0.12,0,generic,3,0.1,0.002,0.015,0.008,COMPLETED,,0,0.015,0.008,0.07002929687500004,0.014940332031249998,0.018022981971785947,8.300070767217465e-22,0.018022981971785947,True,True,True,0.03264498795965282,26.514604583964683,45,45
generic,45,C01,1.1,0.12,1,generic,4,0.5,0.002,0.015,0.015,COMPLETED,,0,0.015,0.015,0.5299707031249998,0.024443261718749998,0.023007410677728577,2.451477177891527e-21,0.023007410677728577,True,True,True,0.037442529860883915,32.532827088958584,45,45
generic,45,C01,1.1,0.12,2,generic,5,0.9,0.002,0.015,0.03,COMPLETED,,1,0.02625,0.0525,0.8475512695312502,0.0004840919053819443,0.0382941837316561,3.3519261437220886e-19,0.0382941837316561,True,True,True,0.05247063278763559,81.34234852192458,45,45
generic,45,C01,1.1,0.12,3,generic,0,0.1,0.0001,0.03,0.008,COMPLETED,,0,0.03,0.008,0.040058593750000024,0.0120921875,0.01751441157897975,2.375470093618737e-22,0.01751441157897975,True,True,True,0.06112924622684868,26.82697393896524,45,45
generic,45,C01,1.1,0.12,4,generic,1,0.5,0.0001,0.03,0.015,COMPLETED,,0,0.03,0.015,0.5599414062499999,0.016364648437500004,0.020684026270093983,4.518887613801987e-21,0.020684026270093983,True,True,True,0.062108863876446783,33.02721732901409,45,45
generic,45,C01,1.1,0.12,5,generic,2,0.9,0.0001,0.03,0.03,COMPLETED,,0,0.03,0.03,0.8400585937499998,0.00043388574218750016,0.028934550941507455,3.3589437490451945e-19,0.028934550941507455,True,True,True,0.059942336148305075,40.554280882002786,45,45
generic,45,C01,1.1,0.12,6,generic,3,0.1,0.002,0.06,0.008,COMPLETED,,0,0.06,0.008,0.03582031250000001,0.014940332031249998,0.016959205846235767,3.3067840296413654e-22,0.016959205846235767,True,True,True,0.06547124926772553,26.57314413797576,45,45
generic,45,C01,1.1,0.12,7,generic,4,0.5,0.002,0.06,0.015,COMPLETED,,0,0.06,0.015,0.6198828124999999,0.008566503906250005,0.014594744540363946,1.4903773482691935e-20,0.014594744540363946,True,True,True,0.12006251582596844,33.97289982205257,45,45
generic,45,C01,1.1,0.12,8,generic,5,0.9,0.002,0.06,0.03,COMPLETED,,0,0.06,0.03,0.7801171875000003,1.0125886140046302e-05,0.0008245395045602067,2.146035645675469e-15,0.0008245395045623527,True,True,True,0.11989932581920179,40.3429421359906,45,45
generic,45,C01,1.1,0.12,9,generic,0,0.1,0.0001,0.1,0.008,COMPLETED,,0,0.1,0.008,0.034472656250000004,0.0120921875,0.017488585221344142,2.0366860075916569e-22,0.017488585221344142,True,True,True,0.06661565386578308,26.881646994967014,45,45
generic,45,C01,1.1,0.12,10,generic,1,0.5,0.0001,0.1,0.015,COMPLETED,,0,0.1,0.015,0.6998046874999995,0.0026146484375000004,0.004745070803818415,1.356331561473205e-19,0.004745070803818415,True,True,True,0.19982051096856066,35.52770159894135,45,45
generic,45,C01,1.1,0.12,11,generic,2,0.9,0.0001,0.1,0.03,COMPLETED,,0,0.1,0.03,0.7614583333333332,1e-06,3.8019177944865694e-08,2.9990876705343886e-19,3.80191779451656e-08,True,True,True,0.13854170203869234,24.132335636997595,45,45
generic,46,C01,1.1,0.135,0,generic,4,0.5,0.002,0.015,0.008,COMPLETED,,0,0.015,0.008,0.5299707031249998,0.014940332031249998,0.025696236428433265,1.3347573500895035e-21,0.025696236428433265,True,True,True,0.03264498795965269,33.537384655093774,46,46
generic,46,C01,1.1,0.135,1,generic,5,0.9,0.002,0.015,0.015,COMPLETED,,1,0.02625,0.02625,0.8475512695312502,0.0003997953016493056,0.043221974502300795,2.7781396035831536e-19,0.043221974502300795,True,True,True,0.052473135820724444,84.38865418999922,46,46
generic,46,C01,1.1,0.135,2,generic,0,0.1,0.0001,0.015,0.03,COMPLETED,,0,0.015,0.03,0.115458984375,0.045070703124999986,0.013108825682499681,6.937046078325338e-21,0.013108825682499681,True,True,True,0.047553594369546634,26.109851535991766,46,46
generic,46,C01,1.1,0.135,3,generic,1,0.5,0.0001,0.03,0.008,COMPLETED,,0,0.03,0.008,0.5599414062499999,0.0120921875,0.023121535474960583,2.1958870997251404e-21,0.023121535474960583,True,True,True,0.06112924622684858,34.03348668606486,46,46
generic,46,C01,1.1,0.135,4,generic,2,0.9,0.0001,0.03,0.015,COMPLETED,,0,0.03,0.015,0.8400585937499998,0.00037061425781250004,0.032655960894362845,2.778673310655022e-19,0.032655960894362845,True,True,True,0.059942017110738745,41.16125516197644,46,46
generic,46,C01,1.1,0.135,5,generic,3,0.1,0.002,0.03,0.03,COMPLETED,,0,0.03,0.03,0.11466796875000002,0.04791884765624998,0.012455926431029465,6.722136777646625e-21,0.012455926431029465,True,True,True,0.048204666551371046,26.09320566803217,46,46
generic,46,C01,1.1,0.135,6,generic,4,0.5,0.002,0.06,0.008,COMPLETED,,0,0.06,0.008,0.6198828124999999,0.0067096679687499985,0.016356090086993357,1.0601373496435418e-20,0.016356090086993357,True,True,True,0.1199752878941576,34.8772091800347,46,46
generic,46,C01,1.1,0.135,7,generic,5,0.9,0.002,0.06,0.015,COMPLETED,,0,0.06,0.015,0.7801171875000003,3.7151853459362155e-06,0.0008229781598790534,1.7302139539353197e-12,0.0008229781616092673,True,True,True,0.11989943238385793,40.96666732802987,46,46
generic,46,C01,1.1,0.135,8,generic,0,0.1,0.0001,0.06,0.03,COMPLETED,,0,0.06,0.03,0.11542968750000002,0.045070703124999986,0.013108826829497598,6.937933811900976e-21,0.013108826829497598,True,True,True,0.0475440784525743,26.189386541955173,46,46
generic,46,C01,1.1,0.135,9,generic,1,0.5,0.0001,0.1,0.008,COMPLETED,,0,0.1,0.008,0.6998046874999995,0.0041078124999999995,0.0053469977193893025,4.5132196592420266e-20,0.0053469977193893025,True,True,True,0.19984487911379564,35.707280756905675,46,46
generic,46,C01,1.1,0.135,10,generic,2,0.9,0.0001,0.1,0.015,COMPLETED,,0,0.1,0.015,0.7614583333333332,5.668576388888889e-05,4.9834647066861385e-08,2.859480870830955e-19,4.983464706714733e-08,True,True,True,0.13854167343763701,23.99499768204987,46,46
generic,46,C01,1.1,0.135,11,generic,3,0.1,0.002,0.1,0.03,COMPLETED,,0,0.1,0.03,0.11464843749999999,0.04791884765624998,0.012455926451385893,6.7222824195135296e-21,0.012455926451385893,True,True,True,0.04819872707104722,26.20211589394603,46,46
generic,47,C01,1.1,0.15,0,generic,5,0.9,0.002,0.015,0.008,COMPLETED,,1,0.02625,0.014,0.8475512695312502,0.0003038092447916668,0.04819230772549223,2.2655794317242686e-19,0.04819230772549223,True,True,True,0.05247615068639872,84.86166644992772,47,47
generic,47,C01,1.1,0.15,1,generic,0,0.1,0.0001,0.015,0.015,COMPLETED,,0,0.015,0.015,0.129970703125,0.022585351562499995,0.01993398434909812,8.813707340956927e-21,0.01993398434909812,True,True,True,0.03746777389565739,27.484884646022692,47,47
generic,47,C01,1.1,0.15,2,generic,1,0.5,0.0001,0.015,0.03,COMPLETED,,0,0.015,0.03,0.5299707031249998,0.022687890624999995,0.028289461375573265,3.8483440856034736e-22,0.028289461375573265,True,True,True,0.03752939979128146,33.22347105003428,47,47
generic,47,C01,1.1,0.15,3,generic,2,0.9,0.0001,0.03,0.008,COMPLETED,,0,0.03,0.008,0.8400585937499998,0.0003050543619791666,0.03640908613366322,2.2601291601362174e-19,0.03640908613366322,True,True,True,0.05994175698558503,41.99383949604817,47,47
generic,47,C01,1.1,0.15,4,generic,3,0.1,0.002,0.03,0.015,COMPLETED,,0,0.03,0.015,0.14826171875000005,0.025433496093749994,0.018677581363588807,8.432685535805697e-21,0.018677581363588807,True,True,True,0.053649997538489244,28.03545387496706,47,47
generic,47,C01,1.1,0.15,5,generic,4,0.5,0.002,0.03,0.03,COMPLETED,,0,0.03,0.03,0.5599414062499999,0.014772753906250003,0.025526902077514298,1.7130587873417404e-23,0.025526902077514298,True,True,True,0.06128715546978135,33.78477023902815,47,47
generic,47,C01,1.1,0.15,6,generic,5,0.9,0.002,0.06,0.008,COMPLETED,,0,0.06,0.008,0.7801171875000003,3.009342447916666e-05,0.0010449618178146485,3.085213664727381e-18,0.0010449618178146516,True,True,True,0.11989899609599065,41.36221969197504,47,47
generic,47,C01,1.1,0.15,7,generic,0,0.1,0.0001,0.06,0.015,COMPLETED,,0,0.06,0.015,0.1505078125,0.022585351562499995,0.01943628788085462,8.838406102582854e-21,0.01943628788085462,True,True,True,0.05528679913346745,28.39602583507076,47,47
generic,47,C01,1.1,0.15,8,generic,1,0.5,0.0001,0.06,0.03,COMPLETED,,0,0.06,0.03,0.6198828124999999,0.005168359374999999,0.018114787963182354,7.372432851226824e-21,0.018114787963182354,True,True,True,0.11998990374054093,35.277711868984625,47,47
generic,47,C01,1.1,0.15,9,generic,2,0.9,0.0001,0.1,0.008,COMPLETED,,0,0.1,0.008,0.7614583333333332,3.136747685185185e-05,4.977521910607159e-08,2.315209293256045e-19,4.9775219106303106e-08,True,True,True,0.13854168366668945,24.462091780966148,47,47
generic,47,C01,1.1,0.15,10,generic,3,0.1,0.002,0.1,0.015,COMPLETED,,0,0.1,0.015,0.14824218750000004,0.025433496093749994,0.01867758113909798,8.432685535805697e-21,0.01867758113909798,True,True,True,0.0536324285666886,28.13037974794861,47,47
generic,47,C01,1.1,0.15,11,generic,4,0.5,0.002,0.1,0.03,COMPLETED,,0,0.1,0.03,0.6887369791666665,1e-06,0.00035394352884056017,2.4081779724636923e-19,0.0003539435288405604,True,True,True,0.18874756503319115,38.663913689088076,47,47
generic,48,C01,1.1,0.165,0,generic,0,0.1,0.0001,0.015,0.008,COMPLETED,,0,0.015,0.008,0.129970703125,0.0120921875,0.0248486669953391,1.0506479335553592e-20,0.0248486669953391,True,True,True,0.032280886091339576,28.262310518999584,48,48
generic,48,C01,1.1,0.165,1,generic,1,0.5,0.0001,0.015,0.015,COMPLETED,,0,0.015,0.015,0.5299707031249998,0.0215990234375,0.030886593137464086,3.1731747914415756e-21,0.030886593137464086,True,True,True,0.0368842927893846,33.741477965028025,48,48
generic,48,C01,1.1,0.165,2,generic,2,0.9,0.0001,0.015,0.03,COMPLETED,,2,0.0459375,0.091875,0.8082147216796877,0.00011398313847294559,0.009741426909454187,1.8066013685061802e-19,0.009741426909454187,True,True,True,0.09178527938545136,126.93718461506069,48,48
generic,48,C01,1.1,0.165,3,generic,3,0.1,0.002,0.03,0.008,COMPLETED,,0,0.03,0.008,0.15994140624999997,0.014940332031249998,0.021839719368054476,8.871670397170343e-21,0.021839719368054476,True,True,True,0.061322299176617065,29.599006815929897,48,48
generic,48,C01,1.1,0.165,4,generic,4,0.5,0.002,0.03,0.015,COMPLETED,,0,0.03,0.015,0.5599414062499999,0.014199837239583332,0.027920255638225918,1.8723936710736103e-21,0.027920255638225918,True,True,True,0.061170321332324626,34.40618586493656,48,48
generic,48,C01,1.1,0.165,5,generic,5,0.9,0.002,0.03,0.03,COMPLETED,,0,0.03,0.03,0.8400585937499998,0.0002309723307291667,0.040196518174439845,1.8015311623162073e-19,0.040196518174439845,True,True,True,0.05996750488491422,42.44465105398558,48,48
generic,48,C01,1.1,0.165,6,generic,0,0.1,0.0001,0.06,0.008,COMPLETED,,0,0.06,0.008,0.16855468749999997,0.0120921875,0.02258263433454463,9.193948117014003e-21,0.02258263433454463,True,True,True,0.06959567327972198,30.654566109995358,48,48
generic,48,C01,1.1,0.165,7,generic,1,0.5,0.0001,0.06,0.015,COMPLETED,,0,0.06,0.015,0.6198828124999999,0.0076146484375000005,0.01987783094177601,2.6583054505660286e-23,0.01987783094177601,True,True,True,0.1201181030238546,35.2501283059828,48,48
generic,48,C01,1.1,0.165,8,generic,2,0.9,0.0001,0.06,0.03,COMPLETED,,0,0.06,0.03,0.7801171875000003,9.58900282118056e-06,0.0011477614973385533,2.19981336485929e-16,0.0011477614973387732,True,True,True,0.11988284659223984,41.529433853924274,48,48
generic,48,C01,1.1,0.165,9,generic,3,0.1,0.002,0.1,0.008,COMPLETED,,0,0.1,0.008,0.16660156250000002,0.014940332031249998,0.021780500986937294,8.558757372928029e-21,0.021780500986937294,True,True,True,0.06784703619555096,30.610491785919294,48,48
generic,48,C01,1.1,0.165,10,generic,4,0.5,0.002,0.1,0.015,COMPLETED,,0,0.1,0.015,0.6238932291666667,1e-06,0.009954977977086084,2.0400160805622688e-19,0.009954977977086084,True,True,True,0.12390935491053202,39.63979533908423,48,48
generic,48,C01,1.1,0.165,11,generic,5,0.9,0.002,0.1,0.03,COMPLETED,,0,0.1,0.03,0.7614583333333332,1e-06,4.5847972315229815e-08,1.6538647388030578e-19,4.58479723153952e-08,True,True,True,0.13855608757386956,24.23212163208518,48,48
generic,49,C01,1.1,0.175,0,generic,1,0.5,0.0001,0.015,0.008,COMPLETED,,0,0.015,0.008,0.5299707031249998,0.0120921875,0.032647215101898226,3.3546109000653486e-21,0.032647215101898226,True,True,True,0.032280886091339424,34.71852395008318,49,49
generic,49,C01,1.1,0.175,1,generic,2,0.9,0.0001,0.015,0.015,COMPLETED,,2,0.0459375,0.0459375,0.8082147216796877,0.00011097670491536458,0.01035459731739446,1.5245701569596924e-19,0.01035459731739446,True,True,True,0.09178527897667062,129.5960930029396,49,49
generic,49,C01,1.1,0.175,2,generic,3,0.1,0.002,0.015,0.03,COMPLETED,,0,0.015,0.03,0.129970703125,0.04791884765624998,0.014284011058055936,4.227425774330227e-21,0.014284011058055936,True,True,True,0.054834146440742366,27.276999984984286,49,49
generic,49,C01,1.1,0.175,3,generic,4,0.5,0.002,0.03,0.008,COMPLETED,,0,0.03,0.008,0.5599414062499999,0.013722167968749999,0.029508310031072148,4.8076784627426094e-21,0.029508310031072148,True,True,True,0.061076848356108826,34.624163303058594,49,49
generic,49,C01,1.1,0.175,4,generic,5,0.9,0.002,0.03,0.015,COMPLETED,,0,0.03,0.015,0.8400585937499998,0.0001769440104166667,0.04274181961465606,1.5280470316830637e-19,0.04274181961465606,True,True,True,0.05996912302484272,42.86520386405755,49,49
generic,49,C01,1.1,0.175,5,generic,0,0.1,0.0001,0.03,0.03,COMPLETED,,0,0.03,0.03,0.15931640625,0.045070703124999986,0.0129952332925487,2.64508763664555e-21,0.0129952332925487,True,True,True,0.07443655143793217,28.749912563012913,49,49
generic,49,C01,1.1,0.175,6,generic,1,0.5,0.0001,0.06,0.008,COMPLETED,,0,0.06,0.008,0.6198828124999999,0.006774479166666665,0.021045616061371304,6.924766050218857e-22,0.021045616061371304,True,True,True,0.12006846965401198,35.79437897494063,49,49
generic,49,C01,1.1,0.175,7,generic,2,0.9,0.0001,0.06,0.015,COMPLETED,,0,0.06,0.015,0.7801171875000003,8.250750506365741e-06,0.0012144644734491724,2.7530710070011944e-18,0.0012144644734491752,True,True,True,0.11988284760896734,42.281137760030106,49,49
generic,49,C01,1.1,0.175,8,generic,3,0.1,0.002,0.06,0.03,COMPLETED,,0,0.06,0.03,0.15863281250000005,0.04791884765624998,0.012199390966844756,2.2883213091034216e-21,0.012199390966844756,True,True,True,0.07447380258680267,28.904089201940224,49,49
generic,49,C01,1.1,0.175,9,generic,4,0.5,0.002,0.1,0.008,COMPLETED,,0,0.1,0.008,0.6998046874999995,0.001759667968750001,0.006914794322745743,4.839844482774201e-20,0.006914794322745743,True,True,True,0.1998048320398125,37.36612844699994,49,49
generic,49,C01,1.1,0.175,10,generic,5,0.9,0.002,0.1,0.015,COMPLETED,,0,0.1,0.015,0.7614583333333332,1e-06,5.1154682832192925e-08,1.6391245651726932e-19,5.115468283235684e-08,True,True,True,0.13855608757386956,25.024779638973996,49,49
generic,49,C01,1.1,0.175,11,generic,0,0.1,0.0001,0.1,0.03,COMPLETED,,0,0.1,0.03,0.15930989583333333,0.045070703124999986,0.012995233617632999,2.644859244650194e-21,0.012995233617632999,True,True,True,0.07443136357287654,29.086397169041447,49,49
generic,50,C01,1.1,0.19,0,generic,2,0.9,0.0001,0.015,0.008,COMPLETED,,1,0.02625,0.014,0.8475512695312502,1.091527303059896e-06,0.03998093587387536,5.7844681750942135e-06,0.03998672034205046,True,True,True,0.052448823730085144,91.07600034691859,50,50
generic,50,C01,1.1,0.19,1,generic,3,0.1,0.002,0.015,0.015,COMPLETED,,0,0.015,0.015,0.129970703125,0.025433496093749994,0.023028557590963016,7.116322462495459e-21,0.023028557590963016,True,True,True,0.038044339723310755,28.47373706405051,50,50
generic,50,C01,1.1,0.19,2,generic,4,0.5,0.002,0.015,0.03,COMPLETED,,0,0.015,0.03,0.5299707031249998,0.019507910156249995,0.03516874573465541,1.4179800836100857e-20,0.03516874573465541,True,True,True,0.03470979636710933,34.196120084030554,50,50
generic,50,C01,1.1,0.19,3,generic,5,0.9,0.002,0.03,0.008,COMPLETED,,0,0.03,0.008,0.8400585937499998,1.13092041015625e-06,0.02529830599372083,2.8305043295178126e-06,0.02530113649805035,True,True,True,0.0599747251834046,45.13115433999337,50,50
generic,50,C01,1.1,0.19,4,generic,0,0.1,0.0001,0.03,0.015,COMPLETED,,0,0.03,0.015,0.15994140624999997,0.022585351562499995,0.019551556112590015,4.927768972676965e-21,0.019551556112590015,True,True,True,0.06402002200965536,29.99725270899944,50,50
generic,50,C01,1.1,0.19,5,generic,1,0.5,0.0001,0.03,0.03,COMPLETED,,0,0.03,0.03,0.5599414062499999,0.012687890625000002,0.03188237280139041,1.1665882102164037e-20,0.03188237280139041,True,True,True,0.06124889528484973,34.940000997972675,50,50
generic,50,C01,1.1,0.19,6,generic,2,0.9,0.0001,0.06,0.008,COMPLETED,,0,0.06,0.008,0.7801171875000003,1.0355868869357638e-06,0.0003177692767017568,4.485850262922917e-10,0.0003177697252867831,True,True,True,0.11988285334802956,43.63480643904768,50,50
generic,50,C01,1.1,0.19,7,generic,3,0.1,0.002,0.06,0.015,COMPLETED,,0,0.06,0.015,0.17519531250000003,0.025433496093749994,0.018042750316866873,2.9882313062589942e-21,0.018042750316866873,True,True,True,0.07876207057428376,39.96661933197174,50,50
generic,50,C01,1.1,0.19,8,generic,4,0.5,0.002,0.06,0.03,COMPLETED,,0,0.06,0.03,0.6198828124999999,0.004388639322916665,0.022797789005375643,8.900623719160955e-22,0.022797789005375643,True,True,True,0.11990660670173729,43.66405858891085,50,50
generic,50,C01,1.1,0.19,9,generic,5,0.9,0.002,0.1,0.008,COMPLETED,,0,0.1,0.008,0.7614583333333332,1.2171874999999996e-05,6.06430246534179e-08,1.1655139583210038e-19,6.064302465353444e-08,True,True,True,0.13855592684339546,30.656820486066863,50,50
generic,50,C01,1.1,0.19,10,generic,0,0.1,0.0001,0.1,0.015,COMPLETED,,0,0.1,0.015,0.17623697916666664,0.022585351562499995,0.018940430236915638,3.3695457843280874e-21,0.018940430236915638,True,True,True,0.079483759519464,36.610135874012485,50,50
generic,50,C01,1.1,0.19,11,generic,1,0.5,0.0001,0.1,0.03,COMPLETED,,0,0.1,0.03,0.6998046874999995,0.00047634830729166675,0.0075096905857100485,1.0333608388416782e-19,0.0075096905857100485,True,True,True,0.19980504194094012,46.361815516022034,50,50
