Mach,alpha,cr,ci,stage1_mismatch,finite,exception
1.8,0.238,0.9,0.0005,0.4508527961049409,True,
1.8,0.238,0.9,0.000625,0.4509039479342846,True,
1.8,0.238,0.9,0.00075,0.45095519159210606,True,
1.8,0.238,0.9,0.000875,0.45100652617937564,True,
1.8,0.238,0.9,0.001,0.45105795061206083,True,
1.8,0.238,0.9,0.0011250000000000001,0.4511094637068247,True,
1.8,0.238,0.9,0.00125,0.45116106423825086,True,
1.8,0.238,0.9,0.001375,0.4512127509464996,True,
1.8,0.238,0.9,0.0015,0.45126452255348737,True,
1.8,0.238,0.9,0.0016250000000000001,0.45131637776455746,True,
1.8,0.238,0.9,0.00175,0.45136831524964,True,
1.8,0.238,0.9,0.001875,0.45142033368603124,True,
1.8,0.238,0.9,0.002,0.45147243171834583,True,
1.8,0.238,0.9,0.002125,0.4515246079826646,True,
1.8,0.238,0.9,0.0022500000000000003,0.45157686108918016,True,
1.8,0.238,0.9,0.002375,0.4516291896409497,True,
1.8,0.238,0.9,0.0025,0.4516815922269442,True,
1.8,0.238,0.9,0.002625,0.4517340674155787,True,
1.8,0.238,0.9,0.0027500000000000003,0.45178661376246515,True,
1.8,0.238,0.9,0.002875,0.4518392298045491,True,
1.8,0.238,0.9,0.003,0.45189191406779394,True,
1.8,0.238,0.9,0.003125,0.45194466505920394,True,
1.8,0.238,0.9,0.00325,0.45199748127325273,True,
1.8,0.238,0.9,0.003375,0.45205036118849007,True,
1.8,0.238,0.9,0.0035,0.4521033032651811,True,
1.8,0.238,0.9,0.003625,0.4521563059530121,True,
1.8,0.238,0.9,0.0037500000000000003,0.4522093676841443,True,
1.8,0.238,0.9,0.003875,0.45226248687586684,True,
1.8,0.238,0.9,0.004,0.45231566193046385,True,
1.8,0.238,0.9,0.004125,0.45236889123642104,True,
1.8,0.238,0.9,0.00425,0.45242217316122924,True,
1.8,0.238,0.9,0.004375,0.45247550606893844,True,
1.8,0.238,0.9,0.0045000000000000005,0.452528888298227,True,
1.8,0.238,0.9,0.004625000000000001,0.45258231817661293,True,
1.8,0.238,0.9,0.004750000000000001,0.452635794017061,True,
1.8,0.238,0.9,0.004875000000000001,0.45268931411896174,True,
1.8,0.238,0.9,0.005000000000000001,0.4527428767632382,True,
1.8,0.238,0.9,0.005124999999999999,0.4527964802197961,True,
1.8,0.238,0.9,0.0052499999999999995,0.4528501227413813,True,
1.8,0.238,0.9,0.005375,0.4529038025674392,True,
1.8,0.238,0.9,0.0055,0.4529575179233993,True,
1.8,0.238,0.9,0.005625,0.4530112670167751,True,
1.8,0.238,0.9,0.00575,0.45306504804607445,True,
1.8,0.238,0.9,0.005875,0.4531188591894126,True,
1.8,0.238,0.9,0.006,0.4531726986160172,True,
1.8,0.238,0.9,0.006125,0.4532265644763232,True,
1.8,0.238,0.9,0.00625,0.45328045490825,True,
1.8,0.238,0.9,0.0063750000000000005,0.45333436803634536,True,
1.8,0.238,0.9,0.006500000000000001,0.4533883019695927,True,
1.8,0.238,0.9,0.006625000000000001,0.45344225480492756,True,
1.8,0.238,0.9,0.006750000000000001,0.45349622462059214,True,
1.8,0.238,0.9,0.006875000000000001,0.4535502094864386,True,
1.8,0.238,0.9,0.007000000000000001,0.45360420745330654,True,
1.8,0.238,0.9,0.007124999999999999,0.4536582165622849,True,
1.8,0.238,0.9,0.0072499999999999995,0.4537122348390605,True,
1.8,0.238,0.9,0.007375,0.45376626029402906,True,
1.8,0.238,0.9,0.0075,0.4538202909232215,True,
1.8,0.238,0.9,0.007625,0.45387432471552663,True,
1.8,0.238,0.9,0.00775,0.45392835963815203,True,
1.8,0.238,0.9,0.007875,0.45398239364887005,True,
1.8,0.238,0.9,0.008,0.4540364246902137,True,
1.8,0.238,0.9025,0.0005,0.4895190753833473,True,
1.8,0.238,0.9025,0.000625,0.48957998515419543,True,
1.8,0.238,0.9025,0.00075,0.48964098131027395,True,
1.8,0.238,0.9025,0.000875,0.4897020627509383,True,
1.8,0.238,0.9025,0.001,0.48976322811831174,True,
1.8,0.238,0.9025,0.0011250000000000001,0.4898244759967974,True,
1.8,0.238,0.9025,0.00125,0.4898858049103239,True,
1.8,0.238,0.9025,0.001375,0.48994721334175284,True,
1.8,0.238,0.9025,0.0015,0.49000869975183325,True,
1.8,0.238,0.9025,0.0016250000000000001,0.4900702625841301,True,
1.8,0.238,0.9025,0.00175,0.4901319002585386,True,
1.8,0.238,0.9025,0.001875,0.4901936111646741,True,
1.8,0.238,0.9025,0.002,0.4902553936816382,True,
1.8,0.238,0.9025,0.002125,0.49031724616782923,True,
1.8,0.238,0.9025,0.0022500000000000003,0.49037916695793116,True,
1.8,0.238,0.9025,0.002375,0.49044115437070107,True,
1.8,0.238,0.9025,0.0025,0.49050320670711123,True,
1.8,0.238,0.9025,0.002625,0.490565322246885,True,
1.8,0.238,0.9025,0.0027500000000000003,0.4906274992507668,True,
1.8,0.238,0.9025,0.002875,0.4906897359624823,True,
1.8,0.238,0.9025,0.003,0.49075203060541644,True,
1.8,0.238,0.9025,0.003125,0.4908143813833229,True,
1.8,0.238,0.9025,0.00325,0.4908767864805452,True,
1.8,0.238,0.9025,0.003375,0.49093924406870104,True,
1.8,0.238,0.9025,0.0035,0.4910017522909768,True,
1.8,0.238,0.9025,0.003625,0.49106430928239003,True,
1.8,0.238,0.9025,0.0037500000000000003,0.49112691315257906,True,
1.8,0.238,0.9025,0.003875,0.49118956199454455,True,
1.8,0.238,0.9025,0.004,0.4912522538795679,True,
1.8,0.238,0.9025,0.004125,0.4913149868670937,True,
1.8,0.238,0.9025,0.00425,0.4913777589943724,True,
1.8,0.238,0.9025,0.004375,0.49144056827970617,True,
1.8,0.238,0.9025,0.0045000000000000005,0.49150341272037434,True,
1.8,0.238,0.9025,0.004625000000000001,0.49156629030470705,True,
1.8,0.238,0.9025,0.004750000000000001,0.49162919899020574,True,
1.8,0.238,0.9025,0.004875000000000001,0.4916921367268449,True,
1.8,0.238,0.9025,0.005000000000000001,0.4917551014415669,True,
1.8,0.238,0.9025,0.005124999999999999,0.4918180910428975,True,
1.8,0.238,0.9025,0.0052499999999999995,0.4918811034216312,True,
1.8,0.238,0.9025,0.005375,0.4919441364542612,True,
1.8,0.238,0.9025,0.0055,0.4920071879916102,True,
1.8,0.238,0.9025,0.005625,0.49207025587487774,True,
1.8,0.238,0.9025,0.00575,0.4921333379209853,True,
1.8,0.238,0.9025,0.005875,0.4921964319325872,True,
1.8,0.238,0.9025,0.006,0.4922595356933493,True,
1.8,0.238,0.9025,0.006125,0.49232264696953587,True,
1.8,0.238,0.9025,0.00625,0.49238576351028185,True,
1.8,0.238,0.9025,0.0063750000000000005,0.49244888304428247,True,
1.8,0.238,0.9025,0.006500000000000001,0.49251200328787365,True,
1.8,0.238,0.9025,0.006625000000000001,0.4925751219344992,True,
1.8,0.238,0.9025,0.006750000000000001,0.4926382366635521,True,
1.8,0.238,0.9025,0.006875000000000001,0.4927013451364637,True,
1.8,0.238,0.9025,0.007000000000000001,0.492764444995655,True,
1.8,0.238,0.9025,0.007124999999999999,0.49282753387166,True,
1.8,0.238,0.9025,0.0072499999999999995,0.4928906093674069,True,
1.8,0.238,0.9025,0.007375,0.49295366908144156,True,
1.8,0.238,0.9025,0.0075,0.49301671058484353,True,
1.8,0.238,0.9025,0.007625,0.49307973143789374,True,
1.8,0.238,0.9025,0.00775,0.4931427291816006,True,
1.8,0.238,0.9025,0.007875,0.49320570134204134,True,
1.8,0.238,0.9025,0.008,0.4932686454249367,True,
1.8,0.238,0.905,0.0005,0.5314660770685854,True,
1.8,0.238,0.905,0.000625,0.5315386745705432,True,
1.8,0.238,0.905,0.00075,0.5316113597405684,True,
1.8,0.238,0.905,0.000875,0.5316841311908307,True,
1.8,0.238,0.905,0.001,0.531756987295315,True,
1.8,0.238,0.905,0.0011250000000000001,0.5318299263373002,True,
1.8,0.238,0.905,0.00125,0.5319029465482817,True,
1.8,0.238,0.905,0.001375,0.5319760461171383,True,
1.8,0.238,0.905,0.0015,0.5320492232050595,True,
1.8,0.238,0.905,0.0016250000000000001,0.5321224759280233,True,
1.8,0.238,0.905,0.00175,0.5321958024072402,True,
1.8,0.238,0.905,0.001875,0.5322692007129737,True,
1.8,0.238,0.905,0.002,0.5323426688974628,True,
1.8,0.238,0.905,0.002125,0.5324162049990511,True,
1.8,0.238,0.905,0.0022500000000000003,0.5324898070156241,True,
1.8,0.238,0.905,0.002375,0.5325634729360537,True,
1.8,0.238,0.905,0.0025,0.532637200721728,True,
1.8,0.238,0.905,0.002625,0.5327109883046679,True,
1.8,0.238,0.905,0.0027500000000000003,0.5327848336035925,True,
1.8,0.238,0.905,0.002875,0.5328587344984591,True,
1.8,0.238,0.905,0.003,0.5329326888645425,True,
1.8,0.238,0.905,0.003125,0.5330066945393841,True,
1.8,0.238,0.905,0.00325,0.5330807493426304,True,
1.8,0.238,0.905,0.003375,0.5331548510769178,True,
1.8,0.238,0.905,0.0035,0.533228997512859,True,
1.8,0.238,0.905,0.003625,0.5333031863966875,True,
1.8,0.238,0.905,0.0037500000000000003,0.5333774154616034,True,
1.8,0.238,0.905,0.003875,0.5334516824116858,True,
1.8,0.238,0.905,0.004,0.5335259849228806,True,
1.8,0.238,0.905,0.004125,0.5336003206621311,True,
1.8,0.238,0.905,0.00425,0.5336746872605386,True,
1.8,0.238,0.905,0.004375,0.5337490823314638,True,
1.8,0.238,0.905,0.0045000000000000005,0.5338235034665972,True,
1.8,0.238,0.905,0.004625000000000001,0.5338979482313151,True,
1.8,0.238,0.905,0.004750000000000001,0.5339724141736394,True,
1.8,0.238,0.905,0.004875000000000001,0.5340468988131816,True,
1.8,0.238,0.905,0.005000000000000001,0.5341213996506509,True,
1.8,0.238,0.905,0.005124999999999999,0.5341959141634429,True,
1.8,0.238,0.905,0.0052499999999999995,0.5342704398068773,True,
1.8,0.238,0.905,0.005375,0.5343449740118086,True,
1.8,0.238,0.905,0.0055,0.5344195141885207,True,
1.8,0.238,0.905,0.005625,0.5344940577255107,True,
1.8,0.238,0.905,0.00575,0.5345686019887826,True,
1.8,0.238,0.905,0.005875,0.5346431443194192,True,
1.8,0.238,0.905,0.006,0.5347176820407971,True,
1.8,0.238,0.905,0.006125,0.5347922124498573,True,
1.8,0.238,0.905,0.00625,0.5348667328255079,True,
1.8,0.238,0.905,0.0063750000000000005,0.5349412404226607,True,
1.8,0.238,0.905,0.006500000000000001,0.5350157324743977,True,
1.8,0.238,0.905,0.006625000000000001,0.5350902061911825,True,
1.8,0.238,0.905,0.006750000000000001,0.5351646587647692,True,
1.8,0.238,0.905,0.006875000000000001,0.5352390873613755,True,
1.8,0.238,0.905,0.007000000000000001,0.5353134891289886,True,
1.8,0.238,0.905,0.007124999999999999,0.5353878611925671,True,
1.8,0.238,0.905,0.0072499999999999995,0.5354622006547732,True,
1.8,0.238,0.905,0.007375,0.5355365046000199,True,
1.8,0.238,0.905,0.0075,0.5356107700875543,True,
1.8,0.238,0.905,0.007625,0.5356849941579582,True,
1.8,0.238,0.905,0.00775,0.5357591738299117,True,
1.8,0.238,0.905,0.007875,0.5358333061015889,True,
1.8,0.238,0.905,0.008,0.5359073879498106,True,
1.8,0.238,0.9075,0.0005,0.576972405717348,True,
1.8,0.238,0.9075,0.000625,0.577059000571594,True,
1.8,0.238,0.9075,0.00075,0.577145694189189,True,
1.8,0.238,0.9075,0.000875,0.5772324848430511,True,
1.8,0.238,0.9075,0.001,0.5773193706011488,True,
1.8,0.238,0.9075,0.0011250000000000001,0.5774063493927334,True,
1.8,0.238,0.9075,0.00125,0.5774934191086203,True,
1.8,0.238,0.9075,0.001375,0.577580577595143,True,
1.8,0.238,0.9075,0.0015,0.5776678226429188,True,
1.8,0.238,0.9075,0.0016250000000000001,0.5777551520314363,True,
1.8,0.238,0.9075,0.00175,0.5778425634906136,True,
1.8,0.238,0.9075,0.001875,0.5779300547338151,True,
1.8,0.238,0.9075,0.002,0.578017623435197,True,
1.8,0.238,0.9075,0.002125,0.5781052672458284,True,
1.8,0.238,0.9075,0.0022500000000000003,0.5781929837782519,True,
1.8,0.238,0.9075,0.002375,0.5782807706261813,True,
1.8,0.238,0.9075,0.0025,0.5783686253511768,True,
1.8,0.238,0.9075,0.002625,0.578456545477257,True,
1.8,0.238,0.9075,0.0027500000000000003,0.5785445285142373,True,
1.8,0.238,0.9075,0.002875,0.5786325719268308,True,
1.8,0.238,0.9075,0.003,0.5787206731685998,True,
1.8,0.238,0.9075,0.003125,0.5788088296492988,True,
1.8,0.238,0.9075,0.00325,0.5788970387580027,True,
1.8,0.238,0.9075,0.003375,0.5789852978488288,True,
1.8,0.238,0.9075,0.0035,0.5790736042516154,True,
1.8,0.238,0.9075,0.003625,0.5791619552718267,True,
1.8,0.238,0.9075,0.0037500000000000003,0.5792503481759864,True,
1.8,0.238,0.9075,0.003875,0.5793387802073825,True,
1.8,0.238,0.9075,0.004,0.579427248583819,True,
1.8,0.238,0.9075,0.004125,0.5795157504899655,True,
1.8,0.238,0.9075,0.00425,0.5796042830826855,True,
1.8,0.238,0.9075,0.004375,0.5796928434931672,True,
1.8,0.238,0.9075,0.0045000000000000005,0.579781428819754,True,
1.8,0.238,0.9075,0.004625000000000001,0.5798700361362208,True,
1.8,0.238,0.9075,0.004750000000000001,0.5799586624866713,True,
1.8,0.238,0.9075,0.004875000000000001,0.5800473048859737,True,
1.8,0.238,0.9075,0.005000000000000001,0.5801359603245175,True,
1.8,0.238,0.9075,0.005124999999999999,0.5802246257601497,True,
1.8,0.238,0.9075,0.0052499999999999995,0.5803132981234951,True,
1.8,0.238,0.9075,0.005375,0.5804019743170745,True,
1.8,0.238,0.9075,0.0055,0.5804906512217496,True,
1.8,0.238,0.9075,0.005625,0.5805793256788043,True,
1.8,0.238,0.9075,0.00575,0.5806679945126881,True,
1.8,0.238,0.9075,0.005875,0.5807566545130513,True,
1.8,0.238,0.9075,0.006,0.5808453024471053,True,
1.8,0.238,0.9075,0.006125,0.5809339350475491,True,
1.8,0.238,0.9075,0.00625,0.581022549024136,True,
1.8,0.238,0.9075,0.0063750000000000005,0.5811111410616693,True,
1.8,0.238,0.9075,0.006500000000000001,0.5811997078110126,True,
1.8,0.238,0.9075,0.006625000000000001,0.5812882459008019,True,
1.8,0.238,0.9075,0.006750000000000001,0.5813767519297237,True,
1.8,0.238,0.9075,0.006875000000000001,0.5814652224710674,True,
1.8,0.238,0.9075,0.007000000000000001,0.581553654069257,True,
1.8,0.238,0.9075,0.007124999999999999,0.58164204324252,True,
1.8,0.238,0.9075,0.0072499999999999995,0.5817303864830482,True,
1.8,0.238,0.9075,0.007375,0.5818186802541617,True,
1.8,0.238,0.9075,0.0075,0.5819069209946848,True,
1.8,0.238,0.9075,0.007625,0.5819951051145202,True,
1.8,0.238,0.9075,0.00775,0.5820832289985826,True,
1.8,0.238,0.9075,0.007875,0.5821712890054768,True,
1.8,0.238,0.9075,0.008,0.5822592814660974,True,
1.8,0.238,0.91,0.0005,0.6263363559482444,True,
1.8,0.238,0.91,0.000625,0.6264397086523477,True,
1.8,0.238,0.91,0.00075,0.6265431850865614,True,
1.8,0.238,0.91,0.000875,0.6266467831631726,True,
1.8,0.238,0.91,0.001,0.6267505005499294,True,
1.8,0.238,0.91,0.0011250000000000001,0.6268543348086356,True,
1.8,0.238,0.91,0.00125,0.626958283425618,True,
1.8,0.238,0.91,0.001375,0.6270623438389301,True,
1.8,0.238,0.91,0.0015,0.6271665134406611,True,
1.8,0.238,0.91,0.0016250000000000001,0.627270789583203,True,
1.8,0.238,0.91,0.00175,0.6273751695858878,True,
1.8,0.238,0.91,0.001875,0.6274796507193288,True,
1.8,0.238,0.91,0.002,0.6275842302235771,True,
1.8,0.238,0.91,0.002125,0.6276889053081511,True,
1.8,0.238,0.91,0.0022500000000000003,0.6277936731285697,True,
1.8,0.238,0.91,0.002375,0.6278985308252443,True,
1.8,0.238,0.91,0.0025,0.6280034754835992,True,
1.8,0.238,0.91,0.002625,0.6281085041699426,True,
1.8,0.238,0.91,0.0027500000000000003,0.6282136138991814,True,
1.8,0.238,0.91,0.002875,0.628318801662745,True,
1.8,0.238,0.91,0.003,0.6284240644078652,True,
1.8,0.238,0.91,0.003125,0.6285293990493134,True,
1.8,0.238,0.91,0.00325,0.6286348024622371,True,
1.8,0.238,0.91,0.003375,0.62874027149488,True,
1.8,0.238,0.91,0.0035,0.628845802949163,True,
1.8,0.238,0.91,0.003625,0.6289513935956011,True,
1.8,0.238,0.91,0.0037500000000000003,0.6290570401699411,True,
1.8,0.238,0.91,0.003875,0.6291627393765155,True,
1.8,0.238,0.91,0.004,0.6292684878694522,True,
1.8,0.238,0.91,0.004125,0.6293742822834197,True,
1.8,0.238,0.91,0.00425,0.6294801192100469,True,
1.8,0.238,0.91,0.004375,0.629585995201396,True,
1.8,0.238,0.91,0.0045000000000000005,0.6296919067828131,True,
1.8,0.238,0.91,0.004625000000000001,0.6297978504398664,True,
1.8,0.238,0.91,0.004750000000000001,0.6299038226211526,True,
1.8,0.238,0.91,0.004875000000000001,0.630009819739862,True,
1.8,0.238,0.91,0.005000000000000001,0.6301158381752698,True,
1.8,0.238,0.91,0.005124999999999999,0.6302218742739566,True,
1.8,0.238,0.91,0.0052499999999999995,0.6303279243440677,True,
1.8,0.238,0.91,0.005375,0.630433984658452,True,
1.8,0.238,0.91,0.0055,0.6305400514535676,True,
1.8,0.238,0.91,0.005625,0.6306461209366495,True,
1.8,0.238,0.91,0.00575,0.6307521892728747,True,
1.8,0.238,0.91,0.005875,0.6308582525955214,True,
1.8,0.238,0.91,0.006,0.6309643070049218,True,
1.8,0.238,0.91,0.006125,0.6310703485637662,True,
1.8,0.238,0.91,0.00625,0.631176373299911,True,
1.8,0.238,0.91,0.0063750000000000005,0.6312823772081338,True,
1.8,0.238,0.91,0.006500000000000001,0.6313883562472606,True,
1.8,0.238,0.91,0.006625000000000001,0.6314943063427084,True,
1.8,0.238,0.91,0.006750000000000001,0.6316002233855577,True,
1.8,0.238,0.91,0.006875000000000001,0.6317061032336789,True,
1.8,0.238,0.91,0.007000000000000001,0.6318119417038202,True,
1.8,0.238,0.91,0.007124999999999999,0.6319177345869617,True,
1.8,0.238,0.91,0.0072499999999999995,0.6320234776375763,True,
1.8,0.238,0.91,0.007375,0.6321291665736163,True,
1.8,0.238,0.91,0.0075,0.6322347970805909,True,
1.8,0.238,0.91,0.007625,0.6323403648118742,True,
1.8,0.238,0.91,0.00775,0.6324458653848202,True,
1.8,0.238,0.91,0.007875,0.6325512943828647,True,
1.8,0.238,0.91,0.008,0.6326566473595018,True,
1.8,0.238,0.9125,0.0005,0.67987557397094,True,
1.8,0.238,0.9125,0.000625,0.6799989780104965,True,
1.8,0.238,0.9125,0.00075,0.6801225499213425,True,
1.8,0.238,0.9125,0.000875,0.6802462871971842,True,
1.8,0.238,0.9125,0.001,0.6803701870779254,True,
1.8,0.238,0.9125,0.0011250000000000001,0.6804942466855443,True,
1.8,0.238,0.9125,0.00125,0.6806184630615348,True,
1.8,0.238,0.9125,0.001375,0.680742833174648,True,
1.8,0.238,0.9125,0.0015,0.6808673539680425,True,
1.8,0.238,0.9125,0.0016250000000000001,0.6809920223073592,True,
1.8,0.238,0.9125,0.00175,0.6811168350273694,True,
1.8,0.238,0.9125,0.001875,0.6812417889136564,True,
1.8,0.238,0.9125,0.002,0.681366880703138,True,
1.8,0.238,0.9125,0.002125,0.6814921070890788,True,
1.8,0.238,0.9125,0.0022500000000000003,0.6816174647206737,True,
1.8,0.238,0.9125,0.002375,0.6817429501959837,True,
1.8,0.238,0.9125,0.0025,0.6818685600789121,True,
1.8,0.238,0.9125,0.002625,0.6819942908753941,True,
1.8,0.238,0.9125,0.0027500000000000003,0.682120139056831,True,
1.8,0.238,0.9125,0.002875,0.6822461010501405,True,
1.8,0.238,0.9125,0.003,0.6823721732269967,True,
1.8,0.238,0.9125,0.003125,0.6824983519245682,True,
1.8,0.238,0.9125,0.00325,0.6826246334258735,True,
1.8,0.238,0.9125,0.003375,0.682751013979767,True,
1.8,0.238,0.9125,0.0035,0.6828774897819276,True,
1.8,0.238,0.9125,0.003625,0.6830040569901893,True,
1.8,0.238,0.9125,0.0037500000000000003,0.6831307117079377,True,
1.8,0.238,0.9125,0.003875,0.6832574500035511,True,
1.8,0.238,0.9125,0.004,0.6833842678961187,True,
1.8,0.238,0.9125,0.004125,0.6835111613591981,True,
1.8,0.238,0.9125,0.00425,0.683638126324715,True,
1.8,0.238,0.9125,0.004375,0.6837651586760491,True,
1.8,0.238,0.9125,0.0045000000000000005,0.6838922542569271,True,
1.8,0.238,0.9125,0.004625000000000001,0.6840194088588059,True,
1.8,0.238,0.9125,0.004750000000000001,0.684146618238799,True,
1.8,0.238,0.9125,0.004875000000000001,0.6842738781011201,True,
1.8,0.238,0.9125,0.005000000000000001,0.6844011841067801,True,
1.8,0.238,0.9125,0.005124999999999999,0.684528531875523,True,
1.8,0.238,0.9125,0.0052499999999999995,0.6846559169825022,True,
1.8,0.238,0.9125,0.005375,0.6847833349562716,True,
1.8,0.238,0.9125,0.0055,0.6849107812819887,True,
1.8,0.238,0.9125,0.005625,0.6850382513980291,True,
1.8,0.238,0.9125,0.00575,0.6851657407037991,True,
1.8,0.238,0.9125,0.005875,0.6852932445476135,True,
1.8,0.238,0.9125,0.006,0.6854207582439145,True,
1.8,0.238,0.9125,0.006125,0.6855482770521882,True,
1.8,0.238,0.9125,0.00625,0.6856757961920588,True,
1.8,0.238,0.9125,0.0063750000000000005,0.6858033108426363,True,
1.8,0.238,0.9125,0.006500000000000001,0.685930816136109,True,
1.8,0.238,0.9125,0.006625000000000001,0.6860583071580885,True,
1.8,0.238,0.9125,0.006750000000000001,0.686185778957048,True,
1.8,0.238,0.9125,0.006875000000000001,0.6863132265318637,True,
1.8,0.238,0.9125,0.007000000000000001,0.6864406448415676,True,
1.8,0.238,0.9125,0.007124999999999999,0.6865680287995567,True,
1.8,0.238,0.9125,0.0072499999999999995,0.686695373279309,True,
1.8,0.238,0.9125,0.007375,0.6868226731055654,True,
1.8,0.238,0.9125,0.0075,0.6869499230642837,True,
1.8,0.238,0.9125,0.007625,0.6870771178968236,True,
1.8,0.238,0.9125,0.00775,0.6872042523019595,True,
1.8,0.238,0.9125,0.007875,0.6873313209355059,True,
1.8,0.238,0.9125,0.008,0.6874583184086501,True,
1.8,0.238,0.915,0.0005,0.7379260190210676,True,
1.8,0.238,0.915,0.000625,0.73807339465556,True,
1.8,0.238,0.915,0.00075,0.7382210083106486,True,
1.8,0.238,0.915,0.000875,0.738368857035454,True,
1.8,0.238,0.915,0.001,0.7385169375730487,True,
1.8,0.238,0.915,0.0011250000000000001,0.7386652465665722,True,
1.8,0.238,0.915,0.00125,0.7388137805567238,True,
1.8,0.238,0.915,0.001375,0.7389625360096488,True,
1.8,0.238,0.915,0.0015,0.7391115093369865,True,
1.8,0.238,0.915,0.0016250000000000001,0.7392606968865708,True,
1.8,0.238,0.915,0.00175,0.7394100949403561,True,
1.8,0.238,0.915,0.001875,0.7395596997342507,True,
1.8,0.238,0.915,0.002,0.7397095074438916,True,
1.8,0.238,0.915,0.002125,0.7398595141864931,True,
1.8,0.238,0.915,0.0022500000000000003,0.7400097160248219,True,
1.8,0.238,0.915,0.002375,0.740160108965574,True,
1.8,0.238,0.915,0.0025,0.740310688954143,True,
1.8,0.238,0.915,0.002625,0.7404614518911318,True,
1.8,0.238,0.915,0.0027500000000000003,0.7406123936101319,True,
1.8,0.238,0.915,0.002875,0.7407635098967833,True,
1.8,0.238,0.915,0.003,0.7409147964754599,True,
1.8,0.238,0.915,0.003125,0.7410662490120937,True,
1.8,0.238,0.915,0.00325,0.7412178631282618,True,
1.8,0.238,0.915,0.003375,0.7413696343772955,True,
1.8,0.238,0.915,0.0035,0.7415215582612441,True,
1.8,0.238,0.915,0.003625,0.7416736302247308,True,
1.8,0.238,0.915,0.0037500000000000003,0.7418258456607381,True,
1.8,0.238,0.915,0.003875,0.741978199901502,True,
1.8,0.238,0.915,0.004,0.7421306882259091,True,
1.8,0.238,0.915,0.004125,0.7422833058495054,True,
1.8,0.238,0.915,0.00425,0.742436047942338,True,
1.8,0.238,0.915,0.004375,0.7425889096100127,True,
1.8,0.238,0.915,0.0045000000000000005,0.7427418859069203,True,
1.8,0.238,0.915,0.004625000000000001,0.7428949718335943,True,
1.8,0.238,0.915,0.004750000000000001,0.7430481623238039,True,
1.8,0.238,0.915,0.004875000000000001,0.7432014522680297,True,
1.8,0.238,0.915,0.005000000000000001,0.74335483649024,True,
1.8,0.238,0.915,0.005124999999999999,0.7435083097651066,True,
1.8,0.238,0.915,0.0052499999999999995,0.743661866805393,True,
1.8,0.238,0.915,0.005375,0.7438155022747438,True,
1.8,0.238,0.915,0.0055,0.743969210778033,True,
1.8,0.238,0.915,0.005625,0.7441229868606047,True,
1.8,0.238,0.915,0.00575,0.7442768250154804,True,
1.8,0.238,0.915,0.005875,0.7444307196803028,True,
1.8,0.238,0.915,0.006,0.7445846652322942,True,
1.8,0.238,0.915,0.006125,0.7447386559988658,True,
1.8,0.238,0.915,0.00625,0.7448926862478585,True,
1.8,0.238,0.915,0.0063750000000000005,0.745046750191314,True,
1.8,0.238,0.915,0.006500000000000001,0.745200841990625,True,
1.8,0.238,0.915,0.006625000000000001,0.7453549557427587,True,
1.8,0.238,0.915,0.006750000000000001,0.7455090854956685,True,
1.8,0.238,0.915,0.006875000000000001,0.7456632252377524,True,
1.8,0.238,0.915,0.007000000000000001,0.7458173689088222,True,
1.8,0.238,0.915,0.007124999999999999,0.7459715103857584,True,
1.8,0.238,0.915,0.0072499999999999995,0.7461256434946365,True,
1.8,0.238,0.915,0.007375,0.7462797620025517,True,
1.8,0.238,0.915,0.0075,0.7464338596251938,True,
1.8,0.238,0.915,0.007625,0.7465879300231051,True,
1.8,0.238,0.915,0.00775,0.7467419667981534,True,
1.8,0.238,0.915,0.007875,0.7468959635006786,True,
1.8,0.238,0.915,0.008,0.7470499136255068,True,
1.8,0.238,0.9175,0.0005,0.8008399846634658,True,
1.8,0.238,0.9175,0.000625,0.8010159844288379,True,
1.8,0.238,0.9175,0.00075,0.8011923271372041,True,
1.8,0.238,0.9175,0.000875,0.8013690093237619,True,
1.8,0.238,0.9175,0.001,0.8015460272399761,True,
1.8,0.238,0.9175,0.0011250000000000001,0.8017233769975245,True,
1.8,0.238,0.9175,0.00125,0.8019010545897335,True,
1.8,0.238,0.9175,0.001375,0.8020790559481576,True,
1.8,0.238,0.9175,0.0015,0.8022573769044664,True,
1.8,0.238,0.9175,0.0016250000000000001,0.8024360132279846,True,
1.8,0.238,0.9175,0.00175,0.8026149606211109,True,
1.8,0.238,0.9175,0.001875,0.8027942147007814,True,
1.8,0.238,0.9175,0.002,0.8029737710334302,True,
1.8,0.238,0.9175,0.002125,0.8031536250951689,True,
1.8,0.238,0.9175,0.0022500000000000003,0.8033337723086783,True,
1.8,0.238,0.9175,0.002375,0.8035142080215292,True,
1.8,0.238,0.9175,0.0025,0.8036949275061624,True,
1.8,0.238,0.9175,0.002625,0.8038759259749941,True,
1.8,0.238,0.9175,0.0027500000000000003,0.8040571985625783,True,
1.8,0.238,0.9175,0.002875,0.8042387403352885,True,
1.8,0.238,0.9175,0.003,0.8044205462940076,True,
1.8,0.238,0.9175,0.003125,0.8046026113647285,True,
1.8,0.238,0.9175,0.00325,0.8047849304083906,True,
1.8,0.238,0.9175,0.003375,0.8049674982100021,True,
1.8,0.238,0.9175,0.0035,0.8051503094863471,True,
1.8,0.238,0.9175,0.003625,0.8053333588912948,True,
1.8,0.238,0.9175,0.0037500000000000003,0.8055166409959984,True,
1.8,0.238,0.9175,0.003875,0.8057001503092933,True,
1.8,0.238,0.9175,0.004,0.8058838812685649,True,
1.8,0.238,0.9175,0.004125,0.8060678282404795,True,
1.8,0.238,0.9175,0.00425,0.8062519855188638,True,
1.8,0.238,0.9175,0.004375,0.8064363473299236,True,
1.8,0.238,0.9175,0.0045000000000000005,0.806620907831259,True,
1.8,0.238,0.9175,0.004625000000000001,0.8068056611033061,True,
1.8,0.238,0.9175,0.004750000000000001,0.80699060116128,True,
1.8,0.238,0.9175,0.004875000000000001,0.8071757219482896,True,
1.8,0.238,0.9175,0.005000000000000001,0.807361017334563,True,
1.8,0.238,0.9175,0.005124999999999999,0.8075464811248096,True,
1.8,0.238,0.9175,0.0052499999999999995,0.8077321070474548,True,
1.8,0.238,0.9175,0.005375,0.8079178887625722,True,
1.8,0.238,0.9175,0.0055,0.8081038198592585,True,
1.8,0.238,0.9175,0.005625,0.8082898938573267,True,
1.8,0.238,0.9175,0.00575,0.8084761042024908,True,
1.8,0.238,0.9175,0.005875,0.8086624442722864,True,
1.8,0.238,0.9175,0.006,0.8088489073715132,True,
1.8,0.238,0.9175,0.006125,0.8090354867376225,True,
1.8,0.238,0.9175,0.00625,0.8092221755330172,True,
1.8,0.238,0.9175,0.0063750000000000005,0.8094089668510315,True,
1.8,0.238,0.9175,0.006500000000000001,0.8095958537132832,True,
1.8,0.238,0.9175,0.006625000000000001,0.8097828290757458,True,
1.8,0.238,0.9175,0.006750000000000001,0.8099698858152138,True,
1.8,0.238,0.9175,0.006875000000000001,0.8101570167429857,True,
1.8,0.238,0.9175,0.007000000000000001,0.8103442146020482,True,
1.8,0.238,0.9175,0.007124999999999999,0.8105314720579656,True,
1.8,0.238,0.9175,0.0072499999999999995,0.8107187817117866,True,
1.8,0.238,0.9175,0.007375,0.8109061360878551,True,
1.8,0.238,0.9175,0.0075,0.8110935276470335,True,
1.8,0.238,0.9175,0.007625,0.8112809487742819,True,
1.8,0.238,0.9175,0.00775,0.8114683917892852,True,
1.8,0.238,0.9175,0.007875,0.8116558489353584,True,
1.8,0.238,0.9175,0.008,0.8118433123904509,True,
1.8,0.238,0.92,0.0005,0.8689828830639295,True,
1.8,0.238,0.92,0.000625,0.8691930079692534,True,
1.8,0.238,0.92,0.00075,0.8694036266066312,True,
1.8,0.238,0.92,0.000875,0.8696147350047363,True,
1.8,0.238,0.92,0.001,0.8698263288791406,True,
1.8,0.238,0.92,0.0011250000000000001,0.8700384037943947,True,
1.8,0.238,0.92,0.00125,0.8702509552019786,True,
1.8,0.238,0.92,0.001375,0.8704639784356417,True,
1.8,0.238,0.92,0.0015,0.8706774687466918,True,
1.8,0.238,0.92,0.0016250000000000001,0.8708914213016352,True,
1.8,0.238,0.92,0.00175,0.8711058311698846,True,
1.8,0.238,0.92,0.001875,0.8713206933415477,True,
1.8,0.238,0.92,0.002,0.8715360027070171,True,
1.8,0.238,0.92,0.002125,0.8717517540846116,True,
1.8,0.238,0.92,0.0022500000000000003,0.8719679422053106,True,
1.8,0.238,0.92,0.002375,0.8721845617018039,True,
1.8,0.238,0.92,0.0025,0.8724016071321795,True,
1.8,0.238,0.92,0.002625,0.8726190729634572,True,
1.8,0.238,0.92,0.0027500000000000003,0.8728369535787077,True,
1.8,0.238,0.92,0.002875,0.8730552432732778,True,
1.8,0.238,0.92,0.003,0.8732739362504539,True,
1.8,0.238,0.92,0.003125,0.8734930266309153,True,
1.8,0.238,0.92,0.00325,0.8737125084518863,True,
1.8,0.238,0.92,0.003375,0.8739323756595645,True,
1.8,0.238,0.92,0.0035,0.8741526221060462,True,
1.8,0.238,0.92,0.003625,0.874373241570889,True,
1.8,0.238,0.92,0.0037500000000000003,0.8745942277324046,True,
1.8,0.238,0.92,0.003875,0.8748155741853885,True,
1.8,0.238,0.92,0.004,0.8750372744419381,True,
1.8,0.238,0.92,0.004125,0.8752593219190411,True,
1.8,0.238,0.92,0.00425,0.8754817099447443,True,
1.8,0.238,0.92,0.004375,0.8757044317677574,True,
1.8,0.238,0.92,0.0045000000000000005,0.8759274805376831,True,
1.8,0.238,0.92,0.004625000000000001,0.8761508493212904,True,
1.8,0.238,0.92,0.004750000000000001,0.8763745310962943,True,
1.8,0.238,0.92,0.004875000000000001,0.8765985187498322,True,
1.8,0.238,0.92,0.005000000000000001,0.8768228050805987,True,
1.8,0.238,0.92,0.005124999999999999,0.8770473828016772,True,
1.8,0.238,0.92,0.0052499999999999995,0.8772722445306939,True,
1.8,0.238,0.92,0.005375,0.8774973828004828,True,
1.8,0.238,0.92,0.0055,0.8777227900534518,True,
1.8,0.238,0.92,0.005625,0.8779484586427833,True,
1.8,0.238,0.92,0.00575,0.8781743808315189,True,
1.8,0.238,0.92,0.005875,0.8784005487930516,True,
1.8,0.238,0.92,0.006,0.87862695461421,True,
1.8,0.238,0.92,0.006125,0.8788535902854283,True,
1.8,0.238,0.92,0.00625,0.8790804477117881,True,
1.8,0.238,0.92,0.0063750000000000005,0.8793075187116037,True,
1.8,0.238,0.92,0.006500000000000001,0.879534795009247,True,
1.8,0.238,0.92,0.006625000000000001,0.8797622682355417,True,
1.8,0.238,0.92,0.006750000000000001,0.8799899299405994,True,
1.8,0.238,0.92,0.006875000000000001,0.8802177715759494,True,
1.8,0.238,0.92,0.007000000000000001,0.8804457845065711,True,
1.8,0.238,0.92,0.007124999999999999,0.8806739600113834,True,
1.8,0.238,0.92,0.0072499999999999995,0.8809022892696958,True,
1.8,0.238,0.92,0.007375,0.8811307633771084,True,
1.8,0.238,0.92,0.0075,0.8813593733402785,True,
1.8,0.238,0.92,0.007625,0.8815881100720584,True,
1.8,0.238,0.92,0.00775,0.8818169643968242,True,
1.8,0.238,0.92,0.007875,0.8820459270470512,True,
1.8,0.238,0.92,0.008,0.8822749886693225,True,
1.8,0.238,0.9225,0.0005,0.9427284315109572,True,
1.8,0.238,0.9225,0.000625,0.9429791555473699,True,
1.8,0.238,0.9225,0.00075,0.9432305839296075,True,
1.8,0.238,0.9225,0.000875,0.9434827121823824,True,
1.8,0.238,0.9225,0.001,0.9437355355348899,True,
1.8,0.238,0.9225,0.0011250000000000001,0.9439890490120646,True,
1.8,0.238,0.9225,0.00125,0.9442432475249132,True,
1.8,0.238,0.9225,0.001375,0.9444981258452985,True,
1.8,0.238,0.9225,0.0015,0.9447536786354124,True,
1.8,0.238,0.9225,0.0016250000000000001,0.9450099004615323,True,
1.8,0.238,0.9225,0.00175,0.9452667857732678,True,
1.8,0.238,0.9225,0.001875,0.9455243289102978,True,
1.8,0.238,0.9225,0.002,0.9457825241102558,True,
1.8,0.238,0.9225,0.002125,0.9460413655107908,True,
1.8,0.238,0.9225,0.0022500000000000003,0.9463008471322095,True,
1.8,0.238,0.9225,0.002375,0.9465609629003997,True,
1.8,0.238,0.9225,0.0025,0.9468217066247125,True,
1.8,0.238,0.9225,0.002625,0.947083072007791,True,
1.8,0.238,0.9225,0.0027500000000000003,0.9473450526494861,True,
1.8,0.238,0.9225,0.002875,0.9476076420464568,True,
1.8,0.238,0.9225,0.003,0.9478708335788063,True,
1.8,0.238,0.9225,0.003125,0.9481346205253539,True,
1.8,0.238,0.9225,0.00325,0.9483989960555033,True,
1.8,0.238,0.9225,0.003375,0.9486639532275225,True,
1.8,0.238,0.9225,0.0035,0.9489294849945015,True,
1.8,0.238,0.9225,0.003625,0.9491955842007429,True,
1.8,0.238,0.9225,0.0037500000000000003,0.9494622435765926,True,
1.8,0.238,0.9225,0.003875,0.9497294557507724,True,
1.8,0.238,0.9225,0.004,0.949997213232479,True,
1.8,0.238,0.9225,0.004125,0.9502655084322312,True,
1.8,0.238,0.9225,0.00425,0.9505343336442561,True,
1.8,0.238,0.9225,0.004375,0.9508036810528717,True,
1.8,0.238,0.9225,0.0045000000000000005,0.9510735427325612,True,
1.8,0.238,0.9225,0.004625000000000001,0.9513439106466927,True,
1.8,0.238,0.9225,0.004750000000000001,0.951614776648305,True,
1.8,0.238,0.9225,0.004875000000000001,0.9518861324779249,True,
1.8,0.238,0.9225,0.005000000000000001,0.952157969765871,True,
1.8,0.238,0.9225,0.005124999999999999,0.9524302800302701,True,
1.8,0.238,0.9225,0.0052499999999999995,0.9527030546768849,True,
1.8,0.238,0.9225,0.005375,0.9529762849995231,True,
1.8,0.238,0.9225,0.0055,0.9532499621812233,True,
1.8,0.238,0.9225,0.005625,0.9535240772903788,True,
1.8,0.238,0.9225,0.00575,0.9537986212803007,True,
1.8,0.238,0.9225,0.005875,0.9540735849997325,True,
1.8,0.238,0.9225,0.006,0.9543489591762729,True,
1.8,0.238,0.9225,0.006125,0.9546247344246255,True,
1.8,0.238,0.9225,0.00625,0.9549009012519445,True,
1.8,0.238,0.9225,0.0063750000000000005,0.9551774500443369,True,
1.8,0.238,0.9225,0.006500000000000001,0.9554543710800087,True,
1.8,0.238,0.9225,0.006625000000000001,0.9557316545197719,True,
1.8,0.238,0.9225,0.006750000000000001,0.9560092904111893,True,
1.8,0.238,0.9225,0.006875000000000001,0.9562872686877584,True,
1.8,0.238,0.9225,0.007000000000000001,0.9565655791668314,True,
1.8,0.238,0.9225,0.007124999999999999,0.9568442115523828,True,
1.8,0.238,0.9225,0.0072499999999999995,0.9571231554365567,True,
1.8,0.238,0.9225,0.007375,0.9574024002900579,True,
1.8,0.238,0.9225,0.0075,0.9576819354725646,True,
1.8,0.238,0.9225,0.007625,0.9579617502294699,True,
1.8,0.238,0.9225,0.00775,0.95824183369001,True,
1.8,0.238,0.9225,0.007875,0.958522174863932,True,
1.8,0.238,0.9225,0.008,0.9588027626518794,True,
1.8,0.238,0.925,0.0005,1.0224518142225447,True,
1.8,0.238,0.925,0.000625,1.0227507123837218,True,
1.8,0.238,0.925,0.00075,1.0230506026709727,True,
1.8,0.238,0.925,0.000875,1.0233514802166508,True,
1.8,0.238,0.925,0.001,1.0236533397942003,True,
1.8,0.238,0.925,0.0011250000000000001,1.0239561760026894,True,
1.8,0.238,0.925,0.00125,1.0242599832573345,True,
1.8,0.238,0.925,0.001375,1.024564755842342,True,
1.8,0.238,0.925,0.0015,1.02487048790501,True,
1.8,0.238,0.925,0.0016250000000000001,1.0251771734608317,True,
1.8,0.238,0.925,0.00175,1.0254848063985893,True,
1.8,0.238,0.925,0.001875,1.0257933804676318,True,
1.8,0.238,0.925,0.002,1.026102889300151,True,
1.8,0.238,0.925,0.002125,1.0264133263914608,True,
1.8,0.238,0.925,0.0022500000000000003,1.0267246851040588,True,
1.8,0.238,0.925,0.002375,1.027036958690728,True,
1.8,0.238,0.925,0.0025,1.0273501402417051,True,
1.8,0.238,0.925,0.002625,1.027664222742209,True,
1.8,0.238,0.925,0.0027500000000000003,1.0279791990371467,True,
1.8,0.238,0.925,0.002875,1.0282950618339768,True,
1.8,0.238,0.925,0.003,1.0286118037210739,True,
1.8,0.238,0.925,0.003125,1.028929417142058,True,
1.8,0.238,0.925,0.00325,1.0292478944164252,True,
1.8,0.238,0.925,0.003375,1.0295672277234613,True,
1.8,0.238,0.925,0.0035,1.0298874091159087,True,
1.8,0.238,0.925,0.003625,1.0302084305083021,True,
1.8,0.238,0.925,0.0037500000000000003,1.0305302836770274,True,
1.8,0.238,0.925,0.003875,1.0308529602674792,True,
1.8,0.238,0.925,0.004,1.0311764517900182,True,
1.8,0.238,0.925,0.004125,1.031500749617415,True,
1.8,0.238,0.925,0.00425,1.0318258449866498,True,
1.8,0.238,0.925,0.004375,1.0321517289961062,True,
1.8,0.238,0.925,0.0045000000000000005,1.0324783926132743,True,
1.8,0.238,0.925,0.004625000000000001,1.0328058266567797,True,
1.8,0.238,0.925,0.004750000000000001,1.0331340218196616,True,
1.8,0.238,0.925,0.004875000000000001,1.033462968645989,True,
1.8,0.238,0.925,0.005000000000000001,1.0337926575472178,True,
1.8,0.238,0.925,0.005124999999999999,1.0341230787917897,True,
1.8,0.238,0.925,0.0052499999999999995,1.0344542225121283,True,
1.8,0.238,0.925,0.005375,1.034786078696036,True,
1.8,0.238,0.925,0.0055,1.0351186371969994,True,
1.8,0.238,0.925,0.005625,1.0354518877207517,True,
1.8,0.238,0.925,0.00575,1.0357858198352914,True,
1.8,0.238,0.925,0.005875,1.0361204229673948,True,
1.8,0.238,0.925,0.006,1.0364556863998504,True,
1.8,0.238,0.925,0.006125,1.0367915992724126,True,
1.8,0.238,0.925,0.00625,1.0371281505874823,True,
1.8,0.238,0.925,0.0063750000000000005,1.0374653291958966,True,
1.8,0.238,0.925,0.006500000000000001,1.0378031238138026,True,
1.8,0.238,0.925,0.006625000000000001,1.0381415230027273,True,
1.8,0.238,0.925,0.006750000000000001,1.0384805151908556,True,
1.8,0.238,0.925,0.006875000000000001,1.0388200886546883,True,
1.8,0.238,0.925,0.007000000000000001,1.0391602315289894,True,
1.8,0.238,0.925,0.007124999999999999,1.0395009318017492,True,
1.8,0.238,0.925,0.0072499999999999995,1.0398421773155944,True,
1.8,0.238,0.925,0.007375,1.0401839557682917,True,
1.8,0.238,0.925,0.0075,1.0405262547099388,True,
1.8,0.238,0.925,0.007625,1.0408690615435428,True,
1.8,0.238,0.925,0.00775,1.0412123635275439,True,
1.8,0.238,0.925,0.007875,1.0415561477722184,True,
1.8,0.238,0.925,0.008,1.0419004012379132,True,
1.8,0.238,0.9275,0.0005,1.1085203272470938,True,
1.8,0.238,0.9275,0.000625,1.1088761993370713,True,
1.8,0.238,0.9275,0.00075,1.109233449830486,True,
1.8,0.238,0.9275,0.000875,1.1095920736079536,True,
1.8,0.238,0.9275,0.001,1.109952065197085,True,
1.8,0.238,0.9275,0.0011250000000000001,1.110313418879527,True,
1.8,0.238,0.9275,0.00125,1.1106761287627955,True,
1.8,0.238,0.9275,0.001375,1.1110401887909631,True,
1.8,0.238,0.9275,0.0015,1.1114055927379949,True,
1.8,0.238,0.9275,0.0016250000000000001,1.1117723342292505,True,
1.8,0.238,0.9275,0.00175,1.1121404067207585,True,
1.8,0.238,0.9275,0.001875,1.1125098035303378,True,
1.8,0.238,0.9275,0.002,1.1128805178075398,True,
1.8,0.238,0.9275,0.002125,1.1132525425499018,True,
1.8,0.238,0.9275,0.0022500000000000003,1.113625870594794,True,
1.8,0.238,0.9275,0.002375,1.1140004946188022,True,
1.8,0.238,0.9275,0.0025,1.1143764071608366,True,
1.8,0.238,0.9275,0.002625,1.1147536005714689,True,
1.8,0.238,0.9275,0.0027500000000000003,1.1151320670635387,True,
1.8,0.238,0.9275,0.002875,1.1155117986755956,True,
1.8,0.238,0.9275,0.003,1.1158927873071545,True,
1.8,0.238,0.9275,0.003125,1.1162750246681319,True,
1.8,0.238,0.9275,0.00325,1.116658502329094,True,
1.8,0.238,0.9275,0.003375,1.1170432116806646,True,
1.8,0.238,0.9275,0.0035,1.1174291439662305,True,
1.8,0.238,0.9275,0.003625,1.117816290257369,True,
1.8,0.238,0.9275,0.0037500000000000003,1.1182046414581028,True,
1.8,0.238,0.9275,0.003875,1.1185941883053805,True,
1.8,0.238,0.9275,0.004,1.1189849213827612,True,
1.8,0.238,0.9275,0.004125,1.119376831097157,True,
1.8,0.238,0.9275,0.00425,1.119769907683758,True,
1.8,0.238,0.9275,0.004375,1.1201641412241838,True,
1.8,0.238,0.9275,0.0045000000000000005,1.1205595216111133,True,
1.8,0.238,0.9275,0.004625000000000001,1.1209560385867081,True,
1.8,0.238,0.9275,0.004750000000000001,1.121353681711593,True,
1.8,0.238,0.9275,0.004875000000000001,1.1217524403794592,True,
1.8,0.238,0.9275,0.005000000000000001,1.1221523038112677,True,
1.8,0.238,0.9275,0.005124999999999999,1.1225532610542892,True,
1.8,0.238,0.9275,0.0052499999999999995,1.1229553009868507,True,
1.8,0.238,0.9275,0.005375,1.123358412310843,True,
1.8,0.238,0.9275,0.0055,1.123762583551267,True,
1.8,0.238,0.9275,0.005625,1.1241678030618085,True,
1.8,0.238,0.9275,0.00575,1.1245740590193034,True,
1.8,0.238,0.9275,0.005875,1.1249813394251837,True,
1.8,0.238,0.9275,0.006,1.1253896320995171,True,
1.8,0.238,0.9275,0.006125,1.1257989246897113,True,
1.8,0.238,0.9275,0.00625,1.126209204663582,True,
1.8,0.238,0.9275,0.0063750000000000005,1.126620459308914,True,
1.8,0.238,0.9275,0.006500000000000001,1.1270326757330418,True,
1.8,0.238,0.9275,0.006625000000000001,1.1274458408625758,True,
1.8,0.238,0.9275,0.006750000000000001,1.1278599414477475,True,
1.8,0.238,0.9275,0.006875000000000001,1.128274964051337,True,
1.8,0.238,0.9275,0.007000000000000001,1.1286908950565189,True,
1.8,0.238,0.9275,0.007124999999999999,1.129107720666134,True,
1.8,0.238,0.9275,0.0072499999999999995,1.1295254268935044,True,
1.8,0.238,0.9275,0.007375,1.1299439995722644,True,
1.8,0.238,0.9275,0.0075,1.1303634243504694,True,
1.8,0.238,0.9275,0.007625,1.1307836866891088,True,
1.8,0.238,0.9275,0.00775,1.1312047718649423,True,
1.8,0.238,0.9275,0.007875,1.1316266649687,True,
1.8,0.238,0.9275,0.008,1.132049350901468,True,
1.8,0.238,0.93,0.0005,1.201280963093962,True,
1.8,0.238,0.93,0.000625,1.2017039412178765,True,
1.8,0.238,0.93,0.00075,1.2021288083278536,True,
1.8,0.238,0.93,0.000875,1.2025555593352644,True,
1.8,0.238,0.93,0.001,1.2029841887877875,True,
1.8,0.238,0.93,0.0011250000000000001,1.203414690967847,True,
1.8,0.238,0.93,0.00125,1.2038470599478985,True,
1.8,0.238,0.93,0.001375,1.2042812896061907,True,
1.8,0.238,0.93,0.0015,1.2047173736321852,True,
1.8,0.238,0.93,0.0016250000000000001,1.2051553055248427,True,
1.8,0.238,0.93,0.00175,1.2055950786080318,True,
1.8,0.238,0.93,0.001875,1.2060366860057874,True,
1.8,0.238,0.93,0.002,1.206480120669355,True,
1.8,0.238,0.93,0.002125,1.2069253753557927,True,
1.8,0.238,0.93,0.0022500000000000003,1.2073724426413746,True,
1.8,0.238,0.93,0.002375,1.2078213149068682,True,
1.8,0.238,0.93,0.0025,1.2082719843494123,True,
1.8,0.238,0.93,0.002625,1.2087244429758672,True,
1.8,0.238,0.93,0.0027500000000000003,1.2091786825955422,True,
1.8,0.238,0.93,0.002875,1.209634694836951,True,
1.8,0.238,0.93,0.003,1.2100924711285002,True,
1.8,0.238,0.93,0.003125,1.210552002707331,True,
1.8,0.238,0.93,0.00325,1.2110132806137621,True,
1.8,0.238,0.93,0.003375,1.2114762956929708,True,
1.8,0.238,0.93,0.0035,1.2119410385930012,True,
1.8,0.238,0.93,0.003625,1.2124074997635312,True,
1.8,0.238,0.93,0.0037500000000000003,1.212875669458258,True,
1.8,0.238,0.93,0.003875,1.2133455377274756,True,
1.8,0.238,0.93,0.004,1.21381709441896,True,
1.8,0.238,0.93,0.004125,1.2142903291790799,True,
1.8,0.238,0.93,0.00425,1.2147652314550397,True,
1.8,0.238,0.93,0.004375,1.215241790491913,True,
1.8,0.238,0.93,0.0045000000000000005,1.2157199953114686,True,
1.8,0.238,0.93,0.004625000000000001,1.2161998347554632,True,
1.8,0.238,0.93,0.004750000000000001,1.2166812974358392,True,
1.8,0.238,0.93,0.004875000000000001,1.217164371764912,True,
1.8,0.238,0.93,0.005000000000000001,1.217649045948417,True,
1.8,0.238,0.93,0.005124999999999999,1.218135307974258,True,
1.8,0.238,0.93,0.0052499999999999995,1.2186231456232557,True,
1.8,0.238,0.93,0.005375,1.2191125464639785,True,
1.8,0.238,0.93,0.0055,1.2196034978446377,True,
1.8,0.238,0.93,0.005625,1.2200959869059615,True,
1.8,0.238,0.93,0.00575,1.2205900005709656,True,
1.8,0.238,0.93,0.005875,1.2210855255353126,True,
1.8,0.238,0.93,0.006,1.2215825482936389,True,
1.8,0.238,0.93,0.006125,1.222081055106425,True,
1.8,0.238,0.93,0.00625,1.222581032022507,True,
1.8,0.238,0.93,0.0063750000000000005,1.223082464863024,True,
1.8,0.238,0.93,0.006500000000000001,1.223585339229266,True,
1.8,0.238,0.93,0.006625000000000001,1.2240896405012631,True,
1.8,0.238,0.93,0.006750000000000001,1.2245953538304453,True,
1.8,0.238,0.93,0.006875000000000001,1.225102464144215,True,
1.8,0.238,0.93,0.007000000000000001,1.2256109561409358,True,
1.8,0.238,0.93,0.007124999999999999,1.2261208142935456,True,
1.8,0.238,0.93,0.0072499999999999995,1.2266320228442749,True,
1.8,0.238,0.93,0.007375,1.22714456580645,True,
1.8,0.238,0.93,0.0075,1.227658426959195,True,
1.8,0.238,0.93,0.007625,1.2281735898550763,True,
1.8,0.238,0.93,0.00775,1.2286900378066299,True,
1.8,0.238,0.93,0.007875,1.2292077538964779,True,
1.8,0.238,0.93,0.008,1.2297267209697986,True,
1.8,0.238,0.9325,0.0005,1.3010443673776872,True,
1.8,0.238,0.9325,0.000625,1.3015459896095594,True,
1.8,0.238,0.9325,0.00075,1.3020501663914252,True,
1.8,0.238,0.9325,0.000875,1.3025568931546472,True,
1.8,0.238,0.9325,0.001,1.3030661649143187,True,
1.8,0.238,0.9325,0.0011250000000000001,1.303577976414955,True,
1.8,0.238,0.9325,0.00125,1.3040923221611096,True,
1.8,0.238,0.9325,0.001375,1.304609196442048,True,
1.8,0.238,0.9325,0.0015,1.305128593300039,True,
1.8,0.238,0.9325,0.0016250000000000001,1.3056505065922925,True,
1.8,0.238,0.9325,0.00175,1.3061749299405516,True,
1.8,0.238,0.9325,0.001875,1.306701856756549,True,
1.8,0.238,0.9325,0.002,1.3072312802410269,True,
1.8,0.238,0.9325,0.002125,1.3077631933628364,True,
1.8,0.238,0.9325,0.0022500000000000003,1.3082975888883048,True,
1.8,0.238,0.9325,0.002375,1.3088344593461791,True,
1.8,0.238,0.9325,0.0025,1.3093737970627055,True,
1.8,0.238,0.9325,0.002625,1.3099155941172218,True,
1.8,0.238,0.9325,0.0027500000000000003,1.310459842386325,True,
1.8,0.238,0.9325,0.002875,1.3110065335057723,True,
1.8,0.238,0.9325,0.003,1.3115556588946855,True,
1.8,0.238,0.9325,0.003125,1.3121072097350532,True,
1.8,0.238,0.9325,0.00325,1.3126611769821546,True,
1.8,0.238,0.9325,0.003375,1.313217551359867,True,
1.8,0.238,0.9325,0.0035,1.3137763233534439,True,
1.8,0.238,0.9325,0.003625,1.3143374832208168,True,
1.8,0.238,0.9325,0.0037500000000000003,1.3149010209777867,True,
1.8,0.238,0.9325,0.003875,1.315466926407301,True,
1.8,0.238,0.9325,0.004,1.3160351890454267,True,
1.8,0.238,0.9325,0.004125,1.31660579819222,True,
1.8,0.238,0.9325,0.00425,1.317178742907267,True,
1.8,0.238,0.9325,0.004375,1.3177540119993125,True,
1.8,0.238,0.9325,0.0045000000000000005,1.3183315940338414,True,
1.8,0.238,0.9325,0.004625000000000001,1.318911477335673,True,
1.8,0.238,0.9325,0.004750000000000001,1.3194936499673229,True,
1.8,0.238,0.9325,0.004875000000000001,1.320078099756004,True,
1.8,0.238,0.9325,0.005000000000000001,1.3206648142614432,True,
1.8,0.238,0.9325,0.005124999999999999,1.321253780800168,True,
1.8,0.238,0.9325,0.0052499999999999995,1.321844986431582,True,
1.8,0.238,0.9325,0.005375,1.322438417953477,True,
1.8,0.238,0.9325,0.0055,1.3230340619098861,True,
1.8,0.238,0.9325,0.005625,1.3236319045837828,True,
1.8,0.238,0.9325,0.00575,1.3242319319917202,True,
1.8,0.238,0.9325,0.005875,1.3248341298910395,True,
1.8,0.238,0.9325,0.006,1.3254384837708952,True,
1.8,0.238,0.9325,0.006125,1.326044978858583,True,
1.8,0.238,0.9325,0.00625,1.3266536001057772,True,
1.8,0.238,0.9325,0.0063750000000000005,1.3272643321976547,True,
1.8,0.238,0.9325,0.006500000000000001,1.327877159546481,True,
1.8,0.238,0.9325,0.006625000000000001,1.3284920662916506,True,
1.8,0.238,0.9325,0.006750000000000001,1.3291090362968954,True,
1.8,0.238,0.9325,0.006875000000000001,1.329728053144885,True,
1.8,0.238,0.9325,0.007000000000000001,1.3303491001464078,True,
1.8,0.238,0.9325,0.007124999999999999,1.3309721603266647,True,
1.8,0.238,0.9325,0.0072499999999999995,1.3315972164294572,True,
1.8,0.238,0.9325,0.007375,1.332224250917589,True,
1.8,0.238,0.9325,0.0075,1.3328532459639053,True,
1.8,0.238,0.9325,0.007625,1.333484183456265,True,
1.8,0.238,0.9325,0.00775,1.3341170449932045,True,
1.8,0.238,0.9325,0.007875,1.3347518118788209,True,
1.8,0.238,0.9325,0.008,1.3353884651341212,True,
1.8,0.238,0.935,0.0005,1.4080646271047812,True,
1.8,0.238,0.935,0.000625,1.4086578531059495,True,
1.8,0.238,0.935,0.00075,1.409254489918729,True,
1.8,0.238,0.935,0.000875,1.4098545342106512,True,
1.8,0.238,0.935,0.001,1.4104579821923178,True,
1.8,0.238,0.935,0.0011250000000000001,1.4110648297657244,True,
1.8,0.238,0.935,0.00125,1.4116750725730083,True,
1.8,0.238,0.935,0.001375,1.4122887060088891,True,
1.8,0.238,0.935,0.0015,1.4129057252154968,True,
1.8,0.238,0.935,0.0016250000000000001,1.4135261250884195,True,
1.8,0.238,0.935,0.00175,1.4141499002916296,True,
1.8,0.238,0.935,0.001875,1.4147770452184503,True,
1.8,0.238,0.935,0.002,1.4154075540408226,True,
1.8,0.238,0.935,0.002125,1.4160414206566578,True,
1.8,0.238,0.935,0.0022500000000000003,1.4166786387413886,True,
1.8,0.238,0.935,0.002375,1.4173192017000797,True,
1.8,0.238,0.935,0.0025,1.4179631026801138,True,
1.8,0.238,0.935,0.002625,1.4186103345849224,True,
1.8,0.238,0.935,0.0027500000000000003,1.4192608900539476,True,
1.8,0.238,0.935,0.002875,1.4199147614668792,True,
1.8,0.238,0.935,0.003,1.4205719409417246,True,
1.8,0.238,0.935,0.003125,1.421232420332408,True,
1.8,0.238,0.935,0.00325,1.4218961912271308,True,
1.8,0.238,0.935,0.003375,1.4225632449474022,True,
1.8,0.238,0.935,0.0035,1.4232335725355552,True,
1.8,0.238,0.935,0.003625,1.4239071647775834,True,
1.8,0.238,0.935,0.0037500000000000003,1.4245840121674842,True,
1.8,0.238,0.935,0.003875,1.4252641049378025,True,
1.8,0.238,0.935,0.004,1.4259474330309376,True,
1.8,0.238,0.935,0.004125,1.4266339861131658,True,
1.8,0.238,0.935,0.00425,1.427323753570053,True,
1.8,0.238,0.935,0.004375,1.4280167244919058,True,
1.8,0.238,0.935,0.0045000000000000005,1.4287128876956992,True,
1.8,0.238,0.935,0.004625000000000001,1.4294122316920828,True,
1.8,0.238,0.935,0.004750000000000001,1.4301147447138245,True,
1.8,0.238,0.935,0.004875000000000001,1.4308204146913146,True,
1.8,0.238,0.935,0.005000000000000001,1.4315292292591049,True,
1.8,0.238,0.935,0.005124999999999999,1.4322411757529379,True,
1.8,0.238,0.935,0.0052499999999999995,1.4329562412071217,True,
1.8,0.238,0.935,0.005375,1.4336744123512686,True,
1.8,0.238,0.935,0.0055,1.4343956756107785,True,
1.8,0.238,0.935,0.005625,1.4351200170964138,True,
1.8,0.238,0.935,0.00575,1.4358474226166449,True,
1.8,0.238,0.935,0.005875,1.436577877656916,True,
1.8,0.238,0.935,0.006,1.4373113673938966,True,
1.8,0.238,0.935,0.006125,1.4380478766787865,True,
1.8,0.238,0.935,0.00625,1.4387873900524972,True,
1.8,0.238,0.935,0.0063750000000000005,1.4395298917193529,True,
1.8,0.238,0.935,0.006500000000000001,1.4402753655674834,True,
1.8,0.238,0.935,0.006625000000000001,1.4410237951515121,True,
1.8,0.238,0.935,0.006750000000000001,1.4417751636913299,True,
1.8,0.238,0.935,0.006875000000000001,1.442529454085466,True,
1.8,0.238,0.935,0.007000000000000001,1.4432866488827185,True,
1.8,0.238,0.935,0.007124999999999999,1.444046730299589,True,
1.8,0.238,0.935,0.0072499999999999995,1.4448096802130654,True,
1.8,0.238,0.935,0.007375,1.4455754801471759,True,
1.8,0.238,0.935,0.0075,1.4463441112904034,True,
1.8,0.238,0.935,0.007625,1.4471155544767649,True,
1.8,0.238,0.935,0.00775,1.4478897901856225,True,
1.8,0.238,0.935,0.007875,1.4486667985442652,True,
1.8,0.238,0.935,0.008,1.4494465593219443,True,
1.8,0.238,0.9375,0.0005,1.5225144594109352,True,
1.8,0.238,0.9375,0.000625,1.523213596067526,True,
1.8,0.238,0.9375,0.00075,1.5239172309995908,True,
1.8,0.238,0.9375,0.000875,1.5246253630887434,True,
1.8,0.238,0.9375,0.001,1.52533799076623,True,
1.8,0.238,0.9375,0.0011250000000000001,1.5260551121223644,True,
1.8,0.238,0.9375,0.00125,1.5267767249750586,True,
1.8,0.238,0.9375,0.001375,1.5275028268663042,True,
1.8,0.238,0.9375,0.0015,1.5282334150578119,True,
1.8,0.238,0.9375,0.0016250000000000001,1.5289684865629443,True,
1.8,0.238,0.9375,0.00175,1.529708038109702,True,
1.8,0.238,0.9375,0.001875,1.530452066166002,True,
1.8,0.238,0.9375,0.002,1.5312005669154567,True,
1.8,0.238,0.9375,0.002125,1.5319535362742551,True,
1.8,0.238,0.9375,0.0022500000000000003,1.5327109698863706,True,
1.8,0.238,0.9375,0.002375,1.5334728631129086,True,
1.8,0.238,0.9375,0.0025,1.5342392110295553,True,
1.8,0.238,0.9375,0.002625,1.5350100084316596,True,
1.8,0.238,0.9375,0.0027500000000000003,1.5357852498244464,True,
1.8,0.238,0.9375,0.002875,1.5365649294214658,True,
1.8,0.238,0.9375,0.003,1.5373490411596649,True,
1.8,0.238,0.9375,0.003125,1.5381375786612617,True,
1.8,0.238,0.9375,0.00325,1.5389305352655644,True,
1.8,0.238,0.9375,0.003375,1.5397279039984866,True,
1.8,0.238,0.9375,0.0035,1.5405296775932933,True,
1.8,0.238,0.9375,0.003625,1.541335848476421,True,
1.8,0.238,0.9375,0.0037500000000000003,1.542146408758594,True,
1.8,0.238,0.9375,0.003875,1.5429613502407595,True,
1.8,0.238,0.9375,0.004,1.543780664416639,True,
1.8,0.238,0.9375,0.004125,1.5446043424527487,True,
1.8,0.238,0.9375,0.00425,1.545432375203283,True,
1.8,0.238,0.9375,0.004375,1.5462647531850038,True,
1.8,0.238,0.9375,0.0045000000000000005,1.547101466602939,True,
1.8,0.238,0.9375,0.004625000000000001,1.5479425053239808,True,
1.8,0.238,0.9375,0.004750000000000001,1.548787858883165,True,
1.8,0.238,0.9375,0.004875000000000001,1.549637516478218,True,
1.8,0.238,0.9375,0.005000000000000001,1.5504914669726695,True,
1.8,0.238,0.9375,0.005124999999999999,1.551349698878616,True,
1.8,0.238,0.9375,0.0052499999999999995,1.5522122003672778,True,
1.8,0.238,0.9375,0.005375,1.5530789592593433,True,
1.8,0.238,0.9375,0.0055,1.553949963023607,True,
1.8,0.238,0.9375,0.005625,1.554825198772567,True,
1.8,0.238,0.9375,0.00575,1.555704653254325,True,
1.8,0.238,0.9375,0.005875,1.5565883128615048,True,
1.8,0.238,0.9375,0.006,1.557476163616326,True,
1.8,0.238,0.9375,0.006125,1.5583681911714917,True,
1.8,0.238,0.9375,0.00625,1.5592643808029298,True,
1.8,0.238,0.9375,0.0063750000000000005,1.56016471741739,True,
1.8,0.238,0.9375,0.006500000000000001,1.561069185533901,True,
1.8,0.238,0.9375,0.006625000000000001,1.5619777692866106,True,
1.8,0.238,0.9375,0.006750000000000001,1.5628904524311347,True,
1.8,0.238,0.9375,0.006875000000000001,1.5638072183164196,True,
1.8,0.238,0.9375,0.007000000000000001,1.5647280499102654,True,
1.8,0.238,0.9375,0.007124999999999999,1.5656529297701631,True,
1.8,0.238,0.9375,0.0072499999999999995,1.5665818400607072,True,
1.8,0.238,0.9375,0.007375,1.5675147625323564,True,
1.8,0.238,0.9375,0.0075,1.5684516785269147,True,
1.8,0.238,0.9375,0.007625,1.5693925689737553,True,
1.8,0.238,0.9375,0.00775,1.5703374143824236,True,
1.8,0.238,0.9375,0.007875,1.5712861948365924,True,
1.8,0.238,0.9375,0.008,1.5722388900014383,True,
1.8,0.238,0.9400000000000001,0.0005,1.6444555991389027,True,
1.8,0.238,0.9400000000000001,0.000625,1.6452760967819098,True,
1.8,0.238,0.9400000000000001,0.00075,1.6461024555435755,True,
1.8,0.238,0.9400000000000001,0.000875,1.6469346779087388,True,
1.8,0.238,0.9400000000000001,0.001,1.6477727659333932,True,
1.8,0.238,0.9400000000000001,0.0011250000000000001,1.6486167213398724,True,
1.8,0.238,0.9400000000000001,0.00125,1.64946654555454,True,
1.8,0.238,0.9400000000000001,0.001375,1.6503222397172015,True,
1.8,0.238,0.9400000000000001,0.0015,1.6511838046985525,True,
1.8,0.238,0.9400000000000001,0.0016250000000000001,1.6520512410773407,True,
1.8,0.238,0.9400000000000001,0.00175,1.6529245491471585,True,
1.8,0.238,0.9400000000000001,0.001875,1.653803728941708,True,
1.8,0.238,0.9400000000000001,0.002,1.6546887801838759,True,
1.8,0.238,0.9400000000000001,0.002125,1.655579702316568,True,
1.8,0.238,0.9400000000000001,0.0022500000000000003,1.6564764945088002,True,
1.8,0.238,0.9400000000000001,0.002375,1.6573791556104591,True,
1.8,0.238,0.9400000000000001,0.0025,1.6582876841780154,True,
1.8,0.238,0.9400000000000001,0.002625,1.6592020784829082,True,
1.8,0.238,0.9400000000000001,0.0027500000000000003,1.6601223364775446,True,
1.8,0.238,0.9400000000000001,0.002875,1.6610484558148986,True,
1.8,0.238,0.9400000000000001,0.003,1.6619804338265474,True,
1.8,0.238,0.9400000000000001,0.003125,1.6629182675442444,True,
1.8,0.238,0.9400000000000001,0.00325,1.6638619536746695,True,
1.8,0.238,0.9400000000000001,0.003375,1.6648114885987026,True,
1.8,0.238,0.9400000000000001,0.0035,1.6657668683854308,True,
1.8,0.238,0.9400000000000001,0.003625,1.6667280887560867,True,
1.8,0.238,0.9400000000000001,0.0037500000000000003,1.6676951451222861,True,
1.8,0.238,0.9400000000000001,0.003875,1.6686680325340535,True,
1.8,0.238,0.9400000000000001,0.004,1.6696467457230644,True,
1.8,0.238,0.9400000000000001,0.004125,1.6706312790661484,True,
1.8,0.238,0.9400000000000001,0.00425,1.6716216265962858,True,
1.8,0.238,0.9400000000000001,0.004375,1.6726177819895718,True,
1.8,0.238,0.9400000000000001,0.0045000000000000005,1.6736197385731681,True,
1.8,0.238,0.9400000000000001,0.004625000000000001,1.6746274893114155,True,
1.8,0.238,0.9400000000000001,0.004750000000000001,1.6756410267946902,True,
1.8,0.238,0.9400000000000001,0.004875000000000001,1.67666034326622,True,
1.8,0.238,0.9400000000000001,0.005000000000000001,1.6776854305731872,True,
1.8,0.238,0.9400000000000001,0.005124999999999999,1.6787162802023268,True,
1.8,0.238,0.9400000000000001,0.0052499999999999995,1.6797528832519992,True,
1.8,0.238,0.9400000000000001,0.005375,1.6807952304343,True,
1.8,0.238,0.9400000000000001,0.0055,1.6818433120765715,True,
1.8,0.238,0.9400000000000001,0.005625,1.682897118103062,True,
1.8,0.238,0.9400000000000001,0.00575,1.6839566380427502,True,
1.8,0.238,0.9400000000000001,0.005875,1.685021861023123,True,
1.8,0.238,0.9400000000000001,0.006,1.686092775759587,True,
1.8,0.238,0.9400000000000001,0.006125,1.6871693705508022,True,
1.8,0.238,0.9400000000000001,0.00625,1.688251633286897,True,
1.8,0.238,0.9400000000000001,0.0063750000000000005,1.6893395514216514,True,
1.8,0.238,0.9400000000000001,0.006500000000000001,1.6904331119921134,True,
1.8,0.238,0.9400000000000001,0.006625000000000001,1.6915323015966597,True,
1.8,0.238,0.9400000000000001,0.006750000000000001,1.6926371063947574,True,
1.8,0.238,0.9400000000000001,0.006875000000000001,1.6937475121053729,True,
1.8,0.238,0.9400000000000001,0.007000000000000001,1.6948635039960995,True,
1.8,0.238,0.9400000000000001,0.007124999999999999,1.6959850668842156,True,
1.8,0.238,0.9400000000000001,0.0072499999999999995,1.697112185123757,True,
1.8,0.238,0.9400000000000001,0.007375,1.6982448426076797,True,
1.8,0.238,0.9400000000000001,0.0075,1.699383022759134,True,
1.8,0.238,0.9400000000000001,0.007625,1.700526708524665,True,
1.8,0.238,0.9400000000000001,0.00775,1.7016758823708409,True,
1.8,0.238,0.9400000000000001,0.007875,1.7028305262798071,True,
1.8,0.238,0.9400000000000001,0.008,1.7039906217374052,True,
1.8,0.238,0.9425,0.0005,1.7738045794197885,True,
1.8,0.238,0.9425,0.000625,1.7747626525174665,True,
1.8,0.238,0.9425,0.00075,1.7757282708479671,True,
1.8,0.238,0.9425,0.000875,1.7767014423963097,True,
1.8,0.238,0.9425,0.001,1.7776821747411105,True,
1.8,0.238,0.9425,0.0011250000000000001,1.7786704751148728,True,
1.8,0.238,0.9425,0.00125,1.7796663505108399,True,
1.8,0.238,0.9425,0.001375,1.780669807612503,True,
1.8,0.238,0.9425,0.0015,1.7816808528516654,True,
1.8,0.238,0.9425,0.0016250000000000001,1.7826994923869883,True,
1.8,0.238,0.9425,0.00175,1.7837257321041076,True,
1.8,0.238,0.9425,0.001875,1.7847595776218024,True,
1.8,0.238,0.9425,0.002,1.7858010342691515,True,
1.8,0.238,0.9425,0.002125,1.7868501071023706,True,
1.8,0.238,0.9425,0.0022500000000000003,1.7879068008987222,True,
1.8,0.238,0.9425,0.002375,1.7889711201333978,True,
1.8,0.238,0.9425,0.0025,1.7900430690003408,True,
1.8,0.238,0.9425,0.002625,1.7911226513923355,True,
1.8,0.238,0.9425,0.0027500000000000003,1.792209870914176,True,
1.8,0.238,0.9425,0.002875,1.7933047308523287,True,
1.8,0.238,0.9425,0.003,1.7944072341889477,True,
1.8,0.238,0.9425,0.003125,1.7955173835952458,True,
1.8,0.238,0.9425,0.00325,1.7966351814348422,True,
1.8,0.238,0.9425,0.003375,1.797760629747571,True,
1.8,0.238,0.9425,0.0035,1.7988937302296466,True,
1.8,0.238,0.9425,0.003625,1.800034484272803,True,
1.8,0.238,0.9425,0.0037500000000000003,1.801182892921737,True,
1.8,0.238,0.9425,0.003875,1.8023389568846886,True,
1.8,0.238,0.9425,0.004,1.8035026765275233,True,
1.8,0.238,0.9425,0.004125,1.8046740518637594,True,
1.8,0.238,0.9425,0.00425,1.8058530825539694,True,
1.8,0.238,0.9425,0.004375,1.807039767913014,True,
1.8,0.238,0.9425,0.0045000000000000005,1.8082341068732468,True,
1.8,0.238,0.9425,0.004625000000000001,1.809436098009666,True,
1.8,0.238,0.9425,0.004750000000000001,1.8106457395208795,True,
1.8,0.238,0.9425,0.004875000000000001,1.811863029229146,True,
1.8,0.238,0.9425,0.005000000000000001,1.813087964565499,True,
1.8,0.238,0.9425,0.005124999999999999,1.8143205425761901,True,
1.8,0.238,0.9425,0.0052499999999999995,1.815560759912212,True,
1.8,0.238,0.9425,0.005375,1.8168086128258374,True,
1.8,0.238,0.9425,0.0055,1.818064097150626,True,
1.8,0.238,0.9425,0.005625,1.8193272083228709,True,
1.8,0.238,0.9425,0.00575,1.8205979413494424,True,
1.8,0.238,0.9425,0.005875,1.8218762908165385,True,
1.8,0.238,0.9425,0.006,1.8231622508789551,True,
1.8,0.238,0.9425,0.006125,1.8244558152552135,True,
1.8,0.238,0.9425,0.00625,1.825756977221043,True,
1.8,0.238,0.9425,0.0063750000000000005,1.827065729600341,True,
1.8,0.238,0.9425,0.006500000000000001,1.8283820647624447,True,
1.8,0.238,0.9425,0.006625000000000001,1.8297059746169906,True,
1.8,0.238,0.9425,0.006750000000000001,1.8310374505997797,True,
1.8,0.238,0.9425,0.006875000000000001,1.8323764836745984,True,
1.8,0.238,0.9425,0.007000000000000001,1.833723064320807,True,
1.8,0.238,0.9425,0.007124999999999999,1.8350771825291836,True,
1.8,0.238,0.9425,0.0072499999999999995,1.836438827792713,True,
1.8,0.238,0.9425,0.007375,1.8378079891037729,True,
1.8,0.238,0.9425,0.0075,1.839184654941422,True,
1.8,0.238,0.9425,0.007625,1.8405688132649363,True,
1.8,0.238,0.9425,0.00775,1.8419604515156918,True,
1.8,0.238,0.9425,0.007875,1.843359556594703,True,
1.8,0.238,0.9425,0.008,1.8447661148671552,True,
1.8,0.238,0.9450000000000001,0.0005,1.9102947012005702,True,
1.8,0.238,0.9450000000000001,0.000625,1.9114067249180124,True,
1.8,0.238,0.9450000000000001,0.00075,1.912528343668005,True,
1.8,0.238,0.9450000000000001,0.000875,1.9136595733161021,True,
1.8,0.238,0.9450000000000001,0.001,1.9148004293715466,True,
1.8,0.238,0.9450000000000001,0.0011250000000000001,1.9159509270539037,True,
1.8,0.238,0.9450000000000001,0.00125,1.9171110813785077,True,
1.8,0.238,0.9450000000000001,0.001375,1.9182809070997648,True,
1.8,0.238,0.9450000000000001,0.0015,1.9194604187733293,True,
1.8,0.238,0.9450000000000001,0.0016250000000000001,1.9206496307076446,True,
1.8,0.238,0.9450000000000001,0.00175,1.9218485569973474,True,
1.8,0.238,0.9450000000000001,0.001875,1.923057211512945,True,
1.8,0.238,0.9450000000000001,0.002,1.9242756078681615,True,
1.8,0.238,0.9450000000000001,0.002125,1.9255037594528592,True,
1.8,0.238,0.9450000000000001,0.0022500000000000003,1.9267416794088887,True,
1.8,0.238,0.9450000000000001,0.002375,1.927989380644261,True,
1.8,0.238,0.9450000000000001,0.0025,1.9292468757901562,True,
1.8,0.238,0.9450000000000001,0.002625,1.9305141772533772,True,
1.8,0.238,0.9450000000000001,0.0027500000000000003,1.9317912971551885,True,
1.8,0.238,0.9450000000000001,0.002875,1.9330782473715415,True,
1.8,0.238,0.9450000000000001,0.003,1.9343750394999222,True,
1.8,0.238,0.9450000000000001,0.003125,1.935681684869026,True,
1.8,0.238,0.9450000000000001,0.00325,1.936998194520503,True,
1.8,0.238,0.9450000000000001,0.003375,1.9383245792242432,True,
1.8,0.238,0.9450000000000001,0.0035,1.9396608494579515,True,
1.8,0.238,0.9450000000000001,0.003625,1.9410070154009786,True,
1.8,0.238,0.9450000000000001,0.0037500000000000003,1.9423630869382267,True,
1.8,0.238,0.9450000000000001,0.003875,1.9437290736493855,True,
1.8,0.238,0.9450000000000001,0.004,1.9451049848042956,True,
1.8,0.238,0.9450000000000001,0.004125,1.946490829357535,True,
1.8,0.238,0.9450000000000001,0.00425,1.9478866159447186,True,
1.8,0.238,0.9450000000000001,0.004375,1.949292352865231,True,
1.8,0.238,0.9450000000000001,0.0045000000000000005,1.9507080480998764,True,
1.8,0.238,0.9450000000000001,0.004625000000000001,1.9521337092787394,True,
1.8,0.238,0.9450000000000001,0.004750000000000001,1.9535693436992907,True,
1.8,0.238,0.9450000000000001,0.004875000000000001,1.9550149582890566,True,
1.8,0.238,0.9450000000000001,0.005000000000000001,1.9564705596334038,True,
1.8,0.238,0.9450000000000001,0.005124999999999999,1.957936153952711,True,
1.8,0.238,0.9450000000000001,0.0052499999999999995,1.959411747084061,True,
1.8,0.238,0.9450000000000001,0.005375,1.9608973445001294,True,
1.8,0.238,0.9450000000000001,0.0055,1.9623929512825617,True,
1.8,0.238,0.9450000000000001,0.005625,1.9638985721235562,True,
1.8,0.238,0.9450000000000001,0.00575,1.9654142113129267,True,
1.8,0.238,0.9450000000000001,0.005875,1.9669398727392846,True,
1.8,0.238,0.9450000000000001,0.006,1.9684755598783625,True,
1.8,0.238,0.9450000000000001,0.006125,1.9700212757783464,True,
1.8,0.238,0.9450000000000001,0.00625,1.9715770230637153,True,
1.8,0.238,0.9450000000000001,0.0063750000000000005,1.9731428039202477,True,
1.8,0.238,0.9450000000000001,0.006500000000000001,1.974718620096916,True,
1.8,0.238,0.9450000000000001,0.006625000000000001,1.9763044728817123,True,
1.8,0.238,0.9450000000000001,0.006750000000000001,1.9779003631040954,True,
1.8,0.238,0.9450000000000001,0.006875000000000001,1.9795062911263892,True,
1.8,0.238,0.9450000000000001,0.007000000000000001,1.981122256833339,True,
1.8,0.238,0.9450000000000001,0.007124999999999999,1.9827482596244115,True,
1.8,0.238,0.9450000000000001,0.0072499999999999995,1.984384298401199,True,
1.8,0.238,0.9450000000000001,0.007375,1.9860303715671381,True,
1.8,0.238,0.9450000000000001,0.0075,1.987686477010005,True,
1.8,0.238,0.9450000000000001,0.007625,1.9893526120943756,True,
1.8,0.238,0.9450000000000001,0.00775,1.991028773658815,True,
1.8,0.238,0.9450000000000001,0.007875,1.9927149579959218,True,
1.8,0.238,0.9450000000000001,0.008,1.9944111608518447,True,
1.8,0.238,0.9475,0.0005,2.053435823485393,True,
1.8,0.238,0.9475,0.000625,2.054717462272762,True,
1.8,0.238,0.9475,0.00075,2.056011149577718,True,
1.8,0.238,0.9475,0.000875,2.0573169120481487,True,
1.8,0.238,0.9475,0.001,2.058634776081883,True,
1.8,0.238,0.9475,0.0011250000000000001,2.0599647678963264,True,
1.8,0.238,0.9475,0.00125,2.0613069135669604,True,
1.8,0.238,0.9475,0.001375,2.0626612390441132,True,
1.8,0.238,0.9475,0.0015,2.0640277701290914,True,
1.8,0.238,0.9475,0.0016250000000000001,2.065406532513522,True,
1.8,0.238,0.9475,0.00175,2.066797551728987,True,
1.8,0.238,0.9475,0.001875,2.0682008531816067,True,
1.8,0.238,0.9475,0.002,2.0696164621470863,True,
1.8,0.238,0.9475,0.002125,2.0710444037336164,True,
1.8,0.238,0.9475,0.0022500000000000003,2.072484702911166,True,
1.8,0.238,0.9475,0.002375,2.0739373845071656,True,
1.8,0.238,0.9475,0.0025,2.0754024731668697,True,
1.8,0.238,0.9475,0.002625,2.076879993399464,True,
1.8,0.238,0.9475,0.0027500000000000003,2.0783699695277353,True,
1.8,0.238,0.9475,0.002875,2.07987242572047,True,
1.8,0.238,0.9475,0.003,2.081387385962096,True,
1.8,0.238,0.9475,0.003125,2.0829148740532433,True,
1.8,0.238,0.9475,0.00325,2.0844549136163875,True,
1.8,0.238,0.9475,0.003375,2.086007528081001,True,
1.8,0.238,0.9475,0.0035,2.0875727406810167,True,
1.8,0.238,0.9475,0.003625,2.0891505744514642,True,
1.8,0.238,0.9475,0.0037500000000000003,2.0907410522136005,True,
1.8,0.238,0.9475,0.003875,2.092344196582362,True,
1.8,0.238,0.9475,0.004,2.093960029957184,True,
1.8,0.238,0.9475,0.004125,2.0955885745085947,True,
1.8,0.238,0.9475,0.00425,2.0972298521779145,True,
1.8,0.238,0.9475,0.004375,2.098883884669387,True,
1.8,0.238,0.9475,0.0045000000000000005,2.100550693452829,True,
1.8,0.238,0.9475,0.004625000000000001,2.102230299737818,True,
1.8,0.238,0.9475,0.004750000000000001,2.103922724476941,True,
1.8,0.238,0.9475,0.004875000000000001,2.1056279883781412,True,
1.8,0.238,0.9475,0.005000000000000001,2.1073461118603687,True,
1.8,0.238,0.9475,0.005124999999999999,2.1090771150744128,True,
1.8,0.238,0.9475,0.0052499999999999995,2.110821017889302,True,
1.8,0.238,0.9475,0.005375,2.112577839877303,True,
1.8,0.238,0.9475,0.0055,2.114347600315115,True,
1.8,0.238,0.9475,0.005625,2.116130318171022,True,
1.8,0.238,0.9475,0.00575,2.117926012103975,True,
1.8,0.238,0.9475,0.005875,2.119734700443577,True,
1.8,0.238,0.9475,0.006,2.1215564011886037,True,
1.8,0.238,0.9475,0.006125,2.1233911320036207,True,
1.8,0.238,0.9475,0.00625,2.1252389102073153,True,
1.8,0.238,0.9475,0.0063750000000000005,2.12709975274725,True,
1.8,0.238,0.9475,0.006500000000000001,2.1289736762251716,True,
1.8,0.238,0.9475,0.006625000000000001,2.130860696853798,True,
1.8,0.238,0.9475,0.006750000000000001,2.132760830462969,True,
1.8,0.238,0.9475,0.006875000000000001,2.134674092494385,True,
1.8,0.238,0.9475,0.007000000000000001,2.1366004979868554,True,
1.8,0.238,0.9475,0.007124999999999999,2.138540061557368,True,
1.8,0.238,0.9475,0.0072499999999999995,2.1404927974080574,True,
1.8,0.238,0.9475,0.007375,2.142458719299018,True,
1.8,0.238,0.9475,0.0075,2.144437840558351,True,
1.8,0.238,0.9475,0.007625,2.146430174042405,True,
1.8,0.238,0.9475,0.00775,2.148435732158932,True,
1.8,0.238,0.9475,0.007875,2.150454526825393,True,
1.8,0.238,0.9475,0.008,2.1524865694763196,True,
1.8,0.238,0.9500000000000001,0.0005,2.202474663593375,True,
1.8,0.238,0.9500000000000001,0.000625,2.2039397038616175,True,
1.8,0.238,0.9500000000000001,0.00075,2.2054196749459014,True,
1.8,0.238,0.9500000000000001,0.000875,2.206914617631649,True,
1.8,0.238,0.9500000000000001,0.001,2.2084245726361615,True,
1.8,0.238,0.9500000000000001,0.0011250000000000001,2.2099495806666565,True,
1.8,0.238,0.9500000000000001,0.00125,2.21148968242798,True,
1.8,0.238,0.9500000000000001,0.001375,2.2130449186537056,True,
1.8,0.238,0.9500000000000001,0.0015,2.2146153301217635,True,
1.8,0.238,0.9500000000000001,0.0016250000000000001,2.216200957619394,True,
1.8,0.238,0.9500000000000001,0.00175,2.2178018419618803,True,
1.8,0.238,0.9500000000000001,0.001875,2.2194180239953067,True,
1.8,0.238,0.9500000000000001,0.002,2.2210495445819425,True,
1.8,0.238,0.9500000000000001,0.002125,2.2226964446028514,True,
1.8,0.238,0.9500000000000001,0.0022500000000000003,2.2243587649541863,True,
1.8,0.238,0.9500000000000001,0.002375,2.2260365465421534,True,
1.8,0.238,0.9500000000000001,0.0025,2.2277298302901976,True,
1.8,0.238,0.9500000000000001,0.002625,2.229438657107069,True,
1.8,0.238,0.9500000000000001,0.0027500000000000003,2.231163067927845,True,
1.8,0.238,0.9500000000000001,0.002875,2.232903103664387,True,
1.8,0.238,0.9500000000000001,0.003,2.2346588052323897,True,
1.8,0.238,0.9500000000000001,0.003125,2.2364302135370164,True,
1.8,0.238,0.9500000000000001,0.00325,2.2382173694572227,True,
1.8,0.238,0.9500000000000001,0.003375,2.2400203138675634,True,
1.8,0.238,0.9500000000000001,0.0035,2.2418390876187377,True,
1.8,0.238,0.9500000000000001,0.003625,2.243673731512627,True,
1.8,0.238,0.9500000000000001,0.0037500000000000003,2.245524286338931,True,
1.8,0.238,0.9500000000000001,0.003875,2.2473907928396843,True,
1.8,0.238,0.9500000000000001,0.004,2.2492732917213676,True,
1.8,0.238,0.9500000000000001,0.004125,2.251171823627816,True,
1.8,0.238,0.9500000000000001,0.00425,2.253086429155849,True,
1.8,0.238,0.9500000000000001,0.004375,2.255017148850785,True,
1.8,0.238,0.9500000000000001,0.0045000000000000005,2.256964023173991,True,
1.8,0.238,0.9500000000000001,0.004625000000000001,2.2589270925269016,True,
1.8,0.238,0.9500000000000001,0.004750000000000001,2.260906397233215,True,
1.8,0.238,0.9500000000000001,0.004875000000000001,2.262901977526503,True,
1.8,0.238,0.9500000000000001,0.005000000000000001,2.2649138735573255,True,
1.8,0.238,0.9500000000000001,0.005124999999999999,2.266942125369029,True,
1.8,0.238,0.9500000000000001,0.0052499999999999995,2.2689867729041597,True,
1.8,0.238,0.9500000000000001,0.005375,2.2710478560005867,True,
1.8,0.238,0.9500000000000001,0.0055,2.2731254143652713,True,
1.8,0.238,0.9500000000000001,0.005625,2.2752194875867398,True,
1.8,0.238,0.9500000000000001,0.00575,2.27733011511906,True,
1.8,0.238,0.9500000000000001,0.005875,2.279457336267101,True,
1.8,0.238,0.9500000000000001,0.006,2.2816011901955267,True,
1.8,0.238,0.9500000000000001,0.006125,2.2837617159048587,True,
1.8,0.238,0.9500000000000001,0.00625,2.285938952230633,True,
1.8,0.238,0.9500000000000001,0.0063750000000000005,2.288132937825665,True,
1.8,0.238,0.9500000000000001,0.006500000000000001,2.2903437111732767,True,
1.8,0.238,0.9500000000000001,0.006625000000000001,2.292571310544628,True,
1.8,0.238,0.9500000000000001,0.006750000000000001,2.2948157740228288,True,
1.8,0.238,0.9500000000000001,0.006875000000000001,2.297077139467039,True,
1.8,0.238,0.9500000000000001,0.007000000000000001,2.299355444517369,True,
1.8,0.238,0.9500000000000001,0.007124999999999999,2.3016507265811277,True,
1.8,0.238,0.9500000000000001,0.0072499999999999995,2.3039630228240457,True,
1.8,0.238,0.9500000000000001,0.007375,2.3062923701491607,True,
1.8,0.238,0.9500000000000001,0.0075,2.3086388052078295,True,
1.8,0.238,0.9500000000000001,0.007625,2.311002364358068,True,
1.8,0.238,0.9500000000000001,0.00775,2.3133830836812805,True,
1.8,0.238,0.9500000000000001,0.007875,2.31578099895925,True,
1.8,0.238,0.9500000000000001,0.008,2.3181961456529763,True,
1.8,0.238,0.9525,0.0005,2.356359500320009,True,
1.8,0.238,0.9525,0.000625,2.35801839108478,True,
1.8,0.238,0.9525,0.00075,2.3596955281032366,True,
1.8,0.238,0.9525,0.000875,2.361390969967045,True,
1.8,0.238,0.9525,0.001,2.363104775418593,True,
1.8,0.238,0.9525,0.0011250000000000001,2.364837003416346,True,
1.8,0.238,0.9525,0.00125,2.3665877131983564,True,
1.8,0.238,0.9525,0.001375,2.3683569642493754,True,
1.8,0.238,0.9525,0.0015,2.3701448163471364,True,
1.8,0.238,0.9525,0.0016250000000000001,2.3719513295012695,True,
1.8,0.238,0.9525,0.00175,2.373776564031501,True,
1.8,0.238,0.9525,0.001875,2.375620580518346,True,
1.8,0.238,0.9525,0.002,2.3774834398017854,True,
1.8,0.238,0.9525,0.002125,2.379365203007113,True,
1.8,0.238,0.9525,0.0022500000000000003,2.381265931516169,True,
1.8,0.238,0.9525,0.002375,2.3831856869934507,True,
1.8,0.238,0.9525,0.0025,2.385124531355462,True,
1.8,0.238,0.9525,0.002625,2.387082526793498,True,
1.8,0.238,0.9525,0.0027500000000000003,2.3890597357563936,True,
1.8,0.238,0.9525,0.002875,2.391056220962333,True,
1.8,0.238,0.9525,0.003,2.393072045382966,True,
1.8,0.238,0.9525,0.003125,2.3951072722543256,True,
1.8,0.238,0.9525,0.00325,2.397161965059178,True,
1.8,0.238,0.9525,0.003375,2.3992361875419315,True,
1.8,0.238,0.9525,0.0035,2.4013300036964074,True,
1.8,0.238,0.9525,0.003625,2.4034434777639238,True,
1.8,0.238,0.9525,0.0037500000000000003,2.4055766742316815,True,
1.8,0.238,0.9525,0.003875,2.4077296578304628,True,
1.8,0.238,0.9525,0.004,2.4099024935260296,True,
1.8,0.238,0.9525,0.004125,2.4120952465256975,True,
1.8,0.238,0.9525,0.00425,2.4143079822782765,True,
1.8,0.238,0.9525,0.004375,2.416540766443308,True,
1.8,0.238,0.9525,0.0045000000000000005,2.4187936649181303,True,
1.8,0.238,0.9525,0.004625000000000001,2.4210667438256803,True,
1.8,0.238,0.9525,0.004750000000000001,2.4233600694970123,True,
1.8,0.238,0.9525,0.004875000000000001,2.4256737084784294,True,
1.8,0.238,0.9525,0.005000000000000001,2.4280077275336174,True,
1.8,0.238,0.9525,0.005124999999999999,2.430362193623396,True,
1.8,0.238,0.9525,0.0052499999999999995,2.4327371739100228,True,
1.8,0.238,0.9525,0.005375,2.4351327357527213,True,
1.8,0.238,0.9525,0.0055,2.437548946695895,True,
1.8,0.238,0.9525,0.005625,2.4399858744681997,True,
1.8,0.238,0.9525,0.00575,2.4424435869861223,True,
1.8,0.238,0.9525,0.005875,2.4449221523247964,True,
1.8,0.238,0.9525,0.006,2.447421638737583,True,
1.8,0.238,0.9525,0.006125,2.449942114625585,True,
1.8,0.238,0.9525,0.00625,2.4524836485519637,True,
1.8,0.238,0.9525,0.0063750000000000005,2.455046309227268,True,
1.8,0.238,0.9525,0.006500000000000001,2.4576301654966652,True,
1.8,0.238,0.9525,0.006625000000000001,2.460235286338851,True,
1.8,0.238,0.9525,0.006750000000000001,2.4628617408599345,True,
1.8,0.238,0.9525,0.006875000000000001,2.4655095982749566,True,
1.8,0.238,0.9525,0.007000000000000001,2.4681789279209836,True,
1.8,0.238,0.9525,0.007124999999999999,2.470869799220402,True,
1.8,0.238,0.9525,0.0072499999999999995,2.4735822817010646,True,
1.8,0.238,0.9525,0.007375,2.4763164449572224,True,
1.8,0.238,0.9525,0.0075,2.47907235867152,True,
1.8,0.238,0.9525,0.007625,2.4818500925849687,True,
1.8,0.238,0.9525,0.00775,2.4846497164909,True,
1.8,0.238,0.9525,0.007875,2.4874713002312157,True,
1.8,0.238,0.9525,0.008,2.4903149136694047,True,
1.8,0.238,0.9550000000000001,0.0005,2.513714353049838,True,
1.8,0.238,0.9550000000000001,0.000625,2.515572508257974,True,
1.8,0.238,0.9550000000000001,0.00075,2.5174526332811475,True,
1.8,0.238,0.9550000000000001,0.000875,2.5193548080533397,True,
1.8,0.238,0.9550000000000001,0.001,2.5212791130377434,True,
1.8,0.238,0.9550000000000001,0.0011250000000000001,2.5232256292242936,True,
1.8,0.238,0.9550000000000001,0.00125,2.525194438224666,True,
1.8,0.238,0.9550000000000001,0.001375,2.527185622240123,True,
1.8,0.238,0.9550000000000001,0.0015,2.5291992640713725,True,
1.8,0.238,0.9550000000000001,0.0016250000000000001,2.5312354471583847,True,
1.8,0.238,0.9550000000000001,0.00175,2.5332942555287006,True,
1.8,0.238,0.9550000000000001,0.001875,2.535375773867433,True,
1.8,0.238,0.9550000000000001,0.002,2.5374800874413035,True,
1.8,0.238,0.9550000000000001,0.002125,2.5396072821873803,True,
1.8,0.238,0.9550000000000001,0.0022500000000000003,2.5417574446489373,True,
1.8,0.238,0.9550000000000001,0.002375,2.543930661999264,True,
1.8,0.238,0.9550000000000001,0.0025,2.546127022054135,True,
1.8,0.238,0.9550000000000001,0.002625,2.548346613256891,True,
1.8,0.238,0.9550000000000001,0.0027500000000000003,2.5505895247160764,True,
1.8,0.238,0.9550000000000001,0.002875,2.552855846143222,True,
1.8,0.238,0.9550000000000001,0.003,2.555145667931242,True,
1.8,0.238,0.9550000000000001,0.003125,2.5574590810834414,True,
1.8,0.238,0.9550000000000001,0.00325,2.5597961772748956,True,
1.8,0.238,0.9550000000000001,0.003375,2.5621570488205485,True,
1.8,0.238,0.9550000000000001,0.0035,2.564541788686624,True,
1.8,0.238,0.9550000000000001,0.003625,2.5669504904842504,True,
1.8,0.238,0.9550000000000001,0.0037500000000000003,2.569383248491642,True,
1.8,0.238,0.9550000000000001,0.003875,2.571840157627727,True,
1.8,0.238,0.9550000000000001,0.004,2.574321313476073,True,
1.8,0.238,0.9550000000000001,0.004125,2.5768268122707823,True,
1.8,0.238,0.9550000000000001,0.00425,2.5793567509113378,True,
1.8,0.238,0.9550000000000001,0.004375,2.5819112269474815,True,
1.8,0.238,0.9550000000000001,0.0045000000000000005,2.5844903385826536,True,
1.8,0.238,0.9550000000000001,0.004625000000000001,2.587094184700681,True,
1.8,0.238,0.9550000000000001,0.004750000000000001,2.5897228648189574,True,
1.8,0.238,0.9550000000000001,0.004875000000000001,2.5923764791351034,True,
1.8,0.238,0.9550000000000001,0.005000000000000001,2.59505512849672,True,
1.8,0.238,0.9550000000000001,0.005124999999999999,2.597758914413361,True,
1.8,0.238,0.9550000000000001,0.0052499999999999995,2.6004879390549642,True,
1.8,0.238,0.9550000000000001,0.005375,2.603242305247964,True,
1.8,0.238,0.9550000000000001,0.0055,2.6060221164796467,True,
1.8,0.238,0.9550000000000001,0.005625,2.608827476896422,True,
1.8,0.238,0.9550000000000001,0.00575,2.6116584912970064,True,
1.8,0.238,0.9550000000000001,0.005875,2.6145152651429253,True,
1.8,0.238,0.9550000000000001,0.006,2.617397904539859,True,
1.8,0.238,0.9550000000000001,0.006125,2.6203065162606305,True,
1.8,0.238,0.9550000000000001,0.00625,2.6232412077125185,True,
1.8,0.238,0.9550000000000001,0.0063750000000000005,2.6262020869654807,True,
1.8,0.238,0.9550000000000001,0.006500000000000001,2.6291892627312023,True,
1.8,0.238,0.9550000000000001,0.006625000000000001,2.632202844366978,True,
1.8,0.238,0.9550000000000001,0.006750000000000001,2.635242941871445,True,
1.8,0.238,0.9550000000000001,0.006875000000000001,2.63830966588708,True,
1.8,0.238,0.9550000000000001,0.007000000000000001,2.641403127682474,True,
1.8,0.238,0.9550000000000001,0.007124999999999999,2.644523439175544,True,
1.8,0.238,0.9550000000000001,0.0072499999999999995,2.6476707128979804,True,
1.8,0.238,0.9550000000000001,0.007375,2.6508450620173782,True,
1.8,0.238,0.9550000000000001,0.0075,2.654046600316888,True,
1.8,0.238,0.9550000000000001,0.007625,2.657275442203037,True,
1.8,0.238,0.9550000000000001,0.00775,2.660531702689199,True,
1.8,0.238,0.9550000000000001,0.007875,2.663815497402399,True,
1.8,0.238,0.9550000000000001,0.008,2.667126942570689,True,
1.8,0.238,0.9575,0.0005,2.6728285888472825,True,
1.8,0.238,0.9575,0.000625,2.674884571947139,True,
1.8,0.238,0.9575,0.00075,2.676966594038621,True,
1.8,0.238,0.9575,0.000875,2.679074759472381,True,
1.8,0.238,0.9575,0.001,2.681209173560121,True,
1.8,0.238,0.9575,0.0011250000000000001,2.683369942572266,True,
1.8,0.238,0.9575,0.00125,2.685557173840277,True,
1.8,0.238,0.9575,0.001375,2.6877709757141672,True,
1.8,0.238,0.9575,0.0015,2.6900114575970577,True,
1.8,0.238,0.9575,0.0016250000000000001,2.692278729972643,True,
1.8,0.238,0.9575,0.00175,2.694572904363299,True,
1.8,0.238,0.9575,0.001875,2.696894093395439,True,
1.8,0.238,0.9575,0.002,2.6992424107730897,True,
1.8,0.238,0.9575,0.002125,2.701617971293607,True,
1.8,0.238,0.9575,0.0022500000000000003,2.7040208908754813,True,
1.8,0.238,0.9575,0.002375,2.706451286513627,True,
1.8,0.238,0.9575,0.0025,2.708909276357755,True,
1.8,0.238,0.9575,0.002625,2.7113949796713146,True,
1.8,0.238,0.9575,0.0027500000000000003,2.713908516843577,True,
1.8,0.238,0.9575,0.002875,2.716450009424695,True,
1.8,0.238,0.9575,0.003,2.7190195801167594,True,
1.8,0.238,0.9575,0.003125,2.7216173527666285,True,
1.8,0.238,0.9575,0.00325,2.7242434523959864,True,
1.8,0.238,0.9575,0.003375,2.726898005211559,True,
1.8,0.238,0.9575,0.0035,2.7295811385930895,True,
1.8,0.238,0.9575,0.003625,2.7322929811203323,True,
1.8,0.238,0.9575,0.0037500000000000003,2.7350336625626905,True,
1.8,0.238,0.9575,0.003875,2.737803313905291,True,
1.8,0.238,0.9575,0.004,2.74060206735413,True,
1.8,0.238,0.9575,0.004125,2.743430056334926,True,
1.8,0.238,0.9575,0.00425,2.746287415498544,True,
1.8,0.238,0.9575,0.004375,2.7491742807385626,True,
1.8,0.238,0.9575,0.0045000000000000005,2.752090789204482,True,
1.8,0.238,0.9575,0.004625000000000001,2.7550370792925287,True,
1.8,0.238,0.9575,0.004750000000000001,2.758013290667738,True,
1.8,0.238,0.9575,0.004875000000000001,2.7610195642599353,True,
1.8,0.238,0.9575,0.005000000000000001,2.764056042285112,True,
1.8,0.238,0.9575,0.005124999999999999,2.7671228682387397,True,
1.8,0.238,0.9575,0.0052499999999999995,2.7702201869145116,True,
1.8,0.238,0.9575,0.005375,2.77334814440442,True,
1.8,0.238,0.9575,0.0055,2.7765068881165704,True,
1.8,0.238,0.9575,0.005625,2.779696566764458,True,
1.8,0.238,0.9575,0.00575,2.782917330398412,True,
1.8,0.238,0.9575,0.005875,2.7861693303839288,True,
1.8,0.238,0.9575,0.006,2.7894527194441365,True,
1.8,0.238,0.9575,0.006125,2.79276765162983,True,
1.8,0.238,0.9575,0.00625,2.7961142823551106,True,
1.8,0.238,0.9575,0.0063750000000000005,2.7994927683931006,True,
1.8,0.238,0.9575,0.006500000000000001,2.8029032678771966,True,
1.8,0.238,0.9575,0.006625000000000001,2.8063459403194844,True,
1.8,0.238,0.9575,0.006750000000000001,2.8098209466124437,True,
1.8,0.238,0.9575,0.006875000000000001,2.8133284490340587,True,
1.8,0.238,0.9575,0.007000000000000001,2.816868611254178,True,
1.8,0.238,0.9575,0.007124999999999999,2.8204415983438023,True,
1.8,0.238,0.9575,0.0072499999999999995,2.8240475767746838,True,
1.8,0.238,0.9575,0.007375,2.8276867144445434,True,
1.8,0.238,0.9575,0.0075,2.8313591806496197,True,
1.8,0.238,0.9575,0.007625,2.835065146124903,True,
1.8,0.238,0.9575,0.00775,2.8388047830279897,True,
1.8,0.238,0.9575,0.007875,2.8425782649500375,True,
1.8,0.238,0.9575,0.008,2.846385766929659,True,
1.8,0.238,0.9600000000000001,0.0005,2.8316681158502015,True,
1.8,0.238,0.9600000000000001,0.000625,2.833911902754469,True,
1.8,0.238,0.9600000000000001,0.00075,2.8361860380129618,True,
1.8,0.238,0.9600000000000001,0.000875,2.838490652309635,True,
1.8,0.238,0.9600000000000001,0.001,2.8408258778125903,True,
1.8,0.238,0.9600000000000001,0.0011250000000000001,2.8431918481936003,True,
1.8,0.238,0.9600000000000001,0.00125,2.845588698660598,True,
1.8,0.238,0.9600000000000001,0.001375,2.8480165660152705,True,
1.8,0.238,0.9600000000000001,0.0015,2.8504755886498745,True,
1.8,0.238,0.9600000000000001,0.0016250000000000001,2.8529659065235555,True,
1.8,0.238,0.9600000000000001,0.00175,2.855487661267708,True,
1.8,0.238,0.9600000000000001,0.001875,2.8580409961097097,True,
1.8,0.238,0.9600000000000001,0.002,2.860626055949963,True,
1.8,0.238,0.9600000000000001,0.002125,2.863242987335184,True,
1.8,0.238,0.9600000000000001,0.0022500000000000003,2.8658919385282067,True,
1.8,0.238,0.9600000000000001,0.002375,2.8685730594530185,True,
1.8,0.238,0.9600000000000001,0.0025,2.8712865017787523,True,
1.8,0.238,0.9600000000000001,0.002625,2.874032418879841,True,
1.8,0.238,0.9600000000000001,0.0027500000000000003,2.8768109658917687,True,
1.8,0.238,0.9600000000000001,0.002875,2.8796222996999945,True,
1.8,0.238,0.9600000000000001,0.003,2.8824665789920725,True,
1.8,0.238,0.9600000000000001,0.003125,2.885343964223321,True,
1.8,0.238,0.9600000000000001,0.00325,2.8882546176762656,True,
1.8,0.238,0.9600000000000001,0.003375,2.8911987034561872,True,
1.8,0.238,0.9600000000000001,0.0035,2.894176387525251,True,
1.8,0.238,0.9600000000000001,0.003625,2.897187837694312,True,
1.8,0.238,0.9600000000000001,0.0037500000000000003,2.9002332236549533,True,
1.8,0.238,0.9600000000000001,0.003875,2.9033127170040096,True,
1.8,0.238,0.9600000000000001,0.004,2.906426491261029,True,
1.8,0.238,0.9600000000000001,0.004125,2.909574721854003,True,
1.8,0.238,0.9600000000000001,0.00425,2.91275758617659,True,
1.8,0.238,0.9600000000000001,0.004375,2.9159752635994565,True,
1.8,0.238,0.9600000000000001,0.0045000000000000005,2.9192279354636352,True,
1.8,0.238,0.9600000000000001,0.004625000000000001,2.9225157851236325,True,
1.8,0.238,0.9600000000000001,0.004750000000000001,2.9258389979562027,True,
1.8,0.238,0.9600000000000001,0.004875000000000001,2.9291977613783935,True,
1.8,0.238,0.9600000000000001,0.005000000000000001,2.932592264875196,True,
1.8,0.238,0.9600000000000001,0.005124999999999999,2.936022700005721,True,
1.8,0.238,0.9600000000000001,0.0052499999999999995,2.939489260426234,True,
1.8,0.238,0.9600000000000001,0.005375,2.9429921419166556,True,
1.8,0.238,0.9600000000000001,0.0055,2.946531542392456,True,
1.8,0.238,0.9600000000000001,0.005625,2.9501076619270203,True,
1.8,0.238,0.9600000000000001,0.00575,2.953720702769489,True,
1.8,0.238,0.9600000000000001,0.005875,2.9573708693716183,True,
1.8,0.238,0.9600000000000001,0.006,2.9610583683916714,True,
1.8,0.238,0.9600000000000001,0.006125,2.964783408736768,True,
1.8,0.238,0.9600000000000001,0.00625,2.968546201561414,True,
1.8,0.238,0.9600000000000001,0.0063750000000000005,2.972346960303989,True,
1.8,0.238,0.9600000000000001,0.006500000000000001,2.9761859007027742,True,
1.8,0.238,0.9600000000000001,0.006625000000000001,2.980063240809987,True,
1.8,0.238,0.9600000000000001,0.006750000000000001,2.9839792010261763,True,
1.8,0.238,0.9600000000000001,0.006875000000000001,2.987934004104216,True,
1.8,0.238,0.9600000000000001,0.007000000000000001,2.9919278751845018,True,
1.8,0.238,0.9600000000000001,0.007124999999999999,2.9959610418109808,True,
1.8,0.238,0.9600000000000001,0.0072499999999999995,3.000033733954187,True,
1.8,0.238,0.9600000000000001,0.007375,3.004146184028258,True,
1.8,0.238,0.9600000000000001,0.0075,3.0082986269198075,True,
1.8,0.238,0.9600000000000001,0.007625,3.012491300003149,True,
1.8,0.238,0.9600000000000001,0.00775,3.016724443168381,True,
1.8,0.238,0.9600000000000001,0.007875,3.020998298838592,True,
1.8,0.238,0.9600000000000001,0.008,3.025313111993246,True,
1.8,0.238,0.9625,0.0005,2.987913459436363,True,
1.8,0.238,0.9625,0.000625,2.9903250448135963,True,
1.8,0.238,0.9625,0.00075,2.99277137881976,True,
1.8,0.238,0.9625,0.000875,2.9952526186286526,True,
1.8,0.238,0.9625,0.001,2.9977689234664435,True,
1.8,0.238,0.9625,0.0011250000000000001,3.00032045466588,True,
1.8,0.238,0.9625,0.00125,3.002907375687907,True,
1.8,0.238,0.9625,0.001375,3.00552985217496,True,
1.8,0.238,0.9625,0.0015,3.0081880519666293,True,
1.8,0.238,0.9625,0.0016250000000000001,3.010882145110163,True,
1.8,0.238,0.9625,0.00175,3.0136123038936318,True,
1.8,0.238,0.9625,0.001875,3.0163787028850284,True,
1.8,0.238,0.9625,0.002,3.0191815189316613,True,
1.8,0.238,0.9625,0.002125,3.0220209311910473,True,
1.8,0.238,0.9625,0.0022500000000000003,3.024897121171104,True,
1.8,0.238,0.9625,0.002375,3.0278102727444742,True,
1.8,0.238,0.9625,0.0025,3.0307605721466855,True,
1.8,0.238,0.9625,0.002625,3.0337482080666036,True,
1.8,0.238,0.9625,0.0027500000000000003,3.0367733716030014,True,
1.8,0.238,0.9625,0.002875,3.039836256338987,True,
1.8,0.238,0.9625,0.003,3.0429370583395285,True,
1.8,0.238,0.9625,0.003125,3.046075976186516,True,
1.8,0.238,0.9625,0.00325,3.0492532110259862,True,
1.8,0.238,0.9625,0.003375,3.0524689665622766,True,
1.8,0.238,0.9625,0.0035,3.055723449115423,True,
1.8,0.238,0.9625,0.003625,3.059016867633409,True,
1.8,0.238,0.9625,0.0037500000000000003,3.0623494337025203,True,
1.8,0.238,0.9625,0.003875,3.0657213616380616,True,
1.8,0.238,0.9625,0.004,3.069132868438172,True,
1.8,0.238,0.9625,0.004125,3.072584173873042,True,
1.8,0.238,0.9625,0.00425,3.076075500485193,True,
1.8,0.238,0.9625,0.004375,3.079607073610859,True,
1.8,0.238,0.9625,0.0045000000000000005,3.0831791214558146,True,
1.8,0.238,0.9625,0.004625000000000001,3.0867918750826715,True,
1.8,0.238,0.9625,0.004750000000000001,3.0904455684527483,True,
1.8,0.238,0.9625,0.004875000000000001,3.0941404384829947,True,
1.8,0.238,0.9625,0.005000000000000001,3.0978767250365733,True,
1.8,0.238,0.9625,0.005124999999999999,3.101654671007437,True,
1.8,0.238,0.9625,0.0052499999999999995,3.105474522305275,True,
1.8,0.238,0.9625,0.005375,3.109336527921668,True,
1.8,0.238,0.9625,0.0055,3.1132409399525334,True,
1.8,0.238,0.9625,0.005625,3.117188013637576,True,
1.8,0.238,0.9625,0.00575,3.1211780073882727,True,
1.8,0.238,0.9625,0.005875,3.1252111828348883,True,
1.8,0.238,0.9625,0.006,3.129287804859486,True,
1.8,0.238,0.9625,0.006125,3.1334081416258583,True,
1.8,0.238,0.9625,0.00625,3.137572464628994,True,
1.8,0.238,0.9625,0.0063750000000000005,3.141781048724986,True,
1.8,0.238,0.9625,0.006500000000000001,3.146034172169253,True,
1.8,0.238,0.9625,0.006625000000000001,3.1503321166645164,True,
1.8,0.238,0.9625,0.006750000000000001,3.1546751673870985,True,
1.8,0.238,0.9625,0.006875000000000001,3.159063613045845,True,
1.8,0.238,0.9625,0.007000000000000001,3.1634977459038853,True,
1.8,0.238,0.9625,0.007124999999999999,3.1679778618288816,True,
1.8,0.238,0.9625,0.0072499999999999995,3.172504260336586,True,
1.8,0.238,0.9625,0.007375,3.1770772446298734,True,
1.8,0.238,0.9625,0.0075,3.181697121643967,True,
1.8,0.238,0.9625,0.007625,3.1863642020914713,True,
1.8,0.238,0.9625,0.00775,3.1910788004985493,True,
1.8,0.238,0.9625,0.007875,3.1958412352607386,True,
1.8,0.238,0.9625,0.008,3.2006518286822505,True,
1.8,0.238,0.9650000000000001,0.0005,3.1390277951253007,True,
1.8,0.238,0.9650000000000001,0.000625,3.1415764453677997,True,
1.8,0.238,0.9650000000000001,0.00075,3.14416414807402,True,
1.8,0.238,0.9650000000000001,0.000875,3.1467910847093035,True,
1.8,0.238,0.9650000000000001,0.001,3.1494574394028794,True,
1.8,0.238,0.9650000000000001,0.0011250000000000001,3.1521633990190177,True,
1.8,0.238,0.9650000000000001,0.00125,3.1549091531416247,True,
1.8,0.238,0.9650000000000001,0.001375,3.1576948941732623,True,
1.8,0.238,0.9650000000000001,0.0015,3.160520817336198,True,
1.8,0.238,0.9650000000000001,0.0016250000000000001,3.163387120700376,True,
1.8,0.238,0.9650000000000001,0.00175,3.1662940052260518,True,
1.8,0.238,0.9650000000000001,0.001875,3.1692416748142818,True,
1.8,0.238,0.9650000000000001,0.002,3.172230336299183,True,
1.8,0.238,0.9650000000000001,0.002125,3.1752601995070435,True,
1.8,0.238,0.9650000000000001,0.0022500000000000003,3.1783314772934266,True,
1.8,0.238,0.9650000000000001,0.002375,3.1814443855779033,True,
1.8,0.238,0.9650000000000001,0.0025,3.184599143355764,True,
1.8,0.238,0.9650000000000001,0.002625,3.1877959727610925,True,
1.8,0.238,0.9650000000000001,0.0027500000000000003,3.1910350990944223,True,
1.8,0.238,0.9650000000000001,0.002875,3.194316750850878,True,
1.8,0.238,0.9650000000000001,0.003,3.1976411597732124,True,
1.8,0.238,0.9650000000000001,0.003125,3.2010085608768963,True,
1.8,0.238,0.9650000000000001,0.00325,3.2044191924919847,True,
1.8,0.238,0.9650000000000001,0.003375,3.2078732963176235,True,
1.8,0.238,0.9650000000000001,0.0035,3.211371117425709,True,
1.8,0.238,0.9650000000000001,0.003625,3.2149129043533566,True,
1.8,0.238,0.9650000000000001,0.0037500000000000003,3.218498909080146,True,
1.8,0.238,0.9650000000000001,0.003875,3.222129387144125,True,
1.8,0.238,0.9650000000000001,0.004,3.225804597624469,True,
1.8,0.238,0.9650000000000001,0.004125,3.2295248032059365,True,
1.8,0.238,0.9650000000000001,0.00425,3.2332902702291144,True,
1.8,0.238,0.9650000000000001,0.004375,3.2371012687370295,True,
1.8,0.238,0.9650000000000001,0.0045000000000000005,3.240958072502723,True,
1.8,0.238,0.9650000000000001,0.004625000000000001,3.2448609590846242,True,
1.8,0.238,0.9650000000000001,0.004750000000000001,3.248810209890899,True,
1.8,0.238,0.9650000000000001,0.004875000000000001,3.2528061102051207,True,
1.8,0.238,0.9650000000000001,0.005000000000000001,3.2568489492342807,True,
1.8,0.238,0.9650000000000001,0.005124999999999999,3.2609390201822555,True,
1.8,0.238,0.9650000000000001,0.0052499999999999995,3.2650766202713806,True,
1.8,0.238,0.9650000000000001,0.005375,3.269262050813368,True,
1.8,0.238,0.9650000000000001,0.0055,3.2734956172567404,True,
1.8,0.238,0.9650000000000001,0.005625,3.2777776292325025,True,
1.8,0.238,0.9650000000000001,0.00575,3.282108400612408,True,
1.8,0.238,0.9650000000000001,0.005875,3.2864882495746044,True,
1.8,0.238,0.9650000000000001,0.006,3.290917498642445,True,
1.8,0.238,0.9650000000000001,0.006125,3.295396474749885,True,
1.8,0.238,0.9650000000000001,0.00625,3.29992550929358,True,
1.8,0.238,0.9650000000000001,0.0063750000000000005,3.3045049382052887,True,
1.8,0.238,0.9650000000000001,0.006500000000000001,3.3091351019939235,True,
1.8,0.238,0.9650000000000001,0.006625000000000001,3.313816345812423,True,
1.8,0.238,0.9650000000000001,0.006750000000000001,3.318549019528408,True,
1.8,0.238,0.9650000000000001,0.006875000000000001,3.3233334777703143,True,
1.8,0.238,0.9650000000000001,0.007000000000000001,3.3281700800050644,True,
1.8,0.238,0.9650000000000001,0.007124999999999999,3.3330591905969413,True,
1.8,0.238,0.9650000000000001,0.0072499999999999995,3.3380011788713913,True,
1.8,0.238,0.9650000000000001,0.007375,3.342996419186921,True,
1.8,0.238,0.9650000000000001,0.0075,3.3480452910052945,True,
1.8,0.238,0.9650000000000001,0.007625,3.353148178945467,True,
1.8,0.238,0.9650000000000001,0.00775,3.3583054728750024,True,
1.8,0.238,0.9650000000000001,0.007875,3.363517567968037,True,
1.8,0.238,0.9650000000000001,0.008,3.3687848647823464,True,
1.8,0.238,0.9675,0.0005,3.2823544087025667,True,
1.8,0.238,0.9675,0.000625,3.284998847949573,True,
1.8,0.238,0.9675,0.00075,3.2876863349445604,True,
1.8,0.238,0.9675,0.000875,3.2904170706299225,True,
1.8,0.238,0.9675,0.001,3.293191259188138,True,
1.8,0.238,0.9675,0.0011250000000000001,3.2960091080816403,True,
1.8,0.238,0.9675,0.00125,3.2988708281135004,True,
1.8,0.238,0.9675,0.001375,3.301776633476681,True,
1.8,0.238,0.9675,0.0015,3.3047267417691146,True,
1.8,0.238,0.9675,0.0016250000000000001,3.3077213740650926,True,
1.8,0.238,0.9675,0.00175,3.310760754926317,True,
1.8,0.238,0.9675,0.001875,3.3138451124616455,True,
1.8,0.238,0.9675,0.002,3.3169746783531915,True,
1.8,0.238,0.9675,0.002125,3.3201496879215417,True,
1.8,0.238,0.9675,0.0022500000000000003,3.3233703801460557,True,
1.8,0.238,0.9675,0.002375,3.3266369977192545,True,
1.8,0.238,0.9675,0.0025,3.329949787086299,True,
1.8,0.238,0.9675,0.002625,3.333308998508853,True,
1.8,0.238,0.9675,0.0027500000000000003,3.3367148860724685,True,
1.8,0.238,0.9675,0.002875,3.3401677077729914,True,
1.8,0.238,0.9675,0.003,3.3436677255411826,True,
1.8,0.238,0.9675,0.003125,3.3472152053101527,True,
1.8,0.238,0.9675,0.00325,3.3508104170413064,True,
1.8,0.238,0.9675,0.003375,3.3544536347858145,True,
1.8,0.238,0.9675,0.0035,3.3581451367524116,True,
1.8,0.238,0.9675,0.003625,3.361885205325869,True,
1.8,0.238,0.9675,0.0037500000000000003,3.365674127158647,True,
1.8,0.238,0.9675,0.003875,3.3695121931808747,True,
1.8,0.238,0.9675,0.004,3.3733996987061743,True,
1.8,0.238,0.9675,0.004125,3.3773369434477254,True,
1.8,0.238,0.9675,0.00425,3.3813242315935677,True,
1.8,0.238,0.9675,0.004375,3.3853618718613823,True,
1.8,0.238,0.9675,0.0045000000000000005,3.3894501775613826,True,
1.8,0.238,0.9675,0.004625000000000001,3.393589466642259,True,
1.8,0.238,0.9675,0.004750000000000001,3.397780061779233,True,
1.8,0.238,0.9675,0.004875000000000001,3.4020222904177584,True,
1.8,0.238,0.9675,0.005000000000000001,3.406316484837566,True,
1.8,0.238,0.9675,0.005124999999999999,3.410662982225127,True,
1.8,0.238,0.9675,0.0052499999999999995,3.41506212473623,True,
1.8,0.238,0.9675,0.005375,3.419514259564943,True,
1.8,0.238,0.9675,0.0055,3.4240197390151197,True,
1.8,0.238,0.9675,0.005625,3.428578920559215,True,
1.8,0.238,0.9675,0.00575,3.4331921669309486,True,
1.8,0.238,0.9675,0.005875,3.4378598461753116,True,
1.8,0.238,0.9675,0.006,3.4425823317341346,True,
1.8,0.238,0.9675,0.006125,3.447360002528597,True,
1.8,0.238,0.9675,0.00625,3.4521932430154947,True,
1.8,0.238,0.9675,0.0063750000000000005,3.457082443292941,True,
1.8,0.238,0.9675,0.006500000000000001,3.4620279991589618,True,
1.8,0.238,0.9675,0.006625000000000001,3.467030312196033,True,
1.8,0.238,0.9675,0.006750000000000001,3.4720897898643868,True,
1.8,0.238,0.9675,0.006875000000000001,3.477206845578523,True,
1.8,0.238,0.9675,0.007000000000000001,3.4823818987956088,True,
1.8,0.238,0.9675,0.007124999999999999,3.4876153751031014,True,
1.8,0.238,0.9675,0.0072499999999999995,3.4929077063103087,True,
1.8,0.238,0.9675,0.007375,3.4982593305312517,True,
1.8,0.238,0.9675,0.0075,3.5036706922950356,True,
1.8,0.238,0.9675,0.007625,3.5091422426193803,True,
1.8,0.238,0.9675,0.00775,3.514674439125663,True,
1.8,0.238,0.9675,0.007875,3.5202677461250813,True,
1.8,0.238,0.9675,0.008,3.5259226347293815,True,
1.8,0.238,0.97,0.0005,3.415238465852876,True,
1.8,0.238,0.97,0.000625,3.417928191835007,True,
1.8,0.238,0.97,0.00075,3.420664435662342,True,
1.8,0.238,0.97,0.000875,3.4234474103514447,True,
1.8,0.238,0.97,0.001,3.4262773326170906,True,
1.8,0.238,0.97,0.0011250000000000001,3.4291544229902535,True,
1.8,0.238,0.97,0.00125,3.43207890576819,True,
1.8,0.238,0.97,0.001375,3.435051009151973,True,
1.8,0.238,0.97,0.0015,3.438070965264891,True,
1.8,0.238,0.97,0.0016250000000000001,3.441139010160439,True,
1.8,0.238,0.97,0.00175,3.444255383924296,True,
1.8,0.238,0.97,0.001875,3.447420330677055,True,
1.8,0.238,0.97,0.002,3.4506340986545054,True,
1.8,0.238,0.97,0.002125,3.4538969402317568,True,
1.8,0.238,0.97,0.0022500000000000003,3.457209111984227,True,
1.8,0.238,0.97,0.002375,3.4605708747332184,True,
1.8,0.238,0.97,0.0025,3.463982493615413,True,
1.8,0.238,0.97,0.002625,3.4674442380971118,True,
1.8,0.238,0.97,0.0027500000000000003,3.4709563820694185,True,
1.8,0.238,0.97,0.002875,3.4745192038698947,True,
1.8,0.238,0.97,0.003,3.4781329863633434,True,
1.8,0.238,0.97,0.003125,3.4817980169843876,True,
1.8,0.238,0.97,0.00325,3.485514587796368,True,
1.8,0.238,0.97,0.003375,3.48928299555268,True,
1.8,0.238,0.97,0.0035,3.493103541756171,True,
1.8,0.238,0.97,0.003625,3.496976532723522,True,
1.8,0.238,0.97,0.0037500000000000003,3.5009022796325517,True,
1.8,0.238,0.97,0.003875,3.5048810986152548,True,
1.8,0.238,0.97,0.004,3.5089133107924235,True,
1.8,0.238,0.97,0.004125,3.5129992423661904,True,
1.8,0.238,0.97,0.00425,3.5171392246483184,True,
1.8,0.238,0.97,0.004375,3.5213335941827992,True,
1.8,0.238,0.97,0.0045000000000000005,3.525582692778736,True,
1.8,0.238,0.97,0.004625000000000001,3.5298868675783632,True,
1.8,0.238,0.97,0.004750000000000001,3.534246471154019,True,
1.8,0.238,0.97,0.004875000000000001,3.538661861578013,True,
1.8,0.238,0.97,0.005000000000000001,3.5431334024712777,True,
1.8,0.238,0.97,0.005124999999999999,3.5476614631244554,True,
1.8,0.238,0.97,0.0052499999999999995,3.552246418539034,True,
1.8,0.238,0.97,0.005375,3.5568886495220857,True,
1.8,0.238,0.97,0.0055,3.5615885427734573,True,
1.8,0.238,0.97,0.005625,3.56634649096373,True,
1.8,0.238,0.97,0.00575,3.5711628928178554,True,
1.8,0.238,0.97,0.005875,3.5760381532066337,True,
1.8,0.238,0.97,0.006,3.5809726832334023,True,
1.8,0.238,0.97,0.006125,3.5859669003253294,True,
1.8,0.238,0.97,0.00625,3.5910212283226777,True,
1.8,0.238,0.97,0.0063750000000000005,3.5961360975820127,True,
1.8,0.238,0.97,0.006500000000000001,3.60131194506095,True,
1.8,0.238,0.97,0.006625000000000001,3.6065492144234175,True,
1.8,0.238,0.97,0.006750000000000001,3.6118483561361714,True,
1.8,0.238,0.97,0.006875000000000001,3.6172098275741242,True,
1.8,0.238,0.97,0.007000000000000001,3.622634093123502,True,
1.8,0.238,0.97,0.007124999999999999,3.62812162428754,True,
1.8,0.238,0.97,0.0072499999999999995,3.633672899795103,True,
1.8,0.238,0.97,0.007375,3.6392884057099306,True,
1.8,0.238,0.97,0.0075,3.644968635552246,True,
1.8,0.238,0.97,0.007625,3.650714090394887,True,
1.8,0.238,0.97,0.00775,3.6565252790039176,True,
1.8,0.238,0.97,0.007875,3.6624027179476775,True,
1.8,0.238,0.97,0.008,3.668346931709987,True,
1.8,0.238,0.9725,0.0005,3.535163250390926,True,
1.8,0.238,0.9725,0.000625,3.5378410154543354,True,
1.8,0.238,0.9725,0.00075,3.5405680462904345,True,
1.8,0.238,0.9725,0.000875,3.5433445585695673,True,
1.8,0.238,0.9725,0.001,3.5461707720135363,True,
1.8,0.238,0.9725,0.0011250000000000001,3.54904691042169,True,
1.8,0.238,0.9725,0.00125,3.551973201762053,True,
1.8,0.238,0.9725,0.001375,3.554949878219633,True,
1.8,0.238,0.9725,0.0015,3.557977176199088,True,
1.8,0.238,0.9725,0.0016250000000000001,3.5610553364231246,True,
1.8,0.238,0.9725,0.00175,3.564184603963729,True,
1.8,0.238,0.9725,0.001875,3.567365228267918,True,
1.8,0.238,0.9725,0.002,3.5705974632329394,True,
1.8,0.238,0.9725,0.002125,3.5738815672560285,True,
1.8,0.238,0.9725,0.0022500000000000003,3.5772178032773456,True,
1.8,0.238,0.9725,0.002375,3.5806064388485375,True,
1.8,0.238,0.9725,0.0025,3.5840477461514997,True,
1.8,0.238,0.9725,0.002625,3.5875420021126687,True,
1.8,0.238,0.9725,0.0027500000000000003,3.5910894884078703,True,
1.8,0.238,0.9725,0.002875,3.594690491527867,True,
1.8,0.238,0.9725,0.003,3.598345302868863,True,
1.8,0.238,0.9725,0.003125,3.6020542187614004,True,
1.8,0.238,0.9725,0.00325,3.605817540545838,True,
1.8,0.238,0.9725,0.003375,3.6096355746261555,True,
1.8,0.238,0.9725,0.0035,3.6135086325456696,True,
1.8,0.238,0.9725,0.003625,3.6174370310488713,True,
1.8,0.238,0.9725,0.0037500000000000003,3.6214210921324446,True,
1.8,0.238,0.9725,0.003875,3.6254611431412296,True,
1.8,0.238,0.9725,0.004,3.6295575168180627,True,
1.8,0.238,0.9725,0.004125,3.6337105513692087,True,
1.8,0.238,0.9725,0.00425,3.637920590563435,True,
1.8,0.238,0.9725,0.004375,3.642187983787524,True,
1.8,0.238,0.9725,0.0045000000000000005,3.6465130861082073,True,
1.8,0.238,0.9725,0.004625000000000001,3.650896258383144,True,
1.8,0.238,0.9725,0.004750000000000001,3.6553378673034307,True,
1.8,0.238,0.9725,0.004875000000000001,3.659838285505717,True,
1.8,0.238,0.9725,0.005000000000000001,3.6643978916386337,True,
1.8,0.238,0.9725,0.005124999999999999,3.6690170704301828,True,
1.8,0.238,0.9725,0.0052499999999999995,3.673696212811493,True,
1.8,0.238,0.9725,0.005375,3.678435715966161,True,
1.8,0.238,0.9725,0.0055,3.683235983436299,True,
1.8,0.238,0.9725,0.005625,3.688097425216389,True,
1.8,0.238,0.9725,0.00575,3.6930204578401358,True,
1.8,0.238,0.9725,0.005875,3.698005504467241,True,
1.8,0.238,0.9725,0.006,3.703052994996687,True,
1.8,0.238,0.9725,0.006125,3.708163366151846,True,
1.8,0.238,0.9725,0.00625,3.713337061578681,True,
1.8,0.238,0.9725,0.0063750000000000005,3.7185745319570005,True,
1.8,0.238,0.9725,0.006500000000000001,3.7238762351117054,True,
1.8,0.238,0.9725,0.006625000000000001,3.7292426360941415,True,
1.8,0.238,0.9725,0.006750000000000001,3.7346742073107966,True,
1.8,0.238,0.9725,0.006875000000000001,3.7401714286354975,True,
1.8,0.238,0.9725,0.007000000000000001,3.7457347875120504,True,
1.8,0.238,0.9725,0.007124999999999999,3.7513647790693563,True,
1.8,0.238,0.9725,0.0072499999999999995,3.757061906260453,True,
1.8,0.238,0.9725,0.007375,3.762826679948251,True,
1.8,0.238,0.9725,0.0075,3.768659619063888,True,
1.8,0.238,0.9725,0.007625,3.774561250706275,True,
1.8,0.238,0.9725,0.00775,3.780532110295721,True,
1.8,0.238,0.9725,0.007875,3.786572741677804,True,
1.8,0.238,0.9725,0.008,3.792683697275952,True,
1.8,0.238,0.9750000000000001,0.0005,3.639887316695658,True,
1.8,0.238,0.9750000000000001,0.000625,3.6424926025087525,True,
1.8,0.238,0.9750000000000001,0.00075,3.645149026540136,True,
1.8,0.238,0.9750000000000001,0.000875,3.6478567966253914,True,
1.8,0.238,0.9750000000000001,0.001,3.6506161248014446,True,
1.8,0.238,0.9750000000000001,0.0011250000000000001,3.6534272273512283,True,
1.8,0.238,0.9750000000000001,0.00125,3.656290324863563,True,
1.8,0.238,0.9750000000000001,0.001375,3.6592056422453916,True,
1.8,0.238,0.9750000000000001,0.0015,3.6621734087900486,True,
1.8,0.238,0.9750000000000001,0.0016250000000000001,3.665193858218379,True,
1.8,0.238,0.9750000000000001,0.00175,3.668267228729916,True,
1.8,0.238,0.9750000000000001,0.001875,3.6713937630196583,True,
1.8,0.238,0.9750000000000001,0.002,3.6745737084021877,True,
1.8,0.238,0.9750000000000001,0.002125,3.677807316761383,True,
1.8,0.238,0.9750000000000001,0.0022500000000000003,3.6810948446741985,True,
1.8,0.238,0.9750000000000001,0.002375,3.6844365534352383,True,
1.8,0.238,0.9750000000000001,0.0025,3.6878327091108076,True,
1.8,0.238,0.9750000000000001,0.002625,3.6912835826059194,True,
1.8,0.238,0.9750000000000001,0.0027500000000000003,3.694789449697752,True,
1.8,0.238,0.9750000000000001,0.002875,3.6983505910994756,True,
1.8,0.238,0.9750000000000001,0.003,3.7019672925271494,True,
1.8,0.238,0.9750000000000001,0.003125,3.705639844767285,True,
1.8,0.238,0.9750000000000001,0.00325,3.709368543685147,True,
1.8,0.238,0.9750000000000001,0.003375,3.7131536903661817,True,
1.8,0.238,0.9750000000000001,0.0035,3.7169955911014108,True,
1.8,0.238,0.9750000000000001,0.003625,3.7208945575007832,True,
1.8,0.238,0.9750000000000001,0.0037500000000000003,3.7248509065413073,True,
1.8,0.238,0.9750000000000001,0.003875,3.7288649606270208,True,
1.8,0.238,0.9750000000000001,0.004,3.732937047673831,True,
1.8,0.238,0.9750000000000001,0.004125,3.737067501171125,True,
1.8,0.238,0.9750000000000001,0.00425,3.741256660237906,True,
1.8,0.238,0.9750000000000001,0.004375,3.745504869715229,True,
1.8,0.238,0.9750000000000001,0.0045000000000000005,3.7498124802413106,True,
1.8,0.238,0.9750000000000001,0.004625000000000001,3.754179848305059,True,
1.8,0.238,0.9750000000000001,0.004750000000000001,3.7586073363433203,True,
1.8,0.238,0.9750000000000001,0.004875000000000001,3.7630953128089963,True,
1.8,0.238,0.9750000000000001,0.005000000000000001,3.767644152257528,True,
1.8,0.238,0.9750000000000001,0.005124999999999999,3.7722542354245907,True,
1.8,0.238,0.9750000000000001,0.0052499999999999995,3.7769259493094407,True,
1.8,0.238,0.9750000000000001,0.005375,3.7816596872570067,True,
1.8,0.238,0.9750000000000001,0.0055,3.7864558490549975,True,
1.8,0.238,0.9750000000000001,0.005625,3.7913148410171646,True,
1.8,0.238,0.9750000000000001,0.00575,3.7962370760704234,True,
1.8,0.238,0.9750000000000001,0.005875,3.801222973847993,True,
1.8,0.238,0.9750000000000001,0.006,3.8062729607940766,True,
1.8,0.238,0.9750000000000001,0.006125,3.811387470237951,True,
1.8,0.238,0.9750000000000001,0.00625,3.8165669425228455,True,
1.8,0.238,0.9750000000000001,0.0063750000000000005,3.8218118250731865,True,
1.8,0.238,0.9750000000000001,0.006500000000000001,3.827122572535765,True,
1.8,0.238,0.9750000000000001,0.006625000000000001,3.832499646841591,True,
1.8,0.238,0.9750000000000001,0.006750000000000001,3.837943517347756,True,
1.8,0.238,0.9750000000000001,0.006875000000000001,3.8434546609233236,True,
1.8,0.238,0.9750000000000001,0.007000000000000001,3.8490335620758,True,
1.8,0.238,0.9750000000000001,0.007124999999999999,3.854680713059458,True,
1.8,0.238,0.9750000000000001,0.0072499999999999995,3.86039661398728,True,
1.8,0.238,0.9750000000000001,0.007375,3.866181772954736,True,
1.8,0.238,0.9750000000000001,0.0075,3.8720367061618908,True,
1.8,0.238,0.9750000000000001,0.007625,3.877961938034016,True,
1.8,0.238,0.9750000000000001,0.00775,3.883958001345476,True,
1.8,0.238,0.9750000000000001,0.007875,3.890025437351244,True,
1.8,0.238,0.9750000000000001,0.008,3.8961647959240246,True,
1.8,0.238,0.9775,0.0005,3.7275673993545384,True,
1.8,0.238,0.9775,0.000625,3.730040510745674,True,
1.8,0.238,0.9775,0.00075,3.7325656663762423,True,
1.8,0.238,0.9775,0.000875,3.7351430560256187,True,
1.8,0.238,0.9775,0.001,3.7377728735743747,True,
1.8,0.238,0.9775,0.0011250000000000001,3.740455317120323,True,
1.8,0.238,0.9775,0.00125,3.743190588945273,True,
1.8,0.238,0.9775,0.001375,3.745978895611279,True,
1.8,0.238,0.9775,0.0015,3.7488204479949783,True,
1.8,0.238,0.9775,0.0016250000000000001,3.751715461268236,True,
1.8,0.238,0.9775,0.00175,3.754664155019512,True,
1.8,0.238,0.9775,0.001875,3.757666753228028,True,
1.8,0.238,0.9775,0.002,3.760723484373982,True,
1.8,0.238,0.9775,0.002125,3.7638345813899665,True,
1.8,0.238,0.9775,0.0022500000000000003,3.7670002818095036,True,
1.8,0.238,0.9775,0.002375,3.770220827741911,True,
1.8,0.238,0.9775,0.0025,3.7734964659371992,True,
1.8,0.238,0.9775,0.002625,3.7768274478534845,True,
1.8,0.238,0.9775,0.0027500000000000003,3.78021402965882,True,
1.8,0.238,0.9775,0.002875,3.7836564723419768,True,
1.8,0.238,0.9775,0.003,3.7871550417177877,True,
1.8,0.238,0.9775,0.003125,3.79071000849677,True,
1.8,0.238,0.9775,0.00325,3.794321648331048,True,
1.8,0.238,0.9775,0.003375,3.7979902418677223,True,
1.8,0.238,0.9775,0.0035,3.8017160748274446,True,
1.8,0.238,0.9775,0.003625,3.805499438021657,True,
1.8,0.238,0.9775,0.0037500000000000003,3.809340627451341,True,
1.8,0.238,0.9775,0.003875,3.8132399443351335,True,
1.8,0.238,0.9775,0.004,3.8171976951798174,True,
1.8,0.238,0.9775,0.004125,3.8212141918388256,True,
1.8,0.238,0.9775,0.00425,3.8252897515864372,True,
1.8,0.238,0.9775,0.004375,3.829424697176449,True,
1.8,0.238,0.9775,0.0045000000000000005,3.833619356896532,True,
1.8,0.238,0.9775,0.004625000000000001,3.8378740646544447,True,
1.8,0.238,0.9775,0.004750000000000001,3.8421891600300766,True,
1.8,0.238,0.9775,0.004875000000000001,3.8465649883439705,True,
1.8,0.238,0.9775,0.005000000000000001,3.851001900746418,True,
1.8,0.238,0.9775,0.005124999999999999,3.855500254274821,True,
1.8,0.238,0.9775,0.0052499999999999995,3.8600604119327313,True,
1.8,0.238,0.9775,0.005375,3.864682742761772,True,
1.8,0.238,0.9775,0.0055,3.8693676219199737,True,
1.8,0.238,0.9775,0.005625,3.8741154307755328,True,
1.8,0.238,0.9775,0.00575,3.8789265569476554,True,
1.8,0.238,0.9775,0.005875,3.8838013944500154,True,
1.8,0.238,0.9775,0.006,3.888740343702245,True,
1.8,0.238,0.9775,0.006125,3.893743811678853,True,
1.8,0.238,0.9775,0.00625,3.8988122119588566,True,
1.8,0.238,0.9775,0.0063750000000000005,3.903945964820471,True,
1.8,0.238,0.9775,0.006500000000000001,3.909145497351407,True,
1.8,0.238,0.9775,0.006625000000000001,3.9144112435118186,True,
1.8,0.238,0.9775,0.006750000000000001,3.919743644246785,True,
1.8,0.238,0.9775,0.006875000000000001,3.925143147595451,True,
1.8,0.238,0.9775,0.007000000000000001,3.930610208746749,True,
1.8,0.238,0.9775,0.007124999999999999,3.936145290190444,True,
1.8,0.238,0.9775,0.0072499999999999995,3.941748861783271,True,
1.8,0.238,0.9775,0.007375,3.9474214008655504,True,
1.8,0.238,0.9775,0.0075,3.953163392379771,True,
1.8,0.238,0.9775,0.007625,3.958975328951205,True,
1.8,0.238,0.9775,0.00775,3.964857711033453,True,
1.8,0.238,0.9775,0.007875,3.970811046990251,True,
1.8,0.238,0.9775,0.008,3.9768358532267287,True,
1.8,0.238,0.98,0.0005,3.796853068493697,True,
1.8,0.238,0.98,0.000625,3.799139329751222,True,
1.8,0.238,0.98,0.00075,3.801477556358004,True,
1.8,0.238,0.98,0.000875,3.803867911183879,True,
1.8,0.238,0.98,0.001,3.8063105609903296,True,
1.8,0.238,0.98,0.0011250000000000001,3.8088056764415805,True,
1.8,0.238,0.98,0.00125,3.811353432187455,True,
1.8,0.238,0.98,0.001375,3.8139540068397224,True,
1.8,0.238,0.98,0.0015,3.816607583023195,True,
1.8,0.238,0.98,0.0016250000000000001,3.819314347424768,True,
1.8,0.238,0.98,0.00175,3.8220744907788515,True,
1.8,0.238,0.98,0.001875,3.8248882079643187,True,
1.8,0.238,0.98,0.002,3.8277556979851157,True,
1.8,0.238,0.98,0.002125,3.8306771640274575,True,
1.8,0.238,0.98,0.0022500000000000003,3.8336528134749766,True,
1.8,0.238,0.98,0.002375,3.836682858001258,True,
1.8,0.238,0.98,0.0025,3.83976751352051,True,
1.8,0.238,0.98,0.002625,3.842907000294417,True,
1.8,0.238,0.98,0.0027500000000000003,3.846101542950317,True,
1.8,0.238,0.98,0.002875,3.8493513705133653,True,
1.8,0.238,0.98,0.003,3.852656716438041,True,
1.8,0.238,0.98,0.003125,3.856017818679787,True,
1.8,0.238,0.98,0.00325,3.859434919718215,True,
1.8,0.238,0.98,0.003375,3.8629082665895123,True,
1.8,0.238,0.98,0.0035,3.8664381109542867,True,
1.8,0.238,0.98,0.003625,3.870024709136594,True,
1.8,0.238,0.98,0.0037500000000000003,3.8736683221454937,True,
1.8,0.238,0.98,0.003875,3.8773692157599307,True,
1.8,0.238,0.98,0.004,3.881127660553321,True,
1.8,0.238,0.98,0.004125,3.884943931941831,True,
1.8,0.238,0.98,0.00425,3.88881831024151,True,
1.8,0.238,0.98,0.004375,3.8927510807183534,True,
1.8,0.238,0.98,0.0045000000000000005,3.896742533643054,True,
1.8,0.238,0.98,0.004625000000000001,3.9007929643387165,True,
1.8,0.238,0.98,0.004750000000000001,3.9049026732369425,True,
1.8,0.238,0.98,0.004875000000000001,3.909071965925188,True,
1.8,0.238,0.98,0.005000000000000001,3.913301153231418,True,
1.8,0.238,0.98,0.005124999999999999,3.9175905512432427,True,
1.8,0.238,0.98,0.0052499999999999995,3.9219404813927476,True,
1.8,0.238,0.98,0.005375,3.9263512705106565,True,
1.8,0.238,0.98,0.0055,3.930823250879791,True,
1.8,0.238,0.98,0.005625,3.9353567603139523,True,
1.8,0.238,0.98,0.00575,3.93995214220194,True,
1.8,0.238,0.98,0.005875,3.944609745581025,True,
1.8,0.238,0.98,0.006,3.9493299252146588,True,
1.8,0.238,0.98,0.006125,3.9541130416404644,True,
1.8,0.238,0.98,0.00625,3.9589594612428063,True,
1.8,0.238,0.98,0.0063750000000000005,3.963869556343623,True,
1.8,0.238,0.98,0.006500000000000001,3.968843705245291,True,
1.8,0.238,0.98,0.006625000000000001,3.9738822923152592,True,
1.8,0.238,0.98,0.006750000000000001,3.9789857080723947,True,
1.8,0.238,0.98,0.006875000000000001,3.9841543492414266,True,
1.8,0.238,0.98,0.007000000000000001,3.9893886188500827,True,
1.8,0.238,0.98,0.007124999999999999,3.994688926288121,True,
1.8,0.238,0.98,0.0072499999999999995,4.000055687403775,True,
1.8,0.238,0.98,0.007375,4.005489324578494,True,
1.8,0.238,0.98,0.0075,4.010990266810205,True,
1.8,0.238,0.98,0.007625,4.01655894980011,True,
1.8,0.238,0.98,0.00775,4.0221958160388445,True,
1.8,0.238,0.98,0.007875,4.027901314894957,True,
1.8,0.238,0.98,0.008,4.0336759026966975,True,
1.8,0.238,0.9825,0.0005,3.846942892076231,True,
1.8,0.238,0.9825,0.000625,3.8489963924566206,True,
1.8,0.238,0.9825,0.00075,3.85110084771461,True,
1.8,0.238,0.9825,0.000875,3.8532563874724093,True,
1.8,0.238,0.9825,0.001,3.8554631448212886,True,
1.8,0.238,0.9825,0.0011250000000000001,3.857721256373812,True,
1.8,0.238,0.9825,0.00125,3.860030862257266,True,
1.8,0.238,0.9825,0.001375,3.8623921061747533,True,
1.8,0.238,0.9825,0.0015,3.864805135360286,True,
1.8,0.238,0.9825,0.0016250000000000001,3.867270100650693,True,
1.8,0.238,0.9825,0.00175,3.869787156506505,True,
1.8,0.238,0.9825,0.001875,3.8723564610066505,True,
1.8,0.238,0.9825,0.002,3.87497817588984,True,
1.8,0.238,0.9825,0.002125,3.8776524665754724,True,
1.8,0.238,0.9825,0.0022500000000000003,3.8803795021828567,True,
1.8,0.238,0.9825,0.002375,3.8831594555655826,True,
1.8,0.238,0.9825,0.0025,3.885992503315095,True,
1.8,0.238,0.9825,0.002625,3.888878825825994,True,
1.8,0.238,0.9825,0.0027500000000000003,3.8918186072681507,True,
1.8,0.238,0.9825,0.002875,3.8948120356854172,True,
1.8,0.238,0.9825,0.003,3.897859302934692,True,
1.8,0.238,0.9825,0.003125,3.900960604803136,True,
1.8,0.238,0.9825,0.00325,3.9041161409778478,True,
1.8,0.238,0.9825,0.003375,3.907326115085535,True,
1.8,0.238,0.9825,0.0035,3.9105907347594138,True,
1.8,0.238,0.9825,0.003625,3.9139102116103706,True,
1.8,0.238,0.9825,0.0037500000000000003,3.917284761319066,True,
1.8,0.238,0.9825,0.003875,3.9207146036253895,True,
1.8,0.238,0.9825,0.004,3.9241999623862234,True,
1.8,0.238,0.9825,0.004125,3.9277410655869605,True,
1.8,0.238,0.9825,0.00425,3.931338145409098,True,
1.8,0.238,0.9825,0.004375,3.934991438231024,True,
1.8,0.238,0.9825,0.0045000000000000005,3.938701184698729,True,
1.8,0.238,0.9825,0.004625000000000001,3.9424676297153347,True,
1.8,0.238,0.9825,0.004750000000000001,3.9462910225285914,True,
1.8,0.238,0.9825,0.004875000000000001,3.9501716167380083,True,
1.8,0.238,0.9825,0.005000000000000001,3.9541096703615213,True,
1.8,0.238,0.9825,0.005124999999999999,3.958105445831635,True,
1.8,0.238,0.9825,0.0052499999999999995,3.962159210082163,True,
1.8,0.238,0.9825,0.005375,3.966271234561039,True,
1.8,0.238,0.9825,0.0055,3.9704417952781053,True,
1.8,0.238,0.9825,0.005625,3.9746711728622754,True,
1.8,0.238,0.9825,0.00575,3.9789596525868856,True,
1.8,0.238,0.9825,0.005875,3.98330752442263,True,
1.8,0.238,0.9825,0.006,3.987715083082239,True,
1.8,0.238,0.9825,0.006125,3.9921826280731962,True,
1.8,0.238,0.9825,0.00625,3.9967104637273416,True,
1.8,0.238,0.9825,0.0063750000000000005,4.001298899267677,True,
1.8,0.238,0.9825,0.006500000000000001,4.0059482488478,True,
1.8,0.238,0.9825,0.006625000000000001,4.010658831602627,True,
1.8,0.238,0.9825,0.006750000000000001,4.015430971702978,True,
1.8,0.238,0.9825,0.006875000000000001,4.02026499839975,True,
1.8,0.238,0.9825,0.007000000000000001,4.02516124608069,True,
1.8,0.238,0.9825,0.007124999999999999,4.030120054322542,True,
1.8,0.238,0.9825,0.0072499999999999995,4.035141767950426,True,
1.8,0.238,0.9825,0.007375,4.04022673709105,True,
1.8,0.238,0.9825,0.0075,4.0453753172093965,True,
1.8,0.238,0.9825,0.007625,4.05058786920307,True,
1.8,0.238,0.9825,0.00775,4.055864759426957,True,
1.8,0.238,0.9825,0.007875,4.061206359766354,True,
1.8,0.238,0.9825,0.008,4.066613047703602,True,
1.8,0.238,0.9850000000000001,0.0005,3.877597358572475,True,
1.8,0.238,0.9850000000000001,0.000625,3.879383776307646,True,
1.8,0.238,0.9850000000000001,0.00075,3.8812193225966785,True,
1.8,0.238,0.9850000000000001,0.000875,3.8831040904529903,True,
1.8,0.238,0.9850000000000001,0.001,3.8850381758716774,True,
1.8,0.238,0.9850000000000001,0.0011250000000000001,3.8870216778120215,True,
1.8,0.238,0.9850000000000001,0.00125,3.8890546982292227,True,
1.8,0.238,0.9850000000000001,0.001375,3.8911373420633875,True,
1.8,0.238,0.9850000000000001,0.0015,3.893269717287913,True,
1.8,0.238,0.9850000000000001,0.0016250000000000001,3.8954519348661054,True,
1.8,0.238,0.9850000000000001,0.00175,3.897684108820874,True,
1.8,0.238,0.9850000000000001,0.001875,3.899966356202624,True,
1.8,0.238,0.9850000000000001,0.002,3.902298797117502,True,
1.8,0.238,0.9850000000000001,0.002125,3.904681554743063,True,
1.8,0.238,0.9850000000000001,0.0022500000000000003,3.907114755334308,True,
1.8,0.238,0.9850000000000001,0.002375,3.9095985282457586,True,
1.8,0.238,0.9850000000000001,0.0025,3.912133005929668,True,
1.8,0.238,0.9850000000000001,0.002625,3.914718323970913,True,
1.8,0.238,0.9850000000000001,0.0027500000000000003,3.9173546210846193,True,
1.8,0.238,0.9850000000000001,0.002875,3.9200420391430475,True,
1.8,0.238,0.9850000000000001,0.003,3.9227807231794376,True,
1.8,0.238,0.9850000000000001,0.003125,3.925570821414672,True,
1.8,0.238,0.9850000000000001,0.00325,3.9284124852794773,True,
1.8,0.238,0.9850000000000001,0.003375,3.931305869393126,True,
1.8,0.238,0.9850000000000001,0.0035,3.9342511316381734,True,
1.8,0.238,0.9850000000000001,0.003625,3.9372484331322566,True,
1.8,0.238,0.9850000000000001,0.0037500000000000003,3.940297938279454,True,
1.8,0.238,0.9850000000000001,0.003875,3.943399814747011,True,
1.8,0.238,0.9850000000000001,0.004,3.946554233525564,True,
1.8,0.238,0.9850000000000001,0.004125,3.9497613689348228,True,
1.8,0.238,0.9850000000000001,0.00425,3.9530213986372242,True,
1.8,0.238,0.9850000000000001,0.004375,3.9563345036536512,True,
1.8,0.238,0.9850000000000001,0.0045000000000000005,3.959700868394904,True,
1.8,0.238,0.9850000000000001,0.004625000000000001,3.9631206806990127,True,
1.8,0.238,0.9850000000000001,0.004750000000000001,3.966594131813301,True,
1.8,0.238,0.9850000000000001,0.004875000000000001,3.97012141642649,True,
1.8,0.238,0.9850000000000001,0.005000000000000001,3.973702732734168,True,
1.8,0.238,0.9850000000000001,0.005124999999999999,3.9773382823987067,True,
1.8,0.238,0.9850000000000001,0.0052499999999999995,3.9810282706114104,True,
1.8,0.238,0.9850000000000001,0.005375,3.984772906106224,True,
1.8,0.238,0.9850000000000001,0.0055,3.9885724011864854,True,
1.8,0.238,0.9850000000000001,0.005625,3.9924269717420082,True,
1.8,0.238,0.9850000000000001,0.00575,3.99633683727284,True,
1.8,0.238,0.9850000000000001,0.005875,4.000302220925781,True,
1.8,0.238,0.9850000000000001,0.006,4.004323349508149,True,
1.8,0.238,0.9850000000000001,0.006125,4.008400453528969,True,
1.8,0.238,0.9850000000000001,0.00625,4.012533767192422,True,
1.8,0.238,0.9850000000000001,0.0063750000000000005,4.0167235284664615,True,
1.8,0.238,0.9850000000000001,0.006500000000000001,4.020969979084915,True,
1.8,0.238,0.9850000000000001,0.006625000000000001,4.0252733645697845,True,
1.8,0.238,0.9850000000000001,0.006750000000000001,4.029633934281811,True,
1.8,0.238,0.9850000000000001,0.006875000000000001,4.0340519414210805,True,
1.8,0.238,0.9850000000000001,0.007000000000000001,4.038527643084542,True,
1.8,0.238,0.9850000000000001,0.007124999999999999,4.043061300265221,True,
1.8,0.238,0.9850000000000001,0.0072499999999999995,4.047653177904332,True,
1.8,0.238,0.9850000000000001,0.007375,4.052303544909601,True,
1.8,0.238,0.9850000000000001,0.0075,4.0570126741904025,True,
1.8,0.238,0.9850000000000001,0.007625,4.061780842676524,True,
1.8,0.238,0.9850000000000001,0.00775,4.066608331368481,True,
1.8,0.238,0.9850000000000001,0.007875,4.071495425355561,True,
1.8,0.238,0.9850000000000001,0.008,4.076442413842471,True,
1.8,0.238,0.9875,0.0005,3.889109619332903,True,
1.8,0.238,0.9875,0.000625,3.890607833192446,True,
1.8,0.238,0.9875,0.00075,3.8921526968814675,True,
1.8,0.238,0.9875,0.000875,3.8937442664841457,True,
1.8,0.238,0.9875,0.001,3.895382600483024,True,
1.8,0.238,0.9875,0.0011250000000000001,3.8970677597179217,True,
1.8,0.238,0.9875,0.00125,3.898799807408688,True,
1.8,0.238,0.9875,0.001375,3.90057880914594,True,
1.8,0.238,0.9875,0.0015,3.9024048329325196,True,
1.8,0.238,0.9875,0.0016250000000000001,3.9042779491382724,True,
1.8,0.238,0.9875,0.00175,3.9061982305106935,True,
1.8,0.238,0.9875,0.001875,3.9081657522079114,True,
1.8,0.238,0.9875,0.002,3.910180591771692,True,
1.8,0.238,0.9875,0.002125,3.9122428291437195,True,
1.8,0.238,0.9875,0.0022500000000000003,3.914352546652716,True,
1.8,0.238,0.9875,0.002375,3.9165098290520315,True,
1.8,0.238,0.9875,0.0025,3.918714763496301,True,
1.8,0.238,0.9875,0.002625,3.920967439549571,True,
1.8,0.238,0.9875,0.0027500000000000003,3.9232679492151665,True,
1.8,0.238,0.9875,0.002875,3.925616386889988,True,
1.8,0.238,0.9875,0.003,3.9280128494301207,True,
1.8,0.238,0.9875,0.003125,3.930457436110491,True,
1.8,0.238,0.9875,0.00325,3.932950248648284,True,
1.8,0.238,0.9875,0.003375,3.935491391221971,True,
1.8,0.238,0.9875,0.0035,3.9380809704482207,True,
1.8,0.238,0.9875,0.003625,3.9407190954147646,True,
1.8,0.238,0.9875,0.0037500000000000003,3.943405877679824,True,
1.8,0.238,0.9875,0.003875,3.9461414312681793,True,
1.8,0.238,0.9875,0.004,3.948925872687552,True,
1.8,0.238,0.9875,0.004125,3.9517593209414423,True,
1.8,0.238,0.9875,0.00425,3.9546418975358697,True,
1.8,0.238,0.9875,0.004375,3.9575737264678708,True,
1.8,0.238,0.9875,0.0045000000000000005,3.960554934249605,True,
1.8,0.238,0.9875,0.004625000000000001,3.9635856499188264,True,
1.8,0.238,0.9875,0.004750000000000001,3.966666005048575,True,
1.8,0.238,0.9875,0.004875000000000001,3.9697961337391305,True,
1.8,0.238,0.9875,0.005000000000000001,3.9729761726412316,True,
1.8,0.238,0.9875,0.005124999999999999,3.976206260954837,True,
1.8,0.238,0.9875,0.0052499999999999995,3.9794865404489603,True,
1.8,0.238,0.9875,0.005375,3.9828171554647893,True,
1.8,0.238,0.9875,0.0055,3.9861982529163327,True,
1.8,0.238,0.9875,0.005625,3.989629982310133,True,
1.8,0.238,0.9875,0.00575,3.9931124957563773,True,
1.8,0.238,0.9875,0.005875,3.9966459479693537,True,
1.8,0.238,0.9875,0.006,4.000230496265757,True,
1.8,0.238,0.9875,0.006125,4.003866300607583,True,
1.8,0.238,0.9875,0.00625,4.007553523577719,True,
1.8,0.238,0.9875,0.0063750000000000005,4.011292330410168,True,
1.8,0.238,0.9875,0.006500000000000001,4.015082888983072,True,
1.8,0.238,0.9875,0.006625000000000001,4.018925369835031,True,
1.8,0.238,0.9875,0.006750000000000001,4.022819946184515,True,
1.8,0.238,0.9875,0.006875000000000001,4.026766793919256,True,
1.8,0.238,0.9875,0.007000000000000001,4.030766091614273,True,
1.8,0.238,0.9875,0.007124999999999999,4.034818020548102,True,
1.8,0.238,0.9875,0.0072499999999999995,4.038922764705213,True,
1.8,0.238,0.9875,0.007375,4.04308051077386,True,
1.8,0.238,0.9875,0.0075,4.047291448174117,True,
1.8,0.238,0.9875,0.007625,4.051555769052993,True,
1.8,0.238,0.9875,0.00775,4.055873668301315,True,
1.8,0.238,0.9875,0.007875,4.06024534355184,True,
1.8,0.238,0.9875,0.008,4.064670995205542,True,
1.8,0.238,0.99,0.0005,3.882239719272591,True,
1.8,0.238,0.99,0.000625,3.8834421481973607,True,
1.8,0.238,0.99,0.00075,3.884688292971138,True,
1.8,0.238,0.99,0.000875,3.8859781749444715,True,
1.8,0.238,0.99,0.001,3.887311817158993,True,
1.8,0.238,0.99,0.0011250000000000001,3.888689244387498,True,
1.8,0.238,0.99,0.00125,3.890110483094744,True,
1.8,0.238,0.99,0.001375,3.891575561499547,True,
1.8,0.238,0.99,0.0015,3.893084509481931,True,
1.8,0.238,0.99,0.0016250000000000001,3.8946373586797187,True,
1.8,0.238,0.99,0.00175,3.89623414236875,True,
1.8,0.238,0.99,0.001875,3.897874895604434,True,
1.8,0.238,0.99,0.002,3.8995596550701888,True,
1.8,0.238,0.99,0.002125,3.9012884591872656,True,
1.8,0.238,0.99,0.0022500000000000003,3.9030613480738223,True,
1.8,0.238,0.99,0.002375,3.9048783635341144,True,
1.8,0.238,0.99,0.0025,3.906739549074917,True,
1.8,0.238,0.99,0.002625,3.908644949890018,True,
1.8,0.238,0.99,0.0027500000000000003,3.9105946128831888,True,
1.8,0.238,0.99,0.002875,3.9125885866451804,True,
1.8,0.238,0.99,0.003,3.914626921465161,True,
1.8,0.238,0.99,0.003125,3.916709669330956,True,
1.8,0.238,0.99,0.00325,3.9188368839215153,True,
1.8,0.238,0.99,0.003375,3.9210086206301398,True,
1.8,0.238,0.99,0.0035,3.923224936530537,True,
1.8,0.238,0.99,0.003625,3.9254858903915424,True,
1.8,0.238,0.99,0.0037500000000000003,3.9277915427149916,True,
1.8,0.238,0.99,0.003875,3.9301419556690202,True,
1.8,0.238,0.99,0.004,3.9325371931403725,True,
1.8,0.238,0.99,0.004125,3.9349773207137653,True,
1.8,0.238,0.99,0.00425,3.9374624056824183,True,
1.8,0.238,0.99,0.004375,3.9399925170430588,True,
1.8,0.238,0.99,0.0045000000000000005,3.9425677254812257,True,
1.8,0.238,0.99,0.004625000000000001,3.9451881034166565,True,
1.8,0.238,0.99,0.004750000000000001,3.947853724945263,True,
1.8,0.238,0.99,0.004875000000000001,3.950564665891471,True,
1.8,0.238,0.99,0.005000000000000001,3.9533210037785644,True,
1.8,0.238,0.99,0.005124999999999999,3.9561228178297934,True,
1.8,0.238,0.99,0.0052499999999999995,3.9589701889814823,True,
1.8,0.238,0.99,0.005375,3.96186319986982,True,
1.8,0.238,0.99,0.0055,3.96480193484207,True,
1.8,0.238,0.99,0.005625,3.96778647994932,True,
1.8,0.238,0.99,0.00575,3.9708169229330865,True,
1.8,0.238,0.99,0.005875,3.973893353255469,True,
1.8,0.238,0.99,0.006,3.977015862066074,True,
1.8,0.238,0.99,0.006125,3.9801845422127413,True,
1.8,0.238,0.99,0.00625,3.983399488245869,True,
1.8,0.238,0.99,0.0063750000000000005,3.9866607964066327,True,
1.8,0.238,0.99,0.006500000000000001,3.9899685646191005,True,
1.8,0.238,0.99,0.006625000000000001,3.9933228925064106,True,
1.8,0.238,0.99,0.006750000000000001,3.9967238813747987,True,
1.8,0.238,0.99,0.006875000000000001,4.000171634203262,True,
1.8,0.238,0.99,0.007000000000000001,4.0036662556460385,True,
1.8,0.238,0.99,0.007124999999999999,4.007207852042362,True,
1.8,0.238,0.99,0.0072499999999999995,4.0107965313788885,True,
1.8,0.238,0.99,0.007375,4.014432403323637,True,
1.8,0.238,0.99,0.0075,4.018115579189304,True,
1.8,0.238,0.99,0.007625,4.021846171936909,True,
1.8,0.238,0.99,0.00775,4.025624296168289,True,
1.8,0.238,0.99,0.007875,4.029450068130701,True,
1.8,0.238,0.99,0.008,4.033323605692906,True,
1.8,0.238,0.9925,0.0005,3.8581199921668827,True,
1.8,0.238,0.9925,0.000625,3.85903184367701,True,
1.8,0.238,0.9925,0.00075,3.8599842486885834,True,
1.8,0.238,0.9925,0.000875,3.86097719726126,True,
1.8,0.238,0.9925,0.001,3.8620106804110192,True,
1.8,0.238,0.9925,0.0011250000000000001,3.8630846900777214,True,
1.8,0.238,0.9925,0.00125,3.8641992191713115,True,
1.8,0.238,0.9925,0.001375,3.865354261534148,True,
1.8,0.238,0.9925,0.0015,3.8665498119526878,True,
1.8,0.238,0.9925,0.0016250000000000001,3.867785866156909,True,
1.8,0.238,0.9925,0.00175,3.8690624208339908,True,
1.8,0.238,0.9925,0.001875,3.8703794736065467,True,
1.8,0.238,0.9925,0.002,3.871737023053873,True,
1.8,0.238,0.9925,0.002125,3.8731350687078616,True,
1.8,0.238,0.9925,0.0022500000000000003,3.874573611067241,True,
1.8,0.238,0.9925,0.002375,3.8760526515939864,True,
1.8,0.238,0.9925,0.0025,3.8775721927100806,True,
1.8,0.238,0.9925,0.002625,3.8791322378203574,True,
1.8,0.238,0.9925,0.0027500000000000003,3.8807327912969205,True,
1.8,0.238,0.9925,0.002875,3.882373858516736,True,
1.8,0.238,0.9925,0.003,3.8840554458371157,True,
1.8,0.238,0.9925,0.003125,3.8857775605980867,True,
1.8,0.238,0.9925,0.00325,3.88754021116436,True,
1.8,0.238,0.9925,0.003375,3.8893434069002346,True,
1.8,0.238,0.9925,0.0035,3.891187158165031,True,
1.8,0.238,0.9925,0.003625,3.8930714763566105,True,
1.8,0.238,0.9925,0.0037500000000000003,3.8949963738850997,True,
1.8,0.238,0.9925,0.003875,3.896961864180692,True,
1.8,0.238,0.9925,0.004,3.8989679617196358,True,
1.8,0.238,0.9925,0.004125,3.901014681985263,True,
1.8,0.238,0.9925,0.00425,3.90310204152441,True,
1.8,0.238,0.9925,0.004375,3.9052300579032533,True,
1.8,0.238,0.9925,0.0045000000000000005,3.907398749729889,True,
1.8,0.238,0.9925,0.004625000000000001,3.90960813665708,True,
1.8,0.238,0.9925,0.004750000000000001,3.911858239383173,True,
1.8,0.238,0.9925,0.004875000000000001,3.9141490796423835,True,
1.8,0.238,0.9925,0.005000000000000001,3.9164806802170165,True,
1.8,0.238,0.9925,0.005124999999999999,3.918853064926245,True,
1.8,0.238,0.9925,0.0052499999999999995,3.9212662586280516,True,
1.8,0.238,0.9925,0.005375,3.923720287213916,True,
1.8,0.238,0.9925,0.0055,3.926215177617102,True,
1.8,0.238,0.9925,0.005625,3.9287509577943767,True,
1.8,0.238,0.9925,0.00575,3.931327656725294,True,
1.8,0.238,0.9925,0.005875,3.933945304416571,True,
1.8,0.238,0.9925,0.006,3.9366039318848505,True,
1.8,0.238,0.9925,0.006125,3.939303571154326,True,
1.8,0.238,0.9925,0.00625,3.942044255250131,True,
1.8,0.238,0.9925,0.0063750000000000005,3.9448260181895134,True,
1.8,0.238,0.9925,0.006500000000000001,3.947648894973264,True,
1.8,0.238,0.9925,0.006625000000000001,3.9505129215783206,True,
1.8,0.238,0.9925,0.006750000000000001,3.953418134937246,True,
1.8,0.238,0.9925,0.006875000000000001,3.9563645729470887,True,
1.8,0.238,0.9925,0.007000000000000001,3.9593522744445617,True,
1.8,0.238,0.9925,0.007124999999999999,3.9623812791888895,True,
1.8,0.238,0.9925,0.0072499999999999995,3.965451627858058,True,
1.8,0.238,0.9925,0.007375,3.9685633620413716,True,
1.8,0.238,0.9925,0.0075,3.971716524203239,True,
1.8,0.238,0.9925,0.007625,3.974911157695625,True,
1.8,0.238,0.9925,0.00775,3.978147306717004,True,
1.8,0.238,0.9925,0.007875,3.9814250163135005,True,
1.8,0.238,0.9925,0.008,3.9847443323522227,True,
1.8,0.238,0.995,0.0005,3.818136647007077,True,
1.8,0.238,0.995,0.000625,3.818774531614696,True,
1.8,0.238,0.995,0.00075,3.8194498654212823,True,
1.8,0.238,0.995,0.000875,3.820162609246066,True,
1.8,0.238,0.995,0.001,3.8209127235900753,True,
1.8,0.238,0.995,0.0011250000000000001,3.821700168728268,True,
1.8,0.238,0.995,0.00125,3.822524904659477,True,
1.8,0.238,0.995,0.001375,3.823386891223362,True,
1.8,0.238,0.995,0.0015,3.8242860881184666,True,
1.8,0.238,0.995,0.0016250000000000001,3.8252224548840355,True,
1.8,0.238,0.995,0.00175,3.8261959510416315,True,
1.8,0.238,0.995,0.001875,3.8272065360802143,True,
1.8,0.238,0.995,0.002,3.828254169535424,True,
1.8,0.238,0.995,0.002125,3.829338810991573,True,
1.8,0.238,0.995,0.0022500000000000003,3.830460420185119,True,
1.8,0.238,0.995,0.002375,3.831618957024204,True,
1.8,0.238,0.995,0.0025,3.832814381638329,True,
1.8,0.238,0.995,0.002625,3.8340466544494145,True,
1.8,0.238,0.995,0.0027500000000000003,3.8353157361659935,True,
1.8,0.238,0.995,0.002875,3.836621587891871,True,
1.8,0.238,0.995,0.003,3.8379641711021026,True,
1.8,0.238,0.995,0.003125,3.8393434477455672,True,
1.8,0.238,0.995,0.00325,3.840759380242255,True,
1.8,0.238,0.995,0.003375,3.8422119315292202,True,
1.8,0.238,0.995,0.0035,3.843701065095753,True,
1.8,0.238,0.995,0.003625,3.845226745011007,True,
1.8,0.238,0.995,0.0037500000000000003,3.846788935961155,True,
1.8,0.238,0.995,0.003875,3.8483876032483884,True,
1.8,0.238,0.995,0.004,3.8500227128515996,True,
1.8,0.238,0.995,0.004125,3.8516942314151312,True,
1.8,0.238,0.995,0.00425,3.8534021262834313,True,
1.8,0.238,0.995,0.004375,3.855146365495268,True,
1.8,0.238,0.995,0.0045000000000000005,3.8569269178333925,True,
1.8,0.238,0.995,0.004625000000000001,3.8587437527936257,True,
1.8,0.238,0.995,0.004750000000000001,3.8605968406182045,True,
1.8,0.238,0.995,0.004875000000000001,3.8624861522923437,True,
1.8,0.238,0.995,0.005000000000000001,3.864411659553335,True,
1.8,0.238,0.995,0.005124999999999999,3.866373334884116,True,
1.8,0.238,0.995,0.0052499999999999995,3.868371151513311,True,
1.8,0.238,0.995,0.005375,3.8704050834264594,True,
1.8,0.238,0.995,0.0055,3.872475105340349,True,
1.8,0.238,0.995,0.005625,3.8745811927132463,True,
1.8,0.238,0.995,0.00575,3.8767233217402057,True,
1.8,0.238,0.995,0.005875,3.8789014693214714,True,
1.8,0.238,0.995,0.006,3.8811156130771893,True,
1.8,0.238,0.995,0.006125,3.8833657313246683,True,
1.8,0.238,0.995,0.00625,3.8856518030680323,True,
1.8,0.238,0.995,0.0063750000000000005,3.887973807975337,True,
1.8,0.238,0.995,0.006500000000000001,3.890331726379965,True,
1.8,0.238,0.995,0.006625000000000001,3.8927255392360127,True,
1.8,0.238,0.995,0.006750000000000001,3.89515522814452,True,
1.8,0.238,0.995,0.006875000000000001,3.89762077528652,True,
1.8,0.238,0.995,0.007000000000000001,3.9001221634238843,True,
1.8,0.238,0.995,0.007124999999999999,3.9026593758939367,True,
1.8,0.238,0.995,0.0072499999999999995,3.905232396565273,True,
1.8,0.238,0.995,0.007375,3.9078412098314033,True,
1.8,0.238,0.995,0.0075,3.9104858005790923,True,
1.8,0.238,0.995,0.007625,3.9131661541656877,True,
1.8,0.238,0.995,0.00775,3.915882256391869,True,
1.8,0.238,0.995,0.007875,3.9186340934758572,True,
1.8,0.238,0.995,0.008,3.92142165204557,True,
1.8,0.238,0.9975,0.0005,3.763776998662453,True,
1.8,0.238,0.9975,0.000625,3.764168189307518,True,
1.8,0.238,0.9975,0.00075,3.7645943179166075,True,
1.8,0.238,0.9975,0.000875,3.7650552989210277,True,
1.8,0.238,0.9975,0.001,3.7655510425935095,True,
1.8,0.238,0.9975,0.0011250000000000001,3.7660814555110385,True,
1.8,0.238,0.9975,0.00125,3.7666464411706984,True,
1.8,0.238,0.9975,0.001375,3.7672459004069254,True,
1.8,0.238,0.9975,0.0015,3.767879731938751,True,
1.8,0.238,0.9975,0.0016250000000000001,3.768547832857099,True,
1.8,0.238,0.9975,0.00175,3.769250099093613,True,
1.8,0.238,0.9975,0.001875,3.769986425749759,True,
1.8,0.238,0.9975,0.002,3.770756707583941,True,
1.8,0.238,0.9975,0.002125,3.7715608392409843,True,
1.8,0.238,0.9975,0.0022500000000000003,3.7723987156529786,True,
1.8,0.238,0.9975,0.002375,3.773270232207084,True,
1.8,0.238,0.9975,0.0025,3.7741752849960304,True,
1.8,0.238,0.9975,0.002625,3.7751137710541287,True,
1.8,0.238,0.9975,0.0027500000000000003,3.776085588448164,True,
1.8,0.238,0.9975,0.002875,3.777090636409955,True,
1.8,0.238,0.9975,0.003,3.7781288155037345,True,
1.8,0.238,0.9975,0.003125,3.779200027652528,True,
1.8,0.238,0.9975,0.00325,3.7803041762111302,True,
1.8,0.238,0.9975,0.003375,3.7814411660349223,True,
1.8,0.238,0.9975,0.0035,3.7826109034912467,True,
1.8,0.238,0.9975,0.003625,3.7838132964943663,True,
1.8,0.238,0.9975,0.0037500000000000003,3.7850482545154374,True,
1.8,0.238,0.9975,0.003875,3.7863156885376568,True,
1.8,0.238,0.9975,0.004,3.787615511139277,True,
1.8,0.238,0.9975,0.004125,3.7889476363818457,True,
1.8,0.238,0.9975,0.00425,3.790311979848986,True,
1.8,0.238,0.9975,0.004375,3.7917084586134577,True,
1.8,0.238,0.9975,0.0045000000000000005,3.793136991181954,True,
1.8,0.238,0.9975,0.004625000000000001,3.7945974975009507,True,
1.8,0.238,0.9975,0.004750000000000001,3.796089898868284,True,
1.8,0.238,0.9975,0.004875000000000001,3.797614117968653,True,
1.8,0.238,0.9975,0.005000000000000001,3.7991700787693445,True,
1.8,0.238,0.9975,0.005124999999999999,3.800757706506036,True,
1.8,0.238,0.9975,0.0052499999999999995,3.8023769276517405,True,
1.8,0.238,0.9975,0.005375,3.8040276698511555,True,
1.8,0.238,0.9975,0.0055,3.805709861901183,True,
1.8,0.238,0.9975,0.005625,3.8074234336797588,True,
1.8,0.238,0.9975,0.00575,3.8091683161248504,True,
1.8,0.238,0.9975,0.005875,3.8109444411901565,True,
1.8,0.238,0.9975,0.006,3.81275174177819,True,
1.8,0.238,0.9975,0.006125,3.814590151720676,True,
1.8,0.238,0.9975,0.00625,3.816459605724728,True,
1.8,0.238,0.9975,0.0063750000000000005,3.818360039324984,True,
1.8,0.238,0.9975,0.006500000000000001,3.820291388844538,True,
1.8,0.238,0.9975,0.006625000000000001,3.8222535913541136,True,
1.8,0.238,0.9975,0.006750000000000001,3.8242465846202482,True,
1.8,0.238,0.9975,0.006875000000000001,3.826270307072542,True,
1.8,0.238,0.9975,0.007000000000000001,3.828324697750746,True,
1.8,0.238,0.9975,0.007124999999999999,3.830409696261831,True,
1.8,0.238,0.9975,0.0072499999999999995,3.832525242749353,True,
1.8,0.238,0.9975,0.007375,3.8346712778371255,True,
1.8,0.238,0.9975,0.0075,3.836847742596793,True,
1.8,0.238,0.9975,0.007625,3.8390545785033603,True,
1.8,0.238,0.9975,0.00775,3.8412917273928198,True,
1.8,0.238,0.9975,0.007875,3.8435591314160122,True,
1.8,0.238,0.9975,0.008,3.8458567330075226,True,
1.8,0.238,1.0,0.0005,3.6963331361576204,True,
1.8,0.238,1.0,0.000625,3.6965315303735307,True,
1.8,0.238,1.0,0.00075,3.696764148826139,True,
1.8,0.238,1.0,0.000875,3.6970304096394258,True,
1.8,0.238,1.0,0.001,3.6973298171317475,True,
1.8,0.238,1.0,0.0011250000000000001,3.69766193872303,True,
1.8,0.238,1.0,0.00125,3.698026390050474,True,
1.8,0.238,1.0,0.001375,3.6984228248041298,True,
1.8,0.238,1.0,0.0015,3.6988509275736035,True,
1.8,0.238,1.0,0.0016250000000000001,3.6993104084416464,True,
1.8,0.238,1.0,0.00175,3.6998009989633447,True,
1.8,0.238,1.0,0.001875,3.7003224489989157,True,
1.8,0.238,1.0,0.002,3.7008745242243015,True,
1.8,0.238,1.0,0.002125,3.7014570040697694,True,
1.8,0.238,1.0,0.0022500000000000003,3.702069680096877,True,
1.8,0.238,1.0,0.002375,3.702712354601865,True,
1.8,0.238,1.0,0.0025,3.7033848394547677,True,
1.8,0.238,1.0,0.002625,3.7040869551437474,True,
1.8,0.238,1.0,0.0027500000000000003,3.7048185298807583,True,
1.8,0.238,1.0,0.002875,3.7055793989236183,True,
1.8,0.238,1.0,0.003,3.7063694039407484,True,
1.8,0.238,1.0,0.003125,3.707188392408984,True,
1.8,0.238,1.0,0.00325,3.7080362171817898,True,
1.8,0.238,1.0,0.003375,3.7089127360335117,True,
1.8,0.238,1.0,0.0035,3.709817811270409,True,
1.8,0.238,1.0,0.003625,3.7107513093873803,True,
1.8,0.238,1.0,0.0037500000000000003,3.711713100758513,True,
1.8,0.238,1.0,0.003875,3.7127030593551194,True,
1.8,0.238,1.0,0.004,3.713721062490641,True,
1.8,0.238,1.0,0.004125,3.7147669905868823,True,
1.8,0.238,1.0,0.00425,3.715840726961938,True,
1.8,0.238,1.0,0.004375,3.7169421576297106,True,
1.8,0.238,1.0,0.0045000000000000005,3.718071171136786,True,
1.8,0.238,1.0,0.004625000000000001,3.71922765837554,True,
1.8,0.238,1.0,0.004750000000000001,3.720411512429895,True,
1.8,0.238,1.0,0.004875000000000001,3.7216226284519034,True,
1.8,0.238,1.0,0.005000000000000001,3.722860903515119,True,
1.8,0.238,1.0,0.005124999999999999,3.7241262364813634,True,
1.8,0.238,1.0,0.0052499999999999995,3.7254185278997656,True,
1.8,0.238,1.0,0.005375,3.7267376798941925,True,
1.8,0.238,1.0,0.0055,3.728083596045479,True,
1.8,0.238,1.0,0.005625,3.7294561813125946,True,
1.8,0.238,1.0,0.00575,3.730855341920746,True,
1.8,0.238,1.0,0.005875,3.7322809852867036,True,
1.8,0.238,1.0,0.006,3.7337330199405847,True,
1.8,0.238,1.0,0.006125,3.7352113554254043,True,
1.8,0.238,1.0,0.00625,3.736715902232775,True,
1.8,0.238,1.0,0.0063750000000000005,3.7382465717443916,True,
1.8,0.238,1.0,0.006500000000000001,3.739803276136305,True,
1.8,0.238,1.0,0.006625000000000001,3.741385928331131,True,
1.8,0.238,1.0,0.006750000000000001,3.7429944419170527,True,
1.8,0.238,1.0,0.006875000000000001,3.744628731111351,True,
1.8,0.238,1.0,0.007000000000000001,3.7462887106714233,True,
1.8,0.238,1.0,0.007124999999999999,3.747974295859094,True,
1.8,0.238,1.0,0.0072499999999999995,3.749685402371962,True,
1.8,0.238,1.0,0.007375,3.751421946294234,True,
1.8,0.238,1.0,0.0075,3.7531838440427823,True,
1.8,0.238,1.0,0.007625,3.754971012316493,True,
1.8,0.238,1.0,0.00775,3.7567833680446214,True,
1.8,0.238,1.0,0.007875,3.758620828340514,True,
1.8,0.238,1.0,0.008,3.7604833104465367,True,
1.8,0.238,1.0025,0.0005,3.61713086142335,True,
1.8,0.238,1.0025,0.000625,3.6172763610086993,True,
1.8,0.238,1.0025,0.00075,3.6174469767344104,True,
1.8,0.238,1.0025,0.000875,3.6176426665928565,True,
1.8,0.238,1.0025,0.001,3.617863381969801,True,
1.8,0.238,1.0025,0.0011250000000000001,3.6181090681388497,True,
1.8,0.238,1.0025,0.00125,3.6183796648480215,True,
1.8,0.238,1.0025,0.001375,3.6186751068041847,True,
1.8,0.238,1.0025,0.0015,3.6189953242909434,True,
1.8,0.238,1.0025,0.0016250000000000001,3.619340243669202,True,
1.8,0.238,1.0025,0.00175,3.619709787875134,True,
1.8,0.238,1.0025,0.001875,3.6201038768880904,True,
1.8,0.238,1.0025,0.002,3.6205224281788895,True,
1.8,0.238,1.0025,0.002125,3.620965357113843,True,
1.8,0.238,1.0025,0.0022500000000000003,3.6214325772537936,True,
1.8,0.238,1.0025,0.002375,3.621924000739245,True,
1.8,0.238,1.0025,0.0025,3.6224395385268333,True,
1.8,0.238,1.0025,0.002625,3.6229791006723384,True,
1.8,0.238,1.0025,0.0027500000000000003,3.6235425965040666,True,
1.8,0.238,1.0025,0.002875,3.6241299348433857,True,
1.8,0.238,1.0025,0.003,3.6247410241455467,True,
1.8,0.238,1.0025,0.003125,3.6253757726585842,True,
1.8,0.238,1.0025,0.00325,3.626034088498268,True,
1.8,0.238,1.0025,0.003375,3.6267158797806385,True,
1.8,0.238,1.0025,0.0035,3.6274210547005428,True,
1.8,0.238,1.0025,0.003625,3.6281495215613218,True,
1.8,0.238,1.0025,0.0037500000000000003,3.6289011888773035,True,
1.8,0.238,1.0025,0.003875,3.629675965363289,True,
1.8,0.238,1.0025,0.004,3.6304737600121433,True,
1.8,0.238,1.0025,0.004125,3.6312944820914064,True,
1.8,0.238,1.0025,0.00425,3.632138041148223,True,
1.8,0.238,1.0025,0.004375,3.6330043470676037,True,
1.8,0.238,1.0025,0.0045000000000000005,3.6338933100252895,True,
1.8,0.238,1.0025,0.004625000000000001,3.6348048404873334,True,
1.8,0.238,1.0025,0.004750000000000001,3.6357388492542038,True,
1.8,0.238,1.0025,0.004875000000000001,3.6366952473994525,True,
1.8,0.238,1.0025,0.005000000000000001,3.637673946285929,True,
1.8,0.238,1.0025,0.005124999999999999,3.6386748575531196,True,
1.8,0.238,1.0025,0.0052499999999999995,3.6396978930774413,True,
1.8,0.238,1.0025,0.005375,3.640742964970556,True,
1.8,0.238,1.0025,0.0055,3.6418099855712196,True,
1.8,0.238,1.0025,0.005625,3.6428988674000693,True,
1.8,0.238,1.0025,0.00575,3.644009523148694,True,
1.8,0.238,1.0025,0.005875,3.6451418656631467,True,
1.8,0.238,1.0025,0.006,3.6462958079067618,True,
1.8,0.238,1.0025,0.006125,3.647471262938281,True,
1.8,0.238,1.0025,0.00625,3.648668143896311,True,
1.8,0.238,1.0025,0.0063750000000000005,3.6498863639615102,True,
1.8,0.238,1.0025,0.006500000000000001,3.6511258363467127,True,
1.8,0.238,1.0025,0.006625000000000001,3.6523864742444996,True,
1.8,0.238,1.0025,0.006750000000000001,3.65366819082431,True,
1.8,0.238,1.0025,0.006875000000000001,3.6549708992022985,True,
1.8,0.238,1.0025,0.007000000000000001,3.6562945123968076,True,
1.8,0.238,1.0025,0.007124999999999999,3.657638943324947,True,
1.8,0.238,1.0025,0.0072499999999999995,3.659004104763514,True,
1.8,0.238,1.0025,0.007375,3.660389909316522,True,
1.8,0.238,1.0025,0.0075,3.661796269394462,True,
1.8,0.238,1.0025,0.007625,3.6632230971966324,True,
1.8,0.238,1.0025,0.00775,3.6646703046665277,True,
1.8,0.238,1.0025,0.007875,3.666137803476481,True,
1.8,0.238,1.0025,0.008,3.667625504991936,True,
1.8,0.238,1.0050000000000001,0.0005,3.5296776812609947,True,
1.8,0.238,1.0050000000000001,0.000625,3.529798466981717,True,
1.8,0.238,1.0050000000000001,0.00075,3.529938403050004,True,
1.8,0.238,1.0050000000000001,0.000875,3.5300974761285895,True,
1.8,0.238,1.0050000000000001,0.001,3.5302756704471534,True,
1.8,0.238,1.0050000000000001,0.0011250000000000001,3.5304729677323987,True,
1.8,0.238,1.0050000000000001,0.00125,3.5306893473550267,True,
1.8,0.238,1.0050000000000001,0.001375,3.5309247862836233,True,
1.8,0.238,1.0050000000000001,0.0015,3.531179259235422,True,
1.8,0.238,1.0050000000000001,0.0016250000000000001,3.5314527386761774,True,
1.8,0.238,1.0050000000000001,0.00175,3.5317451948809637,True,
1.8,0.238,1.0050000000000001,0.001875,3.532056596004672,True,
1.8,0.238,1.0050000000000001,0.002,3.5323869081828754,True,
1.8,0.238,1.0050000000000001,0.002125,3.5327360955404723,True,
1.8,0.238,1.0050000000000001,0.0022500000000000003,3.5331041203106532,True,
1.8,0.238,1.0050000000000001,0.002375,3.533490942849477,True,
1.8,0.238,1.0050000000000001,0.0025,3.5338965217501412,True,
1.8,0.238,1.0050000000000001,0.002625,3.5343208138862403,True,
1.8,0.238,1.0050000000000001,0.0027500000000000003,3.5347637744765787,True,
1.8,0.238,1.0050000000000001,0.002875,3.535225357162433,True,
1.8,0.238,1.0050000000000001,0.003,3.535705514055343,True,
1.8,0.238,1.0050000000000001,0.003125,3.536204195803953,True,
1.8,0.238,1.0050000000000001,0.00325,3.5367213516533753,True,
1.8,0.238,1.0050000000000001,0.003375,3.5372569294994185,True,
1.8,0.238,1.0050000000000001,0.0035,3.537810875950456,True,
1.8,0.238,1.0050000000000001,0.003625,3.5383831363606277,True,
1.8,0.238,1.0050000000000001,0.0037500000000000003,3.5389736548992174,True,
1.8,0.238,1.0050000000000001,0.003875,3.539582374574213,True,
1.8,0.238,1.0050000000000001,0.004,3.540209237312791,True,
1.8,0.238,1.0050000000000001,0.004125,3.54085418395051,True,
1.8,0.238,1.0050000000000001,0.00425,3.541517154335573,True,
1.8,0.238,1.0050000000000001,0.004375,3.542198087293461,True,
1.8,0.238,1.0050000000000001,0.0045000000000000005,3.542896920703674,True,
1.8,0.238,1.0050000000000001,0.004625000000000001,3.5436135915355327,True,
1.8,0.238,1.0050000000000001,0.004750000000000001,3.5443480358523765,True,
1.8,0.238,1.0050000000000001,0.004875000000000001,3.5451001888503755,True,
1.8,0.238,1.0050000000000001,0.005000000000000001,3.545869984883674,True,
1.8,0.238,1.0050000000000001,0.005124999999999999,3.5466573574772235,True,
1.8,0.238,1.0050000000000001,0.0052499999999999995,3.547462239361138,True,
1.8,0.238,1.0050000000000001,0.005375,3.5482845624831714,True,
1.8,0.238,1.0050000000000001,0.0055,3.549124258008648,True,
1.8,0.238,1.0050000000000001,0.005625,3.5499812563612405,True,
1.8,0.238,1.0050000000000001,0.00575,3.5508554872191875,True,
1.8,0.238,1.0050000000000001,0.005875,3.551746879524615,True,
1.8,0.238,1.0050000000000001,0.006,3.5526553615109497,True,
1.8,0.238,1.0050000000000001,0.006125,3.553580860674363,True,
1.8,0.238,1.0050000000000001,0.00625,3.5545233038346686,True,
1.8,0.238,1.0050000000000001,0.0063750000000000005,3.5554826170763483,True,
1.8,0.238,1.0050000000000001,0.006500000000000001,3.556458725807588,True,
1.8,0.238,1.0050000000000001,0.006625000000000001,3.5574515547296004,True,
1.8,0.238,1.0050000000000001,0.006750000000000001,3.558461027855896,True,
1.8,0.238,1.0050000000000001,0.006875000000000001,3.559487068499283,True,
1.8,0.238,1.0050000000000001,0.007000000000000001,3.5605295992822388,True,
1.8,0.238,1.0050000000000001,0.007124999999999999,3.5615885421258904,True,
1.8,0.238,1.0050000000000001,0.0072499999999999995,3.5626638182561505,True,
1.8,0.238,1.0050000000000001,0.007375,3.5637553481941264,True,
1.8,0.238,1.0050000000000001,0.0075,3.5648630517493984,True,
1.8,0.238,1.0050000000000001,0.007625,3.565986848030647,True,
1.8,0.238,1.0050000000000001,0.00775,3.567126655425942,True,
1.8,0.238,1.0050000000000001,0.007875,3.5682823915944226,True,
1.8,0.238,1.0050000000000001,0.008,3.5694539734720587,True,
1.8,0.238,1.0075,0.0005,3.4368307084294116,True,
1.8,0.238,1.0075,0.000625,3.436933122485927,True,
1.8,0.238,1.0075,0.00075,3.437050163232798,True,
1.8,0.238,1.0075,0.000875,3.43718182274534,True,
1.8,0.238,1.0075,0.001,3.437328091671502,True,
1.8,0.238,1.0075,0.0011250000000000001,3.4374889590458166,True,
1.8,0.238,1.0075,0.00125,3.437664412456094,True,
1.8,0.238,1.0075,0.001375,3.4378544379077587,True,
1.8,0.238,1.0075,0.0015,3.4380590199814205,True,
1.8,0.238,1.0075,0.0016250000000000001,3.438278141711303,True,
1.8,0.238,1.0075,0.00175,3.4385117847184294,True,
1.8,0.238,1.0075,0.001875,3.438759929126924,True,
1.8,0.238,1.0075,0.002,3.4390225536173937,True,
1.8,0.238,1.0075,0.002125,3.439299635450383,True,
1.8,0.238,1.0075,0.0022500000000000003,3.439591150484206,True,
1.8,0.238,1.0075,0.002375,3.439897073162108,True,
1.8,0.238,1.0075,0.0025,3.4402173765494877,True,
1.8,0.238,1.0075,0.002625,3.4405520323446477,True,
1.8,0.238,1.0075,0.0027500000000000003,3.440901010910695,True,
1.8,0.238,1.0075,0.002875,3.4412642812707044,True,
1.8,0.238,1.0075,0.003,3.441641811124779,True,
1.8,0.238,1.0075,0.003125,3.442033566902437,True,
1.8,0.238,1.0075,0.00325,3.4424395137349735,True,
1.8,0.238,1.0075,0.003375,3.4428596155028766,True,
1.8,0.238,1.0075,0.0035,3.4432938348388547,True,
1.8,0.238,1.0075,0.003625,3.443742133153926,True,
1.8,0.238,1.0075,0.0037500000000000003,3.444204470644562,True,
1.8,0.238,1.0075,0.003875,3.444680806328407,True,
1.8,0.238,1.0075,0.004,3.445171098023618,True,
1.8,0.238,1.0075,0.004125,3.4456753024197475,True,
1.8,0.238,1.0075,0.00425,3.446193375035276,True,
1.8,0.238,1.0075,0.004375,3.4467252702756856,True,
1.8,0.238,1.0075,0.0045000000000000005,3.447270941430667,True,
1.8,0.238,1.0075,0.004625000000000001,3.4478303406870614,True,
1.8,0.238,1.0075,0.004750000000000001,3.4484034191527826,True,
1.8,0.238,1.0075,0.004875000000000001,3.4489901268478076,True,
1.8,0.238,1.0075,0.005000000000000001,3.4495904127580674,True,
1.8,0.238,1.0075,0.005124999999999999,3.4502042248152565,True,
1.8,0.238,1.0075,0.0052499999999999995,3.4508315098945923,True,
1.8,0.238,1.0075,0.005375,3.4514722138734917,True,
1.8,0.238,1.0075,0.0055,3.4521262816065135,True,
1.8,0.238,1.0075,0.005625,3.4527936569471405,True,
1.8,0.238,1.0075,0.00575,3.4534742827494735,True,
1.8,0.238,1.0075,0.005875,3.45416810089295,True,
1.8,0.238,1.0075,0.006,3.4548750522664724,True,
1.8,0.238,1.0075,0.006125,3.455595076803024,True,
1.8,0.238,1.0075,0.00625,3.4563281134701547,True,
1.8,0.238,1.0075,0.0063750000000000005,3.4570741002763885,True,
1.8,0.238,1.0075,0.006500000000000001,3.457832974282489,True,
1.8,0.238,1.0075,0.006625000000000001,3.458604671606847,True,
1.8,0.238,1.0075,0.006750000000000001,3.4593891274319732,True,
1.8,0.238,1.0075,0.006875000000000001,3.4601862759915942,True,
1.8,0.238,1.0075,0.007000000000000001,3.460996050609905,True,
1.8,0.238,1.0075,0.007124999999999999,3.4618183836675738,True,
1.8,0.238,1.0075,0.0072499999999999995,3.4626532066206823,True,
1.8,0.238,1.0075,0.007375,3.46350045001166,True,
1.8,0.238,1.0075,0.0075,3.4643600434527593,True,
1.8,0.238,1.0075,0.007625,3.4652319156473865,True,
1.8,0.238,1.0075,0.00775,3.466115994364803,True,
1.8,0.238,1.0075,0.007875,3.467012206471726,True,
1.8,0.238,1.0075,0.008,3.467920477904671,True,
1.8,0.238,1.01,0.0005,3.3407099461650467,True,
1.8,0.238,1.01,0.000625,3.3407977802767483,True,
1.8,0.238,1.01,0.00075,3.3408966139911227,True,
1.8,0.238,1.01,0.000875,3.3410064413853933,True,
1.8,0.238,1.01,0.001,3.34112725539192,True,
1.8,0.238,1.01,0.0011250000000000001,3.3412590477675055,True,
1.8,0.238,1.01,0.00125,3.3414018091093687,True,
1.8,0.238,1.01,0.001375,3.341555528894326,True,
1.8,0.238,1.01,0.0015,3.3417201954042692,True,
1.8,0.238,1.01,0.0016250000000000001,3.3418957957885644,True,
1.8,0.238,1.01,0.00175,3.3420823160395754,True,
1.8,0.238,1.01,0.001875,3.342279741024736,True,
1.8,0.238,1.01,0.002,3.342488054464777,True,
1.8,0.238,1.01,0.002125,3.3427072389543317,True,
1.8,0.238,1.01,0.0022500000000000003,3.3429372759365963,True,
1.8,0.238,1.01,0.002375,3.3431781457576264,True,
1.8,0.238,1.01,0.0025,3.343429827622734,True,
1.8,0.238,1.01,0.002625,3.3436922996407814,True,
1.8,0.238,1.01,0.0027500000000000003,3.343965538796966,True,
1.8,0.238,1.01,0.002875,3.3442495209855574,True,
1.8,0.238,1.01,0.003,3.34454422099698,True,
1.8,0.238,1.01,0.003125,3.3448496125152296,True,
1.8,0.238,1.01,0.00325,3.3451656681706368,True,
1.8,0.238,1.01,0.003375,3.345492359489368,True,
1.8,0.238,1.01,0.0035,3.3458296569290624,True,
1.8,0.238,1.01,0.003625,3.346177529869495,True,
1.8,0.238,1.01,0.0037500000000000003,3.346535946649184,True,
1.8,0.238,1.01,0.003875,3.346904874532372,True,
1.8,0.238,1.01,0.004,3.3472842797388,True,
1.8,0.238,1.01,0.004125,3.347674127440222,True,
1.8,0.238,1.01,0.00425,3.3480743817690475,True,
1.8,0.238,1.01,0.004375,3.348485005830444,True,
1.8,0.238,1.01,0.0045000000000000005,3.3489059617023784,True,
1.8,0.238,1.01,0.004625000000000001,3.3493372104344123,True,
1.8,0.238,1.01,0.004750000000000001,3.3497787120629283,True,
1.8,0.238,1.01,0.004875000000000001,3.3502304256135886,True,
1.8,0.238,1.01,0.005000000000000001,3.350692309107965,True,
1.8,0.238,1.01,0.005124999999999999,3.351164319577969,True,
1.8,0.238,1.01,0.0052499999999999995,3.3516464130390045,True,
1.8,0.238,1.01,0.005375,3.3521385445341836,True,
1.8,0.238,1.01,0.0055,3.352640668118553,True,
1.8,0.238,1.01,0.005625,3.3531527368703875,True,
1.8,0.238,1.01,0.00575,3.35367470287605,True,
1.8,0.238,1.01,0.005875,3.3542065172774396,True,
1.8,0.238,1.01,0.006,3.3547481302230744,True,
1.8,0.238,1.01,0.006125,3.3552994909162335,True,
1.8,0.238,1.01,0.00625,3.355860547597404,True,
1.8,0.238,1.01,0.0063750000000000005,3.3564312475521323,True,
1.8,0.238,1.01,0.006500000000000001,3.357011537108432,True,
1.8,0.238,1.01,0.006625000000000001,3.3576013616511995,True,
1.8,0.238,1.01,0.006750000000000001,3.358200665618456,True,
1.8,0.238,1.01,0.006875000000000001,3.3588093925131792,True,
1.8,0.238,1.01,0.007000000000000001,3.3594274848909023,True,
1.8,0.238,1.01,0.007124999999999999,3.360054884359777,True,
1.8,0.238,1.01,0.0072499999999999995,3.3606915316146484,True,
1.8,0.238,1.01,0.007375,3.3613373664076414,True,
1.8,0.238,1.01,0.0075,3.361992327548265,True,
1.8,0.238,1.01,0.007625,3.3626563529373845,True,
1.8,0.238,1.01,0.00775,3.363329379533313,True,
1.8,0.238,1.01,0.007875,3.36401134337164,True,
1.8,0.238,1.01,0.008,3.364702179568117,True,
1.8,0.238,1.0125,0.0005,3.242985841558833,True,
1.8,0.238,1.0125,0.000625,3.2430619373910656,True,
1.8,0.238,1.0125,0.00075,3.243146087131937,True,
1.8,0.238,1.0125,0.000875,3.24323828593422,True,
1.8,0.238,1.0125,0.001,3.243338527970145,True,
1.8,0.238,1.0125,0.0011250000000000001,3.2434468064811726,True,
1.8,0.238,1.0125,0.00125,3.243563113752571,True,
1.8,0.238,1.0125,0.001375,3.243687441106051,True,
1.8,0.238,1.0125,0.0015,3.243819778914427,True,
1.8,0.238,1.0125,0.0016250000000000001,3.2439601166259386,True,
1.8,0.238,1.0125,0.00175,3.2441084427142988,True,
1.8,0.238,1.0125,0.001875,3.244264744702739,True,
1.8,0.238,1.0125,0.002,3.244429009183459,True,
1.8,0.238,1.0125,0.002125,3.2446012218119127,True,
1.8,0.238,1.0125,0.0022500000000000003,3.2447813672785277,True,
1.8,0.238,1.0125,0.002375,3.2449694293488722,True,
1.8,0.238,1.0125,0.0025,3.2451653908445395,True,
1.8,0.238,1.0125,0.002625,3.245369233656747,True,
1.8,0.238,1.0125,0.0027500000000000003,3.2455809387309658,True,
1.8,0.238,1.0125,0.002875,3.2458004860725262,True,
1.8,0.238,1.0125,0.003,3.246027854804609,True,
1.8,0.238,1.0125,0.003125,3.2462630230592677,True,
1.8,0.238,1.0125,0.00325,3.246505968069481,True,
1.8,0.238,1.0125,0.003375,3.2467566661515543,True,
1.8,0.238,1.0125,0.0035,3.247015092688809,True,
1.8,0.238,1.0125,0.003625,3.247281222150542,True,
1.8,0.238,1.0125,0.0037500000000000003,3.2475550280734224,True,
1.8,0.238,1.0125,0.003875,3.2478364831117976,True,
1.8,0.238,1.0125,0.004,3.2481255589774816,True,
1.8,0.238,1.0125,0.004125,3.2484222264870852,True,
1.8,0.238,1.0125,0.00425,3.248726455533452,True,
1.8,0.238,1.0125,0.004375,3.249038215127398,True,
1.8,0.238,1.0125,0.0045000000000000005,3.2493574733643618,True,
1.8,0.238,1.0125,0.004625000000000001,3.2496841974375648,True,
1.8,0.238,1.0125,0.004750000000000001,3.2500183536455576,True,
1.8,0.238,1.0125,0.004875000000000001,3.250359907391647,True,
1.8,0.238,1.0125,0.005000000000000001,3.2507088231871553,True,
1.8,0.238,1.0125,0.005124999999999999,3.251065064649328,True,
1.8,0.238,1.0125,0.0052499999999999995,3.2514285945073573,True,
1.8,0.238,1.0125,0.005375,3.251799374612582,True,
1.8,0.238,1.0125,0.0055,3.2521773659243203,True,
1.8,0.238,1.0125,0.005625,3.252562528514744,True,
1.8,0.238,1.0125,0.00575,3.2529548215932214,True,
1.8,0.238,1.0125,0.005875,3.253354203487539,True,
1.8,0.238,1.0125,0.006,3.253760631632486,True,
1.8,0.238,1.0125,0.006125,3.2541740626142426,True,
1.8,0.238,1.0125,0.00625,3.2545944521369345,True,
1.8,0.238,1.0125,0.0063750000000000005,3.2550217550353806,True,
1.8,0.238,1.0125,0.006500000000000001,3.255455925278379,True,
1.8,0.238,1.0125,0.006625000000000001,3.2558969159715176,True,
1.8,0.238,1.0125,0.006750000000000001,3.256344679360076,True,
1.8,0.238,1.0125,0.006875000000000001,3.2567991668217053,True,
1.8,0.238,1.0125,0.007000000000000001,3.2572603288706024,True,
1.8,0.238,1.0125,0.007124999999999999,3.257728115180152,True,
1.8,0.238,1.0125,0.0072499999999999995,3.25820247455039,True,
1.8,0.238,1.0125,0.007375,3.258683354931764,True,
1.8,0.238,1.0125,0.0075,3.2591707034271815,True,
1.8,0.238,1.0125,0.007625,3.259664466274549,True,
1.8,0.238,1.0125,0.00775,3.2601645888735176,True,
1.8,0.238,1.0125,0.007875,3.2606710157634367,True,
1.8,0.238,1.0125,0.008,3.261183690643602,True,
1.8,0.238,1.0150000000000001,0.0005,3.144980561642033,True,
1.8,0.238,1.0150000000000001,0.000625,3.1450472096069517,True,
1.8,0.238,1.0150000000000001,0.00075,3.145119519184191,True,
1.8,0.238,1.0150000000000001,0.000875,3.145197486238708,True,
1.8,0.238,1.0150000000000001,0.001,3.145281105859297,True,
1.8,0.238,1.0150000000000001,0.0011250000000000001,3.1453703722976183,True,
1.8,0.238,1.0150000000000001,0.00125,3.1454652790373094,True,
1.8,0.238,1.0150000000000001,0.001375,3.145565818748585,True,
1.8,0.238,1.0150000000000001,0.0015,3.1456719832972286,True,
1.8,0.238,1.0150000000000001,0.0016250000000000001,3.145783763754065,True,
1.8,0.238,1.0150000000000001,0.00175,3.145901150357012,True,
1.8,0.238,1.0150000000000001,0.001875,3.1460241325987965,True,
1.8,0.238,1.0150000000000001,0.002,3.14615269913005,True,
1.8,0.238,1.0150000000000001,0.002125,3.146286837812596,True,
1.8,0.238,1.0150000000000001,0.0022500000000000003,3.1464265357223278,True,
1.8,0.238,1.0150000000000001,0.002375,3.146571779132204,True,
1.8,0.238,1.0150000000000001,0.0025,3.1467225535169905,True,
1.8,0.238,1.0150000000000001,0.002625,3.1468788435330315,True,
1.8,0.238,1.0150000000000001,0.0027500000000000003,3.1470406330798806,True,
1.8,0.238,1.0150000000000001,0.002875,3.1472079052471167,True,
1.8,0.238,1.0150000000000001,0.003,3.1473806423269366,True,
1.8,0.238,1.0150000000000001,0.003125,3.1475588258202705,True,
1.8,0.238,1.0150000000000001,0.00325,3.147742436454008,True,
1.8,0.238,1.0150000000000001,0.003375,3.1479314541394707,True,
1.8,0.238,1.0150000000000001,0.0035,3.1481258580082816,True,
1.8,0.238,1.0150000000000001,0.003625,3.148325626413487,True,
1.8,0.238,1.0150000000000001,0.0037500000000000003,3.148530736908071,True,
1.8,0.238,1.0150000000000001,0.003875,3.148741166281247,True,
1.8,0.238,1.0150000000000001,0.004,3.1489568905090315,True,
1.8,0.238,1.0150000000000001,0.004125,3.1491778848099976,True,
1.8,0.238,1.0150000000000001,0.00425,3.149404123609324,True,
1.8,0.238,1.0150000000000001,0.004375,3.149635580551452,True,
1.8,0.238,1.0150000000000001,0.0045000000000000005,3.1498722284999956,True,
1.8,0.238,1.0150000000000001,0.004625000000000001,3.150114039549783,True,
1.8,0.238,1.0150000000000001,0.004750000000000001,3.1503609850093444,True,
1.8,0.238,1.0150000000000001,0.004875000000000001,3.150613035418752,True,
1.8,0.238,1.0150000000000001,0.005000000000000001,3.1508701605388487,True,
1.8,0.238,1.0150000000000001,0.005124999999999999,3.151132329355624,True,
1.8,0.238,1.0150000000000001,0.0052499999999999995,3.151399510098093,True,
1.8,0.238,1.0150000000000001,0.005375,3.1516716702157295,True,
1.8,0.238,1.0150000000000001,0.0055,3.1519487763776337,True,
1.8,0.238,1.0150000000000001,0.005625,3.152230794505937,True,
1.8,0.238,1.0150000000000001,0.00575,3.152517689746209,True,
1.8,0.238,1.0150000000000001,0.005875,3.1528094264843824,True,
1.8,0.238,1.0150000000000001,0.006,3.153105968335899,True,
1.8,0.238,1.0150000000000001,0.006125,3.1534072781591758,True,
1.8,0.238,1.0150000000000001,0.00625,3.1537133180517123,True,
1.8,0.238,1.0150000000000001,0.0063750000000000005,3.154024049348648,True,
1.8,0.238,1.0150000000000001,0.006500000000000001,3.1543394326332312,True,
1.8,0.238,1.0150000000000001,0.006625000000000001,3.1546594277266395,True,
1.8,0.238,1.0150000000000001,0.006750000000000001,3.154983993695913,True,
1.8,0.238,1.0150000000000001,0.006875000000000001,3.1553130888506926,True,
1.8,0.238,1.0150000000000001,0.007000000000000001,3.15564667075734,True,
1.8,0.238,1.0150000000000001,0.007124999999999999,3.155984696219192,True,
1.8,0.238,1.0150000000000001,0.0072499999999999995,3.1563271212974953,True,
1.8,0.238,1.0150000000000001,0.007375,3.15667390130308,True,
1.8,0.238,1.0150000000000001,0.0075,3.157024990789953,True,
1.8,0.238,1.0150000000000001,0.007625,3.1573803435781596,True,
1.8,0.238,1.0150000000000001,0.00775,3.1577399127366164,True,
1.8,0.238,1.0150000000000001,0.007875,3.158103650590188,True,
1.8,0.238,1.0150000000000001,0.008,3.15847150871662,True,
1.8,0.238,1.0175,0.0005,3.047730057911884,True,
1.8,0.238,1.0175,0.000625,3.0477891475984054,True,
1.8,0.238,1.0175,0.00075,3.0478519656697918,True,
1.8,0.238,1.0175,0.000875,3.0479185085557234,True,
1.8,0.238,1.0175,0.001,3.047988772087675,True,
1.8,0.238,1.0175,0.0011250000000000001,3.048062751367209,True,
1.8,0.238,1.0175,0.00125,3.048140440844639,True,
1.8,0.238,1.0175,0.001375,3.0482218342688023,True,
1.8,0.238,1.0175,0.0015,3.04830692471962,True,
1.8,0.238,1.0175,0.0016250000000000001,3.0483957045934407,True,
1.8,0.238,1.0175,0.00175,3.0484881656118556,True,
1.8,0.238,1.0175,0.001875,3.048584298826877,True,
1.8,0.238,1.0175,0.002,3.0486840946064726,True,
1.8,0.238,1.0175,0.002125,3.0487875426231645,True,
1.8,0.238,1.0175,0.0022500000000000003,3.0488946318969457,True,
1.8,0.238,1.0175,0.002375,3.049005350769074,True,
1.8,0.238,1.0175,0.0025,3.049119686890085,True,
1.8,0.238,1.0175,0.002625,3.049237627243543,True,
1.8,0.238,1.0175,0.0027500000000000003,3.0493591581369754,True,
1.8,0.238,1.0175,0.002875,3.04948426521559,True,
1.8,0.238,1.0175,0.003,3.0496129334258013,True,
1.8,0.238,1.0175,0.003125,3.049745147056674,True,
1.8,0.238,1.0175,0.00325,3.049880889742114,True,
1.8,0.238,1.0175,0.003375,3.0500201443883372,True,
1.8,0.238,1.0175,0.0035,3.050162893304376,True,
1.8,0.238,1.0175,0.003625,3.050309118066684,True,
1.8,0.238,1.0175,0.0037500000000000003,3.050458799628869,True,
1.8,0.238,1.0175,0.003875,3.0506119182281397,True,
1.8,0.238,1.0175,0.004,3.0507684534782453,True,
1.8,0.238,1.0175,0.004125,3.0509283842959345,True,
1.8,0.238,1.0175,0.00425,3.051091688957786,True,
1.8,0.238,1.0175,0.004375,3.0512583450443036,True,
1.8,0.238,1.0175,0.0045000000000000005,3.0514283294923104,True,
1.8,0.238,1.0175,0.004625000000000001,3.051601618567605,True,
1.8,0.238,1.0175,0.004750000000000001,3.051778187876629,True,
1.8,0.238,1.0175,0.004875000000000001,3.051958012356303,True,
1.8,0.238,1.0175,0.005000000000000001,3.052141066299589,True,
1.8,0.238,1.0175,0.005124999999999999,3.052327323315919,True,
1.8,0.238,1.0175,0.0052499999999999995,3.0525167563729383,True,
1.8,0.238,1.0175,0.005375,3.0527093377740298,True,
1.8,0.238,1.0175,0.0055,3.0529050391658723,True,
1.8,0.238,1.0175,0.005625,3.0531038315416033,True,
1.8,0.238,1.0175,0.00575,3.0533056852328793,True,
1.8,0.238,1.0175,0.005875,3.053510569922242,True,
1.8,0.238,1.0175,0.006,3.0537184546431444,True,
1.8,0.238,1.0175,0.006125,3.053929307770806,True,
1.8,0.238,1.0175,0.00625,3.054143097030702,True,
1.8,0.238,1.0175,0.0063750000000000005,3.054359789504998,True,
1.8,0.238,1.0175,0.006500000000000001,3.054579351612924,True,
1.8,0.238,1.0175,0.006625000000000001,3.054801749143353,True,
1.8,0.238,1.0175,0.006750000000000001,3.0550269472279754,True,
1.8,0.238,1.0175,0.006875000000000001,3.0552549103570574,True,
1.8,0.238,1.0175,0.007000000000000001,3.05548560237563,True,
1.8,0.238,1.0175,0.007124999999999999,3.055718986495718,True,
1.8,0.238,1.0175,0.0072499999999999995,3.055955025264615,True,
1.8,0.238,1.0175,0.007375,3.0561936806127057,True,
1.8,0.238,1.0175,0.0075,3.056434913819342,True,
1.8,0.238,1.0175,0.007625,3.0566786855309465,True,
1.8,0.238,1.0175,0.00775,3.0569249557527556,True,
1.8,0.238,1.0175,0.007875,3.057173683852209,True,
1.8,0.238,1.0175,0.008,3.057424828578225,True,
1.8,0.238,1.02,0.0005,2.9520322291962895,True,
1.8,0.238,1.02,0.000625,2.9520853270268907,True,
1.8,0.238,1.02,0.00075,2.9521406025246377,True,
1.8,0.238,1.02,0.000875,2.9521980526816707,True,
1.8,0.238,1.02,0.001,2.952257673919258,True,
1.8,0.238,1.02,0.0011250000000000001,2.952319462050667,True,
1.8,0.238,1.02,0.00125,2.952383412362155,True,
1.8,0.238,1.02,0.001375,2.9524495195487517,True,
1.8,0.238,1.02,0.0015,2.9525177777157956,True,
1.8,0.238,1.02,0.0016250000000000001,2.9525881804275156,True,
1.8,0.238,1.02,0.00175,2.95266072065205,True,
1.8,0.238,1.02,0.001875,2.9527353907838676,True,
1.8,0.238,1.02,0.002,2.9528121826623273,True,
1.8,0.238,1.02,0.002125,2.9528910875429846,True,
1.8,0.238,1.02,0.0022500000000000003,2.9529720961122705,True,
1.8,0.238,1.02,0.002375,2.9530551984832107,True,
1.8,0.238,1.02,0.0025,2.9531403842008888,True,
1.8,0.238,1.02,0.002625,2.9532276422398103,True,
1.8,0.238,1.02,0.0027500000000000003,2.9533169609991594,True,
1.8,0.238,1.02,0.002875,2.9534083283138806,True,
1.8,0.238,1.02,0.003,2.9535017314643746,True,
1.8,0.238,1.02,0.003125,2.9535971571223327,True,
1.8,0.238,1.02,0.00325,2.9536945914283246,True,
1.8,0.238,1.02,0.003375,2.9537940199394583,True,
1.8,0.238,1.02,0.0035,2.953895427652251,True,
1.8,0.238,1.02,0.003625,2.9539987989947685,True,
1.8,0.238,1.02,0.0037500000000000003,2.954104117829842,True,
1.8,0.238,1.02,0.003875,2.954211367448401,True,
1.8,0.238,1.02,0.004,2.9543205305888383,True,
1.8,0.238,1.02,0.004125,2.9544315894101736,True,
1.8,0.238,1.02,0.00425,2.954544525532353,True,
1.8,0.238,1.02,0.004375,2.9546593199870945,True,
1.8,0.238,1.02,0.0045000000000000005,2.9547759532589595,True,
1.8,0.238,1.02,0.004625000000000001,2.954894405264178,True,
1.8,0.238,1.02,0.004750000000000001,2.9550146553758894,True,
1.8,0.238,1.02,0.004875000000000001,2.955136682380682,True,
1.8,0.238,1.02,0.005000000000000001,2.9552604645309777,True,
1.8,0.238,1.02,0.005124999999999999,2.955385979510294,True,
1.8,0.238,1.02,0.0052499999999999995,2.9555132044494234,True,
1.8,0.238,1.02,0.005375,2.955642115912592,True,
1.8,0.238,1.02,0.0055,2.9557726899327994,True,
1.8,0.238,1.02,0.005625,2.955904901957694,True,
1.8,0.238,1.02,0.00575,2.9560387269089228,True,
1.8,0.238,1.02,0.005875,2.9561741391457717,True,
1.8,0.238,1.02,0.006,2.956311112466893,True,
1.8,0.238,1.02,0.006125,2.9564496201449435,True,
1.8,0.238,1.02,0.00625,2.956589634881064,True,
1.8,0.238,1.02,0.0063750000000000005,2.956731128830538,True,
1.8,0.238,1.02,0.006500000000000001,2.95687407362348,True,
1.8,0.238,1.02,0.006625000000000001,2.9570184403148105,True,
1.8,0.238,1.02,0.006750000000000001,2.957164199431287,True,
1.8,0.238,1.02,0.006875000000000001,2.95731132096223,True,
1.8,0.238,1.02,0.007000000000000001,2.9574597743318276,True,
1.8,0.238,1.02,0.007124999999999999,2.957609528447447,True,
1.8,0.238,1.02,0.0072499999999999995,2.9577605516569974,True,
1.8,0.238,1.02,0.007375,2.9579128117836206,True,
1.8,0.238,1.02,0.0075,2.9580662761095384,True,
1.8,0.238,1.02,0.007625,2.9582209113738864,True,
1.8,0.238,1.02,0.00775,2.958376683783767,True,
1.8,0.238,1.02,0.007875,2.9585335590198554,True,
1.8,0.238,1.02,0.008,2.9586915022210376,True,
1.8,0.238,1.0225,0.0005,2.8584876086554147,True,
1.8,0.238,1.0225,0.000625,2.858536009985928,True,
1.8,0.238,1.0225,0.00075,2.858585356366413,True,
1.8,0.238,1.0225,0.000875,2.8586356451971318,True,
1.8,0.238,1.0225,0.001,2.858686873443338,True,
1.8,0.238,1.0225,0.0011250000000000001,2.858739037584415,True,
1.8,0.238,1.0225,0.00125,2.8587921336041493,True,
1.8,0.238,1.0225,0.001375,2.858846157003093,True,
1.8,0.238,1.0225,0.0015,2.8589011028331326,True,
1.8,0.238,1.0225,0.0016250000000000001,2.8589569656150684,True,
1.8,0.238,1.0225,0.00175,2.8590137394288684,True,
1.8,0.238,1.0225,0.001875,2.8590714178528227,True,
1.8,0.238,1.0225,0.002,2.8591299939960004,True,
1.8,0.238,1.0225,0.002125,2.8591894604869594,True,
1.8,0.238,1.0225,0.0022500000000000003,2.8592498094660272,True,
1.8,0.238,1.0225,0.002375,2.8593110326006013,True,
1.8,0.238,1.0225,0.0025,2.859373121081873,True,
1.8,0.238,1.0225,0.002625,2.8594360656168676,True,
1.8,0.238,1.0225,0.0027500000000000003,2.859499856437153,True,
1.8,0.238,1.0225,0.002875,2.859564483295302,True,
1.8,0.238,1.0225,0.003,2.8596299354681904,True,
1.8,0.238,1.0225,0.003125,2.859696201755552,True,
1.8,0.238,1.0225,0.00325,2.8597632704752205,True,
1.8,0.238,1.0225,0.003375,2.8598311294841805,True,
1.8,0.238,1.0225,0.0035,2.8598997661487173,True,
1.8,0.238,1.0225,0.003625,2.8599691673636363,True,
1.8,0.238,1.0225,0.0037500000000000003,2.8600393195581066,True,
1.8,0.238,1.0225,0.003875,2.860110208663741,True,
1.8,0.238,1.0225,0.004,2.8601818201804496,True,
1.8,0.238,1.0225,0.004125,2.860254139095414,True,
1.8,0.238,1.0225,0.00425,2.860327149950274,True,
1.8,0.238,1.0225,0.004375,2.860400836802923,True,
1.8,0.238,1.0225,0.0045000000000000005,2.8604751832343656,True,
1.8,0.238,1.0225,0.004625000000000001,2.8605501723799343,True,
1.8,0.238,1.0225,0.004750000000000001,2.860625786882985,True,
1.8,0.238,1.0225,0.004875000000000001,2.8607020089233326,True,
1.8,0.238,1.0225,0.005000000000000001,2.860778820226728,True,
1.8,0.238,1.0225,0.005124999999999999,2.860856202045132,True,
1.8,0.238,1.0225,0.0052499999999999995,2.8609341351546367,True,
1.8,0.238,1.0225,0.005375,2.8610125998721423,True,
1.8,0.238,1.0225,0.0055,2.8610915760608657,True,
1.8,0.238,1.0225,0.005625,2.8611710431116926,True,
1.8,0.238,1.0225,0.00575,2.8612509799489607,True,
1.8,0.238,1.0225,0.005875,2.8613313650431116,True,
1.8,0.238,1.0225,0.006,2.8614121764068283,True,
1.8,0.238,1.0225,0.006125,2.8614933915829623,True,
1.8,0.238,1.0225,0.00625,2.861574987665009,True,
1.8,0.238,1.0225,0.0063750000000000005,2.8616569412844317,True,
1.8,0.238,1.0225,0.006500000000000001,2.861739228623872,True,
1.8,0.238,1.0225,0.006625000000000001,2.8618218253965866,True,
1.8,0.238,1.0225,0.006750000000000001,2.861904706876046,True,
1.8,0.238,1.0225,0.006875000000000001,2.861987847875991,True,
1.8,0.238,1.0225,0.007000000000000001,2.8620712227517786,True,
1.8,0.238,1.0225,0.007124999999999999,2.8621548054198493,True,
1.8,0.238,1.0225,0.0072499999999999995,2.8622385693505286,True,
1.8,0.238,1.0225,0.007375,2.8623224875434317,True,
1.8,0.238,1.0225,0.0075,2.862406532570236,True,
1.8,0.238,1.0225,0.007625,2.8624906765533367,True,
1.8,0.238,1.0225,0.00775,2.862574891169963,True,
1.8,0.238,1.0225,0.007875,2.8626591476454135,True,
1.8,0.238,1.0225,0.008,2.8627434167735446,True,
1.8,0.238,1.0250000000000001,0.0005,2.7675344950052185,True,
1.8,0.238,1.0250000000000001,0.000625,2.767579265264268,True,
1.8,0.238,1.0250000000000001,0.00075,2.7676240111044863,True,
1.8,0.238,1.0250000000000001,0.000875,2.76766873032057,True,
1.8,0.238,1.0250000000000001,0.001,2.767713420353919,True,
1.8,0.238,1.0250000000000001,0.0011250000000000001,2.76775807824018,True,
1.8,0.238,1.0250000000000001,0.00125,2.7678027005725663,True,
1.8,0.238,1.0250000000000001,0.001375,2.7678472835762373,True,
1.8,0.238,1.0250000000000001,0.0015,2.767891823073501,True,
1.8,0.238,1.0250000000000001,0.0016250000000000001,2.7679363144618474,True,
1.8,0.238,1.0250000000000001,0.00175,2.767980752781113,True,
1.8,0.238,1.0250000000000001,0.001875,2.7680251326187593,True,
1.8,0.238,1.0250000000000001,0.002,2.768069448209641,True,
1.8,0.238,1.0250000000000001,0.002125,2.7681136933558057,True,
1.8,0.238,1.0250000000000001,0.0022500000000000003,2.7681578614895206,True,
1.8,0.238,1.0250000000000001,0.002375,2.7682019456090536,True,
1.8,0.238,1.0250000000000001,0.0025,2.768245938336844,True,
1.8,0.238,1.0250000000000001,0.002625,2.76828983188349,True,
1.8,0.238,1.0250000000000001,0.0027500000000000003,2.7683336180880493,True,
1.8,0.238,1.0250000000000001,0.002875,2.7683772883540714,True,
1.8,0.238,1.0250000000000001,0.003,2.7684208337178444,True,
1.8,0.238,1.0250000000000001,0.003125,2.768464244795205,True,
1.8,0.238,1.0250000000000001,0.00325,2.7685075118183704,True,
1.8,0.238,1.0250000000000001,0.003375,2.7685506246292766,True,
1.8,0.238,1.0250000000000001,0.0035,2.768593572668791,True,
1.8,0.238,1.0250000000000001,0.003625,2.7686363449746856,True,
1.8,0.238,1.0250000000000001,0.0037500000000000003,2.768678930197533,True,
1.8,0.238,1.0250000000000001,0.003875,2.768721316595054,True,
1.8,0.238,1.0250000000000001,0.004,2.7687634920299264,True,
1.8,0.238,1.0250000000000001,0.004125,2.7688054439682817,True,
1.8,0.238,1.0250000000000001,0.00425,2.7688471594895834,True,
1.8,0.238,1.0250000000000001,0.004375,2.768888625279797,True,
1.8,0.238,1.0250000000000001,0.0045000000000000005,2.7689298276271237,True,
1.8,0.238,1.0250000000000001,0.004625000000000001,2.7689707524500706,True,
1.8,0.238,1.0250000000000001,0.004750000000000001,2.769011385251677,True,
1.8,0.238,1.0250000000000001,0.004875000000000001,2.7690517111571973,True,
1.8,0.238,1.0250000000000001,0.005000000000000001,2.7690917149154783,True,
1.8,0.238,1.0250000000000001,0.005124999999999999,2.769131380874613,True,
1.8,0.238,1.0250000000000001,0.0052499999999999995,2.7691706929849316,True,
1.8,0.238,1.0250000000000001,0.005375,2.7692096348426807,True,
1.8,0.238,1.0250000000000001,0.0055,2.7692481896323584,True,
1.8,0.238,1.0250000000000001,0.005625,2.7692863401636867,True,
1.8,0.238,1.0250000000000001,0.00575,2.7693240688665828,True,
1.8,0.238,1.0250000000000001,0.005875,2.7693613577904532,True,
1.8,0.238,1.0250000000000001,0.006,2.7693981885828913,True,
1.8,0.238,1.0250000000000001,0.006125,2.7694345425433022,True,
1.8,0.238,1.0250000000000001,0.00625,2.7694704005592388,True,
1.8,0.238,1.0250000000000001,0.0063750000000000005,2.769505743169035,True,
1.8,0.238,1.0250000000000001,0.006500000000000001,2.769540550506371,True,
1.8,0.238,1.0250000000000001,0.006625000000000001,2.7695748023543114,True,
1.8,0.238,1.0250000000000001,0.006750000000000001,2.769608478098581,True,
1.8,0.238,1.0250000000000001,0.006875000000000001,2.7696415567667025,True,
1.8,0.238,1.0250000000000001,0.007000000000000001,2.769674017003701,True,
1.8,0.238,1.0250000000000001,0.007124999999999999,2.769705837087084,True,
1.8,0.238,1.0250000000000001,0.0072499999999999995,2.769736994917364,True,
1.8,0.238,1.0250000000000001,0.007375,2.76976746802875,True,
1.8,0.238,1.0250000000000001,0.0075,2.7697972335843106,True,
1.8,0.238,1.0250000000000001,0.007625,2.769826268391383,True,
1.8,0.238,1.0250000000000001,0.00775,2.7698545488706174,True,
1.8,0.238,1.0250000000000001,0.007875,2.769882051094457,True,
1.8,0.238,1.0250000000000001,0.008,2.769908750768303,True,
1.8,0.238,1.0275,0.0005,2.679479236152642,True,
1.8,0.238,1.0275,0.000625,2.679521245897849,True,
1.8,0.238,1.0275,0.00075,2.6795624783070258,True,
1.8,0.238,1.0275,0.000875,2.679602931455122,True,
1.8,0.238,1.0275,0.001,2.6796426032395906,True,
1.8,0.238,1.0275,0.0011250000000000001,2.6796814911046516,True,
1.8,0.238,1.0275,0.00125,2.6797195922471446,True,
1.8,0.238,1.0275,0.001375,2.6797569034688857,True,
1.8,0.238,1.0275,0.0015,2.679793421283469,True,
1.8,0.238,1.0275,0.0016250000000000001,2.6798291418349867,True,
1.8,0.238,1.0275,0.00175,2.679864060968965,True,
1.8,0.238,1.0275,0.001875,2.6798981741973913,True,
1.8,0.238,1.0275,0.002,2.679931476667413,True,
1.8,0.238,1.0275,0.002125,2.679963963238125,True,
1.8,0.238,1.0275,0.0022500000000000003,2.679995628405733,True,
1.8,0.238,1.0275,0.002375,2.6800264663719267,True,
1.8,0.238,1.0275,0.0025,2.6800564709523758,True,
1.8,0.238,1.0275,0.002625,2.680085635681211,True,
1.8,0.238,1.0275,0.0027500000000000003,2.680113953755858,True,
1.8,0.238,1.0275,0.002875,2.680141418033887,True,
1.8,0.238,1.0275,0.003,2.68016802103066,True,
1.8,0.238,1.0275,0.003125,2.6801937549628865,True,
1.8,0.238,1.0275,0.00325,2.680218611703452,True,
1.8,0.238,1.0275,0.003375,2.680242582809164,True,
1.8,0.238,1.0275,0.0035,2.680265659488685,True,
1.8,0.238,1.0275,0.003625,2.68028783264143,True,
1.8,0.238,1.0275,0.0037500000000000003,2.6803090928397006,True,
1.8,0.238,1.0275,0.003875,2.6803294303162186,True,
1.8,0.238,1.0275,0.004,2.6803488349998443,True,
1.8,0.238,1.0275,0.004125,2.680367296488147,True,
1.8,0.238,1.0275,0.00425,2.680384804035309,True,
1.8,0.238,1.0275,0.004375,2.6804013466024776,True,
1.8,0.238,1.0275,0.0045000000000000005,2.6804169128121065,True,
1.8,0.238,1.0275,0.004625000000000001,2.680431490961837,True,
1.8,0.238,1.0275,0.004750000000000001,2.6804450690349118,True,
1.8,0.238,1.0275,0.004875000000000001,2.6804576347046205,True,
1.8,0.238,1.0275,0.005000000000000001,2.6804691752870626,True,
1.8,0.238,1.0275,0.005124999999999999,2.6804796778261504,True,
1.8,0.238,1.0275,0.0052499999999999995,2.6804891290165185,True,
1.8,0.238,1.0275,0.005375,2.680497515241957,True,
1.8,0.238,1.0275,0.0055,2.680504822578901,True,
1.8,0.238,1.0275,0.005625,2.6805110367711418,True,
1.8,0.238,1.0275,0.00575,2.6805161432601667,True,
1.8,0.238,1.0275,0.005875,2.680520127165197,True,
1.8,0.238,1.0275,0.006,2.6805229733012883,True,
1.8,0.238,1.0275,0.006125,2.680524666164988,True,
1.8,0.238,1.0275,0.00625,2.6805251899288107,True,
1.8,0.238,1.0275,0.0063750000000000005,2.68052452848359,True,
1.8,0.238,1.0275,0.006500000000000001,2.6805226653835734,True,
1.8,0.238,1.0275,0.006625000000000001,2.6805195838799065,True,
1.8,0.238,1.0275,0.006750000000000001,2.68051526692498,True,
1.8,0.238,1.0275,0.006875000000000001,2.6805096971526856,True,
1.8,0.238,1.0275,0.007000000000000001,2.6805028569052527,True,
1.8,0.238,1.0275,0.007124999999999999,2.680494728198884,True,
1.8,0.238,1.0275,0.0072499999999999995,2.680485292768666,True,
1.8,0.238,1.0275,0.007375,2.680474532026257,True,
1.8,0.238,1.0275,0.0075,2.6804624270972037,True,
1.8,0.238,1.0275,0.007625,2.680448958792318,True,
1.8,0.238,1.0275,0.00775,2.680434107638424,True,
1.8,0.238,1.0275,0.007875,2.680417853849726,True,
1.8,0.238,1.0275,0.008,2.68040017735551,True,
1.8,0.238,1.03,0.0005,2.594522085163527,True,
1.8,0.238,1.03,0.000625,2.594562040889286,True,
1.8,0.238,1.03,0.00075,2.5946006433410482,True,
1.8,0.238,1.03,0.000875,2.5946378909402408,True,
1.8,0.238,1.03,0.001,2.594673781881533,True,
1.8,0.238,1.03,0.0011250000000000001,2.5947083140374745,True,
1.8,0.238,1.03,0.00125,2.594741485053794,True,
1.8,0.238,1.03,0.001375,2.594773292259811,True,
1.8,0.238,1.03,0.0015,2.5948037327658233,True,
1.8,0.238,1.03,0.0016250000000000001,2.594832803349235,True,
1.8,0.238,1.03,0.00175,2.594860500548557,True,
1.8,0.238,1.03,0.001875,2.5948868206252262,True,
1.8,0.238,1.03,0.002,2.5949117595701447,True,
1.8,0.238,1.03,0.002125,2.5949353130973747,True,
1.8,0.238,1.03,0.0022500000000000003,2.5949574766518353,True,
1.8,0.238,1.03,0.002375,2.594978245411259,True,
1.8,0.238,1.03,0.0025,2.594997614258405,True,
1.8,0.238,1.03,0.002625,2.5950155778273003,True,
1.8,0.238,1.03,0.0027500000000000003,2.595032130483767,True,
1.8,0.238,1.03,0.002875,2.5950472663285495,True,
1.8,0.238,1.03,0.003,2.595060979168218,True,
1.8,0.238,1.03,0.003125,2.5950732625435053,True,
1.8,0.238,1.03,0.00325,2.595084109736801,True,
1.8,0.238,1.03,0.003375,2.5950935137740796,True,
1.8,0.238,1.03,0.0035,2.5951014673952937,True,
1.8,0.238,1.03,0.003625,2.595107963069576,True,
1.8,0.238,1.03,0.0037500000000000003,2.595112992997083,True,
1.8,0.238,1.03,0.003875,2.5951165491271673,True,
1.8,0.238,1.03,0.004,2.5951186231227865,True,
1.8,0.238,1.03,0.004125,2.5951192064111943,True,
1.8,0.238,1.03,0.00425,2.5951182901211713,True,
1.8,0.238,1.03,0.004375,2.595115865133118,True,
1.8,0.238,1.03,0.0045000000000000005,2.59511192205807,True,
1.8,0.238,1.03,0.004625000000000001,2.5951064512458997,True,
1.8,0.238,1.03,0.004750000000000001,2.5950994427849454,True,
1.8,0.238,1.03,0.004875000000000001,2.595090886485685,True,
1.8,0.238,1.03,0.005000000000000001,2.5950807719308866,True,
1.8,0.238,1.03,0.005124999999999999,2.59506908840626,True,
1.8,0.238,1.03,0.0052499999999999995,2.5950558249438505,True,
1.8,0.238,1.03,0.005375,2.5950409703424913,True,
1.8,0.238,1.03,0.0055,2.5950245131081626,True,
1.8,0.238,1.03,0.005625,2.5950064415032905,True,
1.8,0.238,1.03,0.00575,2.5949867435345184,True,
1.8,0.238,1.03,0.005875,2.594965406947339,True,
1.8,0.238,1.03,0.006,2.5949424192316854,True,
1.8,0.238,1.03,0.006125,2.5949177676203603,True,
1.8,0.238,1.03,0.00625,2.594891439098639,True,
1.8,0.238,1.03,0.0063750000000000005,2.5948634203851855,True,
1.8,0.238,1.03,0.006500000000000001,2.5948336979579967,True,
1.8,0.238,1.03,0.006625000000000001,2.594802258040911,True,
1.8,0.238,1.03,0.006750000000000001,2.594769086596965,True,
1.8,0.238,1.03,0.006875000000000001,2.5947341693512427,True,
1.8,0.238,1.03,0.007000000000000001,2.594697491765128,True,
1.8,0.238,1.03,0.007124999999999999,2.594659039065441,True,
1.8,0.238,1.03,0.0072499999999999995,2.594618796232244,True,
1.8,0.238,1.03,0.007375,2.594576747984164,True,
1.8,0.238,1.03,0.0075,2.594532878806341,True,
1.8,0.238,1.03,0.007625,2.59448717293656,True,
1.8,0.238,1.03,0.00775,2.5944396143672646,True,
1.8,0.238,1.03,0.007875,2.594390186848058,True,
1.8,0.238,1.03,0.008,2.5943388738943485,True,
1.8,0.238,1.0325,0.0005,2.5127790200837934,True,
1.8,0.238,1.0325,0.000625,2.5128174909884597,True,
1.8,0.238,1.0325,0.00075,2.5128541765831844,True,
1.8,0.238,1.0325,0.000875,2.5128890755726716,True,
1.8,0.238,1.0325,0.001,2.512922186401832,True,
1.8,0.238,1.0325,0.0011250000000000001,2.5129535073106073,True,
1.8,0.238,1.0325,0.00125,2.512983036342245,True,
1.8,0.238,1.0325,0.001375,2.5130107712624685,True,
1.8,0.238,1.0325,0.0015,2.513036709656632,True,
1.8,0.238,1.0325,0.0016250000000000001,2.5130608488576955,True,
1.8,0.238,1.0325,0.00175,2.5130831860068166,True,
1.8,0.238,1.0325,0.001875,2.513103718001614,True,
1.8,0.238,1.0325,0.002,2.513122441523187,True,
1.8,0.238,1.0325,0.002125,2.513139353010718,True,
1.8,0.238,1.0325,0.0022500000000000003,2.5131544487354187,True,
1.8,0.238,1.0325,0.002375,2.513167724682939,True,
1.8,0.238,1.0325,0.0025,2.5131791766509677,True,
1.8,0.238,1.0325,0.002625,2.513188800208179,True,
1.8,0.238,1.0325,0.0027500000000000003,2.513196590716274,True,
1.8,0.238,1.0325,0.002875,2.5132025432833704,True,
1.8,0.238,1.0325,0.003,2.513206652840603,True,
1.8,0.238,1.0325,0.003125,2.513208914072318,True,
1.8,0.238,1.0325,0.00325,2.513209321436193,True,
1.8,0.238,1.0325,0.003375,2.5132078691905906,True,
1.8,0.238,1.0325,0.0035,2.51320455135948,True,
1.8,0.238,1.0325,0.003625,2.5131993617478834,True,
1.8,0.238,1.0325,0.0037500000000000003,2.513192293966832,True,
1.8,0.238,1.0325,0.003875,2.51318334139094,True,
1.8,0.238,1.0325,0.004,2.5131724971718414,True,
1.8,0.238,1.0325,0.004125,2.5131597542413338,True,
1.8,0.238,1.0325,0.00425,2.5131451053349525,True,
1.8,0.238,1.0325,0.004375,2.5131285429774093,True,
1.8,0.238,1.0325,0.0045000000000000005,2.513110059426677,True,
1.8,0.238,1.0325,0.004625000000000001,2.513089646799967,True,
1.8,0.238,1.0325,0.004750000000000001,2.513067296931871,True,
1.8,0.238,1.0325,0.004875000000000001,2.5130430014891507,True,
1.8,0.238,1.0325,0.005000000000000001,2.5130167519070326,True,
1.8,0.238,1.0325,0.005124999999999999,2.512988539413356,True,
1.8,0.238,1.0325,0.0052499999999999995,2.512958355013469,True,
1.8,0.238,1.0325,0.005375,2.5129261895107793,True,
1.8,0.238,1.0325,0.0055,2.5128920335008167,True,
1.8,0.238,1.0325,0.005625,2.5128558773565066,True,
1.8,0.238,1.0325,0.00575,2.5128177112597974,True,
1.8,0.238,1.0325,0.005875,2.5127775251632385,True,
1.8,0.238,1.0325,0.006,2.5127353088226894,True,
1.8,0.238,1.0325,0.006125,2.5126910517851275,True,
1.8,0.238,1.0325,0.00625,2.512644743395424,True,
1.8,0.238,1.0325,0.0063750000000000005,2.512596372777417,True,
1.8,0.238,1.0325,0.006500000000000001,2.5125459288686303,True,
1.8,0.238,1.0325,0.006625000000000001,2.5124934003903805,True,
1.8,0.238,1.0325,0.006750000000000001,2.5124387758656845,True,
1.8,0.238,1.0325,0.006875000000000001,2.512382043602367,True,
1.8,0.238,1.0325,0.007000000000000001,2.5123231917321034,True,
1.8,0.238,1.0325,0.007124999999999999,2.5122622081581722,True,
1.8,0.238,1.0325,0.0072499999999999995,2.512199080600351,True,
1.8,0.238,1.0325,0.007375,2.512133796564579,True,
1.8,0.238,1.0325,0.0075,2.5120663433783026,True,
1.8,0.238,1.0325,0.007625,2.5119967081534074,True,
1.8,0.238,1.0325,0.00775,2.5119248778134518,True,
1.8,0.238,1.0325,0.007875,2.5118508390841994,True,
1.8,0.238,1.0325,0.008,2.5117745784976764,True,
1.8,0.238,1.0350000000000001,0.0005,2.4342999446694047,True,
1.8,0.238,1.0350000000000001,0.000625,2.4343373860230306,True,
1.8,0.238,1.0350000000000001,0.00075,2.434372726288461,True,
1.8,0.238,1.0350000000000001,0.000875,2.4344059643568046,True,
1.8,0.238,1.0350000000000001,0.001,2.4344370989386954,True,
1.8,0.238,1.0350000000000001,0.0011250000000000001,2.4344661285578226,True,
1.8,0.238,1.0350000000000001,0.00125,2.434493051577809,True,
1.8,0.238,1.0350000000000001,0.001375,2.4345178661555487,True,
1.8,0.238,1.0350000000000001,0.0015,2.4345405702633505,True,
1.8,0.238,1.0350000000000001,0.0016250000000000001,2.4345611617269753,True,
1.8,0.238,1.0350000000000001,0.00175,2.4345796381493687,True,
1.8,0.238,1.0350000000000001,0.001875,2.43459599699446,True,
1.8,0.238,1.0350000000000001,0.002,2.434610235490465,True,
1.8,0.238,1.0350000000000001,0.002125,2.434622350761168,True,
1.8,0.238,1.0350000000000001,0.0022500000000000003,2.4346323396754865,True,
1.8,0.238,1.0350000000000001,0.002375,2.4346401989615836,True,
1.8,0.238,1.0350000000000001,0.0025,2.434645925165146,True,
1.8,0.238,1.0350000000000001,0.002625,2.434649514643991,True,
1.8,0.238,1.0350000000000001,0.0027500000000000003,2.4346509635796845,True,
1.8,0.238,1.0350000000000001,0.002875,2.4346502679756736,True,
1.8,0.238,1.0350000000000001,0.003,2.4346474236548556,True,
1.8,0.238,1.0350000000000001,0.003125,2.434642426262376,True,
1.8,0.238,1.0350000000000001,0.00325,2.4346352712599018,True,
1.8,0.238,1.0350000000000001,0.003375,2.434625953953962,True,
1.8,0.238,1.0350000000000001,0.0035,2.4346144694380443,True,
1.8,0.238,1.0350000000000001,0.003625,2.4346008126467065,True,
1.8,0.238,1.0350000000000001,0.0037500000000000003,2.4345849783488545,True,
1.8,0.238,1.0350000000000001,0.003875,2.4345669611245686,True,
1.8,0.238,1.0350000000000001,0.004,2.434546755371972,True,
1.8,0.238,1.0350000000000001,0.004125,2.4345243553182976,True,
1.8,0.238,1.0350000000000001,0.00425,2.43449975501814,True,
1.8,0.238,1.0350000000000001,0.004375,2.434472948355808,True,
1.8,0.238,1.0350000000000001,0.0045000000000000005,2.4344439290256084,True,
1.8,0.238,1.0350000000000001,0.004625000000000001,2.434412690569873,True,
1.8,0.238,1.0350000000000001,0.004750000000000001,2.434379226340261,True,
1.8,0.238,1.0350000000000001,0.004875000000000001,2.4343435295211093,True,
1.8,0.238,1.0350000000000001,0.005000000000000001,2.434305593127699,True,
1.8,0.238,1.0350000000000001,0.005124999999999999,2.4342654099869057,True,
1.8,0.238,1.0350000000000001,0.0052499999999999995,2.434222972776544,True,
1.8,0.238,1.0350000000000001,0.005375,2.4341782740000655,True,
1.8,0.238,1.0350000000000001,0.0055,2.4341313059694665,True,
1.8,0.238,1.0350000000000001,0.005625,2.434082060845797,True,
1.8,0.238,1.0350000000000001,0.00575,2.4340305306222545,True,
1.8,0.238,1.0350000000000001,0.005875,2.4339767071085285,True,
1.8,0.238,1.0350000000000001,0.006,2.4339205819698972,True,
1.8,0.238,1.0350000000000001,0.006125,2.4338621466710797,True,
1.8,0.238,1.0350000000000001,0.00625,2.433801392546412,True,
1.8,0.238,1.0350000000000001,0.0063750000000000005,2.4337383107347934,True,
1.8,0.238,1.0350000000000001,0.006500000000000001,2.433672892221116,True,
1.8,0.238,1.0350000000000001,0.006625000000000001,2.433605127835307,True,
1.8,0.238,1.0350000000000001,0.006750000000000001,2.4335350082238607,True,
1.8,0.238,1.0350000000000001,0.006875000000000001,2.433462523881067,True,
1.8,0.238,1.0350000000000001,0.007000000000000001,2.4333876651428863,True,
1.8,0.238,1.0350000000000001,0.007124999999999999,2.433310422167989,True,
1.8,0.238,1.0350000000000001,0.0072499999999999995,2.433230784966796,True,
1.8,0.238,1.0350000000000001,0.007375,2.433148743392478,True,
1.8,0.238,1.0350000000000001,0.0075,2.4330642871236803,True,
1.8,0.238,1.0350000000000001,0.007625,2.432977405688129,True,
1.8,0.238,1.0350000000000001,0.00775,2.4328880884606616,True,
1.8,0.238,1.0350000000000001,0.007875,2.432796324651075,True,
1.8,0.238,1.0350000000000001,0.008,2.4327021033135483,True,
1.8,0.238,1.0375,0.0005,2.3590837057198732,True,
1.8,0.238,1.0375,0.000625,2.3591204788938716,True,
1.8,0.238,1.0375,0.00075,2.3591549285271567,True,
1.8,0.238,1.0375,0.000875,2.359187053668174,True,
1.8,0.238,1.0375,0.001,2.359216853201732,True,
1.8,0.238,1.0375,0.0011250000000000001,2.3592443259513853,True,
1.8,0.238,1.0375,0.00125,2.3592694704947736,True,
1.8,0.238,1.0375,0.001375,2.3592922853273386,True,
1.8,0.238,1.0375,0.0015,2.3593127688001427,True,
1.8,0.238,1.0375,0.0016250000000000001,2.359330919054598,True,
1.8,0.238,1.0375,0.00175,2.3593467341674885,True,
1.8,0.238,1.0375,0.001875,2.35936021201204,True,
1.8,0.238,1.0375,0.002,2.3593713503430114,True,
1.8,0.238,1.0375,0.002125,2.359380146748139,True,
1.8,0.238,1.0375,0.0022500000000000003,2.3593865986969322,True,
1.8,0.238,1.0375,0.002375,2.359390703509237,True,
1.8,0.238,1.0375,0.0025,2.3593924583254777,True,
1.8,0.238,1.0375,0.002625,2.3593918601678077,True,
1.8,0.238,1.0375,0.0027500000000000003,2.3593889059412967,True,
1.8,0.238,1.0375,0.002875,2.3593835923431343,True,
1.8,0.238,1.0375,0.003,2.359375915988626,True,
1.8,0.238,1.0375,0.003125,2.3593658732940446,True,
1.8,0.238,1.0375,0.00325,2.3593534605769624,True,
1.8,0.238,1.0375,0.003375,2.3593386739878612,True,
1.8,0.238,1.0375,0.0035,2.359321509540291,True,
1.8,0.238,1.0375,0.003625,2.359301963103872,True,
1.8,0.238,1.0375,0.0037500000000000003,2.3592800304057917,True,
1.8,0.238,1.0375,0.003875,2.3592557070322027,True,
1.8,0.238,1.0375,0.004,2.3592289884311155,True,
1.8,0.238,1.0375,0.004125,2.359199869888766,True,
1.8,0.238,1.0375,0.00425,2.3591683465818587,True,
1.8,0.238,1.0375,0.004375,2.3591344135252807,True,
1.8,0.238,1.0375,0.0045000000000000005,2.3590980656036464,True,
1.8,0.238,1.0375,0.004625000000000001,2.3590592975366556,True,
1.8,0.238,1.0375,0.004750000000000001,2.3590181039533036,True,
1.8,0.238,1.0375,0.004875000000000001,2.358974479295817,True,
1.8,0.238,1.0375,0.005000000000000001,2.3589284178946186,True,
1.8,0.238,1.0375,0.005124999999999999,2.3588799139260415,True,
1.8,0.238,1.0375,0.0052499999999999995,2.3588289614361835,True,
1.8,0.238,1.0375,0.005375,2.3587755543407902,True,
1.8,0.238,1.0375,0.0055,2.358719686411475,True,
1.8,0.238,1.0375,0.005625,2.358661351276127,True,
1.8,0.238,1.0375,0.00575,2.3586005424354735,True,
1.8,0.238,1.0375,0.005875,2.35853725325925,True,
1.8,0.238,1.0375,0.006,2.358471476980949,True,
1.8,0.238,1.0375,0.006125,2.3584032066757925,True,
1.8,0.238,1.0375,0.00625,2.3583324353270765,True,
1.8,0.238,1.0375,0.0063750000000000005,2.3582591557466053,True,
1.8,0.238,1.0375,0.006500000000000001,2.358183360639998,True,
1.8,0.238,1.0375,0.006625000000000001,2.3581050425668724,True,
1.8,0.238,1.0375,0.006750000000000001,2.3580241939607802,True,
1.8,0.238,1.0375,0.006875000000000001,2.357940807113213,True,
1.8,0.238,1.0375,0.007000000000000001,2.357854874205084,True,
1.8,0.238,1.0375,0.007124999999999999,2.357766387270951,True,
1.8,0.238,1.0375,0.0072499999999999995,2.357675338232551,True,
1.8,0.238,1.0375,0.007375,2.3575817188627015,True,
1.8,0.238,1.0375,0.0075,2.357485520824496,True,
1.8,0.238,1.0375,0.007625,2.3573867356404734,True,
1.8,0.238,1.0375,0.00775,2.3572853547206103,True,
1.8,0.238,1.0375,0.007875,2.3571813693422254,True,
1.8,0.238,1.0375,0.008,2.3570747706531923,True,
1.8,0.238,1.04,0.0005,2.287090359555686,True,
1.8,0.238,1.04,0.000625,2.287126749104695,True,
1.8,0.238,1.04,0.00075,2.2871606670331053,True,
1.8,0.238,1.04,0.000875,2.287192112547149,True,
1.8,0.238,1.04,0.001,2.287221084764765,True,
1.8,0.238,1.04,0.0011250000000000001,2.287247582625675,True,
1.8,0.238,1.04,0.00125,2.2872716049946686,True,
1.8,0.238,1.04,0.001375,2.2872931505922205,True,
1.8,0.238,1.04,0.0015,2.2873122180608094,True,
1.8,0.238,1.04,0.0016250000000000001,2.287328805890785,True,
1.8,0.238,1.04,0.00175,2.2873429124632154,True,
1.8,0.238,1.04,0.001875,2.2873545360512852,True,
1.8,0.238,1.04,0.002,2.287363674789046,True,
1.8,0.238,1.04,0.002125,2.287370326730563,True,
1.8,0.238,1.04,0.0022500000000000003,2.2873744897772146,True,
1.8,0.238,1.04,0.002375,2.2873761617307102,True,
1.8,0.238,1.04,0.0025,2.2873753402755663,True,
1.8,0.238,1.04,0.002625,2.2873720229824084,True,
1.8,0.238,1.04,0.0027500000000000003,2.287366207292273,True,
1.8,0.238,1.04,0.002875,2.287357890554939,True,
1.8,0.238,1.04,0.003,2.287347069981392,True,
1.8,0.238,1.04,0.003125,2.287333742674824,True,
1.8,0.238,1.04,0.00325,2.2873179056341946,True,
1.8,0.238,1.04,0.003375,2.2872995557251343,True,
1.8,0.238,1.04,0.0035,2.287278689710297,True,
1.8,0.238,1.04,0.003625,2.287255304235228,True,
1.8,0.238,1.04,0.0037500000000000003,2.2872293958316714,True,
1.8,0.238,1.04,0.003875,2.2872009609210435,True,
1.8,0.238,1.04,0.004,2.2871699957968517,True,
1.8,0.238,1.04,0.004125,2.2871364966600405,True,
1.8,0.238,1.04,0.00425,2.287100459585373,True,
1.8,0.238,1.04,0.004375,2.287061880538424,True,
1.8,0.238,1.04,0.0045000000000000005,2.287020755377339,True,
1.8,0.238,1.04,0.004625000000000001,2.286977079823642,True,
1.8,0.238,1.04,0.004750000000000001,2.286930849531121,True,
1.8,0.238,1.04,0.004875000000000001,2.2868820600118216,True,
1.8,0.238,1.04,0.005000000000000001,2.2868307066678764,True,
1.8,0.238,1.04,0.005124999999999999,2.286776784796674,True,
1.8,0.238,1.04,0.0052499999999999995,2.286720289586777,True,
1.8,0.238,1.04,0.005375,2.286661216111269,True,
1.8,0.238,1.04,0.0055,2.2865995593453854,True,
1.8,0.238,1.04,0.005625,2.2865353141479257,True,
1.8,0.238,1.04,0.00575,2.286468475256262,True,
1.8,0.238,1.04,0.005875,2.2863990373366745,True,
1.8,0.238,1.04,0.006,2.2863269949008744,True,
1.8,0.238,1.04,0.006125,2.286252342392445,True,
1.8,0.238,1.04,0.00625,2.286175074121201,True,
1.8,0.238,1.04,0.0063750000000000005,2.286095184311633,True,
1.8,0.238,1.04,0.006500000000000001,2.286012667072416,True,
1.8,0.238,1.04,0.006625000000000001,2.285927516402675,True,
1.8,0.238,1.04,0.006750000000000001,2.2858397262039563,True,
1.8,0.238,1.04,0.006875000000000001,2.285749290273909,True,
1.8,0.238,1.04,0.007000000000000001,2.2856562023027425,True,
1.8,0.238,1.04,0.007124999999999999,2.2855604558806526,True,
1.8,0.238,1.04,0.0072499999999999995,2.28546204449056,True,
1.8,0.238,1.04,0.007375,2.2853609615262243,True,
1.8,0.238,1.04,0.0075,2.2852572002586657,True,
1.8,0.238,1.04,0.007625,2.2851507538794356,True,
1.8,0.238,1.04,0.00775,2.285041615468947,True,
1.8,0.238,1.04,0.007875,2.284929778002624,True,
1.8,0.238,1.04,0.008,2.284815234379803,True,
1.8,0.238,1.0425,0.0005,2.2182510979358265,True,
1.8,0.238,1.0425,0.000625,2.2182873257651083,True,
1.8,0.238,1.0425,0.00075,2.218320992907654,True,
1.8,0.238,1.0425,0.000875,2.2183520986441767,True,
1.8,0.238,1.0425,0.001,2.218380642205686,True,
1.8,0.238,1.0425,0.0011250000000000001,2.2184066227443933,True,
1.8,0.238,1.0425,0.00125,2.218430039282881,True,
1.8,0.238,1.0425,0.001375,2.218450890798947,True,
1.8,0.238,1.0425,0.0015,2.2184691761042483,True,
1.8,0.238,1.0425,0.0016250000000000001,2.218484894006224,True,
1.8,0.238,1.0425,0.00175,2.2184980431670547,True,
1.8,0.238,1.0425,0.001875,2.218508622133576,True,
1.8,0.238,1.0425,0.002,2.218516629401675,True,
1.8,0.238,1.0425,0.002125,2.2185220633560587,True,
1.8,0.238,1.0425,0.0022500000000000003,2.2185249223005585,True,
1.8,0.238,1.0425,0.002375,2.2185252044466903,True,
1.8,0.238,1.0425,0.0025,2.2185229078945556,True,
1.8,0.238,1.0425,0.002625,2.2185180306541734,True,
1.8,0.238,1.0425,0.0027500000000000003,2.218510570664998,True,
1.8,0.238,1.0425,0.002875,2.2185005257551995,True,
1.8,0.238,1.0425,0.003,2.2184878936711265,True,
1.8,0.238,1.0425,0.003125,2.2184726720536827,True,
1.8,0.238,1.0425,0.00325,2.21845485847463,True,
1.8,0.238,1.0425,0.003375,2.2184344503965594,True,
1.8,0.238,1.0425,0.0035,2.218411445189371,True,
1.8,0.238,1.0425,0.003625,2.218385840138623,True,
1.8,0.238,1.0425,0.0037500000000000003,2.2183576324401044,True,
1.8,0.238,1.0425,0.003875,2.218326819211434,True,
1.8,0.238,1.0425,0.004,2.2182933974455286,True,
1.8,0.238,1.0425,0.004125,2.218257364080095,True,
1.8,0.238,1.0425,0.00425,2.218218715938264,True,
1.8,0.238,1.0425,0.004375,2.2181774497764652,True,
1.8,0.238,1.0425,0.0045000000000000005,2.218133562237813,True,
1.8,0.238,1.0425,0.004625000000000001,2.218087049897819,True,
1.8,0.238,1.0425,0.004750000000000001,2.218037909230797,True,
1.8,0.238,1.0425,0.004875000000000001,2.2179861366296363,True,
1.8,0.238,1.0425,0.005000000000000001,2.217931728383889,True,
1.8,0.238,1.0425,0.005124999999999999,2.2178746807286656,True,
1.8,0.238,1.0425,0.0052499999999999995,2.2178149897764117,True,
1.8,0.238,1.0425,0.005375,2.217752651562267,True,
1.8,0.238,1.0425,0.0055,2.2176876620502464,True,
1.8,0.238,1.0425,0.005625,2.2176200171006792,True,
1.8,0.238,1.0425,0.00575,2.2175497124971333,True,
1.8,0.238,1.0425,0.005875,2.2174767439346574,True,
1.8,0.238,1.0425,0.006,2.2174011070202506,True,
1.8,0.238,1.0425,0.006125,2.2173227972804552,True,
1.8,0.238,1.0425,0.00625,2.2172418101631055,True,
1.8,0.238,1.0425,0.0063750000000000005,2.217158141012404,True,
1.8,0.238,1.0425,0.006500000000000001,2.217071785115076,True,
1.8,0.238,1.0425,0.006625000000000001,2.2169827376514117,True,
1.8,0.238,1.0425,0.006750000000000001,2.216890993732867,True,
1.8,0.238,1.0425,0.006875000000000001,2.2167965483833667,True,
1.8,0.238,1.0425,0.007000000000000001,2.21669939654474,True,
1.8,0.238,1.0425,0.007124999999999999,2.2165995330818675,True,
1.8,0.238,1.0425,0.0072499999999999995,2.2164969527835043,True,
1.8,0.238,1.0425,0.007375,2.216391650329698,True,
1.8,0.238,1.0425,0.0075,2.2162836203618124,True,
1.8,0.238,1.0425,0.007625,2.2161728574084356,True,
1.8,0.238,1.0425,0.00775,2.2160593559410464,True,
1.8,0.238,1.0425,0.007875,2.215943110335919,True,
1.8,0.238,1.0425,0.008,2.2158241149019973,True,
1.8,0.238,1.045,0.0005,2.1524762079472985,True,
1.8,0.238,1.045,0.000625,2.152512445463277,True,
1.8,0.238,1.045,0.00075,2.1525460794369518,True,
1.8,0.238,1.045,0.000875,2.1525771093224213,True,
1.8,0.238,1.045,0.001,2.15260553446333,True,
1.8,0.238,1.045,0.0011250000000000001,2.1526313541010027,True,
1.8,0.238,1.045,0.00125,2.152654567471095,True,
1.8,0.238,1.045,0.001375,2.1526751736787855,True,
1.8,0.238,1.045,0.0015,2.1526931717805913,True,
1.8,0.238,1.045,0.0016250000000000001,2.1527085607447547,True,
1.8,0.238,1.045,0.00175,2.1527213394730587,True,
1.8,0.238,1.045,0.001875,2.1527315068182364,True,
1.8,0.238,1.045,0.002,2.1527390615090582,True,
1.8,0.238,1.045,0.002125,2.1527440022287156,True,
1.8,0.238,1.045,0.0022500000000000003,2.152746327616559,True,
1.8,0.238,1.045,0.002375,2.152746036161674,True,
1.8,0.238,1.045,0.0025,2.152743126360599,True,
1.8,0.238,1.045,0.002625,2.152737596582512,True,
1.8,0.238,1.045,0.0027500000000000003,2.15272944515557,True,
1.8,0.238,1.045,0.002875,2.152718670319093,True,
1.8,0.238,1.045,0.003,2.1527052702366447,True,
1.8,0.238,1.045,0.003125,2.1526892430273143,True,
1.8,0.238,1.045,0.00325,2.1526705866974023,True,
1.8,0.238,1.045,0.003375,2.1526492992047417,True,
1.8,0.238,1.045,0.0035,2.15262537843369,True,
1.8,0.238,1.045,0.003625,2.152598822195191,True,
1.8,0.238,1.045,0.0037500000000000003,2.1525696282246947,True,
1.8,0.238,1.045,0.003875,2.1525377941889223,True,
1.8,0.238,1.045,0.004,2.152503317685472,True,
1.8,0.238,1.045,0.004125,2.1524661962440854,True,
1.8,0.238,1.045,0.00425,2.152426427316735,True,
1.8,0.238,1.045,0.004375,2.1523840082731804,True,
1.8,0.238,1.045,0.0045000000000000005,2.1523389364406045,True,
1.8,0.238,1.045,0.004625000000000001,2.1522912090697996,True,
1.8,0.238,1.045,0.004750000000000001,2.1522408233196693,True,
1.8,0.238,1.045,0.004875000000000001,2.1521877762958788,True,
1.8,0.238,1.045,0.005000000000000001,2.1521320650386073,True,
1.8,0.238,1.045,0.005124999999999999,2.152073686508257,True,
1.8,0.238,1.045,0.0052499999999999995,2.152012637613508,True,
1.8,0.238,1.045,0.005375,2.15194891517001,True,
1.8,0.238,1.045,0.0055,2.1518825159453323,True,
1.8,0.238,1.045,0.005625,2.1518134366294337,True,
1.8,0.238,1.045,0.00575,2.151741673847774,True,
1.8,0.238,1.045,0.005875,2.151667224158453,True,
1.8,0.238,1.045,0.006,2.151590084055436,True,
1.8,0.238,1.045,0.006125,2.151510249954955,True,
1.8,0.238,1.045,0.00625,2.15142771822711,True,
1.8,0.238,1.045,0.0063750000000000005,2.151342485154781,True,
1.8,0.238,1.045,0.006500000000000001,2.151254546960021,True,
1.8,0.238,1.045,0.006625000000000001,2.1511638998206797,True,
1.8,0.238,1.045,0.006750000000000001,2.1510705398278973,True,
1.8,0.238,1.045,0.006875000000000001,2.150974463001717,True,
1.8,0.238,1.045,0.007000000000000001,2.1508756653252292,True,
1.8,0.238,1.045,0.007124999999999999,2.1507741426958895,True,
1.8,0.238,1.045,0.0072499999999999995,2.1506698909592243,True,
1.8,0.238,1.045,0.007375,2.1505629058848377,True,
1.8,0.238,1.045,0.0075,2.1504531831941076,True,
1.8,0.238,1.045,0.007625,2.150340718539665,True,
1.8,0.238,1.045,0.00775,2.150225507519626,True,
1.8,0.238,1.045,0.007875,2.1501075456519345,True,
1.8,0.238,1.045,0.008,2.1499868284191437,True,
1.8,0.238,1.0475,0.0005,2.089661400161237,True,
1.8,0.238,1.0475,0.000625,2.089697777935608,True,
1.8,0.238,1.0475,0.00075,2.0897315454531364,True,
1.8,0.238,1.0475,0.000875,2.0897627022011935,True,
1.8,0.238,1.0475,0.001,2.089791247616497,True,
1.8,0.238,1.0475,0.0011250000000000001,2.0898171810624873,True,
1.8,0.238,1.0475,0.00125,2.0898405019212993,True,
1.8,0.238,1.0475,0.001375,2.089861209396905,True,
1.8,0.238,1.0475,0.0015,2.089879302747907,True,
1.8,0.238,1.0475,0.0016250000000000001,2.0898947811139235,True,
1.8,0.238,1.0475,0.00175,2.0899076435720194,True,
1.8,0.238,1.0475,0.001875,2.0899178891605237,True,
1.8,0.238,1.0475,0.002,2.0899255168911197,True,
1.8,0.238,1.0475,0.002125,2.089930525656028,True,
1.8,0.238,1.0475,0.0022500000000000003,2.0899329143265395,True,
1.8,0.238,1.0475,0.002375,2.0899326817115687,True,
1.8,0.238,1.0475,0.0025,2.0899298265517054,True,
1.8,0.238,1.0475,0.002625,2.0899243475661398,True,
1.8,0.238,1.0475,0.0027500000000000003,2.089916243350751,True,
1.8,0.238,1.0475,0.002875,2.0899055125130315,True,
1.8,0.238,1.0475,0.003,2.089892153556507,True,
1.8,0.238,1.0475,0.003125,2.089876164956128,True,
1.8,0.238,1.0475,0.00325,2.0898575451294628,True,
1.8,0.238,1.0475,0.003375,2.089836292397241,True,
1.8,0.238,1.0475,0.0035,2.0898124050885794,True,
1.8,0.238,1.0475,0.003625,2.0897858814239676,True,
1.8,0.238,1.0475,0.0037500000000000003,2.0897567195850333,True,
1.8,0.238,1.0475,0.003875,2.089724917713887,True,
1.8,0.238,1.0475,0.004,2.089690473878106,True,
1.8,0.238,1.0475,0.004125,2.0896533860749797,True,
1.8,0.238,1.0475,0.00425,2.0896136522908795,True,
1.8,0.238,1.0475,0.004375,2.089571270418084,True,
1.8,0.238,1.0475,0.0045000000000000005,2.0895262383111355,True,
1.8,0.238,1.0475,0.004625000000000001,2.0894785537662717,True,
1.8,0.238,1.0475,0.004750000000000001,2.089428214525668,True,
1.8,0.238,1.0475,0.004875000000000001,2.0893752182772802,True,
1.8,0.238,1.0475,0.005000000000000001,2.08931956265508,True,
1.8,0.238,1.0475,0.005124999999999999,2.0892612452410817,True,
1.8,0.238,1.0475,0.0052499999999999995,2.089200263553259,True,
1.8,0.238,1.0475,0.005375,2.0891366150743464,True,
1.8,0.238,1.0475,0.0055,2.089070297220366,True,
1.8,0.238,1.0475,0.005625,2.089001307356176,True,
1.8,0.238,1.0475,0.00575,2.088929642804413,True,
1.8,0.238,1.0475,0.005875,2.088855300821295,True,
1.8,0.238,1.0475,0.006,2.088778278612934,True,
1.8,0.238,1.0475,0.006125,2.0886985733450047,True,
1.8,0.238,1.0475,0.00625,2.0886161821241895,True,
1.8,0.238,1.0475,0.0063750000000000005,2.088531101997923,True,
1.8,0.238,1.0475,0.006500000000000001,2.088443329981954,True,
1.8,0.238,1.0475,0.006625000000000001,2.088352863019652,True,
1.8,0.238,1.0475,0.006750000000000001,2.0882596980228922,True,
1.8,0.238,1.0475,0.006875000000000001,2.088163831843917,True,
1.8,0.238,1.0475,0.007000000000000001,2.0880652612844295,True,
1.8,0.238,1.0475,0.007124999999999999,2.0879639830999523,True,
1.8,0.238,1.0475,0.0072499999999999995,2.087859993996307,True,
1.8,0.238,1.0475,0.007375,2.087753290630218,True,
1.8,0.238,1.0475,0.0075,2.0876438696133732,True,
1.8,0.238,1.0475,0.007625,2.0875317274960894,True,
1.8,0.238,1.0475,0.00775,2.0874168608010977,True,
1.8,0.238,1.0475,0.007875,2.087299265987259,True,
1.8,0.238,1.0475,0.008,2.087178939481658,True,
1.8,0.238,1.05,0.0005,2.029692793865093,True,
1.8,0.238,1.05,0.000625,2.0297294099819743,True,
1.8,0.238,1.05,0.00075,2.029763436782512,True,
1.8,0.238,1.05,0.000875,2.02979487390032,True,
1.8,0.238,1.05,0.001,2.0298237208208407,True,
1.8,0.238,1.05,0.0011250000000000001,2.029849977016272,True,
1.8,0.238,1.05,0.00125,2.0298736419322423,True,
1.8,0.238,1.05,0.001375,2.0298947149541458,True,
1.8,0.238,1.05,0.0015,2.029913195402163,True,
1.8,0.238,1.05,0.0016250000000000001,2.0299290825976892,True,
1.8,0.238,1.05,0.00175,2.029942375781963,True,
1.8,0.238,1.05,0.001875,2.0299530741660785,True,
1.8,0.238,1.05,0.002,2.0299611768970607,True,
1.8,0.238,1.05,0.002125,2.029966683109692,True,
1.8,0.238,1.05,0.0022500000000000003,2.0299695918761205,True,
1.8,0.238,1.05,0.002375,2.029969902197208,True,
1.8,0.238,1.05,0.0025,2.0299676130993296,True,
1.8,0.238,1.05,0.002625,2.0299627234960638,True,
1.8,0.238,1.05,0.0027500000000000003,2.029955232276589,True,
1.8,0.238,1.05,0.002875,2.029945138316193,True,
1.8,0.238,1.05,0.003,2.029932440407302,True,
1.8,0.238,1.05,0.003125,2.0299171372993117,True,
1.8,0.238,1.05,0.00325,2.0298992277507972,True,
1.8,0.238,1.05,0.003375,2.0298787103952924,True,
1.8,0.238,1.05,0.0035,2.029855583889605,True,
1.8,0.238,1.05,0.003625,2.029829846823064,True,
1.8,0.238,1.05,0.0037500000000000003,2.029801497717181,True,
1.8,0.238,1.05,0.003875,2.0297705351048467,True,
1.8,0.238,1.05,0.004,2.029736957436023,True,
1.8,0.238,1.05,0.004125,2.0297007631137065,True,
1.8,0.238,1.05,0.00425,2.029661950540785,True,
1.8,0.238,1.05,0.004375,2.029620518012193,True,
1.8,0.238,1.05,0.0045000000000000005,2.029576463840167,True,
1.8,0.238,1.05,0.004625000000000001,2.0295297862661243,True,
1.8,0.238,1.05,0.004750000000000001,2.0294804834903584,True,
1.8,0.238,1.05,0.004875000000000001,2.029428553686505,True,
1.8,0.238,1.05,0.005000000000000001,2.0293739949739913,True,
1.8,0.238,1.05,0.005124999999999999,2.0293168054272517,True,
1.8,0.238,1.05,0.0052499999999999995,2.029256983077012,True,
1.8,0.238,1.05,0.005375,2.0291945259342326,True,
1.8,0.238,1.05,0.0055,2.029129431951101,True,
1.8,0.238,1.05,0.005625,2.0290616990458217,True,
1.8,0.238,1.05,0.00575,2.0289913250845872,True,
1.8,0.238,1.05,0.005875,2.0289183079102378,True,
1.8,0.238,1.05,0.006,2.0288426453163684,True,
1.8,0.238,1.05,0.006125,2.0287643350603752,True,
1.8,0.238,1.05,0.00625,2.0286833748557855,True,
1.8,0.238,1.05,0.0063750000000000005,2.02859976238365,True,
1.8,0.238,1.05,0.006500000000000001,2.028513495269208,True,
1.8,0.238,1.05,0.006625000000000001,2.0284245711169637,True,
1.8,0.238,1.05,0.006750000000000001,2.028332987494499,True,
1.8,0.238,1.05,0.006875000000000001,2.0282387419137295,True,
1.8,0.238,1.05,0.007000000000000001,2.028141831861199,True,
1.8,0.238,1.05,0.007124999999999999,2.0280422547825028,True,
1.8,0.238,1.05,0.0072499999999999995,2.0279400080849515,True,
1.8,0.238,1.05,0.007375,2.027835089139947,True,
1.8,0.238,1.05,0.0075,2.0277274952801236,True,
1.8,0.238,1.05,0.007625,2.0276172238019488,True,
1.8,0.238,1.05,0.00775,2.0275042719692014,True,
1.8,0.238,1.05,0.007875,2.0273886370106475,True,
1.8,0.238,1.05,0.008,2.027270316096412,True,
