Mach,alpha,ci,source
1.2,0.2,0.0422226695240909,assets/blumen_gep/supersonic_blumen_eigencondition_audit_a020_m120_130_map_grid.csv
1.2,0.2,0.0442226695240909,assets/blumen_gep/supersonic_blumen_eigencondition_audit_a020_m120_130_map_grid.csv
1.2,0.2,0.0462226695240909,assets/blumen_gep/supersonic_blumen_eigencondition_audit_a020_m120_130_map_grid.csv
1.2,0.2,0.0482226695240909,assets/blumen_gep/supersonic_blumen_eigencondition_audit_a020_m120_130_map_grid.csv
1.2,0.2,0.0502226695240909,assets/blumen_gep/supersonic_blumen_eigencondition_audit_a020_m120_130_map_grid.csv
1.2,0.2,0.0522226695240909,assets/blumen_gep/supersonic_blumen_eigencondition_audit_a020_m120_130_map_grid.csv
1.2,0.2,0.0542226695240909,assets/blumen_gep/supersonic_blumen_eigencondition_audit_a020_m120_130_map_grid.csv
1.2,0.2,0.0562226695240909,assets/blumen_gep/supersonic_blumen_eigencondition_audit_a020_m120_130_map_grid.csv
1.2,0.2,0.0582226695240909,assets/blumen_gep/supersonic_blumen_eigencondition_audit_a020_m120_130_map_grid.csv
1.2,0.2,0.0602226695240909,assets/blumen_gep/supersonic_blumen_eigencondition_audit_a020_m120_130_map_grid.csv
1.2,0.2,0.0622226695240909,assets/blumen_gep/supersonic_blumen_eigencondition_audit_a020_m120_130_map_grid.csv
1.2,0.2,0.0642226695240909,assets/blumen_gep/supersonic_blumen_eigencondition_audit_a020_m120_130_map_grid.csv
1.2,0.2,0.0662226695240909,assets/blumen_gep/supersonic_blumen_eigencondition_audit_a020_m120_130_map_grid.csv
1.2,0.2,0.0682226695240909,assets/blumen_gep/supersonic_blumen_eigencondition_audit_a020_m120_130_map_grid.csv
1.2,0.2,0.0702226695240909,assets/blumen_gep/supersonic_blumen_eigencondition_audit_a020_m120_130_map_grid.csv
1.2,0.2,0.0722226695240909,assets/blumen_gep/supersonic_blumen_eigencondition_audit_a020_m120_130_map_grid.csv
1.2,0.2,0.0742226695240909,assets/blumen_gep/supersonic_blumen_eigencondition_audit_a020_m120_130_map_grid.csv
1.2,0.2,0.0762226695240909,assets/blumen_gep/supersonic_blumen_eigencondition_audit_a020_m120_130_map_grid.csv
1.2,0.2,0.0782226695240909,assets/blumen_gep/supersonic_blumen_eigencondition_audit_a020_m120_130_map_grid.csv
1.2,0.2,0.0802226695240909,assets/blumen_gep/supersonic_blumen_eigencondition_audit_a020_m120_130_map_grid.csv
1.2,0.2,0.0822226695240909,assets/blumen_gep/supersonic_blumen_eigencondition_audit_a020_m120_130_map_grid.csv
1.2,0.2,0.0064309139917956,assets/blumen_gep/supersonic_raw_spectrum_vs_blumen_a020_m120_130_nearest.csv
1.2,0.2,0.0063118404438716,assets/blumen_gep/supersonic_raw_spectrum_vs_blumen_a020_m120_130_nearest.csv
1.2,0.2,0.0065482003916792,assets/blumen_gep/supersonic_raw_spectrum_vs_blumen_a020_m120_130_nearest.csv
1.2,0.2,0.006191011121918,assets/blumen_gep/supersonic_raw_spectrum_vs_blumen_a020_m120_130_nearest.csv
1.2,0.2,0.0066636189229591,assets/blumen_gep/supersonic_raw_spectrum_vs_blumen_a020_m120_130_nearest.csv
1.2,0.2,0.0060684046847854,assets/blumen_gep/supersonic_raw_spectrum_vs_blumen_a020_m120_130_nearest.csv
1.2,0.2,0.0067770425498721,assets/blumen_gep/supersonic_raw_spectrum_vs_blumen_a020_m120_130_nearest.csv
1.2,0.2,0.005943942935545,assets/blumen_gep/supersonic_raw_spectrum_vs_blumen_a020_m120_130_nearest.csv
1.2,0.2,0.0068883010546327,assets/blumen_gep/supersonic_raw_spectrum_vs_blumen_a020_m120_130_nearest.csv
1.2,0.2,0.0058174854223669,assets/blumen_gep/supersonic_raw_spectrum_vs_blumen_a020_m120_130_nearest.csv
1.2,0.2,0.0069971847149068,assets/blumen_gep/supersonic_raw_spectrum_vs_blumen_a020_m120_130_nearest.csv
1.2,0.2,0.0056888222371174,assets/blumen_gep/supersonic_raw_spectrum_vs_blumen_a020_m120_130_nearest.csv
1.2,0.2,0.0041099834004259,assets/blumen_gep/supersonic_raw_spectrum_vs_blumen_a020_m120_130_nearest.csv
1.2,0.2,0.0041676990482935,assets/blumen_gep/supersonic_raw_spectrum_vs_blumen_a020_m120_130_nearest.csv
1.2,0.2,0.0040516466027888,assets/blumen_gep/supersonic_raw_spectrum_vs_blumen_a020_m120_130_nearest.csv
1.2,0.2,0.0042247818410296,assets/blumen_gep/supersonic_raw_spectrum_vs_blumen_a020_m120_130_nearest.csv
1.2,0.2,0.0039926920061799,assets/blumen_gep/supersonic_raw_spectrum_vs_blumen_a020_m120_130_nearest.csv
1.2,0.2,0.0042812121402312,assets/blumen_gep/supersonic_raw_spectrum_vs_blumen_a020_m120_130_nearest.csv
1.2,0.2,0.0039331141536487,assets/blumen_gep/supersonic_raw_spectrum_vs_blumen_a020_m120_130_nearest.csv
1.2,0.2,0.0043369627718739,assets/blumen_gep/supersonic_raw_spectrum_vs_blumen_a020_m120_130_nearest.csv
1.2,0.2,0.0038728982447744,assets/blumen_gep/supersonic_raw_spectrum_vs_blumen_a020_m120_130_nearest.csv
1.2,0.2,0.0043919994429817,assets/blumen_gep/supersonic_raw_spectrum_vs_blumen_a020_m120_130_nearest.csv
1.2,0.2,0.0038120195284364,assets/blumen_gep/supersonic_raw_spectrum_vs_blumen_a020_m120_130_nearest.csv
1.2,0.2,0.0044462811756542,assets/blumen_gep/supersonic_raw_spectrum_vs_blumen_a020_m120_130_nearest.csv
1.2,0.2,0.0031168603217157,assets/blumen_gep/supersonic_raw_spectrum_vs_blumen_a020_m120_130_nearest.csv
1.2,0.2,0.0030797516973066,assets/blumen_gep/supersonic_raw_spectrum_vs_blumen_a020_m120_130_nearest.csv
1.2,0.2,0.0031536454058526,assets/blumen_gep/supersonic_raw_spectrum_vs_blumen_a020_m120_130_nearest.csv
1.2,0.2,0.0030423218133813,assets/blumen_gep/supersonic_raw_spectrum_vs_blumen_a020_m120_130_nearest.csv
1.2,0.2,0.0031901019730006,assets/blumen_gep/supersonic_raw_spectrum_vs_blumen_a020_m120_130_nearest.csv
1.2,0.2,0.0030045701541967,assets/blumen_gep/supersonic_raw_spectrum_vs_blumen_a020_m120_130_nearest.csv
1.2,0.2,0.0032262224854852,assets/blumen_gep/supersonic_raw_spectrum_vs_blumen_a020_m120_130_nearest.csv
1.2,0.2,0.0029664932487128,assets/blumen_gep/supersonic_raw_spectrum_vs_blumen_a020_m120_130_nearest.csv
1.2,0.2,0.003261996939093,assets/blumen_gep/supersonic_raw_spectrum_vs_blumen_a020_m120_130_nearest.csv
1.2,0.2,0.0029280845458438,assets/blumen_gep/supersonic_raw_spectrum_vs_blumen_a020_m120_130_nearest.csv
1.2,0.2,0.0032974129889931,assets/blumen_gep/supersonic_raw_spectrum_vs_blumen_a020_m120_130_nearest.csv
1.2,0.2,0.0028893342167297,assets/blumen_gep/supersonic_raw_spectrum_vs_blumen_a020_m120_130_nearest.csv
1.2,0.2,0.0071034489794246,assets/blumen_gep/supersonic_raw_spectrum_vs_blumen_a020_m120_130_raw_modes.csv
1.2,0.2,0.0055576643155416,assets/blumen_gep/supersonic_raw_spectrum_vs_blumen_a020_m120_130_raw_modes.csv
1.2,0.2,0.0072068205830679,assets/blumen_gep/supersonic_raw_spectrum_vs_blumen_a020_m120_130_raw_modes.csv
1.2,0.2,0.0054236303242686,assets/blumen_gep/supersonic_raw_spectrum_vs_blumen_a020_m120_130_raw_modes.csv
1.2,0.2,0.00730700549919,assets/blumen_gep/supersonic_raw_spectrum_vs_blumen_a020_m120_130_raw_modes.csv
1.2,0.2,0.0052862288379757,assets/blumen_gep/supersonic_raw_spectrum_vs_blumen_a020_m120_130_raw_modes.csv
1.2,0.2,0.0074036990219249,assets/blumen_gep/supersonic_raw_spectrum_vs_blumen_a020_m120_130_raw_modes.csv
1.2,0.2,0.0051448339764146,assets/blumen_gep/supersonic_raw_spectrum_vs_blumen_a020_m120_130_raw_modes.csv
1.2,0.2,0.0074965980960366,assets/blumen_gep/supersonic_raw_spectrum_vs_blumen_a020_m120_130_raw_modes.csv
1.2,0.2,0.0049986516880452,assets/blumen_gep/supersonic_raw_spectrum_vs_blumen_a020_m120_130_raw_modes.csv
1.2,0.2,0.0075854157597901,assets/blumen_gep/supersonic_raw_spectrum_vs_blumen_a020_m120_130_raw_modes.csv
1.2,0.2,0.0048466724292541,assets/blumen_gep/supersonic_raw_spectrum_vs_blumen_a020_m120_130_raw_modes.csv
1.2,0.2,0.0076698972543993,assets/blumen_gep/supersonic_raw_spectrum_vs_blumen_a020_m120_130_raw_modes.csv
1.2,0.2,0.0046876033609032,assets/blumen_gep/supersonic_raw_spectrum_vs_blumen_a020_m120_130_raw_modes.csv
1.2,0.2,0.0077498370156831,assets/blumen_gep/supersonic_raw_spectrum_vs_blumen_a020_m120_130_raw_modes.csv
1.2,0.2,0.0045197688656478,assets/blumen_gep/supersonic_raw_spectrum_vs_blumen_a020_m120_130_raw_modes.csv
1.2,0.2,0.0078250954745207,assets/blumen_gep/supersonic_raw_spectrum_vs_blumen_a020_m120_130_raw_modes.csv
1.2,0.2,0.0043409599565864,assets/blumen_gep/supersonic_raw_spectrum_vs_blumen_a020_m120_130_raw_modes.csv
1.2,0.2,0.0078956144142666,assets/blumen_gep/supersonic_raw_spectrum_vs_blumen_a020_m120_130_raw_modes.csv
1.2,0.2,0.004148197661893,assets/blumen_gep/supersonic_raw_spectrum_vs_blumen_a020_m120_130_raw_modes.csv
1.2,0.2,0.0079614296435536,assets/blumen_gep/supersonic_raw_spectrum_vs_blumen_a020_m120_130_raw_modes.csv
1.2,0.2,0.0039373434595257,assets/blumen_gep/supersonic_raw_spectrum_vs_blumen_a020_m120_130_raw_modes.csv
1.2,0.2,0.0080226799877956,assets/blumen_gep/supersonic_raw_spectrum_vs_blumen_a020_m120_130_raw_modes.csv
1.2,0.2,0.0037024189322202,assets/blumen_gep/supersonic_raw_spectrum_vs_blumen_a020_m120_130_raw_modes.csv
1.2,0.2,0.0080796120418862,assets/blumen_gep/supersonic_raw_spectrum_vs_blumen_a020_m120_130_raw_modes.csv
1.2,0.2,0.0034343227653753,assets/blumen_gep/supersonic_raw_spectrum_vs_blumen_a020_m120_130_raw_modes.csv
1.2,0.2,0.0081325807237805,assets/blumen_gep/supersonic_raw_spectrum_vs_blumen_a020_m120_130_raw_modes.csv
1.2,0.2,0.0031181447284858,assets/blumen_gep/supersonic_raw_spectrum_vs_blumen_a020_m120_130_raw_modes.csv
1.2,0.2,0.1953052741275775,assets/blumen_gep/supersonic_raw_spectrum_vs_blumen_a020_m120_130_raw_modes.csv
1.2,0.2,0.0081820462936895,assets/blumen_gep/supersonic_raw_spectrum_vs_blumen_a020_m120_130_raw_modes.csv
1.2,0.2,0.0027266167190686,assets/blumen_gep/supersonic_raw_spectrum_vs_blumen_a020_m120_130_raw_modes.csv
1.2,0.2,0.0082285690586019,assets/blumen_gep/supersonic_raw_spectrum_vs_blumen_a020_m120_130_raw_modes.csv
1.2,0.2,0.0021995957472034,assets/blumen_gep/supersonic_raw_spectrum_vs_blumen_a020_m120_130_raw_modes.csv
1.2,0.2,0.0082728033769107,assets/blumen_gep/supersonic_raw_spectrum_vs_blumen_a020_m120_130_raw_modes.csv
1.2,0.2,0.0013326465441524,assets/blumen_gep/supersonic_raw_spectrum_vs_blumen_a020_m120_130_raw_modes.csv
1.2,0.2,5.565050125654355e-16,assets/blumen_gep/supersonic_raw_spectrum_vs_blumen_a020_m120_130_raw_modes.csv
1.2,0.2,0.0083154928002018,assets/blumen_gep/supersonic_raw_spectrum_vs_blumen_a020_m120_130_raw_modes.csv
1.2,0.2,1.0578104327863356e-15,assets/blumen_gep/supersonic_raw_spectrum_vs_blumen_a020_m120_130_raw_modes.csv
1.2,0.2,0.0083574682655111,assets/blumen_gep/supersonic_raw_spectrum_vs_blumen_a020_m120_130_raw_modes.csv
1.2,0.2,9.098057541405845e-13,assets/blumen_gep/supersonic_raw_spectrum_vs_blumen_a020_m120_130_raw_modes.csv
1.2,0.2,0.0083996512908043,assets/blumen_gep/supersonic_raw_spectrum_vs_blumen_a020_m120_130_raw_modes.csv
1.2,0.2,0.001332646521743,assets/blumen_gep/supersonic_raw_spectrum_vs_blumen_a020_m120_130_raw_modes.csv
1.2,0.2,0.0084430642199667,assets/blumen_gep/supersonic_raw_spectrum_vs_blumen_a020_m120_130_raw_modes.csv
1.2,0.2,0.002199595725924,assets/blumen_gep/supersonic_raw_spectrum_vs_blumen_a020_m120_130_raw_modes.csv
1.2,0.2,0.0084888499060919,assets/blumen_gep/supersonic_raw_spectrum_vs_blumen_a020_m120_130_raw_modes.csv
1.2,0.2,0.0027266167059399,assets/blumen_gep/supersonic_raw_spectrum_vs_blumen_a020_m120_130_raw_modes.csv
1.2,0.2,0.0085383039799489,assets/blumen_gep/supersonic_raw_spectrum_vs_blumen_a020_m120_130_raw_modes.csv
1.2,0.2,0.0031181447186023,assets/blumen_gep/supersonic_raw_spectrum_vs_blumen_a020_m120_130_raw_modes.csv
1.2,0.2,0.0085929242438992,assets/blumen_gep/supersonic_raw_spectrum_vs_blumen_a020_m120_130_raw_modes.csv
1.2,0.2,0.0034343227566912,assets/blumen_gep/supersonic_raw_spectrum_vs_blumen_a020_m120_130_raw_modes.csv
1.2,0.2,0.0086544843802696,assets/blumen_gep/supersonic_raw_spectrum_vs_blumen_a020_m120_130_raw_modes.csv
1.2,0.2,0.0037024189244155,assets/blumen_gep/supersonic_raw_spectrum_vs_blumen_a020_m120_130_raw_modes.csv
1.2,0.2,0.0087251434789842,assets/blumen_gep/supersonic_raw_spectrum_vs_blumen_a020_m120_130_raw_modes.csv
1.2,0.2,0.0039373434524019,assets/blumen_gep/supersonic_raw_spectrum_vs_blumen_a020_m120_130_raw_modes.csv
1.2,0.2,0.0041481976551813,assets/blumen_gep/supersonic_raw_spectrum_vs_blumen_a020_m120_130_raw_modes.csv
1.2,0.2,0.00880761090304,assets/blumen_gep/supersonic_raw_spectrum_vs_blumen_a020_m120_130_raw_modes.csv
1.2,0.2,0.0043409599503116,assets/blumen_gep/supersonic_raw_spectrum_vs_blumen_a020_m120_130_raw_modes.csv
1.2,0.2,0.0089053998467193,assets/blumen_gep/supersonic_raw_spectrum_vs_blumen_a020_m120_130_raw_modes.csv
1.2,0.2,0.0045197688595741,assets/blumen_gep/supersonic_raw_spectrum_vs_blumen_a020_m120_130_raw_modes.csv
1.2,0.2,0.0090232288891919,assets/blumen_gep/supersonic_raw_spectrum_vs_blumen_a020_m120_130_raw_modes.csv
1.2,0.2,0.0046876033550195,assets/blumen_gep/supersonic_raw_spectrum_vs_blumen_a020_m120_130_raw_modes.csv
1.2,0.2,0.0091676780842399,assets/blumen_gep/supersonic_raw_spectrum_vs_blumen_a020_m120_130_raw_modes.csv
1.2,0.2,0.0048466724234763,assets/blumen_gep/supersonic_raw_spectrum_vs_blumen_a020_m120_130_raw_modes.csv
1.2,0.2,0.0093482898198169,assets/blumen_gep/supersonic_raw_spectrum_vs_blumen_a020_m120_130_raw_modes.csv
1.2,0.2,0.0049986516839884,assets/blumen_gep/supersonic_raw_spectrum_vs_blumen_a020_m120_130_raw_modes.csv
1.2,0.2,0.0095794091249208,assets/blumen_gep/supersonic_raw_spectrum_vs_blumen_a020_m120_130_raw_modes.csv
1.2,0.2,0.0051448339705767,assets/blumen_gep/supersonic_raw_spectrum_vs_blumen_a020_m120_130_raw_modes.csv
1.2,0.2,0.0098828342805105,assets/blumen_gep/supersonic_raw_spectrum_vs_blumen_a020_m120_130_raw_modes.csv
1.2,0.2,0.0052862288324874,assets/blumen_gep/supersonic_raw_spectrum_vs_blumen_a020_m120_130_raw_modes.csv
1.2,0.2,0.0102875838702678,assets/blumen_gep/supersonic_raw_spectrum_vs_blumen_a020_m120_130_raw_modes.csv
1.2,0.2,0.0054236303188923,assets/blumen_gep/supersonic_raw_spectrum_vs_blumen_a020_m120_130_raw_modes.csv
1.2,0.2,0.0107917158880287,assets/blumen_gep/supersonic_raw_spectrum_vs_blumen_a020_m120_130_raw_modes.csv
1.2,0.2,0.0055576643111623,assets/blumen_gep/supersonic_raw_spectrum_vs_blumen_a020_m120_130_raw_modes.csv
1.2,0.2,0.0111432988469313,assets/blumen_gep/supersonic_raw_spectrum_vs_blumen_a020_m120_130_raw_modes.csv
1.2,0.2,0.0108388220460147,assets/blumen_gep/supersonic_raw_spectrum_vs_blumen_a020_m120_130_raw_modes.csv
1.2,0.2,0.0056888222320783,assets/blumen_gep/supersonic_raw_spectrum_vs_blumen_a020_m120_130_raw_modes.csv
1.2,0.2,0.0101240497013782,assets/blumen_gep/supersonic_raw_spectrum_vs_blumen_a020_m120_130_raw_modes.csv
1.2,0.2,0.0058174854172232,assets/blumen_gep/supersonic_raw_spectrum_vs_blumen_a020_m120_130_raw_modes.csv
1.2,0.2,0.0094459256230196,assets/blumen_gep/supersonic_raw_spectrum_vs_blumen_a020_m120_130_raw_modes.csv
1.2,0.2,0.0059439429305747,assets/blumen_gep/supersonic_raw_spectrum_vs_blumen_a020_m120_130_raw_modes.csv
1.2,0.2,0.008880525423872,assets/blumen_gep/supersonic_raw_spectrum_vs_blumen_a020_m120_130_raw_modes.csv
1.2,0.2,0.0060684046798469,assets/blumen_gep/supersonic_raw_spectrum_vs_blumen_a020_m120_130_raw_modes.csv
1.2,0.2,0.0084027704903201,assets/blumen_gep/supersonic_raw_spectrum_vs_blumen_a020_m120_130_raw_modes.csv
1.2,0.2,0.0061910111168125,assets/blumen_gep/supersonic_raw_spectrum_vs_blumen_a020_m120_130_raw_modes.csv
1.2,0.2,0.0079868726511258,assets/blumen_gep/supersonic_raw_spectrum_vs_blumen_a020_m120_130_raw_modes.csv
1.2,0.2,0.0063118404391469,assets/blumen_gep/supersonic_raw_spectrum_vs_blumen_a020_m120_130_raw_modes.csv
1.2,0.2,0.0076153452563443,assets/blumen_gep/supersonic_raw_spectrum_vs_blumen_a020_m120_130_raw_modes.csv
1.2,0.2,0.0064309139870382,assets/blumen_gep/supersonic_raw_spectrum_vs_blumen_a020_m120_130_raw_modes.csv
1.2,0.2,0.0072766903834377,assets/blumen_gep/supersonic_raw_spectrum_vs_blumen_a020_m120_130_raw_modes.csv
1.2,0.2,0.0065482003870442,assets/blumen_gep/supersonic_raw_spectrum_vs_blumen_a020_m120_130_raw_modes.csv
1.2,0.2,0.006963161617457,assets/blumen_gep/supersonic_raw_spectrum_vs_blumen_a020_m120_130_raw_modes.csv
1.2,0.2,0.0066636189184489,assets/blumen_gep/supersonic_raw_spectrum_vs_blumen_a020_m120_130_raw_modes.csv
1.2,0.2,0.0066693673889744,assets/blumen_gep/supersonic_raw_spectrum_vs_blumen_a020_m120_130_raw_modes.csv
1.2,0.2,0.0067770425454485,assets/blumen_gep/supersonic_raw_spectrum_vs_blumen_a020_m120_130_raw_modes.csv
1.2,0.2,0.0063914388581602,assets/blumen_gep/supersonic_raw_spectrum_vs_blumen_a020_m120_130_raw_modes.csv
1.2,0.2,0.0068883010502814,assets/blumen_gep/supersonic_raw_spectrum_vs_blumen_a020_m120_130_raw_modes.csv
1.2,0.2,0.0061265260408077,assets/blumen_gep/supersonic_raw_spectrum_vs_blumen_a020_m120_130_raw_modes.csv
1.2,0.2,0.0069971847106784,assets/blumen_gep/supersonic_raw_spectrum_vs_blumen_a020_m120_130_raw_modes.csv
1.2,0.2,0.0058724832935759,assets/blumen_gep/supersonic_raw_spectrum_vs_blumen_a020_m120_130_raw_modes.csv
1.2,0.2,0.0071034489753312,assets/blumen_gep/supersonic_raw_spectrum_vs_blumen_a020_m120_130_raw_modes.csv
1.2,0.2,0.0056276665716581,assets/blumen_gep/supersonic_raw_spectrum_vs_blumen_a020_m120_130_raw_modes.csv
1.2,0.2,0.0072068205790878,assets/blumen_gep/supersonic_raw_spectrum_vs_blumen_a020_m120_130_raw_modes.csv
1.2,0.2,0.0053907987337138,assets/blumen_gep/supersonic_raw_spectrum_vs_blumen_a020_m120_130_raw_modes.csv
1.2,0.2,0.0073070054953993,assets/blumen_gep/supersonic_raw_spectrum_vs_blumen_a020_m120_130_raw_modes.csv
1.2,0.2,0.0051608775586279,assets/blumen_gep/supersonic_raw_spectrum_vs_blumen_a020_m120_130_raw_modes.csv
1.2,0.2,0.0049371113684755,assets/blumen_gep/supersonic_raw_spectrum_vs_blumen_a020_m120_130_raw_modes.csv
1.2,0.2,0.0074036990182812,assets/blumen_gep/supersonic_raw_spectrum_vs_blumen_a020_m120_130_raw_modes.csv
1.2,0.2,0.004718872972574,assets/blumen_gep/supersonic_raw_spectrum_vs_blumen_a020_m120_130_raw_modes.csv
1.2,0.2,0.0074965980925062,assets/blumen_gep/supersonic_raw_spectrum_vs_blumen_a020_m120_130_raw_modes.csv
1.2,0.2,0.004505666059865,assets/blumen_gep/supersonic_raw_spectrum_vs_blumen_a020_m120_130_raw_modes.csv
1.2,0.2,0.0075854157564554,assets/blumen_gep/supersonic_raw_spectrum_vs_blumen_a020_m120_130_raw_modes.csv
1.2,0.2,0.0042971002269209,assets/blumen_gep/supersonic_raw_spectrum_vs_blumen_a020_m120_130_raw_modes.csv
1.2,0.2,0.0076698972511499,assets/blumen_gep/supersonic_raw_spectrum_vs_blumen_a020_m120_130_raw_modes.csv
1.2,0.2,0.0040928721131567,assets/blumen_gep/supersonic_raw_spectrum_vs_blumen_a020_m120_130_raw_modes.csv
1.2,0.2,0.0077498370125681,assets/blumen_gep/supersonic_raw_spectrum_vs_blumen_a020_m120_130_raw_modes.csv
1.2,0.2,0.0038927509207687,assets/blumen_gep/supersonic_raw_spectrum_vs_blumen_a020_m120_130_raw_modes.csv
1.2,0.2,0.0036965671230914,assets/blumen_gep/supersonic_raw_spectrum_vs_blumen_a020_m120_130_raw_modes.csv
1.2,0.2,0.0078250954718145,assets/blumen_gep/supersonic_raw_spectrum_vs_blumen_a020_m120_130_raw_modes.csv
1.2,0.2,0.0035042035186286,assets/blumen_gep/supersonic_raw_spectrum_vs_blumen_a020_m120_130_raw_modes.csv
1.2,0.2,0.0078956144115853,assets/blumen_gep/supersonic_raw_spectrum_vs_blumen_a020_m120_130_raw_modes.csv
1.2,0.2,0.0033155880101159,assets/blumen_gep/supersonic_raw_spectrum_vs_blumen_a020_m120_130_raw_modes.csv
1.2,0.2,0.007961429640938,assets/blumen_gep/supersonic_raw_spectrum_vs_blumen_a020_m120_130_raw_modes.csv
1.2,0.2,0.0031306876791849,assets/blumen_gep/supersonic_raw_spectrum_vs_blumen_a020_m120_130_raw_modes.csv
1.2,0.2,0.1953052741275173,assets/blumen_gep/supersonic_raw_spectrum_vs_blumen_a020_m120_130_raw_modes.csv
1.2,0.2,0.0029495037981504,assets/blumen_gep/supersonic_raw_spectrum_vs_blumen_a020_m120_130_raw_modes.csv
1.2,0.2,0.008022679985358,assets/blumen_gep/supersonic_raw_spectrum_vs_blumen_a020_m120_130_raw_modes.csv
1.2,0.2,0.0027720675308407,assets/blumen_gep/supersonic_raw_spectrum_vs_blumen_a020_m120_130_raw_modes.csv
1.2,0.2,0.008079612039641,assets/blumen_gep/supersonic_raw_spectrum_vs_blumen_a020_m120_130_raw_modes.csv
1.2,0.2,0.0025984361149414,assets/blumen_gep/supersonic_raw_spectrum_vs_blumen_a020_m120_130_raw_modes.csv
1.2,0.2,0.0024286893573271,assets/blumen_gep/supersonic_raw_spectrum_vs_blumen_a020_m120_130_raw_modes.csv
1.2,0.2,0.008132580721617,assets/blumen_gep/supersonic_raw_spectrum_vs_blumen_a020_m120_130_raw_modes.csv
1.2,0.2,0.002262926300553,assets/blumen_gep/supersonic_raw_spectrum_vs_blumen_a020_m120_130_raw_modes.csv
1.2,0.2,0.0081820462916294,assets/blumen_gep/supersonic_raw_spectrum_vs_blumen_a020_m120_130_raw_modes.csv
1.2,0.2,0.002101261931869,assets/blumen_gep/supersonic_raw_spectrum_vs_blumen_a020_m120_130_raw_modes.csv
1.2,0.2,0.0019438238094757,assets/blumen_gep/supersonic_raw_spectrum_vs_blumen_a020_m120_130_raw_modes.csv
1.2,0.2,0.0082285690567564,assets/blumen_gep/supersonic_raw_spectrum_vs_blumen_a020_m120_130_raw_modes.csv
1.2,0.2,0.0017907484746594,assets/blumen_gep/supersonic_raw_spectrum_vs_blumen_a020_m120_130_raw_modes.csv
1.2,0.2,0.0016421774947442,assets/blumen_gep/supersonic_raw_spectrum_vs_blumen_a020_m120_130_raw_modes.csv
1.2,0.2,0.008272803375388,assets/blumen_gep/supersonic_raw_spectrum_vs_blumen_a020_m120_130_raw_modes.csv
1.2,0.2,0.0014982529333089,assets/blumen_gep/supersonic_raw_spectrum_vs_blumen_a020_m120_130_raw_modes.csv
1.2,0.2,0.0013591119852947,assets/blumen_gep/supersonic_raw_spectrum_vs_blumen_a020_m120_130_raw_modes.csv
1.2,0.2,0.0083154927985372,assets/blumen_gep/supersonic_raw_spectrum_vs_blumen_a020_m120_130_raw_modes.csv
1.2,0.2,0.001224880299645,assets/blumen_gep/supersonic_raw_spectrum_vs_blumen_a020_m120_130_raw_modes.csv
1.2,0.2,0.0010956633469756,assets/blumen_gep/supersonic_raw_spectrum_vs_blumen_a020_m120_130_raw_modes.csv
1.2,0.2,0.0083574682639029,assets/blumen_gep/supersonic_raw_spectrum_vs_blumen_a020_m120_130_raw_modes.csv
1.2,0.2,0.0009715345444113,assets/blumen_gep/supersonic_raw_spectrum_vs_blumen_a020_m120_130_raw_modes.csv
1.2,0.2,0.0008525178931392,assets/blumen_gep/supersonic_raw_spectrum_vs_blumen_a020_m120_130_raw_modes.csv
1.2,0.2,0.0007385605956723,assets/blumen_gep/supersonic_raw_spectrum_vs_blumen_a020_m120_130_raw_modes.csv
1.2,0.2,0.0083996512892236,assets/blumen_gep/supersonic_raw_spectrum_vs_blumen_a020_m120_130_raw_modes.csv
1.2,0.2,0.0006294859385037,assets/blumen_gep/supersonic_raw_spectrum_vs_blumen_a020_m120_130_raw_modes.csv
1.2,0.2,0.0005249032593591,assets/blumen_gep/supersonic_raw_spectrum_vs_blumen_a020_m120_130_raw_modes.csv
1.2,0.2,0.0084430642183063,assets/blumen_gep/supersonic_raw_spectrum_vs_blumen_a020_m120_130_raw_modes.csv
1.2,0.2,0.0004240115353427,assets/blumen_gep/supersonic_raw_spectrum_vs_blumen_a020_m120_130_raw_modes.csv
1.2,0.2,0.0003250840102207,assets/blumen_gep/supersonic_raw_spectrum_vs_blumen_a020_m120_130_raw_modes.csv
1.2,0.2,0.0002236394293686,assets/blumen_gep/supersonic_raw_spectrum_vs_blumen_a020_m120_130_raw_modes.csv
1.2,0.2,9.899145764210756e-05,assets/blumen_gep/supersonic_raw_spectrum_vs_blumen_a020_m120_130_raw_modes.csv
1.2,0.2,0.0084888499057772,assets/blumen_gep/supersonic_raw_spectrum_vs_blumen_a020_m120_130_raw_modes.csv
1.2,0.2,9.716554315822537e-13,assets/blumen_gep/supersonic_raw_spectrum_vs_blumen_a020_m120_130_raw_modes.csv
1.2,0.2,9.15063101553719e-13,assets/blumen_gep/supersonic_raw_spectrum_vs_blumen_a020_m120_130_raw_modes.csv
1.2,0.2,1.0401410929355838e-12,assets/blumen_gep/supersonic_raw_spectrum_vs_blumen_a020_m120_130_raw_modes.csv
1.2,0.2,1.114442001597023e-12,assets/blumen_gep/supersonic_raw_spectrum_vs_blumen_a020_m120_130_raw_modes.csv
1.2,0.2,1.4547043085729985e-12,assets/blumen_gep/supersonic_raw_spectrum_vs_blumen_a020_m120_130_raw_modes.csv
1.2,0.2,0.0085383039781611,assets/blumen_gep/supersonic_raw_spectrum_vs_blumen_a020_m120_130_raw_modes.csv
1.2,0.2,2.158518070698734e-12,assets/blumen_gep/supersonic_raw_spectrum_vs_blumen_a020_m120_130_raw_modes.csv
1.2,0.2,3.415689229865188e-12,assets/blumen_gep/supersonic_raw_spectrum_vs_blumen_a020_m120_130_raw_modes.csv
1.2,0.2,7.323389074964082e-12,assets/blumen_gep/supersonic_raw_spectrum_vs_blumen_a020_m120_130_raw_modes.csv
1.2,0.2,7.711265284325939e-12,assets/blumen_gep/supersonic_raw_spectrum_vs_blumen_a020_m120_130_raw_modes.csv
1.2,0.2,9.97207623072987e-12,assets/blumen_gep/supersonic_raw_spectrum_vs_blumen_a020_m120_130_raw_modes.csv
1.2,0.2,1.1563850214252598e-11,assets/blumen_gep/supersonic_raw_spectrum_vs_blumen_a020_m120_130_raw_modes.csv
1.2,0.2,1.1915450840060768e-11,assets/blumen_gep/supersonic_raw_spectrum_vs_blumen_a020_m120_130_raw_modes.csv
1.2,0.2,1.0892021102104864e-11,assets/blumen_gep/supersonic_raw_spectrum_vs_blumen_a020_m120_130_raw_modes.csv
1.2,0.2,8.812952961082711e-12,assets/blumen_gep/supersonic_raw_spectrum_vs_blumen_a020_m120_130_raw_modes.csv
1.2,0.2,6.258729993735799e-12,assets/blumen_gep/supersonic_raw_spectrum_vs_blumen_a020_m120_130_raw_modes.csv
1.2,0.2,3.817181994891923e-12,assets/blumen_gep/supersonic_raw_spectrum_vs_blumen_a020_m120_130_raw_modes.csv
1.2,0.2,1.863418066683768e-12,assets/blumen_gep/supersonic_raw_spectrum_vs_blumen_a020_m120_130_raw_modes.csv
1.2,0.2,5.282112861287144e-13,assets/blumen_gep/supersonic_raw_spectrum_vs_blumen_a020_m120_130_raw_modes.csv
1.2,0.2,4.3753719266332814e-13,assets/blumen_gep/supersonic_raw_spectrum_vs_blumen_a020_m120_130_raw_modes.csv
1.2,0.2,7.317788727861226e-13,assets/blumen_gep/supersonic_raw_spectrum_vs_blumen_a020_m120_130_raw_modes.csv
1.2,0.2,6.975080368392777e-13,assets/blumen_gep/supersonic_raw_spectrum_vs_blumen_a020_m120_130_raw_modes.csv
1.2,0.2,5.771395075652052e-13,assets/blumen_gep/supersonic_raw_spectrum_vs_blumen_a020_m120_130_raw_modes.csv
1.2,0.2,4.464984525003903e-13,assets/blumen_gep/supersonic_raw_spectrum_vs_blumen_a020_m120_130_raw_modes.csv
1.2,0.2,3.208967583652549e-13,assets/blumen_gep/supersonic_raw_spectrum_vs_blumen_a020_m120_130_raw_modes.csv
1.2,0.2,2.727293715890109e-13,assets/blumen_gep/supersonic_raw_spectrum_vs_blumen_a020_m120_130_raw_modes.csv
1.2,0.2,0.0085929242436978,assets/blumen_gep/supersonic_raw_spectrum_vs_blumen_a020_m120_130_raw_modes.csv
1.2,0.2,0.0086544843785466,assets/blumen_gep/supersonic_raw_spectrum_vs_blumen_a020_m120_130_raw_modes.csv
1.2,0.2,0.0087251434790494,assets/blumen_gep/supersonic_raw_spectrum_vs_blumen_a020_m120_130_raw_modes.csv
1.2,0.2,0.0088076109009041,assets/blumen_gep/supersonic_raw_spectrum_vs_blumen_a020_m120_130_raw_modes.csv
1.2,0.2,0.0089053998473966,assets/blumen_gep/supersonic_raw_spectrum_vs_blumen_a020_m120_130_raw_modes.csv
1.2,0.2,0.0090232288886655,assets/blumen_gep/supersonic_raw_spectrum_vs_blumen_a020_m120_130_raw_modes.csv
1.2,0.2,0.0091676780838941,assets/blumen_gep/supersonic_raw_spectrum_vs_blumen_a020_m120_130_raw_modes.csv
1.2,0.2,0.0093482898194882,assets/blumen_gep/supersonic_raw_spectrum_vs_blumen_a020_m120_130_raw_modes.csv
1.2,0.2,0.0095794091245036,assets/blumen_gep/supersonic_raw_spectrum_vs_blumen_a020_m120_130_raw_modes.csv
1.2,0.2,0.0098828342801287,assets/blumen_gep/supersonic_raw_spectrum_vs_blumen_a020_m120_130_raw_modes.csv
1.2,0.2,0.0102875838701062,assets/blumen_gep/supersonic_raw_spectrum_vs_blumen_a020_m120_130_raw_modes.csv
1.2,0.2,0.0107917158879098,assets/blumen_gep/supersonic_raw_spectrum_vs_blumen_a020_m120_130_raw_modes.csv
1.2,0.2,0.0111432988467499,assets/blumen_gep/supersonic_raw_spectrum_vs_blumen_a020_m120_130_raw_modes.csv
1.2,0.2,0.0108388220456318,assets/blumen_gep/supersonic_raw_spectrum_vs_blumen_a020_m120_130_raw_modes.csv
1.2,0.2,0.0101240497012641,assets/blumen_gep/supersonic_raw_spectrum_vs_blumen_a020_m120_130_raw_modes.csv
1.2,0.2,0.009445925623024,assets/blumen_gep/supersonic_raw_spectrum_vs_blumen_a020_m120_130_raw_modes.csv
1.2,0.2,0.0088805254238084,assets/blumen_gep/supersonic_raw_spectrum_vs_blumen_a020_m120_130_raw_modes.csv
1.2,0.2,0.0084027704904353,assets/blumen_gep/supersonic_raw_spectrum_vs_blumen_a020_m120_130_raw_modes.csv
1.2,0.2,0.0079868726511507,assets/blumen_gep/supersonic_raw_spectrum_vs_blumen_a020_m120_130_raw_modes.csv
1.2,0.2,0.0076153452564278,assets/blumen_gep/supersonic_raw_spectrum_vs_blumen_a020_m120_130_raw_modes.csv
1.2,0.2,0.0072766903835955,assets/blumen_gep/supersonic_raw_spectrum_vs_blumen_a020_m120_130_raw_modes.csv
1.2,0.2,0.006963161617611,assets/blumen_gep/supersonic_raw_spectrum_vs_blumen_a020_m120_130_raw_modes.csv
1.2,0.2,0.0066693673890482,assets/blumen_gep/supersonic_raw_spectrum_vs_blumen_a020_m120_130_raw_modes.csv
1.2,0.2,0.0063914388575909,assets/blumen_gep/supersonic_raw_spectrum_vs_blumen_a020_m120_130_raw_modes.csv
1.2,0.2,0.0061265260407791,assets/blumen_gep/supersonic_raw_spectrum_vs_blumen_a020_m120_130_raw_modes.csv
1.2,0.2,0.0058724832934843,assets/blumen_gep/supersonic_raw_spectrum_vs_blumen_a020_m120_130_raw_modes.csv
1.2,0.2,0.0056276665715794,assets/blumen_gep/supersonic_raw_spectrum_vs_blumen_a020_m120_130_raw_modes.csv
1.2,0.2,0.0053907987336221,assets/blumen_gep/supersonic_raw_spectrum_vs_blumen_a020_m120_130_raw_modes.csv
1.2,0.2,0.0051608775583171,assets/blumen_gep/supersonic_raw_spectrum_vs_blumen_a020_m120_130_raw_modes.csv
1.2,0.2,0.0049371113681346,assets/blumen_gep/supersonic_raw_spectrum_vs_blumen_a020_m120_130_raw_modes.csv
1.2,0.2,0.0047188729725742,assets/blumen_gep/supersonic_raw_spectrum_vs_blumen_a020_m120_130_raw_modes.csv
1.2,0.2,0.0045056660599055,assets/blumen_gep/supersonic_raw_spectrum_vs_blumen_a020_m120_130_raw_modes.csv
1.2,0.2,0.0042971002265539,assets/blumen_gep/supersonic_raw_spectrum_vs_blumen_a020_m120_130_raw_modes.csv
1.2,0.2,0.0040928721124701,assets/blumen_gep/supersonic_raw_spectrum_vs_blumen_a020_m120_130_raw_modes.csv
1.2,0.2,0.003892750920168,assets/blumen_gep/supersonic_raw_spectrum_vs_blumen_a020_m120_130_raw_modes.csv
1.2,0.2,0.0036965671232558,assets/blumen_gep/supersonic_raw_spectrum_vs_blumen_a020_m120_130_raw_modes.csv
1.2,0.2,0.0035042035182437,assets/blumen_gep/supersonic_raw_spectrum_vs_blumen_a020_m120_130_raw_modes.csv
1.2,0.2,0.0033155880097351,assets/blumen_gep/supersonic_raw_spectrum_vs_blumen_a020_m120_130_raw_modes.csv
1.2,0.2,0.0031306876788463,assets/blumen_gep/supersonic_raw_spectrum_vs_blumen_a020_m120_130_raw_modes.csv
1.2,0.2,0.002949503797776,assets/blumen_gep/supersonic_raw_spectrum_vs_blumen_a020_m120_130_raw_modes.csv
1.2,0.2,0.0027720675305276,assets/blumen_gep/supersonic_raw_spectrum_vs_blumen_a020_m120_130_raw_modes.csv
1.2,0.2,0.0025984361147117,assets/blumen_gep/supersonic_raw_spectrum_vs_blumen_a020_m120_130_raw_modes.csv
1.2,0.2,0.0024286893571101,assets/blumen_gep/supersonic_raw_spectrum_vs_blumen_a020_m120_130_raw_modes.csv
1.2,0.2,0.0022629263003586,assets/blumen_gep/supersonic_raw_spectrum_vs_blumen_a020_m120_130_raw_modes.csv
1.2,0.2,0.0021012619316805,assets/blumen_gep/supersonic_raw_spectrum_vs_blumen_a020_m120_130_raw_modes.csv
1.2,0.2,0.0019438238093636,assets/blumen_gep/supersonic_raw_spectrum_vs_blumen_a020_m120_130_raw_modes.csv
1.2,0.2,0.001790748474543,assets/blumen_gep/supersonic_raw_spectrum_vs_blumen_a020_m120_130_raw_modes.csv
1.2,0.2,0.0016421774940256,assets/blumen_gep/supersonic_raw_spectrum_vs_blumen_a020_m120_130_raw_modes.csv
1.2,0.2,0.0014982529343768,assets/blumen_gep/supersonic_raw_spectrum_vs_blumen_a020_m120_130_raw_modes.csv
1.2,0.2,0.0013591119852754,assets/blumen_gep/supersonic_raw_spectrum_vs_blumen_a020_m120_130_raw_modes.csv
1.2,0.2,0.0012248803000895,assets/blumen_gep/supersonic_raw_spectrum_vs_blumen_a020_m120_130_raw_modes.csv
1.2,0.2,0.0010956633478202,assets/blumen_gep/supersonic_raw_spectrum_vs_blumen_a020_m120_130_raw_modes.csv
1.2,0.2,0.0009715345468294,assets/blumen_gep/supersonic_raw_spectrum_vs_blumen_a020_m120_130_raw_modes.csv
1.2,0.2,0.0008525178947244,assets/blumen_gep/supersonic_raw_spectrum_vs_blumen_a020_m120_130_raw_modes.csv
1.2,0.2,0.0007385606011617,assets/blumen_gep/supersonic_raw_spectrum_vs_blumen_a020_m120_130_raw_modes.csv
1.2,0.2,0.0006294859429393,assets/blumen_gep/supersonic_raw_spectrum_vs_blumen_a020_m120_130_raw_modes.csv
1.2,0.2,0.0005249032629896,assets/blumen_gep/supersonic_raw_spectrum_vs_blumen_a020_m120_130_raw_modes.csv
1.2,0.2,0.0004240115379619,assets/blumen_gep/supersonic_raw_spectrum_vs_blumen_a020_m120_130_raw_modes.csv
1.2,0.2,0.0003250840118119,assets/blumen_gep/supersonic_raw_spectrum_vs_blumen_a020_m120_130_raw_modes.csv
1.2,0.2,0.0002236394267338,assets/blumen_gep/supersonic_raw_spectrum_vs_blumen_a020_m120_130_raw_modes.csv
1.2,0.2,9.89914389580998e-05,assets/blumen_gep/supersonic_raw_spectrum_vs_blumen_a020_m120_130_raw_modes.csv
1.2,0.2,3.532828911216952e-16,assets/blumen_gep/supersonic_raw_spectrum_vs_blumen_a020_m120_130_raw_modes.csv
1.2,0.2,2.6860868571741696e-16,assets/blumen_gep/supersonic_raw_spectrum_vs_blumen_a020_m120_130_raw_modes.csv
1.2,0.2,5.547761833437468e-16,assets/blumen_gep/supersonic_raw_spectrum_vs_blumen_a020_m120_130_raw_modes.csv
1.2,0.2,1.466762681826353e-15,assets/blumen_gep/supersonic_raw_spectrum_vs_blumen_a020_m120_130_raw_modes.csv
1.2,0.2,1.6359935807730901e-15,assets/blumen_gep/supersonic_raw_spectrum_vs_blumen_a020_m120_130_raw_modes.csv
1.2,0.2,1.5846632305874714e-15,assets/blumen_gep/supersonic_raw_spectrum_vs_blumen_a020_m120_130_raw_modes.csv
1.2,0.2,1.104119260253639e-15,assets/blumen_gep/supersonic_raw_spectrum_vs_blumen_a020_m120_130_raw_modes.csv
1.2,0.2,6.31910740551464e-16,assets/blumen_gep/supersonic_raw_spectrum_vs_blumen_a020_m120_130_raw_modes.csv
1.2,0.2,1.844582489240032e-15,assets/blumen_gep/supersonic_raw_spectrum_vs_blumen_a020_m120_130_raw_modes.csv
1.2,0.2,5.182389914510831e-16,assets/blumen_gep/supersonic_raw_spectrum_vs_blumen_a020_m120_130_raw_modes.csv
1.2,0.2,1.9228758759291572e-16,assets/blumen_gep/supersonic_raw_spectrum_vs_blumen_a020_m120_130_raw_modes.csv
1.2,0.2,7.45426316735144e-16,assets/blumen_gep/supersonic_raw_spectrum_vs_blumen_a020_m120_130_raw_modes.csv
1.2,0.2,2.7376082696712854e-15,assets/blumen_gep/supersonic_raw_spectrum_vs_blumen_a020_m120_130_raw_modes.csv
1.2,0.2,4.191148722329555e-15,assets/blumen_gep/supersonic_raw_spectrum_vs_blumen_a020_m120_130_raw_modes.csv
1.2,0.2,3.719210715601378e-15,assets/blumen_gep/supersonic_raw_spectrum_vs_blumen_a020_m120_130_raw_modes.csv
1.2,0.2,3.791454707779101e-15,assets/blumen_gep/supersonic_raw_spectrum_vs_blumen_a020_m120_130_raw_modes.csv
1.2,0.2,1.0489741942626768e-14,assets/blumen_gep/supersonic_raw_spectrum_vs_blumen_a020_m120_130_raw_modes.csv
1.2,0.2,7.078309527703421e-15,assets/blumen_gep/supersonic_raw_spectrum_vs_blumen_a020_m120_130_raw_modes.csv
1.2,0.2,1.737899131518392e-14,assets/blumen_gep/supersonic_raw_spectrum_vs_blumen_a020_m120_130_raw_modes.csv
1.2,0.2,2.0369238042061673e-14,assets/blumen_gep/supersonic_raw_spectrum_vs_blumen_a020_m120_130_raw_modes.csv
1.2,0.2,4.7627053382521476e-14,assets/blumen_gep/supersonic_raw_spectrum_vs_blumen_a020_m120_130_raw_modes.csv
1.2,0.2,1.1986436477907002e-13,assets/blumen_gep/supersonic_raw_spectrum_vs_blumen_a020_m120_130_raw_modes.csv
1.2,0.2,2.1458208636722305e-13,assets/blumen_gep/supersonic_raw_spectrum_vs_blumen_a020_m120_130_raw_modes.csv
1.2,0.2,1.3025268673610789e-15,assets/blumen_gep/supersonic_raw_spectrum_vs_blumen_a020_m120_130_raw_modes.csv
1.2,0.2,2.6020107470164126e-17,assets/blumen_gep/supersonic_raw_spectrum_vs_blumen_a020_m120_130_raw_modes.csv
1.2,0.2,1.3016211915660734e-13,assets/blumen_gep/supersonic_raw_spectrum_vs_blumen_a020_m120_130_raw_modes.csv
1.2,0.2,6.546494802617698e-13,assets/blumen_gep/supersonic_raw_spectrum_vs_blumen_a020_m120_130_raw_modes.csv
1.2,0.2,7.660370224175958e-18,assets/blumen_gep/supersonic_raw_spectrum_vs_blumen_a020_m120_130_raw_modes.csv
1.2,0.2,1.8123466130481096e-16,assets/blumen_gep/supersonic_raw_spectrum_vs_blumen_a020_m120_130_raw_modes.csv
1.2,0.2,5.730439580735427e-19,assets/blumen_gep/supersonic_raw_spectrum_vs_blumen_a020_m120_130_raw_modes.csv
1.2,0.2,7.184589006373858e-15,assets/blumen_gep/supersonic_raw_spectrum_vs_blumen_a020_m120_130_raw_modes.csv
1.2,0.2,4.637316792728627e-19,assets/blumen_gep/supersonic_raw_spectrum_vs_blumen_a020_m120_130_raw_modes.csv
1.2,0.2,6.030956674962949e-19,assets/blumen_gep/supersonic_raw_spectrum_vs_blumen_a020_m120_130_raw_modes.csv
1.2,0.2,1.9418397214647677e-18,assets/blumen_gep/supersonic_raw_spectrum_vs_blumen_a020_m120_130_raw_modes.csv
1.2,0.2,4.6638188485457294e-18,assets/blumen_gep/supersonic_raw_spectrum_vs_blumen_a020_m120_130_raw_modes.csv
1.2,0.2,1.3322600236045132e-16,assets/blumen_gep/supersonic_raw_spectrum_vs_blumen_a020_m120_130_raw_modes.csv
1.2,0.2,5.054415049052201e-18,assets/blumen_gep/supersonic_raw_spectrum_vs_blumen_a020_m120_130_raw_modes.csv
1.2,0.2,1.6913942428897213e-18,assets/blumen_gep/supersonic_raw_spectrum_vs_blumen_a020_m120_130_raw_modes.csv
1.2,0.2,3.737394296340576e-18,assets/blumen_gep/supersonic_raw_spectrum_vs_blumen_a020_m120_130_raw_modes.csv
1.2,0.2,3.703017885167456e-18,assets/blumen_gep/supersonic_raw_spectrum_vs_blumen_a020_m120_130_raw_modes.csv
1.2,0.2,2.919325616466891e-17,assets/blumen_gep/supersonic_raw_spectrum_vs_blumen_a020_m120_130_raw_modes.csv
1.2,0.2,2.1227436359697083e-18,assets/blumen_gep/supersonic_raw_spectrum_vs_blumen_a020_m120_130_raw_modes.csv
1.2,0.2,1.432065833019478e-17,assets/blumen_gep/supersonic_raw_spectrum_vs_blumen_a020_m120_130_raw_modes.csv
1.2,0.2,6.930939460063303e-18,assets/blumen_gep/supersonic_raw_spectrum_vs_blumen_a020_m120_130_raw_modes.csv
1.2,0.2,3.9397256855335335e-18,assets/blumen_gep/supersonic_raw_spectrum_vs_blumen_a020_m120_130_raw_modes.csv
1.2,0.2,1.1067426410779479e-17,assets/blumen_gep/supersonic_raw_spectrum_vs_blumen_a020_m120_130_raw_modes.csv
1.2,0.2,0.0037504425410196,assets/blumen_gep/supersonic_raw_spectrum_vs_blumen_a020_m120_130_raw_modes.csv
1.2,0.2,0.0044997608126317,assets/blumen_gep/supersonic_raw_spectrum_vs_blumen_a020_m120_130_raw_modes.csv
1.2,0.2,0.0036881202172314,assets/blumen_gep/supersonic_raw_spectrum_vs_blumen_a020_m120_130_raw_modes.csv
1.2,0.2,0.0045523855947223,assets/blumen_gep/supersonic_raw_spectrum_vs_blumen_a020_m120_130_raw_modes.csv
1.2,0.2,0.0036249927656847,assets/blumen_gep/supersonic_raw_spectrum_vs_blumen_a020_m120_130_raw_modes.csv
1.2,0.2,0.0046040978460724,assets/blumen_gep/supersonic_raw_spectrum_vs_blumen_a020_m120_130_raw_modes.csv
1.2,0.2,0.0035609863156986,assets/blumen_gep/supersonic_raw_spectrum_vs_blumen_a020_m120_130_raw_modes.csv
1.2,0.2,0.0046548357855395,assets/blumen_gep/supersonic_raw_spectrum_vs_blumen_a020_m120_130_raw_modes.csv
1.2,0.2,0.0034960112471903,assets/blumen_gep/supersonic_raw_spectrum_vs_blumen_a020_m120_130_raw_modes.csv
1.2,0.2,0.004704534478928,assets/blumen_gep/supersonic_raw_spectrum_vs_blumen_a020_m120_130_raw_modes.csv
1.2,0.2,0.0034299600864002,assets/blumen_gep/supersonic_raw_spectrum_vs_blumen_a020_m120_130_raw_modes.csv
1.2,0.2,0.004753126957562,assets/blumen_gep/supersonic_raw_spectrum_vs_blumen_a020_m120_130_raw_modes.csv
1.2,0.2,0.0033627049606143,assets/blumen_gep/supersonic_raw_spectrum_vs_blumen_a020_m120_130_raw_modes.csv
1.2,0.2,0.0048005454926547,assets/blumen_gep/supersonic_raw_spectrum_vs_blumen_a020_m120_130_raw_modes.csv
1.2,0.2,0.0032940943428932,assets/blumen_gep/supersonic_raw_spectrum_vs_blumen_a020_m120_130_raw_modes.csv
1.2,0.2,0.0048467230406106,assets/blumen_gep/supersonic_raw_spectrum_vs_blumen_a020_m120_130_raw_modes.csv
1.2,0.2,0.0032239490085772,assets/blumen_gep/supersonic_raw_spectrum_vs_blumen_a020_m120_130_raw_modes.csv
1.2,0.2,0.0048915948421517,assets/blumen_gep/supersonic_raw_spectrum_vs_blumen_a020_m120_130_raw_modes.csv
1.2,0.2,0.0031520569108475,assets/blumen_gep/supersonic_raw_spectrum_vs_blumen_a020_m120_130_raw_modes.csv
1.2,0.2,0.0049351001511742,assets/blumen_gep/supersonic_raw_spectrum_vs_blumen_a020_m120_130_raw_modes.csv
1.2,0.2,0.0030781665597106,assets/blumen_gep/supersonic_raw_spectrum_vs_blumen_a020_m120_130_raw_modes.csv
1.2,0.2,0.0049771840636841,assets/blumen_gep/supersonic_raw_spectrum_vs_blumen_a020_m120_130_raw_modes.csv
1.2,0.2,0.0030019785567806,assets/blumen_gep/supersonic_raw_spectrum_vs_blumen_a020_m120_130_raw_modes.csv
1.2,0.2,0.0050177993983031,assets/blumen_gep/supersonic_raw_spectrum_vs_blumen_a020_m120_130_raw_modes.csv
1.2,0.2,0.0029231343957784,assets/blumen_gep/supersonic_raw_spectrum_vs_blumen_a020_m120_130_raw_modes.csv
1.2,0.2,0.0050569085739883,assets/blumen_gep/supersonic_raw_spectrum_vs_blumen_a020_m120_130_raw_modes.csv
1.2,0.2,0.0028412016297582,assets/blumen_gep/supersonic_raw_spectrum_vs_blumen_a020_m120_130_raw_modes.csv
1.2,0.2,0.0050944854249172,assets/blumen_gep/supersonic_raw_spectrum_vs_blumen_a020_m120_130_raw_modes.csv
1.2,0.2,0.0027556537805692,assets/blumen_gep/supersonic_raw_spectrum_vs_blumen_a020_m120_130_raw_modes.csv
1.2,0.2,0.0051305168838746,assets/blumen_gep/supersonic_raw_spectrum_vs_blumen_a020_m120_130_raw_modes.csv
1.2,0.2,0.0026658425478309,assets/blumen_gep/supersonic_raw_spectrum_vs_blumen_a020_m120_130_raw_modes.csv
1.2,0.2,0.0051650044761793,assets/blumen_gep/supersonic_raw_spectrum_vs_blumen_a020_m120_130_raw_modes.csv
1.2,0.2,0.0025709585920581,assets/blumen_gep/supersonic_raw_spectrum_vs_blumen_a020_m120_130_raw_modes.csv
1.2,0.2,0.0051979655686525,assets/blumen_gep/supersonic_raw_spectrum_vs_blumen_a020_m120_130_raw_modes.csv
1.2,0.2,0.0024699744816334,assets/blumen_gep/supersonic_raw_spectrum_vs_blumen_a020_m120_130_raw_modes.csv
1.2,0.2,0.0052294343321865,assets/blumen_gep/supersonic_raw_spectrum_vs_blumen_a020_m120_130_raw_modes.csv
1.2,0.2,0.0023615590780498,assets/blumen_gep/supersonic_raw_spectrum_vs_blumen_a020_m120_130_raw_modes.csv
1.2,0.2,0.0022439437593759,assets/blumen_gep/supersonic_raw_spectrum_vs_blumen_a020_m120_130_raw_modes.csv
1.2,0.2,0.0052594623997906,assets/blumen_gep/supersonic_raw_spectrum_vs_blumen_a020_m120_130_raw_modes.csv
1.2,0.2,0.0021147029423717,assets/blumen_gep/supersonic_raw_spectrum_vs_blumen_a020_m120_130_raw_modes.csv
1.2,0.2,0.0052881192148402,assets/blumen_gep/supersonic_raw_spectrum_vs_blumen_a020_m120_130_raw_modes.csv
1.2,0.2,0.001970370830614,assets/blumen_gep/supersonic_raw_spectrum_vs_blumen_a020_m120_130_raw_modes.csv
1.2,0.2,0.0053154920975193,assets/blumen_gep/supersonic_raw_spectrum_vs_blumen_a020_m120_130_raw_modes.csv
1.2,0.2,0.0018057149171048,assets/blumen_gep/supersonic_raw_spectrum_vs_blumen_a020_m120_130_raw_modes.csv
1.2,0.2,0.0053416860733439,assets/blumen_gep/supersonic_raw_spectrum_vs_blumen_a020_m120_130_raw_modes.csv
1.2,0.2,0.195341231245047,assets/blumen_gep/supersonic_raw_spectrum_vs_blumen_a020_m120_130_raw_modes.csv
1.2,0.2,0.0016121926622623,assets/blumen_gep/supersonic_raw_spectrum_vs_blumen_a020_m120_130_raw_modes.csv
1.2,0.2,0.0053668235254584,assets/blumen_gep/supersonic_raw_spectrum_vs_blumen_a020_m120_130_raw_modes.csv
1.2,0.2,0.0013740627992806,assets/blumen_gep/supersonic_raw_spectrum_vs_blumen_a020_m120_130_raw_modes.csv
1.2,0.2,0.0053910437595278,assets/blumen_gep/supersonic_raw_spectrum_vs_blumen_a020_m120_130_raw_modes.csv
1.2,0.2,0.0010552407568334,assets/blumen_gep/supersonic_raw_spectrum_vs_blumen_a020_m120_130_raw_modes.csv
1.2,0.2,0.005414502572063,assets/blumen_gep/supersonic_raw_spectrum_vs_blumen_a020_m120_130_raw_modes.csv
1.2,0.2,0.0005058210992449,assets/blumen_gep/supersonic_raw_spectrum_vs_blumen_a020_m120_130_raw_modes.csv
1.2,0.2,0.0054373719316102,assets/blumen_gep/supersonic_raw_spectrum_vs_blumen_a020_m120_130_raw_modes.csv
1.2,0.2,0.0054598398755515,assets/blumen_gep/supersonic_raw_spectrum_vs_blumen_a020_m120_130_raw_modes.csv
1.2,0.2,4.2267506187129e-14,assets/blumen_gep/supersonic_raw_spectrum_vs_blumen_a020_m120_130_raw_modes.csv
1.2,0.2,0.0054821107537645,assets/blumen_gep/supersonic_raw_spectrum_vs_blumen_a020_m120_130_raw_modes.csv
1.2,0.2,7.951256309356484e-14,assets/blumen_gep/supersonic_raw_spectrum_vs_blumen_a020_m120_130_raw_modes.csv
1.2,0.2,0.0055044059084908,assets/blumen_gep/supersonic_raw_spectrum_vs_blumen_a020_m120_130_raw_modes.csv
1.2,0.2,2.718021779749259e-12,assets/blumen_gep/supersonic_raw_spectrum_vs_blumen_a020_m120_130_raw_modes.csv
1.2,0.2,0.0055269649955108,assets/blumen_gep/supersonic_raw_spectrum_vs_blumen_a020_m120_130_raw_modes.csv
1.2,0.2,6.154132358223322e-14,assets/blumen_gep/supersonic_raw_spectrum_vs_blumen_a020_m120_130_raw_modes.csv
1.2,0.2,0.0005058210920125,assets/blumen_gep/supersonic_raw_spectrum_vs_blumen_a020_m120_130_raw_modes.csv
1.2,0.2,0.005550047998855,assets/blumen_gep/supersonic_raw_spectrum_vs_blumen_a020_m120_130_raw_modes.csv
1.2,0.2,0.0010552407572797,assets/blumen_gep/supersonic_raw_spectrum_vs_blumen_a020_m120_130_raw_modes.csv
1.2,0.2,0.0055739382299146,assets/blumen_gep/supersonic_raw_spectrum_vs_blumen_a020_m120_130_raw_modes.csv
1.2,0.2,0.0013740627920131,assets/blumen_gep/supersonic_raw_spectrum_vs_blumen_a020_m120_130_raw_modes.csv
1.2,0.2,0.0055989464449053,assets/blumen_gep/supersonic_raw_spectrum_vs_blumen_a020_m120_130_raw_modes.csv
1.2,0.2,0.0016121926446448,assets/blumen_gep/supersonic_raw_spectrum_vs_blumen_a020_m120_130_raw_modes.csv
1.2,0.2,0.0056254164925877,assets/blumen_gep/supersonic_raw_spectrum_vs_blumen_a020_m120_130_raw_modes.csv
1.2,0.2,0.001805714905921,assets/blumen_gep/supersonic_raw_spectrum_vs_blumen_a020_m120_130_raw_modes.csv
1.2,0.2,0.0056537327998884,assets/blumen_gep/supersonic_raw_spectrum_vs_blumen_a020_m120_130_raw_modes.csv
1.2,0.2,0.0019703708256122,assets/blumen_gep/supersonic_raw_spectrum_vs_blumen_a020_m120_130_raw_modes.csv
1.2,0.2,0.0056843304031457,assets/blumen_gep/supersonic_raw_spectrum_vs_blumen_a020_m120_130_raw_modes.csv
1.2,0.2,0.0021147029325862,assets/blumen_gep/supersonic_raw_spectrum_vs_blumen_a020_m120_130_raw_modes.csv
1.2,0.2,0.0057177082590859,assets/blumen_gep/supersonic_raw_spectrum_vs_blumen_a020_m120_130_raw_modes.csv
1.2,0.2,0.0022439437523504,assets/blumen_gep/supersonic_raw_spectrum_vs_blumen_a020_m120_130_raw_modes.csv
1.2,0.2,0.0057544471660208,assets/blumen_gep/supersonic_raw_spectrum_vs_blumen_a020_m120_130_raw_modes.csv
1.2,0.2,0.0023615590671394,assets/blumen_gep/supersonic_raw_spectrum_vs_blumen_a020_m120_130_raw_modes.csv
1.2,0.2,0.0057952340559364,assets/blumen_gep/supersonic_raw_spectrum_vs_blumen_a020_m120_130_raw_modes.csv
1.2,0.2,0.002469974476263,assets/blumen_gep/supersonic_raw_spectrum_vs_blumen_a020_m120_130_raw_modes.csv
1.2,0.2,0.0058408954838498,assets/blumen_gep/supersonic_raw_spectrum_vs_blumen_a020_m120_130_raw_modes.csv
1.2,0.2,0.0025709585832872,assets/blumen_gep/supersonic_raw_spectrum_vs_blumen_a020_m120_130_raw_modes.csv
1.2,0.2,0.005892444627026,assets/blumen_gep/supersonic_raw_spectrum_vs_blumen_a020_m120_130_raw_modes.csv
1.2,0.2,0.002665842540065,assets/blumen_gep/supersonic_raw_spectrum_vs_blumen_a020_m120_130_raw_modes.csv
1.2,0.2,0.0059511486864903,assets/blumen_gep/supersonic_raw_spectrum_vs_blumen_a020_m120_130_raw_modes.csv
1.2,0.2,0.0027556537713599,assets/blumen_gep/supersonic_raw_spectrum_vs_blumen_a020_m120_130_raw_modes.csv
1.2,0.2,0.006018627959272,assets/blumen_gep/supersonic_raw_spectrum_vs_blumen_a020_m120_130_raw_modes.csv
1.2,0.2,0.0028412016220269,assets/blumen_gep/supersonic_raw_spectrum_vs_blumen_a020_m120_130_raw_modes.csv
1.2,0.2,0.0060970056822467,assets/blumen_gep/supersonic_raw_spectrum_vs_blumen_a020_m120_130_raw_modes.csv
1.2,0.2,0.002923134384824,assets/blumen_gep/supersonic_raw_spectrum_vs_blumen_a020_m120_130_raw_modes.csv
1.2,0.2,0.0061891416446732,assets/blumen_gep/supersonic_raw_spectrum_vs_blumen_a020_m120_130_raw_modes.csv
1.2,0.2,0.0030019785467509,assets/blumen_gep/supersonic_raw_spectrum_vs_blumen_a020_m120_130_raw_modes.csv
1.2,0.2,0.0062990086461498,assets/blumen_gep/supersonic_raw_spectrum_vs_blumen_a020_m120_130_raw_modes.csv
1.2,0.2,0.0030781665510606,assets/blumen_gep/supersonic_raw_spectrum_vs_blumen_a020_m120_130_raw_modes.csv
1.2,0.2,0.0064323173294803,assets/blumen_gep/supersonic_raw_spectrum_vs_blumen_a020_m120_130_raw_modes.csv
1.2,0.2,0.0031520568991248,assets/blumen_gep/supersonic_raw_spectrum_vs_blumen_a020_m120_130_raw_modes.csv
1.2,0.2,0.0065975664104009,assets/blumen_gep/supersonic_raw_spectrum_vs_blumen_a020_m120_130_raw_modes.csv
1.2,0.2,0.0032239490000414,assets/blumen_gep/supersonic_raw_spectrum_vs_blumen_a020_m120_130_raw_modes.csv
1.2,0.2,0.006807695369404,assets/blumen_gep/supersonic_raw_spectrum_vs_blumen_a020_m120_130_raw_modes.csv
1.2,0.2,0.0032940943312348,assets/blumen_gep/supersonic_raw_spectrum_vs_blumen_a020_m120_130_raw_modes.csv
1.2,0.2,0.0070814746329431,assets/blumen_gep/supersonic_raw_spectrum_vs_blumen_a020_m120_130_raw_modes.csv
1.2,0.2,0.0033627049466898,assets/blumen_gep/supersonic_raw_spectrum_vs_blumen_a020_m120_130_raw_modes.csv
1.2,0.2,0.0074337757428516,assets/blumen_gep/supersonic_raw_spectrum_vs_blumen_a020_m120_130_raw_modes.csv
1.2,0.2,0.0034299600765691,assets/blumen_gep/supersonic_raw_spectrum_vs_blumen_a020_m120_130_raw_modes.csv
1.2,0.2,0.0077863873581677,assets/blumen_gep/supersonic_raw_spectrum_vs_blumen_a020_m120_130_raw_modes.csv
1.2,0.2,0.0034960112352692,assets/blumen_gep/supersonic_raw_spectrum_vs_blumen_a020_m120_130_raw_modes.csv
1.2,0.2,0.0077988218675405,assets/blumen_gep/supersonic_raw_spectrum_vs_blumen_a020_m120_130_raw_modes.csv
1.2,0.2,0.0035609863063073,assets/blumen_gep/supersonic_raw_spectrum_vs_blumen_a020_m120_130_raw_modes.csv
1.2,0.2,0.0073865879049701,assets/blumen_gep/supersonic_raw_spectrum_vs_blumen_a020_m120_130_raw_modes.csv
1.2,0.2,0.0036249927536811,assets/blumen_gep/supersonic_raw_spectrum_vs_blumen_a020_m120_130_raw_modes.csv
1.2,0.2,0.0069116728715806,assets/blumen_gep/supersonic_raw_spectrum_vs_blumen_a020_m120_130_raw_modes.csv
1.2,0.2,0.0036881202055067,assets/blumen_gep/supersonic_raw_spectrum_vs_blumen_a020_m120_130_raw_modes.csv
1.2,0.2,0.0065122440509739,assets/blumen_gep/supersonic_raw_spectrum_vs_blumen_a020_m120_130_raw_modes.csv
1.2,0.2,0.0037504425303918,assets/blumen_gep/supersonic_raw_spectrum_vs_blumen_a020_m120_130_raw_modes.csv
1.2,0.2,0.006182717428028,assets/blumen_gep/supersonic_raw_spectrum_vs_blumen_a020_m120_130_raw_modes.csv
1.2,0.2,0.0038120195168342,assets/blumen_gep/supersonic_raw_spectrum_vs_blumen_a020_m120_130_raw_modes.csv
1.2,0.2,0.0059033295388698,assets/blumen_gep/supersonic_raw_spectrum_vs_blumen_a020_m120_130_raw_modes.csv
1.2,0.2,0.0038728982343649,assets/blumen_gep/supersonic_raw_spectrum_vs_blumen_a020_m120_130_raw_modes.csv
1.2,0.2,0.0056596702523121,assets/blumen_gep/supersonic_raw_spectrum_vs_blumen_a020_m120_130_raw_modes.csv
1.2,0.2,0.0039331141422556,assets/blumen_gep/supersonic_raw_spectrum_vs_blumen_a020_m120_130_raw_modes.csv
1.2,0.2,0.0054422404533327,assets/blumen_gep/supersonic_raw_spectrum_vs_blumen_a020_m120_130_raw_modes.csv
1.2,0.2,0.003992691995651,assets/blumen_gep/supersonic_raw_spectrum_vs_blumen_a020_m120_130_raw_modes.csv
1.2,0.2,0.0052446994768968,assets/blumen_gep/supersonic_raw_spectrum_vs_blumen_a020_m120_130_raw_modes.csv
1.2,0.2,0.0040516465915663,assets/blumen_gep/supersonic_raw_spectrum_vs_blumen_a020_m120_130_raw_modes.csv
1.2,0.2,0.0050626774438136,assets/blumen_gep/supersonic_raw_spectrum_vs_blumen_a020_m120_130_raw_modes.csv
1.2,0.2,0.0041099833894915,assets/blumen_gep/supersonic_raw_spectrum_vs_blumen_a020_m120_130_raw_modes.csv
1.2,0.2,0.0048930621567285,assets/blumen_gep/supersonic_raw_spectrum_vs_blumen_a020_m120_130_raw_modes.csv
1.2,0.2,0.0041676990372208,assets/blumen_gep/supersonic_raw_spectrum_vs_blumen_a020_m120_130_raw_modes.csv
1.2,0.2,0.0047335707572806,assets/blumen_gep/supersonic_raw_spectrum_vs_blumen_a020_m120_130_raw_modes.csv
1.2,0.2,0.0042247818300986,assets/blumen_gep/supersonic_raw_spectrum_vs_blumen_a020_m120_130_raw_modes.csv
1.2,0.2,0.004582485410401,assets/blumen_gep/supersonic_raw_spectrum_vs_blumen_a020_m120_130_raw_modes.csv
1.2,0.2,0.0042812121289093,assets/blumen_gep/supersonic_raw_spectrum_vs_blumen_a020_m120_130_raw_modes.csv
1.2,0.2,0.0044384848981027,assets/blumen_gep/supersonic_raw_spectrum_vs_blumen_a020_m120_130_raw_modes.csv
1.2,0.2,0.0043369627612934,assets/blumen_gep/supersonic_raw_spectrum_vs_blumen_a020_m120_130_raw_modes.csv
1.2,0.2,0.0043005339091888,assets/blumen_gep/supersonic_raw_spectrum_vs_blumen_a020_m120_130_raw_modes.csv
1.2,0.2,0.0041678081372248,assets/blumen_gep/supersonic_raw_spectrum_vs_blumen_a020_m120_130_raw_modes.csv
1.2,0.2,0.0043919994320805,assets/blumen_gep/supersonic_raw_spectrum_vs_blumen_a020_m120_130_raw_modes.csv
1.2,0.2,0.0040396422812774,assets/blumen_gep/supersonic_raw_spectrum_vs_blumen_a020_m120_130_raw_modes.csv
1.2,0.2,0.0044462811649848,assets/blumen_gep/supersonic_raw_spectrum_vs_blumen_a020_m120_130_raw_modes.csv
1.2,0.2,0.0039154930920956,assets/blumen_gep/supersonic_raw_spectrum_vs_blumen_a020_m120_130_raw_modes.csv
1.2,0.2,0.0044997608021642,assets/blumen_gep/supersonic_raw_spectrum_vs_blumen_a020_m120_130_raw_modes.csv
1.2,0.2,0.0037949125878734,assets/blumen_gep/supersonic_raw_spectrum_vs_blumen_a020_m120_130_raw_modes.csv
1.2,0.2,0.0045523855843534,assets/blumen_gep/supersonic_raw_spectrum_vs_blumen_a020_m120_130_raw_modes.csv
1.2,0.2,0.0036775282448005,assets/blumen_gep/supersonic_raw_spectrum_vs_blumen_a020_m120_130_raw_modes.csv
1.2,0.2,0.0046040978358883,assets/blumen_gep/supersonic_raw_spectrum_vs_blumen_a020_m120_130_raw_modes.csv
1.2,0.2,0.0035630281385818,assets/blumen_gep/supersonic_raw_spectrum_vs_blumen_a020_m120_130_raw_modes.csv
1.2,0.2,0.0046548357750361,assets/blumen_gep/supersonic_raw_spectrum_vs_blumen_a020_m120_130_raw_modes.csv
1.2,0.2,0.0034511496011919,assets/blumen_gep/supersonic_raw_spectrum_vs_blumen_a020_m120_130_raw_modes.csv
1.2,0.2,0.004704534469234,assets/blumen_gep/supersonic_raw_spectrum_vs_blumen_a020_m120_130_raw_modes.csv
1.2,0.2,0.0033416704694713,assets/blumen_gep/supersonic_raw_spectrum_vs_blumen_a020_m120_130_raw_modes.csv
1.2,0.2,0.0047531269482305,assets/blumen_gep/supersonic_raw_spectrum_vs_blumen_a020_m120_130_raw_modes.csv
1.2,0.2,0.0032344022287947,assets/blumen_gep/supersonic_raw_spectrum_vs_blumen_a020_m120_130_raw_modes.csv
1.2,0.2,0.0048005454833712,assets/blumen_gep/supersonic_raw_spectrum_vs_blumen_a020_m120_130_raw_modes.csv
1.2,0.2,0.0031291845945799,assets/blumen_gep/supersonic_raw_spectrum_vs_blumen_a020_m120_130_raw_modes.csv
1.2,0.2,0.0030258811779597,assets/blumen_gep/supersonic_raw_spectrum_vs_blumen_a020_m120_130_raw_modes.csv
1.2,0.2,0.0048467230315674,assets/blumen_gep/supersonic_raw_spectrum_vs_blumen_a020_m120_130_raw_modes.csv
1.2,0.2,0.0029243759827592,assets/blumen_gep/supersonic_raw_spectrum_vs_blumen_a020_m120_130_raw_modes.csv
1.2,0.2,0.0048915948331802,assets/blumen_gep/supersonic_raw_spectrum_vs_blumen_a020_m120_130_raw_modes.csv
1.2,0.2,0.0028245705651805,assets/blumen_gep/supersonic_raw_spectrum_vs_blumen_a020_m120_130_raw_modes.csv
1.2,0.2,0.004935100142408,assets/blumen_gep/supersonic_raw_spectrum_vs_blumen_a020_m120_130_raw_modes.csv
1.2,0.2,0.0027263816882543,assets/blumen_gep/supersonic_raw_spectrum_vs_blumen_a020_m120_130_raw_modes.csv
1.2,0.2,0.0049771840551969,assets/blumen_gep/supersonic_raw_spectrum_vs_blumen_a020_m120_130_raw_modes.csv
1.2,0.2,0.0026297393708544,assets/blumen_gep/supersonic_raw_spectrum_vs_blumen_a020_m120_130_raw_modes.csv
1.2,0.2,0.0050177993899217,assets/blumen_gep/supersonic_raw_spectrum_vs_blumen_a020_m120_130_raw_modes.csv
1.2,0.2,0.0025345852731645,assets/blumen_gep/supersonic_raw_spectrum_vs_blumen_a020_m120_130_raw_modes.csv
1.2,0.2,0.0024408713241977,assets/blumen_gep/supersonic_raw_spectrum_vs_blumen_a020_m120_130_raw_modes.csv
1.2,0.2,0.0050569085658667,assets/blumen_gep/supersonic_raw_spectrum_vs_blumen_a020_m120_130_raw_modes.csv
1.2,0.2,0.002348558557186,assets/blumen_gep/supersonic_raw_spectrum_vs_blumen_a020_m120_130_raw_modes.csv
1.2,0.2,0.0050944854169248,assets/blumen_gep/supersonic_raw_spectrum_vs_blumen_a020_m120_130_raw_modes.csv
1.2,0.2,0.0022576161041504,assets/blumen_gep/supersonic_raw_spectrum_vs_blumen_a020_m120_130_raw_modes.csv
1.2,0.2,0.0051305168760119,assets/blumen_gep/supersonic_raw_spectrum_vs_blumen_a020_m120_130_raw_modes.csv
1.2,0.2,0.0021680203292434,assets/blumen_gep/supersonic_raw_spectrum_vs_blumen_a020_m120_130_raw_modes.csv
1.2,0.2,0.002079754062092,assets/blumen_gep/supersonic_raw_spectrum_vs_blumen_a020_m120_130_raw_modes.csv
1.2,0.2,0.0051650044685593,assets/blumen_gep/supersonic_raw_spectrum_vs_blumen_a020_m120_130_raw_modes.csv
1.2,0.2,0.0019928059153029,assets/blumen_gep/supersonic_raw_spectrum_vs_blumen_a020_m120_130_raw_modes.csv
1.2,0.2,0.0051979655612567,assets/blumen_gep/supersonic_raw_spectrum_vs_blumen_a020_m120_130_raw_modes.csv
1.2,0.2,0.0019071696707025,assets/blumen_gep/supersonic_raw_spectrum_vs_blumen_a020_m120_130_raw_modes.csv
1.2,0.2,0.0052294343251474,assets/blumen_gep/supersonic_raw_spectrum_vs_blumen_a020_m120_130_raw_modes.csv
1.2,0.2,0.1953412312449715,assets/blumen_gep/supersonic_raw_spectrum_vs_blumen_a020_m120_130_raw_modes.csv
1.2,0.2,0.001822843709033,assets/blumen_gep/supersonic_raw_spectrum_vs_blumen_a020_m120_130_raw_modes.csv
1.2,0.2,0.0017398304808889,assets/blumen_gep/supersonic_raw_spectrum_vs_blumen_a020_m120_130_raw_modes.csv
1.2,0.2,0.0052594623927839,assets/blumen_gep/supersonic_raw_spectrum_vs_blumen_a020_m120_130_raw_modes.csv
1.2,0.2,0.0016581359966475,assets/blumen_gep/supersonic_raw_spectrum_vs_blumen_a020_m120_130_raw_modes.csv
1.2,0.2,0.0052881192078077,assets/blumen_gep/supersonic_raw_spectrum_vs_blumen_a020_m120_130_raw_modes.csv
1.2,0.2,0.0015777693268095,assets/blumen_gep/supersonic_raw_spectrum_vs_blumen_a020_m120_130_raw_modes.csv
1.2,0.2,0.0014987421009424,assets/blumen_gep/supersonic_raw_spectrum_vs_blumen_a020_m120_130_raw_modes.csv
1.2,0.2,0.0053154920909423,assets/blumen_gep/supersonic_raw_spectrum_vs_blumen_a020_m120_130_raw_modes.csv
1.2,0.2,0.0014210679882063,assets/blumen_gep/supersonic_raw_spectrum_vs_blumen_a020_m120_130_raw_modes.csv
1.2,0.2,0.0053416860668164,assets/blumen_gep/supersonic_raw_spectrum_vs_blumen_a020_m120_130_raw_modes.csv
1.2,0.2,0.0013447621509623,assets/blumen_gep/supersonic_raw_spectrum_vs_blumen_a020_m120_130_raw_modes.csv
1.2,0.2,0.0012698406466939,assets/blumen_gep/supersonic_raw_spectrum_vs_blumen_a020_m120_130_raw_modes.csv
1.2,0.2,0.0053668235187969,assets/blumen_gep/supersonic_raw_spectrum_vs_blumen_a020_m120_130_raw_modes.csv
1.2,0.2,0.0011963197574146,assets/blumen_gep/supersonic_raw_spectrum_vs_blumen_a020_m120_130_raw_modes.csv
1.2,0.2,0.0011242152214774,assets/blumen_gep/supersonic_raw_spectrum_vs_blumen_a020_m120_130_raw_modes.csv
1.2,0.2,0.0053910437526388,assets/blumen_gep/supersonic_raw_spectrum_vs_blumen_a020_m120_130_raw_modes.csv
1.2,0.2,0.0010535413207787,assets/blumen_gep/supersonic_raw_spectrum_vs_blumen_a020_m120_130_raw_modes.csv
1.2,0.2,0.0054145025658051,assets/blumen_gep/supersonic_raw_spectrum_vs_blumen_a020_m120_130_raw_modes.csv
1.2,0.2,0.0009843097757524,assets/blumen_gep/supersonic_raw_spectrum_vs_blumen_a020_m120_130_raw_modes.csv
1.2,0.2,0.0009165283594821,assets/blumen_gep/supersonic_raw_spectrum_vs_blumen_a020_m120_130_raw_modes.csv
1.2,0.2,0.0054373719259558,assets/blumen_gep/supersonic_raw_spectrum_vs_blumen_a020_m120_130_raw_modes.csv
1.2,0.2,0.0008501991145893,assets/blumen_gep/supersonic_raw_spectrum_vs_blumen_a020_m120_130_raw_modes.csv
1.2,0.2,0.0007853159847078,assets/blumen_gep/supersonic_raw_spectrum_vs_blumen_a020_m120_130_raw_modes.csv
1.2,0.2,0.005459839871181,assets/blumen_gep/supersonic_raw_spectrum_vs_blumen_a020_m120_130_raw_modes.csv
1.2,0.2,0.0007218615677556,assets/blumen_gep/supersonic_raw_spectrum_vs_blumen_a020_m120_130_raw_modes.csv
1.2,0.2,0.0006598025030199,assets/blumen_gep/supersonic_raw_spectrum_vs_blumen_a020_m120_130_raw_modes.csv
1.2,0.2,0.0054821107468747,assets/blumen_gep/supersonic_raw_spectrum_vs_blumen_a020_m120_130_raw_modes.csv
1.2,0.2,0.0005990826508898,assets/blumen_gep/supersonic_raw_spectrum_vs_blumen_a020_m120_130_raw_modes.csv
1.2,0.2,0.0005396125708012,assets/blumen_gep/supersonic_raw_spectrum_vs_blumen_a020_m120_130_raw_modes.csv
1.2,0.2,0.0055044059033689,assets/blumen_gep/supersonic_raw_spectrum_vs_blumen_a020_m120_130_raw_modes.csv
1.2,0.2,0.0004812523997375,assets/blumen_gep/supersonic_raw_spectrum_vs_blumen_a020_m120_130_raw_modes.csv
1.2,0.2,0.0004237822189731,assets/blumen_gep/supersonic_raw_spectrum_vs_blumen_a020_m120_130_raw_modes.csv
1.2,0.2,0.0003668465880637,assets/blumen_gep/supersonic_raw_spectrum_vs_blumen_a020_m120_130_raw_modes.csv
1.2,0.2,0.0055269649894214,assets/blumen_gep/supersonic_raw_spectrum_vs_blumen_a020_m120_130_raw_modes.csv
1.2,0.2,0.0003098393773576,assets/blumen_gep/supersonic_raw_spectrum_vs_blumen_a020_m120_130_raw_modes.csv
1.2,0.2,0.0002516268757635,assets/blumen_gep/supersonic_raw_spectrum_vs_blumen_a020_m120_130_raw_modes.csv
1.2,0.2,0.0055500479942315,assets/blumen_gep/supersonic_raw_spectrum_vs_blumen_a020_m120_130_raw_modes.csv
1.2,0.2,0.0001897085328131,assets/blumen_gep/supersonic_raw_spectrum_vs_blumen_a020_m120_130_raw_modes.csv
1.2,0.2,0.0001161962613986,assets/blumen_gep/supersonic_raw_spectrum_vs_blumen_a020_m120_130_raw_modes.csv
1.2,0.2,1.1599371872681645e-13,assets/blumen_gep/supersonic_raw_spectrum_vs_blumen_a020_m120_130_raw_modes.csv
1.2,0.2,6.490410783876175e-14,assets/blumen_gep/supersonic_raw_spectrum_vs_blumen_a020_m120_130_raw_modes.csv
1.2,0.2,0.0055739382231412,assets/blumen_gep/supersonic_raw_spectrum_vs_blumen_a020_m120_130_raw_modes.csv
1.2,0.2,9.935021130148993e-14,assets/blumen_gep/supersonic_raw_spectrum_vs_blumen_a020_m120_130_raw_modes.csv
1.2,0.2,1.3400413848995657e-13,assets/blumen_gep/supersonic_raw_spectrum_vs_blumen_a020_m120_130_raw_modes.csv
1.2,0.2,0.005598946440149,assets/blumen_gep/supersonic_raw_spectrum_vs_blumen_a020_m120_130_raw_modes.csv
1.2,0.2,2.4785157747912977e-13,assets/blumen_gep/supersonic_raw_spectrum_vs_blumen_a020_m120_130_raw_modes.csv
1.2,0.2,3.668673178172301e-13,assets/blumen_gep/supersonic_raw_spectrum_vs_blumen_a020_m120_130_raw_modes.csv
1.2,0.2,4.819102681108543e-13,assets/blumen_gep/supersonic_raw_spectrum_vs_blumen_a020_m120_130_raw_modes.csv
1.2,0.2,5.902401198119482e-13,assets/blumen_gep/supersonic_raw_spectrum_vs_blumen_a020_m120_130_raw_modes.csv
1.2,0.2,6.978276744206823e-13,assets/blumen_gep/supersonic_raw_spectrum_vs_blumen_a020_m120_130_raw_modes.csv
1.2,0.2,0.0056254164864236,assets/blumen_gep/supersonic_raw_spectrum_vs_blumen_a020_m120_130_raw_modes.csv
1.2,0.2,7.87610722265647e-13,assets/blumen_gep/supersonic_raw_spectrum_vs_blumen_a020_m120_130_raw_modes.csv
1.2,0.2,8.583276796645346e-13,assets/blumen_gep/supersonic_raw_spectrum_vs_blumen_a020_m120_130_raw_modes.csv
1.2,0.2,9.558750732447907e-13,assets/blumen_gep/supersonic_raw_spectrum_vs_blumen_a020_m120_130_raw_modes.csv
1.2,0.2,1.1680730797054824e-12,assets/blumen_gep/supersonic_raw_spectrum_vs_blumen_a020_m120_130_raw_modes.csv
1.2,0.2,1.6961035967119634e-12,assets/blumen_gep/supersonic_raw_spectrum_vs_blumen_a020_m120_130_raw_modes.csv
1.2,0.2,2.8167721342339145e-12,assets/blumen_gep/supersonic_raw_spectrum_vs_blumen_a020_m120_130_raw_modes.csv
1.2,0.2,4.920349548567263e-12,assets/blumen_gep/supersonic_raw_spectrum_vs_blumen_a020_m120_130_raw_modes.csv
1.2,0.2,0.0056537327957802,assets/blumen_gep/supersonic_raw_spectrum_vs_blumen_a020_m120_130_raw_modes.csv
1.2,0.2,8.217499896192135e-12,assets/blumen_gep/supersonic_raw_spectrum_vs_blumen_a020_m120_130_raw_modes.csv
1.2,0.2,1.2780901632085218e-11,assets/blumen_gep/supersonic_raw_spectrum_vs_blumen_a020_m120_130_raw_modes.csv
1.2,0.2,1.3332520298863192e-11,assets/blumen_gep/supersonic_raw_spectrum_vs_blumen_a020_m120_130_raw_modes.csv
1.2,0.2,2.5116372858862996e-11,assets/blumen_gep/supersonic_raw_spectrum_vs_blumen_a020_m120_130_raw_modes.csv
1.2,0.2,3.1162718743419636e-11,assets/blumen_gep/supersonic_raw_spectrum_vs_blumen_a020_m120_130_raw_modes.csv
1.2,0.2,3.584783675891104e-11,assets/blumen_gep/supersonic_raw_spectrum_vs_blumen_a020_m120_130_raw_modes.csv
1.2,0.2,3.8431238346578997e-11,assets/blumen_gep/supersonic_raw_spectrum_vs_blumen_a020_m120_130_raw_modes.csv
1.2,0.2,3.835610309552239e-11,assets/blumen_gep/supersonic_raw_spectrum_vs_blumen_a020_m120_130_raw_modes.csv
1.2,0.2,3.5776585892536487e-11,assets/blumen_gep/supersonic_raw_spectrum_vs_blumen_a020_m120_130_raw_modes.csv
1.2,0.2,3.1173028393557236e-11,assets/blumen_gep/supersonic_raw_spectrum_vs_blumen_a020_m120_130_raw_modes.csv
1.2,0.2,2.542158040818628e-11,assets/blumen_gep/supersonic_raw_spectrum_vs_blumen_a020_m120_130_raw_modes.csv
1.2,0.2,1.918287053913371e-11,assets/blumen_gep/supersonic_raw_spectrum_vs_blumen_a020_m120_130_raw_modes.csv
1.2,0.2,1.3363713917498288e-11,assets/blumen_gep/supersonic_raw_spectrum_vs_blumen_a020_m120_130_raw_modes.csv
1.2,0.2,8.445797772499046e-12,assets/blumen_gep/supersonic_raw_spectrum_vs_blumen_a020_m120_130_raw_modes.csv
1.2,0.2,4.361251716399527e-12,assets/blumen_gep/supersonic_raw_spectrum_vs_blumen_a020_m120_130_raw_modes.csv
1.2,0.2,1.343964274557496e-12,assets/blumen_gep/supersonic_raw_spectrum_vs_blumen_a020_m120_130_raw_modes.csv
1.2,0.2,1.046804408970703e-12,assets/blumen_gep/supersonic_raw_spectrum_vs_blumen_a020_m120_130_raw_modes.csv
1.2,0.2,2.037199559675637e-12,assets/blumen_gep/supersonic_raw_spectrum_vs_blumen_a020_m120_130_raw_modes.csv
1.2,0.2,2.140427851773982e-12,assets/blumen_gep/supersonic_raw_spectrum_vs_blumen_a020_m120_130_raw_modes.csv
1.2,0.2,2.680186801223078e-12,assets/blumen_gep/supersonic_raw_spectrum_vs_blumen_a020_m120_130_raw_modes.csv
1.2,0.2,1.600273065398419e-12,assets/blumen_gep/supersonic_raw_spectrum_vs_blumen_a020_m120_130_raw_modes.csv
1.2,0.2,1.4397240949499089e-12,assets/blumen_gep/supersonic_raw_spectrum_vs_blumen_a020_m120_130_raw_modes.csv
1.2,0.2,1.3846609125844209e-12,assets/blumen_gep/supersonic_raw_spectrum_vs_blumen_a020_m120_130_raw_modes.csv
1.2,0.2,1.2259411094522772e-12,assets/blumen_gep/supersonic_raw_spectrum_vs_blumen_a020_m120_130_raw_modes.csv
1.2,0.2,7.11823257515436e-13,assets/blumen_gep/supersonic_raw_spectrum_vs_blumen_a020_m120_130_raw_modes.csv
1.2,0.2,0.0056843303978333,assets/blumen_gep/supersonic_raw_spectrum_vs_blumen_a020_m120_130_raw_modes.csv
1.2,0.2,0.0057177082542725,assets/blumen_gep/supersonic_raw_spectrum_vs_blumen_a020_m120_130_raw_modes.csv
1.2,0.2,0.0057544471610232,assets/blumen_gep/supersonic_raw_spectrum_vs_blumen_a020_m120_130_raw_modes.csv
1.2,0.2,0.0057952340505764,assets/blumen_gep/supersonic_raw_spectrum_vs_blumen_a020_m120_130_raw_modes.csv
1.2,0.2,0.005840895479101,assets/blumen_gep/supersonic_raw_spectrum_vs_blumen_a020_m120_130_raw_modes.csv
1.2,0.2,0.00589244462338,assets/blumen_gep/supersonic_raw_spectrum_vs_blumen_a020_m120_130_raw_modes.csv
1.2,0.2,0.0059511486802196,assets/blumen_gep/supersonic_raw_spectrum_vs_blumen_a020_m120_130_raw_modes.csv
1.2,0.2,0.006018627954483,assets/blumen_gep/supersonic_raw_spectrum_vs_blumen_a020_m120_130_raw_modes.csv
1.2,0.2,0.006097005676355,assets/blumen_gep/supersonic_raw_spectrum_vs_blumen_a020_m120_130_raw_modes.csv
1.2,0.2,0.0061891416411666,assets/blumen_gep/supersonic_raw_spectrum_vs_blumen_a020_m120_130_raw_modes.csv
1.2,0.2,0.0062990086388364,assets/blumen_gep/supersonic_raw_spectrum_vs_blumen_a020_m120_130_raw_modes.csv
1.2,0.2,0.0064323173271715,assets/blumen_gep/supersonic_raw_spectrum_vs_blumen_a020_m120_130_raw_modes.csv
1.2,0.2,0.006597566405785,assets/blumen_gep/supersonic_raw_spectrum_vs_blumen_a020_m120_130_raw_modes.csv
1.2,0.2,0.0068076953646869,assets/blumen_gep/supersonic_raw_spectrum_vs_blumen_a020_m120_130_raw_modes.csv
1.2,0.2,0.0070814746281308,assets/blumen_gep/supersonic_raw_spectrum_vs_blumen_a020_m120_130_raw_modes.csv
1.2,0.2,0.0074337757385034,assets/blumen_gep/supersonic_raw_spectrum_vs_blumen_a020_m120_130_raw_modes.csv
1.2,0.2,0.0077863873538668,assets/blumen_gep/supersonic_raw_spectrum_vs_blumen_a020_m120_130_raw_modes.csv
1.2,0.2,0.0077988218631023,assets/blumen_gep/supersonic_raw_spectrum_vs_blumen_a020_m120_130_raw_modes.csv
1.2,0.2,0.0073865879000705,assets/blumen_gep/supersonic_raw_spectrum_vs_blumen_a020_m120_130_raw_modes.csv
1.2,0.2,0.0069116728666221,assets/blumen_gep/supersonic_raw_spectrum_vs_blumen_a020_m120_130_raw_modes.csv
1.2,0.2,0.0065122440453319,assets/blumen_gep/supersonic_raw_spectrum_vs_blumen_a020_m120_130_raw_modes.csv
1.2,0.2,0.0061827174245515,assets/blumen_gep/supersonic_raw_spectrum_vs_blumen_a020_m120_130_raw_modes.csv
1.2,0.2,0.0059033295335972,assets/blumen_gep/supersonic_raw_spectrum_vs_blumen_a020_m120_130_raw_modes.csv
1.2,0.2,0.0056596702478897,assets/blumen_gep/supersonic_raw_spectrum_vs_blumen_a020_m120_130_raw_modes.csv
1.2,0.2,0.0054422404480371,assets/blumen_gep/supersonic_raw_spectrum_vs_blumen_a020_m120_130_raw_modes.csv
1.2,0.2,0.0052446994727629,assets/blumen_gep/supersonic_raw_spectrum_vs_blumen_a020_m120_130_raw_modes.csv
1.2,0.2,0.0050626774389294,assets/blumen_gep/supersonic_raw_spectrum_vs_blumen_a020_m120_130_raw_modes.csv
1.2,0.2,0.004893062151647,assets/blumen_gep/supersonic_raw_spectrum_vs_blumen_a020_m120_130_raw_modes.csv
1.2,0.2,0.0047335707520438,assets/blumen_gep/supersonic_raw_spectrum_vs_blumen_a020_m120_130_raw_modes.csv
1.2,0.2,0.0045824854051013,assets/blumen_gep/supersonic_raw_spectrum_vs_blumen_a020_m120_130_raw_modes.csv
1.2,0.2,0.0044384848926999,assets/blumen_gep/supersonic_raw_spectrum_vs_blumen_a020_m120_130_raw_modes.csv
1.2,0.2,0.0043005339033901,assets/blumen_gep/supersonic_raw_spectrum_vs_blumen_a020_m120_130_raw_modes.csv
1.2,0.2,0.0041678081314261,assets/blumen_gep/supersonic_raw_spectrum_vs_blumen_a020_m120_130_raw_modes.csv
1.2,0.2,0.0040396422743438,assets/blumen_gep/supersonic_raw_spectrum_vs_blumen_a020_m120_130_raw_modes.csv
1.2,0.2,0.0039154930862457,assets/blumen_gep/supersonic_raw_spectrum_vs_blumen_a020_m120_130_raw_modes.csv
1.2,0.2,0.0037949125815976,assets/blumen_gep/supersonic_raw_spectrum_vs_blumen_a020_m120_130_raw_modes.csv
1.2,0.2,0.0036775282388714,assets/blumen_gep/supersonic_raw_spectrum_vs_blumen_a020_m120_130_raw_modes.csv
1.2,0.2,0.0035630281316358,assets/blumen_gep/supersonic_raw_spectrum_vs_blumen_a020_m120_130_raw_modes.csv
1.2,0.2,0.0034511495941869,assets/blumen_gep/supersonic_raw_spectrum_vs_blumen_a020_m120_130_raw_modes.csv
1.2,0.2,0.0033416704622898,assets/blumen_gep/supersonic_raw_spectrum_vs_blumen_a020_m120_130_raw_modes.csv
1.2,0.2,0.0032344022214594,assets/blumen_gep/supersonic_raw_spectrum_vs_blumen_a020_m120_130_raw_modes.csv
1.2,0.2,0.0031291845866816,assets/blumen_gep/supersonic_raw_spectrum_vs_blumen_a020_m120_130_raw_modes.csv
1.2,0.2,0.0030258811681326,assets/blumen_gep/supersonic_raw_spectrum_vs_blumen_a020_m120_130_raw_modes.csv
1.2,0.2,0.0029243759737398,assets/blumen_gep/supersonic_raw_spectrum_vs_blumen_a020_m120_130_raw_modes.csv
1.2,0.2,0.0028245705581715,assets/blumen_gep/supersonic_raw_spectrum_vs_blumen_a020_m120_130_raw_modes.csv
1.2,0.2,0.0027263816807763,assets/blumen_gep/supersonic_raw_spectrum_vs_blumen_a020_m120_130_raw_modes.csv
1.2,0.2,0.002629739363148,assets/blumen_gep/supersonic_raw_spectrum_vs_blumen_a020_m120_130_raw_modes.csv
1.2,0.2,0.0025345852655379,assets/blumen_gep/supersonic_raw_spectrum_vs_blumen_a020_m120_130_raw_modes.csv
1.2,0.2,0.0024408713170143,assets/blumen_gep/supersonic_raw_spectrum_vs_blumen_a020_m120_130_raw_modes.csv
1.2,0.2,0.0023485585497264,assets/blumen_gep/supersonic_raw_spectrum_vs_blumen_a020_m120_130_raw_modes.csv
1.2,0.2,0.0022576160968623,assets/blumen_gep/supersonic_raw_spectrum_vs_blumen_a020_m120_130_raw_modes.csv
1.2,0.2,0.0021680203222327,assets/blumen_gep/supersonic_raw_spectrum_vs_blumen_a020_m120_130_raw_modes.csv
1.2,0.2,0.0020797540550598,assets/blumen_gep/supersonic_raw_spectrum_vs_blumen_a020_m120_130_raw_modes.csv
1.2,0.2,0.0019928059086751,assets/blumen_gep/supersonic_raw_spectrum_vs_blumen_a020_m120_130_raw_modes.csv
1.2,0.2,0.0019071696639193,assets/blumen_gep/supersonic_raw_spectrum_vs_blumen_a020_m120_130_raw_modes.csv
1.2,0.2,0.0018228437023919,assets/blumen_gep/supersonic_raw_spectrum_vs_blumen_a020_m120_130_raw_modes.csv
1.2,0.2,0.0017398304743968,assets/blumen_gep/supersonic_raw_spectrum_vs_blumen_a020_m120_130_raw_modes.csv
1.2,0.2,0.0016581359901632,assets/blumen_gep/supersonic_raw_spectrum_vs_blumen_a020_m120_130_raw_modes.csv
1.2,0.2,0.0015777693202297,assets/blumen_gep/supersonic_raw_spectrum_vs_blumen_a020_m120_130_raw_modes.csv
1.2,0.2,0.00149874209402,assets/blumen_gep/supersonic_raw_spectrum_vs_blumen_a020_m120_130_raw_modes.csv
1.2,0.2,0.0014210679815092,assets/blumen_gep/supersonic_raw_spectrum_vs_blumen_a020_m120_130_raw_modes.csv
1.2,0.2,0.0013447621448222,assets/blumen_gep/supersonic_raw_spectrum_vs_blumen_a020_m120_130_raw_modes.csv
1.2,0.2,0.0012698406401475,assets/blumen_gep/supersonic_raw_spectrum_vs_blumen_a020_m120_130_raw_modes.csv
1.2,0.2,0.0011963197479522,assets/blumen_gep/supersonic_raw_spectrum_vs_blumen_a020_m120_130_raw_modes.csv
1.2,0.2,0.0011242152157889,assets/blumen_gep/supersonic_raw_spectrum_vs_blumen_a020_m120_130_raw_modes.csv
1.2,0.2,0.0010535413151639,assets/blumen_gep/supersonic_raw_spectrum_vs_blumen_a020_m120_130_raw_modes.csv
1.2,0.2,0.0009843097702159,assets/blumen_gep/supersonic_raw_spectrum_vs_blumen_a020_m120_130_raw_modes.csv
1.2,0.2,0.0009165283575234,assets/blumen_gep/supersonic_raw_spectrum_vs_blumen_a020_m120_130_raw_modes.csv
1.2,0.2,0.0008501991055897,assets/blumen_gep/supersonic_raw_spectrum_vs_blumen_a020_m120_130_raw_modes.csv
1.2,0.2,0.0007853159826493,assets/blumen_gep/supersonic_raw_spectrum_vs_blumen_a020_m120_130_raw_modes.csv
1.2,0.2,0.0007218615590865,assets/blumen_gep/supersonic_raw_spectrum_vs_blumen_a020_m120_130_raw_modes.csv
1.2,0.2,0.0006598025077058,assets/blumen_gep/supersonic_raw_spectrum_vs_blumen_a020_m120_130_raw_modes.csv
1.2,0.2,0.0005990826479178,assets/blumen_gep/supersonic_raw_spectrum_vs_blumen_a020_m120_130_raw_modes.csv
1.2,0.2,0.0005396125667014,assets/blumen_gep/supersonic_raw_spectrum_vs_blumen_a020_m120_130_raw_modes.csv
1.2,0.2,0.0004812523937028,assets/blumen_gep/supersonic_raw_spectrum_vs_blumen_a020_m120_130_raw_modes.csv
1.2,0.2,0.0004237822145009,assets/blumen_gep/supersonic_raw_spectrum_vs_blumen_a020_m120_130_raw_modes.csv
1.2,0.2,0.0003668465848319,assets/blumen_gep/supersonic_raw_spectrum_vs_blumen_a020_m120_130_raw_modes.csv
1.2,0.2,0.0003098393736276,assets/blumen_gep/supersonic_raw_spectrum_vs_blumen_a020_m120_130_raw_modes.csv
1.2,0.2,0.0002516268698715,assets/blumen_gep/supersonic_raw_spectrum_vs_blumen_a020_m120_130_raw_modes.csv
1.2,0.2,0.0001897085231941,assets/blumen_gep/supersonic_raw_spectrum_vs_blumen_a020_m120_130_raw_modes.csv
1.2,0.2,0.0001161962467588,assets/blumen_gep/supersonic_raw_spectrum_vs_blumen_a020_m120_130_raw_modes.csv
1.2,0.2,3.752045976472652e-15,assets/blumen_gep/supersonic_raw_spectrum_vs_blumen_a020_m120_130_raw_modes.csv
1.2,0.2,1.1190451488726184e-15,assets/blumen_gep/supersonic_raw_spectrum_vs_blumen_a020_m120_130_raw_modes.csv
1.2,0.2,2.4622547385450984e-15,assets/blumen_gep/supersonic_raw_spectrum_vs_blumen_a020_m120_130_raw_modes.csv
1.2,0.2,3.043302674839413e-15,assets/blumen_gep/supersonic_raw_spectrum_vs_blumen_a020_m120_130_raw_modes.csv
1.2,0.2,1.6993710465763926e-15,assets/blumen_gep/supersonic_raw_spectrum_vs_blumen_a020_m120_130_raw_modes.csv
1.2,0.2,1.0669700108458854e-15,assets/blumen_gep/supersonic_raw_spectrum_vs_blumen_a020_m120_130_raw_modes.csv
1.2,0.2,2.473127399648528e-15,assets/blumen_gep/supersonic_raw_spectrum_vs_blumen_a020_m120_130_raw_modes.csv
1.2,0.2,1.2438532388086422e-15,assets/blumen_gep/supersonic_raw_spectrum_vs_blumen_a020_m120_130_raw_modes.csv
1.2,0.2,9.708122278444596e-16,assets/blumen_gep/supersonic_raw_spectrum_vs_blumen_a020_m120_130_raw_modes.csv
1.2,0.2,1.152837012458262e-15,assets/blumen_gep/supersonic_raw_spectrum_vs_blumen_a020_m120_130_raw_modes.csv
1.2,0.2,5.832979898730286e-16,assets/blumen_gep/supersonic_raw_spectrum_vs_blumen_a020_m120_130_raw_modes.csv
1.2,0.2,1.0210044231246629e-15,assets/blumen_gep/supersonic_raw_spectrum_vs_blumen_a020_m120_130_raw_modes.csv
1.2,0.2,6.847555527404005e-16,assets/blumen_gep/supersonic_raw_spectrum_vs_blumen_a020_m120_130_raw_modes.csv
1.2,0.2,7.482359953251962e-16,assets/blumen_gep/supersonic_raw_spectrum_vs_blumen_a020_m120_130_raw_modes.csv
1.2,0.2,1.0866668652581107e-16,assets/blumen_gep/supersonic_raw_spectrum_vs_blumen_a020_m120_130_raw_modes.csv
1.2,0.2,7.036679142365422e-16,assets/blumen_gep/supersonic_raw_spectrum_vs_blumen_a020_m120_130_raw_modes.csv
1.2,0.2,1.997858950851718e-15,assets/blumen_gep/supersonic_raw_spectrum_vs_blumen_a020_m120_130_raw_modes.csv
1.2,0.2,4.36872951029965e-15,assets/blumen_gep/supersonic_raw_spectrum_vs_blumen_a020_m120_130_raw_modes.csv
1.2,0.2,2.9415106314283307e-15,assets/blumen_gep/supersonic_raw_spectrum_vs_blumen_a020_m120_130_raw_modes.csv
1.2,0.2,2.2019801590832978e-15,assets/blumen_gep/supersonic_raw_spectrum_vs_blumen_a020_m120_130_raw_modes.csv
1.2,0.2,2.0956320669044322e-16,assets/blumen_gep/supersonic_raw_spectrum_vs_blumen_a020_m120_130_raw_modes.csv
1.2,0.2,5.48101584971198e-16,assets/blumen_gep/supersonic_raw_spectrum_vs_blumen_a020_m120_130_raw_modes.csv
1.2,0.2,2.5054388300608478e-15,assets/blumen_gep/supersonic_raw_spectrum_vs_blumen_a020_m120_130_raw_modes.csv
1.2,0.2,2.3267268890540106e-15,assets/blumen_gep/supersonic_raw_spectrum_vs_blumen_a020_m120_130_raw_modes.csv
1.2,0.2,1.506856851502777e-15,assets/blumen_gep/supersonic_raw_spectrum_vs_blumen_a020_m120_130_raw_modes.csv
1.2,0.2,2.7396417954080704e-15,assets/blumen_gep/supersonic_raw_spectrum_vs_blumen_a020_m120_130_raw_modes.csv
1.2,0.2,1.5497390524033529e-15,assets/blumen_gep/supersonic_raw_spectrum_vs_blumen_a020_m120_130_raw_modes.csv
1.2,0.2,3.6666166181830365e-16,assets/blumen_gep/supersonic_raw_spectrum_vs_blumen_a020_m120_130_raw_modes.csv
1.2,0.2,3.1047423877954746e-15,assets/blumen_gep/supersonic_raw_spectrum_vs_blumen_a020_m120_130_raw_modes.csv
1.2,0.2,2.278384323874427e-15,assets/blumen_gep/supersonic_raw_spectrum_vs_blumen_a020_m120_130_raw_modes.csv
1.2,0.2,3.040447105561886e-15,assets/blumen_gep/supersonic_raw_spectrum_vs_blumen_a020_m120_130_raw_modes.csv
1.2,0.2,3.066268658263937e-15,assets/blumen_gep/supersonic_raw_spectrum_vs_blumen_a020_m120_130_raw_modes.csv
1.2,0.2,4.7290603195435646e-15,assets/blumen_gep/supersonic_raw_spectrum_vs_blumen_a020_m120_130_raw_modes.csv
1.2,0.2,8.366102553150016e-15,assets/blumen_gep/supersonic_raw_spectrum_vs_blumen_a020_m120_130_raw_modes.csv
1.2,0.2,4.839886724087253e-15,assets/blumen_gep/supersonic_raw_spectrum_vs_blumen_a020_m120_130_raw_modes.csv
1.2,0.2,1.201774268466611e-14,assets/blumen_gep/supersonic_raw_spectrum_vs_blumen_a020_m120_130_raw_modes.csv
1.2,0.2,1.0834878454989153e-14,assets/blumen_gep/supersonic_raw_spectrum_vs_blumen_a020_m120_130_raw_modes.csv
1.2,0.2,3.193626515091923e-14,assets/blumen_gep/supersonic_raw_spectrum_vs_blumen_a020_m120_130_raw_modes.csv
1.2,0.2,4.7302450075727723e-14,assets/blumen_gep/supersonic_raw_spectrum_vs_blumen_a020_m120_130_raw_modes.csv
1.2,0.2,3.056820591129828e-14,assets/blumen_gep/supersonic_raw_spectrum_vs_blumen_a020_m120_130_raw_modes.csv
1.2,0.2,1.2358767384414161e-14,assets/blumen_gep/supersonic_raw_spectrum_vs_blumen_a020_m120_130_raw_modes.csv
1.2,0.2,4.5139006627973706e-12,assets/blumen_gep/supersonic_raw_spectrum_vs_blumen_a020_m120_130_raw_modes.csv
1.2,0.2,4.60349553563515e-13,assets/blumen_gep/supersonic_raw_spectrum_vs_blumen_a020_m120_130_raw_modes.csv
1.2,0.2,4.358763761984841e-15,assets/blumen_gep/supersonic_raw_spectrum_vs_blumen_a020_m120_130_raw_modes.csv
1.2,0.2,1.1234165637165814e-16,assets/blumen_gep/supersonic_raw_spectrum_vs_blumen_a020_m120_130_raw_modes.csv
1.2,0.2,3.988384308588335e-18,assets/blumen_gep/supersonic_raw_spectrum_vs_blumen_a020_m120_130_raw_modes.csv
1.2,0.2,2.1443441822595835e-12,assets/blumen_gep/supersonic_raw_spectrum_vs_blumen_a020_m120_130_raw_modes.csv
1.2,0.2,2.5003706808865215e-14,assets/blumen_gep/supersonic_raw_spectrum_vs_blumen_a020_m120_130_raw_modes.csv
1.2,0.2,2.6648655831556823e-16,assets/blumen_gep/supersonic_raw_spectrum_vs_blumen_a020_m120_130_raw_modes.csv
1.2,0.2,4.183574554298646e-13,assets/blumen_gep/supersonic_raw_spectrum_vs_blumen_a020_m120_130_raw_modes.csv
1.2,0.2,1.509642478777998e-16,assets/blumen_gep/supersonic_raw_spectrum_vs_blumen_a020_m120_130_raw_modes.csv
1.2,0.2,2.6148007054821144e-14,assets/blumen_gep/supersonic_raw_spectrum_vs_blumen_a020_m120_130_raw_modes.csv
1.2,0.2,2.286139517962615e-18,assets/blumen_gep/supersonic_raw_spectrum_vs_blumen_a020_m120_130_raw_modes.csv
1.2,0.2,1.2578877183820846e-16,assets/blumen_gep/supersonic_raw_spectrum_vs_blumen_a020_m120_130_raw_modes.csv
1.2,0.2,5.0789904912536215e-18,assets/blumen_gep/supersonic_raw_spectrum_vs_blumen_a020_m120_130_raw_modes.csv
1.2,0.2,4.118349591352456e-17,assets/blumen_gep/supersonic_raw_spectrum_vs_blumen_a020_m120_130_raw_modes.csv
1.2,0.2,1.0038014229797744e-14,assets/blumen_gep/supersonic_raw_spectrum_vs_blumen_a020_m120_130_raw_modes.csv
1.2,0.2,1.9404156897330927e-16,assets/blumen_gep/supersonic_raw_spectrum_vs_blumen_a020_m120_130_raw_modes.csv
1.2,0.2,1.2197104915124685e-17,assets/blumen_gep/supersonic_raw_spectrum_vs_blumen_a020_m120_130_raw_modes.csv
1.2,0.2,1.7858763603623974e-16,assets/blumen_gep/supersonic_raw_spectrum_vs_blumen_a020_m120_130_raw_modes.csv
1.2,0.2,2.80588079514516e-15,assets/blumen_gep/supersonic_raw_spectrum_vs_blumen_a020_m120_130_raw_modes.csv
1.2,0.2,1.375772517623741e-17,assets/blumen_gep/supersonic_raw_spectrum_vs_blumen_a020_m120_130_raw_modes.csv
1.2,0.2,3.5626874266436523e-16,assets/blumen_gep/supersonic_raw_spectrum_vs_blumen_a020_m120_130_raw_modes.csv
1.2,0.2,2.1933876767798836e-17,assets/blumen_gep/supersonic_raw_spectrum_vs_blumen_a020_m120_130_raw_modes.csv
1.2,0.2,4.770790240962887e-17,assets/blumen_gep/supersonic_raw_spectrum_vs_blumen_a020_m120_130_raw_modes.csv
1.2,0.2,4.430736336695309e-17,assets/blumen_gep/supersonic_raw_spectrum_vs_blumen_a020_m120_130_raw_modes.csv
1.2,0.2,0.0033324560649731,assets/blumen_gep/supersonic_raw_spectrum_vs_blumen_a020_m120_130_raw_modes.csv
1.2,0.2,0.0028502289819085,assets/blumen_gep/supersonic_raw_spectrum_vs_blumen_a020_m120_130_raw_modes.csv
1.2,0.2,0.0033671094862993,assets/blumen_gep/supersonic_raw_spectrum_vs_blumen_a020_m120_130_raw_modes.csv
1.2,0.2,0.0028107518561595,assets/blumen_gep/supersonic_raw_spectrum_vs_blumen_a020_m120_130_raw_modes.csv
1.2,0.2,0.0034013546192264,assets/blumen_gep/supersonic_raw_spectrum_vs_blumen_a020_m120_130_raw_modes.csv
1.2,0.2,0.0027708819024241,assets/blumen_gep/supersonic_raw_spectrum_vs_blumen_a020_m120_130_raw_modes.csv
1.2,0.2,0.0034351710179942,assets/blumen_gep/supersonic_raw_spectrum_vs_blumen_a020_m120_130_raw_modes.csv
1.2,0.2,0.0027305938923541,assets/blumen_gep/supersonic_raw_spectrum_vs_blumen_a020_m120_130_raw_modes.csv
1.2,0.2,0.0034685366123252,assets/blumen_gep/supersonic_raw_spectrum_vs_blumen_a020_m120_130_raw_modes.csv
1.2,0.2,0.0026898579538617,assets/blumen_gep/supersonic_raw_spectrum_vs_blumen_a020_m120_130_raw_modes.csv
1.2,0.2,0.0035014279017089,assets/blumen_gep/supersonic_raw_spectrum_vs_blumen_a020_m120_130_raw_modes.csv
1.2,0.2,0.0026486391099039,assets/blumen_gep/supersonic_raw_spectrum_vs_blumen_a020_m120_130_raw_modes.csv
1.2,0.2,0.0035338201855454,assets/blumen_gep/supersonic_raw_spectrum_vs_blumen_a020_m120_130_raw_modes.csv
1.2,0.2,0.0026068967731752,assets/blumen_gep/supersonic_raw_spectrum_vs_blumen_a020_m120_130_raw_modes.csv
1.2,0.2,0.0035656878213348,assets/blumen_gep/supersonic_raw_spectrum_vs_blumen_a020_m120_130_raw_modes.csv
1.2,0.2,0.0025645841084417,assets/blumen_gep/supersonic_raw_spectrum_vs_blumen_a020_m120_130_raw_modes.csv
1.2,0.2,0.0035970045142415,assets/blumen_gep/supersonic_raw_spectrum_vs_blumen_a020_m120_130_raw_modes.csv
1.2,0.2,0.0025216473035869,assets/blumen_gep/supersonic_raw_spectrum_vs_blumen_a020_m120_130_raw_modes.csv
1.2,0.2,0.0036277436420556,assets/blumen_gep/supersonic_raw_spectrum_vs_blumen_a020_m120_130_raw_modes.csv
1.2,0.2,0.0024780246697016,assets/blumen_gep/supersonic_raw_spectrum_vs_blumen_a020_m120_130_raw_modes.csv
1.2,0.2,0.0036578786059133,assets/blumen_gep/supersonic_raw_spectrum_vs_blumen_a020_m120_130_raw_modes.csv
1.2,0.2,0.002433645581128,assets/blumen_gep/supersonic_raw_spectrum_vs_blumen_a020_m120_130_raw_modes.csv
1.2,0.2,0.0036873832253539,assets/blumen_gep/supersonic_raw_spectrum_vs_blumen_a020_m120_130_raw_modes.csv
1.2,0.2,0.0023884291731263,assets/blumen_gep/supersonic_raw_spectrum_vs_blumen_a020_m120_130_raw_modes.csv
1.2,0.2,0.0037162321500178,assets/blumen_gep/supersonic_raw_spectrum_vs_blumen_a020_m120_130_raw_modes.csv
1.2,0.2,0.0023422827759667,assets/blumen_gep/supersonic_raw_spectrum_vs_blumen_a020_m120_130_raw_modes.csv
1.2,0.2,0.003744401307863,assets/blumen_gep/supersonic_raw_spectrum_vs_blumen_a020_m120_130_raw_modes.csv
1.2,0.2,0.0022950999745798,assets/blumen_gep/supersonic_raw_spectrum_vs_blumen_a020_m120_130_raw_modes.csv
1.2,0.2,0.0037718683644508,assets/blumen_gep/supersonic_raw_spectrum_vs_blumen_a020_m120_130_raw_modes.csv
1.2,0.2,0.0022467582385063,assets/blumen_gep/supersonic_raw_spectrum_vs_blumen_a020_m120_130_raw_modes.csv
1.2,0.2,0.0037986132025519,assets/blumen_gep/supersonic_raw_spectrum_vs_blumen_a020_m120_130_raw_modes.csv
1.2,0.2,0.0021971159319722,assets/blumen_gep/supersonic_raw_spectrum_vs_blumen_a020_m120_130_raw_modes.csv
1.2,0.2,0.0038246184013577,assets/blumen_gep/supersonic_raw_spectrum_vs_blumen_a020_m120_130_raw_modes.csv
1.2,0.2,0.0021460086005298,assets/blumen_gep/supersonic_raw_spectrum_vs_blumen_a020_m120_130_raw_modes.csv
1.2,0.2,0.0038498697164146,assets/blumen_gep/supersonic_raw_spectrum_vs_blumen_a020_m120_130_raw_modes.csv
1.2,0.2,0.0020932441806502,assets/blumen_gep/supersonic_raw_spectrum_vs_blumen_a020_m120_130_raw_modes.csv
1.2,0.2,0.0038743565411592,assets/blumen_gep/supersonic_raw_spectrum_vs_blumen_a020_m120_130_raw_modes.csv
1.2,0.2,0.0020385968982706,assets/blumen_gep/supersonic_raw_spectrum_vs_blumen_a020_m120_130_raw_modes.csv
1.2,0.2,0.0038980723469049,assets/blumen_gep/supersonic_raw_spectrum_vs_blumen_a020_m120_130_raw_modes.csv
1.2,0.2,0.0019817992194611,assets/blumen_gep/supersonic_raw_spectrum_vs_blumen_a020_m120_130_raw_modes.csv
1.2,0.2,0.003921015087028,assets/blumen_gep/supersonic_raw_spectrum_vs_blumen_a020_m120_130_raw_modes.csv
1.2,0.2,0.0019225312134309,assets/blumen_gep/supersonic_raw_spectrum_vs_blumen_a020_m120_130_raw_modes.csv
1.2,0.2,0.0039431875589249,assets/blumen_gep/supersonic_raw_spectrum_vs_blumen_a020_m120_130_raw_modes.csv
1.2,0.2,0.0018604061189329,assets/blumen_gep/supersonic_raw_spectrum_vs_blumen_a020_m120_130_raw_modes.csv
1.2,0.2,0.0039645977133085,assets/blumen_gep/supersonic_raw_spectrum_vs_blumen_a020_m120_130_raw_modes.csv
1.2,0.2,0.0017949503883257,assets/blumen_gep/supersonic_raw_spectrum_vs_blumen_a020_m120_130_raw_modes.csv
1.2,0.2,0.0039852589104638,assets/blumen_gep/supersonic_raw_spectrum_vs_blumen_a020_m120_130_raw_modes.csv
1.2,0.2,0.0017255754270722,assets/blumen_gep/supersonic_raw_spectrum_vs_blumen_a020_m120_130_raw_modes.csv
1.2,0.2,0.0040051901084232,assets/blumen_gep/supersonic_raw_spectrum_vs_blumen_a020_m120_130_raw_modes.csv
1.2,0.2,0.0016515362365458,assets/blumen_gep/supersonic_raw_spectrum_vs_blumen_a020_m120_130_raw_modes.csv
1.2,0.2,0.004024416000654,assets/blumen_gep/supersonic_raw_spectrum_vs_blumen_a020_m120_130_raw_modes.csv
1.2,0.2,0.001571869010061,assets/blumen_gep/supersonic_raw_spectrum_vs_blumen_a020_m120_130_raw_modes.csv
1.2,0.2,0.0040429670887599,assets/blumen_gep/supersonic_raw_spectrum_vs_blumen_a020_m120_130_raw_modes.csv
1.2,0.2,0.0014852924167423,assets/blumen_gep/supersonic_raw_spectrum_vs_blumen_a020_m120_130_raw_modes.csv
1.2,0.2,0.0040608797021278,assets/blumen_gep/supersonic_raw_spectrum_vs_blumen_a020_m120_130_raw_modes.csv
1.2,0.2,0.001390043304198,assets/blumen_gep/supersonic_raw_spectrum_vs_blumen_a020_m120_130_raw_modes.csv
1.2,0.2,0.0040781959755618,assets/blumen_gep/supersonic_raw_spectrum_vs_blumen_a020_m120_130_raw_modes.csv
1.2,0.2,0.0012835832442942,assets/blumen_gep/supersonic_raw_spectrum_vs_blumen_a020_m120_130_raw_modes.csv
1.2,0.2,0.0040949637900803,assets/blumen_gep/supersonic_raw_spectrum_vs_blumen_a020_m120_130_raw_modes.csv
1.2,0.2,0.1953526382011411,assets/blumen_gep/supersonic_raw_spectrum_vs_blumen_a020_m120_130_raw_modes.csv
1.2,0.2,0.0011620239949068,assets/blumen_gep/supersonic_raw_spectrum_vs_blumen_a020_m120_130_raw_modes.csv
1.2,0.2,0.00411123669316,assets/blumen_gep/supersonic_raw_spectrum_vs_blumen_a020_m120_130_raw_modes.csv
1.2,0.2,0.0010188449781109,assets/blumen_gep/supersonic_raw_spectrum_vs_blumen_a020_m120_130_raw_modes.csv
1.2,0.2,0.0041270738136076,assets/blumen_gep/supersonic_raw_spectrum_vs_blumen_a020_m120_130_raw_modes.csv
1.2,0.2,0.0008413859440904,assets/blumen_gep/supersonic_raw_spectrum_vs_blumen_a020_m120_130_raw_modes.csv
1.2,0.2,0.0041425397864308,assets/blumen_gep/supersonic_raw_spectrum_vs_blumen_a020_m120_130_raw_modes.csv
1.2,0.2,0.0005968805253573,assets/blumen_gep/supersonic_raw_spectrum_vs_blumen_a020_m120_130_raw_modes.csv
1.2,0.2,0.0041577046995835,assets/blumen_gep/supersonic_raw_spectrum_vs_blumen_a020_m120_130_raw_modes.csv
1.2,0.2,1.225329579184561e-12,assets/blumen_gep/supersonic_raw_spectrum_vs_blumen_a020_m120_130_raw_modes.csv
1.2,0.2,0.0041726441045913,assets/blumen_gep/supersonic_raw_spectrum_vs_blumen_a020_m120_130_raw_modes.csv
1.2,0.2,5.885240819260718e-13,assets/blumen_gep/supersonic_raw_spectrum_vs_blumen_a020_m120_130_raw_modes.csv
1.2,0.2,0.004187439071054,assets/blumen_gep/supersonic_raw_spectrum_vs_blumen_a020_m120_130_raw_modes.csv
1.2,0.2,4.549997417779367e-15,assets/blumen_gep/supersonic_raw_spectrum_vs_blumen_a020_m120_130_raw_modes.csv
1.2,0.2,0.0042021763457376,assets/blumen_gep/supersonic_raw_spectrum_vs_blumen_a020_m120_130_raw_modes.csv
1.2,0.2,4.4439034744760446e-15,assets/blumen_gep/supersonic_raw_spectrum_vs_blumen_a020_m120_130_raw_modes.csv
1.2,0.2,0.0042169486129478,assets/blumen_gep/supersonic_raw_spectrum_vs_blumen_a020_m120_130_raw_modes.csv
1.2,0.2,1.6998887043305638e-14,assets/blumen_gep/supersonic_raw_spectrum_vs_blumen_a020_m120_130_raw_modes.csv
1.2,0.2,0.0042318548978405,assets/blumen_gep/supersonic_raw_spectrum_vs_blumen_a020_m120_130_raw_modes.csv
1.2,0.2,1.325909386017851e-12,assets/blumen_gep/supersonic_raw_spectrum_vs_blumen_a020_m120_130_raw_modes.csv
1.2,0.2,0.0042470011286117,assets/blumen_gep/supersonic_raw_spectrum_vs_blumen_a020_m120_130_raw_modes.csv
1.2,0.2,0.0042625008774289,assets/blumen_gep/supersonic_raw_spectrum_vs_blumen_a020_m120_130_raw_modes.csv
1.2,0.2,1.4564150186047832e-11,assets/blumen_gep/supersonic_raw_spectrum_vs_blumen_a020_m120_130_raw_modes.csv
1.2,0.2,0.0042784763791945,assets/blumen_gep/supersonic_raw_spectrum_vs_blumen_a020_m120_130_raw_modes.csv
1.2,0.2,0.0005968802798803,assets/blumen_gep/supersonic_raw_spectrum_vs_blumen_a020_m120_130_raw_modes.csv
1.2,0.2,0.0042950597952827,assets/blumen_gep/supersonic_raw_spectrum_vs_blumen_a020_m120_130_raw_modes.csv
1.2,0.2,0.0008413857851483,assets/blumen_gep/supersonic_raw_spectrum_vs_blumen_a020_m120_130_raw_modes.csv
1.2,0.2,0.0043123948275441,assets/blumen_gep/supersonic_raw_spectrum_vs_blumen_a020_m120_130_raw_modes.csv
1.2,0.2,0.0010188448513981,assets/blumen_gep/supersonic_raw_spectrum_vs_blumen_a020_m120_130_raw_modes.csv
1.2,0.2,0.0011620238873466,assets/blumen_gep/supersonic_raw_spectrum_vs_blumen_a020_m120_130_raw_modes.csv
1.2,0.2,0.0043306387879875,assets/blumen_gep/supersonic_raw_spectrum_vs_blumen_a020_m120_130_raw_modes.csv
1.2,0.2,0.0012835831505919,assets/blumen_gep/supersonic_raw_spectrum_vs_blumen_a020_m120_130_raw_modes.csv
1.2,0.2,0.0043499651687022,assets/blumen_gep/supersonic_raw_spectrum_vs_blumen_a020_m120_130_raw_modes.csv
1.2,0.2,0.0013900432249674,assets/blumen_gep/supersonic_raw_spectrum_vs_blumen_a020_m120_130_raw_modes.csv
1.2,0.2,0.0043705669050285,assets/blumen_gep/supersonic_raw_spectrum_vs_blumen_a020_m120_130_raw_modes.csv
1.2,0.2,0.0014852923528033,assets/blumen_gep/supersonic_raw_spectrum_vs_blumen_a020_m120_130_raw_modes.csv
1.2,0.2,0.0043926605108573,assets/blumen_gep/supersonic_raw_spectrum_vs_blumen_a020_m120_130_raw_modes.csv
1.2,0.2,0.0015718689496225,assets/blumen_gep/supersonic_raw_spectrum_vs_blumen_a020_m120_130_raw_modes.csv
1.2,0.2,0.0044164913032306,assets/blumen_gep/supersonic_raw_spectrum_vs_blumen_a020_m120_130_raw_modes.csv
1.2,0.2,0.0016515361835194,assets/blumen_gep/supersonic_raw_spectrum_vs_blumen_a020_m120_130_raw_modes.csv
1.2,0.2,0.0044423401770769,assets/blumen_gep/supersonic_raw_spectrum_vs_blumen_a020_m120_130_raw_modes.csv
1.2,0.2,0.0017255753805374,assets/blumen_gep/supersonic_raw_spectrum_vs_blumen_a020_m120_130_raw_modes.csv
1.2,0.2,0.0044705323247181,assets/blumen_gep/supersonic_raw_spectrum_vs_blumen_a020_m120_130_raw_modes.csv
1.2,0.2,0.0017949503565369,assets/blumen_gep/supersonic_raw_spectrum_vs_blumen_a020_m120_130_raw_modes.csv
1.2,0.2,0.0045014487424671,assets/blumen_gep/supersonic_raw_spectrum_vs_blumen_a020_m120_130_raw_modes.csv
1.2,0.2,0.0018604060838126,assets/blumen_gep/supersonic_raw_spectrum_vs_blumen_a020_m120_130_raw_modes.csv
1.2,0.2,0.0045355414911864,assets/blumen_gep/supersonic_raw_spectrum_vs_blumen_a020_m120_130_raw_modes.csv
1.2,0.2,0.001922531187809,assets/blumen_gep/supersonic_raw_spectrum_vs_blumen_a020_m120_130_raw_modes.csv
1.2,0.2,0.0045733544144983,assets/blumen_gep/supersonic_raw_spectrum_vs_blumen_a020_m120_130_raw_modes.csv
1.2,0.2,0.0019817991950655,assets/blumen_gep/supersonic_raw_spectrum_vs_blumen_a020_m120_130_raw_modes.csv
1.2,0.2,0.0046155516060258,assets/blumen_gep/supersonic_raw_spectrum_vs_blumen_a020_m120_130_raw_modes.csv
1.2,0.2,0.0020385968747844,assets/blumen_gep/supersonic_raw_spectrum_vs_blumen_a020_m120_130_raw_modes.csv
1.2,0.2,0.0046629575131388,assets/blumen_gep/supersonic_raw_spectrum_vs_blumen_a020_m120_130_raw_modes.csv
1.2,0.2,0.0020932441659516,assets/blumen_gep/supersonic_raw_spectrum_vs_blumen_a020_m120_130_raw_modes.csv
1.2,0.2,0.0047166145555264,assets/blumen_gep/supersonic_raw_spectrum_vs_blumen_a020_m120_130_raw_modes.csv
1.2,0.2,0.0021460085863063,assets/blumen_gep/supersonic_raw_spectrum_vs_blumen_a020_m120_130_raw_modes.csv
1.2,0.2,0.0047778682786648,assets/blumen_gep/supersonic_raw_spectrum_vs_blumen_a020_m120_130_raw_modes.csv
1.2,0.2,0.0021971159226502,assets/blumen_gep/supersonic_raw_spectrum_vs_blumen_a020_m120_130_raw_modes.csv
1.2,0.2,0.0048484966337728,assets/blumen_gep/supersonic_raw_spectrum_vs_blumen_a020_m120_130_raw_modes.csv
1.2,0.2,0.0022467582292955,assets/blumen_gep/supersonic_raw_spectrum_vs_blumen_a020_m120_130_raw_modes.csv
1.2,0.2,0.0049309127274287,assets/blumen_gep/supersonic_raw_spectrum_vs_blumen_a020_m120_130_raw_modes.csv
1.2,0.2,0.0022950999691068,assets/blumen_gep/supersonic_raw_spectrum_vs_blumen_a020_m120_130_raw_modes.csv
1.2,0.2,0.0050284929802815,assets/blumen_gep/supersonic_raw_spectrum_vs_blumen_a020_m120_130_raw_modes.csv
1.2,0.2,0.0023422827715994,assets/blumen_gep/supersonic_raw_spectrum_vs_blumen_a020_m120_130_raw_modes.csv
1.2,0.2,0.0051461237252488,assets/blumen_gep/supersonic_raw_spectrum_vs_blumen_a020_m120_130_raw_modes.csv
1.2,0.2,0.002388429171545,assets/blumen_gep/supersonic_raw_spectrum_vs_blumen_a020_m120_130_raw_modes.csv
1.2,0.2,0.0052911156790593,assets/blumen_gep/supersonic_raw_spectrum_vs_blumen_a020_m120_130_raw_modes.csv
1.2,0.2,0.0024336455807239,assets/blumen_gep/supersonic_raw_spectrum_vs_blumen_a020_m120_130_raw_modes.csv
1.2,0.2,0.0054745885191662,assets/blumen_gep/supersonic_raw_spectrum_vs_blumen_a020_m120_130_raw_modes.csv
1.2,0.2,0.0024780246714829,assets/blumen_gep/supersonic_raw_spectrum_vs_blumen_a020_m120_130_raw_modes.csv
1.2,0.2,0.0057121363592462,assets/blumen_gep/supersonic_raw_spectrum_vs_blumen_a020_m120_130_raw_modes.csv
1.2,0.2,0.0025216473040768,assets/blumen_gep/supersonic_raw_spectrum_vs_blumen_a020_m120_130_raw_modes.csv
1.2,0.2,0.0060111611561543,assets/blumen_gep/supersonic_raw_spectrum_vs_blumen_a020_m120_130_raw_modes.csv
1.2,0.2,0.0025645841136366,assets/blumen_gep/supersonic_raw_spectrum_vs_blumen_a020_m120_130_raw_modes.csv
1.2,0.2,0.0062780833463077,assets/blumen_gep/supersonic_raw_spectrum_vs_blumen_a020_m120_130_raw_modes.csv
1.2,0.2,0.002606896779961,assets/blumen_gep/supersonic_raw_spectrum_vs_blumen_a020_m120_130_raw_modes.csv
1.2,0.2,0.0062253382328134,assets/blumen_gep/supersonic_raw_spectrum_vs_blumen_a020_m120_130_raw_modes.csv
1.2,0.2,0.0026486391153659,assets/blumen_gep/supersonic_raw_spectrum_vs_blumen_a020_m120_130_raw_modes.csv
1.2,0.2,0.0058772816445932,assets/blumen_gep/supersonic_raw_spectrum_vs_blumen_a020_m120_130_raw_modes.csv
1.2,0.2,0.0026898579623455,assets/blumen_gep/supersonic_raw_spectrum_vs_blumen_a020_m120_130_raw_modes.csv
1.2,0.2,0.0055152324471734,assets/blumen_gep/supersonic_raw_spectrum_vs_blumen_a020_m120_130_raw_modes.csv
1.2,0.2,0.0027305939033023,assets/blumen_gep/supersonic_raw_spectrum_vs_blumen_a020_m120_130_raw_modes.csv
1.2,0.2,0.0052160524847748,assets/blumen_gep/supersonic_raw_spectrum_vs_blumen_a020_m120_130_raw_modes.csv
1.2,0.2,0.0027708819138343,assets/blumen_gep/supersonic_raw_spectrum_vs_blumen_a020_m120_130_raw_modes.csv
1.2,0.2,0.0049699844877204,assets/blumen_gep/supersonic_raw_spectrum_vs_blumen_a020_m120_130_raw_modes.csv
1.2,0.2,0.0028107518660826,assets/blumen_gep/supersonic_raw_spectrum_vs_blumen_a020_m120_130_raw_modes.csv
1.2,0.2,0.0047617733680454,assets/blumen_gep/supersonic_raw_spectrum_vs_blumen_a020_m120_130_raw_modes.csv
1.2,0.2,0.0028502289946662,assets/blumen_gep/supersonic_raw_spectrum_vs_blumen_a020_m120_130_raw_modes.csv
1.2,0.2,0.004580691466712,assets/blumen_gep/supersonic_raw_spectrum_vs_blumen_a020_m120_130_raw_modes.csv
1.2,0.2,0.0028893342319362,assets/blumen_gep/supersonic_raw_spectrum_vs_blumen_a020_m120_130_raw_modes.csv
1.2,0.2,0.0044196694049956,assets/blumen_gep/supersonic_raw_spectrum_vs_blumen_a020_m120_130_raw_modes.csv
1.2,0.2,0.0029280845604615,assets/blumen_gep/supersonic_raw_spectrum_vs_blumen_a020_m120_130_raw_modes.csv
1.2,0.2,0.0042739609472247,assets/blumen_gep/supersonic_raw_spectrum_vs_blumen_a020_m120_130_raw_modes.csv
1.2,0.2,0.0029664932623523,assets/blumen_gep/supersonic_raw_spectrum_vs_blumen_a020_m120_130_raw_modes.csv
1.2,0.2,0.0041402732032932,assets/blumen_gep/supersonic_raw_spectrum_vs_blumen_a020_m120_130_raw_modes.csv
1.2,0.2,0.0030045701698699,assets/blumen_gep/supersonic_raw_spectrum_vs_blumen_a020_m120_130_raw_modes.csv
1.2,0.2,0.0040162460069544,assets/blumen_gep/supersonic_raw_spectrum_vs_blumen_a020_m120_130_raw_modes.csv
1.2,0.2,0.0030423218313062,assets/blumen_gep/supersonic_raw_spectrum_vs_blumen_a020_m120_130_raw_modes.csv
1.2,0.2,0.0039001378138742,assets/blumen_gep/supersonic_raw_spectrum_vs_blumen_a020_m120_130_raw_modes.csv
1.2,0.2,0.0030797517141862,assets/blumen_gep/supersonic_raw_spectrum_vs_blumen_a020_m120_130_raw_modes.csv
1.2,0.2,0.0037906307675371,assets/blumen_gep/supersonic_raw_spectrum_vs_blumen_a020_m120_130_raw_modes.csv
1.2,0.2,0.0031168603399914,assets/blumen_gep/supersonic_raw_spectrum_vs_blumen_a020_m120_130_raw_modes.csv
1.2,0.2,0.0036867057651065,assets/blumen_gep/supersonic_raw_spectrum_vs_blumen_a020_m120_130_raw_modes.csv
1.2,0.2,0.0031536454209127,assets/blumen_gep/supersonic_raw_spectrum_vs_blumen_a020_m120_130_raw_modes.csv
1.2,0.2,0.0035875598826203,assets/blumen_gep/supersonic_raw_spectrum_vs_blumen_a020_m120_130_raw_modes.csv
1.2,0.2,0.0031901019922414,assets/blumen_gep/supersonic_raw_spectrum_vs_blumen_a020_m120_130_raw_modes.csv
1.2,0.2,0.0034925502264265,assets/blumen_gep/supersonic_raw_spectrum_vs_blumen_a020_m120_130_raw_modes.csv
1.2,0.2,0.003401154781594,assets/blumen_gep/supersonic_raw_spectrum_vs_blumen_a020_m120_130_raw_modes.csv
1.2,0.2,0.0032262225039966,assets/blumen_gep/supersonic_raw_spectrum_vs_blumen_a020_m120_130_raw_modes.csv
1.2,0.2,0.0033129444725324,assets/blumen_gep/supersonic_raw_spectrum_vs_blumen_a020_m120_130_raw_modes.csv
1.2,0.2,0.003261996958681,assets/blumen_gep/supersonic_raw_spectrum_vs_blumen_a020_m120_130_raw_modes.csv
1.2,0.2,0.0032275628376558,assets/blumen_gep/supersonic_raw_spectrum_vs_blumen_a020_m120_130_raw_modes.csv
1.2,0.2,0.0032974130101478,assets/blumen_gep/supersonic_raw_spectrum_vs_blumen_a020_m120_130_raw_modes.csv
1.2,0.2,0.0031447109441703,assets/blumen_gep/supersonic_raw_spectrum_vs_blumen_a020_m120_130_raw_modes.csv
1.2,0.2,0.0033324560844208,assets/blumen_gep/supersonic_raw_spectrum_vs_blumen_a020_m120_130_raw_modes.csv
1.2,0.2,0.0030641360477066,assets/blumen_gep/supersonic_raw_spectrum_vs_blumen_a020_m120_130_raw_modes.csv
1.2,0.2,0.0033671095058223,assets/blumen_gep/supersonic_raw_spectrum_vs_blumen_a020_m120_130_raw_modes.csv
1.2,0.2,0.0029856228931949,assets/blumen_gep/supersonic_raw_spectrum_vs_blumen_a020_m120_130_raw_modes.csv
1.2,0.2,0.0034013546367345,assets/blumen_gep/supersonic_raw_spectrum_vs_blumen_a020_m120_130_raw_modes.csv
1.2,0.2,0.0029089869974535,assets/blumen_gep/supersonic_raw_spectrum_vs_blumen_a020_m120_130_raw_modes.csv
1.2,0.2,0.0034351710378575,assets/blumen_gep/supersonic_raw_spectrum_vs_blumen_a020_m120_130_raw_modes.csv
1.2,0.2,0.0028340693683452,assets/blumen_gep/supersonic_raw_spectrum_vs_blumen_a020_m120_130_raw_modes.csv
1.2,0.2,0.0034685366323168,assets/blumen_gep/supersonic_raw_spectrum_vs_blumen_a020_m120_130_raw_modes.csv
1.2,0.2,0.0027607323236711,assets/blumen_gep/supersonic_raw_spectrum_vs_blumen_a020_m120_130_raw_modes.csv
1.2,0.2,0.0035014279216425,assets/blumen_gep/supersonic_raw_spectrum_vs_blumen_a020_m120_130_raw_modes.csv
1.2,0.2,0.00268885614254,assets/blumen_gep/supersonic_raw_spectrum_vs_blumen_a020_m120_130_raw_modes.csv
1.2,0.2,0.0035338202054313,assets/blumen_gep/supersonic_raw_spectrum_vs_blumen_a020_m120_130_raw_modes.csv
1.2,0.2,0.0026183363551905,assets/blumen_gep/supersonic_raw_spectrum_vs_blumen_a020_m120_130_raw_modes.csv
1.2,0.2,0.0035656878412799,assets/blumen_gep/supersonic_raw_spectrum_vs_blumen_a020_m120_130_raw_modes.csv
1.2,0.2,0.0025490815354891,assets/blumen_gep/supersonic_raw_spectrum_vs_blumen_a020_m120_130_raw_modes.csv
1.2,0.2,0.0024810114859051,assets/blumen_gep/supersonic_raw_spectrum_vs_blumen_a020_m120_130_raw_modes.csv
1.2,0.2,0.0035970045346316,assets/blumen_gep/supersonic_raw_spectrum_vs_blumen_a020_m120_130_raw_modes.csv
1.2,0.2,0.0024140557347493,assets/blumen_gep/supersonic_raw_spectrum_vs_blumen_a020_m120_130_raw_modes.csv
1.2,0.2,0.0036277436616922,assets/blumen_gep/supersonic_raw_spectrum_vs_blumen_a020_m120_130_raw_modes.csv
1.2,0.2,0.0023481522816051,assets/blumen_gep/supersonic_raw_spectrum_vs_blumen_a020_m120_130_raw_modes.csv
1.2,0.2,0.0036578786256287,assets/blumen_gep/supersonic_raw_spectrum_vs_blumen_a020_m120_130_raw_modes.csv
1.2,0.2,0.0022832465537513,assets/blumen_gep/supersonic_raw_spectrum_vs_blumen_a020_m120_130_raw_modes.csv
1.2,0.2,0.0036873832445493,assets/blumen_gep/supersonic_raw_spectrum_vs_blumen_a020_m120_130_raw_modes.csv
1.2,0.2,0.002219290510558,assets/blumen_gep/supersonic_raw_spectrum_vs_blumen_a020_m120_130_raw_modes.csv
1.2,0.2,0.0037162321693531,assets/blumen_gep/supersonic_raw_spectrum_vs_blumen_a020_m120_130_raw_modes.csv
1.2,0.2,0.0021562418824066,assets/blumen_gep/supersonic_raw_spectrum_vs_blumen_a020_m120_130_raw_modes.csv
1.2,0.2,0.0037444013269419,assets/blumen_gep/supersonic_raw_spectrum_vs_blumen_a020_m120_130_raw_modes.csv
1.2,0.2,0.0020940635273138,assets/blumen_gep/supersonic_raw_spectrum_vs_blumen_a020_m120_130_raw_modes.csv
1.2,0.2,0.0020327228874714,assets/blumen_gep/supersonic_raw_spectrum_vs_blumen_a020_m120_130_raw_modes.csv
1.2,0.2,0.0037718683834048,assets/blumen_gep/supersonic_raw_spectrum_vs_blumen_a020_m120_130_raw_modes.csv
1.2,0.2,0.0019721914961318,assets/blumen_gep/supersonic_raw_spectrum_vs_blumen_a020_m120_130_raw_modes.csv
1.2,0.2,0.0037986132210241,assets/blumen_gep/supersonic_raw_spectrum_vs_blumen_a020_m120_130_raw_modes.csv
1.2,0.2,0.0019124445631339,assets/blumen_gep/supersonic_raw_spectrum_vs_blumen_a020_m120_130_raw_modes.csv
1.2,0.2,0.0038246184196102,assets/blumen_gep/supersonic_raw_spectrum_vs_blumen_a020_m120_130_raw_modes.csv
1.2,0.2,0.0018534606045996,assets/blumen_gep/supersonic_raw_spectrum_vs_blumen_a020_m120_130_raw_modes.csv
1.2,0.2,0.0038498697342575,assets/blumen_gep/supersonic_raw_spectrum_vs_blumen_a020_m120_130_raw_modes.csv
1.2,0.2,0.0017952211223618,assets/blumen_gep/supersonic_raw_spectrum_vs_blumen_a020_m120_130_raw_modes.csv
1.2,0.2,0.0017377103125075,assets/blumen_gep/supersonic_raw_spectrum_vs_blumen_a020_m120_130_raw_modes.csv
1.2,0.2,0.003874356558625,assets/blumen_gep/supersonic_raw_spectrum_vs_blumen_a020_m120_130_raw_modes.csv
1.2,0.2,0.0016809148105928,assets/blumen_gep/supersonic_raw_spectrum_vs_blumen_a020_m120_130_raw_modes.csv
1.2,0.2,0.0038980723640189,assets/blumen_gep/supersonic_raw_spectrum_vs_blumen_a020_m120_130_raw_modes.csv
1.2,0.2,0.0016248234542921,assets/blumen_gep/supersonic_raw_spectrum_vs_blumen_a020_m120_130_raw_modes.csv
1.2,0.2,0.0039210151038195,assets/blumen_gep/supersonic_raw_spectrum_vs_blumen_a020_m120_130_raw_modes.csv
1.2,0.2,0.0015694270721363,assets/blumen_gep/supersonic_raw_spectrum_vs_blumen_a020_m120_130_raw_modes.csv
1.2,0.2,0.0039431875754039,assets/blumen_gep/supersonic_raw_spectrum_vs_blumen_a020_m120_130_raw_modes.csv
1.2,0.2,0.0015147182854275,assets/blumen_gep/supersonic_raw_spectrum_vs_blumen_a020_m120_130_raw_modes.csv
1.2,0.2,0.0014606913240503,assets/blumen_gep/supersonic_raw_spectrum_vs_blumen_a020_m120_130_raw_modes.csv
1.2,0.2,0.0039645977297937,assets/blumen_gep/supersonic_raw_spectrum_vs_blumen_a020_m120_130_raw_modes.csv
1.2,0.2,0.0014073418498564,assets/blumen_gep/supersonic_raw_spectrum_vs_blumen_a020_m120_130_raw_modes.csv
1.2,0.2,0.0039852589259095,assets/blumen_gep/supersonic_raw_spectrum_vs_blumen_a020_m120_130_raw_modes.csv
1.2,0.2,0.0013546667872014,assets/blumen_gep/supersonic_raw_spectrum_vs_blumen_a020_m120_130_raw_modes.csv
1.2,0.2,0.1953526382034273,assets/blumen_gep/supersonic_raw_spectrum_vs_blumen_a020_m120_130_raw_modes.csv
1.2,0.2,0.0013026641595624,assets/blumen_gep/supersonic_raw_spectrum_vs_blumen_a020_m120_130_raw_modes.csv
1.2,0.2,0.0040051901233268,assets/blumen_gep/supersonic_raw_spectrum_vs_blumen_a020_m120_130_raw_modes.csv
1.2,0.2,0.0012513329202194,assets/blumen_gep/supersonic_raw_spectrum_vs_blumen_a020_m120_130_raw_modes.csv
1.2,0.2,0.0040244160153178,assets/blumen_gep/supersonic_raw_spectrum_vs_blumen_a020_m120_130_raw_modes.csv
1.2,0.2,0.0012006727839828,assets/blumen_gep/supersonic_raw_spectrum_vs_blumen_a020_m120_130_raw_modes.csv
1.2,0.2,0.00404296710288,assets/blumen_gep/supersonic_raw_spectrum_vs_blumen_a020_m120_130_raw_modes.csv
1.2,0.2,0.0011506840490131,assets/blumen_gep/supersonic_raw_spectrum_vs_blumen_a020_m120_130_raw_modes.csv
1.2,0.2,0.001101367413941,assets/blumen_gep/supersonic_raw_spectrum_vs_blumen_a020_m120_130_raw_modes.csv
1.2,0.2,0.0040608797158941,assets/blumen_gep/supersonic_raw_spectrum_vs_blumen_a020_m120_130_raw_modes.csv
1.2,0.2,0.0010527237701024,assets/blumen_gep/supersonic_raw_spectrum_vs_blumen_a020_m120_130_raw_modes.csv
1.2,0.2,0.0040781959883835,assets/blumen_gep/supersonic_raw_spectrum_vs_blumen_a020_m120_130_raw_modes.csv
1.2,0.2,0.0010047539738823,assets/blumen_gep/supersonic_raw_spectrum_vs_blumen_a020_m120_130_raw_modes.csv
1.2,0.2,0.0009574585962247,assets/blumen_gep/supersonic_raw_spectrum_vs_blumen_a020_m120_130_raw_modes.csv
1.2,0.2,0.004094963802627,assets/blumen_gep/supersonic_raw_spectrum_vs_blumen_a020_m120_130_raw_modes.csv
1.2,0.2,0.0009108376223424,assets/blumen_gep/supersonic_raw_spectrum_vs_blumen_a020_m120_130_raw_modes.csv
1.2,0.2,0.0008648901042149,assets/blumen_gep/supersonic_raw_spectrum_vs_blumen_a020_m120_130_raw_modes.csv
1.2,0.2,0.0041112367051817,assets/blumen_gep/supersonic_raw_spectrum_vs_blumen_a020_m120_130_raw_modes.csv
1.2,0.2,0.0008196137411659,assets/blumen_gep/supersonic_raw_spectrum_vs_blumen_a020_m120_130_raw_modes.csv
1.2,0.2,0.0041270738251709,assets/blumen_gep/supersonic_raw_spectrum_vs_blumen_a020_m120_130_raw_modes.csv
1.2,0.2,0.0007750043650165,assets/blumen_gep/supersonic_raw_spectrum_vs_blumen_a020_m120_130_raw_modes.csv
1.2,0.2,0.00073105529425,assets/blumen_gep/supersonic_raw_spectrum_vs_blumen_a020_m120_130_raw_modes.csv
1.2,0.2,0.0041425397963899,assets/blumen_gep/supersonic_raw_spectrum_vs_blumen_a020_m120_130_raw_modes.csv
1.2,0.2,0.0006877565172825,assets/blumen_gep/supersonic_raw_spectrum_vs_blumen_a020_m120_130_raw_modes.csv
1.2,0.2,0.0006450936131447,assets/blumen_gep/supersonic_raw_spectrum_vs_blumen_a020_m120_130_raw_modes.csv
1.2,0.2,0.0041577047101488,assets/blumen_gep/supersonic_raw_spectrum_vs_blumen_a020_m120_130_raw_modes.csv
1.2,0.2,0.0006030463283654,assets/blumen_gep/supersonic_raw_spectrum_vs_blumen_a020_m120_130_raw_modes.csv
1.2,0.2,0.0005615866233692,assets/blumen_gep/supersonic_raw_spectrum_vs_blumen_a020_m120_130_raw_modes.csv
1.2,0.2,0.00417264411467,assets/blumen_gep/supersonic_raw_spectrum_vs_blumen_a020_m120_130_raw_modes.csv
1.2,0.2,0.0005206759344366,assets/blumen_gep/supersonic_raw_spectrum_vs_blumen_a020_m120_130_raw_modes.csv
1.2,0.2,0.0004802612186043,assets/blumen_gep/supersonic_raw_spectrum_vs_blumen_a020_m120_130_raw_modes.csv
1.2,0.2,0.0041874390803302,assets/blumen_gep/supersonic_raw_spectrum_vs_blumen_a020_m120_130_raw_modes.csv
1.2,0.2,0.0004402690357764,assets/blumen_gep/supersonic_raw_spectrum_vs_blumen_a020_m120_130_raw_modes.csv
1.2,0.2,0.000400596337411,assets/blumen_gep/supersonic_raw_spectrum_vs_blumen_a020_m120_130_raw_modes.csv
1.2,0.2,0.0042021763535568,assets/blumen_gep/supersonic_raw_spectrum_vs_blumen_a020_m120_130_raw_modes.csv
1.2,0.2,0.0003610954111174,assets/blumen_gep/supersonic_raw_spectrum_vs_blumen_a020_m120_130_raw_modes.csv
1.2,0.2,0.0003215477727603,assets/blumen_gep/supersonic_raw_spectrum_vs_blumen_a020_m120_130_raw_modes.csv
1.2,0.2,0.0042169486206851,assets/blumen_gep/supersonic_raw_spectrum_vs_blumen_a020_m120_130_raw_modes.csv
1.2,0.2,0.00028161526438,assets/blumen_gep/supersonic_raw_spectrum_vs_blumen_a020_m120_130_raw_modes.csv
1.2,0.2,0.0002407385659635,assets/blumen_gep/supersonic_raw_spectrum_vs_blumen_a020_m120_130_raw_modes.csv
1.2,0.2,0.0042318549058347,assets/blumen_gep/supersonic_raw_spectrum_vs_blumen_a020_m120_130_raw_modes.csv
1.2,0.2,0.0001978931531769,assets/blumen_gep/supersonic_raw_spectrum_vs_blumen_a020_m120_130_raw_modes.csv
1.2,0.2,0.0001508472715495,assets/blumen_gep/supersonic_raw_spectrum_vs_blumen_a020_m120_130_raw_modes.csv
1.2,0.2,9.255063798111129e-05,assets/blumen_gep/supersonic_raw_spectrum_vs_blumen_a020_m120_130_raw_modes.csv
1.2,0.2,0.0042470011328724,assets/blumen_gep/supersonic_raw_spectrum_vs_blumen_a020_m120_130_raw_modes.csv
1.2,0.2,1.526391694759505e-15,assets/blumen_gep/supersonic_raw_spectrum_vs_blumen_a020_m120_130_raw_modes.csv
1.2,0.2,8.533867312219877e-15,assets/blumen_gep/supersonic_raw_spectrum_vs_blumen_a020_m120_130_raw_modes.csv
1.2,0.2,4.926032488750388e-15,assets/blumen_gep/supersonic_raw_spectrum_vs_blumen_a020_m120_130_raw_modes.csv
1.2,0.2,0.0042625008829357,assets/blumen_gep/supersonic_raw_spectrum_vs_blumen_a020_m120_130_raw_modes.csv
1.2,0.2,4.067430825869385e-15,assets/blumen_gep/supersonic_raw_spectrum_vs_blumen_a020_m120_130_raw_modes.csv
1.2,0.2,2.192317715963181e-14,assets/blumen_gep/supersonic_raw_spectrum_vs_blumen_a020_m120_130_raw_modes.csv
1.2,0.2,0.0042784763863976,assets/blumen_gep/supersonic_raw_spectrum_vs_blumen_a020_m120_130_raw_modes.csv
1.2,0.2,2.2547582929998783e-14,assets/blumen_gep/supersonic_raw_spectrum_vs_blumen_a020_m120_130_raw_modes.csv
1.2,0.2,5.11309985928393e-14,assets/blumen_gep/supersonic_raw_spectrum_vs_blumen_a020_m120_130_raw_modes.csv
1.2,0.2,7.63149409946902e-14,assets/blumen_gep/supersonic_raw_spectrum_vs_blumen_a020_m120_130_raw_modes.csv
1.2,0.2,1.19417721260502e-13,assets/blumen_gep/supersonic_raw_spectrum_vs_blumen_a020_m120_130_raw_modes.csv
1.2,0.2,0.0042950598004702,assets/blumen_gep/supersonic_raw_spectrum_vs_blumen_a020_m120_130_raw_modes.csv
1.2,0.2,1.8397106842087997e-13,assets/blumen_gep/supersonic_raw_spectrum_vs_blumen_a020_m120_130_raw_modes.csv
1.2,0.2,2.6561070526744213e-13,assets/blumen_gep/supersonic_raw_spectrum_vs_blumen_a020_m120_130_raw_modes.csv
1.2,0.2,3.5925255684493544e-13,assets/blumen_gep/supersonic_raw_spectrum_vs_blumen_a020_m120_130_raw_modes.csv
1.2,0.2,5.033489017465658e-13,assets/blumen_gep/supersonic_raw_spectrum_vs_blumen_a020_m120_130_raw_modes.csv
1.2,0.2,0.0043123948327186,assets/blumen_gep/supersonic_raw_spectrum_vs_blumen_a020_m120_130_raw_modes.csv
1.2,0.2,6.844404875970664e-13,assets/blumen_gep/supersonic_raw_spectrum_vs_blumen_a020_m120_130_raw_modes.csv
1.2,0.2,9.001515939376976e-13,assets/blumen_gep/supersonic_raw_spectrum_vs_blumen_a020_m120_130_raw_modes.csv
1.2,0.2,1.1534290029218357e-12,assets/blumen_gep/supersonic_raw_spectrum_vs_blumen_a020_m120_130_raw_modes.csv
1.2,0.2,1.443112121790743e-12,assets/blumen_gep/supersonic_raw_spectrum_vs_blumen_a020_m120_130_raw_modes.csv
1.2,0.2,1.7945743202777696e-12,assets/blumen_gep/supersonic_raw_spectrum_vs_blumen_a020_m120_130_raw_modes.csv
1.2,0.2,0.0043306387918768,assets/blumen_gep/supersonic_raw_spectrum_vs_blumen_a020_m120_130_raw_modes.csv
1.2,0.2,2.197861343814165e-12,assets/blumen_gep/supersonic_raw_spectrum_vs_blumen_a020_m120_130_raw_modes.csv
1.2,0.2,2.6617647647846e-12,assets/blumen_gep/supersonic_raw_spectrum_vs_blumen_a020_m120_130_raw_modes.csv
1.2,0.2,3.199973623275692e-12,assets/blumen_gep/supersonic_raw_spectrum_vs_blumen_a020_m120_130_raw_modes.csv
1.2,0.2,3.816862453346735e-12,assets/blumen_gep/supersonic_raw_spectrum_vs_blumen_a020_m120_130_raw_modes.csv
1.2,0.2,4.682884537399634e-12,assets/blumen_gep/supersonic_raw_spectrum_vs_blumen_a020_m120_130_raw_modes.csv
1.2,0.2,5.821747680867636e-12,assets/blumen_gep/supersonic_raw_spectrum_vs_blumen_a020_m120_130_raw_modes.csv
1.2,0.2,7.420770303632375e-12,assets/blumen_gep/supersonic_raw_spectrum_vs_blumen_a020_m120_130_raw_modes.csv
1.2,0.2,9.666289019178749e-12,assets/blumen_gep/supersonic_raw_spectrum_vs_blumen_a020_m120_130_raw_modes.csv
1.2,0.2,0.0043499651716812,assets/blumen_gep/supersonic_raw_spectrum_vs_blumen_a020_m120_130_raw_modes.csv
1.2,0.2,1.270993717390626e-11,assets/blumen_gep/supersonic_raw_spectrum_vs_blumen_a020_m120_130_raw_modes.csv
1.2,0.2,1.6676675126389767e-11,assets/blumen_gep/supersonic_raw_spectrum_vs_blumen_a020_m120_130_raw_modes.csv
1.2,0.2,2.1574025182128178e-11,assets/blumen_gep/supersonic_raw_spectrum_vs_blumen_a020_m120_130_raw_modes.csv
1.2,0.2,2.701136459618134e-11,assets/blumen_gep/supersonic_raw_spectrum_vs_blumen_a020_m120_130_raw_modes.csv
1.2,0.2,3.2816758053704396e-11,assets/blumen_gep/supersonic_raw_spectrum_vs_blumen_a020_m120_130_raw_modes.csv
1.2,0.2,3.8076249338706594e-11,assets/blumen_gep/supersonic_raw_spectrum_vs_blumen_a020_m120_130_raw_modes.csv
1.2,0.2,4.2346763079598447e-11,assets/blumen_gep/supersonic_raw_spectrum_vs_blumen_a020_m120_130_raw_modes.csv
1.2,0.2,4.507887365453623e-11,assets/blumen_gep/supersonic_raw_spectrum_vs_blumen_a020_m120_130_raw_modes.csv
1.2,0.2,4.587478516653928e-11,assets/blumen_gep/supersonic_raw_spectrum_vs_blumen_a020_m120_130_raw_modes.csv
1.2,0.2,4.460958431417768e-11,assets/blumen_gep/supersonic_raw_spectrum_vs_blumen_a020_m120_130_raw_modes.csv
1.2,0.2,4.1488962732529837e-11,assets/blumen_gep/supersonic_raw_spectrum_vs_blumen_a020_m120_130_raw_modes.csv
1.2,0.2,3.682483006394046e-11,assets/blumen_gep/supersonic_raw_spectrum_vs_blumen_a020_m120_130_raw_modes.csv
1.2,0.2,3.1234188118952946e-11,assets/blumen_gep/supersonic_raw_spectrum_vs_blumen_a020_m120_130_raw_modes.csv
1.2,0.2,2.5187521517728115e-11,assets/blumen_gep/supersonic_raw_spectrum_vs_blumen_a020_m120_130_raw_modes.csv
1.2,0.2,1.9301369395581485e-11,assets/blumen_gep/supersonic_raw_spectrum_vs_blumen_a020_m120_130_raw_modes.csv
1.2,0.2,1.38510779279733e-11,assets/blumen_gep/supersonic_raw_spectrum_vs_blumen_a020_m120_130_raw_modes.csv
1.2,0.2,9.23975977554226e-12,assets/blumen_gep/supersonic_raw_spectrum_vs_blumen_a020_m120_130_raw_modes.csv
1.2,0.2,5.413500303007027e-12,assets/blumen_gep/supersonic_raw_spectrum_vs_blumen_a020_m120_130_raw_modes.csv
1.2,0.2,2.606580507459596e-12,assets/blumen_gep/supersonic_raw_spectrum_vs_blumen_a020_m120_130_raw_modes.csv
1.2,0.2,4.217563525554386e-13,assets/blumen_gep/supersonic_raw_spectrum_vs_blumen_a020_m120_130_raw_modes.csv
1.2,0.2,1.1050800515112468e-13,assets/blumen_gep/supersonic_raw_spectrum_vs_blumen_a020_m120_130_raw_modes.csv
1.2,0.2,1.1999418689338697e-12,assets/blumen_gep/supersonic_raw_spectrum_vs_blumen_a020_m120_130_raw_modes.csv
1.2,0.2,1.8253856701997337e-12,assets/blumen_gep/supersonic_raw_spectrum_vs_blumen_a020_m120_130_raw_modes.csv
1.2,0.2,2.9022924988530385e-12,assets/blumen_gep/supersonic_raw_spectrum_vs_blumen_a020_m120_130_raw_modes.csv
1.2,0.2,1.7773084547280177e-12,assets/blumen_gep/supersonic_raw_spectrum_vs_blumen_a020_m120_130_raw_modes.csv
1.2,0.2,1.6572716958026665e-12,assets/blumen_gep/supersonic_raw_spectrum_vs_blumen_a020_m120_130_raw_modes.csv
1.2,0.2,1.5652161815550565e-12,assets/blumen_gep/supersonic_raw_spectrum_vs_blumen_a020_m120_130_raw_modes.csv
1.2,0.2,1.487798220567237e-12,assets/blumen_gep/supersonic_raw_spectrum_vs_blumen_a020_m120_130_raw_modes.csv
1.2,0.2,1.0345604820555942e-12,assets/blumen_gep/supersonic_raw_spectrum_vs_blumen_a020_m120_130_raw_modes.csv
1.2,0.2,4.824580414327184e-12,assets/blumen_gep/supersonic_raw_spectrum_vs_blumen_a020_m120_130_raw_modes.csv
1.2,0.2,4.883795030343146e-12,assets/blumen_gep/supersonic_raw_spectrum_vs_blumen_a020_m120_130_raw_modes.csv
1.2,0.2,7.60646468210673e-13,assets/blumen_gep/supersonic_raw_spectrum_vs_blumen_a020_m120_130_raw_modes.csv
1.2,0.2,0.0043705669100269,assets/blumen_gep/supersonic_raw_spectrum_vs_blumen_a020_m120_130_raw_modes.csv
1.2,0.2,0.0043926605128019,assets/blumen_gep/supersonic_raw_spectrum_vs_blumen_a020_m120_130_raw_modes.csv
1.2,0.2,0.0044164913061152,assets/blumen_gep/supersonic_raw_spectrum_vs_blumen_a020_m120_130_raw_modes.csv
1.2,0.2,0.0044423401784488,assets/blumen_gep/supersonic_raw_spectrum_vs_blumen_a020_m120_130_raw_modes.csv
1.2,0.2,0.0044705323275,assets/blumen_gep/supersonic_raw_spectrum_vs_blumen_a020_m120_130_raw_modes.csv
1.2,0.2,0.0045014487422343,assets/blumen_gep/supersonic_raw_spectrum_vs_blumen_a020_m120_130_raw_modes.csv
1.2,0.2,0.004535541492287,assets/blumen_gep/supersonic_raw_spectrum_vs_blumen_a020_m120_130_raw_modes.csv
1.2,0.2,0.0045733544135851,assets/blumen_gep/supersonic_raw_spectrum_vs_blumen_a020_m120_130_raw_modes.csv
1.2,0.2,0.0046155516073827,assets/blumen_gep/supersonic_raw_spectrum_vs_blumen_a020_m120_130_raw_modes.csv
1.2,0.2,0.0046629575112988,assets/blumen_gep/supersonic_raw_spectrum_vs_blumen_a020_m120_130_raw_modes.csv
1.2,0.2,0.0047166145549159,assets/blumen_gep/supersonic_raw_spectrum_vs_blumen_a020_m120_130_raw_modes.csv
1.2,0.2,0.0047778682759195,assets/blumen_gep/supersonic_raw_spectrum_vs_blumen_a020_m120_130_raw_modes.csv
1.2,0.2,0.0048484966349195,assets/blumen_gep/supersonic_raw_spectrum_vs_blumen_a020_m120_130_raw_modes.csv
1.2,0.2,0.0049309127238422,assets/blumen_gep/supersonic_raw_spectrum_vs_blumen_a020_m120_130_raw_modes.csv
1.2,0.2,0.0050284929807742,assets/blumen_gep/supersonic_raw_spectrum_vs_blumen_a020_m120_130_raw_modes.csv
1.2,0.2,0.0051461237229772,assets/blumen_gep/supersonic_raw_spectrum_vs_blumen_a020_m120_130_raw_modes.csv
1.2,0.2,0.005291115673307,assets/blumen_gep/supersonic_raw_spectrum_vs_blumen_a020_m120_130_raw_modes.csv
1.2,0.2,0.0054745885195568,assets/blumen_gep/supersonic_raw_spectrum_vs_blumen_a020_m120_130_raw_modes.csv
1.2,0.2,0.0057121363565509,assets/blumen_gep/supersonic_raw_spectrum_vs_blumen_a020_m120_130_raw_modes.csv
1.2,0.2,0.006011161153064,assets/blumen_gep/supersonic_raw_spectrum_vs_blumen_a020_m120_130_raw_modes.csv
1.2,0.2,0.0062780833431272,assets/blumen_gep/supersonic_raw_spectrum_vs_blumen_a020_m120_130_raw_modes.csv
1.2,0.2,0.0062253382278811,assets/blumen_gep/supersonic_raw_spectrum_vs_blumen_a020_m120_130_raw_modes.csv
1.2,0.2,0.0058772816415085,assets/blumen_gep/supersonic_raw_spectrum_vs_blumen_a020_m120_130_raw_modes.csv
1.2,0.2,0.0055152324419309,assets/blumen_gep/supersonic_raw_spectrum_vs_blumen_a020_m120_130_raw_modes.csv
1.2,0.2,0.0052160524827413,assets/blumen_gep/supersonic_raw_spectrum_vs_blumen_a020_m120_130_raw_modes.csv
1.2,0.2,0.0049699844832514,assets/blumen_gep/supersonic_raw_spectrum_vs_blumen_a020_m120_130_raw_modes.csv
1.2,0.2,0.004761773364993,assets/blumen_gep/supersonic_raw_spectrum_vs_blumen_a020_m120_130_raw_modes.csv
1.2,0.2,0.0045806914607551,assets/blumen_gep/supersonic_raw_spectrum_vs_blumen_a020_m120_130_raw_modes.csv
1.2,0.2,0.0044196694027541,assets/blumen_gep/supersonic_raw_spectrum_vs_blumen_a020_m120_130_raw_modes.csv
1.2,0.2,0.0042739609428703,assets/blumen_gep/supersonic_raw_spectrum_vs_blumen_a020_m120_130_raw_modes.csv
1.2,0.2,0.0041402731987787,assets/blumen_gep/supersonic_raw_spectrum_vs_blumen_a020_m120_130_raw_modes.csv
1.2,0.2,0.0040162460024388,assets/blumen_gep/supersonic_raw_spectrum_vs_blumen_a020_m120_130_raw_modes.csv
1.2,0.2,0.0039001378095153,assets/blumen_gep/supersonic_raw_spectrum_vs_blumen_a020_m120_130_raw_modes.csv
1.2,0.2,0.0037906307626885,assets/blumen_gep/supersonic_raw_spectrum_vs_blumen_a020_m120_130_raw_modes.csv
1.2,0.2,0.0036867057602202,assets/blumen_gep/supersonic_raw_spectrum_vs_blumen_a020_m120_130_raw_modes.csv
1.2,0.2,0.0035875598776727,assets/blumen_gep/supersonic_raw_spectrum_vs_blumen_a020_m120_130_raw_modes.csv
1.2,0.2,0.0034925502219751,assets/blumen_gep/supersonic_raw_spectrum_vs_blumen_a020_m120_130_raw_modes.csv
1.2,0.2,0.0034011547763558,assets/blumen_gep/supersonic_raw_spectrum_vs_blumen_a020_m120_130_raw_modes.csv
1.2,0.2,0.0033129444673532,assets/blumen_gep/supersonic_raw_spectrum_vs_blumen_a020_m120_130_raw_modes.csv
1.2,0.2,0.0032275628309025,assets/blumen_gep/supersonic_raw_spectrum_vs_blumen_a020_m120_130_raw_modes.csv
1.2,0.2,0.0031447109386788,assets/blumen_gep/supersonic_raw_spectrum_vs_blumen_a020_m120_130_raw_modes.csv
1.2,0.2,0.0030641360417853,assets/blumen_gep/supersonic_raw_spectrum_vs_blumen_a020_m120_130_raw_modes.csv
1.2,0.2,0.002985622887411,assets/blumen_gep/supersonic_raw_spectrum_vs_blumen_a020_m120_130_raw_modes.csv
1.2,0.2,0.0029089869908946,assets/blumen_gep/supersonic_raw_spectrum_vs_blumen_a020_m120_130_raw_modes.csv
1.2,0.2,0.0028340693609601,assets/blumen_gep/supersonic_raw_spectrum_vs_blumen_a020_m120_130_raw_modes.csv
1.2,0.2,0.0027607323161118,assets/blumen_gep/supersonic_raw_spectrum_vs_blumen_a020_m120_130_raw_modes.csv
1.2,0.2,0.0026888561346156,assets/blumen_gep/supersonic_raw_spectrum_vs_blumen_a020_m120_130_raw_modes.csv
1.2,0.2,0.0026183363468076,assets/blumen_gep/supersonic_raw_spectrum_vs_blumen_a020_m120_130_raw_modes.csv
1.2,0.2,0.002549081526523,assets/blumen_gep/supersonic_raw_spectrum_vs_blumen_a020_m120_130_raw_modes.csv
1.2,0.2,0.0024810114765137,assets/blumen_gep/supersonic_raw_spectrum_vs_blumen_a020_m120_130_raw_modes.csv
1.2,0.2,0.0024140557257181,assets/blumen_gep/supersonic_raw_spectrum_vs_blumen_a020_m120_130_raw_modes.csv
1.2,0.2,0.0023481522759883,assets/blumen_gep/supersonic_raw_spectrum_vs_blumen_a020_m120_130_raw_modes.csv
1.2,0.2,0.0022832465507683,assets/blumen_gep/supersonic_raw_spectrum_vs_blumen_a020_m120_130_raw_modes.csv
1.2,0.2,0.0022192905054421,assets/blumen_gep/supersonic_raw_spectrum_vs_blumen_a020_m120_130_raw_modes.csv
1.2,0.2,0.0021562418729875,assets/blumen_gep/supersonic_raw_spectrum_vs_blumen_a020_m120_130_raw_modes.csv
1.2,0.2,0.0020940635169742,assets/blumen_gep/supersonic_raw_spectrum_vs_blumen_a020_m120_130_raw_modes.csv
1.2,0.2,0.0020327228767416,assets/blumen_gep/supersonic_raw_spectrum_vs_blumen_a020_m120_130_raw_modes.csv
1.2,0.2,0.0019721914856802,assets/blumen_gep/supersonic_raw_spectrum_vs_blumen_a020_m120_130_raw_modes.csv
1.2,0.2,0.0019124445524967,assets/blumen_gep/supersonic_raw_spectrum_vs_blumen_a020_m120_130_raw_modes.csv
1.2,0.2,0.0018534605943283,assets/blumen_gep/supersonic_raw_spectrum_vs_blumen_a020_m120_130_raw_modes.csv
1.2,0.2,0.0017952211120205,assets/blumen_gep/supersonic_raw_spectrum_vs_blumen_a020_m120_130_raw_modes.csv
1.2,0.2,0.0017377103026738,assets/blumen_gep/supersonic_raw_spectrum_vs_blumen_a020_m120_130_raw_modes.csv
1.2,0.2,0.0016809148005682,assets/blumen_gep/supersonic_raw_spectrum_vs_blumen_a020_m120_130_raw_modes.csv
1.2,0.2,0.0016248234442159,assets/blumen_gep/supersonic_raw_spectrum_vs_blumen_a020_m120_130_raw_modes.csv
1.2,0.2,0.001569427062122,assets/blumen_gep/supersonic_raw_spectrum_vs_blumen_a020_m120_130_raw_modes.csv
1.2,0.2,0.0015147182755502,assets/blumen_gep/supersonic_raw_spectrum_vs_blumen_a020_m120_130_raw_modes.csv
1.2,0.2,0.0014606913141655,assets/blumen_gep/supersonic_raw_spectrum_vs_blumen_a020_m120_130_raw_modes.csv
1.2,0.2,0.0014073418398907,assets/blumen_gep/supersonic_raw_spectrum_vs_blumen_a020_m120_130_raw_modes.csv
1.2,0.2,0.001354666777967,assets/blumen_gep/supersonic_raw_spectrum_vs_blumen_a020_m120_130_raw_modes.csv
1.2,0.2,0.0013026641507473,assets/blumen_gep/supersonic_raw_spectrum_vs_blumen_a020_m120_130_raw_modes.csv
1.2,0.2,0.0012513329114941,assets/blumen_gep/supersonic_raw_spectrum_vs_blumen_a020_m120_130_raw_modes.csv
1.2,0.2,0.0012006727749394,assets/blumen_gep/supersonic_raw_spectrum_vs_blumen_a020_m120_130_raw_modes.csv
1.2,0.2,0.0011506840391053,assets/blumen_gep/supersonic_raw_spectrum_vs_blumen_a020_m120_130_raw_modes.csv
1.2,0.2,0.0011013673999486,assets/blumen_gep/supersonic_raw_spectrum_vs_blumen_a020_m120_130_raw_modes.csv
1.2,0.2,0.0010527237616482,assets/blumen_gep/supersonic_raw_spectrum_vs_blumen_a020_m120_130_raw_modes.csv
1.2,0.2,0.0010047539663454,assets/blumen_gep/supersonic_raw_spectrum_vs_blumen_a020_m120_130_raw_modes.csv
1.2,0.2,0.0009574585830061,assets/blumen_gep/supersonic_raw_spectrum_vs_blumen_a020_m120_130_raw_modes.csv
1.2,0.2,0.0009108376138199,assets/blumen_gep/supersonic_raw_spectrum_vs_blumen_a020_m120_130_raw_modes.csv
1.2,0.2,0.0008648900988115,assets/blumen_gep/supersonic_raw_spectrum_vs_blumen_a020_m120_130_raw_modes.csv
1.2,0.2,0.0008196137277232,assets/blumen_gep/supersonic_raw_spectrum_vs_blumen_a020_m120_130_raw_modes.csv
1.2,0.2,0.0007750043591346,assets/blumen_gep/supersonic_raw_spectrum_vs_blumen_a020_m120_130_raw_modes.csv
1.2,0.2,0.0007310552789711,assets/blumen_gep/supersonic_raw_spectrum_vs_blumen_a020_m120_130_raw_modes.csv
1.2,0.2,0.0006877565204325,assets/blumen_gep/supersonic_raw_spectrum_vs_blumen_a020_m120_130_raw_modes.csv
1.2,0.2,0.0006450936072971,assets/blumen_gep/supersonic_raw_spectrum_vs_blumen_a020_m120_130_raw_modes.csv
1.2,0.2,0.0006030463213405,assets/blumen_gep/supersonic_raw_spectrum_vs_blumen_a020_m120_130_raw_modes.csv
1.2,0.2,0.00056158661552,assets/blumen_gep/supersonic_raw_spectrum_vs_blumen_a020_m120_130_raw_modes.csv
1.2,0.2,0.0005206759326642,assets/blumen_gep/supersonic_raw_spectrum_vs_blumen_a020_m120_130_raw_modes.csv
1.2,0.2,0.0004802612158495,assets/blumen_gep/supersonic_raw_spectrum_vs_blumen_a020_m120_130_raw_modes.csv
1.2,0.2,0.0004402690326486,assets/blumen_gep/supersonic_raw_spectrum_vs_blumen_a020_m120_130_raw_modes.csv
1.2,0.2,0.0004005963336954,assets/blumen_gep/supersonic_raw_spectrum_vs_blumen_a020_m120_130_raw_modes.csv
1.2,0.2,0.0003610954091051,assets/blumen_gep/supersonic_raw_spectrum_vs_blumen_a020_m120_130_raw_modes.csv
1.2,0.2,0.0003215477718117,assets/blumen_gep/supersonic_raw_spectrum_vs_blumen_a020_m120_130_raw_modes.csv
1.2,0.2,0.0002816152646424,assets/blumen_gep/supersonic_raw_spectrum_vs_blumen_a020_m120_130_raw_modes.csv
1.2,0.2,0.0002407385668667,assets/blumen_gep/supersonic_raw_spectrum_vs_blumen_a020_m120_130_raw_modes.csv
1.2,0.2,0.0001978931549891,assets/blumen_gep/supersonic_raw_spectrum_vs_blumen_a020_m120_130_raw_modes.csv
1.2,0.2,0.0001508472743039,assets/blumen_gep/supersonic_raw_spectrum_vs_blumen_a020_m120_130_raw_modes.csv
1.2,0.2,9.25506414834015e-05,assets/blumen_gep/supersonic_raw_spectrum_vs_blumen_a020_m120_130_raw_modes.csv
1.2,0.2,1.0898716719994604e-21,assets/blumen_gep/supersonic_raw_spectrum_vs_blumen_a020_m120_130_raw_modes.csv
1.2,0.2,5.511523668374076e-13,assets/blumen_gep/supersonic_raw_spectrum_vs_blumen_a020_m120_130_raw_modes.csv
1.2,0.2,1.5759308216682e-14,assets/blumen_gep/supersonic_raw_spectrum_vs_blumen_a020_m120_130_raw_modes.csv
1.2,0.2,2.9487460661508804e-16,assets/blumen_gep/supersonic_raw_spectrum_vs_blumen_a020_m120_130_raw_modes.csv
1.2,0.2,4.5031640853708006e-15,assets/blumen_gep/supersonic_raw_spectrum_vs_blumen_a020_m120_130_raw_modes.csv
1.2,0.2,1.3182479943691941e-15,assets/blumen_gep/supersonic_raw_spectrum_vs_blumen_a020_m120_130_raw_modes.csv
1.2,0.2,3.930602774055401e-19,assets/blumen_gep/supersonic_raw_spectrum_vs_blumen_a020_m120_130_raw_modes.csv
1.2,0.2,1.5108095812636824e-16,assets/blumen_gep/supersonic_raw_spectrum_vs_blumen_a020_m120_130_raw_modes.csv
1.2,0.2,5.768215141473536e-18,assets/blumen_gep/supersonic_raw_spectrum_vs_blumen_a020_m120_130_raw_modes.csv
1.2,0.2,5.018698199115007e-16,assets/blumen_gep/supersonic_raw_spectrum_vs_blumen_a020_m120_130_raw_modes.csv
1.2,0.2,4.976973835680309e-18,assets/blumen_gep/supersonic_raw_spectrum_vs_blumen_a020_m120_130_raw_modes.csv
1.2,0.2,8.112752139551192e-17,assets/blumen_gep/supersonic_raw_spectrum_vs_blumen_a020_m120_130_raw_modes.csv
1.2,0.2,3.660022621980197e-17,assets/blumen_gep/supersonic_raw_spectrum_vs_blumen_a020_m120_130_raw_modes.csv
1.2,0.2,6.031921916549259e-17,assets/blumen_gep/supersonic_raw_spectrum_vs_blumen_a020_m120_130_raw_modes.csv
1.2,0.2,7.792307177327489e-18,assets/blumen_gep/supersonic_raw_spectrum_vs_blumen_a020_m120_130_raw_modes.csv
1.2,0.2,2.516064421948314e-18,assets/blumen_gep/supersonic_raw_spectrum_vs_blumen_a020_m120_130_raw_modes.csv
1.2,0.2,5.70856978652295e-18,assets/blumen_gep/supersonic_raw_spectrum_vs_blumen_a020_m120_130_raw_modes.csv
1.2,0.2,3.6987595327005765e-17,assets/blumen_gep/supersonic_raw_spectrum_vs_blumen_a020_m120_130_raw_modes.csv
1.2,0.2,8.68781332701598e-18,assets/blumen_gep/supersonic_raw_spectrum_vs_blumen_a020_m120_130_raw_modes.csv
1.2,0.2,1.209741955959873e-17,assets/blumen_gep/supersonic_raw_spectrum_vs_blumen_a020_m120_130_raw_modes.csv
1.2,0.2,1.9181378584255981e-16,assets/blumen_gep/supersonic_raw_spectrum_vs_blumen_a020_m120_130_raw_modes.csv
1.25,0.2,0.0345136985789133,assets/blumen_gep/supersonic_blumen_eigencondition_audit_a020_m120_130_map_grid.csv
1.25,0.2,0.0365136985789133,assets/blumen_gep/supersonic_blumen_eigencondition_audit_a020_m120_130_map_grid.csv
1.25,0.2,0.0385136985789133,assets/blumen_gep/supersonic_blumen_eigencondition_audit_a020_m120_130_map_grid.csv
1.25,0.2,0.0405136985789133,assets/blumen_gep/supersonic_blumen_eigencondition_audit_a020_m120_130_map_grid.csv
1.25,0.2,0.0425136985789133,assets/blumen_gep/supersonic_blumen_eigencondition_audit_a020_m120_130_map_grid.csv
1.25,0.2,0.0445136985789133,assets/blumen_gep/supersonic_blumen_eigencondition_audit_a020_m120_130_map_grid.csv
1.25,0.2,0.0465136985789133,assets/blumen_gep/supersonic_blumen_eigencondition_audit_a020_m120_130_map_grid.csv
1.25,0.2,0.0485136985789133,assets/blumen_gep/supersonic_blumen_eigencondition_audit_a020_m120_130_map_grid.csv
1.25,0.2,0.0505136985789133,assets/blumen_gep/supersonic_blumen_eigencondition_audit_a020_m120_130_map_grid.csv
1.25,0.2,0.0525136985789133,assets/blumen_gep/supersonic_blumen_eigencondition_audit_a020_m120_130_map_grid.csv
1.25,0.2,0.0545136985789133,assets/blumen_gep/supersonic_blumen_eigencondition_audit_a020_m120_130_map_grid.csv
1.25,0.2,0.0565136985789133,assets/blumen_gep/supersonic_blumen_eigencondition_audit_a020_m120_130_map_grid.csv
1.25,0.2,0.0585136985789133,assets/blumen_gep/supersonic_blumen_eigencondition_audit_a020_m120_130_map_grid.csv
1.25,0.2,0.0605136985789133,assets/blumen_gep/supersonic_blumen_eigencondition_audit_a020_m120_130_map_grid.csv
1.25,0.2,0.0625136985789134,assets/blumen_gep/supersonic_blumen_eigencondition_audit_a020_m120_130_map_grid.csv
1.25,0.2,0.0645136985789134,assets/blumen_gep/supersonic_blumen_eigencondition_audit_a020_m120_130_map_grid.csv
1.25,0.2,0.0665136985789134,assets/blumen_gep/supersonic_blumen_eigencondition_audit_a020_m120_130_map_grid.csv
1.25,0.2,0.0685136985789134,assets/blumen_gep/supersonic_blumen_eigencondition_audit_a020_m120_130_map_grid.csv
1.25,0.2,0.0705136985789134,assets/blumen_gep/supersonic_blumen_eigencondition_audit_a020_m120_130_map_grid.csv
1.25,0.2,0.0725136985789133,assets/blumen_gep/supersonic_blumen_eigencondition_audit_a020_m120_130_map_grid.csv
1.25,0.2,0.0745136985789133,assets/blumen_gep/supersonic_blumen_eigencondition_audit_a020_m120_130_map_grid.csv
1.25,0.2,0.0066368737661853,assets/blumen_gep/supersonic_raw_spectrum_vs_blumen_a020_m120_130_nearest.csv
1.25,0.2,0.0067642056164484,assets/blumen_gep/supersonic_raw_spectrum_vs_blumen_a020_m120_130_nearest.csv
1.25,0.2,0.0065079074213781,assets/blumen_gep/supersonic_raw_spectrum_vs_blumen_a020_m120_130_nearest.csv
1.25,0.2,0.0068898420953084,assets/blumen_gep/supersonic_raw_spectrum_vs_blumen_a020_m120_130_nearest.csv
1.25,0.2,0.006377315229502,assets/blumen_gep/supersonic_raw_spectrum_vs_blumen_a020_m120_130_nearest.csv
1.25,0.2,0.0070136748966772,assets/blumen_gep/supersonic_raw_spectrum_vs_blumen_a020_m120_130_nearest.csv
1.25,0.2,0.0062450485014655,assets/blumen_gep/supersonic_raw_spectrum_vs_blumen_a020_m120_130_nearest.csv
1.25,0.2,0.0071355533229256,assets/blumen_gep/supersonic_raw_spectrum_vs_blumen_a020_m120_130_nearest.csv
1.25,0.2,0.0061109952189126,assets/blumen_gep/supersonic_raw_spectrum_vs_blumen_a020_m120_130_nearest.csv
1.25,0.2,0.0072552900906023,assets/blumen_gep/supersonic_raw_spectrum_vs_blumen_a020_m120_130_nearest.csv
1.25,0.2,0.0059749725224374,assets/blumen_gep/supersonic_raw_spectrum_vs_blumen_a020_m120_130_nearest.csv
1.25,0.2,0.0073726684133574,assets/blumen_gep/supersonic_raw_spectrum_vs_blumen_a020_m120_130_nearest.csv
1.25,0.2,0.0043421387528046,assets/blumen_gep/supersonic_raw_spectrum_vs_blumen_a020_m120_130_nearest.csv
1.25,0.2,0.0042797247555728,assets/blumen_gep/supersonic_raw_spectrum_vs_blumen_a020_m120_130_nearest.csv
1.25,0.2,0.0044039741337161,assets/blumen_gep/supersonic_raw_spectrum_vs_blumen_a020_m120_130_nearest.csv
1.25,0.2,0.0042167418508601,assets/blumen_gep/supersonic_raw_spectrum_vs_blumen_a020_m120_130_nearest.csv
1.25,0.2,0.0044652131882308,assets/blumen_gep/supersonic_raw_spectrum_vs_blumen_a020_m120_130_nearest.csv
1.25,0.2,0.0041531911334261,assets/blumen_gep/supersonic_raw_spectrum_vs_blumen_a020_m120_130_nearest.csv
1.25,0.2,0.004525830830767,assets/blumen_gep/supersonic_raw_spectrum_vs_blumen_a020_m120_130_nearest.csv
1.25,0.2,0.0040890644310615,assets/blumen_gep/supersonic_raw_spectrum_vs_blumen_a020_m120_130_nearest.csv
1.25,0.2,0.0045857952464221,assets/blumen_gep/supersonic_raw_spectrum_vs_blumen_a020_m120_130_nearest.csv
1.25,0.2,0.0040243435967848,assets/blumen_gep/supersonic_raw_spectrum_vs_blumen_a020_m120_130_nearest.csv
1.25,0.2,0.0046450686048246,assets/blumen_gep/supersonic_raw_spectrum_vs_blumen_a020_m120_130_nearest.csv
1.25,0.2,0.0039589996991626,assets/blumen_gep/supersonic_raw_spectrum_vs_blumen_a020_m120_130_nearest.csv
1.25,0.2,0.0032642654848933,assets/blumen_gep/supersonic_raw_spectrum_vs_blumen_a020_m120_130_nearest.csv
1.25,0.2,0.0033040063606474,assets/blumen_gep/supersonic_raw_spectrum_vs_blumen_a020_m120_130_nearest.csv
1.25,0.2,0.0032242287868172,assets/blumen_gep/supersonic_raw_spectrum_vs_blumen_a020_m120_130_nearest.csv
1.25,0.2,0.0033434466972663,assets/blumen_gep/supersonic_raw_spectrum_vs_blumen_a020_m120_130_nearest.csv
1.25,0.2,0.003183898277962,assets/blumen_gep/supersonic_raw_spectrum_vs_blumen_a020_m120_130_nearest.csv
1.25,0.2,0.0033825792510291,assets/blumen_gep/supersonic_raw_spectrum_vs_blumen_a020_m120_130_nearest.csv
1.25,0.2,0.0031432731120468,assets/blumen_gep/supersonic_raw_spectrum_vs_blumen_a020_m120_130_nearest.csv
1.25,0.2,0.0034213944179435,assets/blumen_gep/supersonic_raw_spectrum_vs_blumen_a020_m120_130_nearest.csv
1.25,0.2,0.0031023493787119,assets/blumen_gep/supersonic_raw_spectrum_vs_blumen_a020_m120_130_nearest.csv
1.25,0.2,0.0034598804098905,assets/blumen_gep/supersonic_raw_spectrum_vs_blumen_a020_m120_130_nearest.csv
1.25,0.2,0.0030611199252324,assets/blumen_gep/supersonic_raw_spectrum_vs_blumen_a020_m120_130_nearest.csv
1.25,0.2,0.0034980234476293,assets/blumen_gep/supersonic_raw_spectrum_vs_blumen_a020_m120_130_nearest.csv
1.25,0.2,0.005836716911634,assets/blumen_gep/supersonic_raw_spectrum_vs_blumen_a020_m120_130_raw_modes.csv
1.25,0.2,0.0074874508238355,assets/blumen_gep/supersonic_raw_spectrum_vs_blumen_a020_m120_130_raw_modes.csv
1.25,0.2,0.0056958711960488,assets/blumen_gep/supersonic_raw_spectrum_vs_blumen_a020_m120_130_raw_modes.csv
1.25,0.2,0.0075993900976653,assets/blumen_gep/supersonic_raw_spectrum_vs_blumen_a020_m120_130_raw_modes.csv
1.25,0.2,0.0055519668842579,assets/blumen_gep/supersonic_raw_spectrum_vs_blumen_a020_m120_130_raw_modes.csv
1.25,0.2,0.0077082424849786,assets/blumen_gep/supersonic_raw_spectrum_vs_blumen_a020_m120_130_raw_modes.csv
1.25,0.2,0.0054044001345432,assets/blumen_gep/supersonic_raw_spectrum_vs_blumen_a020_m120_130_raw_modes.csv
1.25,0.2,0.0078137832231445,assets/blumen_gep/supersonic_raw_spectrum_vs_blumen_a020_m120_130_raw_modes.csv
1.25,0.2,0.0052523985379174,assets/blumen_gep/supersonic_raw_spectrum_vs_blumen_a020_m120_130_raw_modes.csv
1.25,0.2,0.0079158240130187,assets/blumen_gep/supersonic_raw_spectrum_vs_blumen_a020_m120_130_raw_modes.csv
1.25,0.2,0.0050949744890897,assets/blumen_gep/supersonic_raw_spectrum_vs_blumen_a020_m120_130_raw_modes.csv
1.25,0.2,0.0080142318301552,assets/blumen_gep/supersonic_raw_spectrum_vs_blumen_a020_m120_130_raw_modes.csv
1.25,0.2,0.004930858478541,assets/blumen_gep/supersonic_raw_spectrum_vs_blumen_a020_m120_130_raw_modes.csv
1.25,0.2,0.0081089481613228,assets/blumen_gep/supersonic_raw_spectrum_vs_blumen_a020_m120_130_raw_modes.csv
1.25,0.2,0.0047584013275987,assets/blumen_gep/supersonic_raw_spectrum_vs_blumen_a020_m120_130_raw_modes.csv
1.25,0.2,0.0082000075939464,assets/blumen_gep/supersonic_raw_spectrum_vs_blumen_a020_m120_130_raw_modes.csv
1.25,0.2,0.0045754265875924,assets/blumen_gep/supersonic_raw_spectrum_vs_blumen_a020_m120_130_raw_modes.csv
1.25,0.2,0.0082875547022528,assets/blumen_gep/supersonic_raw_spectrum_vs_blumen_a020_m120_130_raw_modes.csv
1.25,0.2,0.0043789994002725,assets/blumen_gep/supersonic_raw_spectrum_vs_blumen_a020_m120_130_raw_modes.csv
1.25,0.2,0.0083718584309003,assets/blumen_gep/supersonic_raw_spectrum_vs_blumen_a020_m120_130_raw_modes.csv
1.25,0.2,0.0041650477588275,assets/blumen_gep/supersonic_raw_spectrum_vs_blumen_a020_m120_130_raw_modes.csv
1.25,0.2,0.0084533236695969,assets/blumen_gep/supersonic_raw_spectrum_vs_blumen_a020_m120_130_raw_modes.csv
1.25,0.2,0.0039277054495732,assets/blumen_gep/supersonic_raw_spectrum_vs_blumen_a020_m120_130_raw_modes.csv
1.25,0.2,0.0085325004041765,assets/blumen_gep/supersonic_raw_spectrum_vs_blumen_a020_m120_130_raw_modes.csv
1.25,0.2,0.0036580847648623,assets/blumen_gep/supersonic_raw_spectrum_vs_blumen_a020_m120_130_raw_modes.csv
1.25,0.2,0.0086100916394096,assets/blumen_gep/supersonic_raw_spectrum_vs_blumen_a020_m120_130_raw_modes.csv
1.25,0.2,0.0033417441166482,assets/blumen_gep/supersonic_raw_spectrum_vs_blumen_a020_m120_130_raw_modes.csv
1.25,0.2,0.1954980912565129,assets/blumen_gep/supersonic_raw_spectrum_vs_blumen_a020_m120_130_raw_modes.csv
1.25,0.2,0.0086869621451699,assets/blumen_gep/supersonic_raw_spectrum_vs_blumen_a020_m120_130_raw_modes.csv
1.25,0.2,0.0029526595028833,assets/blumen_gep/supersonic_raw_spectrum_vs_blumen_a020_m120_130_raw_modes.csv
1.25,0.2,0.0087641509513532,assets/blumen_gep/supersonic_raw_spectrum_vs_blumen_a020_m120_130_raw_modes.csv
1.25,0.2,0.0024351829473096,assets/blumen_gep/supersonic_raw_spectrum_vs_blumen_a020_m120_130_raw_modes.csv
1.25,0.2,0.0088428914725499,assets/blumen_gep/supersonic_raw_spectrum_vs_blumen_a020_m120_130_raw_modes.csv
1.25,0.2,0.0016180432931529,assets/blumen_gep/supersonic_raw_spectrum_vs_blumen_a020_m120_130_raw_modes.csv
1.25,0.2,0.00892464437578,assets/blumen_gep/supersonic_raw_spectrum_vs_blumen_a020_m120_130_raw_modes.csv
1.25,0.2,1.2881012671250046e-13,assets/blumen_gep/supersonic_raw_spectrum_vs_blumen_a020_m120_130_raw_modes.csv
1.25,0.2,4.2619104586622764e-14,assets/blumen_gep/supersonic_raw_spectrum_vs_blumen_a020_m120_130_raw_modes.csv
1.25,0.2,0.0090111501867205,assets/blumen_gep/supersonic_raw_spectrum_vs_blumen_a020_m120_130_raw_modes.csv
1.25,0.2,1.767218849859429e-14,assets/blumen_gep/supersonic_raw_spectrum_vs_blumen_a020_m120_130_raw_modes.csv
1.25,0.2,2.363344341161721e-13,assets/blumen_gep/supersonic_raw_spectrum_vs_blumen_a020_m120_130_raw_modes.csv
1.25,0.2,0.0091045118235334,assets/blumen_gep/supersonic_raw_spectrum_vs_blumen_a020_m120_130_raw_modes.csv
1.25,0.2,0.0016180432651354,assets/blumen_gep/supersonic_raw_spectrum_vs_blumen_a020_m120_130_raw_modes.csv
1.25,0.2,0.0092073228724523,assets/blumen_gep/supersonic_raw_spectrum_vs_blumen_a020_m120_130_raw_modes.csv
1.25,0.2,0.0024351829292315,assets/blumen_gep/supersonic_raw_spectrum_vs_blumen_a020_m120_130_raw_modes.csv
1.25,0.2,0.009322867545965,assets/blumen_gep/supersonic_raw_spectrum_vs_blumen_a020_m120_130_raw_modes.csv
1.25,0.2,0.0029526594935578,assets/blumen_gep/supersonic_raw_spectrum_vs_blumen_a020_m120_130_raw_modes.csv
1.25,0.2,0.0094554367033521,assets/blumen_gep/supersonic_raw_spectrum_vs_blumen_a020_m120_130_raw_modes.csv
1.25,0.2,0.0033417441091242,assets/blumen_gep/supersonic_raw_spectrum_vs_blumen_a020_m120_130_raw_modes.csv
1.25,0.2,0.0096108379431494,assets/blumen_gep/supersonic_raw_spectrum_vs_blumen_a020_m120_130_raw_modes.csv
1.25,0.2,0.0036580847583199,assets/blumen_gep/supersonic_raw_spectrum_vs_blumen_a020_m120_130_raw_modes.csv
1.25,0.2,0.009797237160501,assets/blumen_gep/supersonic_raw_spectrum_vs_blumen_a020_m120_130_raw_modes.csv
1.25,0.2,0.0039277054437315,assets/blumen_gep/supersonic_raw_spectrum_vs_blumen_a020_m120_130_raw_modes.csv
1.25,0.2,0.0100265546078731,assets/blumen_gep/supersonic_raw_spectrum_vs_blumen_a020_m120_130_raw_modes.csv
1.25,0.2,0.0041650477533549,assets/blumen_gep/supersonic_raw_spectrum_vs_blumen_a020_m120_130_raw_modes.csv
1.25,0.2,0.0103166146673084,assets/blumen_gep/supersonic_raw_spectrum_vs_blumen_a020_m120_130_raw_modes.csv
1.25,0.2,0.0043789993950479,assets/blumen_gep/supersonic_raw_spectrum_vs_blumen_a020_m120_130_raw_modes.csv
1.25,0.2,0.0106928592979566,assets/blumen_gep/supersonic_raw_spectrum_vs_blumen_a020_m120_130_raw_modes.csv
1.25,0.2,0.0045754265824463,assets/blumen_gep/supersonic_raw_spectrum_vs_blumen_a020_m120_130_raw_modes.csv
1.25,0.2,0.0111760397429847,assets/blumen_gep/supersonic_raw_spectrum_vs_blumen_a020_m120_130_raw_modes.csv
1.25,0.2,0.0047584013226478,assets/blumen_gep/supersonic_raw_spectrum_vs_blumen_a020_m120_130_raw_modes.csv
1.25,0.2,0.0116721752212788,assets/blumen_gep/supersonic_raw_spectrum_vs_blumen_a020_m120_130_raw_modes.csv
1.25,0.2,0.0049308584736921,assets/blumen_gep/supersonic_raw_spectrum_vs_blumen_a020_m120_130_raw_modes.csv
1.25,0.2,0.0117346976917802,assets/blumen_gep/supersonic_raw_spectrum_vs_blumen_a020_m120_130_raw_modes.csv
1.25,0.2,0.0050949744843765,assets/blumen_gep/supersonic_raw_spectrum_vs_blumen_a020_m120_130_raw_modes.csv
1.25,0.2,0.011176501190135,assets/blumen_gep/supersonic_raw_spectrum_vs_blumen_a020_m120_130_raw_modes.csv
1.25,0.2,0.0052523985333396,assets/blumen_gep/supersonic_raw_spectrum_vs_blumen_a020_m120_130_raw_modes.csv
1.25,0.2,0.0104819208793697,assets/blumen_gep/supersonic_raw_spectrum_vs_blumen_a020_m120_130_raw_modes.csv
1.25,0.2,0.0054044001299311,assets/blumen_gep/supersonic_raw_spectrum_vs_blumen_a020_m120_130_raw_modes.csv
1.25,0.2,0.0098820796401982,assets/blumen_gep/supersonic_raw_spectrum_vs_blumen_a020_m120_130_raw_modes.csv
1.25,0.2,0.0055519668797213,assets/blumen_gep/supersonic_raw_spectrum_vs_blumen_a020_m120_130_raw_modes.csv
1.25,0.2,0.0093808242583059,assets/blumen_gep/supersonic_raw_spectrum_vs_blumen_a020_m120_130_raw_modes.csv
1.25,0.2,0.0056958711924254,assets/blumen_gep/supersonic_raw_spectrum_vs_blumen_a020_m120_130_raw_modes.csv
1.25,0.2,0.0089515914887889,assets/blumen_gep/supersonic_raw_spectrum_vs_blumen_a020_m120_130_raw_modes.csv
1.25,0.2,0.0058367169072994,assets/blumen_gep/supersonic_raw_spectrum_vs_blumen_a020_m120_130_raw_modes.csv
1.25,0.2,0.0085736868564307,assets/blumen_gep/supersonic_raw_spectrum_vs_blumen_a020_m120_130_raw_modes.csv
1.25,0.2,0.0059749725180755,assets/blumen_gep/supersonic_raw_spectrum_vs_blumen_a020_m120_130_raw_modes.csv
1.25,0.2,0.0082332488501227,assets/blumen_gep/supersonic_raw_spectrum_vs_blumen_a020_m120_130_raw_modes.csv
1.25,0.2,0.006110995214653,assets/blumen_gep/supersonic_raw_spectrum_vs_blumen_a020_m120_130_raw_modes.csv
1.25,0.2,0.0079209867602366,assets/blumen_gep/supersonic_raw_spectrum_vs_blumen_a020_m120_130_raw_modes.csv
1.25,0.2,0.0062450484970303,assets/blumen_gep/supersonic_raw_spectrum_vs_blumen_a020_m120_130_raw_modes.csv
1.25,0.2,0.007630498031967,assets/blumen_gep/supersonic_raw_spectrum_vs_blumen_a020_m120_130_raw_modes.csv
1.25,0.2,0.0063773152253728,assets/blumen_gep/supersonic_raw_spectrum_vs_blumen_a020_m120_130_raw_modes.csv
1.25,0.2,0.0073572317998235,assets/blumen_gep/supersonic_raw_spectrum_vs_blumen_a020_m120_130_raw_modes.csv
1.25,0.2,0.0065079074173097,assets/blumen_gep/supersonic_raw_spectrum_vs_blumen_a020_m120_130_raw_modes.csv
1.25,0.2,0.007097860289283,assets/blumen_gep/supersonic_raw_spectrum_vs_blumen_a020_m120_130_raw_modes.csv
1.25,0.2,0.006636873762221,assets/blumen_gep/supersonic_raw_spectrum_vs_blumen_a020_m120_130_raw_modes.csv
1.25,0.2,0.0068498895519298,assets/blumen_gep/supersonic_raw_spectrum_vs_blumen_a020_m120_130_raw_modes.csv
1.25,0.2,0.0067642056125561,assets/blumen_gep/supersonic_raw_spectrum_vs_blumen_a020_m120_130_raw_modes.csv
1.25,0.2,0.0066114112388699,assets/blumen_gep/supersonic_raw_spectrum_vs_blumen_a020_m120_130_raw_modes.csv
1.25,0.2,0.0068898420914861,assets/blumen_gep/supersonic_raw_spectrum_vs_blumen_a020_m120_130_raw_modes.csv
1.25,0.2,0.0063809395503489,assets/blumen_gep/supersonic_raw_spectrum_vs_blumen_a020_m120_130_raw_modes.csv
1.25,0.2,0.0070136748929845,assets/blumen_gep/supersonic_raw_spectrum_vs_blumen_a020_m120_130_raw_modes.csv
1.25,0.2,0.0061573011190577,assets/blumen_gep/supersonic_raw_spectrum_vs_blumen_a020_m120_130_raw_modes.csv
1.25,0.2,0.0071355533194211,assets/blumen_gep/supersonic_raw_spectrum_vs_blumen_a020_m120_130_raw_modes.csv
1.25,0.2,0.005939558763976,assets/blumen_gep/supersonic_raw_spectrum_vs_blumen_a020_m120_130_raw_modes.csv
1.25,0.2,0.0072552900871466,assets/blumen_gep/supersonic_raw_spectrum_vs_blumen_a020_m120_130_raw_modes.csv
1.25,0.2,0.0057269574983715,assets/blumen_gep/supersonic_raw_spectrum_vs_blumen_a020_m120_130_raw_modes.csv
1.25,0.2,0.0073726684100682,assets/blumen_gep/supersonic_raw_spectrum_vs_blumen_a020_m120_130_raw_modes.csv
1.25,0.2,0.0055188855342653,assets/blumen_gep/supersonic_raw_spectrum_vs_blumen_a020_m120_130_raw_modes.csv
1.25,0.2,0.0053148456178362,assets/blumen_gep/supersonic_raw_spectrum_vs_blumen_a020_m120_130_raw_modes.csv
1.25,0.2,0.0074874508206876,assets/blumen_gep/supersonic_raw_spectrum_vs_blumen_a020_m120_130_raw_modes.csv
1.25,0.2,0.0051144336207568,assets/blumen_gep/supersonic_raw_spectrum_vs_blumen_a020_m120_130_raw_modes.csv
1.25,0.2,0.0075993900946156,assets/blumen_gep/supersonic_raw_spectrum_vs_blumen_a020_m120_130_raw_modes.csv
1.25,0.2,0.004917322330052,assets/blumen_gep/supersonic_raw_spectrum_vs_blumen_a020_m120_130_raw_modes.csv
1.25,0.2,0.0077082424820793,assets/blumen_gep/supersonic_raw_spectrum_vs_blumen_a020_m120_130_raw_modes.csv
1.25,0.2,0.0047232490141506,assets/blumen_gep/supersonic_raw_spectrum_vs_blumen_a020_m120_130_raw_modes.csv
1.25,0.2,0.0078137832203746,assets/blumen_gep/supersonic_raw_spectrum_vs_blumen_a020_m120_130_raw_modes.csv
1.25,0.2,0.0045320057758483,assets/blumen_gep/supersonic_raw_spectrum_vs_blumen_a020_m120_130_raw_modes.csv
1.25,0.2,0.0079158240104266,assets/blumen_gep/supersonic_raw_spectrum_vs_blumen_a020_m120_130_raw_modes.csv
1.25,0.2,0.0043434319837861,assets/blumen_gep/supersonic_raw_spectrum_vs_blumen_a020_m120_130_raw_modes.csv
1.25,0.2,0.0080142318277128,assets/blumen_gep/supersonic_raw_spectrum_vs_blumen_a020_m120_130_raw_modes.csv
1.25,0.2,0.0041574082706473,assets/blumen_gep/supersonic_raw_spectrum_vs_blumen_a020_m120_130_raw_modes.csv
1.25,0.2,0.008108948159008,assets/blumen_gep/supersonic_raw_spectrum_vs_blumen_a020_m120_130_raw_modes.csv
1.25,0.2,0.0039738517251207,assets/blumen_gep/supersonic_raw_spectrum_vs_blumen_a020_m120_130_raw_modes.csv
1.25,0.2,0.0037927119807201,assets/blumen_gep/supersonic_raw_spectrum_vs_blumen_a020_m120_130_raw_modes.csv
1.25,0.2,0.0082000075917431,assets/blumen_gep/supersonic_raw_spectrum_vs_blumen_a020_m120_130_raw_modes.csv
1.25,0.2,0.0036139680106994,assets/blumen_gep/supersonic_raw_spectrum_vs_blumen_a020_m120_130_raw_modes.csv
1.25,0.2,0.0082875547001875,assets/blumen_gep/supersonic_raw_spectrum_vs_blumen_a020_m120_130_raw_modes.csv
1.25,0.2,0.0034376254302887,assets/blumen_gep/supersonic_raw_spectrum_vs_blumen_a020_m120_130_raw_modes.csv
1.25,0.2,0.1954980912564723,assets/blumen_gep/supersonic_raw_spectrum_vs_blumen_a020_m120_130_raw_modes.csv
1.25,0.2,0.0083718584289818,assets/blumen_gep/supersonic_raw_spectrum_vs_blumen_a020_m120_130_raw_modes.csv
1.25,0.2,0.0032637142032413,assets/blumen_gep/supersonic_raw_spectrum_vs_blumen_a020_m120_130_raw_modes.csv
1.25,0.2,0.0030922866153323,assets/blumen_gep/supersonic_raw_spectrum_vs_blumen_a020_m120_130_raw_modes.csv
1.25,0.2,0.008453323667819,assets/blumen_gep/supersonic_raw_spectrum_vs_blumen_a020_m120_130_raw_modes.csv
1.25,0.2,0.00292341545166,assets/blumen_gep/supersonic_raw_spectrum_vs_blumen_a020_m120_130_raw_modes.csv
1.25,0.2,0.008532500402529,assets/blumen_gep/supersonic_raw_spectrum_vs_blumen_a020_m120_130_raw_modes.csv
1.25,0.2,0.0027571922744794,assets/blumen_gep/supersonic_raw_spectrum_vs_blumen_a020_m120_130_raw_modes.csv
1.25,0.2,0.0086100916379053,assets/blumen_gep/supersonic_raw_spectrum_vs_blumen_a020_m120_130_raw_modes.csv
1.25,0.2,0.0025937257465772,assets/blumen_gep/supersonic_raw_spectrum_vs_blumen_a020_m120_130_raw_modes.csv
1.25,0.2,0.0024331399253677,assets/blumen_gep/supersonic_raw_spectrum_vs_blumen_a020_m120_130_raw_modes.csv
1.25,0.2,0.0086869621437744,assets/blumen_gep/supersonic_raw_spectrum_vs_blumen_a020_m120_130_raw_modes.csv
1.25,0.2,0.0022755724625798,assets/blumen_gep/supersonic_raw_spectrum_vs_blumen_a020_m120_130_raw_modes.csv
1.25,0.2,0.0087641509501051,assets/blumen_gep/supersonic_raw_spectrum_vs_blumen_a020_m120_130_raw_modes.csv
1.25,0.2,0.0021211726395513,assets/blumen_gep/supersonic_raw_spectrum_vs_blumen_a020_m120_130_raw_modes.csv
1.25,0.2,0.0019700991565089,assets/blumen_gep/supersonic_raw_spectrum_vs_blumen_a020_m120_130_raw_modes.csv
1.25,0.2,0.008842891471486,assets/blumen_gep/supersonic_raw_spectrum_vs_blumen_a020_m120_130_raw_modes.csv
1.25,0.2,0.0018225175812757,assets/blumen_gep/supersonic_raw_spectrum_vs_blumen_a020_m120_130_raw_modes.csv
1.25,0.2,0.0016785973330585,assets/blumen_gep/supersonic_raw_spectrum_vs_blumen_a020_m120_130_raw_modes.csv
1.25,0.2,0.0089246443746686,assets/blumen_gep/supersonic_raw_spectrum_vs_blumen_a020_m120_130_raw_modes.csv
1.25,0.2,0.0015385080308218,assets/blumen_gep/supersonic_raw_spectrum_vs_blumen_a020_m120_130_raw_modes.csv
1.25,0.2,0.0014024149589702,assets/blumen_gep/supersonic_raw_spectrum_vs_blumen_a020_m120_130_raw_modes.csv
1.25,0.2,0.0090111501856686,assets/blumen_gep/supersonic_raw_spectrum_vs_blumen_a020_m120_130_raw_modes.csv
1.25,0.2,0.0012704732647741,assets/blumen_gep/supersonic_raw_spectrum_vs_blumen_a020_m120_130_raw_modes.csv
1.25,0.2,0.0011428202633883,assets/blumen_gep/supersonic_raw_spectrum_vs_blumen_a020_m120_130_raw_modes.csv
1.25,0.2,0.0091045118227751,assets/blumen_gep/supersonic_raw_spectrum_vs_blumen_a020_m120_130_raw_modes.csv
1.25,0.2,0.0010195647705469,assets/blumen_gep/supersonic_raw_spectrum_vs_blumen_a020_m120_130_raw_modes.csv
1.25,0.2,0.0009007715052807,assets/blumen_gep/supersonic_raw_spectrum_vs_blumen_a020_m120_130_raw_modes.csv
1.25,0.2,0.0092073228716269,assets/blumen_gep/supersonic_raw_spectrum_vs_blumen_a020_m120_130_raw_modes.csv
1.25,0.2,0.0007864367559308,assets/blumen_gep/supersonic_raw_spectrum_vs_blumen_a020_m120_130_raw_modes.csv
1.25,0.2,0.0006764473596809,assets/blumen_gep/supersonic_raw_spectrum_vs_blumen_a020_m120_130_raw_modes.csv
1.25,0.2,0.0005705047154721,assets/blumen_gep/supersonic_raw_spectrum_vs_blumen_a020_m120_130_raw_modes.csv
1.25,0.2,0.0093228675453264,assets/blumen_gep/supersonic_raw_spectrum_vs_blumen_a020_m120_130_raw_modes.csv
1.25,0.2,0.0004679662187846,assets/blumen_gep/supersonic_raw_spectrum_vs_blumen_a020_m120_130_raw_modes.csv
1.25,0.2,0.0003674560832992,assets/blumen_gep/supersonic_raw_spectrum_vs_blumen_a020_m120_130_raw_modes.csv
1.25,0.2,0.0002656373437017,assets/blumen_gep/supersonic_raw_spectrum_vs_blumen_a020_m120_130_raw_modes.csv
1.25,0.2,0.009455436702792,assets/blumen_gep/supersonic_raw_spectrum_vs_blumen_a020_m120_130_raw_modes.csv
1.25,0.2,0.0001507836748571,assets/blumen_gep/supersonic_raw_spectrum_vs_blumen_a020_m120_130_raw_modes.csv
1.25,0.2,1.3419685934129637e-12,assets/blumen_gep/supersonic_raw_spectrum_vs_blumen_a020_m120_130_raw_modes.csv
1.25,0.2,1.252532481519069e-12,assets/blumen_gep/supersonic_raw_spectrum_vs_blumen_a020_m120_130_raw_modes.csv
1.25,0.2,1.5771502137083236e-12,assets/blumen_gep/supersonic_raw_spectrum_vs_blumen_a020_m120_130_raw_modes.csv
1.25,0.2,0.0096108379427238,assets/blumen_gep/supersonic_raw_spectrum_vs_blumen_a020_m120_130_raw_modes.csv
1.25,0.2,1.2013948197100929e-12,assets/blumen_gep/supersonic_raw_spectrum_vs_blumen_a020_m120_130_raw_modes.csv
1.25,0.2,1.1076283285888885e-12,assets/blumen_gep/supersonic_raw_spectrum_vs_blumen_a020_m120_130_raw_modes.csv
1.25,0.2,4.665815784492652e-13,assets/blumen_gep/supersonic_raw_spectrum_vs_blumen_a020_m120_130_raw_modes.csv
1.25,0.2,6.27981792072902e-13,assets/blumen_gep/supersonic_raw_spectrum_vs_blumen_a020_m120_130_raw_modes.csv
1.25,0.2,3.742976516582344e-12,assets/blumen_gep/supersonic_raw_spectrum_vs_blumen_a020_m120_130_raw_modes.csv
1.25,0.2,9.226837153869499e-12,assets/blumen_gep/supersonic_raw_spectrum_vs_blumen_a020_m120_130_raw_modes.csv
1.25,0.2,1.7289320302957385e-11,assets/blumen_gep/supersonic_raw_spectrum_vs_blumen_a020_m120_130_raw_modes.csv
1.25,0.2,0.0097972371600351,assets/blumen_gep/supersonic_raw_spectrum_vs_blumen_a020_m120_130_raw_modes.csv
1.25,0.2,2.663265014974136e-11,assets/blumen_gep/supersonic_raw_spectrum_vs_blumen_a020_m120_130_raw_modes.csv
1.25,0.2,3.494614040628907e-11,assets/blumen_gep/supersonic_raw_spectrum_vs_blumen_a020_m120_130_raw_modes.csv
1.25,0.2,3.983041805191495e-11,assets/blumen_gep/supersonic_raw_spectrum_vs_blumen_a020_m120_130_raw_modes.csv
1.25,0.2,3.9821976409269e-11,assets/blumen_gep/supersonic_raw_spectrum_vs_blumen_a020_m120_130_raw_modes.csv
1.25,0.2,3.514523383522244e-11,assets/blumen_gep/supersonic_raw_spectrum_vs_blumen_a020_m120_130_raw_modes.csv
1.25,0.2,2.7428026828852086e-11,assets/blumen_gep/supersonic_raw_spectrum_vs_blumen_a020_m120_130_raw_modes.csv
1.25,0.2,1.8847672655112507e-11,assets/blumen_gep/supersonic_raw_spectrum_vs_blumen_a020_m120_130_raw_modes.csv
1.25,0.2,1.1157819628056616e-11,assets/blumen_gep/supersonic_raw_spectrum_vs_blumen_a020_m120_130_raw_modes.csv
1.25,0.2,5.575958411102853e-12,assets/blumen_gep/supersonic_raw_spectrum_vs_blumen_a020_m120_130_raw_modes.csv
1.25,0.2,1.665795546664244e-12,assets/blumen_gep/supersonic_raw_spectrum_vs_blumen_a020_m120_130_raw_modes.csv
1.25,0.2,8.27888314024504e-14,assets/blumen_gep/supersonic_raw_spectrum_vs_blumen_a020_m120_130_raw_modes.csv
1.25,0.2,4.348960146327134e-13,assets/blumen_gep/supersonic_raw_spectrum_vs_blumen_a020_m120_130_raw_modes.csv
1.25,0.2,9.23135165105267e-13,assets/blumen_gep/supersonic_raw_spectrum_vs_blumen_a020_m120_130_raw_modes.csv
1.25,0.2,9.145171724866244e-13,assets/blumen_gep/supersonic_raw_spectrum_vs_blumen_a020_m120_130_raw_modes.csv
1.25,0.2,1.23405858561968e-12,assets/blumen_gep/supersonic_raw_spectrum_vs_blumen_a020_m120_130_raw_modes.csv
1.25,0.2,3.957491554576673e-13,assets/blumen_gep/supersonic_raw_spectrum_vs_blumen_a020_m120_130_raw_modes.csv
1.25,0.2,2.768675827443112e-13,assets/blumen_gep/supersonic_raw_spectrum_vs_blumen_a020_m120_130_raw_modes.csv
1.25,0.2,0.010026554607459,assets/blumen_gep/supersonic_raw_spectrum_vs_blumen_a020_m120_130_raw_modes.csv
1.25,0.2,0.0103166146671308,assets/blumen_gep/supersonic_raw_spectrum_vs_blumen_a020_m120_130_raw_modes.csv
1.25,0.2,0.0106928592979366,assets/blumen_gep/supersonic_raw_spectrum_vs_blumen_a020_m120_130_raw_modes.csv
1.25,0.2,0.0111760397425934,assets/blumen_gep/supersonic_raw_spectrum_vs_blumen_a020_m120_130_raw_modes.csv
1.25,0.2,0.0116721752211966,assets/blumen_gep/supersonic_raw_spectrum_vs_blumen_a020_m120_130_raw_modes.csv
1.25,0.2,0.0117346976915879,assets/blumen_gep/supersonic_raw_spectrum_vs_blumen_a020_m120_130_raw_modes.csv
1.25,0.2,0.0111765011900962,assets/blumen_gep/supersonic_raw_spectrum_vs_blumen_a020_m120_130_raw_modes.csv
1.25,0.2,0.0104819208793864,assets/blumen_gep/supersonic_raw_spectrum_vs_blumen_a020_m120_130_raw_modes.csv
1.25,0.2,0.0098820796399696,assets/blumen_gep/supersonic_raw_spectrum_vs_blumen_a020_m120_130_raw_modes.csv
1.25,0.2,0.0093808242582387,assets/blumen_gep/supersonic_raw_spectrum_vs_blumen_a020_m120_130_raw_modes.csv
1.25,0.2,0.0089515914890303,assets/blumen_gep/supersonic_raw_spectrum_vs_blumen_a020_m120_130_raw_modes.csv
1.25,0.2,0.0085736868563108,assets/blumen_gep/supersonic_raw_spectrum_vs_blumen_a020_m120_130_raw_modes.csv
1.25,0.2,0.0082332488499847,assets/blumen_gep/supersonic_raw_spectrum_vs_blumen_a020_m120_130_raw_modes.csv
1.25,0.2,0.0079209867601753,assets/blumen_gep/supersonic_raw_spectrum_vs_blumen_a020_m120_130_raw_modes.csv
1.25,0.2,0.0076304980318635,assets/blumen_gep/supersonic_raw_spectrum_vs_blumen_a020_m120_130_raw_modes.csv
1.25,0.2,0.0073572317993214,assets/blumen_gep/supersonic_raw_spectrum_vs_blumen_a020_m120_130_raw_modes.csv
1.25,0.2,0.0070978602892596,assets/blumen_gep/supersonic_raw_spectrum_vs_blumen_a020_m120_130_raw_modes.csv
1.25,0.2,0.0068498895518957,assets/blumen_gep/supersonic_raw_spectrum_vs_blumen_a020_m120_130_raw_modes.csv
1.25,0.2,0.0066114112388755,assets/blumen_gep/supersonic_raw_spectrum_vs_blumen_a020_m120_130_raw_modes.csv
1.25,0.2,0.0063809395501643,assets/blumen_gep/supersonic_raw_spectrum_vs_blumen_a020_m120_130_raw_modes.csv
1.25,0.2,0.006157301119039,assets/blumen_gep/supersonic_raw_spectrum_vs_blumen_a020_m120_130_raw_modes.csv
1.25,0.2,0.0059395587639226,assets/blumen_gep/supersonic_raw_spectrum_vs_blumen_a020_m120_130_raw_modes.csv
1.25,0.2,0.0057269574980454,assets/blumen_gep/supersonic_raw_spectrum_vs_blumen_a020_m120_130_raw_modes.csv
1.25,0.2,0.0055188855340986,assets/blumen_gep/supersonic_raw_spectrum_vs_blumen_a020_m120_130_raw_modes.csv
1.25,0.2,0.0053148456176133,assets/blumen_gep/supersonic_raw_spectrum_vs_blumen_a020_m120_130_raw_modes.csv
1.25,0.2,0.00511443362046,assets/blumen_gep/supersonic_raw_spectrum_vs_blumen_a020_m120_130_raw_modes.csv
1.25,0.2,0.0049173223296025,assets/blumen_gep/supersonic_raw_spectrum_vs_blumen_a020_m120_130_raw_modes.csv
1.25,0.2,0.004723249013659,assets/blumen_gep/supersonic_raw_spectrum_vs_blumen_a020_m120_130_raw_modes.csv
1.25,0.2,0.0045320057753138,assets/blumen_gep/supersonic_raw_spectrum_vs_blumen_a020_m120_130_raw_modes.csv
1.25,0.2,0.00434343198316,assets/blumen_gep/supersonic_raw_spectrum_vs_blumen_a020_m120_130_raw_modes.csv
1.25,0.2,0.0041574082705643,assets/blumen_gep/supersonic_raw_spectrum_vs_blumen_a020_m120_130_raw_modes.csv
1.25,0.2,0.0039738517243315,assets/blumen_gep/supersonic_raw_spectrum_vs_blumen_a020_m120_130_raw_modes.csv
1.25,0.2,0.0037927119803821,assets/blumen_gep/supersonic_raw_spectrum_vs_blumen_a020_m120_130_raw_modes.csv
1.25,0.2,0.0036139680100836,assets/blumen_gep/supersonic_raw_spectrum_vs_blumen_a020_m120_130_raw_modes.csv
1.25,0.2,0.0034376254304138,assets/blumen_gep/supersonic_raw_spectrum_vs_blumen_a020_m120_130_raw_modes.csv
1.25,0.2,0.0032637142032195,assets/blumen_gep/supersonic_raw_spectrum_vs_blumen_a020_m120_130_raw_modes.csv
1.25,0.2,0.0030922866161256,assets/blumen_gep/supersonic_raw_spectrum_vs_blumen_a020_m120_130_raw_modes.csv
1.25,0.2,0.0029234154532773,assets/blumen_gep/supersonic_raw_spectrum_vs_blumen_a020_m120_130_raw_modes.csv
1.25,0.2,0.0027571922772608,assets/blumen_gep/supersonic_raw_spectrum_vs_blumen_a020_m120_130_raw_modes.csv
1.25,0.2,0.002593725750963,assets/blumen_gep/supersonic_raw_spectrum_vs_blumen_a020_m120_130_raw_modes.csv
1.25,0.2,0.0024331399318496,assets/blumen_gep/supersonic_raw_spectrum_vs_blumen_a020_m120_130_raw_modes.csv
1.25,0.2,0.0022755724720093,assets/blumen_gep/supersonic_raw_spectrum_vs_blumen_a020_m120_130_raw_modes.csv
1.25,0.2,0.0021211726529528,assets/blumen_gep/supersonic_raw_spectrum_vs_blumen_a020_m120_130_raw_modes.csv
1.25,0.2,0.0019700991750986,assets/blumen_gep/supersonic_raw_spectrum_vs_blumen_a020_m120_130_raw_modes.csv
1.25,0.2,0.001822517606615,assets/blumen_gep/supersonic_raw_spectrum_vs_blumen_a020_m120_130_raw_modes.csv
1.25,0.2,0.0016785973668757,assets/blumen_gep/supersonic_raw_spectrum_vs_blumen_a020_m120_130_raw_modes.csv
1.25,0.2,0.0015385080752268,assets/blumen_gep/supersonic_raw_spectrum_vs_blumen_a020_m120_130_raw_modes.csv
1.25,0.2,0.0014024150162696,assets/blumen_gep/supersonic_raw_spectrum_vs_blumen_a020_m120_130_raw_modes.csv
1.25,0.2,0.0012704733392084,assets/blumen_gep/supersonic_raw_spectrum_vs_blumen_a020_m120_130_raw_modes.csv
1.25,0.2,0.0011428203518164,assets/blumen_gep/supersonic_raw_spectrum_vs_blumen_a020_m120_130_raw_modes.csv
1.25,0.2,0.0010195648825484,assets/blumen_gep/supersonic_raw_spectrum_vs_blumen_a020_m120_130_raw_modes.csv
1.25,0.2,0.0009007716436488,assets/blumen_gep/supersonic_raw_spectrum_vs_blumen_a020_m120_130_raw_modes.csv
1.25,0.2,0.000786436918168,assets/blumen_gep/supersonic_raw_spectrum_vs_blumen_a020_m120_130_raw_modes.csv
1.25,0.2,0.0006764475572441,assets/blumen_gep/supersonic_raw_spectrum_vs_blumen_a020_m120_130_raw_modes.csv
1.25,0.2,0.000570504947262,assets/blumen_gep/supersonic_raw_spectrum_vs_blumen_a020_m120_130_raw_modes.csv
1.25,0.2,0.0004679664917536,assets/blumen_gep/supersonic_raw_spectrum_vs_blumen_a020_m120_130_raw_modes.csv
1.25,0.2,0.0003674564109426,assets/blumen_gep/supersonic_raw_spectrum_vs_blumen_a020_m120_130_raw_modes.csv
1.25,0.2,0.0002656377597606,assets/blumen_gep/supersonic_raw_spectrum_vs_blumen_a020_m120_130_raw_modes.csv
1.25,0.2,0.0001507843284386,assets/blumen_gep/supersonic_raw_spectrum_vs_blumen_a020_m120_130_raw_modes.csv
1.25,0.2,1.0388656397943911e-15,assets/blumen_gep/supersonic_raw_spectrum_vs_blumen_a020_m120_130_raw_modes.csv
1.25,0.2,6.203035624956937e-17,assets/blumen_gep/supersonic_raw_spectrum_vs_blumen_a020_m120_130_raw_modes.csv
1.25,0.2,2.5393091031433872e-18,assets/blumen_gep/supersonic_raw_spectrum_vs_blumen_a020_m120_130_raw_modes.csv
1.25,0.2,4.853551192290415e-16,assets/blumen_gep/supersonic_raw_spectrum_vs_blumen_a020_m120_130_raw_modes.csv
1.25,0.2,5.015799258429155e-16,assets/blumen_gep/supersonic_raw_spectrum_vs_blumen_a020_m120_130_raw_modes.csv
1.25,0.2,1.1539521157469353e-15,assets/blumen_gep/supersonic_raw_spectrum_vs_blumen_a020_m120_130_raw_modes.csv
1.25,0.2,6.75632841982157e-16,assets/blumen_gep/supersonic_raw_spectrum_vs_blumen_a020_m120_130_raw_modes.csv
1.25,0.2,1.0981077055894556e-16,assets/blumen_gep/supersonic_raw_spectrum_vs_blumen_a020_m120_130_raw_modes.csv
1.25,0.2,1.468659357914453e-15,assets/blumen_gep/supersonic_raw_spectrum_vs_blumen_a020_m120_130_raw_modes.csv
1.25,0.2,4.637712166287796e-16,assets/blumen_gep/supersonic_raw_spectrum_vs_blumen_a020_m120_130_raw_modes.csv
1.25,0.2,9.13479461906039e-16,assets/blumen_gep/supersonic_raw_spectrum_vs_blumen_a020_m120_130_raw_modes.csv
1.25,0.2,2.381170809055393e-15,assets/blumen_gep/supersonic_raw_spectrum_vs_blumen_a020_m120_130_raw_modes.csv
1.25,0.2,5.58128871546363e-16,assets/blumen_gep/supersonic_raw_spectrum_vs_blumen_a020_m120_130_raw_modes.csv
1.25,0.2,8.205416479760856e-16,assets/blumen_gep/supersonic_raw_spectrum_vs_blumen_a020_m120_130_raw_modes.csv
1.25,0.2,2.2944502538804817e-15,assets/blumen_gep/supersonic_raw_spectrum_vs_blumen_a020_m120_130_raw_modes.csv
1.25,0.2,3.27052783025164e-15,assets/blumen_gep/supersonic_raw_spectrum_vs_blumen_a020_m120_130_raw_modes.csv
1.25,0.2,9.912449901890622e-15,assets/blumen_gep/supersonic_raw_spectrum_vs_blumen_a020_m120_130_raw_modes.csv
1.25,0.2,6.9808159752333005e-15,assets/blumen_gep/supersonic_raw_spectrum_vs_blumen_a020_m120_130_raw_modes.csv
1.25,0.2,1.4947261257871492e-14,assets/blumen_gep/supersonic_raw_spectrum_vs_blumen_a020_m120_130_raw_modes.csv
1.25,0.2,1.99636197121708e-14,assets/blumen_gep/supersonic_raw_spectrum_vs_blumen_a020_m120_130_raw_modes.csv
1.25,0.2,4.1252559522290834e-14,assets/blumen_gep/supersonic_raw_spectrum_vs_blumen_a020_m120_130_raw_modes.csv
1.25,0.2,1.1519831986184264e-13,assets/blumen_gep/supersonic_raw_spectrum_vs_blumen_a020_m120_130_raw_modes.csv
1.25,0.2,1.8627299157099643e-13,assets/blumen_gep/supersonic_raw_spectrum_vs_blumen_a020_m120_130_raw_modes.csv
1.25,0.2,2.2120293786623715e-12,assets/blumen_gep/supersonic_raw_spectrum_vs_blumen_a020_m120_130_raw_modes.csv
1.25,0.2,1.7625507059179332e-13,assets/blumen_gep/supersonic_raw_spectrum_vs_blumen_a020_m120_130_raw_modes.csv
1.25,0.2,5.900973264346621e-15,assets/blumen_gep/supersonic_raw_spectrum_vs_blumen_a020_m120_130_raw_modes.csv
1.25,0.2,3.6130872522326433e-16,assets/blumen_gep/supersonic_raw_spectrum_vs_blumen_a020_m120_130_raw_modes.csv
1.25,0.2,9.442438456301985e-13,assets/blumen_gep/supersonic_raw_spectrum_vs_blumen_a020_m120_130_raw_modes.csv
1.25,0.2,1.5491240035423095e-14,assets/blumen_gep/supersonic_raw_spectrum_vs_blumen_a020_m120_130_raw_modes.csv
1.25,0.2,2.0520217131412948e-16,assets/blumen_gep/supersonic_raw_spectrum_vs_blumen_a020_m120_130_raw_modes.csv
1.25,0.2,3.312670876744421e-16,assets/blumen_gep/supersonic_raw_spectrum_vs_blumen_a020_m120_130_raw_modes.csv
1.25,0.2,3.739833635458527e-14,assets/blumen_gep/supersonic_raw_spectrum_vs_blumen_a020_m120_130_raw_modes.csv
1.25,0.2,2.7456272824050445e-15,assets/blumen_gep/supersonic_raw_spectrum_vs_blumen_a020_m120_130_raw_modes.csv
1.25,0.2,6.790490159186442e-17,assets/blumen_gep/supersonic_raw_spectrum_vs_blumen_a020_m120_130_raw_modes.csv
1.25,0.2,4.3542865393047176e-16,assets/blumen_gep/supersonic_raw_spectrum_vs_blumen_a020_m120_130_raw_modes.csv
1.25,0.2,2.6140060576461005e-16,assets/blumen_gep/supersonic_raw_spectrum_vs_blumen_a020_m120_130_raw_modes.csv
1.25,0.2,1.1210833379579839e-17,assets/blumen_gep/supersonic_raw_spectrum_vs_blumen_a020_m120_130_raw_modes.csv
1.25,0.2,2.268553861544786e-16,assets/blumen_gep/supersonic_raw_spectrum_vs_blumen_a020_m120_130_raw_modes.csv
1.25,0.2,8.861080057958833e-15,assets/blumen_gep/supersonic_raw_spectrum_vs_blumen_a020_m120_130_raw_modes.csv
1.25,0.2,7.129990363599237e-17,assets/blumen_gep/supersonic_raw_spectrum_vs_blumen_a020_m120_130_raw_modes.csv
1.25,0.2,1.683395716376827e-16,assets/blumen_gep/supersonic_raw_spectrum_vs_blumen_a020_m120_130_raw_modes.csv
1.25,0.2,1.375539541260055e-15,assets/blumen_gep/supersonic_raw_spectrum_vs_blumen_a020_m120_130_raw_modes.csv
1.25,0.2,2.8278051456103347e-17,assets/blumen_gep/supersonic_raw_spectrum_vs_blumen_a020_m120_130_raw_modes.csv
1.25,0.2,3.6655431573250796e-16,assets/blumen_gep/supersonic_raw_spectrum_vs_blumen_a020_m120_130_raw_modes.csv
1.25,0.2,9.109713077472878e-16,assets/blumen_gep/supersonic_raw_spectrum_vs_blumen_a020_m120_130_raw_modes.csv
1.25,0.2,4.553901965341601e-16,assets/blumen_gep/supersonic_raw_spectrum_vs_blumen_a020_m120_130_raw_modes.csv
1.25,0.2,2.8508930907156e-16,assets/blumen_gep/supersonic_raw_spectrum_vs_blumen_a020_m120_130_raw_modes.csv
1.25,0.2,8.977639065525573e-16,assets/blumen_gep/supersonic_raw_spectrum_vs_blumen_a020_m120_130_raw_modes.csv
1.25,0.2,5.114465998165001e-16,assets/blumen_gep/supersonic_raw_spectrum_vs_blumen_a020_m120_130_raw_modes.csv
1.25,0.2,1.2756980056358398e-16,assets/blumen_gep/supersonic_raw_spectrum_vs_blumen_a020_m120_130_raw_modes.csv
1.25,0.2,0.0047036078565826,assets/blumen_gep/supersonic_raw_spectrum_vs_blumen_a020_m120_130_raw_modes.csv
1.25,0.2,0.0038929920819527,assets/blumen_gep/supersonic_raw_spectrum_vs_blumen_a020_m120_130_raw_modes.csv
1.25,0.2,0.0047613656501943,assets/blumen_gep/supersonic_raw_spectrum_vs_blumen_a020_m120_130_raw_modes.csv
1.25,0.2,0.00382626722425,assets/blumen_gep/supersonic_raw_spectrum_vs_blumen_a020_m120_130_raw_modes.csv
1.25,0.2,0.0048182913721208,assets/blumen_gep/supersonic_raw_spectrum_vs_blumen_a020_m120_130_raw_modes.csv
1.25,0.2,0.0037587573988294,assets/blumen_gep/supersonic_raw_spectrum_vs_blumen_a020_m120_130_raw_modes.csv
1.25,0.2,0.0048743323591742,assets/blumen_gep/supersonic_raw_spectrum_vs_blumen_a020_m120_130_raw_modes.csv
1.25,0.2,0.0036903789835074,assets/blumen_gep/supersonic_raw_spectrum_vs_blumen_a020_m120_130_raw_modes.csv
1.25,0.2,0.0049294352645264,assets/blumen_gep/supersonic_raw_spectrum_vs_blumen_a020_m120_130_raw_modes.csv
1.25,0.2,0.0036210304437939,assets/blumen_gep/supersonic_raw_spectrum_vs_blumen_a020_m120_130_raw_modes.csv
1.25,0.2,0.0049835476111684,assets/blumen_gep/supersonic_raw_spectrum_vs_blumen_a020_m120_130_raw_modes.csv
1.25,0.2,0.0035505897707968,assets/blumen_gep/supersonic_raw_spectrum_vs_blumen_a020_m120_130_raw_modes.csv
1.25,0.2,0.0050366195041573,assets/blumen_gep/supersonic_raw_spectrum_vs_blumen_a020_m120_130_raw_modes.csv
1.25,0.2,0.0034789113527956,assets/blumen_gep/supersonic_raw_spectrum_vs_blumen_a020_m120_130_raw_modes.csv
1.25,0.2,0.0050886055119354,assets/blumen_gep/supersonic_raw_spectrum_vs_blumen_a020_m120_130_raw_modes.csv
1.25,0.2,0.00340582198809,assets/blumen_gep/supersonic_raw_spectrum_vs_blumen_a020_m120_130_raw_modes.csv
1.25,0.2,0.0051394666770059,assets/blumen_gep/supersonic_raw_spectrum_vs_blumen_a020_m120_130_raw_modes.csv
1.25,0.2,0.0033311158800031,assets/blumen_gep/supersonic_raw_spectrum_vs_blumen_a020_m120_130_raw_modes.csv
1.25,0.2,0.0051891726258316,assets/blumen_gep/supersonic_raw_spectrum_vs_blumen_a020_m120_130_raw_modes.csv
1.25,0.2,0.0032545482375996,assets/blumen_gep/supersonic_raw_spectrum_vs_blumen_a020_m120_130_raw_modes.csv
1.25,0.2,0.0052377037374745,assets/blumen_gep/supersonic_raw_spectrum_vs_blumen_a020_m120_130_raw_modes.csv
1.25,0.2,0.0031758269790686,assets/blumen_gep/supersonic_raw_spectrum_vs_blumen_a020_m120_130_raw_modes.csv
1.25,0.2,0.0052850533138799,assets/blumen_gep/supersonic_raw_spectrum_vs_blumen_a020_m120_130_raw_modes.csv
1.25,0.2,0.0030946019237918,assets/blumen_gep/supersonic_raw_spectrum_vs_blumen_a020_m120_130_raw_modes.csv
1.25,0.2,0.0053312297047362,assets/blumen_gep/supersonic_raw_spectrum_vs_blumen_a020_m120_130_raw_modes.csv
1.25,0.2,0.0030104504535674,assets/blumen_gep/supersonic_raw_spectrum_vs_blumen_a020_m120_130_raw_modes.csv
1.25,0.2,0.0053762583316503,assets/blumen_gep/supersonic_raw_spectrum_vs_blumen_a020_m120_130_raw_modes.csv
1.25,0.2,0.0029228581311841,assets/blumen_gep/supersonic_raw_spectrum_vs_blumen_a020_m120_130_raw_modes.csv
1.25,0.2,0.0054201835743677,assets/blumen_gep/supersonic_raw_spectrum_vs_blumen_a020_m120_130_raw_modes.csv
1.25,0.2,0.002831192109751,assets/blumen_gep/supersonic_raw_spectrum_vs_blumen_a020_m120_130_raw_modes.csv
1.25,0.2,0.0054630704887961,assets/blumen_gep/supersonic_raw_spectrum_vs_blumen_a020_m120_130_raw_modes.csv
1.25,0.2,0.0027346637460786,assets/blumen_gep/supersonic_raw_spectrum_vs_blumen_a020_m120_130_raw_modes.csv
1.25,0.2,0.0055050063538765,assets/blumen_gep/supersonic_raw_spectrum_vs_blumen_a020_m120_130_raw_modes.csv
1.25,0.2,0.0026322746043562,assets/blumen_gep/supersonic_raw_spectrum_vs_blumen_a020_m120_130_raw_modes.csv
1.25,0.2,0.0055461020675227,assets/blumen_gep/supersonic_raw_spectrum_vs_blumen_a020_m120_130_raw_modes.csv
1.25,0.2,0.0025227361748902,assets/blumen_gep/supersonic_raw_spectrum_vs_blumen_a020_m120_130_raw_modes.csv
1.25,0.2,0.0055864934434999,assets/blumen_gep/supersonic_raw_spectrum_vs_blumen_a020_m120_130_raw_modes.csv
1.25,0.2,0.0024043457807443,assets/blumen_gep/supersonic_raw_spectrum_vs_blumen_a020_m120_130_raw_modes.csv
1.25,0.2,0.0056263424928844,assets/blumen_gep/supersonic_raw_spectrum_vs_blumen_a020_m120_130_raw_modes.csv
1.25,0.2,0.0022747859683286,assets/blumen_gep/supersonic_raw_spectrum_vs_blumen_a020_m120_130_raw_modes.csv
1.25,0.2,0.0021307809118172,assets/blumen_gep/supersonic_raw_spectrum_vs_blumen_a020_m120_130_raw_modes.csv
1.25,0.2,0.0056658388191596,assets/blumen_gep/supersonic_raw_spectrum_vs_blumen_a020_m120_130_raw_modes.csv
1.25,0.2,0.0019674623894934,assets/blumen_gep/supersonic_raw_spectrum_vs_blumen_a020_m120_130_raw_modes.csv
1.25,0.2,0.0057052012763361,assets/blumen_gep/supersonic_raw_spectrum_vs_blumen_a020_m120_130_raw_modes.csv
1.25,0.2,0.1955322248997947,assets/blumen_gep/supersonic_raw_spectrum_vs_blumen_a020_m120_130_raw_modes.csv
1.25,0.2,0.0017770748179419,assets/blumen_gep/supersonic_raw_spectrum_vs_blumen_a020_m120_130_raw_modes.csv
1.25,0.2,0.0057446801041966,assets/blumen_gep/supersonic_raw_spectrum_vs_blumen_a020_m120_130_raw_modes.csv
1.25,0.2,0.0015459094043586,assets/blumen_gep/supersonic_raw_spectrum_vs_blumen_a020_m120_130_raw_modes.csv
1.25,0.2,0.0057845597919881,assets/blumen_gep/supersonic_raw_spectrum_vs_blumen_a020_m120_130_raw_modes.csv
1.25,0.2,0.0012450702830118,assets/blumen_gep/supersonic_raw_spectrum_vs_blumen_a020_m120_130_raw_modes.csv
1.25,0.2,0.0058251629903744,assets/blumen_gep/supersonic_raw_spectrum_vs_blumen_a020_m120_130_raw_modes.csv
1.25,0.2,0.000784395070807,assets/blumen_gep/supersonic_raw_spectrum_vs_blumen_a020_m120_130_raw_modes.csv
1.25,0.2,0.0058668558758921,assets/blumen_gep/supersonic_raw_spectrum_vs_blumen_a020_m120_130_raw_modes.csv
1.25,0.2,4.30276765124901e-14,assets/blumen_gep/supersonic_raw_spectrum_vs_blumen_a020_m120_130_raw_modes.csv
1.25,0.2,0.0059100555084891,assets/blumen_gep/supersonic_raw_spectrum_vs_blumen_a020_m120_130_raw_modes.csv
1.25,0.2,5.5597607636784356e-14,assets/blumen_gep/supersonic_raw_spectrum_vs_blumen_a020_m120_130_raw_modes.csv
1.25,0.2,0.0059552398888787,assets/blumen_gep/supersonic_raw_spectrum_vs_blumen_a020_m120_130_raw_modes.csv
1.25,0.2,7.769545378444557e-14,assets/blumen_gep/supersonic_raw_spectrum_vs_blumen_a020_m120_130_raw_modes.csv
1.25,0.2,0.0060029617205422,assets/blumen_gep/supersonic_raw_spectrum_vs_blumen_a020_m120_130_raw_modes.csv
1.25,0.2,1.3479865714334226e-12,assets/blumen_gep/supersonic_raw_spectrum_vs_blumen_a020_m120_130_raw_modes.csv
1.25,0.2,0.0060538672987985,assets/blumen_gep/supersonic_raw_spectrum_vs_blumen_a020_m120_130_raw_modes.csv
1.25,0.2,1.2322728400478838e-13,assets/blumen_gep/supersonic_raw_spectrum_vs_blumen_a020_m120_130_raw_modes.csv
1.25,0.2,0.0061087226318227,assets/blumen_gep/supersonic_raw_spectrum_vs_blumen_a020_m120_130_raw_modes.csv
1.25,0.2,0.0007843949993575,assets/blumen_gep/supersonic_raw_spectrum_vs_blumen_a020_m120_130_raw_modes.csv
1.25,0.2,0.0061684499767754,assets/blumen_gep/supersonic_raw_spectrum_vs_blumen_a020_m120_130_raw_modes.csv
1.25,0.2,0.0012450702423558,assets/blumen_gep/supersonic_raw_spectrum_vs_blumen_a020_m120_130_raw_modes.csv
1.25,0.2,0.001545909363265,assets/blumen_gep/supersonic_raw_spectrum_vs_blumen_a020_m120_130_raw_modes.csv
1.25,0.2,0.0062341797284032,assets/blumen_gep/supersonic_raw_spectrum_vs_blumen_a020_m120_130_raw_modes.csv
1.25,0.2,0.00177707478821,assets/blumen_gep/supersonic_raw_spectrum_vs_blumen_a020_m120_130_raw_modes.csv
1.25,0.2,0.006307325560299,assets/blumen_gep/supersonic_raw_spectrum_vs_blumen_a020_m120_130_raw_modes.csv
1.25,0.2,0.0019674623607633,assets/blumen_gep/supersonic_raw_spectrum_vs_blumen_a020_m120_130_raw_modes.csv
1.25,0.2,0.0063896957779672,assets/blumen_gep/supersonic_raw_spectrum_vs_blumen_a020_m120_130_raw_modes.csv
1.25,0.2,0.0021307808911359,assets/blumen_gep/supersonic_raw_spectrum_vs_blumen_a020_m120_130_raw_modes.csv
1.25,0.2,0.0064836627853803,assets/blumen_gep/supersonic_raw_spectrum_vs_blumen_a020_m120_130_raw_modes.csv
1.25,0.2,0.0022747859462256,assets/blumen_gep/supersonic_raw_spectrum_vs_blumen_a020_m120_130_raw_modes.csv
1.25,0.2,0.0065924286495975,assets/blumen_gep/supersonic_raw_spectrum_vs_blumen_a020_m120_130_raw_modes.csv
1.25,0.2,0.0024043457652957,assets/blumen_gep/supersonic_raw_spectrum_vs_blumen_a020_m120_130_raw_modes.csv
1.25,0.2,0.0067204536809507,assets/blumen_gep/supersonic_raw_spectrum_vs_blumen_a020_m120_130_raw_modes.csv
1.25,0.2,0.0025227361578829,assets/blumen_gep/supersonic_raw_spectrum_vs_blumen_a020_m120_130_raw_modes.csv
1.25,0.2,0.0068741635316739,assets/blumen_gep/supersonic_raw_spectrum_vs_blumen_a020_m120_130_raw_modes.csv
1.25,0.2,0.0026322745892294,assets/blumen_gep/supersonic_raw_spectrum_vs_blumen_a020_m120_130_raw_modes.csv
1.25,0.2,0.0070631030846043,assets/blumen_gep/supersonic_raw_spectrum_vs_blumen_a020_m120_130_raw_modes.csv
1.25,0.2,0.0027346637304823,assets/blumen_gep/supersonic_raw_spectrum_vs_blumen_a020_m120_130_raw_modes.csv
1.25,0.2,0.0073015337050425,assets/blumen_gep/supersonic_raw_spectrum_vs_blumen_a020_m120_130_raw_modes.csv
1.25,0.2,0.0028311920966403,assets/blumen_gep/supersonic_raw_spectrum_vs_blumen_a020_m120_130_raw_modes.csv
1.25,0.2,0.0076081796411651,assets/blumen_gep/supersonic_raw_spectrum_vs_blumen_a020_m120_130_raw_modes.csv
1.25,0.2,0.0029228581138742,assets/blumen_gep/supersonic_raw_spectrum_vs_blumen_a020_m120_130_raw_modes.csv
1.25,0.2,0.0079841297926261,assets/blumen_gep/supersonic_raw_spectrum_vs_blumen_a020_m120_130_raw_modes.csv
1.25,0.2,0.0030104504370985,assets/blumen_gep/supersonic_raw_spectrum_vs_blumen_a020_m120_130_raw_modes.csv
1.25,0.2,0.0082844452383819,assets/blumen_gep/supersonic_raw_spectrum_vs_blumen_a020_m120_130_raw_modes.csv
1.25,0.2,0.0030946019107664,assets/blumen_gep/supersonic_raw_spectrum_vs_blumen_a020_m120_130_raw_modes.csv
1.25,0.2,0.0081674957741936,assets/blumen_gep/supersonic_raw_spectrum_vs_blumen_a020_m120_130_raw_modes.csv
1.25,0.2,0.0031758269632084,assets/blumen_gep/supersonic_raw_spectrum_vs_blumen_a020_m120_130_raw_modes.csv
1.25,0.2,0.0077259006021369,assets/blumen_gep/supersonic_raw_spectrum_vs_blumen_a020_m120_130_raw_modes.csv
1.25,0.2,0.0032545482232947,assets/blumen_gep/supersonic_raw_spectrum_vs_blumen_a020_m120_130_raw_modes.csv
1.25,0.2,0.0072811739980537,assets/blumen_gep/supersonic_raw_spectrum_vs_blumen_a020_m120_130_raw_modes.csv
1.25,0.2,0.0033311158679055,assets/blumen_gep/supersonic_raw_spectrum_vs_blumen_a020_m120_130_raw_modes.csv
1.25,0.2,0.0069113333215832,assets/blumen_gep/supersonic_raw_spectrum_vs_blumen_a020_m120_130_raw_modes.csv
1.25,0.2,0.0034058219707561,assets/blumen_gep/supersonic_raw_spectrum_vs_blumen_a020_m120_130_raw_modes.csv
1.25,0.2,0.0066041944841298,assets/blumen_gep/supersonic_raw_spectrum_vs_blumen_a020_m120_130_raw_modes.csv
1.25,0.2,0.0034789113387094,assets/blumen_gep/supersonic_raw_spectrum_vs_blumen_a020_m120_130_raw_modes.csv
1.25,0.2,0.0063421010207404,assets/blumen_gep/supersonic_raw_spectrum_vs_blumen_a020_m120_130_raw_modes.csv
1.25,0.2,0.0035505897582655,assets/blumen_gep/supersonic_raw_spectrum_vs_blumen_a020_m120_130_raw_modes.csv
1.25,0.2,0.0061124926401772,assets/blumen_gep/supersonic_raw_spectrum_vs_blumen_a020_m120_130_raw_modes.csv
1.25,0.2,0.0036210304297982,assets/blumen_gep/supersonic_raw_spectrum_vs_blumen_a020_m120_130_raw_modes.csv
1.25,0.2,0.005906992011604,assets/blumen_gep/supersonic_raw_spectrum_vs_blumen_a020_m120_130_raw_modes.csv
1.25,0.2,0.0036903789716867,assets/blumen_gep/supersonic_raw_spectrum_vs_blumen_a020_m120_130_raw_modes.csv
1.25,0.2,0.0057199228699271,assets/blumen_gep/supersonic_raw_spectrum_vs_blumen_a020_m120_130_raw_modes.csv
1.25,0.2,0.0037587573853143,assets/blumen_gep/supersonic_raw_spectrum_vs_blumen_a020_m120_130_raw_modes.csv
1.25,0.2,0.0055473204581274,assets/blumen_gep/supersonic_raw_spectrum_vs_blumen_a020_m120_130_raw_modes.csv
1.25,0.2,0.0038262672126846,assets/blumen_gep/supersonic_raw_spectrum_vs_blumen_a020_m120_130_raw_modes.csv
1.25,0.2,0.0053863289864785,assets/blumen_gep/supersonic_raw_spectrum_vs_blumen_a020_m120_130_raw_modes.csv
1.25,0.2,0.0038929920687655,assets/blumen_gep/supersonic_raw_spectrum_vs_blumen_a020_m120_130_raw_modes.csv
1.25,0.2,0.0052348335811286,assets/blumen_gep/supersonic_raw_spectrum_vs_blumen_a020_m120_130_raw_modes.csv
1.25,0.2,0.0039589996875295,assets/blumen_gep/supersonic_raw_spectrum_vs_blumen_a020_m120_130_raw_modes.csv
1.25,0.2,0.0050912296980071,assets/blumen_gep/supersonic_raw_spectrum_vs_blumen_a020_m120_130_raw_modes.csv
1.25,0.2,0.004024343584138,assets/blumen_gep/supersonic_raw_spectrum_vs_blumen_a020_m120_130_raw_modes.csv
1.25,0.2,0.0049542742668981,assets/blumen_gep/supersonic_raw_spectrum_vs_blumen_a020_m120_130_raw_modes.csv
1.25,0.2,0.0040890644183943,assets/blumen_gep/supersonic_raw_spectrum_vs_blumen_a020_m120_130_raw_modes.csv
1.25,0.2,0.0048229867338366,assets/blumen_gep/supersonic_raw_spectrum_vs_blumen_a020_m120_130_raw_modes.csv
1.25,0.2,0.0041531911209089,assets/blumen_gep/supersonic_raw_spectrum_vs_blumen_a020_m120_130_raw_modes.csv
1.25,0.2,0.0046965814714893,assets/blumen_gep/supersonic_raw_spectrum_vs_blumen_a020_m120_130_raw_modes.csv
1.25,0.2,0.0042167418386803,assets/blumen_gep/supersonic_raw_spectrum_vs_blumen_a020_m120_130_raw_modes.csv
1.25,0.2,0.0045744204725699,assets/blumen_gep/supersonic_raw_spectrum_vs_blumen_a020_m120_130_raw_modes.csv
1.25,0.2,0.0042797247431499,assets/blumen_gep/supersonic_raw_spectrum_vs_blumen_a020_m120_130_raw_modes.csv
1.25,0.2,0.0044559795071524,assets/blumen_gep/supersonic_raw_spectrum_vs_blumen_a020_m120_130_raw_modes.csv
1.25,0.2,0.0043421387409006,assets/blumen_gep/supersonic_raw_spectrum_vs_blumen_a020_m120_130_raw_modes.csv
1.25,0.2,0.0043408234292957,assets/blumen_gep/supersonic_raw_spectrum_vs_blumen_a020_m120_130_raw_modes.csv
1.25,0.2,0.0044039741215333,assets/blumen_gep/supersonic_raw_spectrum_vs_blumen_a020_m120_130_raw_modes.csv
1.25,0.2,0.0042285878427083,assets/blumen_gep/supersonic_raw_spectrum_vs_blumen_a020_m120_130_raw_modes.csv
1.25,0.2,0.0044652131765988,assets/blumen_gep/supersonic_raw_spectrum_vs_blumen_a020_m120_130_raw_modes.csv
1.25,0.2,0.0041189652737615,assets/blumen_gep/supersonic_raw_spectrum_vs_blumen_a020_m120_130_raw_modes.csv
1.25,0.2,0.0045258308191922,assets/blumen_gep/supersonic_raw_spectrum_vs_blumen_a020_m120_130_raw_modes.csv
1.25,0.2,0.0040116945861637,assets/blumen_gep/supersonic_raw_spectrum_vs_blumen_a020_m120_130_raw_modes.csv
1.25,0.2,0.0039065527837745,assets/blumen_gep/supersonic_raw_spectrum_vs_blumen_a020_m120_130_raw_modes.csv
1.25,0.2,0.0045857952350066,assets/blumen_gep/supersonic_raw_spectrum_vs_blumen_a020_m120_130_raw_modes.csv
1.25,0.2,0.0038033485824968,assets/blumen_gep/supersonic_raw_spectrum_vs_blumen_a020_m120_130_raw_modes.csv
1.25,0.2,0.0046450685934948,assets/blumen_gep/supersonic_raw_spectrum_vs_blumen_a020_m120_130_raw_modes.csv
1.25,0.2,0.0037019173069761,assets/blumen_gep/supersonic_raw_spectrum_vs_blumen_a020_m120_130_raw_modes.csv
1.25,0.2,0.0047036078461897,assets/blumen_gep/supersonic_raw_spectrum_vs_blumen_a020_m120_130_raw_modes.csv
1.25,0.2,0.0036021168243691,assets/blumen_gep/supersonic_raw_spectrum_vs_blumen_a020_m120_130_raw_modes.csv
1.25,0.2,0.0047613656392419,assets/blumen_gep/supersonic_raw_spectrum_vs_blumen_a020_m120_130_raw_modes.csv
1.25,0.2,0.0035038242511736,assets/blumen_gep/supersonic_raw_spectrum_vs_blumen_a020_m120_130_raw_modes.csv
1.25,0.2,0.0048182913613204,assets/blumen_gep/supersonic_raw_spectrum_vs_blumen_a020_m120_130_raw_modes.csv
1.25,0.2,0.0034069332691277,assets/blumen_gep/supersonic_raw_spectrum_vs_blumen_a020_m120_130_raw_modes.csv
1.25,0.2,0.0048743323481088,assets/blumen_gep/supersonic_raw_spectrum_vs_blumen_a020_m120_130_raw_modes.csv
1.25,0.2,0.0033113519356872,assets/blumen_gep/supersonic_raw_spectrum_vs_blumen_a020_m120_130_raw_modes.csv
1.25,0.2,0.0049294352543921,assets/blumen_gep/supersonic_raw_spectrum_vs_blumen_a020_m120_130_raw_modes.csv
1.25,0.2,0.0032170008660056,assets/blumen_gep/supersonic_raw_spectrum_vs_blumen_a020_m120_130_raw_modes.csv
1.25,0.2,0.0049835476010181,assets/blumen_gep/supersonic_raw_spectrum_vs_blumen_a020_m120_130_raw_modes.csv
1.25,0.2,0.0031238117282142,assets/blumen_gep/supersonic_raw_spectrum_vs_blumen_a020_m120_130_raw_modes.csv
1.25,0.2,0.0050366194942655,assets/blumen_gep/supersonic_raw_spectrum_vs_blumen_a020_m120_130_raw_modes.csv
1.25,0.2,0.0030317259776864,assets/blumen_gep/supersonic_raw_spectrum_vs_blumen_a020_m120_130_raw_modes.csv
1.25,0.2,0.005088605502464,assets/blumen_gep/supersonic_raw_spectrum_vs_blumen_a020_m120_130_raw_modes.csv
1.25,0.2,0.0029406937968309,assets/blumen_gep/supersonic_raw_spectrum_vs_blumen_a020_m120_130_raw_modes.csv
1.25,0.2,0.0028506731978172,assets/blumen_gep/supersonic_raw_spectrum_vs_blumen_a020_m120_130_raw_modes.csv
1.25,0.2,0.0051394666675597,assets/blumen_gep/supersonic_raw_spectrum_vs_blumen_a020_m120_130_raw_modes.csv
1.25,0.2,0.0027616292472148,assets/blumen_gep/supersonic_raw_spectrum_vs_blumen_a020_m120_130_raw_modes.csv
1.25,0.2,0.0051891726167038,assets/blumen_gep/supersonic_raw_spectrum_vs_blumen_a020_m120_130_raw_modes.csv
1.25,0.2,0.0026735334169879,assets/blumen_gep/supersonic_raw_spectrum_vs_blumen_a020_m120_130_raw_modes.csv
1.25,0.2,0.0052377037284706,assets/blumen_gep/supersonic_raw_spectrum_vs_blumen_a020_m120_130_raw_modes.csv
1.25,0.2,0.0025863630098835,assets/blumen_gep/supersonic_raw_spectrum_vs_blumen_a020_m120_130_raw_modes.csv
1.25,0.2,0.0052850533051737,assets/blumen_gep/supersonic_raw_spectrum_vs_blumen_a020_m120_130_raw_modes.csv
1.25,0.2,0.0025001006660522,assets/blumen_gep/supersonic_raw_spectrum_vs_blumen_a020_m120_130_raw_modes.csv
1.25,0.2,0.00533122969618,assets/blumen_gep/supersonic_raw_spectrum_vs_blumen_a020_m120_130_raw_modes.csv
1.25,0.2,0.0024147339279616,assets/blumen_gep/supersonic_raw_spectrum_vs_blumen_a020_m120_130_raw_modes.csv
1.25,0.2,0.0023302548547035,assets/blumen_gep/supersonic_raw_spectrum_vs_blumen_a020_m120_130_raw_modes.csv
1.25,0.2,0.0053762583233138,assets/blumen_gep/supersonic_raw_spectrum_vs_blumen_a020_m120_130_raw_modes.csv
1.25,0.2,0.0022466596755709,assets/blumen_gep/supersonic_raw_spectrum_vs_blumen_a020_m120_130_raw_modes.csv
1.25,0.2,0.0054201835663008,assets/blumen_gep/supersonic_raw_spectrum_vs_blumen_a020_m120_130_raw_modes.csv
1.25,0.2,0.0021639484750083,assets/blumen_gep/supersonic_raw_spectrum_vs_blumen_a020_m120_130_raw_modes.csv
1.25,0.2,0.0054630704809755,assets/blumen_gep/supersonic_raw_spectrum_vs_blumen_a020_m120_130_raw_modes.csv
1.25,0.2,0.0020821249016977,assets/blumen_gep/supersonic_raw_spectrum_vs_blumen_a020_m120_130_raw_modes.csv
1.25,0.2,0.1955322248999577,assets/blumen_gep/supersonic_raw_spectrum_vs_blumen_a020_m120_130_raw_modes.csv
1.25,0.2,0.0055050063463513,assets/blumen_gep/supersonic_raw_spectrum_vs_blumen_a020_m120_130_raw_modes.csv
1.25,0.2,0.0020011958950101,assets/blumen_gep/supersonic_raw_spectrum_vs_blumen_a020_m120_130_raw_modes.csv
1.25,0.2,0.0019211714218901,assets/blumen_gep/supersonic_raw_spectrum_vs_blumen_a020_m120_130_raw_modes.csv
1.25,0.2,0.0055461020602787,assets/blumen_gep/supersonic_raw_spectrum_vs_blumen_a020_m120_130_raw_modes.csv
1.25,0.2,0.0018420642215373,assets/blumen_gep/supersonic_raw_spectrum_vs_blumen_a020_m120_130_raw_modes.csv
1.25,0.2,0.0055864934360961,assets/blumen_gep/supersonic_raw_spectrum_vs_blumen_a020_m120_130_raw_modes.csv
1.25,0.2,0.001763889546226,assets/blumen_gep/supersonic_raw_spectrum_vs_blumen_a020_m120_130_raw_modes.csv
1.25,0.2,0.0016866648960991,assets/blumen_gep/supersonic_raw_spectrum_vs_blumen_a020_m120_130_raw_modes.csv
1.25,0.2,0.0056263424858979,assets/blumen_gep/supersonic_raw_spectrum_vs_blumen_a020_m120_130_raw_modes.csv
1.25,0.2,0.0016104097449441,assets/blumen_gep/supersonic_raw_spectrum_vs_blumen_a020_m120_130_raw_modes.csv
1.25,0.2,0.0056658388124425,assets/blumen_gep/supersonic_raw_spectrum_vs_blumen_a020_m120_130_raw_modes.csv
1.25,0.2,0.001535145238237,assets/blumen_gep/supersonic_raw_spectrum_vs_blumen_a020_m120_130_raw_modes.csv
1.25,0.2,0.0057052012697797,assets/blumen_gep/supersonic_raw_spectrum_vs_blumen_a020_m120_130_raw_modes.csv
1.25,0.2,0.0014608938682835,assets/blumen_gep/supersonic_raw_spectrum_vs_blumen_a020_m120_130_raw_modes.csv
1.25,0.2,0.0013876791057785,assets/blumen_gep/supersonic_raw_spectrum_vs_blumen_a020_m120_130_raw_modes.csv
1.25,0.2,0.0057446800980056,assets/blumen_gep/supersonic_raw_spectrum_vs_blumen_a020_m120_130_raw_modes.csv
1.25,0.2,0.0013155249816814,assets/blumen_gep/supersonic_raw_spectrum_vs_blumen_a020_m120_130_raw_modes.csv
1.25,0.2,0.0057845597861703,assets/blumen_gep/supersonic_raw_spectrum_vs_blumen_a020_m120_130_raw_modes.csv
1.25,0.2,0.0012444555913581,assets/blumen_gep/supersonic_raw_spectrum_vs_blumen_a020_m120_130_raw_modes.csv
1.25,0.2,0.0011744945344348,assets/blumen_gep/supersonic_raw_spectrum_vs_blumen_a020_m120_130_raw_modes.csv
1.25,0.2,0.0058251629843913,assets/blumen_gep/supersonic_raw_spectrum_vs_blumen_a020_m120_130_raw_modes.csv
1.25,0.2,0.0011056641747144,assets/blumen_gep/supersonic_raw_spectrum_vs_blumen_a020_m120_130_raw_modes.csv
1.25,0.2,0.0010379848097546,assets/blumen_gep/supersonic_raw_spectrum_vs_blumen_a020_m120_130_raw_modes.csv
1.25,0.2,0.0058668558700534,assets/blumen_gep/supersonic_raw_spectrum_vs_blumen_a020_m120_130_raw_modes.csv
1.25,0.2,0.0009714735586997,assets/blumen_gep/supersonic_raw_spectrum_vs_blumen_a020_m120_130_raw_modes.csv
1.25,0.2,0.000906142961262,assets/blumen_gep/supersonic_raw_spectrum_vs_blumen_a020_m120_130_raw_modes.csv
1.25,0.2,0.0059100555027288,assets/blumen_gep/supersonic_raw_spectrum_vs_blumen_a020_m120_130_raw_modes.csv
1.25,0.2,0.0008419991275704,assets/blumen_gep/supersonic_raw_spectrum_vs_blumen_a020_m120_130_raw_modes.csv
1.25,0.2,0.005955239883374,assets/blumen_gep/supersonic_raw_spectrum_vs_blumen_a020_m120_130_raw_modes.csv
1.25,0.2,0.0007790392335088,assets/blumen_gep/supersonic_raw_spectrum_vs_blumen_a020_m120_130_raw_modes.csv
1.25,0.2,0.000717248035548,assets/blumen_gep/supersonic_raw_spectrum_vs_blumen_a020_m120_130_raw_modes.csv
1.25,0.2,0.0060029617151856,assets/blumen_gep/supersonic_raw_spectrum_vs_blumen_a020_m120_130_raw_modes.csv
1.25,0.2,0.0006565928597958,assets/blumen_gep/supersonic_raw_spectrum_vs_blumen_a020_m120_130_raw_modes.csv
1.25,0.2,0.0005970161220529,assets/blumen_gep/supersonic_raw_spectrum_vs_blumen_a020_m120_130_raw_modes.csv
1.25,0.2,0.0060538672932974,assets/blumen_gep/supersonic_raw_spectrum_vs_blumen_a020_m120_130_raw_modes.csv
1.25,0.2,0.0005384236680735,assets/blumen_gep/supersonic_raw_spectrum_vs_blumen_a020_m120_130_raw_modes.csv
1.25,0.2,0.0004806656393712,assets/blumen_gep/supersonic_raw_spectrum_vs_blumen_a020_m120_130_raw_modes.csv
1.25,0.2,0.000423503020764,assets/blumen_gep/supersonic_raw_spectrum_vs_blumen_a020_m120_130_raw_modes.csv
1.25,0.2,0.0061087226266273,assets/blumen_gep/supersonic_raw_spectrum_vs_blumen_a020_m120_130_raw_modes.csv
1.25,0.2,0.0003665442549341,assets/blumen_gep/supersonic_raw_spectrum_vs_blumen_a020_m120_130_raw_modes.csv
1.25,0.2,0.0003091114947543,assets/blumen_gep/supersonic_raw_spectrum_vs_blumen_a020_m120_130_raw_modes.csv
1.25,0.2,0.0061684499717866,assets/blumen_gep/supersonic_raw_spectrum_vs_blumen_a020_m120_130_raw_modes.csv
1.25,0.2,0.0002499111756184,assets/blumen_gep/supersonic_raw_spectrum_vs_blumen_a020_m120_130_raw_modes.csv
1.25,0.2,0.0001859927569082,assets/blumen_gep/supersonic_raw_spectrum_vs_blumen_a020_m120_130_raw_modes.csv
1.25,0.2,0.0001072068502603,assets/blumen_gep/supersonic_raw_spectrum_vs_blumen_a020_m120_130_raw_modes.csv
1.25,0.2,0.0062341797235271,assets/blumen_gep/supersonic_raw_spectrum_vs_blumen_a020_m120_130_raw_modes.csv
1.25,0.2,3.6746614770417525e-14,assets/blumen_gep/supersonic_raw_spectrum_vs_blumen_a020_m120_130_raw_modes.csv
1.25,0.2,9.725085015258824e-14,assets/blumen_gep/supersonic_raw_spectrum_vs_blumen_a020_m120_130_raw_modes.csv
1.25,0.2,1.3104902897396072e-13,assets/blumen_gep/supersonic_raw_spectrum_vs_blumen_a020_m120_130_raw_modes.csv
1.25,0.2,0.0063073255556406,assets/blumen_gep/supersonic_raw_spectrum_vs_blumen_a020_m120_130_raw_modes.csv
1.25,0.2,1.582920121606518e-13,assets/blumen_gep/supersonic_raw_spectrum_vs_blumen_a020_m120_130_raw_modes.csv
1.25,0.2,1.7604916673484034e-13,assets/blumen_gep/supersonic_raw_spectrum_vs_blumen_a020_m120_130_raw_modes.csv
1.25,0.2,1.7449672251269664e-13,assets/blumen_gep/supersonic_raw_spectrum_vs_blumen_a020_m120_130_raw_modes.csv
1.25,0.2,2.970209437619136e-13,assets/blumen_gep/supersonic_raw_spectrum_vs_blumen_a020_m120_130_raw_modes.csv
1.25,0.2,0.0063896957734143,assets/blumen_gep/supersonic_raw_spectrum_vs_blumen_a020_m120_130_raw_modes.csv
1.25,0.2,3.99264095291413e-13,assets/blumen_gep/supersonic_raw_spectrum_vs_blumen_a020_m120_130_raw_modes.csv
1.25,0.2,4.473503336161114e-13,assets/blumen_gep/supersonic_raw_spectrum_vs_blumen_a020_m120_130_raw_modes.csv
1.25,0.2,5.859918234254697e-13,assets/blumen_gep/supersonic_raw_spectrum_vs_blumen_a020_m120_130_raw_modes.csv
1.25,0.2,7.024534816727041e-13,assets/blumen_gep/supersonic_raw_spectrum_vs_blumen_a020_m120_130_raw_modes.csv
1.25,0.2,7.995793758609548e-13,assets/blumen_gep/supersonic_raw_spectrum_vs_blumen_a020_m120_130_raw_modes.csv
1.25,0.2,0.0064836627807221,assets/blumen_gep/supersonic_raw_spectrum_vs_blumen_a020_m120_130_raw_modes.csv
1.25,0.2,8.621268412905938e-13,assets/blumen_gep/supersonic_raw_spectrum_vs_blumen_a020_m120_130_raw_modes.csv
1.25,0.2,9.079746385908896e-13,assets/blumen_gep/supersonic_raw_spectrum_vs_blumen_a020_m120_130_raw_modes.csv
1.25,0.2,1.0464576020839557e-12,assets/blumen_gep/supersonic_raw_spectrum_vs_blumen_a020_m120_130_raw_modes.csv
1.25,0.2,1.5167584177889122e-12,assets/blumen_gep/supersonic_raw_spectrum_vs_blumen_a020_m120_130_raw_modes.csv
1.25,0.2,2.6152477081118453e-12,assets/blumen_gep/supersonic_raw_spectrum_vs_blumen_a020_m120_130_raw_modes.csv
1.25,0.2,5.507866622957754e-12,assets/blumen_gep/supersonic_raw_spectrum_vs_blumen_a020_m120_130_raw_modes.csv
1.25,0.2,1.0783710708813052e-11,assets/blumen_gep/supersonic_raw_spectrum_vs_blumen_a020_m120_130_raw_modes.csv
1.25,0.2,1.8742085848034905e-11,assets/blumen_gep/supersonic_raw_spectrum_vs_blumen_a020_m120_130_raw_modes.csv
1.25,0.2,0.006592428645153,assets/blumen_gep/supersonic_raw_spectrum_vs_blumen_a020_m120_130_raw_modes.csv
1.25,0.2,2.1275505683765744e-11,assets/blumen_gep/supersonic_raw_spectrum_vs_blumen_a020_m120_130_raw_modes.csv
1.25,0.2,4.319098045768355e-11,assets/blumen_gep/supersonic_raw_spectrum_vs_blumen_a020_m120_130_raw_modes.csv
1.25,0.2,5.732026846438576e-11,assets/blumen_gep/supersonic_raw_spectrum_vs_blumen_a020_m120_130_raw_modes.csv
1.25,0.2,7.000240069318466e-11,assets/blumen_gep/supersonic_raw_spectrum_vs_blumen_a020_m120_130_raw_modes.csv
1.25,0.2,7.869433270869204e-11,assets/blumen_gep/supersonic_raw_spectrum_vs_blumen_a020_m120_130_raw_modes.csv
1.25,0.2,8.201425880957312e-11,assets/blumen_gep/supersonic_raw_spectrum_vs_blumen_a020_m120_130_raw_modes.csv
1.25,0.2,7.950443071576575e-11,assets/blumen_gep/supersonic_raw_spectrum_vs_blumen_a020_m120_130_raw_modes.csv
1.25,0.2,7.18336871197135e-11,assets/blumen_gep/supersonic_raw_spectrum_vs_blumen_a020_m120_130_raw_modes.csv
1.25,0.2,6.052867457672288e-11,assets/blumen_gep/supersonic_raw_spectrum_vs_blumen_a020_m120_130_raw_modes.csv
1.25,0.2,4.746476404315187e-11,assets/blumen_gep/supersonic_raw_spectrum_vs_blumen_a020_m120_130_raw_modes.csv
1.25,0.2,3.4451061706328484e-11,assets/blumen_gep/supersonic_raw_spectrum_vs_blumen_a020_m120_130_raw_modes.csv
1.25,0.2,2.2791301684323623e-11,assets/blumen_gep/supersonic_raw_spectrum_vs_blumen_a020_m120_130_raw_modes.csv
1.25,0.2,1.3318538001502956e-11,assets/blumen_gep/supersonic_raw_spectrum_vs_blumen_a020_m120_130_raw_modes.csv
1.25,0.2,6.180201336835259e-12,assets/blumen_gep/supersonic_raw_spectrum_vs_blumen_a020_m120_130_raw_modes.csv
1.25,0.2,1.3372811002906972e-12,assets/blumen_gep/supersonic_raw_spectrum_vs_blumen_a020_m120_130_raw_modes.csv
1.25,0.2,2.7739651369993424e-13,assets/blumen_gep/supersonic_raw_spectrum_vs_blumen_a020_m120_130_raw_modes.csv
1.25,0.2,2.451965718369731e-12,assets/blumen_gep/supersonic_raw_spectrum_vs_blumen_a020_m120_130_raw_modes.csv
1.25,0.2,3.477110243358482e-12,assets/blumen_gep/supersonic_raw_spectrum_vs_blumen_a020_m120_130_raw_modes.csv
1.25,0.2,3.594358623762382e-12,assets/blumen_gep/supersonic_raw_spectrum_vs_blumen_a020_m120_130_raw_modes.csv
1.25,0.2,3.4386884581320305e-12,assets/blumen_gep/supersonic_raw_spectrum_vs_blumen_a020_m120_130_raw_modes.csv
1.25,0.2,2.8911694656806227e-12,assets/blumen_gep/supersonic_raw_spectrum_vs_blumen_a020_m120_130_raw_modes.csv
1.25,0.2,2.0284760028932948e-12,assets/blumen_gep/supersonic_raw_spectrum_vs_blumen_a020_m120_130_raw_modes.csv
1.25,0.2,1.373332196840012e-12,assets/blumen_gep/supersonic_raw_spectrum_vs_blumen_a020_m120_130_raw_modes.csv
1.25,0.2,1.393835741593528e-12,assets/blumen_gep/supersonic_raw_spectrum_vs_blumen_a020_m120_130_raw_modes.csv
1.25,0.2,0.0067204536773926,assets/blumen_gep/supersonic_raw_spectrum_vs_blumen_a020_m120_130_raw_modes.csv
1.25,0.2,0.0068741635271505,assets/blumen_gep/supersonic_raw_spectrum_vs_blumen_a020_m120_130_raw_modes.csv
1.25,0.2,0.007063103079945,assets/blumen_gep/supersonic_raw_spectrum_vs_blumen_a020_m120_130_raw_modes.csv
1.25,0.2,0.0073015337011772,assets/blumen_gep/supersonic_raw_spectrum_vs_blumen_a020_m120_130_raw_modes.csv
1.25,0.2,0.0076081796371095,assets/blumen_gep/supersonic_raw_spectrum_vs_blumen_a020_m120_130_raw_modes.csv
1.25,0.2,0.007984129789202,assets/blumen_gep/supersonic_raw_spectrum_vs_blumen_a020_m120_130_raw_modes.csv
1.25,0.2,0.0082844452346356,assets/blumen_gep/supersonic_raw_spectrum_vs_blumen_a020_m120_130_raw_modes.csv
1.25,0.2,0.0081674957701887,assets/blumen_gep/supersonic_raw_spectrum_vs_blumen_a020_m120_130_raw_modes.csv
1.25,0.2,0.0077259005974893,assets/blumen_gep/supersonic_raw_spectrum_vs_blumen_a020_m120_130_raw_modes.csv
1.25,0.2,0.007281173994681,assets/blumen_gep/supersonic_raw_spectrum_vs_blumen_a020_m120_130_raw_modes.csv
1.25,0.2,0.006911333319269,assets/blumen_gep/supersonic_raw_spectrum_vs_blumen_a020_m120_130_raw_modes.csv
1.25,0.2,0.00660419448009,assets/blumen_gep/supersonic_raw_spectrum_vs_blumen_a020_m120_130_raw_modes.csv
1.25,0.2,0.006342101016329,assets/blumen_gep/supersonic_raw_spectrum_vs_blumen_a020_m120_130_raw_modes.csv
1.25,0.2,0.0061124926360591,assets/blumen_gep/supersonic_raw_spectrum_vs_blumen_a020_m120_130_raw_modes.csv
1.25,0.2,0.0059069920088385,assets/blumen_gep/supersonic_raw_spectrum_vs_blumen_a020_m120_130_raw_modes.csv
1.25,0.2,0.0057199228664062,assets/blumen_gep/supersonic_raw_spectrum_vs_blumen_a020_m120_130_raw_modes.csv
1.25,0.2,0.0055473204546036,assets/blumen_gep/supersonic_raw_spectrum_vs_blumen_a020_m120_130_raw_modes.csv
1.25,0.2,0.0053863289832604,assets/blumen_gep/supersonic_raw_spectrum_vs_blumen_a020_m120_130_raw_modes.csv
1.25,0.2,0.0052348335777748,assets/blumen_gep/supersonic_raw_spectrum_vs_blumen_a020_m120_130_raw_modes.csv
1.25,0.2,0.0050912296946124,assets/blumen_gep/supersonic_raw_spectrum_vs_blumen_a020_m120_130_raw_modes.csv
1.25,0.2,0.0049542742637708,assets/blumen_gep/supersonic_raw_spectrum_vs_blumen_a020_m120_130_raw_modes.csv
1.25,0.2,0.0048229867306999,assets/blumen_gep/supersonic_raw_spectrum_vs_blumen_a020_m120_130_raw_modes.csv
1.25,0.2,0.0046965814683161,assets/blumen_gep/supersonic_raw_spectrum_vs_blumen_a020_m120_130_raw_modes.csv
1.25,0.2,0.0045744204696186,assets/blumen_gep/supersonic_raw_spectrum_vs_blumen_a020_m120_130_raw_modes.csv
1.25,0.2,0.0044559795041031,assets/blumen_gep/supersonic_raw_spectrum_vs_blumen_a020_m120_130_raw_modes.csv
1.25,0.2,0.0043408234260829,assets/blumen_gep/supersonic_raw_spectrum_vs_blumen_a020_m120_130_raw_modes.csv
1.25,0.2,0.004228587839892,assets/blumen_gep/supersonic_raw_spectrum_vs_blumen_a020_m120_130_raw_modes.csv
1.25,0.2,0.0041189652707441,assets/blumen_gep/supersonic_raw_spectrum_vs_blumen_a020_m120_130_raw_modes.csv
1.25,0.2,0.0040116945833491,assets/blumen_gep/supersonic_raw_spectrum_vs_blumen_a020_m120_130_raw_modes.csv
1.25,0.2,0.0039065527816123,assets/blumen_gep/supersonic_raw_spectrum_vs_blumen_a020_m120_130_raw_modes.csv
1.25,0.2,0.0038033485789164,assets/blumen_gep/supersonic_raw_spectrum_vs_blumen_a020_m120_130_raw_modes.csv
1.25,0.2,0.0037019173035774,assets/blumen_gep/supersonic_raw_spectrum_vs_blumen_a020_m120_130_raw_modes.csv
1.25,0.2,0.0036021168221073,assets/blumen_gep/supersonic_raw_spectrum_vs_blumen_a020_m120_130_raw_modes.csv
1.25,0.2,0.0035038242485894,assets/blumen_gep/supersonic_raw_spectrum_vs_blumen_a020_m120_130_raw_modes.csv
1.25,0.2,0.0034069332666037,assets/blumen_gep/supersonic_raw_spectrum_vs_blumen_a020_m120_130_raw_modes.csv
1.25,0.2,0.0033113519328864,assets/blumen_gep/supersonic_raw_spectrum_vs_blumen_a020_m120_130_raw_modes.csv
1.25,0.2,0.0032170008633452,assets/blumen_gep/supersonic_raw_spectrum_vs_blumen_a020_m120_130_raw_modes.csv
1.25,0.2,0.0031238117250821,assets/blumen_gep/supersonic_raw_spectrum_vs_blumen_a020_m120_130_raw_modes.csv
1.25,0.2,0.0030317259743926,assets/blumen_gep/supersonic_raw_spectrum_vs_blumen_a020_m120_130_raw_modes.csv
1.25,0.2,0.0029406937942411,assets/blumen_gep/supersonic_raw_spectrum_vs_blumen_a020_m120_130_raw_modes.csv
1.25,0.2,0.0028506731944466,assets/blumen_gep/supersonic_raw_spectrum_vs_blumen_a020_m120_130_raw_modes.csv
1.25,0.2,0.0027616292441913,assets/blumen_gep/supersonic_raw_spectrum_vs_blumen_a020_m120_130_raw_modes.csv
1.25,0.2,0.002673533414076,assets/blumen_gep/supersonic_raw_spectrum_vs_blumen_a020_m120_130_raw_modes.csv
1.25,0.2,0.0025863630070386,assets/blumen_gep/supersonic_raw_spectrum_vs_blumen_a020_m120_130_raw_modes.csv
1.25,0.2,0.0025001006634474,assets/blumen_gep/supersonic_raw_spectrum_vs_blumen_a020_m120_130_raw_modes.csv
1.25,0.2,0.0024147339258163,assets/blumen_gep/supersonic_raw_spectrum_vs_blumen_a020_m120_130_raw_modes.csv
1.25,0.2,0.0023302548532729,assets/blumen_gep/supersonic_raw_spectrum_vs_blumen_a020_m120_130_raw_modes.csv
1.25,0.2,0.002246659675101,assets/blumen_gep/supersonic_raw_spectrum_vs_blumen_a020_m120_130_raw_modes.csv
1.25,0.2,0.0021639484758633,assets/blumen_gep/supersonic_raw_spectrum_vs_blumen_a020_m120_130_raw_modes.csv
1.25,0.2,0.0020821249043292,assets/blumen_gep/supersonic_raw_spectrum_vs_blumen_a020_m120_130_raw_modes.csv
1.25,0.2,0.0020011958998548,assets/blumen_gep/supersonic_raw_spectrum_vs_blumen_a020_m120_130_raw_modes.csv
1.25,0.2,0.0019211714300213,assets/blumen_gep/supersonic_raw_spectrum_vs_blumen_a020_m120_130_raw_modes.csv
1.25,0.2,0.0018420642336589,assets/blumen_gep/supersonic_raw_spectrum_vs_blumen_a020_m120_130_raw_modes.csv
1.25,0.2,0.001763889563017,assets/blumen_gep/supersonic_raw_spectrum_vs_blumen_a020_m120_130_raw_modes.csv
1.25,0.2,0.0016866649194939,assets/blumen_gep/supersonic_raw_spectrum_vs_blumen_a020_m120_130_raw_modes.csv
1.25,0.2,0.001610409776216,assets/blumen_gep/supersonic_raw_spectrum_vs_blumen_a020_m120_130_raw_modes.csv
1.25,0.2,0.0015351452796074,assets/blumen_gep/supersonic_raw_spectrum_vs_blumen_a020_m120_130_raw_modes.csv
1.25,0.2,0.0014608939222633,assets/blumen_gep/supersonic_raw_spectrum_vs_blumen_a020_m120_130_raw_modes.csv
1.25,0.2,0.0013876791755465,assets/blumen_gep/supersonic_raw_spectrum_vs_blumen_a020_m120_130_raw_modes.csv
1.25,0.2,0.0013155250702706,assets/blumen_gep/supersonic_raw_spectrum_vs_blumen_a020_m120_130_raw_modes.csv
1.25,0.2,0.0012444557076264,assets/blumen_gep/supersonic_raw_spectrum_vs_blumen_a020_m120_130_raw_modes.csv
1.25,0.2,0.0011744946709424,assets/blumen_gep/supersonic_raw_spectrum_vs_blumen_a020_m120_130_raw_modes.csv
1.25,0.2,0.0011056643527561,assets/blumen_gep/supersonic_raw_spectrum_vs_blumen_a020_m120_130_raw_modes.csv
1.25,0.2,0.0010379850315059,assets/blumen_gep/supersonic_raw_spectrum_vs_blumen_a020_m120_130_raw_modes.csv
1.25,0.2,0.0009714738372448,assets/blumen_gep/supersonic_raw_spectrum_vs_blumen_a020_m120_130_raw_modes.csv
1.25,0.2,0.0009061432957384,assets/blumen_gep/supersonic_raw_spectrum_vs_blumen_a020_m120_130_raw_modes.csv
1.25,0.2,0.0008419995462877,assets/blumen_gep/supersonic_raw_spectrum_vs_blumen_a020_m120_130_raw_modes.csv
1.25,0.2,0.0007790397380673,assets/blumen_gep/supersonic_raw_spectrum_vs_blumen_a020_m120_130_raw_modes.csv
1.25,0.2,0.0007172486554935,assets/blumen_gep/supersonic_raw_spectrum_vs_blumen_a020_m120_130_raw_modes.csv
1.25,0.2,0.0006565936047525,assets/blumen_gep/supersonic_raw_spectrum_vs_blumen_a020_m120_130_raw_modes.csv
1.25,0.2,0.0005970170312047,assets/blumen_gep/supersonic_raw_spectrum_vs_blumen_a020_m120_130_raw_modes.csv
1.25,0.2,0.0005384247638262,assets/blumen_gep/supersonic_raw_spectrum_vs_blumen_a020_m120_130_raw_modes.csv
1.25,0.2,0.0004806669617413,assets/blumen_gep/supersonic_raw_spectrum_vs_blumen_a020_m120_130_raw_modes.csv
1.25,0.2,0.0004235046219489,assets/blumen_gep/supersonic_raw_spectrum_vs_blumen_a020_m120_130_raw_modes.csv
1.25,0.2,0.0003665462120565,assets/blumen_gep/supersonic_raw_spectrum_vs_blumen_a020_m120_130_raw_modes.csv
1.25,0.2,0.0003091139254092,assets/blumen_gep/supersonic_raw_spectrum_vs_blumen_a020_m120_130_raw_modes.csv
1.25,0.2,0.0002499142845434,assets/blumen_gep/supersonic_raw_spectrum_vs_blumen_a020_m120_130_raw_modes.csv
1.25,0.2,0.0001859970234536,assets/blumen_gep/supersonic_raw_spectrum_vs_blumen_a020_m120_130_raw_modes.csv
1.25,0.2,0.0001072143274494,assets/blumen_gep/supersonic_raw_spectrum_vs_blumen_a020_m120_130_raw_modes.csv
1.25,0.2,3.356425797462655e-15,assets/blumen_gep/supersonic_raw_spectrum_vs_blumen_a020_m120_130_raw_modes.csv
1.25,0.2,3.380701416630213e-15,assets/blumen_gep/supersonic_raw_spectrum_vs_blumen_a020_m120_130_raw_modes.csv
1.25,0.2,5.500497110695827e-16,assets/blumen_gep/supersonic_raw_spectrum_vs_blumen_a020_m120_130_raw_modes.csv
1.25,0.2,7.711360464719552e-17,assets/blumen_gep/supersonic_raw_spectrum_vs_blumen_a020_m120_130_raw_modes.csv
1.25,0.2,2.2488608519716607e-15,assets/blumen_gep/supersonic_raw_spectrum_vs_blumen_a020_m120_130_raw_modes.csv
1.25,0.2,1.0186497750413108e-15,assets/blumen_gep/supersonic_raw_spectrum_vs_blumen_a020_m120_130_raw_modes.csv
1.25,0.2,3.696201085653222e-15,assets/blumen_gep/supersonic_raw_spectrum_vs_blumen_a020_m120_130_raw_modes.csv
1.25,0.2,3.859902856656212e-15,assets/blumen_gep/supersonic_raw_spectrum_vs_blumen_a020_m120_130_raw_modes.csv
1.25,0.2,2.250667901786765e-15,assets/blumen_gep/supersonic_raw_spectrum_vs_blumen_a020_m120_130_raw_modes.csv
1.25,0.2,9.893224304909376e-16,assets/blumen_gep/supersonic_raw_spectrum_vs_blumen_a020_m120_130_raw_modes.csv
1.25,0.2,2.359483982917061e-15,assets/blumen_gep/supersonic_raw_spectrum_vs_blumen_a020_m120_130_raw_modes.csv
1.25,0.2,3.0166121937192456e-15,assets/blumen_gep/supersonic_raw_spectrum_vs_blumen_a020_m120_130_raw_modes.csv
1.25,0.2,1.760195496733946e-15,assets/blumen_gep/supersonic_raw_spectrum_vs_blumen_a020_m120_130_raw_modes.csv
1.25,0.2,2.007015687788077e-15,assets/blumen_gep/supersonic_raw_spectrum_vs_blumen_a020_m120_130_raw_modes.csv
1.25,0.2,2.201162417449908e-15,assets/blumen_gep/supersonic_raw_spectrum_vs_blumen_a020_m120_130_raw_modes.csv
1.25,0.2,1.5598558698188306e-15,assets/blumen_gep/supersonic_raw_spectrum_vs_blumen_a020_m120_130_raw_modes.csv
1.25,0.2,1.0875480824014372e-15,assets/blumen_gep/supersonic_raw_spectrum_vs_blumen_a020_m120_130_raw_modes.csv
1.25,0.2,8.643897739370232e-16,assets/blumen_gep/supersonic_raw_spectrum_vs_blumen_a020_m120_130_raw_modes.csv
1.25,0.2,3.119826611108258e-15,assets/blumen_gep/supersonic_raw_spectrum_vs_blumen_a020_m120_130_raw_modes.csv
1.25,0.2,3.642089534152543e-15,assets/blumen_gep/supersonic_raw_spectrum_vs_blumen_a020_m120_130_raw_modes.csv
1.25,0.2,2.7561429914140522e-15,assets/blumen_gep/supersonic_raw_spectrum_vs_blumen_a020_m120_130_raw_modes.csv
1.25,0.2,2.7359672850344538e-15,assets/blumen_gep/supersonic_raw_spectrum_vs_blumen_a020_m120_130_raw_modes.csv
1.25,0.2,5.694794299399433e-15,assets/blumen_gep/supersonic_raw_spectrum_vs_blumen_a020_m120_130_raw_modes.csv
1.25,0.2,5.825708519027612e-15,assets/blumen_gep/supersonic_raw_spectrum_vs_blumen_a020_m120_130_raw_modes.csv
1.25,0.2,1.5157268587814736e-15,assets/blumen_gep/supersonic_raw_spectrum_vs_blumen_a020_m120_130_raw_modes.csv
1.25,0.2,3.1360227003691797e-15,assets/blumen_gep/supersonic_raw_spectrum_vs_blumen_a020_m120_130_raw_modes.csv
1.25,0.2,1.5133895431602876e-15,assets/blumen_gep/supersonic_raw_spectrum_vs_blumen_a020_m120_130_raw_modes.csv
1.25,0.2,1.0531084072575185e-15,assets/blumen_gep/supersonic_raw_spectrum_vs_blumen_a020_m120_130_raw_modes.csv
1.25,0.2,5.282102827287861e-15,assets/blumen_gep/supersonic_raw_spectrum_vs_blumen_a020_m120_130_raw_modes.csv
1.25,0.2,1.4583988031052348e-16,assets/blumen_gep/supersonic_raw_spectrum_vs_blumen_a020_m120_130_raw_modes.csv
1.25,0.2,2.2831904863276078e-15,assets/blumen_gep/supersonic_raw_spectrum_vs_blumen_a020_m120_130_raw_modes.csv
1.25,0.2,2.609251342962036e-15,assets/blumen_gep/supersonic_raw_spectrum_vs_blumen_a020_m120_130_raw_modes.csv
1.25,0.2,2.19455391530244e-15,assets/blumen_gep/supersonic_raw_spectrum_vs_blumen_a020_m120_130_raw_modes.csv
1.25,0.2,4.352623260080154e-15,assets/blumen_gep/supersonic_raw_spectrum_vs_blumen_a020_m120_130_raw_modes.csv
1.25,0.2,3.590122437294528e-15,assets/blumen_gep/supersonic_raw_spectrum_vs_blumen_a020_m120_130_raw_modes.csv
1.25,0.2,9.103681751998104e-15,assets/blumen_gep/supersonic_raw_spectrum_vs_blumen_a020_m120_130_raw_modes.csv
1.25,0.2,8.249566427154697e-15,assets/blumen_gep/supersonic_raw_spectrum_vs_blumen_a020_m120_130_raw_modes.csv
1.25,0.2,2.589851439151766e-14,assets/blumen_gep/supersonic_raw_spectrum_vs_blumen_a020_m120_130_raw_modes.csv
1.25,0.2,3.417201966512464e-14,assets/blumen_gep/supersonic_raw_spectrum_vs_blumen_a020_m120_130_raw_modes.csv
1.25,0.2,2.224389070301156e-14,assets/blumen_gep/supersonic_raw_spectrum_vs_blumen_a020_m120_130_raw_modes.csv
1.25,0.2,2.0431620638550038e-15,assets/blumen_gep/supersonic_raw_spectrum_vs_blumen_a020_m120_130_raw_modes.csv
1.25,0.2,4.796842596414237e-15,assets/blumen_gep/supersonic_raw_spectrum_vs_blumen_a020_m120_130_raw_modes.csv
1.25,0.2,4.427110131568691e-15,assets/blumen_gep/supersonic_raw_spectrum_vs_blumen_a020_m120_130_raw_modes.csv
1.25,0.2,1.2823857132004966e-13,assets/blumen_gep/supersonic_raw_spectrum_vs_blumen_a020_m120_130_raw_modes.csv
1.25,0.2,2.6020852056156213e-15,assets/blumen_gep/supersonic_raw_spectrum_vs_blumen_a020_m120_130_raw_modes.csv
1.25,0.2,8.723314578016442e-16,assets/blumen_gep/supersonic_raw_spectrum_vs_blumen_a020_m120_130_raw_modes.csv
1.25,0.2,6.174337044077559e-13,assets/blumen_gep/supersonic_raw_spectrum_vs_blumen_a020_m120_130_raw_modes.csv
1.25,0.2,8.135170952897149e-14,assets/blumen_gep/supersonic_raw_spectrum_vs_blumen_a020_m120_130_raw_modes.csv
1.25,0.2,3.767859840983459e-17,assets/blumen_gep/supersonic_raw_spectrum_vs_blumen_a020_m120_130_raw_modes.csv
1.25,0.2,3.0340670360046334e-13,assets/blumen_gep/supersonic_raw_spectrum_vs_blumen_a020_m120_130_raw_modes.csv
1.25,0.2,2.479595639005949e-16,assets/blumen_gep/supersonic_raw_spectrum_vs_blumen_a020_m120_130_raw_modes.csv
1.25,0.2,9.113167537318026e-17,assets/blumen_gep/supersonic_raw_spectrum_vs_blumen_a020_m120_130_raw_modes.csv
1.25,0.2,3.1834583056641056e-16,assets/blumen_gep/supersonic_raw_spectrum_vs_blumen_a020_m120_130_raw_modes.csv
1.25,0.2,5.852016770222979e-17,assets/blumen_gep/supersonic_raw_spectrum_vs_blumen_a020_m120_130_raw_modes.csv
1.25,0.2,2.289136299697207e-16,assets/blumen_gep/supersonic_raw_spectrum_vs_blumen_a020_m120_130_raw_modes.csv
1.25,0.2,6.7886303414934525e-16,assets/blumen_gep/supersonic_raw_spectrum_vs_blumen_a020_m120_130_raw_modes.csv
1.25,0.2,3.451896325209841e-16,assets/blumen_gep/supersonic_raw_spectrum_vs_blumen_a020_m120_130_raw_modes.csv
1.25,0.2,6.358577054220128e-17,assets/blumen_gep/supersonic_raw_spectrum_vs_blumen_a020_m120_130_raw_modes.csv
1.25,0.2,1.9740595213647522e-16,assets/blumen_gep/supersonic_raw_spectrum_vs_blumen_a020_m120_130_raw_modes.csv
1.25,0.2,3.3528204419578806e-18,assets/blumen_gep/supersonic_raw_spectrum_vs_blumen_a020_m120_130_raw_modes.csv
1.25,0.2,5.621616636159286e-17,assets/blumen_gep/supersonic_raw_spectrum_vs_blumen_a020_m120_130_raw_modes.csv
1.25,0.2,6.2959489189401664e-15,assets/blumen_gep/supersonic_raw_spectrum_vs_blumen_a020_m120_130_raw_modes.csv
1.25,0.2,1.4288160560313854e-16,assets/blumen_gep/supersonic_raw_spectrum_vs_blumen_a020_m120_130_raw_modes.csv
1.25,0.2,2.823658509827893e-17,assets/blumen_gep/supersonic_raw_spectrum_vs_blumen_a020_m120_130_raw_modes.csv
1.25,0.2,3.983544161589638e-16,assets/blumen_gep/supersonic_raw_spectrum_vs_blumen_a020_m120_130_raw_modes.csv
1.25,0.2,8.426056502049103e-17,assets/blumen_gep/supersonic_raw_spectrum_vs_blumen_a020_m120_130_raw_modes.csv
1.25,0.2,3.636127756722399e-15,assets/blumen_gep/supersonic_raw_spectrum_vs_blumen_a020_m120_130_raw_modes.csv
1.25,0.2,0.0030195741440457,assets/blumen_gep/supersonic_raw_spectrum_vs_blumen_a020_m120_130_raw_modes.csv
1.25,0.2,0.0035358079580257,assets/blumen_gep/supersonic_raw_spectrum_vs_blumen_a020_m120_130_raw_modes.csv
1.25,0.2,0.0029776977128762,assets/blumen_gep/supersonic_raw_spectrum_vs_blumen_a020_m120_130_raw_modes.csv
1.25,0.2,0.0035732168049352,assets/blumen_gep/supersonic_raw_spectrum_vs_blumen_a020_m120_130_raw_modes.csv
1.25,0.2,0.0029354723414662,assets/blumen_gep/supersonic_raw_spectrum_vs_blumen_a020_m120_130_raw_modes.csv
1.25,0.2,0.003610231532,assets/blumen_gep/supersonic_raw_spectrum_vs_blumen_a020_m120_130_raw_modes.csv
1.25,0.2,0.002892875425727,assets/blumen_gep/supersonic_raw_spectrum_vs_blumen_a020_m120_130_raw_modes.csv
1.25,0.2,0.0036468326455218,assets/blumen_gep/supersonic_raw_spectrum_vs_blumen_a020_m120_130_raw_modes.csv
1.25,0.2,0.0028498797066184,assets/blumen_gep/supersonic_raw_spectrum_vs_blumen_a020_m120_130_raw_modes.csv
1.25,0.2,0.0036829999176668,assets/blumen_gep/supersonic_raw_spectrum_vs_blumen_a020_m120_130_raw_modes.csv
1.25,0.2,0.0028064528006685,assets/blumen_gep/supersonic_raw_spectrum_vs_blumen_a020_m120_130_raw_modes.csv
1.25,0.2,0.0037187127293351,assets/blumen_gep/supersonic_raw_spectrum_vs_blumen_a020_m120_130_raw_modes.csv
1.25,0.2,0.0027625567249314,assets/blumen_gep/supersonic_raw_spectrum_vs_blumen_a020_m120_130_raw_modes.csv
1.25,0.2,0.0037539504444715,assets/blumen_gep/supersonic_raw_spectrum_vs_blumen_a020_m120_130_raw_modes.csv
1.25,0.2,0.002718147249621,assets/blumen_gep/supersonic_raw_spectrum_vs_blumen_a020_m120_130_raw_modes.csv
1.25,0.2,0.0037886928228413,assets/blumen_gep/supersonic_raw_spectrum_vs_blumen_a020_m120_130_raw_modes.csv
1.25,0.2,0.0026731732196339,assets/blumen_gep/supersonic_raw_spectrum_vs_blumen_a020_m120_130_raw_modes.csv
1.25,0.2,0.0038229204625352,assets/blumen_gep/supersonic_raw_spectrum_vs_blumen_a020_m120_130_raw_modes.csv
1.25,0.2,0.0026275756466801,assets/blumen_gep/supersonic_raw_spectrum_vs_blumen_a020_m120_130_raw_modes.csv
1.25,0.2,0.0038566152800925,assets/blumen_gep/supersonic_raw_spectrum_vs_blumen_a020_m120_130_raw_modes.csv
1.25,0.2,0.0025812867227949,assets/blumen_gep/supersonic_raw_spectrum_vs_blumen_a020_m120_130_raw_modes.csv
1.25,0.2,0.0038897610148227,assets/blumen_gep/supersonic_raw_spectrum_vs_blumen_a020_m120_130_raw_modes.csv
1.25,0.2,0.0025342285202031,assets/blumen_gep/supersonic_raw_spectrum_vs_blumen_a020_m120_130_raw_modes.csv
1.25,0.2,0.0039223437588841,assets/blumen_gep/supersonic_raw_spectrum_vs_blumen_a020_m120_130_raw_modes.csv
1.25,0.2,0.0024863115258509,assets/blumen_gep/supersonic_raw_spectrum_vs_blumen_a020_m120_130_raw_modes.csv
1.25,0.2,0.0039543525075393,assets/blumen_gep/supersonic_raw_spectrum_vs_blumen_a020_m120_130_raw_modes.csv
1.25,0.2,0.002437432734892,assets/blumen_gep/supersonic_raw_spectrum_vs_blumen_a020_m120_130_raw_modes.csv
1.25,0.2,0.0039857797146302,assets/blumen_gep/supersonic_raw_spectrum_vs_blumen_a020_m120_130_raw_modes.csv
1.25,0.2,0.002387473416376,assets/blumen_gep/supersonic_raw_spectrum_vs_blumen_a020_m120_130_raw_modes.csv
1.25,0.2,0.0040166218576131,assets/blumen_gep/supersonic_raw_spectrum_vs_blumen_a020_m120_130_raw_modes.csv
1.25,0.2,0.0023362962262164,assets/blumen_gep/supersonic_raw_spectrum_vs_blumen_a020_m120_130_raw_modes.csv
1.25,0.2,0.0040468799918469,assets/blumen_gep/supersonic_raw_spectrum_vs_blumen_a020_m120_130_raw_modes.csv
1.25,0.2,0.0022837416931585,assets/blumen_gep/supersonic_raw_spectrum_vs_blumen_a020_m120_130_raw_modes.csv
1.25,0.2,0.004076560296167,assets/blumen_gep/supersonic_raw_spectrum_vs_blumen_a020_m120_130_raw_modes.csv
1.25,0.2,0.0022296236672802,assets/blumen_gep/supersonic_raw_spectrum_vs_blumen_a020_m120_130_raw_modes.csv
1.25,0.2,0.0041056745941442,assets/blumen_gep/supersonic_raw_spectrum_vs_blumen_a020_m120_130_raw_modes.csv
1.25,0.2,0.0021737235674515,assets/blumen_gep/supersonic_raw_spectrum_vs_blumen_a020_m120_130_raw_modes.csv
1.25,0.2,0.0041342408524494,assets/blumen_gep/supersonic_raw_spectrum_vs_blumen_a020_m120_130_raw_modes.csv
1.25,0.2,0.0021157828359998,assets/blumen_gep/supersonic_raw_spectrum_vs_blumen_a020_m120_130_raw_modes.csv
1.25,0.2,0.0041622836464063,assets/blumen_gep/supersonic_raw_spectrum_vs_blumen_a020_m120_130_raw_modes.csv
1.25,0.2,0.0020554930295553,assets/blumen_gep/supersonic_raw_spectrum_vs_blumen_a020_m120_130_raw_modes.csv
1.25,0.2,0.0041898345989292,assets/blumen_gep/supersonic_raw_spectrum_vs_blumen_a020_m120_130_raw_modes.csv
1.25,0.2,0.0019924824764722,assets/blumen_gep/supersonic_raw_spectrum_vs_blumen_a020_m120_130_raw_modes.csv
1.25,0.2,0.004216932783995,assets/blumen_gep/supersonic_raw_spectrum_vs_blumen_a020_m120_130_raw_modes.csv
1.25,0.2,0.0019262980237908,assets/blumen_gep/supersonic_raw_spectrum_vs_blumen_a020_m120_130_raw_modes.csv
1.25,0.2,0.0042436251167121,assets/blumen_gep/supersonic_raw_spectrum_vs_blumen_a020_m120_130_raw_modes.csv
1.25,0.2,0.0018563794493259,assets/blumen_gep/supersonic_raw_spectrum_vs_blumen_a020_m120_130_raw_modes.csv
1.25,0.2,0.0042699667239675,assets/blumen_gep/supersonic_raw_spectrum_vs_blumen_a020_m120_130_raw_modes.csv
1.25,0.2,0.0017820225589108,assets/blumen_gep/supersonic_raw_spectrum_vs_blumen_a020_m120_130_raw_modes.csv
1.25,0.2,0.0042960213217499,assets/blumen_gep/supersonic_raw_spectrum_vs_blumen_a020_m120_130_raw_modes.csv
1.25,0.2,0.0017023244053548,assets/blumen_gep/supersonic_raw_spectrum_vs_blumen_a020_m120_130_raw_modes.csv
1.25,0.2,0.0043218616155482,assets/blumen_gep/supersonic_raw_spectrum_vs_blumen_a020_m120_130_raw_modes.csv
1.25,0.2,0.0016160985112567,assets/blumen_gep/supersonic_raw_spectrum_vs_blumen_a020_m120_130_raw_modes.csv
1.25,0.2,0.0043475697475278,assets/blumen_gep/supersonic_raw_spectrum_vs_blumen_a020_m120_130_raw_modes.csv
1.25,0.2,0.0015217374559136,assets/blumen_gep/supersonic_raw_spectrum_vs_blumen_a020_m120_130_raw_modes.csv
1.25,0.2,0.0043732378254051,assets/blumen_gep/supersonic_raw_spectrum_vs_blumen_a020_m120_130_raw_modes.csv
1.25,0.2,0.001416976136707,assets/blumen_gep/supersonic_raw_spectrum_vs_blumen_a020_m120_130_raw_modes.csv
1.25,0.2,0.1955425891123994,assets/blumen_gep/supersonic_raw_spectrum_vs_blumen_a020_m120_130_raw_modes.csv
1.25,0.2,0.0043989685678939,assets/blumen_gep/supersonic_raw_spectrum_vs_blumen_a020_m120_130_raw_modes.csv
1.25,0.2,0.0012984504538224,assets/blumen_gep/supersonic_raw_spectrum_vs_blumen_a020_m120_130_raw_modes.csv
1.25,0.2,0.0011607795162764,assets/blumen_gep/supersonic_raw_spectrum_vs_blumen_a020_m120_130_raw_modes.csv
1.25,0.2,0.004424876113248,assets/blumen_gep/supersonic_raw_spectrum_vs_blumen_a020_m120_130_raw_modes.csv
1.25,0.2,0.0009943249482186,assets/blumen_gep/supersonic_raw_spectrum_vs_blumen_a020_m120_130_raw_modes.csv
1.25,0.2,0.0044510870477133,assets/blumen_gep/supersonic_raw_spectrum_vs_blumen_a020_m120_130_raw_modes.csv
1.25,0.2,0.0007780364602926,assets/blumen_gep/supersonic_raw_spectrum_vs_blumen_a020_m120_130_raw_modes.csv
1.25,0.2,0.0044777417191146,assets/blumen_gep/supersonic_raw_spectrum_vs_blumen_a020_m120_130_raw_modes.csv
1.25,0.2,0.0004375610830411,assets/blumen_gep/supersonic_raw_spectrum_vs_blumen_a020_m120_130_raw_modes.csv
1.25,0.2,0.0045049959191656,assets/blumen_gep/supersonic_raw_spectrum_vs_blumen_a020_m120_130_raw_modes.csv
1.25,0.2,5.682061420701885e-13,assets/blumen_gep/supersonic_raw_spectrum_vs_blumen_a020_m120_130_raw_modes.csv
1.25,0.2,0.0045330230479336,assets/blumen_gep/supersonic_raw_spectrum_vs_blumen_a020_m120_130_raw_modes.csv
1.25,0.2,0.0045620168821527,assets/blumen_gep/supersonic_raw_spectrum_vs_blumen_a020_m120_130_raw_modes.csv
1.25,0.2,9.177527235588936e-15,assets/blumen_gep/supersonic_raw_spectrum_vs_blumen_a020_m120_130_raw_modes.csv
1.25,0.2,0.0045921951397794,assets/blumen_gep/supersonic_raw_spectrum_vs_blumen_a020_m120_130_raw_modes.csv
1.25,0.2,8.867845988949798e-15,assets/blumen_gep/supersonic_raw_spectrum_vs_blumen_a020_m120_130_raw_modes.csv
1.25,0.2,0.0046238040691834,assets/blumen_gep/supersonic_raw_spectrum_vs_blumen_a020_m120_130_raw_modes.csv
1.25,0.2,1.6051667694289822e-14,assets/blumen_gep/supersonic_raw_spectrum_vs_blumen_a020_m120_130_raw_modes.csv
1.25,0.2,0.0046571244158631,assets/blumen_gep/supersonic_raw_spectrum_vs_blumen_a020_m120_130_raw_modes.csv
1.25,0.2,9.8205640145189e-13,assets/blumen_gep/supersonic_raw_spectrum_vs_blumen_a020_m120_130_raw_modes.csv
1.25,0.2,0.0046924791537161,assets/blumen_gep/supersonic_raw_spectrum_vs_blumen_a020_m120_130_raw_modes.csv
1.25,0.2,0.0047302437318043,assets/blumen_gep/supersonic_raw_spectrum_vs_blumen_a020_m120_130_raw_modes.csv
1.25,0.2,0.0004375604488068,assets/blumen_gep/supersonic_raw_spectrum_vs_blumen_a020_m120_130_raw_modes.csv
1.25,0.2,0.0047708596150831,assets/blumen_gep/supersonic_raw_spectrum_vs_blumen_a020_m120_130_raw_modes.csv
1.25,0.2,0.000778036144345,assets/blumen_gep/supersonic_raw_spectrum_vs_blumen_a020_m120_130_raw_modes.csv
1.25,0.2,0.0009943247163287,assets/blumen_gep/supersonic_raw_spectrum_vs_blumen_a020_m120_130_raw_modes.csv
1.25,0.2,0.0048148526354711,assets/blumen_gep/supersonic_raw_spectrum_vs_blumen_a020_m120_130_raw_modes.csv
1.25,0.2,0.001160779328663,assets/blumen_gep/supersonic_raw_spectrum_vs_blumen_a020_m120_130_raw_modes.csv
1.25,0.2,0.0048628580425598,assets/blumen_gep/supersonic_raw_spectrum_vs_blumen_a020_m120_130_raw_modes.csv
1.25,0.2,0.0012984502889713,assets/blumen_gep/supersonic_raw_spectrum_vs_blumen_a020_m120_130_raw_modes.csv
1.25,0.2,0.0049156554849514,assets/blumen_gep/supersonic_raw_spectrum_vs_blumen_a020_m120_130_raw_modes.csv
1.25,0.2,0.0014169760051523,assets/blumen_gep/supersonic_raw_spectrum_vs_blumen_a020_m120_130_raw_modes.csv
1.25,0.2,0.0049742187994263,assets/blumen_gep/supersonic_raw_spectrum_vs_blumen_a020_m120_130_raw_modes.csv
1.25,0.2,0.001521737339756,assets/blumen_gep/supersonic_raw_spectrum_vs_blumen_a020_m120_130_raw_modes.csv
1.25,0.2,0.0050397885809141,assets/blumen_gep/supersonic_raw_spectrum_vs_blumen_a020_m120_130_raw_modes.csv
1.25,0.2,0.001616098409708,assets/blumen_gep/supersonic_raw_spectrum_vs_blumen_a020_m120_130_raw_modes.csv
1.25,0.2,0.0051139808033243,assets/blumen_gep/supersonic_raw_spectrum_vs_blumen_a020_m120_130_raw_modes.csv
1.25,0.2,0.0017023243137465,assets/blumen_gep/supersonic_raw_spectrum_vs_blumen_a020_m120_130_raw_modes.csv
1.25,0.2,0.0051989541284976,assets/blumen_gep/supersonic_raw_spectrum_vs_blumen_a020_m120_130_raw_modes.csv
1.25,0.2,0.0017820224793138,assets/blumen_gep/supersonic_raw_spectrum_vs_blumen_a020_m120_130_raw_modes.csv
1.25,0.2,0.0052976755453466,assets/blumen_gep/supersonic_raw_spectrum_vs_blumen_a020_m120_130_raw_modes.csv
1.25,0.2,0.0018563793720255,assets/blumen_gep/supersonic_raw_spectrum_vs_blumen_a020_m120_130_raw_modes.csv
1.25,0.2,0.005414353872826,assets/blumen_gep/supersonic_raw_spectrum_vs_blumen_a020_m120_130_raw_modes.csv
1.25,0.2,0.0019262979647918,assets/blumen_gep/supersonic_raw_spectrum_vs_blumen_a020_m120_130_raw_modes.csv
1.25,0.2,0.0055551553390406,assets/blumen_gep/supersonic_raw_spectrum_vs_blumen_a020_m120_130_raw_modes.csv
1.25,0.2,0.0019924824149543,assets/blumen_gep/supersonic_raw_spectrum_vs_blumen_a020_m120_130_raw_modes.csv
1.25,0.2,0.0057293208915158,assets/blumen_gep/supersonic_raw_spectrum_vs_blumen_a020_m120_130_raw_modes.csv
1.25,0.2,0.0020554929776954,assets/blumen_gep/supersonic_raw_spectrum_vs_blumen_a020_m120_130_raw_modes.csv
1.25,0.2,0.0059502572588982,assets/blumen_gep/supersonic_raw_spectrum_vs_blumen_a020_m120_130_raw_modes.csv
1.25,0.2,0.0021157827883462,assets/blumen_gep/supersonic_raw_spectrum_vs_blumen_a020_m120_130_raw_modes.csv
1.25,0.2,0.0062311147553272,assets/blumen_gep/supersonic_raw_spectrum_vs_blumen_a020_m120_130_raw_modes.csv
1.25,0.2,0.0021737235237786,assets/blumen_gep/supersonic_raw_spectrum_vs_blumen_a020_m120_130_raw_modes.csv
1.25,0.2,0.0065380379306593,assets/blumen_gep/supersonic_raw_spectrum_vs_blumen_a020_m120_130_raw_modes.csv
1.25,0.2,0.0022296236285132,assets/blumen_gep/supersonic_raw_spectrum_vs_blumen_a020_m120_130_raw_modes.csv
1.25,0.2,0.0066523379065508,assets/blumen_gep/supersonic_raw_spectrum_vs_blumen_a020_m120_130_raw_modes.csv
1.25,0.2,0.002283741656264,assets/blumen_gep/supersonic_raw_spectrum_vs_blumen_a020_m120_130_raw_modes.csv
1.25,0.2,0.0064045584051366,assets/blumen_gep/supersonic_raw_spectrum_vs_blumen_a020_m120_130_raw_modes.csv
1.25,0.2,0.0023362961942645,assets/blumen_gep/supersonic_raw_spectrum_vs_blumen_a020_m120_130_raw_modes.csv
1.25,0.2,0.0060392042757368,assets/blumen_gep/supersonic_raw_spectrum_vs_blumen_a020_m120_130_raw_modes.csv
1.25,0.2,0.0023874733834592,assets/blumen_gep/supersonic_raw_spectrum_vs_blumen_a020_m120_130_raw_modes.csv
1.25,0.2,0.0057196292437536,assets/blumen_gep/supersonic_raw_spectrum_vs_blumen_a020_m120_130_raw_modes.csv
1.25,0.2,0.0024374327064209,assets/blumen_gep/supersonic_raw_spectrum_vs_blumen_a020_m120_130_raw_modes.csv
1.25,0.2,0.0054577003291358,assets/blumen_gep/supersonic_raw_spectrum_vs_blumen_a020_m120_130_raw_modes.csv
1.25,0.2,0.0024863114986672,assets/blumen_gep/supersonic_raw_spectrum_vs_blumen_a020_m120_130_raw_modes.csv
1.25,0.2,0.0052389230420916,assets/blumen_gep/supersonic_raw_spectrum_vs_blumen_a020_m120_130_raw_modes.csv
1.25,0.2,0.0025342284991136,assets/blumen_gep/supersonic_raw_spectrum_vs_blumen_a020_m120_130_raw_modes.csv
1.25,0.2,0.0050510555550974,assets/blumen_gep/supersonic_raw_spectrum_vs_blumen_a020_m120_130_raw_modes.csv
1.25,0.2,0.0025812866977072,assets/blumen_gep/supersonic_raw_spectrum_vs_blumen_a020_m120_130_raw_modes.csv
1.25,0.2,0.0048858086592872,assets/blumen_gep/supersonic_raw_spectrum_vs_blumen_a020_m120_130_raw_modes.csv
1.25,0.2,0.0026275756291679,assets/blumen_gep/supersonic_raw_spectrum_vs_blumen_a020_m120_130_raw_modes.csv
1.25,0.2,0.0047376285482444,assets/blumen_gep/supersonic_raw_spectrum_vs_blumen_a020_m120_130_raw_modes.csv
1.25,0.2,0.0026731732006729,assets/blumen_gep/supersonic_raw_spectrum_vs_blumen_a020_m120_130_raw_modes.csv
1.25,0.2,0.0046026965885405,assets/blumen_gep/supersonic_raw_spectrum_vs_blumen_a020_m120_130_raw_modes.csv
1.25,0.2,0.0027181472359886,assets/blumen_gep/supersonic_raw_spectrum_vs_blumen_a020_m120_130_raw_modes.csv
1.25,0.2,0.0044783035204287,assets/blumen_gep/supersonic_raw_spectrum_vs_blumen_a020_m120_130_raw_modes.csv
1.25,0.2,0.0027625567064159,assets/blumen_gep/supersonic_raw_spectrum_vs_blumen_a020_m120_130_raw_modes.csv
1.25,0.2,0.0043624694691522,assets/blumen_gep/supersonic_raw_spectrum_vs_blumen_a020_m120_130_raw_modes.csv
1.25,0.2,0.002806452789287,assets/blumen_gep/supersonic_raw_spectrum_vs_blumen_a020_m120_130_raw_modes.csv
1.25,0.2,0.0042537091954941,assets/blumen_gep/supersonic_raw_spectrum_vs_blumen_a020_m120_130_raw_modes.csv
1.25,0.2,0.0028498796940657,assets/blumen_gep/supersonic_raw_spectrum_vs_blumen_a020_m120_130_raw_modes.csv
1.25,0.2,0.0041508828735671,assets/blumen_gep/supersonic_raw_spectrum_vs_blumen_a020_m120_130_raw_modes.csv
1.25,0.2,0.0028928754170622,assets/blumen_gep/supersonic_raw_spectrum_vs_blumen_a020_m120_130_raw_modes.csv
1.25,0.2,0.0040530983521453,assets/blumen_gep/supersonic_raw_spectrum_vs_blumen_a020_m120_130_raw_modes.csv
1.25,0.2,0.0029354723284614,assets/blumen_gep/supersonic_raw_spectrum_vs_blumen_a020_m120_130_raw_modes.csv
1.25,0.2,0.0039596452937929,assets/blumen_gep/supersonic_raw_spectrum_vs_blumen_a020_m120_130_raw_modes.csv
1.25,0.2,0.0029776977061401,assets/blumen_gep/supersonic_raw_spectrum_vs_blumen_a020_m120_130_raw_modes.csv
1.25,0.2,0.0038699496313866,assets/blumen_gep/supersonic_raw_spectrum_vs_blumen_a020_m120_130_raw_modes.csv
1.25,0.2,0.003019574136603,assets/blumen_gep/supersonic_raw_spectrum_vs_blumen_a020_m120_130_raw_modes.csv
1.25,0.2,0.0037835413334837,assets/blumen_gep/supersonic_raw_spectrum_vs_blumen_a020_m120_130_raw_modes.csv
1.25,0.2,0.0030611199197918,assets/blumen_gep/supersonic_raw_spectrum_vs_blumen_a020_m120_130_raw_modes.csv
1.25,0.2,0.0037000311103374,assets/blumen_gep/supersonic_raw_spectrum_vs_blumen_a020_m120_130_raw_modes.csv
1.25,0.2,0.0031023493700797,assets/blumen_gep/supersonic_raw_spectrum_vs_blumen_a020_m120_130_raw_modes.csv
1.25,0.2,0.0036190932586597,assets/blumen_gep/supersonic_raw_spectrum_vs_blumen_a020_m120_130_raw_modes.csv
1.25,0.2,0.0031432731079918,assets/blumen_gep/supersonic_raw_spectrum_vs_blumen_a020_m120_130_raw_modes.csv
1.25,0.2,0.0035404528160921,assets/blumen_gep/supersonic_raw_spectrum_vs_blumen_a020_m120_130_raw_modes.csv
1.25,0.2,0.0031838982763891,assets/blumen_gep/supersonic_raw_spectrum_vs_blumen_a020_m120_130_raw_modes.csv
1.25,0.2,0.0034638757950169,assets/blumen_gep/supersonic_raw_spectrum_vs_blumen_a020_m120_130_raw_modes.csv
1.25,0.2,0.0032242287832839,assets/blumen_gep/supersonic_raw_spectrum_vs_blumen_a020_m120_130_raw_modes.csv
1.25,0.2,0.0033891616614131,assets/blumen_gep/supersonic_raw_spectrum_vs_blumen_a020_m120_130_raw_modes.csv
1.25,0.2,0.0032642654821957,assets/blumen_gep/supersonic_raw_spectrum_vs_blumen_a020_m120_130_raw_modes.csv
1.25,0.2,0.0033161374542623,assets/blumen_gep/supersonic_raw_spectrum_vs_blumen_a020_m120_130_raw_modes.csv
1.25,0.2,0.0033040063561124,assets/blumen_gep/supersonic_raw_spectrum_vs_blumen_a020_m120_130_raw_modes.csv
1.25,0.2,0.003244653159962,assets/blumen_gep/supersonic_raw_spectrum_vs_blumen_a020_m120_130_raw_modes.csv
1.25,0.2,0.0033434466953343,assets/blumen_gep/supersonic_raw_spectrum_vs_blumen_a020_m120_130_raw_modes.csv
1.25,0.2,0.0031745780124128,assets/blumen_gep/supersonic_raw_spectrum_vs_blumen_a020_m120_130_raw_modes.csv
1.25,0.2,0.0033825792494572,assets/blumen_gep/supersonic_raw_spectrum_vs_blumen_a020_m120_130_raw_modes.csv
1.25,0.2,0.003105797517725,assets/blumen_gep/supersonic_raw_spectrum_vs_blumen_a020_m120_130_raw_modes.csv
1.25,0.2,0.0034213944165357,assets/blumen_gep/supersonic_raw_spectrum_vs_blumen_a020_m120_130_raw_modes.csv
1.25,0.2,0.0030382110421153,assets/blumen_gep/supersonic_raw_spectrum_vs_blumen_a020_m120_130_raw_modes.csv
1.25,0.2,0.0034598804095387,assets/blumen_gep/supersonic_raw_spectrum_vs_blumen_a020_m120_130_raw_modes.csv
1.25,0.2,0.0029717298390121,assets/blumen_gep/supersonic_raw_spectrum_vs_blumen_a020_m120_130_raw_modes.csv
1.25,0.2,0.0034980234469615,assets/blumen_gep/supersonic_raw_spectrum_vs_blumen_a020_m120_130_raw_modes.csv
1.25,0.2,0.0029062754101165,assets/blumen_gep/supersonic_raw_spectrum_vs_blumen_a020_m120_130_raw_modes.csv
1.25,0.2,0.0028417781557875,assets/blumen_gep/supersonic_raw_spectrum_vs_blumen_a020_m120_130_raw_modes.csv
1.25,0.2,0.003535807957641,assets/blumen_gep/supersonic_raw_spectrum_vs_blumen_a020_m120_130_raw_modes.csv
1.25,0.2,0.0027781762567329,assets/blumen_gep/supersonic_raw_spectrum_vs_blumen_a020_m120_130_raw_modes.csv
1.25,0.2,0.0035732168047044,assets/blumen_gep/supersonic_raw_spectrum_vs_blumen_a020_m120_130_raw_modes.csv
1.25,0.2,0.0027154147080078,assets/blumen_gep/supersonic_raw_spectrum_vs_blumen_a020_m120_130_raw_modes.csv
1.25,0.2,0.0036102315323651,assets/blumen_gep/supersonic_raw_spectrum_vs_blumen_a020_m120_130_raw_modes.csv
1.25,0.2,0.0026534445247654,assets/blumen_gep/supersonic_raw_spectrum_vs_blumen_a020_m120_130_raw_modes.csv
1.25,0.2,0.0036468326461101,assets/blumen_gep/supersonic_raw_spectrum_vs_blumen_a020_m120_130_raw_modes.csv
1.25,0.2,0.0025922220576703,assets/blumen_gep/supersonic_raw_spectrum_vs_blumen_a020_m120_130_raw_modes.csv
1.25,0.2,0.0036829999185725,assets/blumen_gep/supersonic_raw_spectrum_vs_blumen_a020_m120_130_raw_modes.csv
1.25,0.2,0.002531708410223,assets/blumen_gep/supersonic_raw_spectrum_vs_blumen_a020_m120_130_raw_modes.csv
1.25,0.2,0.0037187127302319,assets/blumen_gep/supersonic_raw_spectrum_vs_blumen_a020_m120_130_raw_modes.csv
1.25,0.2,0.0024718689417811,assets/blumen_gep/supersonic_raw_spectrum_vs_blumen_a020_m120_130_raw_modes.csv
1.25,0.2,0.0037539504455681,assets/blumen_gep/supersonic_raw_spectrum_vs_blumen_a020_m120_130_raw_modes.csv
1.25,0.2,0.0024126728309963,assets/blumen_gep/supersonic_raw_spectrum_vs_blumen_a020_m120_130_raw_modes.csv
1.25,0.2,0.0037886928238943,assets/blumen_gep/supersonic_raw_spectrum_vs_blumen_a020_m120_130_raw_modes.csv
1.25,0.2,0.0023540927099664,assets/blumen_gep/supersonic_raw_spectrum_vs_blumen_a020_m120_130_raw_modes.csv
1.25,0.2,0.0038229204637276,assets/blumen_gep/supersonic_raw_spectrum_vs_blumen_a020_m120_130_raw_modes.csv
1.25,0.2,0.0022961043325438,assets/blumen_gep/supersonic_raw_spectrum_vs_blumen_a020_m120_130_raw_modes.csv
1.25,0.2,0.0038566152814491,assets/blumen_gep/supersonic_raw_spectrum_vs_blumen_a020_m120_130_raw_modes.csv
1.25,0.2,0.0022386862944784,assets/blumen_gep/supersonic_raw_spectrum_vs_blumen_a020_m120_130_raw_modes.csv
1.25,0.2,0.0021818197844069,assets/blumen_gep/supersonic_raw_spectrum_vs_blumen_a020_m120_130_raw_modes.csv
1.25,0.2,0.0038897610160977,assets/blumen_gep/supersonic_raw_spectrum_vs_blumen_a020_m120_130_raw_modes.csv
1.25,0.2,0.0021254883656776,assets/blumen_gep/supersonic_raw_spectrum_vs_blumen_a020_m120_130_raw_modes.csv
1.25,0.2,0.0039223437605954,assets/blumen_gep/supersonic_raw_spectrum_vs_blumen_a020_m120_130_raw_modes.csv
1.25,0.2,0.0020696777792252,assets/blumen_gep/supersonic_raw_spectrum_vs_blumen_a020_m120_130_raw_modes.csv
1.25,0.2,0.0039543525090371,assets/blumen_gep/supersonic_raw_spectrum_vs_blumen_a020_m120_130_raw_modes.csv
1.25,0.2,0.002014375772633,assets/blumen_gep/supersonic_raw_spectrum_vs_blumen_a020_m120_130_raw_modes.csv
1.25,0.2,0.0039857797160759,assets/blumen_gep/supersonic_raw_spectrum_vs_blumen_a020_m120_130_raw_modes.csv
1.25,0.2,0.0019595719444892,assets/blumen_gep/supersonic_raw_spectrum_vs_blumen_a020_m120_130_raw_modes.csv
1.25,0.2,0.004016621858864,assets/blumen_gep/supersonic_raw_spectrum_vs_blumen_a020_m120_130_raw_modes.csv
1.25,0.2,0.0019052576047604,assets/blumen_gep/supersonic_raw_spectrum_vs_blumen_a020_m120_130_raw_modes.csv
1.25,0.2,0.0040468799922419,assets/blumen_gep/supersonic_raw_spectrum_vs_blumen_a020_m120_130_raw_modes.csv
1.25,0.2,0.0018514256474714,assets/blumen_gep/supersonic_raw_spectrum_vs_blumen_a020_m120_130_raw_modes.csv
1.25,0.2,0.0017980704359217,assets/blumen_gep/supersonic_raw_spectrum_vs_blumen_a020_m120_130_raw_modes.csv
1.25,0.2,0.0040765602987123,assets/blumen_gep/supersonic_raw_spectrum_vs_blumen_a020_m120_130_raw_modes.csv
1.25,0.2,0.0017451876945584,assets/blumen_gep/supersonic_raw_spectrum_vs_blumen_a020_m120_130_raw_modes.csv
1.25,0.2,0.0041056745952526,assets/blumen_gep/supersonic_raw_spectrum_vs_blumen_a020_m120_130_raw_modes.csv
1.25,0.2,0.0016927744093747,assets/blumen_gep/supersonic_raw_spectrum_vs_blumen_a020_m120_130_raw_modes.csv
1.25,0.2,0.0041342408533656,assets/blumen_gep/supersonic_raw_spectrum_vs_blumen_a020_m120_130_raw_modes.csv
1.25,0.2,0.0016408287342485,assets/blumen_gep/supersonic_raw_spectrum_vs_blumen_a020_m120_130_raw_modes.csv
1.25,0.2,0.0041622836475311,assets/blumen_gep/supersonic_raw_spectrum_vs_blumen_a020_m120_130_raw_modes.csv
1.25,0.2,0.0015893498999918,assets/blumen_gep/supersonic_raw_spectrum_vs_blumen_a020_m120_130_raw_modes.csv
1.25,0.2,0.0015383381286321,assets/blumen_gep/supersonic_raw_spectrum_vs_blumen_a020_m120_130_raw_modes.csv
1.25,0.2,0.0041898345995081,assets/blumen_gep/supersonic_raw_spectrum_vs_blumen_a020_m120_130_raw_modes.csv
1.25,0.2,0.0014877945435936,assets/blumen_gep/supersonic_raw_spectrum_vs_blumen_a020_m120_130_raw_modes.csv
1.25,0.2,0.195542589113361,assets/blumen_gep/supersonic_raw_spectrum_vs_blumen_a020_m120_130_raw_modes.csv
1.25,0.2,0.004216932784584,assets/blumen_gep/supersonic_raw_spectrum_vs_blumen_a020_m120_130_raw_modes.csv
1.25,0.2,0.0014377210926426,assets/blumen_gep/supersonic_raw_spectrum_vs_blumen_a020_m120_130_raw_modes.csv
1.25,0.2,0.0042436251171037,assets/blumen_gep/supersonic_raw_spectrum_vs_blumen_a020_m120_130_raw_modes.csv
1.25,0.2,0.0013881204490142,assets/blumen_gep/supersonic_raw_spectrum_vs_blumen_a020_m120_130_raw_modes.csv
1.25,0.2,0.0013389959314625,assets/blumen_gep/supersonic_raw_spectrum_vs_blumen_a020_m120_130_raw_modes.csv
1.25,0.2,0.0042699667241396,assets/blumen_gep/supersonic_raw_spectrum_vs_blumen_a020_m120_130_raw_modes.csv
1.25,0.2,0.0012903514016801,assets/blumen_gep/supersonic_raw_spectrum_vs_blumen_a020_m120_130_raw_modes.csv
1.25,0.2,0.004296021321909,assets/blumen_gep/supersonic_raw_spectrum_vs_blumen_a020_m120_130_raw_modes.csv
1.25,0.2,0.0012421911779274,assets/blumen_gep/supersonic_raw_spectrum_vs_blumen_a020_m120_130_raw_modes.csv
1.25,0.2,0.004321861615511,assets/blumen_gep/supersonic_raw_spectrum_vs_blumen_a020_m120_130_raw_modes.csv
1.25,0.2,0.0011945198891822,assets/blumen_gep/supersonic_raw_spectrum_vs_blumen_a020_m120_130_raw_modes.csv
1.25,0.2,0.001147342405523,assets/blumen_gep/supersonic_raw_spectrum_vs_blumen_a020_m120_130_raw_modes.csv
1.25,0.2,0.0043475697472035,assets/blumen_gep/supersonic_raw_spectrum_vs_blumen_a020_m120_130_raw_modes.csv
1.25,0.2,0.0011006636482887,assets/blumen_gep/supersonic_raw_spectrum_vs_blumen_a020_m120_130_raw_modes.csv
1.25,0.2,0.0043732378249767,assets/blumen_gep/supersonic_raw_spectrum_vs_blumen_a020_m120_130_raw_modes.csv
1.25,0.2,0.0010544884734472,assets/blumen_gep/supersonic_raw_spectrum_vs_blumen_a020_m120_130_raw_modes.csv
1.25,0.2,0.0010088214636967,assets/blumen_gep/supersonic_raw_spectrum_vs_blumen_a020_m120_130_raw_modes.csv
1.25,0.2,0.0043989685672472,assets/blumen_gep/supersonic_raw_spectrum_vs_blumen_a020_m120_130_raw_modes.csv
1.25,0.2,0.0009636667315372,assets/blumen_gep/supersonic_raw_spectrum_vs_blumen_a020_m120_130_raw_modes.csv
1.25,0.2,0.0044248761124906,assets/blumen_gep/supersonic_raw_spectrum_vs_blumen_a020_m120_130_raw_modes.csv
1.25,0.2,0.0009190276633868,assets/blumen_gep/supersonic_raw_spectrum_vs_blumen_a020_m120_130_raw_modes.csv
1.25,0.2,0.0008749066068666,assets/blumen_gep/supersonic_raw_spectrum_vs_blumen_a020_m120_130_raw_modes.csv
1.25,0.2,0.0044510870467078,assets/blumen_gep/supersonic_raw_spectrum_vs_blumen_a020_m120_130_raw_modes.csv
1.25,0.2,0.000831304511097,assets/blumen_gep/supersonic_raw_spectrum_vs_blumen_a020_m120_130_raw_modes.csv
1.25,0.2,0.0007882204525071,assets/blumen_gep/supersonic_raw_spectrum_vs_blumen_a020_m120_130_raw_modes.csv
1.25,0.2,0.0044777417174783,assets/blumen_gep/supersonic_raw_spectrum_vs_blumen_a020_m120_130_raw_modes.csv
1.25,0.2,0.0007456510591745,assets/blumen_gep/supersonic_raw_spectrum_vs_blumen_a020_m120_130_raw_modes.csv
1.25,0.2,0.0045049959178764,assets/blumen_gep/supersonic_raw_spectrum_vs_blumen_a020_m120_130_raw_modes.csv
1.25,0.2,0.0007035897590997,assets/blumen_gep/supersonic_raw_spectrum_vs_blumen_a020_m120_130_raw_modes.csv
1.25,0.2,0.000662025808407,assets/blumen_gep/supersonic_raw_spectrum_vs_blumen_a020_m120_130_raw_modes.csv
1.25,0.2,0.0045330230466682,assets/blumen_gep/supersonic_raw_spectrum_vs_blumen_a020_m120_130_raw_modes.csv
1.25,0.2,0.0006209429924381,assets/blumen_gep/supersonic_raw_spectrum_vs_blumen_a020_m120_130_raw_modes.csv
1.25,0.2,0.000580317866296,assets/blumen_gep/supersonic_raw_spectrum_vs_blumen_a020_m120_130_raw_modes.csv
1.25,0.2,0.0045620168802203,assets/blumen_gep/supersonic_raw_spectrum_vs_blumen_a020_m120_130_raw_modes.csv
1.25,0.2,0.0005401173041352,assets/blumen_gep/supersonic_raw_spectrum_vs_blumen_a020_m120_130_raw_modes.csv
1.25,0.2,0.000500294993821,assets/blumen_gep/supersonic_raw_spectrum_vs_blumen_a020_m120_130_raw_modes.csv
1.25,0.2,0.0045921951364115,assets/blumen_gep/supersonic_raw_spectrum_vs_blumen_a020_m120_130_raw_modes.csv
1.25,0.2,0.0004607862657256,assets/blumen_gep/supersonic_raw_spectrum_vs_blumen_a020_m120_130_raw_modes.csv
1.25,0.2,0.0004215001764695,assets/blumen_gep/supersonic_raw_spectrum_vs_blumen_a020_m120_130_raw_modes.csv
1.25,0.2,0.0046238040676706,assets/blumen_gep/supersonic_raw_spectrum_vs_blumen_a020_m120_130_raw_modes.csv
1.25,0.2,0.0003823068409378,assets/blumen_gep/supersonic_raw_spectrum_vs_blumen_a020_m120_130_raw_modes.csv
1.25,0.2,0.0003430160327825,assets/blumen_gep/supersonic_raw_spectrum_vs_blumen_a020_m120_130_raw_modes.csv
1.25,0.2,0.0046571244119368,assets/blumen_gep/supersonic_raw_spectrum_vs_blumen_a020_m120_130_raw_modes.csv
1.25,0.2,0.0003033384686692,assets/blumen_gep/supersonic_raw_spectrum_vs_blumen_a020_m120_130_raw_modes.csv
1.25,0.2,0.0002628091680866,assets/blumen_gep/supersonic_raw_spectrum_vs_blumen_a020_m120_130_raw_modes.csv
1.25,0.2,0.0046924791523655,assets/blumen_gep/supersonic_raw_spectrum_vs_blumen_a020_m120_130_raw_modes.csv
1.25,0.2,0.0002206153647859,assets/blumen_gep/supersonic_raw_spectrum_vs_blumen_a020_m120_130_raw_modes.csv
1.25,0.2,0.0001751292608006,assets/blumen_gep/supersonic_raw_spectrum_vs_blumen_a020_m120_130_raw_modes.csv
1.25,0.2,0.0047302437270304,assets/blumen_gep/supersonic_raw_spectrum_vs_blumen_a020_m120_130_raw_modes.csv
1.25,0.2,0.0001221299592845,assets/blumen_gep/supersonic_raw_spectrum_vs_blumen_a020_m120_130_raw_modes.csv
1.25,0.2,3.5479086038292095e-05,assets/blumen_gep/supersonic_raw_spectrum_vs_blumen_a020_m120_130_raw_modes.csv
1.25,0.2,0.0047708596116924,assets/blumen_gep/supersonic_raw_spectrum_vs_blumen_a020_m120_130_raw_modes.csv
1.25,0.2,1.0336402933414066e-14,assets/blumen_gep/supersonic_raw_spectrum_vs_blumen_a020_m120_130_raw_modes.csv
1.25,0.2,2.249581772963764e-14,assets/blumen_gep/supersonic_raw_spectrum_vs_blumen_a020_m120_130_raw_modes.csv
1.25,0.2,1.533245798136091e-14,assets/blumen_gep/supersonic_raw_spectrum_vs_blumen_a020_m120_130_raw_modes.csv
1.25,0.2,0.0048148526317784,assets/blumen_gep/supersonic_raw_spectrum_vs_blumen_a020_m120_130_raw_modes.csv
1.25,0.2,6.486778786418808e-15,assets/blumen_gep/supersonic_raw_spectrum_vs_blumen_a020_m120_130_raw_modes.csv
1.25,0.2,2.3865693361521387e-14,assets/blumen_gep/supersonic_raw_spectrum_vs_blumen_a020_m120_130_raw_modes.csv
1.25,0.2,3.1913299499388534e-14,assets/blumen_gep/supersonic_raw_spectrum_vs_blumen_a020_m120_130_raw_modes.csv
1.25,0.2,0.0048628580389082,assets/blumen_gep/supersonic_raw_spectrum_vs_blumen_a020_m120_130_raw_modes.csv
1.25,0.2,4.162588592510327e-16,assets/blumen_gep/supersonic_raw_spectrum_vs_blumen_a020_m120_130_raw_modes.csv
1.25,0.2,1.5504765915351253e-14,assets/blumen_gep/supersonic_raw_spectrum_vs_blumen_a020_m120_130_raw_modes.csv
1.25,0.2,4.187504394039728e-14,assets/blumen_gep/supersonic_raw_spectrum_vs_blumen_a020_m120_130_raw_modes.csv
1.25,0.2,6.077045524551313e-14,assets/blumen_gep/supersonic_raw_spectrum_vs_blumen_a020_m120_130_raw_modes.csv
1.25,0.2,1.0031294076341965e-13,assets/blumen_gep/supersonic_raw_spectrum_vs_blumen_a020_m120_130_raw_modes.csv
1.25,0.2,0.0049156554815965,assets/blumen_gep/supersonic_raw_spectrum_vs_blumen_a020_m120_130_raw_modes.csv
1.25,0.2,1.1488127555336577e-13,assets/blumen_gep/supersonic_raw_spectrum_vs_blumen_a020_m120_130_raw_modes.csv
1.25,0.2,2.571649112929172e-13,assets/blumen_gep/supersonic_raw_spectrum_vs_blumen_a020_m120_130_raw_modes.csv
1.25,0.2,3.820360715842713e-13,assets/blumen_gep/supersonic_raw_spectrum_vs_blumen_a020_m120_130_raw_modes.csv
1.25,0.2,5.48947215854145e-13,assets/blumen_gep/supersonic_raw_spectrum_vs_blumen_a020_m120_130_raw_modes.csv
1.25,0.2,0.0049742187950307,assets/blumen_gep/supersonic_raw_spectrum_vs_blumen_a020_m120_130_raw_modes.csv
1.25,0.2,7.698196167419894e-13,assets/blumen_gep/supersonic_raw_spectrum_vs_blumen_a020_m120_130_raw_modes.csv
1.25,0.2,1.043593122618773e-12,assets/blumen_gep/supersonic_raw_spectrum_vs_blumen_a020_m120_130_raw_modes.csv
1.25,0.2,1.3721255301946357e-12,assets/blumen_gep/supersonic_raw_spectrum_vs_blumen_a020_m120_130_raw_modes.csv
1.25,0.2,1.7354221388354737e-12,assets/blumen_gep/supersonic_raw_spectrum_vs_blumen_a020_m120_130_raw_modes.csv
1.25,0.2,2.111162054789585e-12,assets/blumen_gep/supersonic_raw_spectrum_vs_blumen_a020_m120_130_raw_modes.csv
1.25,0.2,0.0050397885763188,assets/blumen_gep/supersonic_raw_spectrum_vs_blumen_a020_m120_130_raw_modes.csv
1.25,0.2,2.453784496446433e-12,assets/blumen_gep/supersonic_raw_spectrum_vs_blumen_a020_m120_130_raw_modes.csv
1.25,0.2,2.8091923795820687e-12,assets/blumen_gep/supersonic_raw_spectrum_vs_blumen_a020_m120_130_raw_modes.csv
1.25,0.2,2.7975180401070306e-12,assets/blumen_gep/supersonic_raw_spectrum_vs_blumen_a020_m120_130_raw_modes.csv
1.25,0.2,2.6455934422770135e-12,assets/blumen_gep/supersonic_raw_spectrum_vs_blumen_a020_m120_130_raw_modes.csv
1.25,0.2,2.19451918187633e-12,assets/blumen_gep/supersonic_raw_spectrum_vs_blumen_a020_m120_130_raw_modes.csv
1.25,0.2,1.4558493416421236e-12,assets/blumen_gep/supersonic_raw_spectrum_vs_blumen_a020_m120_130_raw_modes.csv
1.25,0.2,8.766575860537396e-13,assets/blumen_gep/supersonic_raw_spectrum_vs_blumen_a020_m120_130_raw_modes.csv
1.25,0.2,0.0051139807986187,assets/blumen_gep/supersonic_raw_spectrum_vs_blumen_a020_m120_130_raw_modes.csv
1.25,0.2,8.870167147534329e-13,assets/blumen_gep/supersonic_raw_spectrum_vs_blumen_a020_m120_130_raw_modes.csv
1.25,0.2,1.3635053100137128e-12,assets/blumen_gep/supersonic_raw_spectrum_vs_blumen_a020_m120_130_raw_modes.csv
1.25,0.2,4.1649886900706894e-13,assets/blumen_gep/supersonic_raw_spectrum_vs_blumen_a020_m120_130_raw_modes.csv
1.25,0.2,1.0819912780936834e-13,assets/blumen_gep/supersonic_raw_spectrum_vs_blumen_a020_m120_130_raw_modes.csv
1.25,0.2,2.641766939973026e-12,assets/blumen_gep/supersonic_raw_spectrum_vs_blumen_a020_m120_130_raw_modes.csv
1.25,0.2,7.629266772645587e-12,assets/blumen_gep/supersonic_raw_spectrum_vs_blumen_a020_m120_130_raw_modes.csv
1.25,0.2,1.1948014517490016e-11,assets/blumen_gep/supersonic_raw_spectrum_vs_blumen_a020_m120_130_raw_modes.csv
1.25,0.2,1.7508623526227377e-11,assets/blumen_gep/supersonic_raw_spectrum_vs_blumen_a020_m120_130_raw_modes.csv
1.25,0.2,2.3082126309335e-11,assets/blumen_gep/supersonic_raw_spectrum_vs_blumen_a020_m120_130_raw_modes.csv
1.25,0.2,2.7894929515159402e-11,assets/blumen_gep/supersonic_raw_spectrum_vs_blumen_a020_m120_130_raw_modes.csv
1.25,0.2,3.1380744937158374e-11,assets/blumen_gep/supersonic_raw_spectrum_vs_blumen_a020_m120_130_raw_modes.csv
1.25,0.2,3.310328735409547e-11,assets/blumen_gep/supersonic_raw_spectrum_vs_blumen_a020_m120_130_raw_modes.csv
1.25,0.2,3.287322407024679e-11,assets/blumen_gep/supersonic_raw_spectrum_vs_blumen_a020_m120_130_raw_modes.csv
1.25,0.2,3.08657786161242e-11,assets/blumen_gep/supersonic_raw_spectrum_vs_blumen_a020_m120_130_raw_modes.csv
1.25,0.2,2.7325385227593035e-11,assets/blumen_gep/supersonic_raw_spectrum_vs_blumen_a020_m120_130_raw_modes.csv
1.25,0.2,2.279074039503249e-11,assets/blumen_gep/supersonic_raw_spectrum_vs_blumen_a020_m120_130_raw_modes.csv
1.25,0.2,1.7657406188544914e-11,assets/blumen_gep/supersonic_raw_spectrum_vs_blumen_a020_m120_130_raw_modes.csv
1.25,0.2,1.2538061138691796e-11,assets/blumen_gep/supersonic_raw_spectrum_vs_blumen_a020_m120_130_raw_modes.csv
1.25,0.2,7.636209920602158e-12,assets/blumen_gep/supersonic_raw_spectrum_vs_blumen_a020_m120_130_raw_modes.csv
1.25,0.2,3.4228429307732946e-12,assets/blumen_gep/supersonic_raw_spectrum_vs_blumen_a020_m120_130_raw_modes.csv
1.25,0.2,3.8255062210014884e-14,assets/blumen_gep/supersonic_raw_spectrum_vs_blumen_a020_m120_130_raw_modes.csv
1.25,0.2,1.6039028837240117e-12,assets/blumen_gep/supersonic_raw_spectrum_vs_blumen_a020_m120_130_raw_modes.csv
1.25,0.2,3.843971081629508e-12,assets/blumen_gep/supersonic_raw_spectrum_vs_blumen_a020_m120_130_raw_modes.csv
1.25,0.2,5.3172413106274966e-12,assets/blumen_gep/supersonic_raw_spectrum_vs_blumen_a020_m120_130_raw_modes.csv
1.25,0.2,6.121032001510061e-12,assets/blumen_gep/supersonic_raw_spectrum_vs_blumen_a020_m120_130_raw_modes.csv
1.25,0.2,6.374733264352091e-12,assets/blumen_gep/supersonic_raw_spectrum_vs_blumen_a020_m120_130_raw_modes.csv
1.25,0.2,6.1964481664674955e-12,assets/blumen_gep/supersonic_raw_spectrum_vs_blumen_a020_m120_130_raw_modes.csv
1.25,0.2,5.680507886872723e-12,assets/blumen_gep/supersonic_raw_spectrum_vs_blumen_a020_m120_130_raw_modes.csv
1.25,0.2,9.3477676367003e-12,assets/blumen_gep/supersonic_raw_spectrum_vs_blumen_a020_m120_130_raw_modes.csv
1.25,0.2,2.7765287835636133e-12,assets/blumen_gep/supersonic_raw_spectrum_vs_blumen_a020_m120_130_raw_modes.csv
1.25,0.2,8.714188595058225e-13,assets/blumen_gep/supersonic_raw_spectrum_vs_blumen_a020_m120_130_raw_modes.csv
1.25,0.2,1.960887592058917e-12,assets/blumen_gep/supersonic_raw_spectrum_vs_blumen_a020_m120_130_raw_modes.csv
1.25,0.2,2.7110672354206248e-12,assets/blumen_gep/supersonic_raw_spectrum_vs_blumen_a020_m120_130_raw_modes.csv
1.25,0.2,0.0051989541233302,assets/blumen_gep/supersonic_raw_spectrum_vs_blumen_a020_m120_130_raw_modes.csv
1.25,0.2,0.0052976755404615,assets/blumen_gep/supersonic_raw_spectrum_vs_blumen_a020_m120_130_raw_modes.csv
1.25,0.2,0.0054143538674463,assets/blumen_gep/supersonic_raw_spectrum_vs_blumen_a020_m120_130_raw_modes.csv
1.25,0.2,0.0055551553338742,assets/blumen_gep/supersonic_raw_spectrum_vs_blumen_a020_m120_130_raw_modes.csv
1.25,0.2,0.0057293208853941,assets/blumen_gep/supersonic_raw_spectrum_vs_blumen_a020_m120_130_raw_modes.csv
1.25,0.2,0.0059502572535246,assets/blumen_gep/supersonic_raw_spectrum_vs_blumen_a020_m120_130_raw_modes.csv
1.25,0.2,0.0062311147495877,assets/blumen_gep/supersonic_raw_spectrum_vs_blumen_a020_m120_130_raw_modes.csv
1.25,0.2,0.0065380379240795,assets/blumen_gep/supersonic_raw_spectrum_vs_blumen_a020_m120_130_raw_modes.csv
1.25,0.2,0.0066523379011737,assets/blumen_gep/supersonic_raw_spectrum_vs_blumen_a020_m120_130_raw_modes.csv
1.25,0.2,0.0064045584000718,assets/blumen_gep/supersonic_raw_spectrum_vs_blumen_a020_m120_130_raw_modes.csv
1.25,0.2,0.0060392042688459,assets/blumen_gep/supersonic_raw_spectrum_vs_blumen_a020_m120_130_raw_modes.csv
1.25,0.2,0.0057196292377932,assets/blumen_gep/supersonic_raw_spectrum_vs_blumen_a020_m120_130_raw_modes.csv
1.25,0.2,0.0054577003186671,assets/blumen_gep/supersonic_raw_spectrum_vs_blumen_a020_m120_130_raw_modes.csv
1.25,0.2,0.005238923038451,assets/blumen_gep/supersonic_raw_spectrum_vs_blumen_a020_m120_130_raw_modes.csv
1.25,0.2,0.0050510555484162,assets/blumen_gep/supersonic_raw_spectrum_vs_blumen_a020_m120_130_raw_modes.csv
1.25,0.2,0.0048858086525437,assets/blumen_gep/supersonic_raw_spectrum_vs_blumen_a020_m120_130_raw_modes.csv
1.25,0.2,0.0047376285417092,assets/blumen_gep/supersonic_raw_spectrum_vs_blumen_a020_m120_130_raw_modes.csv
1.25,0.2,0.0046026965814025,assets/blumen_gep/supersonic_raw_spectrum_vs_blumen_a020_m120_130_raw_modes.csv
1.25,0.2,0.0044783035132354,assets/blumen_gep/supersonic_raw_spectrum_vs_blumen_a020_m120_130_raw_modes.csv
1.25,0.2,0.0043624694622757,assets/blumen_gep/supersonic_raw_spectrum_vs_blumen_a020_m120_130_raw_modes.csv
1.25,0.2,0.0042537091888275,assets/blumen_gep/supersonic_raw_spectrum_vs_blumen_a020_m120_130_raw_modes.csv
1.25,0.2,0.0041508828668066,assets/blumen_gep/supersonic_raw_spectrum_vs_blumen_a020_m120_130_raw_modes.csv
1.25,0.2,0.0040530983453432,assets/blumen_gep/supersonic_raw_spectrum_vs_blumen_a020_m120_130_raw_modes.csv
1.25,0.2,0.0039596452865864,assets/blumen_gep/supersonic_raw_spectrum_vs_blumen_a020_m120_130_raw_modes.csv
1.25,0.2,0.0038699496238331,assets/blumen_gep/supersonic_raw_spectrum_vs_blumen_a020_m120_130_raw_modes.csv
1.25,0.2,0.0037835413262047,assets/blumen_gep/supersonic_raw_spectrum_vs_blumen_a020_m120_130_raw_modes.csv
1.25,0.2,0.003700031103495,assets/blumen_gep/supersonic_raw_spectrum_vs_blumen_a020_m120_130_raw_modes.csv
1.25,0.2,0.0036190932517978,assets/blumen_gep/supersonic_raw_spectrum_vs_blumen_a020_m120_130_raw_modes.csv
1.25,0.2,0.0035404528088067,assets/blumen_gep/supersonic_raw_spectrum_vs_blumen_a020_m120_130_raw_modes.csv
1.25,0.2,0.003463875788272,assets/blumen_gep/supersonic_raw_spectrum_vs_blumen_a020_m120_130_raw_modes.csv
1.25,0.2,0.0033891616538818,assets/blumen_gep/supersonic_raw_spectrum_vs_blumen_a020_m120_130_raw_modes.csv
1.25,0.2,0.0033161374475312,assets/blumen_gep/supersonic_raw_spectrum_vs_blumen_a020_m120_130_raw_modes.csv
1.25,0.2,0.0032446531540097,assets/blumen_gep/supersonic_raw_spectrum_vs_blumen_a020_m120_130_raw_modes.csv
1.25,0.2,0.0031745780065121,assets/blumen_gep/supersonic_raw_spectrum_vs_blumen_a020_m120_130_raw_modes.csv
1.25,0.2,0.0031057975124519,assets/blumen_gep/supersonic_raw_spectrum_vs_blumen_a020_m120_130_raw_modes.csv
1.25,0.2,0.0030382110382116,assets/blumen_gep/supersonic_raw_spectrum_vs_blumen_a020_m120_130_raw_modes.csv
1.25,0.2,0.0029717298339181,assets/blumen_gep/supersonic_raw_spectrum_vs_blumen_a020_m120_130_raw_modes.csv
1.25,0.2,0.0029062754029799,assets/blumen_gep/supersonic_raw_spectrum_vs_blumen_a020_m120_130_raw_modes.csv
1.25,0.2,0.0028417781501813,assets/blumen_gep/supersonic_raw_spectrum_vs_blumen_a020_m120_130_raw_modes.csv
1.25,0.2,0.0027781762511021,assets/blumen_gep/supersonic_raw_spectrum_vs_blumen_a020_m120_130_raw_modes.csv
1.25,0.2,0.0027154147025559,assets/blumen_gep/supersonic_raw_spectrum_vs_blumen_a020_m120_130_raw_modes.csv
1.25,0.2,0.0026534445191548,assets/blumen_gep/supersonic_raw_spectrum_vs_blumen_a020_m120_130_raw_modes.csv
1.25,0.2,0.0025922220520262,assets/blumen_gep/supersonic_raw_spectrum_vs_blumen_a020_m120_130_raw_modes.csv
1.25,0.2,0.0025317084051911,assets/blumen_gep/supersonic_raw_spectrum_vs_blumen_a020_m120_130_raw_modes.csv
1.25,0.2,0.0024718689365457,assets/blumen_gep/supersonic_raw_spectrum_vs_blumen_a020_m120_130_raw_modes.csv
1.25,0.2,0.0024126728264527,assets/blumen_gep/supersonic_raw_spectrum_vs_blumen_a020_m120_130_raw_modes.csv
1.25,0.2,0.0023540927048726,assets/blumen_gep/supersonic_raw_spectrum_vs_blumen_a020_m120_130_raw_modes.csv
1.25,0.2,0.0022961043266698,assets/blumen_gep/supersonic_raw_spectrum_vs_blumen_a020_m120_130_raw_modes.csv
1.25,0.2,0.0022386862880555,assets/blumen_gep/supersonic_raw_spectrum_vs_blumen_a020_m120_130_raw_modes.csv
1.25,0.2,0.0021818197783531,assets/blumen_gep/supersonic_raw_spectrum_vs_blumen_a020_m120_130_raw_modes.csv
1.25,0.2,0.002125488359648,assets/blumen_gep/supersonic_raw_spectrum_vs_blumen_a020_m120_130_raw_modes.csv
1.25,0.2,0.0020696777734995,assets/blumen_gep/supersonic_raw_spectrum_vs_blumen_a020_m120_130_raw_modes.csv
1.25,0.2,0.0020143757673268,assets/blumen_gep/supersonic_raw_spectrum_vs_blumen_a020_m120_130_raw_modes.csv
1.25,0.2,0.001959571939615,assets/blumen_gep/supersonic_raw_spectrum_vs_blumen_a020_m120_130_raw_modes.csv
1.25,0.2,0.0019052576002622,assets/blumen_gep/supersonic_raw_spectrum_vs_blumen_a020_m120_130_raw_modes.csv
1.25,0.2,0.0018514256439756,assets/blumen_gep/supersonic_raw_spectrum_vs_blumen_a020_m120_130_raw_modes.csv
1.25,0.2,0.001798070433475,assets/blumen_gep/supersonic_raw_spectrum_vs_blumen_a020_m120_130_raw_modes.csv
1.25,0.2,0.0017451876935843,assets/blumen_gep/supersonic_raw_spectrum_vs_blumen_a020_m120_130_raw_modes.csv
1.25,0.2,0.0016927744103429,assets/blumen_gep/supersonic_raw_spectrum_vs_blumen_a020_m120_130_raw_modes.csv
1.25,0.2,0.0016408287376872,assets/blumen_gep/supersonic_raw_spectrum_vs_blumen_a020_m120_130_raw_modes.csv
1.25,0.2,0.0015893499065817,assets/blumen_gep/supersonic_raw_spectrum_vs_blumen_a020_m120_130_raw_modes.csv
1.25,0.2,0.0015383381383796,assets/blumen_gep/supersonic_raw_spectrum_vs_blumen_a020_m120_130_raw_modes.csv
1.25,0.2,0.0014877945590118,assets/blumen_gep/supersonic_raw_spectrum_vs_blumen_a020_m120_130_raw_modes.csv
1.25,0.2,0.0014377211131584,assets/blumen_gep/supersonic_raw_spectrum_vs_blumen_a020_m120_130_raw_modes.csv
1.25,0.2,0.001388120477023,assets/blumen_gep/supersonic_raw_spectrum_vs_blumen_a020_m120_130_raw_modes.csv
1.25,0.2,0.0013389959684842,assets/blumen_gep/supersonic_raw_spectrum_vs_blumen_a020_m120_130_raw_modes.csv
1.25,0.2,0.0012903514519023,assets/blumen_gep/supersonic_raw_spectrum_vs_blumen_a020_m120_130_raw_modes.csv
1.25,0.2,0.0012421912346742,assets/blumen_gep/supersonic_raw_spectrum_vs_blumen_a020_m120_130_raw_modes.csv
1.25,0.2,0.001194519962812,assets/blumen_gep/supersonic_raw_spectrum_vs_blumen_a020_m120_130_raw_modes.csv
1.25,0.2,0.0011473425008762,assets/blumen_gep/supersonic_raw_spectrum_vs_blumen_a020_m120_130_raw_modes.csv
1.25,0.2,0.0011006637680894,assets/blumen_gep/supersonic_raw_spectrum_vs_blumen_a020_m120_130_raw_modes.csv
1.25,0.2,0.0010544886196304,assets/blumen_gep/supersonic_raw_spectrum_vs_blumen_a020_m120_130_raw_modes.csv
1.25,0.2,0.0010088216445764,assets/blumen_gep/supersonic_raw_spectrum_vs_blumen_a020_m120_130_raw_modes.csv
1.25,0.2,0.0009636669458251,assets/blumen_gep/supersonic_raw_spectrum_vs_blumen_a020_m120_130_raw_modes.csv
1.25,0.2,0.0009190279281956,assets/blumen_gep/supersonic_raw_spectrum_vs_blumen_a020_m120_130_raw_modes.csv
1.25,0.2,0.0008749069317402,assets/blumen_gep/supersonic_raw_spectrum_vs_blumen_a020_m120_130_raw_modes.csv
1.25,0.2,0.0008313048925914,assets/blumen_gep/supersonic_raw_spectrum_vs_blumen_a020_m120_130_raw_modes.csv
1.25,0.2,0.0007882209201546,assets/blumen_gep/supersonic_raw_spectrum_vs_blumen_a020_m120_130_raw_modes.csv
1.25,0.2,0.0007456516111582,assets/blumen_gep/supersonic_raw_spectrum_vs_blumen_a020_m120_130_raw_modes.csv
1.25,0.2,0.0007035904261475,assets/blumen_gep/supersonic_raw_spectrum_vs_blumen_a020_m120_130_raw_modes.csv
1.25,0.2,0.0006620265936507,assets/blumen_gep/supersonic_raw_spectrum_vs_blumen_a020_m120_130_raw_modes.csv
1.25,0.2,0.0006209439414946,assets/blumen_gep/supersonic_raw_spectrum_vs_blumen_a020_m120_130_raw_modes.csv
1.25,0.2,0.0005803189857781,assets/blumen_gep/supersonic_raw_spectrum_vs_blumen_a020_m120_130_raw_modes.csv
1.25,0.2,0.0005401186293591,assets/blumen_gep/supersonic_raw_spectrum_vs_blumen_a020_m120_130_raw_modes.csv
1.25,0.2,0.0005002965628042,assets/blumen_gep/supersonic_raw_spectrum_vs_blumen_a020_m120_130_raw_modes.csv
1.25,0.2,0.0004607881311103,assets/blumen_gep/supersonic_raw_spectrum_vs_blumen_a020_m120_130_raw_modes.csv
1.25,0.2,0.0004215023962654,assets/blumen_gep/supersonic_raw_spectrum_vs_blumen_a020_m120_130_raw_modes.csv
1.25,0.2,0.0003823094794274,assets/blumen_gep/supersonic_raw_spectrum_vs_blumen_a020_m120_130_raw_modes.csv
1.25,0.2,0.0003430191918167,assets/blumen_gep/supersonic_raw_spectrum_vs_blumen_a020_m120_130_raw_modes.csv
1.25,0.2,0.0003033422927477,assets/blumen_gep/supersonic_raw_spectrum_vs_blumen_a020_m120_130_raw_modes.csv
1.25,0.2,0.0002628138592674,assets/blumen_gep/supersonic_raw_spectrum_vs_blumen_a020_m120_130_raw_modes.csv
1.25,0.2,0.0002206212741227,assets/blumen_gep/supersonic_raw_spectrum_vs_blumen_a020_m120_130_raw_modes.csv
1.25,0.2,0.0001751370870574,assets/blumen_gep/supersonic_raw_spectrum_vs_blumen_a020_m120_130_raw_modes.csv
1.25,0.2,0.0001221416908224,assets/blumen_gep/supersonic_raw_spectrum_vs_blumen_a020_m120_130_raw_modes.csv
1.25,0.2,3.552103640480348e-05,assets/blumen_gep/supersonic_raw_spectrum_vs_blumen_a020_m120_130_raw_modes.csv
1.25,0.2,2.691924509823633e-14,assets/blumen_gep/supersonic_raw_spectrum_vs_blumen_a020_m120_130_raw_modes.csv
1.25,0.2,1.9452680117119268e-17,assets/blumen_gep/supersonic_raw_spectrum_vs_blumen_a020_m120_130_raw_modes.csv
1.25,0.2,1.94988532708604e-16,assets/blumen_gep/supersonic_raw_spectrum_vs_blumen_a020_m120_130_raw_modes.csv
1.25,0.2,1.122472949484323e-15,assets/blumen_gep/supersonic_raw_spectrum_vs_blumen_a020_m120_130_raw_modes.csv
1.25,0.2,1.0264999321477245e-15,assets/blumen_gep/supersonic_raw_spectrum_vs_blumen_a020_m120_130_raw_modes.csv
1.25,0.2,2.4978192325932774e-15,assets/blumen_gep/supersonic_raw_spectrum_vs_blumen_a020_m120_130_raw_modes.csv
1.25,0.2,6.895600930442846e-17,assets/blumen_gep/supersonic_raw_spectrum_vs_blumen_a020_m120_130_raw_modes.csv
1.25,0.2,3.0046971746964964e-16,assets/blumen_gep/supersonic_raw_spectrum_vs_blumen_a020_m120_130_raw_modes.csv
1.25,0.2,4.1975850364519476e-16,assets/blumen_gep/supersonic_raw_spectrum_vs_blumen_a020_m120_130_raw_modes.csv
1.25,0.2,1.326280907434201e-16,assets/blumen_gep/supersonic_raw_spectrum_vs_blumen_a020_m120_130_raw_modes.csv
1.25,0.2,2.255079991159034e-16,assets/blumen_gep/supersonic_raw_spectrum_vs_blumen_a020_m120_130_raw_modes.csv
1.25,0.2,4.225416189142554e-17,assets/blumen_gep/supersonic_raw_spectrum_vs_blumen_a020_m120_130_raw_modes.csv
1.25,0.2,6.083210679015761e-17,assets/blumen_gep/supersonic_raw_spectrum_vs_blumen_a020_m120_130_raw_modes.csv
1.25,0.2,1.125987481034349e-16,assets/blumen_gep/supersonic_raw_spectrum_vs_blumen_a020_m120_130_raw_modes.csv
1.25,0.2,7.738451759852657e-17,assets/blumen_gep/supersonic_raw_spectrum_vs_blumen_a020_m120_130_raw_modes.csv
1.25,0.2,2.6701668215872425e-17,assets/blumen_gep/supersonic_raw_spectrum_vs_blumen_a020_m120_130_raw_modes.csv
1.25,0.2,3.926692608300119e-16,assets/blumen_gep/supersonic_raw_spectrum_vs_blumen_a020_m120_130_raw_modes.csv
1.25,0.2,7.934311752057992e-17,assets/blumen_gep/supersonic_raw_spectrum_vs_blumen_a020_m120_130_raw_modes.csv
1.25,0.2,2.989506049507476e-17,assets/blumen_gep/supersonic_raw_spectrum_vs_blumen_a020_m120_130_raw_modes.csv
1.25,0.2,8.406426020412771e-17,assets/blumen_gep/supersonic_raw_spectrum_vs_blumen_a020_m120_130_raw_modes.csv
1.25,0.2,1.2331980503929513e-15,assets/blumen_gep/supersonic_raw_spectrum_vs_blumen_a020_m120_130_raw_modes.csv
1.25,0.2,5.615438945254103e-17,assets/blumen_gep/supersonic_raw_spectrum_vs_blumen_a020_m120_130_raw_modes.csv
1.275,0.2,0.030919975576394,assets/blumen_gep/supersonic_blumen_eigencondition_audit_a020_m120_130_map_grid.csv
1.275,0.2,0.032919975576394,assets/blumen_gep/supersonic_blumen_eigencondition_audit_a020_m120_130_map_grid.csv
1.275,0.2,0.034919975576394,assets/blumen_gep/supersonic_blumen_eigencondition_audit_a020_m120_130_map_grid.csv
1.275,0.2,0.036919975576394,assets/blumen_gep/supersonic_blumen_eigencondition_audit_a020_m120_130_map_grid.csv
1.275,0.2,0.038919975576394,assets/blumen_gep/supersonic_blumen_eigencondition_audit_a020_m120_130_map_grid.csv
1.275,0.2,0.040919975576394,assets/blumen_gep/supersonic_blumen_eigencondition_audit_a020_m120_130_map_grid.csv
1.275,0.2,0.042919975576394,assets/blumen_gep/supersonic_blumen_eigencondition_audit_a020_m120_130_map_grid.csv
1.275,0.2,0.044919975576394,assets/blumen_gep/supersonic_blumen_eigencondition_audit_a020_m120_130_map_grid.csv
1.275,0.2,0.046919975576394,assets/blumen_gep/supersonic_blumen_eigencondition_audit_a020_m120_130_map_grid.csv
1.275,0.2,0.048919975576394,assets/blumen_gep/supersonic_blumen_eigencondition_audit_a020_m120_130_map_grid.csv
1.275,0.2,0.050919975576394,assets/blumen_gep/supersonic_blumen_eigencondition_audit_a020_m120_130_map_grid.csv
1.275,0.2,0.052919975576394,assets/blumen_gep/supersonic_blumen_eigencondition_audit_a020_m120_130_map_grid.csv
1.275,0.2,0.054919975576394,assets/blumen_gep/supersonic_blumen_eigencondition_audit_a020_m120_130_map_grid.csv
1.275,0.2,0.056919975576394,assets/blumen_gep/supersonic_blumen_eigencondition_audit_a020_m120_130_map_grid.csv
1.275,0.2,0.058919975576394,assets/blumen_gep/supersonic_blumen_eigencondition_audit_a020_m120_130_map_grid.csv
1.275,0.2,0.060919975576394,assets/blumen_gep/supersonic_blumen_eigencondition_audit_a020_m120_130_map_grid.csv
1.275,0.2,0.062919975576394,assets/blumen_gep/supersonic_blumen_eigencondition_audit_a020_m120_130_map_grid.csv
1.275,0.2,0.064919975576394,assets/blumen_gep/supersonic_blumen_eigencondition_audit_a020_m120_130_map_grid.csv
1.275,0.2,0.066919975576394,assets/blumen_gep/supersonic_blumen_eigencondition_audit_a020_m120_130_map_grid.csv
1.275,0.2,0.068919975576394,assets/blumen_gep/supersonic_blumen_eigencondition_audit_a020_m120_130_map_grid.csv
1.275,0.2,0.070919975576394,assets/blumen_gep/supersonic_blumen_eigencondition_audit_a020_m120_130_map_grid.csv
1.275,0.2,0.0068376839893224,assets/blumen_gep/supersonic_raw_spectrum_vs_blumen_a020_m120_130_nearest.csv
1.275,0.2,0.0069706040390211,assets/blumen_gep/supersonic_raw_spectrum_vs_blumen_a020_m120_130_nearest.csv
1.275,0.2,0.0067032471055066,assets/blumen_gep/supersonic_raw_spectrum_vs_blumen_a020_m120_130_nearest.csv
1.275,0.2,0.0071019323780556,assets/blumen_gep/supersonic_raw_spectrum_vs_blumen_a020_m120_130_nearest.csv
1.275,0.2,0.0065673168475753,assets/blumen_gep/supersonic_raw_spectrum_vs_blumen_a020_m120_130_nearest.csv
1.275,0.2,0.0072315485869471,assets/blumen_gep/supersonic_raw_spectrum_vs_blumen_a020_m120_130_nearest.csv
1.275,0.2,0.0064298594201046,assets/blumen_gep/supersonic_raw_spectrum_vs_blumen_a020_m120_130_nearest.csv
1.275,0.2,0.0073592932369236,assets/blumen_gep/supersonic_raw_spectrum_vs_blumen_a020_m120_130_nearest.csv
1.275,0.2,0.006290777321561,assets/blumen_gep/supersonic_raw_spectrum_vs_blumen_a020_m120_130_nearest.csv
1.275,0.2,0.0074849756786178,assets/blumen_gep/supersonic_raw_spectrum_vs_blumen_a020_m120_130_nearest.csv
1.275,0.2,0.0061499015752532,assets/blumen_gep/supersonic_raw_spectrum_vs_blumen_a020_m120_130_nearest.csv
1.275,0.2,0.007608383639884,assets/blumen_gep/supersonic_raw_spectrum_vs_blumen_a020_m120_130_nearest.csv
1.275,0.2,0.0044207007304823,assets/blumen_gep/supersonic_raw_spectrum_vs_blumen_a020_m120_130_nearest.csv
1.275,0.2,0.0044858741244928,assets/blumen_gep/supersonic_raw_spectrum_vs_blumen_a020_m120_130_nearest.csv
1.275,0.2,0.0043550034739146,assets/blumen_gep/supersonic_raw_spectrum_vs_blumen_a020_m120_130_nearest.csv
1.275,0.2,0.0045505111098859,assets/blumen_gep/supersonic_raw_spectrum_vs_blumen_a020_m120_130_nearest.csv
1.275,0.2,0.0042887865023239,assets/blumen_gep/supersonic_raw_spectrum_vs_blumen_a020_m120_130_nearest.csv
1.275,0.2,0.0046145914845315,assets/blumen_gep/supersonic_raw_spectrum_vs_blumen_a020_m120_130_nearest.csv
1.275,0.2,0.0042220448227722,assets/blumen_gep/supersonic_raw_spectrum_vs_blumen_a020_m120_130_nearest.csv
1.275,0.2,0.004678088161168,assets/blumen_gep/supersonic_raw_spectrum_vs_blumen_a020_m120_130_nearest.csv
1.275,0.2,0.0041547635226808,assets/blumen_gep/supersonic_raw_spectrum_vs_blumen_a020_m120_130_nearest.csv
1.275,0.2,0.0047409680079429,assets/blumen_gep/supersonic_raw_spectrum_vs_blumen_a020_m120_130_nearest.csv
1.275,0.2,0.0040869169048162,assets/blumen_gep/supersonic_raw_spectrum_vs_blumen_a020_m120_130_nearest.csv
1.275,0.2,0.0048031927852933,assets/blumen_gep/supersonic_raw_spectrum_vs_blumen_a020_m120_130_nearest.csv
1.275,0.2,0.0033784272906268,assets/blumen_gep/supersonic_raw_spectrum_vs_blumen_a020_m120_130_nearest.csv
1.275,0.2,0.0033366274098055,assets/blumen_gep/supersonic_raw_spectrum_vs_blumen_a020_m120_130_nearest.csv
1.275,0.2,0.0034199549749154,assets/blumen_gep/supersonic_raw_spectrum_vs_blumen_a020_m120_130_nearest.csv
1.275,0.2,0.0032945584625711,assets/blumen_gep/supersonic_raw_spectrum_vs_blumen_a020_m120_130_nearest.csv
1.275,0.2,0.0034612047403356,assets/blumen_gep/supersonic_raw_spectrum_vs_blumen_a020_m120_130_nearest.csv
1.275,0.2,0.0032522207859202,assets/blumen_gep/supersonic_raw_spectrum_vs_blumen_a020_m120_130_nearest.csv
1.275,0.2,0.0035021684742226,assets/blumen_gep/supersonic_raw_spectrum_vs_blumen_a020_m120_130_nearest.csv
1.275,0.2,0.0032096117155361,assets/blumen_gep/supersonic_raw_spectrum_vs_blumen_a020_m120_130_nearest.csv
1.275,0.2,0.0035428358898646,assets/blumen_gep/supersonic_raw_spectrum_vs_blumen_a020_m120_130_nearest.csv
1.275,0.2,0.0031667253804136,assets/blumen_gep/supersonic_raw_spectrum_vs_blumen_a020_m120_130_nearest.csv
1.275,0.2,0.0035831947479348,assets/blumen_gep/supersonic_raw_spectrum_vs_blumen_a020_m120_130_nearest.csv
1.275,0.2,0.0031235524597872,assets/blumen_gep/supersonic_raw_spectrum_vs_blumen_a020_m120_130_nearest.csv
1.275,0.2,0.0060069818287251,assets/blumen_gep/supersonic_raw_spectrum_vs_blumen_a020_m120_130_raw_modes.csv
1.275,0.2,0.0077292950948116,assets/blumen_gep/supersonic_raw_spectrum_vs_blumen_a020_m120_130_raw_modes.csv
1.275,0.2,0.0058616733127698,assets/blumen_gep/supersonic_raw_spectrum_vs_blumen_a020_m120_130_raw_modes.csv
1.275,0.2,0.0078474927112248,assets/blumen_gep/supersonic_raw_spectrum_vs_blumen_a020_m120_130_raw_modes.csv
1.275,0.2,0.0057135193194402,assets/blumen_gep/supersonic_raw_spectrum_vs_blumen_a020_m120_130_raw_modes.csv
1.275,0.2,0.007962780953893,assets/blumen_gep/supersonic_raw_spectrum_vs_blumen_a020_m120_130_raw_modes.csv
1.275,0.2,0.0055619273264091,assets/blumen_gep/supersonic_raw_spectrum_vs_blumen_a020_m120_130_raw_modes.csv
1.275,0.2,0.0080750056224659,assets/blumen_gep/supersonic_raw_spectrum_vs_blumen_a020_m120_130_raw_modes.csv
1.275,0.2,0.005406136023046,assets/blumen_gep/supersonic_raw_spectrum_vs_blumen_a020_m120_130_raw_modes.csv
1.275,0.2,0.0081840752801207,assets/blumen_gep/supersonic_raw_spectrum_vs_blumen_a020_m120_130_raw_modes.csv
1.275,0.2,0.0052451690272419,assets/blumen_gep/supersonic_raw_spectrum_vs_blumen_a020_m120_130_raw_modes.csv
1.275,0.2,0.0082899837334941,assets/blumen_gep/supersonic_raw_spectrum_vs_blumen_a020_m120_130_raw_modes.csv
1.275,0.2,0.0050777687175608,assets/blumen_gep/supersonic_raw_spectrum_vs_blumen_a020_m120_130_raw_modes.csv
1.275,0.2,0.0083928325586222,assets/blumen_gep/supersonic_raw_spectrum_vs_blumen_a020_m120_130_raw_modes.csv
1.275,0.2,0.0049022993037393,assets/blumen_gep/supersonic_raw_spectrum_vs_blumen_a020_m120_130_raw_modes.csv
1.275,0.2,0.0084928527086874,assets/blumen_gep/supersonic_raw_spectrum_vs_blumen_a020_m120_130_raw_modes.csv
1.275,0.2,0.0047166006589283,assets/blumen_gep/supersonic_raw_spectrum_vs_blumen_a020_m120_130_raw_modes.csv
1.275,0.2,0.0085904245688462,assets/blumen_gep/supersonic_raw_spectrum_vs_blumen_a020_m120_130_raw_modes.csv
1.275,0.2,0.0045177597964818,assets/blumen_gep/supersonic_raw_spectrum_vs_blumen_a020_m120_130_raw_modes.csv
1.275,0.2,0.0086860964616893,assets/blumen_gep/supersonic_raw_spectrum_vs_blumen_a020_m120_130_raw_modes.csv
1.275,0.2,0.0043017372692711,assets/blumen_gep/supersonic_raw_spectrum_vs_blumen_a020_m120_130_raw_modes.csv
1.275,0.2,0.0040627211015757,assets/blumen_gep/supersonic_raw_spectrum_vs_blumen_a020_m120_130_raw_modes.csv
1.275,0.2,0.008780602539498,assets/blumen_gep/supersonic_raw_spectrum_vs_blumen_a020_m120_130_raw_modes.csv
1.275,0.2,0.0037919255672284,assets/blumen_gep/supersonic_raw_spectrum_vs_blumen_a020_m120_130_raw_modes.csv
1.275,0.2,0.0088748821811289,assets/blumen_gep/supersonic_raw_spectrum_vs_blumen_a020_m120_130_raw_modes.csv
1.275,0.2,0.0034751297643955,assets/blumen_gep/supersonic_raw_spectrum_vs_blumen_a020_m120_130_raw_modes.csv
1.275,0.2,0.0089701044276788,assets/blumen_gep/supersonic_raw_spectrum_vs_blumen_a020_m120_130_raw_modes.csv
1.275,0.2,0.1931047160858908,assets/blumen_gep/supersonic_raw_spectrum_vs_blumen_a020_m120_130_raw_modes.csv
1.275,0.2,0.0030868844177628,assets/blumen_gep/supersonic_raw_spectrum_vs_blumen_a020_m120_130_raw_modes.csv
1.275,0.2,0.009067702721575,assets/blumen_gep/supersonic_raw_spectrum_vs_blumen_a020_m120_130_raw_modes.csv
1.275,0.2,0.0025735436324372,assets/blumen_gep/supersonic_raw_spectrum_vs_blumen_a020_m120_130_raw_modes.csv
1.275,0.2,0.0091694275413956,assets/blumen_gep/supersonic_raw_spectrum_vs_blumen_a020_m120_130_raw_modes.csv
1.275,0.2,0.001776872537195,assets/blumen_gep/supersonic_raw_spectrum_vs_blumen_a020_m120_130_raw_modes.csv
1.275,0.2,0.009277428055196,assets/blumen_gep/supersonic_raw_spectrum_vs_blumen_a020_m120_130_raw_modes.csv
1.275,0.2,1.2532741447139852e-13,assets/blumen_gep/supersonic_raw_spectrum_vs_blumen_a020_m120_130_raw_modes.csv
1.275,0.2,0.0093943797928105,assets/blumen_gep/supersonic_raw_spectrum_vs_blumen_a020_m120_130_raw_modes.csv
1.275,0.2,1.2304196865717634e-13,assets/blumen_gep/supersonic_raw_spectrum_vs_blumen_a020_m120_130_raw_modes.csv
1.275,0.2,0.0095236856910044,assets/blumen_gep/supersonic_raw_spectrum_vs_blumen_a020_m120_130_raw_modes.csv
1.275,0.2,4.958142979262882e-13,assets/blumen_gep/supersonic_raw_spectrum_vs_blumen_a020_m120_130_raw_modes.csv
1.275,0.2,0.0096697965775129,assets/blumen_gep/supersonic_raw_spectrum_vs_blumen_a020_m120_130_raw_modes.csv
1.275,0.2,0.0017768725415305,assets/blumen_gep/supersonic_raw_spectrum_vs_blumen_a020_m120_130_raw_modes.csv
1.275,0.2,0.0098387310378602,assets/blumen_gep/supersonic_raw_spectrum_vs_blumen_a020_m120_130_raw_modes.csv
1.275,0.2,0.0025735436337686,assets/blumen_gep/supersonic_raw_spectrum_vs_blumen_a020_m120_130_raw_modes.csv
1.275,0.2,0.0100389330037386,assets/blumen_gep/supersonic_raw_spectrum_vs_blumen_a020_m120_130_raw_modes.csv
1.275,0.2,0.0030868844202949,assets/blumen_gep/supersonic_raw_spectrum_vs_blumen_a020_m120_130_raw_modes.csv
1.275,0.2,0.0034751297659227,assets/blumen_gep/supersonic_raw_spectrum_vs_blumen_a020_m120_130_raw_modes.csv
1.275,0.2,0.01028268169452,assets/blumen_gep/supersonic_raw_spectrum_vs_blumen_a020_m120_130_raw_modes.csv
1.275,0.2,0.0037919255679936,assets/blumen_gep/supersonic_raw_spectrum_vs_blumen_a020_m120_130_raw_modes.csv
1.275,0.2,0.0105881854594184,assets/blumen_gep/supersonic_raw_spectrum_vs_blumen_a020_m120_130_raw_modes.csv
1.275,0.2,0.0040627211017908,assets/blumen_gep/supersonic_raw_spectrum_vs_blumen_a020_m120_130_raw_modes.csv
1.275,0.2,0.0109807408940676,assets/blumen_gep/supersonic_raw_spectrum_vs_blumen_a020_m120_130_raw_modes.csv
1.275,0.2,0.0043017372689591,assets/blumen_gep/supersonic_raw_spectrum_vs_blumen_a020_m120_130_raw_modes.csv
1.275,0.2,0.0114769159328474,assets/blumen_gep/supersonic_raw_spectrum_vs_blumen_a020_m120_130_raw_modes.csv
1.275,0.2,0.0045177597957714,assets/blumen_gep/supersonic_raw_spectrum_vs_blumen_a020_m120_130_raw_modes.csv
1.275,0.2,0.0119626069205823,assets/blumen_gep/supersonic_raw_spectrum_vs_blumen_a020_m120_130_raw_modes.csv
1.275,0.2,0.0119841989085255,assets/blumen_gep/supersonic_raw_spectrum_vs_blumen_a020_m120_130_raw_modes.csv
1.275,0.2,0.0047166006579081,assets/blumen_gep/supersonic_raw_spectrum_vs_blumen_a020_m120_130_raw_modes.csv
1.275,0.2,0.0114181962146399,assets/blumen_gep/supersonic_raw_spectrum_vs_blumen_a020_m120_130_raw_modes.csv
1.275,0.2,0.0049022993023599,assets/blumen_gep/supersonic_raw_spectrum_vs_blumen_a020_m120_130_raw_modes.csv
1.275,0.2,0.0107417709828049,assets/blumen_gep/supersonic_raw_spectrum_vs_blumen_a020_m120_130_raw_modes.csv
1.275,0.2,0.0050777687159502,assets/blumen_gep/supersonic_raw_spectrum_vs_blumen_a020_m120_130_raw_modes.csv
1.275,0.2,0.0101596772001128,assets/blumen_gep/supersonic_raw_spectrum_vs_blumen_a020_m120_130_raw_modes.csv
1.275,0.2,0.005245169025269,assets/blumen_gep/supersonic_raw_spectrum_vs_blumen_a020_m120_130_raw_modes.csv
1.275,0.2,0.009672595687778,assets/blumen_gep/supersonic_raw_spectrum_vs_blumen_a020_m120_130_raw_modes.csv
1.275,0.2,0.0054061360208587,assets/blumen_gep/supersonic_raw_spectrum_vs_blumen_a020_m120_130_raw_modes.csv
1.275,0.2,0.0092550600054861,assets/blumen_gep/supersonic_raw_spectrum_vs_blumen_a020_m120_130_raw_modes.csv
1.275,0.2,0.0055619273251865,assets/blumen_gep/supersonic_raw_spectrum_vs_blumen_a020_m120_130_raw_modes.csv
1.275,0.2,0.0088872872468993,assets/blumen_gep/supersonic_raw_spectrum_vs_blumen_a020_m120_130_raw_modes.csv
1.275,0.2,0.0057135193169848,assets/blumen_gep/supersonic_raw_spectrum_vs_blumen_a020_m120_130_raw_modes.csv
1.275,0.2,0.0085559510789742,assets/blumen_gep/supersonic_raw_spectrum_vs_blumen_a020_m120_130_raw_modes.csv
1.275,0.2,0.0058616733101281,assets/blumen_gep/supersonic_raw_spectrum_vs_blumen_a020_m120_130_raw_modes.csv
1.275,0.2,0.0060069818259595,assets/blumen_gep/supersonic_raw_spectrum_vs_blumen_a020_m120_130_raw_modes.csv
1.275,0.2,0.0082520706055032,assets/blumen_gep/supersonic_raw_spectrum_vs_blumen_a020_m120_130_raw_modes.csv
1.275,0.2,0.0061499015722618,assets/blumen_gep/supersonic_raw_spectrum_vs_blumen_a020_m120_130_raw_modes.csv
1.275,0.2,0.0079694286546128,assets/blumen_gep/supersonic_raw_spectrum_vs_blumen_a020_m120_130_raw_modes.csv
1.275,0.2,0.0062907773185882,assets/blumen_gep/supersonic_raw_spectrum_vs_blumen_a020_m120_130_raw_modes.csv
1.275,0.2,0.0077035891947387,assets/blumen_gep/supersonic_raw_spectrum_vs_blumen_a020_m120_130_raw_modes.csv
1.275,0.2,0.0064298594171984,assets/blumen_gep/supersonic_raw_spectrum_vs_blumen_a020_m120_130_raw_modes.csv
1.275,0.2,0.0074512972772537,assets/blumen_gep/supersonic_raw_spectrum_vs_blumen_a020_m120_130_raw_modes.csv
1.275,0.2,0.0065673168446356,assets/blumen_gep/supersonic_raw_spectrum_vs_blumen_a020_m120_130_raw_modes.csv
1.275,0.2,0.0072101054019867,assets/blumen_gep/supersonic_raw_spectrum_vs_blumen_a020_m120_130_raw_modes.csv
1.275,0.2,0.0067032471025097,assets/blumen_gep/supersonic_raw_spectrum_vs_blumen_a020_m120_130_raw_modes.csv
1.275,0.2,0.0069781342345546,assets/blumen_gep/supersonic_raw_spectrum_vs_blumen_a020_m120_130_raw_modes.csv
1.275,0.2,0.0067539148717305,assets/blumen_gep/supersonic_raw_spectrum_vs_blumen_a020_m120_130_raw_modes.csv
1.275,0.2,0.0068376839862483,assets/blumen_gep/supersonic_raw_spectrum_vs_blumen_a020_m120_130_raw_modes.csv
1.275,0.2,0.0065362820345644,assets/blumen_gep/supersonic_raw_spectrum_vs_blumen_a020_m120_130_raw_modes.csv
1.275,0.2,0.0069706040360483,assets/blumen_gep/supersonic_raw_spectrum_vs_blumen_a020_m120_130_raw_modes.csv
1.275,0.2,0.0063242999380575,assets/blumen_gep/supersonic_raw_spectrum_vs_blumen_a020_m120_130_raw_modes.csv
1.275,0.2,0.0071019323750785,assets/blumen_gep/supersonic_raw_spectrum_vs_blumen_a020_m120_130_raw_modes.csv
1.275,0.2,0.0061172097119125,assets/blumen_gep/supersonic_raw_spectrum_vs_blumen_a020_m120_130_raw_modes.csv
1.275,0.2,0.0072315485840071,assets/blumen_gep/supersonic_raw_spectrum_vs_blumen_a020_m120_130_raw_modes.csv
1.275,0.2,0.005914391373096,assets/blumen_gep/supersonic_raw_spectrum_vs_blumen_a020_m120_130_raw_modes.csv
1.275,0.2,0.007359293234026,assets/blumen_gep/supersonic_raw_spectrum_vs_blumen_a020_m120_130_raw_modes.csv
1.275,0.2,0.0057153358434739,assets/blumen_gep/supersonic_raw_spectrum_vs_blumen_a020_m120_130_raw_modes.csv
1.275,0.2,0.0074849756758134,assets/blumen_gep/supersonic_raw_spectrum_vs_blumen_a020_m120_130_raw_modes.csv
1.275,0.2,0.0055196240465679,assets/blumen_gep/supersonic_raw_spectrum_vs_blumen_a020_m120_130_raw_modes.csv
1.275,0.2,0.0076083836371642,assets/blumen_gep/supersonic_raw_spectrum_vs_blumen_a020_m120_130_raw_modes.csv
1.275,0.2,0.0053269110793269,assets/blumen_gep/supersonic_raw_spectrum_vs_blumen_a020_m120_130_raw_modes.csv
1.275,0.2,0.0077292950921692,assets/blumen_gep/supersonic_raw_spectrum_vs_blumen_a020_m120_130_raw_modes.csv
1.275,0.2,0.0051369140810301,assets/blumen_gep/supersonic_raw_spectrum_vs_blumen_a020_m120_130_raw_modes.csv
1.275,0.2,0.0078474927086811,assets/blumen_gep/supersonic_raw_spectrum_vs_blumen_a020_m120_130_raw_modes.csv
1.275,0.2,0.0049494028397136,assets/blumen_gep/supersonic_raw_spectrum_vs_blumen_a020_m120_130_raw_modes.csv
1.275,0.2,0.007962780951394,assets/blumen_gep/supersonic_raw_spectrum_vs_blumen_a020_m120_130_raw_modes.csv
1.275,0.2,0.0047641924475494,assets/blumen_gep/supersonic_raw_spectrum_vs_blumen_a020_m120_130_raw_modes.csv
1.275,0.2,0.0080750056201441,assets/blumen_gep/supersonic_raw_spectrum_vs_blumen_a020_m120_130_raw_modes.csv
1.275,0.2,0.0045811375080738,assets/blumen_gep/supersonic_raw_spectrum_vs_blumen_a020_m120_130_raw_modes.csv
1.275,0.2,0.0081840752778357,assets/blumen_gep/supersonic_raw_spectrum_vs_blumen_a020_m120_130_raw_modes.csv
1.275,0.2,0.0044001275304552,assets/blumen_gep/supersonic_raw_spectrum_vs_blumen_a020_m120_130_raw_modes.csv
1.275,0.2,0.0042210832380165,assets/blumen_gep/supersonic_raw_spectrum_vs_blumen_a020_m120_130_raw_modes.csv
1.275,0.2,0.0082899837313277,assets/blumen_gep/supersonic_raw_spectrum_vs_blumen_a020_m120_130_raw_modes.csv
1.275,0.2,0.0040439535823098,assets/blumen_gep/supersonic_raw_spectrum_vs_blumen_a020_m120_130_raw_modes.csv
1.275,0.2,0.0083928325565439,assets/blumen_gep/supersonic_raw_spectrum_vs_blumen_a020_m120_130_raw_modes.csv
1.275,0.2,0.0038687133036589,assets/blumen_gep/supersonic_raw_spectrum_vs_blumen_a020_m120_130_raw_modes.csv
1.275,0.2,0.008492852706687,assets/blumen_gep/supersonic_raw_spectrum_vs_blumen_a020_m120_130_raw_modes.csv
1.275,0.2,0.0036953609151401,assets/blumen_gep/supersonic_raw_spectrum_vs_blumen_a020_m120_130_raw_modes.csv
1.275,0.2,0.0085904245669693,assets/blumen_gep/supersonic_raw_spectrum_vs_blumen_a020_m120_130_raw_modes.csv
1.275,0.2,0.1931047160858886,assets/blumen_gep/supersonic_raw_spectrum_vs_blumen_a020_m120_130_raw_modes.csv
1.275,0.2,0.0035239170014087,assets/blumen_gep/supersonic_raw_spectrum_vs_blumen_a020_m120_130_raw_modes.csv
1.275,0.2,0.0033544227589863,assets/blumen_gep/supersonic_raw_spectrum_vs_blumen_a020_m120_130_raw_modes.csv
1.275,0.2,0.0086860964599442,assets/blumen_gep/supersonic_raw_spectrum_vs_blumen_a020_m120_130_raw_modes.csv
1.275,0.2,0.0031869387024393,assets/blumen_gep/supersonic_raw_spectrum_vs_blumen_a020_m120_130_raw_modes.csv
1.275,0.2,0.0087806025377327,assets/blumen_gep/supersonic_raw_spectrum_vs_blumen_a020_m120_130_raw_modes.csv
1.275,0.2,0.0030215434740607,assets/blumen_gep/supersonic_raw_spectrum_vs_blumen_a020_m120_130_raw_modes.csv
1.275,0.2,0.0088748821793947,assets/blumen_gep/supersonic_raw_spectrum_vs_blumen_a020_m120_130_raw_modes.csv
1.275,0.2,0.0028583327095245,assets/blumen_gep/supersonic_raw_spectrum_vs_blumen_a020_m120_130_raw_modes.csv
1.275,0.2,0.0026974178989839,assets/blumen_gep/supersonic_raw_spectrum_vs_blumen_a020_m120_130_raw_modes.csv
1.275,0.2,0.008970104426062,assets/blumen_gep/supersonic_raw_spectrum_vs_blumen_a020_m120_130_raw_modes.csv
1.275,0.2,0.0025389251990062,assets/blumen_gep/supersonic_raw_spectrum_vs_blumen_a020_m120_130_raw_modes.csv
1.275,0.2,0.0090677027200514,assets/blumen_gep/supersonic_raw_spectrum_vs_blumen_a020_m120_130_raw_modes.csv
1.275,0.2,0.0023829941421143,assets/blumen_gep/supersonic_raw_spectrum_vs_blumen_a020_m120_130_raw_modes.csv
1.275,0.2,0.002229776188477,assets/blumen_gep/supersonic_raw_spectrum_vs_blumen_a020_m120_130_raw_modes.csv
1.275,0.2,0.0091694275399699,assets/blumen_gep/supersonic_raw_spectrum_vs_blumen_a020_m120_130_raw_modes.csv
1.275,0.2,0.0020794330565711,assets/blumen_gep/supersonic_raw_spectrum_vs_blumen_a020_m120_130_raw_modes.csv
1.275,0.2,0.0092774280538081,assets/blumen_gep/supersonic_raw_spectrum_vs_blumen_a020_m120_130_raw_modes.csv
1.275,0.2,0.0019321347589873,assets/blumen_gep/supersonic_raw_spectrum_vs_blumen_a020_m120_130_raw_modes.csv
1.275,0.2,0.0017880572490035,assets/blumen_gep/supersonic_raw_spectrum_vs_blumen_a020_m120_130_raw_modes.csv
1.275,0.2,0.0093943797914141,assets/blumen_gep/supersonic_raw_spectrum_vs_blumen_a020_m120_130_raw_modes.csv
1.275,0.2,0.0016473795525065,assets/blumen_gep/supersonic_raw_spectrum_vs_blumen_a020_m120_130_raw_modes.csv
1.275,0.2,0.0015102802101368,assets/blumen_gep/supersonic_raw_spectrum_vs_blumen_a020_m120_130_raw_modes.csv
1.275,0.2,0.0095236856897728,assets/blumen_gep/supersonic_raw_spectrum_vs_blumen_a020_m120_130_raw_modes.csv
1.275,0.2,0.0013769327677514,assets/blumen_gep/supersonic_raw_spectrum_vs_blumen_a020_m120_130_raw_modes.csv
1.275,0.2,0.0012474999089826,assets/blumen_gep/supersonic_raw_spectrum_vs_blumen_a020_m120_130_raw_modes.csv
1.275,0.2,0.0096697965762343,assets/blumen_gep/supersonic_raw_spectrum_vs_blumen_a020_m120_130_raw_modes.csv
1.275,0.2,0.0011221255572995,assets/blumen_gep/supersonic_raw_spectrum_vs_blumen_a020_m120_130_raw_modes.csv
1.275,0.2,0.0010009237925755,assets/blumen_gep/supersonic_raw_spectrum_vs_blumen_a020_m120_130_raw_modes.csv
1.275,0.2,0.0098387310367351,assets/blumen_gep/supersonic_raw_spectrum_vs_blumen_a020_m120_130_raw_modes.csv
1.275,0.2,0.000883962442303,assets/blumen_gep/supersonic_raw_spectrum_vs_blumen_a020_m120_130_raw_modes.csv
1.275,0.2,0.0007712372019961,assets/blumen_gep/supersonic_raw_spectrum_vs_blumen_a020_m120_130_raw_modes.csv
1.275,0.2,0.0100389330026336,assets/blumen_gep/supersonic_raw_spectrum_vs_blumen_a020_m120_130_raw_modes.csv
1.275,0.2,0.0006626274803598,assets/blumen_gep/supersonic_raw_spectrum_vs_blumen_a020_m120_130_raw_modes.csv
1.275,0.2,0.0005578135277782,assets/blumen_gep/supersonic_raw_spectrum_vs_blumen_a020_m120_130_raw_modes.csv
1.275,0.2,0.0004561006008357,assets/blumen_gep/supersonic_raw_spectrum_vs_blumen_a020_m120_130_raw_modes.csv
1.275,0.2,0.0102826816934525,assets/blumen_gep/supersonic_raw_spectrum_vs_blumen_a020_m120_130_raw_modes.csv
1.275,0.2,0.0003559770993688,assets/blumen_gep/supersonic_raw_spectrum_vs_blumen_a020_m120_130_raw_modes.csv
1.275,0.2,0.0002536629048024,assets/blumen_gep/supersonic_raw_spectrum_vs_blumen_a020_m120_130_raw_modes.csv
1.275,0.2,0.0001346622414219,assets/blumen_gep/supersonic_raw_spectrum_vs_blumen_a020_m120_130_raw_modes.csv
1.275,0.2,0.0105881854582084,assets/blumen_gep/supersonic_raw_spectrum_vs_blumen_a020_m120_130_raw_modes.csv
1.275,0.2,1.5933182699700992e-12,assets/blumen_gep/supersonic_raw_spectrum_vs_blumen_a020_m120_130_raw_modes.csv
1.275,0.2,9.190648335762567e-13,assets/blumen_gep/supersonic_raw_spectrum_vs_blumen_a020_m120_130_raw_modes.csv
1.275,0.2,4.248025463706283e-13,assets/blumen_gep/supersonic_raw_spectrum_vs_blumen_a020_m120_130_raw_modes.csv
1.275,0.2,7.635704320474088e-13,assets/blumen_gep/supersonic_raw_spectrum_vs_blumen_a020_m120_130_raw_modes.csv
1.275,0.2,9.036591110255176e-13,assets/blumen_gep/supersonic_raw_spectrum_vs_blumen_a020_m120_130_raw_modes.csv
1.275,0.2,0.0109807408927962,assets/blumen_gep/supersonic_raw_spectrum_vs_blumen_a020_m120_130_raw_modes.csv
1.275,0.2,1.2125838769216897e-12,assets/blumen_gep/supersonic_raw_spectrum_vs_blumen_a020_m120_130_raw_modes.csv
1.275,0.2,1.818226960602946e-12,assets/blumen_gep/supersonic_raw_spectrum_vs_blumen_a020_m120_130_raw_modes.csv
1.275,0.2,2.8719086515951884e-12,assets/blumen_gep/supersonic_raw_spectrum_vs_blumen_a020_m120_130_raw_modes.csv
1.275,0.2,4.381770115053062e-12,assets/blumen_gep/supersonic_raw_spectrum_vs_blumen_a020_m120_130_raw_modes.csv
1.275,0.2,6.5948286716202754e-12,assets/blumen_gep/supersonic_raw_spectrum_vs_blumen_a020_m120_130_raw_modes.csv
1.275,0.2,9.012283735259422e-12,assets/blumen_gep/supersonic_raw_spectrum_vs_blumen_a020_m120_130_raw_modes.csv
1.275,0.2,1.0959924670791644e-11,assets/blumen_gep/supersonic_raw_spectrum_vs_blumen_a020_m120_130_raw_modes.csv
1.275,0.2,1.1887556869096022e-11,assets/blumen_gep/supersonic_raw_spectrum_vs_blumen_a020_m120_130_raw_modes.csv
1.275,0.2,1.1459017228116395e-11,assets/blumen_gep/supersonic_raw_spectrum_vs_blumen_a020_m120_130_raw_modes.csv
1.275,0.2,9.802255024585855e-12,assets/blumen_gep/supersonic_raw_spectrum_vs_blumen_a020_m120_130_raw_modes.csv
1.275,0.2,7.42957824245391e-12,assets/blumen_gep/supersonic_raw_spectrum_vs_blumen_a020_m120_130_raw_modes.csv
1.275,0.2,4.991311392309347e-12,assets/blumen_gep/supersonic_raw_spectrum_vs_blumen_a020_m120_130_raw_modes.csv
1.275,0.2,2.8061395090918896e-12,assets/blumen_gep/supersonic_raw_spectrum_vs_blumen_a020_m120_130_raw_modes.csv
1.275,0.2,1.4847418041073052e-12,assets/blumen_gep/supersonic_raw_spectrum_vs_blumen_a020_m120_130_raw_modes.csv
1.275,0.2,4.1564813318766244e-13,assets/blumen_gep/supersonic_raw_spectrum_vs_blumen_a020_m120_130_raw_modes.csv
1.275,0.2,3.7133330739506184e-14,assets/blumen_gep/supersonic_raw_spectrum_vs_blumen_a020_m120_130_raw_modes.csv
1.275,0.2,3.4184478749142283e-14,assets/blumen_gep/supersonic_raw_spectrum_vs_blumen_a020_m120_130_raw_modes.csv
1.275,0.2,6.789944290004948e-14,assets/blumen_gep/supersonic_raw_spectrum_vs_blumen_a020_m120_130_raw_modes.csv
1.275,0.2,3.3177540399022764e-14,assets/blumen_gep/supersonic_raw_spectrum_vs_blumen_a020_m120_130_raw_modes.csv
1.275,0.2,1.3729466373448786e-14,assets/blumen_gep/supersonic_raw_spectrum_vs_blumen_a020_m120_130_raw_modes.csv
1.275,0.2,1.5130432953975082e-13,assets/blumen_gep/supersonic_raw_spectrum_vs_blumen_a020_m120_130_raw_modes.csv
1.275,0.2,9.59577801646012e-14,assets/blumen_gep/supersonic_raw_spectrum_vs_blumen_a020_m120_130_raw_modes.csv
1.275,0.2,3.054182699319896e-13,assets/blumen_gep/supersonic_raw_spectrum_vs_blumen_a020_m120_130_raw_modes.csv
1.275,0.2,1.1496616592046953e-13,assets/blumen_gep/supersonic_raw_spectrum_vs_blumen_a020_m120_130_raw_modes.csv
1.275,0.2,0.0114769159318616,assets/blumen_gep/supersonic_raw_spectrum_vs_blumen_a020_m120_130_raw_modes.csv
1.275,0.2,0.0119626069195586,assets/blumen_gep/supersonic_raw_spectrum_vs_blumen_a020_m120_130_raw_modes.csv
1.275,0.2,0.0119841989072432,assets/blumen_gep/supersonic_raw_spectrum_vs_blumen_a020_m120_130_raw_modes.csv
1.275,0.2,0.0114181962126054,assets/blumen_gep/supersonic_raw_spectrum_vs_blumen_a020_m120_130_raw_modes.csv
1.275,0.2,0.0107417709827831,assets/blumen_gep/supersonic_raw_spectrum_vs_blumen_a020_m120_130_raw_modes.csv
1.275,0.2,0.0101596771986705,assets/blumen_gep/supersonic_raw_spectrum_vs_blumen_a020_m120_130_raw_modes.csv
1.275,0.2,0.0096725956855354,assets/blumen_gep/supersonic_raw_spectrum_vs_blumen_a020_m120_130_raw_modes.csv
1.275,0.2,0.0092550600051517,assets/blumen_gep/supersonic_raw_spectrum_vs_blumen_a020_m120_130_raw_modes.csv
1.275,0.2,0.008887287245576,assets/blumen_gep/supersonic_raw_spectrum_vs_blumen_a020_m120_130_raw_modes.csv
1.275,0.2,0.0085559510777603,assets/blumen_gep/supersonic_raw_spectrum_vs_blumen_a020_m120_130_raw_modes.csv
1.275,0.2,0.0082520706042415,assets/blumen_gep/supersonic_raw_spectrum_vs_blumen_a020_m120_130_raw_modes.csv
1.275,0.2,0.007969428653245,assets/blumen_gep/supersonic_raw_spectrum_vs_blumen_a020_m120_130_raw_modes.csv
1.275,0.2,0.0077035891931616,assets/blumen_gep/supersonic_raw_spectrum_vs_blumen_a020_m120_130_raw_modes.csv
1.275,0.2,0.0074512972756175,assets/blumen_gep/supersonic_raw_spectrum_vs_blumen_a020_m120_130_raw_modes.csv
1.275,0.2,0.0072101054011451,assets/blumen_gep/supersonic_raw_spectrum_vs_blumen_a020_m120_130_raw_modes.csv
1.275,0.2,0.0069781342330027,assets/blumen_gep/supersonic_raw_spectrum_vs_blumen_a020_m120_130_raw_modes.csv
1.275,0.2,0.0067539148701037,assets/blumen_gep/supersonic_raw_spectrum_vs_blumen_a020_m120_130_raw_modes.csv
1.275,0.2,0.0065362820328208,assets/blumen_gep/supersonic_raw_spectrum_vs_blumen_a020_m120_130_raw_modes.csv
1.275,0.2,0.0063242999363071,assets/blumen_gep/supersonic_raw_spectrum_vs_blumen_a020_m120_130_raw_modes.csv
1.275,0.2,0.0061172097103454,assets/blumen_gep/supersonic_raw_spectrum_vs_blumen_a020_m120_130_raw_modes.csv
1.275,0.2,0.0059143913713815,assets/blumen_gep/supersonic_raw_spectrum_vs_blumen_a020_m120_130_raw_modes.csv
1.275,0.2,0.0057153358416164,assets/blumen_gep/supersonic_raw_spectrum_vs_blumen_a020_m120_130_raw_modes.csv
1.275,0.2,0.0055196240448177,assets/blumen_gep/supersonic_raw_spectrum_vs_blumen_a020_m120_130_raw_modes.csv
1.275,0.2,0.005326911077576,assets/blumen_gep/supersonic_raw_spectrum_vs_blumen_a020_m120_130_raw_modes.csv
1.275,0.2,0.0051369140792538,assets/blumen_gep/supersonic_raw_spectrum_vs_blumen_a020_m120_130_raw_modes.csv
1.275,0.2,0.0049494028379988,assets/blumen_gep/supersonic_raw_spectrum_vs_blumen_a020_m120_130_raw_modes.csv
1.275,0.2,0.0047641924458654,assets/blumen_gep/supersonic_raw_spectrum_vs_blumen_a020_m120_130_raw_modes.csv
1.275,0.2,0.0045811375063093,assets/blumen_gep/supersonic_raw_spectrum_vs_blumen_a020_m120_130_raw_modes.csv
1.275,0.2,0.0044001275286959,assets/blumen_gep/supersonic_raw_spectrum_vs_blumen_a020_m120_130_raw_modes.csv
1.275,0.2,0.0042210832362231,assets/blumen_gep/supersonic_raw_spectrum_vs_blumen_a020_m120_130_raw_modes.csv
1.275,0.2,0.0040439535804361,assets/blumen_gep/supersonic_raw_spectrum_vs_blumen_a020_m120_130_raw_modes.csv
1.275,0.2,0.0038687133023355,assets/blumen_gep/supersonic_raw_spectrum_vs_blumen_a020_m120_130_raw_modes.csv
1.275,0.2,0.0036953609140498,assets/blumen_gep/supersonic_raw_spectrum_vs_blumen_a020_m120_130_raw_modes.csv
1.275,0.2,0.0035239170006853,assets/blumen_gep/supersonic_raw_spectrum_vs_blumen_a020_m120_130_raw_modes.csv
1.275,0.2,0.003354422758956,assets/blumen_gep/supersonic_raw_spectrum_vs_blumen_a020_m120_130_raw_modes.csv
1.275,0.2,0.0031869387029093,assets/blumen_gep/supersonic_raw_spectrum_vs_blumen_a020_m120_130_raw_modes.csv
1.275,0.2,0.0030215434757886,assets/blumen_gep/supersonic_raw_spectrum_vs_blumen_a020_m120_130_raw_modes.csv
1.275,0.2,0.0028583327130473,assets/blumen_gep/supersonic_raw_spectrum_vs_blumen_a020_m120_130_raw_modes.csv
1.275,0.2,0.0026974179049006,assets/blumen_gep/supersonic_raw_spectrum_vs_blumen_a020_m120_130_raw_modes.csv
1.275,0.2,0.0025389252082681,assets/blumen_gep/supersonic_raw_spectrum_vs_blumen_a020_m120_130_raw_modes.csv
1.275,0.2,0.0023829941560874,assets/blumen_gep/supersonic_raw_spectrum_vs_blumen_a020_m120_130_raw_modes.csv
1.275,0.2,0.0022297762088873,assets/blumen_gep/supersonic_raw_spectrum_vs_blumen_a020_m120_130_raw_modes.csv
1.275,0.2,0.0020794330857311,assets/blumen_gep/supersonic_raw_spectrum_vs_blumen_a020_m120_130_raw_modes.csv
1.275,0.2,0.001932134799896,assets/blumen_gep/supersonic_raw_spectrum_vs_blumen_a020_m120_130_raw_modes.csv
1.275,0.2,0.0017880573054376,assets/blumen_gep/supersonic_raw_spectrum_vs_blumen_a020_m120_130_raw_modes.csv
1.275,0.2,0.0016473796292278,assets/blumen_gep/supersonic_raw_spectrum_vs_blumen_a020_m120_130_raw_modes.csv
1.275,0.2,0.0015102803129139,assets/blumen_gep/supersonic_raw_spectrum_vs_blumen_a020_m120_130_raw_modes.csv
1.275,0.2,0.0013769329034555,assets/blumen_gep/supersonic_raw_spectrum_vs_blumen_a020_m120_130_raw_modes.csv
1.275,0.2,0.0012475000853963,assets/blumen_gep/supersonic_raw_spectrum_vs_blumen_a020_m120_130_raw_modes.csv
1.275,0.2,0.0011221257841203,assets/blumen_gep/supersonic_raw_spectrum_vs_blumen_a020_m120_130_raw_modes.csv
1.275,0.2,0.001000924081254,assets/blumen_gep/supersonic_raw_spectrum_vs_blumen_a020_m120_130_raw_modes.csv
1.275,0.2,0.0008839628011843,assets/blumen_gep/supersonic_raw_spectrum_vs_blumen_a020_m120_130_raw_modes.csv
1.275,0.2,0.0007712376506308,assets/blumen_gep/supersonic_raw_spectrum_vs_blumen_a020_m120_130_raw_modes.csv
1.275,0.2,0.0006626280268534,assets/blumen_gep/supersonic_raw_spectrum_vs_blumen_a020_m120_130_raw_modes.csv
1.275,0.2,0.000557814191807,assets/blumen_gep/supersonic_raw_spectrum_vs_blumen_a020_m120_130_raw_modes.csv
1.275,0.2,0.0004561014114648,assets/blumen_gep/supersonic_raw_spectrum_vs_blumen_a020_m120_130_raw_modes.csv
1.275,0.2,0.0003559781085775,assets/blumen_gep/supersonic_raw_spectrum_vs_blumen_a020_m120_130_raw_modes.csv
1.275,0.2,0.0002536642429752,assets/blumen_gep/supersonic_raw_spectrum_vs_blumen_a020_m120_130_raw_modes.csv
1.275,0.2,0.0001346645566315,assets/blumen_gep/supersonic_raw_spectrum_vs_blumen_a020_m120_130_raw_modes.csv
1.275,0.2,1.035882865627004e-15,assets/blumen_gep/supersonic_raw_spectrum_vs_blumen_a020_m120_130_raw_modes.csv
1.275,0.2,2.678082724128286e-16,assets/blumen_gep/supersonic_raw_spectrum_vs_blumen_a020_m120_130_raw_modes.csv
1.275,0.2,1.3816145503644342e-16,assets/blumen_gep/supersonic_raw_spectrum_vs_blumen_a020_m120_130_raw_modes.csv
1.275,0.2,6.012258544279704e-17,assets/blumen_gep/supersonic_raw_spectrum_vs_blumen_a020_m120_130_raw_modes.csv
1.275,0.2,4.3193642087556417e-17,assets/blumen_gep/supersonic_raw_spectrum_vs_blumen_a020_m120_130_raw_modes.csv
1.275,0.2,6.23581026370859e-16,assets/blumen_gep/supersonic_raw_spectrum_vs_blumen_a020_m120_130_raw_modes.csv
1.275,0.2,6.765948710200792e-17,assets/blumen_gep/supersonic_raw_spectrum_vs_blumen_a020_m120_130_raw_modes.csv
1.275,0.2,2.771393120576732e-16,assets/blumen_gep/supersonic_raw_spectrum_vs_blumen_a020_m120_130_raw_modes.csv
1.275,0.2,5.066275861021379e-16,assets/blumen_gep/supersonic_raw_spectrum_vs_blumen_a020_m120_130_raw_modes.csv
1.275,0.2,1.1777522355170654e-15,assets/blumen_gep/supersonic_raw_spectrum_vs_blumen_a020_m120_130_raw_modes.csv
1.275,0.2,3.616788564923881e-16,assets/blumen_gep/supersonic_raw_spectrum_vs_blumen_a020_m120_130_raw_modes.csv
1.275,0.2,8.659071690305974e-16,assets/blumen_gep/supersonic_raw_spectrum_vs_blumen_a020_m120_130_raw_modes.csv
1.275,0.2,2.3296938471479526e-16,assets/blumen_gep/supersonic_raw_spectrum_vs_blumen_a020_m120_130_raw_modes.csv
1.275,0.2,1.2887143888889774e-15,assets/blumen_gep/supersonic_raw_spectrum_vs_blumen_a020_m120_130_raw_modes.csv
1.275,0.2,3.163192524172559e-15,assets/blumen_gep/supersonic_raw_spectrum_vs_blumen_a020_m120_130_raw_modes.csv
1.275,0.2,5.438755731355021e-15,assets/blumen_gep/supersonic_raw_spectrum_vs_blumen_a020_m120_130_raw_modes.csv
1.275,0.2,4.545081721893755e-15,assets/blumen_gep/supersonic_raw_spectrum_vs_blumen_a020_m120_130_raw_modes.csv
1.275,0.2,1.2802435559668516e-14,assets/blumen_gep/supersonic_raw_spectrum_vs_blumen_a020_m120_130_raw_modes.csv
1.275,0.2,5.6489101064020856e-15,assets/blumen_gep/supersonic_raw_spectrum_vs_blumen_a020_m120_130_raw_modes.csv
1.275,0.2,1.6096662057089624e-14,assets/blumen_gep/supersonic_raw_spectrum_vs_blumen_a020_m120_130_raw_modes.csv
1.275,0.2,1.4178988061621166e-14,assets/blumen_gep/supersonic_raw_spectrum_vs_blumen_a020_m120_130_raw_modes.csv
1.275,0.2,3.0550690106514614e-14,assets/blumen_gep/supersonic_raw_spectrum_vs_blumen_a020_m120_130_raw_modes.csv
1.275,0.2,3.3732040495595083e-14,assets/blumen_gep/supersonic_raw_spectrum_vs_blumen_a020_m120_130_raw_modes.csv
1.275,0.2,1.188503748544504e-13,assets/blumen_gep/supersonic_raw_spectrum_vs_blumen_a020_m120_130_raw_modes.csv
1.275,0.2,6.665580111404103e-14,assets/blumen_gep/supersonic_raw_spectrum_vs_blumen_a020_m120_130_raw_modes.csv
1.275,0.2,4.053765211962924e-16,assets/blumen_gep/supersonic_raw_spectrum_vs_blumen_a020_m120_130_raw_modes.csv
1.275,0.2,6.65948215383696e-16,assets/blumen_gep/supersonic_raw_spectrum_vs_blumen_a020_m120_130_raw_modes.csv
1.275,0.2,1.1639660740359599e-12,assets/blumen_gep/supersonic_raw_spectrum_vs_blumen_a020_m120_130_raw_modes.csv
1.275,0.2,8.693605173185099e-14,assets/blumen_gep/supersonic_raw_spectrum_vs_blumen_a020_m120_130_raw_modes.csv
1.275,0.2,5.716005899770876e-17,assets/blumen_gep/supersonic_raw_spectrum_vs_blumen_a020_m120_130_raw_modes.csv
1.275,0.2,1.0938630598070001e-16,assets/blumen_gep/supersonic_raw_spectrum_vs_blumen_a020_m120_130_raw_modes.csv
1.275,0.2,1.5722024850210493e-15,assets/blumen_gep/supersonic_raw_spectrum_vs_blumen_a020_m120_130_raw_modes.csv
1.275,0.2,5.61571153601256e-16,assets/blumen_gep/supersonic_raw_spectrum_vs_blumen_a020_m120_130_raw_modes.csv
1.275,0.2,8.84610829554007e-16,assets/blumen_gep/supersonic_raw_spectrum_vs_blumen_a020_m120_130_raw_modes.csv
1.275,0.2,6.990966545838215e-18,assets/blumen_gep/supersonic_raw_spectrum_vs_blumen_a020_m120_130_raw_modes.csv
1.275,0.2,2.7800138539634385e-17,assets/blumen_gep/supersonic_raw_spectrum_vs_blumen_a020_m120_130_raw_modes.csv
1.275,0.2,3.3257370029248424e-18,assets/blumen_gep/supersonic_raw_spectrum_vs_blumen_a020_m120_130_raw_modes.csv
1.275,0.2,8.400011600930424e-17,assets/blumen_gep/supersonic_raw_spectrum_vs_blumen_a020_m120_130_raw_modes.csv
1.275,0.2,5.505895399468089e-17,assets/blumen_gep/supersonic_raw_spectrum_vs_blumen_a020_m120_130_raw_modes.csv
1.275,0.2,1.4079752359820188e-17,assets/blumen_gep/supersonic_raw_spectrum_vs_blumen_a020_m120_130_raw_modes.csv
1.275,0.2,4.116043827443008e-17,assets/blumen_gep/supersonic_raw_spectrum_vs_blumen_a020_m120_130_raw_modes.csv
1.275,0.2,1.1117015646910236e-16,assets/blumen_gep/supersonic_raw_spectrum_vs_blumen_a020_m120_130_raw_modes.csv
1.275,0.2,0.004018467518861,assets/blumen_gep/supersonic_raw_spectrum_vs_blumen_a020_m120_130_raw_modes.csv
1.275,0.2,0.0048647202125185,assets/blumen_gep/supersonic_raw_spectrum_vs_blumen_a020_m120_130_raw_modes.csv
1.275,0.2,0.0039493650003768,assets/blumen_gep/supersonic_raw_spectrum_vs_blumen_a020_m120_130_raw_modes.csv
1.275,0.2,0.0049255051885699,assets/blumen_gep/supersonic_raw_spectrum_vs_blumen_a020_m120_130_raw_modes.csv
1.275,0.2,0.0038795447171373,assets/blumen_gep/supersonic_raw_spectrum_vs_blumen_a020_m120_130_raw_modes.csv
1.275,0.2,0.0049855011912486,assets/blumen_gep/supersonic_raw_spectrum_vs_blumen_a020_m120_130_raw_modes.csv
1.275,0.2,0.0038089260922959,assets/blumen_gep/supersonic_raw_spectrum_vs_blumen_a020_m120_130_raw_modes.csv
1.275,0.2,0.0050446618663928,assets/blumen_gep/supersonic_raw_spectrum_vs_blumen_a020_m120_130_raw_modes.csv
1.275,0.2,0.0037374105818867,assets/blumen_gep/supersonic_raw_spectrum_vs_blumen_a020_m120_130_raw_modes.csv
1.275,0.2,0.0051029428277405,assets/blumen_gep/supersonic_raw_spectrum_vs_blumen_a020_m120_130_raw_modes.csv
1.275,0.2,0.003664879165657,assets/blumen_gep/supersonic_raw_spectrum_vs_blumen_a020_m120_130_raw_modes.csv
1.275,0.2,0.005160303645812,assets/blumen_gep/supersonic_raw_spectrum_vs_blumen_a020_m120_130_raw_modes.csv
1.275,0.2,0.0035911892069889,assets/blumen_gep/supersonic_raw_spectrum_vs_blumen_a020_m120_130_raw_modes.csv
1.275,0.2,0.0052167100339637,assets/blumen_gep/supersonic_raw_spectrum_vs_blumen_a020_m120_130_raw_modes.csv
1.275,0.2,0.0035161705477955,assets/blumen_gep/supersonic_raw_spectrum_vs_blumen_a020_m120_130_raw_modes.csv
1.275,0.2,0.0052721361956402,assets/blumen_gep/supersonic_raw_spectrum_vs_blumen_a020_m120_130_raw_modes.csv
1.275,0.2,0.0034396205536179,assets/blumen_gep/supersonic_raw_spectrum_vs_blumen_a020_m120_130_raw_modes.csv
1.275,0.2,0.0053265673052908,assets/blumen_gep/supersonic_raw_spectrum_vs_blumen_a020_m120_130_raw_modes.csv
1.275,0.2,0.0033612977683229,assets/blumen_gep/supersonic_raw_spectrum_vs_blumen_a020_m120_130_raw_modes.csv
1.275,0.2,0.0053800020778987,assets/blumen_gep/supersonic_raw_spectrum_vs_blumen_a020_m120_130_raw_modes.csv
1.275,0.2,0.0032809137771539,assets/blumen_gep/supersonic_raw_spectrum_vs_blumen_a020_m120_130_raw_modes.csv
1.275,0.2,0.005432455383729,assets/blumen_gep/supersonic_raw_spectrum_vs_blumen_a020_m120_130_raw_modes.csv
1.275,0.2,0.003198122526604,assets/blumen_gep/supersonic_raw_spectrum_vs_blumen_a020_m120_130_raw_modes.csv
1.275,0.2,0.0054839608605251,assets/blumen_gep/supersonic_raw_spectrum_vs_blumen_a020_m120_130_raw_modes.csv
1.275,0.2,0.0031125062216959,assets/blumen_gep/supersonic_raw_spectrum_vs_blumen_a020_m120_130_raw_modes.csv
1.275,0.2,0.0055345734863142,assets/blumen_gep/supersonic_raw_spectrum_vs_blumen_a020_m120_130_raw_modes.csv
1.275,0.2,0.0030235563126763,assets/blumen_gep/supersonic_raw_spectrum_vs_blumen_a020_m120_130_raw_modes.csv
1.275,0.2,0.0055843720944303,assets/blumen_gep/supersonic_raw_spectrum_vs_blumen_a020_m120_130_raw_modes.csv
1.275,0.2,0.0029306474321712,assets/blumen_gep/supersonic_raw_spectrum_vs_blumen_a020_m120_130_raw_modes.csv
1.275,0.2,0.0056334618282181,assets/blumen_gep/supersonic_raw_spectrum_vs_blumen_a020_m120_130_raw_modes.csv
1.275,0.2,0.0028330008550002,assets/blumen_gep/supersonic_raw_spectrum_vs_blumen_a020_m120_130_raw_modes.csv
1.275,0.2,0.0056819765751362,assets/blumen_gep/supersonic_raw_spectrum_vs_blumen_a020_m120_130_raw_modes.csv
1.275,0.2,0.0027296319418655,assets/blumen_gep/supersonic_raw_spectrum_vs_blumen_a020_m120_130_raw_modes.csv
1.275,0.2,0.0057300814566686,assets/blumen_gep/supersonic_raw_spectrum_vs_blumen_a020_m120_130_raw_modes.csv
1.275,0.2,0.0026192722779718,assets/blumen_gep/supersonic_raw_spectrum_vs_blumen_a020_m120_130_raw_modes.csv
1.275,0.2,0.0057779755020448,assets/blumen_gep/supersonic_raw_spectrum_vs_blumen_a020_m120_130_raw_modes.csv
1.275,0.2,0.0025002499958414,assets/blumen_gep/supersonic_raw_spectrum_vs_blumen_a020_m120_130_raw_modes.csv
1.275,0.2,0.0058258946934259,assets/blumen_gep/supersonic_raw_spectrum_vs_blumen_a020_m120_130_raw_modes.csv
1.275,0.2,0.0023702976440848,assets/blumen_gep/supersonic_raw_spectrum_vs_blumen_a020_m120_130_raw_modes.csv
1.275,0.2,0.005874115641785,assets/blumen_gep/supersonic_raw_spectrum_vs_blumen_a020_m120_130_raw_modes.csv
1.275,0.2,0.0022262261531327,assets/blumen_gep/supersonic_raw_spectrum_vs_blumen_a020_m120_130_raw_modes.csv
1.275,0.2,0.0059229602413639,assets/blumen_gep/supersonic_raw_spectrum_vs_blumen_a020_m120_130_raw_modes.csv
1.275,0.2,0.0020633308816939,assets/blumen_gep/supersonic_raw_spectrum_vs_blumen_a020_m120_130_raw_modes.csv
1.275,0.2,0.1931382605429913,assets/blumen_gep/supersonic_raw_spectrum_vs_blumen_a020_m120_130_raw_modes.csv
1.275,0.2,0.005972801765288,assets/blumen_gep/supersonic_raw_spectrum_vs_blumen_a020_m120_130_raw_modes.csv
1.275,0.2,0.0018742008330111,assets/blumen_gep/supersonic_raw_spectrum_vs_blumen_a020_m120_130_raw_modes.csv
1.275,0.2,0.0060240730212349,assets/blumen_gep/supersonic_raw_spectrum_vs_blumen_a020_m120_130_raw_modes.csv
1.275,0.2,0.0016459798844267,assets/blumen_gep/supersonic_raw_spectrum_vs_blumen_a020_m120_130_raw_modes.csv
1.275,0.2,0.0060772774076235,assets/blumen_gep/supersonic_raw_spectrum_vs_blumen_a020_m120_130_raw_modes.csv
1.275,0.2,0.0013525314071658,assets/blumen_gep/supersonic_raw_spectrum_vs_blumen_a020_m120_130_raw_modes.csv
1.275,0.2,0.006133004047419,assets/blumen_gep/supersonic_raw_spectrum_vs_blumen_a020_m120_130_raw_modes.csv
1.275,0.2,0.0009200130342839,assets/blumen_gep/supersonic_raw_spectrum_vs_blumen_a020_m120_130_raw_modes.csv
1.275,0.2,0.0061919486775308,assets/blumen_gep/supersonic_raw_spectrum_vs_blumen_a020_m120_130_raw_modes.csv
1.275,0.2,6.862181763211038e-14,assets/blumen_gep/supersonic_raw_spectrum_vs_blumen_a020_m120_130_raw_modes.csv
1.275,0.2,0.0062549427753413,assets/blumen_gep/supersonic_raw_spectrum_vs_blumen_a020_m120_130_raw_modes.csv
1.275,0.2,2.6519207202867993e-14,assets/blumen_gep/supersonic_raw_spectrum_vs_blumen_a020_m120_130_raw_modes.csv
1.275,0.2,0.006322994690061,assets/blumen_gep/supersonic_raw_spectrum_vs_blumen_a020_m120_130_raw_modes.csv
1.275,0.2,6.614449100039369e-13,assets/blumen_gep/supersonic_raw_spectrum_vs_blumen_a020_m120_130_raw_modes.csv
1.275,0.2,1.751977212664018e-12,assets/blumen_gep/supersonic_raw_spectrum_vs_blumen_a020_m120_130_raw_modes.csv
1.275,0.2,0.0063973486378158,assets/blumen_gep/supersonic_raw_spectrum_vs_blumen_a020_m120_130_raw_modes.csv
1.275,0.2,1.193422923385324e-11,assets/blumen_gep/supersonic_raw_spectrum_vs_blumen_a020_m120_130_raw_modes.csv
1.275,0.2,0.0064795710070483,assets/blumen_gep/supersonic_raw_spectrum_vs_blumen_a020_m120_130_raw_modes.csv
1.275,0.2,0.000920012955822,assets/blumen_gep/supersonic_raw_spectrum_vs_blumen_a020_m120_130_raw_modes.csv
1.275,0.2,0.0065716795819793,assets/blumen_gep/supersonic_raw_spectrum_vs_blumen_a020_m120_130_raw_modes.csv
1.275,0.2,0.001352531350353,assets/blumen_gep/supersonic_raw_spectrum_vs_blumen_a020_m120_130_raw_modes.csv
1.275,0.2,0.006676342175202,assets/blumen_gep/supersonic_raw_spectrum_vs_blumen_a020_m120_130_raw_modes.csv
1.275,0.2,0.0016459798380248,assets/blumen_gep/supersonic_raw_spectrum_vs_blumen_a020_m120_130_raw_modes.csv
1.275,0.2,0.0067971907500669,assets/blumen_gep/supersonic_raw_spectrum_vs_blumen_a020_m120_130_raw_modes.csv
1.275,0.2,0.0018742007991363,assets/blumen_gep/supersonic_raw_spectrum_vs_blumen_a020_m120_130_raw_modes.csv
1.275,0.2,0.0069393312823107,assets/blumen_gep/supersonic_raw_spectrum_vs_blumen_a020_m120_130_raw_modes.csv
1.275,0.2,0.0020633308550594,assets/blumen_gep/supersonic_raw_spectrum_vs_blumen_a020_m120_130_raw_modes.csv
1.275,0.2,0.0071101804561483,assets/blumen_gep/supersonic_raw_spectrum_vs_blumen_a020_m120_130_raw_modes.csv
1.275,0.2,0.0022262261293631,assets/blumen_gep/supersonic_raw_spectrum_vs_blumen_a020_m120_130_raw_modes.csv
1.275,0.2,0.0073207700641617,assets/blumen_gep/supersonic_raw_spectrum_vs_blumen_a020_m120_130_raw_modes.csv
1.275,0.2,0.0023702976233437,assets/blumen_gep/supersonic_raw_spectrum_vs_blumen_a020_m120_130_raw_modes.csv
1.275,0.2,0.0075870881416644,assets/blumen_gep/supersonic_raw_spectrum_vs_blumen_a020_m120_130_raw_modes.csv
1.275,0.2,0.0025002499769545,assets/blumen_gep/supersonic_raw_spectrum_vs_blumen_a020_m120_130_raw_modes.csv
1.275,0.2,0.0079257954880932,assets/blumen_gep/supersonic_raw_spectrum_vs_blumen_a020_m120_130_raw_modes.csv
1.275,0.2,0.0026192722607422,assets/blumen_gep/supersonic_raw_spectrum_vs_blumen_a020_m120_130_raw_modes.csv
1.275,0.2,0.0083056230755274,assets/blumen_gep/supersonic_raw_spectrum_vs_blumen_a020_m120_130_raw_modes.csv
1.275,0.2,0.0027296319272691,assets/blumen_gep/supersonic_raw_spectrum_vs_blumen_a020_m120_130_raw_modes.csv
1.275,0.2,0.0084834096703675,assets/blumen_gep/supersonic_raw_spectrum_vs_blumen_a020_m120_130_raw_modes.csv
1.275,0.2,0.0028330008398919,assets/blumen_gep/supersonic_raw_spectrum_vs_blumen_a020_m120_130_raw_modes.csv
1.275,0.2,0.0082106392255463,assets/blumen_gep/supersonic_raw_spectrum_vs_blumen_a020_m120_130_raw_modes.csv
1.275,0.2,0.002930647416509,assets/blumen_gep/supersonic_raw_spectrum_vs_blumen_a020_m120_130_raw_modes.csv
1.275,0.2,0.0077539379284706,assets/blumen_gep/supersonic_raw_spectrum_vs_blumen_a020_m120_130_raw_modes.csv
1.275,0.2,0.0030235562995861,assets/blumen_gep/supersonic_raw_spectrum_vs_blumen_a020_m120_130_raw_modes.csv
1.275,0.2,0.0073426762839731,assets/blumen_gep/supersonic_raw_spectrum_vs_blumen_a020_m120_130_raw_modes.csv
1.275,0.2,0.0031125062093277,assets/blumen_gep/supersonic_raw_spectrum_vs_blumen_a020_m120_130_raw_modes.csv
1.275,0.2,0.0070030581746168,assets/blumen_gep/supersonic_raw_spectrum_vs_blumen_a020_m120_130_raw_modes.csv
1.275,0.2,0.0031981225152338,assets/blumen_gep/supersonic_raw_spectrum_vs_blumen_a020_m120_130_raw_modes.csv
1.275,0.2,0.0067184038453032,assets/blumen_gep/supersonic_raw_spectrum_vs_blumen_a020_m120_130_raw_modes.csv
1.275,0.2,0.0032809137661326,assets/blumen_gep/supersonic_raw_spectrum_vs_blumen_a020_m120_130_raw_modes.csv
1.275,0.2,0.0064732061379137,assets/blumen_gep/supersonic_raw_spectrum_vs_blumen_a020_m120_130_raw_modes.csv
1.275,0.2,0.0033612977570815,assets/blumen_gep/supersonic_raw_spectrum_vs_blumen_a020_m120_130_raw_modes.csv
1.275,0.2,0.0062567972032351,assets/blumen_gep/supersonic_raw_spectrum_vs_blumen_a020_m120_130_raw_modes.csv
1.275,0.2,0.0034396205436372,assets/blumen_gep/supersonic_raw_spectrum_vs_blumen_a020_m120_130_raw_modes.csv
1.275,0.2,0.0060620122356184,assets/blumen_gep/supersonic_raw_spectrum_vs_blumen_a020_m120_130_raw_modes.csv
1.275,0.2,0.0035161705402294,assets/blumen_gep/supersonic_raw_spectrum_vs_blumen_a020_m120_130_raw_modes.csv
1.275,0.2,0.0058839310373096,assets/blumen_gep/supersonic_raw_spectrum_vs_blumen_a020_m120_130_raw_modes.csv
1.275,0.2,0.0035911891978802,assets/blumen_gep/supersonic_raw_spectrum_vs_blumen_a020_m120_130_raw_modes.csv
1.275,0.2,0.0057190710895564,assets/blumen_gep/supersonic_raw_spectrum_vs_blumen_a020_m120_130_raw_modes.csv
1.275,0.2,0.0036648791570251,assets/blumen_gep/supersonic_raw_spectrum_vs_blumen_a020_m120_130_raw_modes.csv
1.275,0.2,0.0037374105753891,assets/blumen_gep/supersonic_raw_spectrum_vs_blumen_a020_m120_130_raw_modes.csv
1.275,0.2,0.005564894345236,assets/blumen_gep/supersonic_raw_spectrum_vs_blumen_a020_m120_130_raw_modes.csv
1.275,0.2,0.0038089260846969,assets/blumen_gep/supersonic_raw_spectrum_vs_blumen_a020_m120_130_raw_modes.csv
1.275,0.2,0.0054195021234018,assets/blumen_gep/supersonic_raw_spectrum_vs_blumen_a020_m120_130_raw_modes.csv
1.275,0.2,0.0038795447098794,assets/blumen_gep/supersonic_raw_spectrum_vs_blumen_a020_m120_130_raw_modes.csv
1.275,0.2,0.0052814413204421,assets/blumen_gep/supersonic_raw_spectrum_vs_blumen_a020_m120_130_raw_modes.csv
1.275,0.2,0.0039493649947212,assets/blumen_gep/supersonic_raw_spectrum_vs_blumen_a020_m120_130_raw_modes.csv
1.275,0.2,0.0051495776587914,assets/blumen_gep/supersonic_raw_spectrum_vs_blumen_a020_m120_130_raw_modes.csv
1.275,0.2,0.0040184675124482,assets/blumen_gep/supersonic_raw_spectrum_vs_blumen_a020_m120_130_raw_modes.csv
1.275,0.2,0.005023010446912,assets/blumen_gep/supersonic_raw_spectrum_vs_blumen_a020_m120_130_raw_modes.csv
1.275,0.2,0.0040869168997483,assets/blumen_gep/supersonic_raw_spectrum_vs_blumen_a020_m120_130_raw_modes.csv
1.275,0.2,0.0049010137482261,assets/blumen_gep/supersonic_raw_spectrum_vs_blumen_a020_m120_130_raw_modes.csv
1.275,0.2,0.0041547635168811,assets/blumen_gep/supersonic_raw_spectrum_vs_blumen_a020_m120_130_raw_modes.csv
1.275,0.2,0.0047829948327599,assets/blumen_gep/supersonic_raw_spectrum_vs_blumen_a020_m120_130_raw_modes.csv
1.275,0.2,0.0042220448178019,assets/blumen_gep/supersonic_raw_spectrum_vs_blumen_a020_m120_130_raw_modes.csv
1.275,0.2,0.0046684642130443,assets/blumen_gep/supersonic_raw_spectrum_vs_blumen_a020_m120_130_raw_modes.csv
1.275,0.2,0.0042887864971558,assets/blumen_gep/supersonic_raw_spectrum_vs_blumen_a020_m120_130_raw_modes.csv
1.275,0.2,0.0045570136259185,assets/blumen_gep/supersonic_raw_spectrum_vs_blumen_a020_m120_130_raw_modes.csv
1.275,0.2,0.004355003469021,assets/blumen_gep/supersonic_raw_spectrum_vs_blumen_a020_m120_130_raw_modes.csv
1.275,0.2,0.0044482995829896,assets/blumen_gep/supersonic_raw_spectrum_vs_blumen_a020_m120_130_raw_modes.csv
1.275,0.2,0.0044207007258371,assets/blumen_gep/supersonic_raw_spectrum_vs_blumen_a020_m120_130_raw_modes.csv
1.275,0.2,0.0043420308955191,assets/blumen_gep/supersonic_raw_spectrum_vs_blumen_a020_m120_130_raw_modes.csv
1.275,0.2,0.0042379590781171,assets/blumen_gep/supersonic_raw_spectrum_vs_blumen_a020_m120_130_raw_modes.csv
1.275,0.2,0.0044858741199106,assets/blumen_gep/supersonic_raw_spectrum_vs_blumen_a020_m120_130_raw_modes.csv
1.275,0.2,0.0041358708841097,assets/blumen_gep/supersonic_raw_spectrum_vs_blumen_a020_m120_130_raw_modes.csv
1.275,0.2,0.0045505111056897,assets/blumen_gep/supersonic_raw_spectrum_vs_blumen_a020_m120_130_raw_modes.csv
1.275,0.2,0.004035582428638,assets/blumen_gep/supersonic_raw_spectrum_vs_blumen_a020_m120_130_raw_modes.csv
1.275,0.2,0.004614591480593,assets/blumen_gep/supersonic_raw_spectrum_vs_blumen_a020_m120_130_raw_modes.csv
1.275,0.2,0.0039369345157137,assets/blumen_gep/supersonic_raw_spectrum_vs_blumen_a020_m120_130_raw_modes.csv
1.275,0.2,0.0046780881574464,assets/blumen_gep/supersonic_raw_spectrum_vs_blumen_a020_m120_130_raw_modes.csv
1.275,0.2,0.0038397888874406,assets/blumen_gep/supersonic_raw_spectrum_vs_blumen_a020_m120_130_raw_modes.csv
1.275,0.2,0.0047409680044017,assets/blumen_gep/supersonic_raw_spectrum_vs_blumen_a020_m120_130_raw_modes.csv
1.275,0.2,0.0037440251926395,assets/blumen_gep/supersonic_raw_spectrum_vs_blumen_a020_m120_130_raw_modes.csv
1.275,0.2,0.0048031927819219,assets/blumen_gep/supersonic_raw_spectrum_vs_blumen_a020_m120_130_raw_modes.csv
1.275,0.2,0.0036495385095775,assets/blumen_gep/supersonic_raw_spectrum_vs_blumen_a020_m120_130_raw_modes.csv
1.275,0.2,0.0048647202093348,assets/blumen_gep/supersonic_raw_spectrum_vs_blumen_a020_m120_130_raw_modes.csv
1.275,0.2,0.0035562373140555,assets/blumen_gep/supersonic_raw_spectrum_vs_blumen_a020_m120_130_raw_modes.csv
1.275,0.2,0.0049255051855784,assets/blumen_gep/supersonic_raw_spectrum_vs_blumen_a020_m120_130_raw_modes.csv
1.275,0.2,0.0034640418015926,assets/blumen_gep/supersonic_raw_spectrum_vs_blumen_a020_m120_130_raw_modes.csv
1.275,0.2,0.0049855011877966,assets/blumen_gep/supersonic_raw_spectrum_vs_blumen_a020_m120_130_raw_modes.csv
1.275,0.2,0.0033728824857054,assets/blumen_gep/supersonic_raw_spectrum_vs_blumen_a020_m120_130_raw_modes.csv
1.275,0.2,0.0050446618636623,assets/blumen_gep/supersonic_raw_spectrum_vs_blumen_a020_m120_130_raw_modes.csv
1.275,0.2,0.0032826990314063,assets/blumen_gep/supersonic_raw_spectrum_vs_blumen_a020_m120_130_raw_modes.csv
1.275,0.2,0.0051029428252173,assets/blumen_gep/supersonic_raw_spectrum_vs_blumen_a020_m120_130_raw_modes.csv
1.275,0.2,0.0031934392697291,assets/blumen_gep/supersonic_raw_spectrum_vs_blumen_a020_m120_130_raw_modes.csv
1.275,0.2,0.0051603036434768,assets/blumen_gep/supersonic_raw_spectrum_vs_blumen_a020_m120_130_raw_modes.csv
1.275,0.2,0.003105058369685,assets/blumen_gep/supersonic_raw_spectrum_vs_blumen_a020_m120_130_raw_modes.csv
1.275,0.2,0.0052167100317797,assets/blumen_gep/supersonic_raw_spectrum_vs_blumen_a020_m120_130_raw_modes.csv
1.275,0.2,0.0030175181262192,assets/blumen_gep/supersonic_raw_spectrum_vs_blumen_a020_m120_130_raw_modes.csv
1.275,0.2,0.0029307863620021,assets/blumen_gep/supersonic_raw_spectrum_vs_blumen_a020_m120_130_raw_modes.csv
1.275,0.2,0.005272136193609,assets/blumen_gep/supersonic_raw_spectrum_vs_blumen_a020_m120_130_raw_modes.csv
1.275,0.2,0.002844836407424,assets/blumen_gep/supersonic_raw_spectrum_vs_blumen_a020_m120_130_raw_modes.csv
1.275,0.2,0.0053265673033491,assets/blumen_gep/supersonic_raw_spectrum_vs_blumen_a020_m120_130_raw_modes.csv
1.275,0.2,0.002759646655826,assets/blumen_gep/supersonic_raw_spectrum_vs_blumen_a020_m120_130_raw_modes.csv
1.275,0.2,0.0053800020761747,assets/blumen_gep/supersonic_raw_spectrum_vs_blumen_a020_m120_130_raw_modes.csv
1.275,0.2,0.0026752001700814,assets/blumen_gep/supersonic_raw_spectrum_vs_blumen_a020_m120_130_raw_modes.csv
1.275,0.2,0.0054324553822569,assets/blumen_gep/supersonic_raw_spectrum_vs_blumen_a020_m120_130_raw_modes.csv
1.275,0.2,0.0025914843505864,assets/blumen_gep/supersonic_raw_spectrum_vs_blumen_a020_m120_130_raw_modes.csv
1.275,0.2,0.0054839608589299,assets/blumen_gep/supersonic_raw_spectrum_vs_blumen_a020_m120_130_raw_modes.csv
1.275,0.2,0.0025084906318947,assets/blumen_gep/supersonic_raw_spectrum_vs_blumen_a020_m120_130_raw_modes.csv
1.275,0.2,0.0055345734849093,assets/blumen_gep/supersonic_raw_spectrum_vs_blumen_a020_m120_130_raw_modes.csv
1.275,0.2,0.0024262142188724,assets/blumen_gep/supersonic_raw_spectrum_vs_blumen_a020_m120_130_raw_modes.csv
1.275,0.2,0.0023446538477176,assets/blumen_gep/supersonic_raw_spectrum_vs_blumen_a020_m120_130_raw_modes.csv
1.275,0.2,0.0055843720932133,assets/blumen_gep/supersonic_raw_spectrum_vs_blumen_a020_m120_130_raw_modes.csv
1.275,0.2,0.0022638115688697,assets/blumen_gep/supersonic_raw_spectrum_vs_blumen_a020_m120_130_raw_modes.csv
1.275,0.2,0.0056334618271123,assets/blumen_gep/supersonic_raw_spectrum_vs_blumen_a020_m120_130_raw_modes.csv
1.275,0.2,0.0021836925457205,assets/blumen_gep/supersonic_raw_spectrum_vs_blumen_a020_m120_130_raw_modes.csv
1.275,0.2,0.1931382605429695,assets/blumen_gep/supersonic_raw_spectrum_vs_blumen_a020_m120_130_raw_modes.csv
1.275,0.2,0.0056819765741205,assets/blumen_gep/supersonic_raw_spectrum_vs_blumen_a020_m120_130_raw_modes.csv
1.275,0.2,0.002104304865369,assets/blumen_gep/supersonic_raw_spectrum_vs_blumen_a020_m120_130_raw_modes.csv
1.275,0.2,0.0057300814557091,assets/blumen_gep/supersonic_raw_spectrum_vs_blumen_a020_m120_130_raw_modes.csv
1.275,0.2,0.0020256593569666,assets/blumen_gep/supersonic_raw_spectrum_vs_blumen_a020_m120_130_raw_modes.csv
1.275,0.2,0.0019477694134679,assets/blumen_gep/supersonic_raw_spectrum_vs_blumen_a020_m120_130_raw_modes.csv
1.275,0.2,0.0057779755012356,assets/blumen_gep/supersonic_raw_spectrum_vs_blumen_a020_m120_130_raw_modes.csv
1.275,0.2,0.0018706508114943,assets/blumen_gep/supersonic_raw_spectrum_vs_blumen_a020_m120_130_raw_modes.csv
1.275,0.2,0.0058258946927213,assets/blumen_gep/supersonic_raw_spectrum_vs_blumen_a020_m120_130_raw_modes.csv
1.275,0.2,0.0017943215293295,assets/blumen_gep/supersonic_raw_spectrum_vs_blumen_a020_m120_130_raw_modes.csv
1.275,0.2,0.0058741156410935,assets/blumen_gep/supersonic_raw_spectrum_vs_blumen_a020_m120_130_raw_modes.csv
1.275,0.2,0.0017188015487293,assets/blumen_gep/supersonic_raw_spectrum_vs_blumen_a020_m120_130_raw_modes.csv
1.275,0.2,0.0016441126496195,assets/blumen_gep/supersonic_raw_spectrum_vs_blumen_a020_m120_130_raw_modes.csv
1.275,0.2,0.0059229602407243,assets/blumen_gep/supersonic_raw_spectrum_vs_blumen_a020_m120_130_raw_modes.csv
1.275,0.2,0.0015702781780531,assets/blumen_gep/supersonic_raw_spectrum_vs_blumen_a020_m120_130_raw_modes.csv
1.275,0.2,0.005972801764778,assets/blumen_gep/supersonic_raw_spectrum_vs_blumen_a020_m120_130_raw_modes.csv
1.275,0.2,0.0014973227869563,assets/blumen_gep/supersonic_raw_spectrum_vs_blumen_a020_m120_130_raw_modes.csv
1.275,0.2,0.0014252721581528,assets/blumen_gep/supersonic_raw_spectrum_vs_blumen_a020_m120_130_raw_modes.csv
1.275,0.2,0.0060240730207715,assets/blumen_gep/supersonic_raw_spectrum_vs_blumen_a020_m120_130_raw_modes.csv
1.275,0.2,0.0013541526249755,assets/blumen_gep/supersonic_raw_spectrum_vs_blumen_a020_m120_130_raw_modes.csv
1.275,0.2,0.0060772774073962,assets/blumen_gep/supersonic_raw_spectrum_vs_blumen_a020_m120_130_raw_modes.csv
1.275,0.2,0.0012839908219068,assets/blumen_gep/supersonic_raw_spectrum_vs_blumen_a020_m120_130_raw_modes.csv
1.275,0.2,0.0012148131701659,assets/blumen_gep/supersonic_raw_spectrum_vs_blumen_a020_m120_130_raw_modes.csv
1.275,0.2,0.0061330040470415,assets/blumen_gep/supersonic_raw_spectrum_vs_blumen_a020_m120_130_raw_modes.csv
1.275,0.2,0.0011466453140943,assets/blumen_gep/supersonic_raw_spectrum_vs_blumen_a020_m120_130_raw_modes.csv
1.275,0.2,0.0061919486767656,assets/blumen_gep/supersonic_raw_spectrum_vs_blumen_a020_m120_130_raw_modes.csv
1.275,0.2,0.0010795114061184,assets/blumen_gep/supersonic_raw_spectrum_vs_blumen_a020_m120_130_raw_modes.csv
1.275,0.2,0.0010134332127918,assets/blumen_gep/supersonic_raw_spectrum_vs_blumen_a020_m120_130_raw_modes.csv
1.275,0.2,0.0062549427751278,assets/blumen_gep/supersonic_raw_spectrum_vs_blumen_a020_m120_130_raw_modes.csv
1.275,0.2,0.000948428980275,assets/blumen_gep/supersonic_raw_spectrum_vs_blumen_a020_m120_130_raw_modes.csv
1.275,0.2,0.0008845119462969,assets/blumen_gep/supersonic_raw_spectrum_vs_blumen_a020_m120_130_raw_modes.csv
1.275,0.2,0.0063229946899225,assets/blumen_gep/supersonic_raw_spectrum_vs_blumen_a020_m120_130_raw_modes.csv
1.275,0.2,0.0008216883721961,assets/blumen_gep/supersonic_raw_spectrum_vs_blumen_a020_m120_130_raw_modes.csv
1.275,0.2,0.0007599548465017,assets/blumen_gep/supersonic_raw_spectrum_vs_blumen_a020_m120_130_raw_modes.csv
1.275,0.2,0.0063973486368878,assets/blumen_gep/supersonic_raw_spectrum_vs_blumen_a020_m120_130_raw_modes.csv
1.275,0.2,0.000699294497676,assets/blumen_gep/supersonic_raw_spectrum_vs_blumen_a020_m120_130_raw_modes.csv
1.275,0.2,0.0006396714938247,assets/blumen_gep/supersonic_raw_spectrum_vs_blumen_a020_m120_130_raw_modes.csv
1.275,0.2,0.0064795710067997,assets/blumen_gep/supersonic_raw_spectrum_vs_blumen_a020_m120_130_raw_modes.csv
1.275,0.2,0.0005810227492324,assets/blumen_gep/supersonic_raw_spectrum_vs_blumen_a020_m120_130_raw_modes.csv
1.275,0.2,0.0005232448417163,assets/blumen_gep/supersonic_raw_spectrum_vs_blumen_a020_m120_130_raw_modes.csv
1.275,0.2,0.006571679581756,assets/blumen_gep/supersonic_raw_spectrum_vs_blumen_a020_m120_130_raw_modes.csv
1.275,0.2,0.0004661722428529,assets/blumen_gep/supersonic_raw_spectrum_vs_blumen_a020_m120_130_raw_modes.csv
1.275,0.2,0.00040953861064,assets/blumen_gep/supersonic_raw_spectrum_vs_blumen_a020_m120_130_raw_modes.csv
1.275,0.2,0.00667634217438,assets/blumen_gep/supersonic_raw_spectrum_vs_blumen_a020_m120_130_raw_modes.csv
1.275,0.2,0.0003529018073314,assets/blumen_gep/supersonic_raw_spectrum_vs_blumen_a020_m120_130_raw_modes.csv
1.275,0.2,0.0002954807600038,assets/blumen_gep/supersonic_raw_spectrum_vs_blumen_a020_m120_130_raw_modes.csv
1.275,0.2,0.0002357344542953,assets/blumen_gep/supersonic_raw_spectrum_vs_blumen_a020_m120_130_raw_modes.csv
1.275,0.2,0.0067971907514214,assets/blumen_gep/supersonic_raw_spectrum_vs_blumen_a020_m120_130_raw_modes.csv
1.275,0.2,0.0001699150021042,assets/blumen_gep/supersonic_raw_spectrum_vs_blumen_a020_m120_130_raw_modes.csv
1.275,0.2,8.223566145657083e-05,assets/blumen_gep/supersonic_raw_spectrum_vs_blumen_a020_m120_130_raw_modes.csv
1.275,0.2,0.00693933127985,assets/blumen_gep/supersonic_raw_spectrum_vs_blumen_a020_m120_130_raw_modes.csv
1.275,0.2,1.9595626301737875e-14,assets/blumen_gep/supersonic_raw_spectrum_vs_blumen_a020_m120_130_raw_modes.csv
1.275,0.2,2.684343292728782e-14,assets/blumen_gep/supersonic_raw_spectrum_vs_blumen_a020_m120_130_raw_modes.csv
1.275,0.2,2.645319345763368e-14,assets/blumen_gep/supersonic_raw_spectrum_vs_blumen_a020_m120_130_raw_modes.csv
1.275,0.2,2.5339736589659128e-14,assets/blumen_gep/supersonic_raw_spectrum_vs_blumen_a020_m120_130_raw_modes.csv
1.275,0.2,0.0071101804562686,assets/blumen_gep/supersonic_raw_spectrum_vs_blumen_a020_m120_130_raw_modes.csv
1.275,0.2,5.5628581502879574e-14,assets/blumen_gep/supersonic_raw_spectrum_vs_blumen_a020_m120_130_raw_modes.csv
1.275,0.2,9.318804967119496e-14,assets/blumen_gep/supersonic_raw_spectrum_vs_blumen_a020_m120_130_raw_modes.csv
1.275,0.2,1.6085478431189865e-13,assets/blumen_gep/supersonic_raw_spectrum_vs_blumen_a020_m120_130_raw_modes.csv
1.275,0.2,0.0073207700645965,assets/blumen_gep/supersonic_raw_spectrum_vs_blumen_a020_m120_130_raw_modes.csv
1.275,0.2,1.977505788773229e-13,assets/blumen_gep/supersonic_raw_spectrum_vs_blumen_a020_m120_130_raw_modes.csv
1.275,0.2,2.970067084138464e-13,assets/blumen_gep/supersonic_raw_spectrum_vs_blumen_a020_m120_130_raw_modes.csv
1.275,0.2,4.2872362257825204e-13,assets/blumen_gep/supersonic_raw_spectrum_vs_blumen_a020_m120_130_raw_modes.csv
1.275,0.2,6.338937019225857e-13,assets/blumen_gep/supersonic_raw_spectrum_vs_blumen_a020_m120_130_raw_modes.csv
1.275,0.2,9.51774944644023e-13,assets/blumen_gep/supersonic_raw_spectrum_vs_blumen_a020_m120_130_raw_modes.csv
1.275,0.2,0.0075870881400753,assets/blumen_gep/supersonic_raw_spectrum_vs_blumen_a020_m120_130_raw_modes.csv
1.275,0.2,1.4240006114270362e-12,assets/blumen_gep/supersonic_raw_spectrum_vs_blumen_a020_m120_130_raw_modes.csv
1.275,0.2,2.06543021985393e-12,assets/blumen_gep/supersonic_raw_spectrum_vs_blumen_a020_m120_130_raw_modes.csv
1.275,0.2,2.8744238406020917e-12,assets/blumen_gep/supersonic_raw_spectrum_vs_blumen_a020_m120_130_raw_modes.csv
1.275,0.2,3.647328558815346e-12,assets/blumen_gep/supersonic_raw_spectrum_vs_blumen_a020_m120_130_raw_modes.csv
1.275,0.2,4.411741019977972e-12,assets/blumen_gep/supersonic_raw_spectrum_vs_blumen_a020_m120_130_raw_modes.csv
1.275,0.2,4.744797255691087e-12,assets/blumen_gep/supersonic_raw_spectrum_vs_blumen_a020_m120_130_raw_modes.csv
1.275,0.2,3.799752691954701e-12,assets/blumen_gep/supersonic_raw_spectrum_vs_blumen_a020_m120_130_raw_modes.csv
1.275,0.2,2.3177462565214517e-12,assets/blumen_gep/supersonic_raw_spectrum_vs_blumen_a020_m120_130_raw_modes.csv
1.275,0.2,1.6523173132055277e-12,assets/blumen_gep/supersonic_raw_spectrum_vs_blumen_a020_m120_130_raw_modes.csv
1.275,0.2,0.0079257954873668,assets/blumen_gep/supersonic_raw_spectrum_vs_blumen_a020_m120_130_raw_modes.csv
1.275,0.2,5.5593217190229124e-12,assets/blumen_gep/supersonic_raw_spectrum_vs_blumen_a020_m120_130_raw_modes.csv
1.275,0.2,9.568446962703467e-12,assets/blumen_gep/supersonic_raw_spectrum_vs_blumen_a020_m120_130_raw_modes.csv
1.275,0.2,1.3005587295490915e-11,assets/blumen_gep/supersonic_raw_spectrum_vs_blumen_a020_m120_130_raw_modes.csv
1.275,0.2,1.5294501526957057e-11,assets/blumen_gep/supersonic_raw_spectrum_vs_blumen_a020_m120_130_raw_modes.csv
1.275,0.2,1.613542216576659e-11,assets/blumen_gep/supersonic_raw_spectrum_vs_blumen_a020_m120_130_raw_modes.csv
1.275,0.2,1.5526613277946224e-11,assets/blumen_gep/supersonic_raw_spectrum_vs_blumen_a020_m120_130_raw_modes.csv
1.275,0.2,1.3725237378221958e-11,assets/blumen_gep/supersonic_raw_spectrum_vs_blumen_a020_m120_130_raw_modes.csv
1.275,0.2,1.1168569694235786e-11,assets/blumen_gep/supersonic_raw_spectrum_vs_blumen_a020_m120_130_raw_modes.csv
1.275,0.2,8.282775245933346e-12,assets/blumen_gep/supersonic_raw_spectrum_vs_blumen_a020_m120_130_raw_modes.csv
1.275,0.2,5.504506799595959e-12,assets/blumen_gep/supersonic_raw_spectrum_vs_blumen_a020_m120_130_raw_modes.csv
1.275,0.2,3.045070096310612e-12,assets/blumen_gep/supersonic_raw_spectrum_vs_blumen_a020_m120_130_raw_modes.csv
1.275,0.2,1.145865098152314e-12,assets/blumen_gep/supersonic_raw_spectrum_vs_blumen_a020_m120_130_raw_modes.csv
1.275,0.2,6.550651812938116e-13,assets/blumen_gep/supersonic_raw_spectrum_vs_blumen_a020_m120_130_raw_modes.csv
1.275,0.2,1.6075259353109796e-12,assets/blumen_gep/supersonic_raw_spectrum_vs_blumen_a020_m120_130_raw_modes.csv
1.275,0.2,1.9098812901930213e-12,assets/blumen_gep/supersonic_raw_spectrum_vs_blumen_a020_m120_130_raw_modes.csv
1.275,0.2,1.924918670113684e-12,assets/blumen_gep/supersonic_raw_spectrum_vs_blumen_a020_m120_130_raw_modes.csv
1.275,0.2,1.7433229182027899e-12,assets/blumen_gep/supersonic_raw_spectrum_vs_blumen_a020_m120_130_raw_modes.csv
1.275,0.2,1.5451835134583185e-12,assets/blumen_gep/supersonic_raw_spectrum_vs_blumen_a020_m120_130_raw_modes.csv
1.275,0.2,1.309976661326667e-12,assets/blumen_gep/supersonic_raw_spectrum_vs_blumen_a020_m120_130_raw_modes.csv
1.275,0.2,1.0241576596222e-12,assets/blumen_gep/supersonic_raw_spectrum_vs_blumen_a020_m120_130_raw_modes.csv
1.275,0.2,9.60735384808002e-13,assets/blumen_gep/supersonic_raw_spectrum_vs_blumen_a020_m120_130_raw_modes.csv
1.275,0.2,0.0083056230745495,assets/blumen_gep/supersonic_raw_spectrum_vs_blumen_a020_m120_130_raw_modes.csv
1.275,0.2,0.0084834096706055,assets/blumen_gep/supersonic_raw_spectrum_vs_blumen_a020_m120_130_raw_modes.csv
1.275,0.2,0.0082106392256625,assets/blumen_gep/supersonic_raw_spectrum_vs_blumen_a020_m120_130_raw_modes.csv
1.275,0.2,0.0077539379282777,assets/blumen_gep/supersonic_raw_spectrum_vs_blumen_a020_m120_130_raw_modes.csv
1.275,0.2,0.0073426762813586,assets/blumen_gep/supersonic_raw_spectrum_vs_blumen_a020_m120_130_raw_modes.csv
1.275,0.2,0.0070030581759532,assets/blumen_gep/supersonic_raw_spectrum_vs_blumen_a020_m120_130_raw_modes.csv
1.275,0.2,0.0067184038445372,assets/blumen_gep/supersonic_raw_spectrum_vs_blumen_a020_m120_130_raw_modes.csv
1.275,0.2,0.0064732061367865,assets/blumen_gep/supersonic_raw_spectrum_vs_blumen_a020_m120_130_raw_modes.csv
1.275,0.2,0.0062567972009093,assets/blumen_gep/supersonic_raw_spectrum_vs_blumen_a020_m120_130_raw_modes.csv
1.275,0.2,0.0060620122359758,assets/blumen_gep/supersonic_raw_spectrum_vs_blumen_a020_m120_130_raw_modes.csv
1.275,0.2,0.0058839310363365,assets/blumen_gep/supersonic_raw_spectrum_vs_blumen_a020_m120_130_raw_modes.csv
1.275,0.2,0.0057190710884901,assets/blumen_gep/supersonic_raw_spectrum_vs_blumen_a020_m120_130_raw_modes.csv
1.275,0.2,0.0055648943433168,assets/blumen_gep/supersonic_raw_spectrum_vs_blumen_a020_m120_130_raw_modes.csv
1.275,0.2,0.0054195021220224,assets/blumen_gep/supersonic_raw_spectrum_vs_blumen_a020_m120_130_raw_modes.csv
1.275,0.2,0.0052814413188863,assets/blumen_gep/supersonic_raw_spectrum_vs_blumen_a020_m120_130_raw_modes.csv
1.275,0.2,0.0051495776574891,assets/blumen_gep/supersonic_raw_spectrum_vs_blumen_a020_m120_130_raw_modes.csv
1.275,0.2,0.0050230104453484,assets/blumen_gep/supersonic_raw_spectrum_vs_blumen_a020_m120_130_raw_modes.csv
1.275,0.2,0.0049010137464871,assets/blumen_gep/supersonic_raw_spectrum_vs_blumen_a020_m120_130_raw_modes.csv
1.275,0.2,0.0047829948311378,assets/blumen_gep/supersonic_raw_spectrum_vs_blumen_a020_m120_130_raw_modes.csv
1.275,0.2,0.0046684642113237,assets/blumen_gep/supersonic_raw_spectrum_vs_blumen_a020_m120_130_raw_modes.csv
1.275,0.2,0.0045570136240275,assets/blumen_gep/supersonic_raw_spectrum_vs_blumen_a020_m120_130_raw_modes.csv
1.275,0.2,0.004448299581271,assets/blumen_gep/supersonic_raw_spectrum_vs_blumen_a020_m120_130_raw_modes.csv
1.275,0.2,0.0043420308933893,assets/blumen_gep/supersonic_raw_spectrum_vs_blumen_a020_m120_130_raw_modes.csv
1.275,0.2,0.0042379590757203,assets/blumen_gep/supersonic_raw_spectrum_vs_blumen_a020_m120_130_raw_modes.csv
1.275,0.2,0.0041358708817553,assets/blumen_gep/supersonic_raw_spectrum_vs_blumen_a020_m120_130_raw_modes.csv
1.275,0.2,0.0040355824262357,assets/blumen_gep/supersonic_raw_spectrum_vs_blumen_a020_m120_130_raw_modes.csv
1.275,0.2,0.0039369345129951,assets/blumen_gep/supersonic_raw_spectrum_vs_blumen_a020_m120_130_raw_modes.csv
1.275,0.2,0.0038397888848588,assets/blumen_gep/supersonic_raw_spectrum_vs_blumen_a020_m120_130_raw_modes.csv
1.275,0.2,0.0037440251899005,assets/blumen_gep/supersonic_raw_spectrum_vs_blumen_a020_m120_130_raw_modes.csv
1.275,0.2,0.0036495385065433,assets/blumen_gep/supersonic_raw_spectrum_vs_blumen_a020_m120_130_raw_modes.csv
1.275,0.2,0.0035562373114277,assets/blumen_gep/supersonic_raw_spectrum_vs_blumen_a020_m120_130_raw_modes.csv
1.275,0.2,0.0034640417987557,assets/blumen_gep/supersonic_raw_spectrum_vs_blumen_a020_m120_130_raw_modes.csv
1.275,0.2,0.0033728824826877,assets/blumen_gep/supersonic_raw_spectrum_vs_blumen_a020_m120_130_raw_modes.csv
1.275,0.2,0.003282699028045,assets/blumen_gep/supersonic_raw_spectrum_vs_blumen_a020_m120_130_raw_modes.csv
1.275,0.2,0.0031934392665653,assets/blumen_gep/supersonic_raw_spectrum_vs_blumen_a020_m120_130_raw_modes.csv
1.275,0.2,0.0031050583657333,assets/blumen_gep/supersonic_raw_spectrum_vs_blumen_a020_m120_130_raw_modes.csv
1.275,0.2,0.0030175181220291,assets/blumen_gep/supersonic_raw_spectrum_vs_blumen_a020_m120_130_raw_modes.csv
1.275,0.2,0.0029307863579,assets/blumen_gep/supersonic_raw_spectrum_vs_blumen_a020_m120_130_raw_modes.csv
1.275,0.2,0.002844836403722,assets/blumen_gep/supersonic_raw_spectrum_vs_blumen_a020_m120_130_raw_modes.csv
1.275,0.2,0.0027596466513457,assets/blumen_gep/supersonic_raw_spectrum_vs_blumen_a020_m120_130_raw_modes.csv
1.275,0.2,0.0026752001656261,assets/blumen_gep/supersonic_raw_spectrum_vs_blumen_a020_m120_130_raw_modes.csv
1.275,0.2,0.002591484346,assets/blumen_gep/supersonic_raw_spectrum_vs_blumen_a020_m120_130_raw_modes.csv
1.275,0.2,0.002508490627183,assets/blumen_gep/supersonic_raw_spectrum_vs_blumen_a020_m120_130_raw_modes.csv
1.275,0.2,0.0024262142140602,assets/blumen_gep/supersonic_raw_spectrum_vs_blumen_a020_m120_130_raw_modes.csv
1.275,0.2,0.0023446538430115,assets/blumen_gep/supersonic_raw_spectrum_vs_blumen_a020_m120_130_raw_modes.csv
1.275,0.2,0.0022638115644454,assets/blumen_gep/supersonic_raw_spectrum_vs_blumen_a020_m120_130_raw_modes.csv
1.275,0.2,0.0021836925416907,assets/blumen_gep/supersonic_raw_spectrum_vs_blumen_a020_m120_130_raw_modes.csv
1.275,0.2,0.0021043048619651,assets/blumen_gep/supersonic_raw_spectrum_vs_blumen_a020_m120_130_raw_modes.csv
1.275,0.2,0.0020256593545916,assets/blumen_gep/supersonic_raw_spectrum_vs_blumen_a020_m120_130_raw_modes.csv
1.275,0.2,0.0019477694123295,assets/blumen_gep/supersonic_raw_spectrum_vs_blumen_a020_m120_130_raw_modes.csv
1.275,0.2,0.0018706508125515,assets/blumen_gep/supersonic_raw_spectrum_vs_blumen_a020_m120_130_raw_modes.csv
1.275,0.2,0.0017943215323814,assets/blumen_gep/supersonic_raw_spectrum_vs_blumen_a020_m120_130_raw_modes.csv
1.275,0.2,0.0017188015547537,assets/blumen_gep/supersonic_raw_spectrum_vs_blumen_a020_m120_130_raw_modes.csv
1.275,0.2,0.001644112659176,assets/blumen_gep/supersonic_raw_spectrum_vs_blumen_a020_m120_130_raw_modes.csv
1.275,0.2,0.0015702781921146,assets/blumen_gep/supersonic_raw_spectrum_vs_blumen_a020_m120_130_raw_modes.csv
1.275,0.2,0.001497322809517,assets/blumen_gep/supersonic_raw_spectrum_vs_blumen_a020_m120_130_raw_modes.csv
1.275,0.2,0.0014252721834109,assets/blumen_gep/supersonic_raw_spectrum_vs_blumen_a020_m120_130_raw_modes.csv
1.275,0.2,0.0013541526623378,assets/blumen_gep/supersonic_raw_spectrum_vs_blumen_a020_m120_130_raw_modes.csv
1.275,0.2,0.001283990871338,assets/blumen_gep/supersonic_raw_spectrum_vs_blumen_a020_m120_130_raw_modes.csv
1.275,0.2,0.0012148132311574,assets/blumen_gep/supersonic_raw_spectrum_vs_blumen_a020_m120_130_raw_modes.csv
1.275,0.2,0.0011466453975202,assets/blumen_gep/supersonic_raw_spectrum_vs_blumen_a020_m120_130_raw_modes.csv
1.275,0.2,0.0010795115126359,assets/blumen_gep/supersonic_raw_spectrum_vs_blumen_a020_m120_130_raw_modes.csv
1.275,0.2,0.0010134333486227,assets/blumen_gep/supersonic_raw_spectrum_vs_blumen_a020_m120_130_raw_modes.csv
1.275,0.2,0.0009484291516603,assets/blumen_gep/supersonic_raw_spectrum_vs_blumen_a020_m120_130_raw_modes.csv
1.275,0.2,0.00088451216027,assets/blumen_gep/supersonic_raw_spectrum_vs_blumen_a020_m120_130_raw_modes.csv
1.275,0.2,0.0008216886407667,assets/blumen_gep/supersonic_raw_spectrum_vs_blumen_a020_m120_130_raw_modes.csv
1.275,0.2,0.0007599551778704,assets/blumen_gep/supersonic_raw_spectrum_vs_blumen_a020_m120_130_raw_modes.csv
1.275,0.2,0.0006992949085579,assets/blumen_gep/supersonic_raw_spectrum_vs_blumen_a020_m120_130_raw_modes.csv
1.275,0.2,0.0006396719965319,assets/blumen_gep/supersonic_raw_spectrum_vs_blumen_a020_m120_130_raw_modes.csv
1.275,0.2,0.0005810233745576,assets/blumen_gep/supersonic_raw_spectrum_vs_blumen_a020_m120_130_raw_modes.csv
1.275,0.2,0.0005232456061594,assets/blumen_gep/supersonic_raw_spectrum_vs_blumen_a020_m120_130_raw_modes.csv
1.275,0.2,0.000466173180556,assets/blumen_gep/supersonic_raw_spectrum_vs_blumen_a020_m120_130_raw_modes.csv
1.275,0.2,0.0004095397667722,assets/blumen_gep/supersonic_raw_spectrum_vs_blumen_a020_m120_130_raw_modes.csv
1.275,0.2,0.0003529032496443,assets/blumen_gep/supersonic_raw_spectrum_vs_blumen_a020_m120_130_raw_modes.csv
1.275,0.2,0.0002954825947319,assets/blumen_gep/supersonic_raw_spectrum_vs_blumen_a020_m120_130_raw_modes.csv
1.275,0.2,0.0002357368738283,assets/blumen_gep/supersonic_raw_spectrum_vs_blumen_a020_m120_130_raw_modes.csv
1.275,0.2,0.0001699184953537,assets/blumen_gep/supersonic_raw_spectrum_vs_blumen_a020_m120_130_raw_modes.csv
1.275,0.2,8.224309270957119e-05,assets/blumen_gep/supersonic_raw_spectrum_vs_blumen_a020_m120_130_raw_modes.csv
1.275,0.2,2.0827834315174497e-15,assets/blumen_gep/supersonic_raw_spectrum_vs_blumen_a020_m120_130_raw_modes.csv
1.275,0.2,3.4023142389639967e-15,assets/blumen_gep/supersonic_raw_spectrum_vs_blumen_a020_m120_130_raw_modes.csv
1.275,0.2,1.115603900549011e-15,assets/blumen_gep/supersonic_raw_spectrum_vs_blumen_a020_m120_130_raw_modes.csv
1.275,0.2,2.662755882665152e-15,assets/blumen_gep/supersonic_raw_spectrum_vs_blumen_a020_m120_130_raw_modes.csv
1.275,0.2,4.675190987783904e-16,assets/blumen_gep/supersonic_raw_spectrum_vs_blumen_a020_m120_130_raw_modes.csv
1.275,0.2,1.0207274276440476e-15,assets/blumen_gep/supersonic_raw_spectrum_vs_blumen_a020_m120_130_raw_modes.csv
1.275,0.2,1.0315426012092132e-15,assets/blumen_gep/supersonic_raw_spectrum_vs_blumen_a020_m120_130_raw_modes.csv
1.275,0.2,1.9174936054316186e-15,assets/blumen_gep/supersonic_raw_spectrum_vs_blumen_a020_m120_130_raw_modes.csv
1.275,0.2,2.0579859718550435e-16,assets/blumen_gep/supersonic_raw_spectrum_vs_blumen_a020_m120_130_raw_modes.csv
1.275,0.2,4.862125841951756e-16,assets/blumen_gep/supersonic_raw_spectrum_vs_blumen_a020_m120_130_raw_modes.csv
1.275,0.2,1.3965747600876056e-15,assets/blumen_gep/supersonic_raw_spectrum_vs_blumen_a020_m120_130_raw_modes.csv
1.275,0.2,1.391023228246961e-15,assets/blumen_gep/supersonic_raw_spectrum_vs_blumen_a020_m120_130_raw_modes.csv
1.275,0.2,3.942562518218647e-16,assets/blumen_gep/supersonic_raw_spectrum_vs_blumen_a020_m120_130_raw_modes.csv
1.275,0.2,9.100041160876907e-17,assets/blumen_gep/supersonic_raw_spectrum_vs_blumen_a020_m120_130_raw_modes.csv
1.275,0.2,4.24575390002046e-16,assets/blumen_gep/supersonic_raw_spectrum_vs_blumen_a020_m120_130_raw_modes.csv
1.275,0.2,1.7047637291842561e-15,assets/blumen_gep/supersonic_raw_spectrum_vs_blumen_a020_m120_130_raw_modes.csv
1.275,0.2,2.854925538019332e-15,assets/blumen_gep/supersonic_raw_spectrum_vs_blumen_a020_m120_130_raw_modes.csv
1.275,0.2,1.7718289594252253e-15,assets/blumen_gep/supersonic_raw_spectrum_vs_blumen_a020_m120_130_raw_modes.csv
1.275,0.2,8.630800758371788e-16,assets/blumen_gep/supersonic_raw_spectrum_vs_blumen_a020_m120_130_raw_modes.csv
1.275,0.2,4.277641433394682e-16,assets/blumen_gep/supersonic_raw_spectrum_vs_blumen_a020_m120_130_raw_modes.csv
1.275,0.2,2.075845128840509e-16,assets/blumen_gep/supersonic_raw_spectrum_vs_blumen_a020_m120_130_raw_modes.csv
1.275,0.2,3.801070055167808e-15,assets/blumen_gep/supersonic_raw_spectrum_vs_blumen_a020_m120_130_raw_modes.csv
1.275,0.2,3.167366057463497e-15,assets/blumen_gep/supersonic_raw_spectrum_vs_blumen_a020_m120_130_raw_modes.csv
1.275,0.2,7.276221752868851e-16,assets/blumen_gep/supersonic_raw_spectrum_vs_blumen_a020_m120_130_raw_modes.csv
1.275,0.2,2.464036910210505e-15,assets/blumen_gep/supersonic_raw_spectrum_vs_blumen_a020_m120_130_raw_modes.csv
1.275,0.2,8.965073031316393e-16,assets/blumen_gep/supersonic_raw_spectrum_vs_blumen_a020_m120_130_raw_modes.csv
1.275,0.2,1.5083326022473008e-15,assets/blumen_gep/supersonic_raw_spectrum_vs_blumen_a020_m120_130_raw_modes.csv
1.275,0.2,1.1804920727150705e-15,assets/blumen_gep/supersonic_raw_spectrum_vs_blumen_a020_m120_130_raw_modes.csv
1.275,0.2,2.2862872036651724e-15,assets/blumen_gep/supersonic_raw_spectrum_vs_blumen_a020_m120_130_raw_modes.csv
1.275,0.2,1.574772503342915e-15,assets/blumen_gep/supersonic_raw_spectrum_vs_blumen_a020_m120_130_raw_modes.csv
1.275,0.2,1.8999118060937665e-15,assets/blumen_gep/supersonic_raw_spectrum_vs_blumen_a020_m120_130_raw_modes.csv
1.275,0.2,2.7867592113889538e-15,assets/blumen_gep/supersonic_raw_spectrum_vs_blumen_a020_m120_130_raw_modes.csv
1.275,0.2,3.845089325353116e-15,assets/blumen_gep/supersonic_raw_spectrum_vs_blumen_a020_m120_130_raw_modes.csv
1.275,0.2,7.548324574334158e-15,assets/blumen_gep/supersonic_raw_spectrum_vs_blumen_a020_m120_130_raw_modes.csv
1.275,0.2,7.509928361666135e-15,assets/blumen_gep/supersonic_raw_spectrum_vs_blumen_a020_m120_130_raw_modes.csv
1.275,0.2,2.172414320563173e-14,assets/blumen_gep/supersonic_raw_spectrum_vs_blumen_a020_m120_130_raw_modes.csv
1.275,0.2,2.958989326429048e-14,assets/blumen_gep/supersonic_raw_spectrum_vs_blumen_a020_m120_130_raw_modes.csv
1.275,0.2,1.9666312012713823e-14,assets/blumen_gep/supersonic_raw_spectrum_vs_blumen_a020_m120_130_raw_modes.csv
1.275,0.2,1.5949136665444629e-15,assets/blumen_gep/supersonic_raw_spectrum_vs_blumen_a020_m120_130_raw_modes.csv
1.275,0.2,9.757003273660006e-15,assets/blumen_gep/supersonic_raw_spectrum_vs_blumen_a020_m120_130_raw_modes.csv
1.275,0.2,8.360842662434377e-16,assets/blumen_gep/supersonic_raw_spectrum_vs_blumen_a020_m120_130_raw_modes.csv
1.275,0.2,9.342320552075391e-14,assets/blumen_gep/supersonic_raw_spectrum_vs_blumen_a020_m120_130_raw_modes.csv
1.275,0.2,2.0122792271305585e-15,assets/blumen_gep/supersonic_raw_spectrum_vs_blumen_a020_m120_130_raw_modes.csv
1.275,0.2,1.954576490371661e-15,assets/blumen_gep/supersonic_raw_spectrum_vs_blumen_a020_m120_130_raw_modes.csv
1.275,0.2,1.090923540739246e-18,assets/blumen_gep/supersonic_raw_spectrum_vs_blumen_a020_m120_130_raw_modes.csv
1.275,0.2,1.445836503818428e-12,assets/blumen_gep/supersonic_raw_spectrum_vs_blumen_a020_m120_130_raw_modes.csv
1.275,0.2,8.823271742569007e-14,assets/blumen_gep/supersonic_raw_spectrum_vs_blumen_a020_m120_130_raw_modes.csv
1.275,0.2,4.5639816637575556e-17,assets/blumen_gep/supersonic_raw_spectrum_vs_blumen_a020_m120_130_raw_modes.csv
1.275,0.2,6.554270091217231e-14,assets/blumen_gep/supersonic_raw_spectrum_vs_blumen_a020_m120_130_raw_modes.csv
1.275,0.2,3.6889782100028886e-15,assets/blumen_gep/supersonic_raw_spectrum_vs_blumen_a020_m120_130_raw_modes.csv
1.275,0.2,7.891053408355092e-15,assets/blumen_gep/supersonic_raw_spectrum_vs_blumen_a020_m120_130_raw_modes.csv
1.275,0.2,7.623835548347064e-16,assets/blumen_gep/supersonic_raw_spectrum_vs_blumen_a020_m120_130_raw_modes.csv
1.275,0.2,1.1151494686496765e-15,assets/blumen_gep/supersonic_raw_spectrum_vs_blumen_a020_m120_130_raw_modes.csv
1.275,0.2,9.794387219025208e-17,assets/blumen_gep/supersonic_raw_spectrum_vs_blumen_a020_m120_130_raw_modes.csv
1.275,0.2,3.143975016070664e-17,assets/blumen_gep/supersonic_raw_spectrum_vs_blumen_a020_m120_130_raw_modes.csv
1.275,0.2,4.550625437066876e-17,assets/blumen_gep/supersonic_raw_spectrum_vs_blumen_a020_m120_130_raw_modes.csv
1.275,0.2,2.9596545629158637e-15,assets/blumen_gep/supersonic_raw_spectrum_vs_blumen_a020_m120_130_raw_modes.csv
1.275,0.2,1.353634026369993e-15,assets/blumen_gep/supersonic_raw_spectrum_vs_blumen_a020_m120_130_raw_modes.csv
1.275,0.2,2.775077085474983e-17,assets/blumen_gep/supersonic_raw_spectrum_vs_blumen_a020_m120_130_raw_modes.csv
1.275,0.2,1.6887829941466852e-16,assets/blumen_gep/supersonic_raw_spectrum_vs_blumen_a020_m120_130_raw_modes.csv
1.275,0.2,2.205863101602087e-15,assets/blumen_gep/supersonic_raw_spectrum_vs_blumen_a020_m120_130_raw_modes.csv
1.275,0.2,1.1061973499663361e-16,assets/blumen_gep/supersonic_raw_spectrum_vs_blumen_a020_m120_130_raw_modes.csv
1.275,0.2,8.983130308796084e-16,assets/blumen_gep/supersonic_raw_spectrum_vs_blumen_a020_m120_130_raw_modes.csv
1.275,0.2,8.31253465619127e-17,assets/blumen_gep/supersonic_raw_spectrum_vs_blumen_a020_m120_130_raw_modes.csv
1.275,0.2,2.2354917775631107e-16,assets/blumen_gep/supersonic_raw_spectrum_vs_blumen_a020_m120_130_raw_modes.csv
1.275,0.2,2.0757911222920582e-16,assets/blumen_gep/supersonic_raw_spectrum_vs_blumen_a020_m120_130_raw_modes.csv
1.275,0.2,8.925685939050706e-16,assets/blumen_gep/supersonic_raw_spectrum_vs_blumen_a020_m120_130_raw_modes.csv
1.275,0.2,0.0036232311060187,assets/blumen_gep/supersonic_raw_spectrum_vs_blumen_a020_m120_130_raw_modes.csv
1.275,0.2,0.0030800799490603,assets/blumen_gep/supersonic_raw_spectrum_vs_blumen_a020_m120_130_raw_modes.csv
1.275,0.2,0.0036629295864025,assets/blumen_gep/supersonic_raw_spectrum_vs_blumen_a020_m120_130_raw_modes.csv
1.275,0.2,0.0030362908485802,assets/blumen_gep/supersonic_raw_spectrum_vs_blumen_a020_m120_130_raw_modes.csv
1.275,0.2,0.0037022736744776,assets/blumen_gep/supersonic_raw_spectrum_vs_blumen_a020_m120_130_raw_modes.csv
1.275,0.2,0.00299216387993,assets/blumen_gep/supersonic_raw_spectrum_vs_blumen_a020_m120_130_raw_modes.csv
1.275,0.2,0.0037412460505674,assets/blumen_gep/supersonic_raw_spectrum_vs_blumen_a020_m120_130_raw_modes.csv
1.275,0.2,0.0029476730701031,assets/blumen_gep/supersonic_raw_spectrum_vs_blumen_a020_m120_130_raw_modes.csv
1.275,0.2,0.0037798289576266,assets/blumen_gep/supersonic_raw_spectrum_vs_blumen_a020_m120_130_raw_modes.csv
1.275,0.2,0.0029027873412312,assets/blumen_gep/supersonic_raw_spectrum_vs_blumen_a020_m120_130_raw_modes.csv
1.275,0.2,0.0038180046073282,assets/blumen_gep/supersonic_raw_spectrum_vs_blumen_a020_m120_130_raw_modes.csv
1.275,0.2,0.0028574700095467,assets/blumen_gep/supersonic_raw_spectrum_vs_blumen_a020_m120_130_raw_modes.csv
1.275,0.2,0.003855755627435,assets/blumen_gep/supersonic_raw_spectrum_vs_blumen_a020_m120_130_raw_modes.csv
1.275,0.2,0.0028116781562463,assets/blumen_gep/supersonic_raw_spectrum_vs_blumen_a020_m120_130_raw_modes.csv
1.275,0.2,0.0038930655503486,assets/blumen_gep/supersonic_raw_spectrum_vs_blumen_a020_m120_130_raw_modes.csv
1.275,0.2,0.0027653619510179,assets/blumen_gep/supersonic_raw_spectrum_vs_blumen_a020_m120_130_raw_modes.csv
1.275,0.2,0.0039299193391536,assets/blumen_gep/supersonic_raw_spectrum_vs_blumen_a020_m120_130_raw_modes.csv
1.275,0.2,0.0027184637629138,assets/blumen_gep/supersonic_raw_spectrum_vs_blumen_a020_m120_130_raw_modes.csv
1.275,0.2,0.003966303958616,assets/blumen_gep/supersonic_raw_spectrum_vs_blumen_a020_m120_130_raw_modes.csv
1.275,0.2,0.0026709171836573,assets/blumen_gep/supersonic_raw_spectrum_vs_blumen_a020_m120_130_raw_modes.csv
1.275,0.2,0.0040022089712473,assets/blumen_gep/supersonic_raw_spectrum_vs_blumen_a020_m120_130_raw_modes.csv
1.275,0.2,0.0026226457541573,assets/blumen_gep/supersonic_raw_spectrum_vs_blumen_a020_m120_130_raw_modes.csv
1.275,0.2,0.0040376271712789,assets/blumen_gep/supersonic_raw_spectrum_vs_blumen_a020_m120_130_raw_modes.csv
1.275,0.2,0.002573561521655,assets/blumen_gep/supersonic_raw_spectrum_vs_blumen_a020_m120_130_raw_modes.csv
1.275,0.2,0.004072555236714,assets/blumen_gep/supersonic_raw_spectrum_vs_blumen_a020_m120_130_raw_modes.csv
1.275,0.2,0.00252356317062,assets/blumen_gep/supersonic_raw_spectrum_vs_blumen_a020_m120_130_raw_modes.csv
1.275,0.2,0.0041069944034977,assets/blumen_gep/supersonic_raw_spectrum_vs_blumen_a020_m120_130_raw_modes.csv
1.275,0.2,0.0024725338342826,assets/blumen_gep/supersonic_raw_spectrum_vs_blumen_a020_m120_130_raw_modes.csv
1.275,0.2,0.0041409511445117,assets/blumen_gep/supersonic_raw_spectrum_vs_blumen_a020_m120_130_raw_modes.csv
1.275,0.2,0.0024203382664359,assets/blumen_gep/supersonic_raw_spectrum_vs_blumen_a020_m120_130_raw_modes.csv
1.275,0.2,0.0041744378582157,assets/blumen_gep/supersonic_raw_spectrum_vs_blumen_a020_m120_130_raw_modes.csv
1.275,0.2,0.0023668194172301,assets/blumen_gep/supersonic_raw_spectrum_vs_blumen_a020_m120_130_raw_modes.csv
1.275,0.2,0.0042074735503232,assets/blumen_gep/supersonic_raw_spectrum_vs_blumen_a020_m120_130_raw_modes.csv
1.275,0.2,0.002311793986815,assets/blumen_gep/supersonic_raw_spectrum_vs_blumen_a020_m120_130_raw_modes.csv
1.275,0.2,0.004240084512203,assets/blumen_gep/supersonic_raw_spectrum_vs_blumen_a020_m120_130_raw_modes.csv
1.275,0.2,0.0022550468448208,assets/blumen_gep/supersonic_raw_spectrum_vs_blumen_a020_m120_130_raw_modes.csv
1.275,0.2,0.0042723049930464,assets/blumen_gep/supersonic_raw_spectrum_vs_blumen_a020_m120_130_raw_modes.csv
1.275,0.2,0.0021963237018911,assets/blumen_gep/supersonic_raw_spectrum_vs_blumen_a020_m120_130_raw_modes.csv
1.275,0.2,0.0043041778674592,assets/blumen_gep/supersonic_raw_spectrum_vs_blumen_a020_m120_130_raw_modes.csv
1.275,0.2,0.0021353215443838,assets/blumen_gep/supersonic_raw_spectrum_vs_blumen_a020_m120_130_raw_modes.csv
1.275,0.2,0.0043357553065569,assets/blumen_gep/supersonic_raw_spectrum_vs_blumen_a020_m120_130_raw_modes.csv
1.275,0.2,0.0020716757795731,assets/blumen_gep/supersonic_raw_spectrum_vs_blumen_a020_m120_130_raw_modes.csv
1.275,0.2,0.0043670994667535,assets/blumen_gep/supersonic_raw_spectrum_vs_blumen_a020_m120_130_raw_modes.csv
1.275,0.2,0.0020049427557901,assets/blumen_gep/supersonic_raw_spectrum_vs_blumen_a020_m120_130_raw_modes.csv
1.275,0.2,0.0043982832129111,assets/blumen_gep/supersonic_raw_spectrum_vs_blumen_a020_m120_130_raw_modes.csv
1.275,0.2,0.0019345753440901,assets/blumen_gep/supersonic_raw_spectrum_vs_blumen_a020_m120_130_raw_modes.csv
1.275,0.2,0.0044293909061604,assets/blumen_gep/supersonic_raw_spectrum_vs_blumen_a020_m120_130_raw_modes.csv
1.275,0.2,0.0018598880439217,assets/blumen_gep/supersonic_raw_spectrum_vs_blumen_a020_m120_130_raw_modes.csv
1.275,0.2,0.0044605192917703,assets/blumen_gep/supersonic_raw_spectrum_vs_blumen_a020_m120_130_raw_modes.csv
1.275,0.2,0.0017800054849065,assets/blumen_gep/supersonic_raw_spectrum_vs_blumen_a020_m120_130_raw_modes.csv
1.275,0.2,0.0044917785326796,assets/blumen_gep/supersonic_raw_spectrum_vs_blumen_a020_m120_130_raw_modes.csv
1.275,0.2,0.0016937836252027,assets/blumen_gep/supersonic_raw_spectrum_vs_blumen_a020_m120_130_raw_modes.csv
1.275,0.2,0.0045232934497707,assets/blumen_gep/supersonic_raw_spectrum_vs_blumen_a020_m120_130_raw_modes.csv
1.275,0.2,0.0015996836202378,assets/blumen_gep/supersonic_raw_spectrum_vs_blumen_a020_m120_130_raw_modes.csv
1.275,0.2,0.0045552050453229,assets/blumen_gep/supersonic_raw_spectrum_vs_blumen_a020_m120_130_raw_modes.csv
1.275,0.2,0.0014955581955314,assets/blumen_gep/supersonic_raw_spectrum_vs_blumen_a020_m120_130_raw_modes.csv
1.275,0.2,0.1931482064965277,assets/blumen_gep/supersonic_raw_spectrum_vs_blumen_a020_m120_130_raw_modes.csv
1.275,0.2,0.0045876724033352,assets/blumen_gep/supersonic_raw_spectrum_vs_blumen_a020_m120_130_raw_modes.csv
1.275,0.2,0.0013782622652743,assets/blumen_gep/supersonic_raw_spectrum_vs_blumen_a020_m120_130_raw_modes.csv
1.275,0.2,0.004620875092074,assets/blumen_gep/supersonic_raw_spectrum_vs_blumen_a020_m120_130_raw_modes.csv
1.275,0.2,0.0012428693378258,assets/blumen_gep/supersonic_raw_spectrum_vs_blumen_a020_m120_130_raw_modes.csv
1.275,0.2,0.001080850886185,assets/blumen_gep/supersonic_raw_spectrum_vs_blumen_a020_m120_130_raw_modes.csv
1.275,0.2,0.0046550162271106,assets/blumen_gep/supersonic_raw_spectrum_vs_blumen_a020_m120_130_raw_modes.csv
1.275,0.2,0.0008747542276015,assets/blumen_gep/supersonic_raw_spectrum_vs_blumen_a020_m120_130_raw_modes.csv
1.275,0.2,0.0046903264074235,assets/blumen_gep/supersonic_raw_spectrum_vs_blumen_a020_m120_130_raw_modes.csv
1.275,0.2,0.0005735303658903,assets/blumen_gep/supersonic_raw_spectrum_vs_blumen_a020_m120_130_raw_modes.csv
1.275,0.2,0.0047270688004595,assets/blumen_gep/supersonic_raw_spectrum_vs_blumen_a020_m120_130_raw_modes.csv
1.275,0.2,6.790104614268593e-13,assets/blumen_gep/supersonic_raw_spectrum_vs_blumen_a020_m120_130_raw_modes.csv
1.275,0.2,0.0047655457706305,assets/blumen_gep/supersonic_raw_spectrum_vs_blumen_a020_m120_130_raw_modes.csv
1.275,0.2,0.004806107578456,assets/blumen_gep/supersonic_raw_spectrum_vs_blumen_a020_m120_130_raw_modes.csv
1.275,0.2,1.5666323869801783e-14,assets/blumen_gep/supersonic_raw_spectrum_vs_blumen_a020_m120_130_raw_modes.csv
1.275,0.2,0.0048491639177093,assets/blumen_gep/supersonic_raw_spectrum_vs_blumen_a020_m120_130_raw_modes.csv
1.275,0.2,1.5153362855828968e-14,assets/blumen_gep/supersonic_raw_spectrum_vs_blumen_a020_m120_130_raw_modes.csv
1.275,0.2,0.0048951993910143,assets/blumen_gep/supersonic_raw_spectrum_vs_blumen_a020_m120_130_raw_modes.csv
1.275,0.2,0.0049447945582145,assets/blumen_gep/supersonic_raw_spectrum_vs_blumen_a020_m120_130_raw_modes.csv
1.275,0.2,0.0049986550290272,assets/blumen_gep/supersonic_raw_spectrum_vs_blumen_a020_m120_130_raw_modes.csv
1.275,0.2,2.686138251030602e-11,assets/blumen_gep/supersonic_raw_spectrum_vs_blumen_a020_m120_130_raw_modes.csv
1.275,0.2,0.0050576524328784,assets/blumen_gep/supersonic_raw_spectrum_vs_blumen_a020_m120_130_raw_modes.csv
1.275,0.2,0.0005735299151622,assets/blumen_gep/supersonic_raw_spectrum_vs_blumen_a020_m120_130_raw_modes.csv
1.275,0.2,0.0051228833665314,assets/blumen_gep/supersonic_raw_spectrum_vs_blumen_a020_m120_130_raw_modes.csv
1.275,0.2,0.000874753962573,assets/blumen_gep/supersonic_raw_spectrum_vs_blumen_a020_m120_130_raw_modes.csv
1.275,0.2,0.0010808506854263,assets/blumen_gep/supersonic_raw_spectrum_vs_blumen_a020_m120_130_raw_modes.csv
1.275,0.2,0.0051957562715153,assets/blumen_gep/supersonic_raw_spectrum_vs_blumen_a020_m120_130_raw_modes.csv
1.275,0.2,0.0012428691677055,assets/blumen_gep/supersonic_raw_spectrum_vs_blumen_a020_m120_130_raw_modes.csv
1.275,0.2,0.0052781229910177,assets/blumen_gep/supersonic_raw_spectrum_vs_blumen_a020_m120_130_raw_modes.csv
1.275,0.2,0.0013782621300678,assets/blumen_gep/supersonic_raw_spectrum_vs_blumen_a020_m120_130_raw_modes.csv
1.275,0.2,0.005372483774379,assets/blumen_gep/supersonic_raw_spectrum_vs_blumen_a020_m120_130_raw_modes.csv
1.275,0.2,0.0014955580761409,assets/blumen_gep/supersonic_raw_spectrum_vs_blumen_a020_m120_130_raw_modes.csv
1.275,0.2,0.0054823160224338,assets/blumen_gep/supersonic_raw_spectrum_vs_blumen_a020_m120_130_raw_modes.csv
1.275,0.2,0.0015996835246614,assets/blumen_gep/supersonic_raw_spectrum_vs_blumen_a020_m120_130_raw_modes.csv
1.275,0.2,0.0056126121829929,assets/blumen_gep/supersonic_raw_spectrum_vs_blumen_a020_m120_130_raw_modes.csv
1.275,0.2,0.0016937835348419,assets/blumen_gep/supersonic_raw_spectrum_vs_blumen_a020_m120_130_raw_modes.csv
1.275,0.2,0.0057707479162978,assets/blumen_gep/supersonic_raw_spectrum_vs_blumen_a020_m120_130_raw_modes.csv
1.275,0.2,0.001780005406245,assets/blumen_gep/supersonic_raw_spectrum_vs_blumen_a020_m120_130_raw_modes.csv
1.275,0.2,0.0059676649955396,assets/blumen_gep/supersonic_raw_spectrum_vs_blumen_a020_m120_130_raw_modes.csv
1.275,0.2,0.0018598879770387,assets/blumen_gep/supersonic_raw_spectrum_vs_blumen_a020_m120_130_raw_modes.csv
1.275,0.2,0.006217674730991,assets/blumen_gep/supersonic_raw_spectrum_vs_blumen_a020_m120_130_raw_modes.csv
1.275,0.2,0.001934575282577,assets/blumen_gep/supersonic_raw_spectrum_vs_blumen_a020_m120_130_raw_modes.csv
1.275,0.2,0.006522624464108,assets/blumen_gep/supersonic_raw_spectrum_vs_blumen_a020_m120_130_raw_modes.csv
1.275,0.2,0.0020049426974022,assets/blumen_gep/supersonic_raw_spectrum_vs_blumen_a020_m120_130_raw_modes.csv
1.275,0.2,0.0067789181417456,assets/blumen_gep/supersonic_raw_spectrum_vs_blumen_a020_m120_130_raw_modes.csv
1.275,0.2,0.0020716757336295,assets/blumen_gep/supersonic_raw_spectrum_vs_blumen_a020_m120_130_raw_modes.csv
1.275,0.2,0.0067210466474581,assets/blumen_gep/supersonic_raw_spectrum_vs_blumen_a020_m120_130_raw_modes.csv
1.275,0.2,0.0021353214996721,assets/blumen_gep/supersonic_raw_spectrum_vs_blumen_a020_m120_130_raw_modes.csv
1.275,0.2,0.0063909053646,assets/blumen_gep/supersonic_raw_spectrum_vs_blumen_a020_m120_130_raw_modes.csv
1.275,0.2,0.0021963236626955,assets/blumen_gep/supersonic_raw_spectrum_vs_blumen_a020_m120_130_raw_modes.csv
1.275,0.2,0.0060452457011177,assets/blumen_gep/supersonic_raw_spectrum_vs_blumen_a020_m120_130_raw_modes.csv
1.275,0.2,0.0022550468079835,assets/blumen_gep/supersonic_raw_spectrum_vs_blumen_a020_m120_130_raw_modes.csv
1.275,0.2,0.0057571497338552,assets/blumen_gep/supersonic_raw_spectrum_vs_blumen_a020_m120_130_raw_modes.csv
1.275,0.2,0.0023117939530855,assets/blumen_gep/supersonic_raw_spectrum_vs_blumen_a020_m120_130_raw_modes.csv
1.275,0.2,0.0055195491207296,assets/blumen_gep/supersonic_raw_spectrum_vs_blumen_a020_m120_130_raw_modes.csv
1.275,0.2,0.0023668193843928,assets/blumen_gep/supersonic_raw_spectrum_vs_blumen_a020_m120_130_raw_modes.csv
1.275,0.2,0.0053186080542965,assets/blumen_gep/supersonic_raw_spectrum_vs_blumen_a020_m120_130_raw_modes.csv
1.275,0.2,0.002420338240535,assets/blumen_gep/supersonic_raw_spectrum_vs_blumen_a020_m120_130_raw_modes.csv
1.275,0.2,0.0051441888965093,assets/blumen_gep/supersonic_raw_spectrum_vs_blumen_a020_m120_130_raw_modes.csv
1.275,0.2,0.0024725338078016,assets/blumen_gep/supersonic_raw_spectrum_vs_blumen_a020_m120_130_raw_modes.csv
1.275,0.2,0.0049894766060728,assets/blumen_gep/supersonic_raw_spectrum_vs_blumen_a020_m120_130_raw_modes.csv
1.275,0.2,0.0025235631500865,assets/blumen_gep/supersonic_raw_spectrum_vs_blumen_a020_m120_130_raw_modes.csv
1.275,0.2,0.0048498424047168,assets/blumen_gep/supersonic_raw_spectrum_vs_blumen_a020_m120_130_raw_modes.csv
1.275,0.2,0.0025735614971757,assets/blumen_gep/supersonic_raw_spectrum_vs_blumen_a020_m120_130_raw_modes.csv
1.275,0.2,0.0047220511611922,assets/blumen_gep/supersonic_raw_spectrum_vs_blumen_a020_m120_130_raw_modes.csv
1.275,0.2,0.0026226457372839,assets/blumen_gep/supersonic_raw_spectrum_vs_blumen_a020_m120_130_raw_modes.csv
1.275,0.2,0.0046037725211683,assets/blumen_gep/supersonic_raw_spectrum_vs_blumen_a020_m120_130_raw_modes.csv
1.275,0.2,0.0026709171660135,assets/blumen_gep/supersonic_raw_spectrum_vs_blumen_a020_m120_130_raw_modes.csv
1.275,0.2,0.0044932808157493,assets/blumen_gep/supersonic_raw_spectrum_vs_blumen_a020_m120_130_raw_modes.csv
1.275,0.2,0.0027184637466843,assets/blumen_gep/supersonic_raw_spectrum_vs_blumen_a020_m120_130_raw_modes.csv
1.275,0.2,0.0043892667345572,assets/blumen_gep/supersonic_raw_spectrum_vs_blumen_a020_m120_130_raw_modes.csv
1.275,0.2,0.0027653619360952,assets/blumen_gep/supersonic_raw_spectrum_vs_blumen_a020_m120_130_raw_modes.csv
1.275,0.2,0.0042907156084188,assets/blumen_gep/supersonic_raw_spectrum_vs_blumen_a020_m120_130_raw_modes.csv
1.275,0.2,0.0028116781453318,assets/blumen_gep/supersonic_raw_spectrum_vs_blumen_a020_m120_130_raw_modes.csv
1.275,0.2,0.0041968265652636,assets/blumen_gep/supersonic_raw_spectrum_vs_blumen_a020_m120_130_raw_modes.csv
1.275,0.2,0.0028574699973812,assets/blumen_gep/supersonic_raw_spectrum_vs_blumen_a020_m120_130_raw_modes.csv
1.275,0.2,0.0041069572522417,assets/blumen_gep/supersonic_raw_spectrum_vs_blumen_a020_m120_130_raw_modes.csv
1.275,0.2,0.0029027873292609,assets/blumen_gep/supersonic_raw_spectrum_vs_blumen_a020_m120_130_raw_modes.csv
1.275,0.2,0.0040205852088963,assets/blumen_gep/supersonic_raw_spectrum_vs_blumen_a020_m120_130_raw_modes.csv
1.275,0.2,0.0029476730600736,assets/blumen_gep/supersonic_raw_spectrum_vs_blumen_a020_m120_130_raw_modes.csv
1.275,0.2,0.0039372802167583,assets/blumen_gep/supersonic_raw_spectrum_vs_blumen_a020_m120_130_raw_modes.csv
1.275,0.2,0.0029921638725372,assets/blumen_gep/supersonic_raw_spectrum_vs_blumen_a020_m120_130_raw_modes.csv
1.275,0.2,0.0038566841195475,assets/blumen_gep/supersonic_raw_spectrum_vs_blumen_a020_m120_130_raw_modes.csv
1.275,0.2,0.0030362908440918,assets/blumen_gep/supersonic_raw_spectrum_vs_blumen_a020_m120_130_raw_modes.csv
1.275,0.2,0.0037784958689194,assets/blumen_gep/supersonic_raw_spectrum_vs_blumen_a020_m120_130_raw_modes.csv
1.275,0.2,0.0030800799385965,assets/blumen_gep/supersonic_raw_spectrum_vs_blumen_a020_m120_130_raw_modes.csv
1.275,0.2,0.0037024602206133,assets/blumen_gep/supersonic_raw_spectrum_vs_blumen_a020_m120_130_raw_modes.csv
1.275,0.2,0.0031235524547232,assets/blumen_gep/supersonic_raw_spectrum_vs_blumen_a020_m120_130_raw_modes.csv
1.275,0.2,0.0036283590913764,assets/blumen_gep/supersonic_raw_spectrum_vs_blumen_a020_m120_130_raw_modes.csv
1.275,0.2,0.0031667253742301,assets/blumen_gep/supersonic_raw_spectrum_vs_blumen_a020_m120_130_raw_modes.csv
1.275,0.2,0.0035560048616679,assets/blumen_gep/supersonic_raw_spectrum_vs_blumen_a020_m120_130_raw_modes.csv
1.275,0.2,0.0032096117107886,assets/blumen_gep/supersonic_raw_spectrum_vs_blumen_a020_m120_130_raw_modes.csv
1.275,0.2,0.0034852351162679,assets/blumen_gep/supersonic_raw_spectrum_vs_blumen_a020_m120_130_raw_modes.csv
1.275,0.2,0.0032522207801835,assets/blumen_gep/supersonic_raw_spectrum_vs_blumen_a020_m120_130_raw_modes.csv
1.275,0.2,0.0034159084779664,assets/blumen_gep/supersonic_raw_spectrum_vs_blumen_a020_m120_130_raw_modes.csv
1.275,0.2,0.0032945584560187,assets/blumen_gep/supersonic_raw_spectrum_vs_blumen_a020_m120_130_raw_modes.csv
1.275,0.2,0.0033479012681192,assets/blumen_gep/supersonic_raw_spectrum_vs_blumen_a020_m120_130_raw_modes.csv
1.275,0.2,0.0033366274054165,assets/blumen_gep/supersonic_raw_spectrum_vs_blumen_a020_m120_130_raw_modes.csv
1.275,0.2,0.0032811048122398,assets/blumen_gep/supersonic_raw_spectrum_vs_blumen_a020_m120_130_raw_modes.csv
1.275,0.2,0.0033784272863449,assets/blumen_gep/supersonic_raw_spectrum_vs_blumen_a020_m120_130_raw_modes.csv
1.275,0.2,0.0032154232392261,assets/blumen_gep/supersonic_raw_spectrum_vs_blumen_a020_m120_130_raw_modes.csv
1.275,0.2,0.0034199549709127,assets/blumen_gep/supersonic_raw_spectrum_vs_blumen_a020_m120_130_raw_modes.csv
1.275,0.2,0.0031507716800463,assets/blumen_gep/supersonic_raw_spectrum_vs_blumen_a020_m120_130_raw_modes.csv
1.275,0.2,0.0034612047361978,assets/blumen_gep/supersonic_raw_spectrum_vs_blumen_a020_m120_130_raw_modes.csv
1.275,0.2,0.0030870747733666,assets/blumen_gep/supersonic_raw_spectrum_vs_blumen_a020_m120_130_raw_modes.csv
1.275,0.2,0.0035021684702364,assets/blumen_gep/supersonic_raw_spectrum_vs_blumen_a020_m120_130_raw_modes.csv
1.275,0.2,0.0030242654259307,assets/blumen_gep/supersonic_raw_spectrum_vs_blumen_a020_m120_130_raw_modes.csv
1.275,0.2,0.0035428358855708,assets/blumen_gep/supersonic_raw_spectrum_vs_blumen_a020_m120_130_raw_modes.csv
1.275,0.2,0.0029622837715288,assets/blumen_gep/supersonic_raw_spectrum_vs_blumen_a020_m120_130_raw_modes.csv
1.275,0.2,0.0035831947445969,assets/blumen_gep/supersonic_raw_spectrum_vs_blumen_a020_m120_130_raw_modes.csv
1.275,0.2,0.0029010762971095,assets/blumen_gep/supersonic_raw_spectrum_vs_blumen_a020_m120_130_raw_modes.csv
1.275,0.2,0.0036232311028713,assets/blumen_gep/supersonic_raw_spectrum_vs_blumen_a020_m120_130_raw_modes.csv
1.275,0.2,0.0028405950995206,assets/blumen_gep/supersonic_raw_spectrum_vs_blumen_a020_m120_130_raw_modes.csv
1.275,0.2,0.0036629295833713,assets/blumen_gep/supersonic_raw_spectrum_vs_blumen_a020_m120_130_raw_modes.csv
1.275,0.2,0.0027807972559576,assets/blumen_gep/supersonic_raw_spectrum_vs_blumen_a020_m120_130_raw_modes.csv
1.275,0.2,0.0027216442838362,assets/blumen_gep/supersonic_raw_spectrum_vs_blumen_a020_m120_130_raw_modes.csv
1.275,0.2,0.0037022736715475,assets/blumen_gep/supersonic_raw_spectrum_vs_blumen_a020_m120_130_raw_modes.csv
1.275,0.2,0.0026631016806779,assets/blumen_gep/supersonic_raw_spectrum_vs_blumen_a020_m120_130_raw_modes.csv
1.275,0.2,0.0037412460476982,assets/blumen_gep/supersonic_raw_spectrum_vs_blumen_a020_m120_130_raw_modes.csv
1.275,0.2,0.0026051385205788,assets/blumen_gep/supersonic_raw_spectrum_vs_blumen_a020_m120_130_raw_modes.csv
1.275,0.2,0.0037798289547201,assets/blumen_gep/supersonic_raw_spectrum_vs_blumen_a020_m120_130_raw_modes.csv
1.275,0.2,0.0025477271136126,assets/blumen_gep/supersonic_raw_spectrum_vs_blumen_a020_m120_130_raw_modes.csv
1.275,0.2,0.0038180046044335,assets/blumen_gep/supersonic_raw_spectrum_vs_blumen_a020_m120_130_raw_modes.csv
1.275,0.2,0.0024908427009793,assets/blumen_gep/supersonic_raw_spectrum_vs_blumen_a020_m120_130_raw_modes.csv
1.275,0.2,0.0038557556245043,assets/blumen_gep/supersonic_raw_spectrum_vs_blumen_a020_m120_130_raw_modes.csv
1.275,0.2,0.0024344631994324,assets/blumen_gep/supersonic_raw_spectrum_vs_blumen_a020_m120_130_raw_modes.csv
1.275,0.2,0.0038930655468332,assets/blumen_gep/supersonic_raw_spectrum_vs_blumen_a020_m120_130_raw_modes.csv
1.275,0.2,0.0023785689463307,assets/blumen_gep/supersonic_raw_spectrum_vs_blumen_a020_m120_130_raw_modes.csv
1.275,0.2,0.0039299193368058,assets/blumen_gep/supersonic_raw_spectrum_vs_blumen_a020_m120_130_raw_modes.csv
1.275,0.2,0.0023231425697764,assets/blumen_gep/supersonic_raw_spectrum_vs_blumen_a020_m120_130_raw_modes.csv
1.275,0.2,0.0039663039556579,assets/blumen_gep/supersonic_raw_spectrum_vs_blumen_a020_m120_130_raw_modes.csv
1.275,0.2,0.0022681687070407,assets/blumen_gep/supersonic_raw_spectrum_vs_blumen_a020_m120_130_raw_modes.csv
1.275,0.2,0.0040022089684546,assets/blumen_gep/supersonic_raw_spectrum_vs_blumen_a020_m120_130_raw_modes.csv
1.275,0.2,0.0022136339243959,assets/blumen_gep/supersonic_raw_spectrum_vs_blumen_a020_m120_130_raw_modes.csv
1.275,0.2,0.0040376271673611,assets/blumen_gep/supersonic_raw_spectrum_vs_blumen_a020_m120_130_raw_modes.csv
1.275,0.2,0.0021595265533058,assets/blumen_gep/supersonic_raw_spectrum_vs_blumen_a020_m120_130_raw_modes.csv
1.275,0.2,0.0021058365639109,assets/blumen_gep/supersonic_raw_spectrum_vs_blumen_a020_m120_130_raw_modes.csv
1.275,0.2,0.0040725552352782,assets/blumen_gep/supersonic_raw_spectrum_vs_blumen_a020_m120_130_raw_modes.csv
1.275,0.2,0.0020525554546554,assets/blumen_gep/supersonic_raw_spectrum_vs_blumen_a020_m120_130_raw_modes.csv
1.275,0.2,0.0041069944002319,assets/blumen_gep/supersonic_raw_spectrum_vs_blumen_a020_m120_130_raw_modes.csv
1.275,0.2,0.0019996761507396,assets/blumen_gep/supersonic_raw_spectrum_vs_blumen_a020_m120_130_raw_modes.csv
1.275,0.2,0.0041409511413521,assets/blumen_gep/supersonic_raw_spectrum_vs_blumen_a020_m120_130_raw_modes.csv
1.275,0.2,0.0019471929118956,assets/blumen_gep/supersonic_raw_spectrum_vs_blumen_a020_m120_130_raw_modes.csv
1.275,0.2,0.0041744378550266,assets/blumen_gep/supersonic_raw_spectrum_vs_blumen_a020_m120_130_raw_modes.csv
1.275,0.2,0.0018951012443293,assets/blumen_gep/supersonic_raw_spectrum_vs_blumen_a020_m120_130_raw_modes.csv
1.275,0.2,0.0042074735469368,assets/blumen_gep/supersonic_raw_spectrum_vs_blumen_a020_m120_130_raw_modes.csv
1.275,0.2,0.0018433978361647,assets/blumen_gep/supersonic_raw_spectrum_vs_blumen_a020_m120_130_raw_modes.csv
1.275,0.2,0.0042400845086465,assets/blumen_gep/supersonic_raw_spectrum_vs_blumen_a020_m120_130_raw_modes.csv
1.275,0.2,0.001792080480749,assets/blumen_gep/supersonic_raw_spectrum_vs_blumen_a020_m120_130_raw_modes.csv
1.275,0.2,0.0017411479912685,assets/blumen_gep/supersonic_raw_spectrum_vs_blumen_a020_m120_130_raw_modes.csv
1.275,0.2,0.0042723049893866,assets/blumen_gep/supersonic_raw_spectrum_vs_blumen_a020_m120_130_raw_modes.csv
1.275,0.2,0.0016906001510625,assets/blumen_gep/supersonic_raw_spectrum_vs_blumen_a020_m120_130_raw_modes.csv
1.275,0.2,0.0043041778635497,assets/blumen_gep/supersonic_raw_spectrum_vs_blumen_a020_m120_130_raw_modes.csv
1.275,0.2,0.0016404376565395,assets/blumen_gep/supersonic_raw_spectrum_vs_blumen_a020_m120_130_raw_modes.csv
1.275,0.2,0.004335755302687,assets/blumen_gep/supersonic_raw_spectrum_vs_blumen_a020_m120_130_raw_modes.csv
1.275,0.2,0.0015906620487896,assets/blumen_gep/supersonic_raw_spectrum_vs_blumen_a020_m120_130_raw_modes.csv
1.275,0.2,0.1931482064969889,assets/blumen_gep/supersonic_raw_spectrum_vs_blumen_a020_m120_130_raw_modes.csv
1.275,0.2,0.0043670994626927,assets/blumen_gep/supersonic_raw_spectrum_vs_blumen_a020_m120_130_raw_modes.csv
1.275,0.2,0.0015412756529029,assets/blumen_gep/supersonic_raw_spectrum_vs_blumen_a020_m120_130_raw_modes.csv
1.275,0.2,0.001492281520262,assets/blumen_gep/supersonic_raw_spectrum_vs_blumen_a020_m120_130_raw_modes.csv
1.275,0.2,0.0043982832086011,assets/blumen_gep/supersonic_raw_spectrum_vs_blumen_a020_m120_130_raw_modes.csv
1.275,0.2,0.0014436833629292,assets/blumen_gep/supersonic_raw_spectrum_vs_blumen_a020_m120_130_raw_modes.csv
1.275,0.2,0.0044293909017821,assets/blumen_gep/supersonic_raw_spectrum_vs_blumen_a020_m120_130_raw_modes.csv
1.275,0.2,0.0013954854906422,assets/blumen_gep/supersonic_raw_spectrum_vs_blumen_a020_m120_130_raw_modes.csv
1.275,0.2,0.0044605192873088,assets/blumen_gep/supersonic_raw_spectrum_vs_blumen_a020_m120_130_raw_modes.csv
1.275,0.2,0.0013476927415533,assets/blumen_gep/supersonic_raw_spectrum_vs_blumen_a020_m120_130_raw_modes.csv
1.275,0.2,0.0013003104072838,assets/blumen_gep/supersonic_raw_spectrum_vs_blumen_a020_m120_130_raw_modes.csv
1.275,0.2,0.0044917785280472,assets/blumen_gep/supersonic_raw_spectrum_vs_blumen_a020_m120_130_raw_modes.csv
1.275,0.2,0.001253344151897,assets/blumen_gep/supersonic_raw_spectrum_vs_blumen_a020_m120_130_raw_modes.csv
1.275,0.2,0.004523293445093,assets/blumen_gep/supersonic_raw_spectrum_vs_blumen_a020_m120_130_raw_modes.csv
1.275,0.2,0.0012067999219711,assets/blumen_gep/supersonic_raw_spectrum_vs_blumen_a020_m120_130_raw_modes.csv
1.275,0.2,0.001160683844921,assets/blumen_gep/supersonic_raw_spectrum_vs_blumen_a020_m120_130_raw_modes.csv
1.275,0.2,0.0045552050405363,assets/blumen_gep/supersonic_raw_spectrum_vs_blumen_a020_m120_130_raw_modes.csv
1.275,0.2,0.0011150021166939,assets/blumen_gep/supersonic_raw_spectrum_vs_blumen_a020_m120_130_raw_modes.csv
1.275,0.2,0.0045876723984814,assets/blumen_gep/supersonic_raw_spectrum_vs_blumen_a020_m120_130_raw_modes.csv
1.275,0.2,0.0010697608632389,assets/blumen_gep/supersonic_raw_spectrum_vs_blumen_a020_m120_130_raw_modes.csv
1.275,0.2,0.0046208750870987,assets/blumen_gep/supersonic_raw_spectrum_vs_blumen_a020_m120_130_raw_modes.csv
1.275,0.2,0.0010249659906237,assets/blumen_gep/supersonic_raw_spectrum_vs_blumen_a020_m120_130_raw_modes.csv
1.275,0.2,0.0009806230018648,assets/blumen_gep/supersonic_raw_spectrum_vs_blumen_a020_m120_130_raw_modes.csv
1.275,0.2,0.0046550162222594,assets/blumen_gep/supersonic_raw_spectrum_vs_blumen_a020_m120_130_raw_modes.csv
1.275,0.2,0.0009367367772883,assets/blumen_gep/supersonic_raw_spectrum_vs_blumen_a020_m120_130_raw_modes.csv
1.275,0.2,0.0046903264021696,assets/blumen_gep/supersonic_raw_spectrum_vs_blumen_a020_m120_130_raw_modes.csv
1.275,0.2,0.0008933113143643,assets/blumen_gep/supersonic_raw_spectrum_vs_blumen_a020_m120_130_raw_modes.csv
1.275,0.2,0.0008503494055387,assets/blumen_gep/supersonic_raw_spectrum_vs_blumen_a020_m120_130_raw_modes.csv
1.275,0.2,0.0047270687950387,assets/blumen_gep/supersonic_raw_spectrum_vs_blumen_a020_m120_130_raw_modes.csv
1.275,0.2,0.0008078522408686,assets/blumen_gep/supersonic_raw_spectrum_vs_blumen_a020_m120_130_raw_modes.csv
1.275,0.2,0.0007658189118289,assets/blumen_gep/supersonic_raw_spectrum_vs_blumen_a020_m120_130_raw_modes.csv
1.275,0.2,0.0047655457649937,assets/blumen_gep/supersonic_raw_spectrum_vs_blumen_a020_m120_130_raw_modes.csv
1.275,0.2,0.0007242457764812,assets/blumen_gep/supersonic_raw_spectrum_vs_blumen_a020_m120_130_raw_modes.csv
1.275,0.2,0.0048061075728174,assets/blumen_gep/supersonic_raw_spectrum_vs_blumen_a020_m120_130_raw_modes.csv
1.275,0.2,0.0006831256400259,assets/blumen_gep/supersonic_raw_spectrum_vs_blumen_a020_m120_130_raw_modes.csv
1.275,0.2,0.0006424466767299,assets/blumen_gep/supersonic_raw_spectrum_vs_blumen_a020_m120_130_raw_modes.csv
1.275,0.2,0.0048491639121097,assets/blumen_gep/supersonic_raw_spectrum_vs_blumen_a020_m120_130_raw_modes.csv
1.275,0.2,0.0006021909829908,assets/blumen_gep/supersonic_raw_spectrum_vs_blumen_a020_m120_130_raw_modes.csv
1.275,0.2,0.0005623325918265,assets/blumen_gep/supersonic_raw_spectrum_vs_blumen_a020_m120_130_raw_modes.csv
1.275,0.2,0.0048951993853038,assets/blumen_gep/supersonic_raw_spectrum_vs_blumen_a020_m120_130_raw_modes.csv
1.275,0.2,0.0005228346821624,assets/blumen_gep/supersonic_raw_spectrum_vs_blumen_a020_m120_130_raw_modes.csv
1.275,0.2,0.0004836455442003,assets/blumen_gep/supersonic_raw_spectrum_vs_blumen_a020_m120_130_raw_modes.csv
1.275,0.2,0.0049447945522977,assets/blumen_gep/supersonic_raw_spectrum_vs_blumen_a020_m120_130_raw_modes.csv
1.275,0.2,0.0004446925460228,assets/blumen_gep/supersonic_raw_spectrum_vs_blumen_a020_m120_130_raw_modes.csv
1.275,0.2,0.0004058727558075,assets/blumen_gep/supersonic_raw_spectrum_vs_blumen_a020_m120_130_raw_modes.csv
1.275,0.2,0.0049986550227225,assets/blumen_gep/supersonic_raw_spectrum_vs_blumen_a020_m120_130_raw_modes.csv
1.275,0.2,0.0003670376620535,assets/blumen_gep/supersonic_raw_spectrum_vs_blumen_a020_m120_130_raw_modes.csv
1.275,0.2,0.0003279667632163,assets/blumen_gep/supersonic_raw_spectrum_vs_blumen_a020_m120_130_raw_modes.csv
1.275,0.2,0.0050576524270016,assets/blumen_gep/supersonic_raw_spectrum_vs_blumen_a020_m120_130_raw_modes.csv
1.275,0.2,0.000288318355246,assets/blumen_gep/supersonic_raw_spectrum_vs_blumen_a020_m120_130_raw_modes.csv
1.275,0.2,0.0002475280846099,assets/blumen_gep/supersonic_raw_spectrum_vs_blumen_a020_m120_130_raw_modes.csv
1.275,0.2,0.0051228833606953,assets/blumen_gep/supersonic_raw_spectrum_vs_blumen_a020_m120_130_raw_modes.csv
1.275,0.2,0.0002045673612123,assets/blumen_gep/supersonic_raw_spectrum_vs_blumen_a020_m120_130_raw_modes.csv
1.275,0.2,0.000157220401855,assets/blumen_gep/supersonic_raw_spectrum_vs_blumen_a020_m120_130_raw_modes.csv
1.275,0.2,0.0051957562661931,assets/blumen_gep/supersonic_raw_spectrum_vs_blumen_a020_m120_130_raw_modes.csv
1.275,0.2,9.869121301494036e-05,assets/blumen_gep/supersonic_raw_spectrum_vs_blumen_a020_m120_130_raw_modes.csv
1.275,0.2,2.35818806165018e-13,assets/blumen_gep/supersonic_raw_spectrum_vs_blumen_a020_m120_130_raw_modes.csv
1.275,0.2,1.739525433999678e-14,assets/blumen_gep/supersonic_raw_spectrum_vs_blumen_a020_m120_130_raw_modes.csv
1.275,0.2,0.0052781229832802,assets/blumen_gep/supersonic_raw_spectrum_vs_blumen_a020_m120_130_raw_modes.csv
1.275,0.2,1.7448564786615072e-14,assets/blumen_gep/supersonic_raw_spectrum_vs_blumen_a020_m120_130_raw_modes.csv
1.275,0.2,8.915030366145288e-15,assets/blumen_gep/supersonic_raw_spectrum_vs_blumen_a020_m120_130_raw_modes.csv
1.275,0.2,0.0053724837674987,assets/blumen_gep/supersonic_raw_spectrum_vs_blumen_a020_m120_130_raw_modes.csv
1.275,0.2,5.939895568845426e-15,assets/blumen_gep/supersonic_raw_spectrum_vs_blumen_a020_m120_130_raw_modes.csv
1.275,0.2,1.3493794706458098e-14,assets/blumen_gep/supersonic_raw_spectrum_vs_blumen_a020_m120_130_raw_modes.csv
1.275,0.2,0.0054823160166042,assets/blumen_gep/supersonic_raw_spectrum_vs_blumen_a020_m120_130_raw_modes.csv
1.275,0.2,6.5907758311959385e-15,assets/blumen_gep/supersonic_raw_spectrum_vs_blumen_a020_m120_130_raw_modes.csv
1.275,0.2,7.99562423848047e-15,assets/blumen_gep/supersonic_raw_spectrum_vs_blumen_a020_m120_130_raw_modes.csv
1.275,0.2,1.1411910567533188e-14,assets/blumen_gep/supersonic_raw_spectrum_vs_blumen_a020_m120_130_raw_modes.csv
1.275,0.2,1.5574312973646167e-14,assets/blumen_gep/supersonic_raw_spectrum_vs_blumen_a020_m120_130_raw_modes.csv
1.275,0.2,0.005612612175203,assets/blumen_gep/supersonic_raw_spectrum_vs_blumen_a020_m120_130_raw_modes.csv
1.275,0.2,3.3784817754338515e-14,assets/blumen_gep/supersonic_raw_spectrum_vs_blumen_a020_m120_130_raw_modes.csv
1.275,0.2,6.743089452064181e-14,assets/blumen_gep/supersonic_raw_spectrum_vs_blumen_a020_m120_130_raw_modes.csv
1.275,0.2,1.0171000108130978e-13,assets/blumen_gep/supersonic_raw_spectrum_vs_blumen_a020_m120_130_raw_modes.csv
1.275,0.2,1.588302700192843e-13,assets/blumen_gep/supersonic_raw_spectrum_vs_blumen_a020_m120_130_raw_modes.csv
1.275,0.2,0.0057707479129545,assets/blumen_gep/supersonic_raw_spectrum_vs_blumen_a020_m120_130_raw_modes.csv
1.275,0.2,2.295563542526653e-13,assets/blumen_gep/supersonic_raw_spectrum_vs_blumen_a020_m120_130_raw_modes.csv
1.275,0.2,3.220525944354494e-13,assets/blumen_gep/supersonic_raw_spectrum_vs_blumen_a020_m120_130_raw_modes.csv
1.275,0.2,4.43815587308617e-13,assets/blumen_gep/supersonic_raw_spectrum_vs_blumen_a020_m120_130_raw_modes.csv
1.275,0.2,5.872271955013807e-13,assets/blumen_gep/supersonic_raw_spectrum_vs_blumen_a020_m120_130_raw_modes.csv
1.275,0.2,7.625155260541442e-13,assets/blumen_gep/supersonic_raw_spectrum_vs_blumen_a020_m120_130_raw_modes.csv
1.275,0.2,0.0059676649858273,assets/blumen_gep/supersonic_raw_spectrum_vs_blumen_a020_m120_130_raw_modes.csv
1.275,0.2,9.60609881147679e-13,assets/blumen_gep/supersonic_raw_spectrum_vs_blumen_a020_m120_130_raw_modes.csv
1.275,0.2,1.1707052292858825e-12,assets/blumen_gep/supersonic_raw_spectrum_vs_blumen_a020_m120_130_raw_modes.csv
1.275,0.2,1.3754581493873712e-12,assets/blumen_gep/supersonic_raw_spectrum_vs_blumen_a020_m120_130_raw_modes.csv
1.275,0.2,1.5544381984472882e-12,assets/blumen_gep/supersonic_raw_spectrum_vs_blumen_a020_m120_130_raw_modes.csv
1.275,0.2,1.660714667071345e-12,assets/blumen_gep/supersonic_raw_spectrum_vs_blumen_a020_m120_130_raw_modes.csv
1.275,0.2,1.6331705295197836e-12,assets/blumen_gep/supersonic_raw_spectrum_vs_blumen_a020_m120_130_raw_modes.csv
1.275,0.2,1.3373280022756677e-12,assets/blumen_gep/supersonic_raw_spectrum_vs_blumen_a020_m120_130_raw_modes.csv
1.275,0.2,0.0062176747237405,assets/blumen_gep/supersonic_raw_spectrum_vs_blumen_a020_m120_130_raw_modes.csv
1.275,0.2,9.307682747604814e-13,assets/blumen_gep/supersonic_raw_spectrum_vs_blumen_a020_m120_130_raw_modes.csv
1.275,0.2,1.3404427357762764e-13,assets/blumen_gep/supersonic_raw_spectrum_vs_blumen_a020_m120_130_raw_modes.csv
1.275,0.2,5.224479859096558e-13,assets/blumen_gep/supersonic_raw_spectrum_vs_blumen_a020_m120_130_raw_modes.csv
1.275,0.2,1.817049031031777e-12,assets/blumen_gep/supersonic_raw_spectrum_vs_blumen_a020_m120_130_raw_modes.csv
1.275,0.2,3.277011048194784e-12,assets/blumen_gep/supersonic_raw_spectrum_vs_blumen_a020_m120_130_raw_modes.csv
1.275,0.2,6.906397698945485e-12,assets/blumen_gep/supersonic_raw_spectrum_vs_blumen_a020_m120_130_raw_modes.csv
1.275,0.2,8.354520805651806e-12,assets/blumen_gep/supersonic_raw_spectrum_vs_blumen_a020_m120_130_raw_modes.csv
1.275,0.2,9.298251621718776e-12,assets/blumen_gep/supersonic_raw_spectrum_vs_blumen_a020_m120_130_raw_modes.csv
1.275,0.2,9.803505094627764e-12,assets/blumen_gep/supersonic_raw_spectrum_vs_blumen_a020_m120_130_raw_modes.csv
1.275,0.2,9.73056047990158e-12,assets/blumen_gep/supersonic_raw_spectrum_vs_blumen_a020_m120_130_raw_modes.csv
1.275,0.2,9.125966733176663e-12,assets/blumen_gep/supersonic_raw_spectrum_vs_blumen_a020_m120_130_raw_modes.csv
1.275,0.2,8.095909564039923e-12,assets/blumen_gep/supersonic_raw_spectrum_vs_blumen_a020_m120_130_raw_modes.csv
1.275,0.2,6.794739815842402e-12,assets/blumen_gep/supersonic_raw_spectrum_vs_blumen_a020_m120_130_raw_modes.csv
1.275,0.2,5.432022181039994e-12,assets/blumen_gep/supersonic_raw_spectrum_vs_blumen_a020_m120_130_raw_modes.csv
1.275,0.2,4.128513256099144e-12,assets/blumen_gep/supersonic_raw_spectrum_vs_blumen_a020_m120_130_raw_modes.csv
1.275,0.2,3.024572139304263e-12,assets/blumen_gep/supersonic_raw_spectrum_vs_blumen_a020_m120_130_raw_modes.csv
1.275,0.2,2.1421635788889637e-12,assets/blumen_gep/supersonic_raw_spectrum_vs_blumen_a020_m120_130_raw_modes.csv
1.275,0.2,1.5445935775533525e-12,assets/blumen_gep/supersonic_raw_spectrum_vs_blumen_a020_m120_130_raw_modes.csv
1.275,0.2,1.152503985896715e-12,assets/blumen_gep/supersonic_raw_spectrum_vs_blumen_a020_m120_130_raw_modes.csv
1.275,0.2,9.67848424453979e-13,assets/blumen_gep/supersonic_raw_spectrum_vs_blumen_a020_m120_130_raw_modes.csv
1.275,0.2,8.65357557118344e-13,assets/blumen_gep/supersonic_raw_spectrum_vs_blumen_a020_m120_130_raw_modes.csv
1.275,0.2,8.634810271903516e-13,assets/blumen_gep/supersonic_raw_spectrum_vs_blumen_a020_m120_130_raw_modes.csv
1.275,0.2,8.94032837599895e-13,assets/blumen_gep/supersonic_raw_spectrum_vs_blumen_a020_m120_130_raw_modes.csv
1.275,0.2,9.082457253762392e-13,assets/blumen_gep/supersonic_raw_spectrum_vs_blumen_a020_m120_130_raw_modes.csv
1.275,0.2,9.086300615688697e-13,assets/blumen_gep/supersonic_raw_spectrum_vs_blumen_a020_m120_130_raw_modes.csv
1.275,0.2,8.995255348789138e-13,assets/blumen_gep/supersonic_raw_spectrum_vs_blumen_a020_m120_130_raw_modes.csv
1.275,0.2,7.496265675903277e-13,assets/blumen_gep/supersonic_raw_spectrum_vs_blumen_a020_m120_130_raw_modes.csv
1.275,0.2,7.480838402271088e-13,assets/blumen_gep/supersonic_raw_spectrum_vs_blumen_a020_m120_130_raw_modes.csv
1.275,0.2,5.653923191425925e-13,assets/blumen_gep/supersonic_raw_spectrum_vs_blumen_a020_m120_130_raw_modes.csv
1.275,0.2,9.676207170100305e-14,assets/blumen_gep/supersonic_raw_spectrum_vs_blumen_a020_m120_130_raw_modes.csv
1.275,0.2,3.313161724921836e-14,assets/blumen_gep/supersonic_raw_spectrum_vs_blumen_a020_m120_130_raw_modes.csv
1.275,0.2,1.3835317789595354e-14,assets/blumen_gep/supersonic_raw_spectrum_vs_blumen_a020_m120_130_raw_modes.csv
1.275,0.2,4.074486769843277e-13,assets/blumen_gep/supersonic_raw_spectrum_vs_blumen_a020_m120_130_raw_modes.csv
1.275,0.2,0.0065226244575441,assets/blumen_gep/supersonic_raw_spectrum_vs_blumen_a020_m120_130_raw_modes.csv
1.275,0.2,0.0067789181350476,assets/blumen_gep/supersonic_raw_spectrum_vs_blumen_a020_m120_130_raw_modes.csv
1.275,0.2,0.0067210466408475,assets/blumen_gep/supersonic_raw_spectrum_vs_blumen_a020_m120_130_raw_modes.csv
1.275,0.2,0.0063909053583832,assets/blumen_gep/supersonic_raw_spectrum_vs_blumen_a020_m120_130_raw_modes.csv
1.275,0.2,0.0060452456917199,assets/blumen_gep/supersonic_raw_spectrum_vs_blumen_a020_m120_130_raw_modes.csv
1.275,0.2,0.0057571497304339,assets/blumen_gep/supersonic_raw_spectrum_vs_blumen_a020_m120_130_raw_modes.csv
1.275,0.2,0.0055195491107047,assets/blumen_gep/supersonic_raw_spectrum_vs_blumen_a020_m120_130_raw_modes.csv
1.275,0.2,0.0053186080506751,assets/blumen_gep/supersonic_raw_spectrum_vs_blumen_a020_m120_130_raw_modes.csv
1.275,0.2,0.0051441888892489,assets/blumen_gep/supersonic_raw_spectrum_vs_blumen_a020_m120_130_raw_modes.csv
1.275,0.2,0.0049894765995827,assets/blumen_gep/supersonic_raw_spectrum_vs_blumen_a020_m120_130_raw_modes.csv
1.275,0.2,0.0048498423980506,assets/blumen_gep/supersonic_raw_spectrum_vs_blumen_a020_m120_130_raw_modes.csv
1.275,0.2,0.004722051155137,assets/blumen_gep/supersonic_raw_spectrum_vs_blumen_a020_m120_130_raw_modes.csv
1.275,0.2,0.0046037725132878,assets/blumen_gep/supersonic_raw_spectrum_vs_blumen_a020_m120_130_raw_modes.csv
1.275,0.2,0.0044932808113093,assets/blumen_gep/supersonic_raw_spectrum_vs_blumen_a020_m120_130_raw_modes.csv
1.275,0.2,0.0043892667268074,assets/blumen_gep/supersonic_raw_spectrum_vs_blumen_a020_m120_130_raw_modes.csv
1.275,0.2,0.0042907156029711,assets/blumen_gep/supersonic_raw_spectrum_vs_blumen_a020_m120_130_raw_modes.csv
1.275,0.2,0.0041968265578009,assets/blumen_gep/supersonic_raw_spectrum_vs_blumen_a020_m120_130_raw_modes.csv
1.275,0.2,0.0041069572454892,assets/blumen_gep/supersonic_raw_spectrum_vs_blumen_a020_m120_130_raw_modes.csv
1.275,0.2,0.0040205852042103,assets/blumen_gep/supersonic_raw_spectrum_vs_blumen_a020_m120_130_raw_modes.csv
1.275,0.2,0.0039372802106627,assets/blumen_gep/supersonic_raw_spectrum_vs_blumen_a020_m120_130_raw_modes.csv
1.275,0.2,0.0038566841139889,assets/blumen_gep/supersonic_raw_spectrum_vs_blumen_a020_m120_130_raw_modes.csv
1.275,0.2,0.0037784958639002,assets/blumen_gep/supersonic_raw_spectrum_vs_blumen_a020_m120_130_raw_modes.csv
1.275,0.2,0.0037024602154906,assets/blumen_gep/supersonic_raw_spectrum_vs_blumen_a020_m120_130_raw_modes.csv
1.275,0.2,0.0036283590865482,assets/blumen_gep/supersonic_raw_spectrum_vs_blumen_a020_m120_130_raw_modes.csv
1.275,0.2,0.0035560048568805,assets/blumen_gep/supersonic_raw_spectrum_vs_blumen_a020_m120_130_raw_modes.csv
1.275,0.2,0.0034852351116092,assets/blumen_gep/supersonic_raw_spectrum_vs_blumen_a020_m120_130_raw_modes.csv
1.275,0.2,0.0034159084733439,assets/blumen_gep/supersonic_raw_spectrum_vs_blumen_a020_m120_130_raw_modes.csv
1.275,0.2,0.003347901264176,assets/blumen_gep/supersonic_raw_spectrum_vs_blumen_a020_m120_130_raw_modes.csv
1.275,0.2,0.0032811048085586,assets/blumen_gep/supersonic_raw_spectrum_vs_blumen_a020_m120_130_raw_modes.csv
1.275,0.2,0.0032154232360458,assets/blumen_gep/supersonic_raw_spectrum_vs_blumen_a020_m120_130_raw_modes.csv
1.275,0.2,0.0031507716767615,assets/blumen_gep/supersonic_raw_spectrum_vs_blumen_a020_m120_130_raw_modes.csv
1.275,0.2,0.0030870747702462,assets/blumen_gep/supersonic_raw_spectrum_vs_blumen_a020_m120_130_raw_modes.csv
1.275,0.2,0.0030242654228106,assets/blumen_gep/supersonic_raw_spectrum_vs_blumen_a020_m120_130_raw_modes.csv
1.275,0.2,0.0029622837687088,assets/blumen_gep/supersonic_raw_spectrum_vs_blumen_a020_m120_130_raw_modes.csv
1.275,0.2,0.0029010762943856,assets/blumen_gep/supersonic_raw_spectrum_vs_blumen_a020_m120_130_raw_modes.csv
1.275,0.2,0.0028405950967585,assets/blumen_gep/supersonic_raw_spectrum_vs_blumen_a020_m120_130_raw_modes.csv
1.275,0.2,0.0027807972531464,assets/blumen_gep/supersonic_raw_spectrum_vs_blumen_a020_m120_130_raw_modes.csv
1.275,0.2,0.0027216442816088,assets/blumen_gep/supersonic_raw_spectrum_vs_blumen_a020_m120_130_raw_modes.csv
1.275,0.2,0.00266310167842,assets/blumen_gep/supersonic_raw_spectrum_vs_blumen_a020_m120_130_raw_modes.csv
1.275,0.2,0.0026051385190096,assets/blumen_gep/supersonic_raw_spectrum_vs_blumen_a020_m120_130_raw_modes.csv
1.275,0.2,0.002547727111947,assets/blumen_gep/supersonic_raw_spectrum_vs_blumen_a020_m120_130_raw_modes.csv
1.275,0.2,0.0024908426992707,assets/blumen_gep/supersonic_raw_spectrum_vs_blumen_a020_m120_130_raw_modes.csv
1.275,0.2,0.0024344631943236,assets/blumen_gep/supersonic_raw_spectrum_vs_blumen_a020_m120_130_raw_modes.csv
1.275,0.2,0.0023785689525088,assets/blumen_gep/supersonic_raw_spectrum_vs_blumen_a020_m120_130_raw_modes.csv
1.275,0.2,0.0023231425698114,assets/blumen_gep/supersonic_raw_spectrum_vs_blumen_a020_m120_130_raw_modes.csv
1.275,0.2,0.0022681687049414,assets/blumen_gep/supersonic_raw_spectrum_vs_blumen_a020_m120_130_raw_modes.csv
1.275,0.2,0.002213633922166,assets/blumen_gep/supersonic_raw_spectrum_vs_blumen_a020_m120_130_raw_modes.csv
1.275,0.2,0.0021595265509915,assets/blumen_gep/supersonic_raw_spectrum_vs_blumen_a020_m120_130_raw_modes.csv
1.275,0.2,0.0021058365614487,assets/blumen_gep/supersonic_raw_spectrum_vs_blumen_a020_m120_130_raw_modes.csv
1.275,0.2,0.0020525554517076,assets/blumen_gep/supersonic_raw_spectrum_vs_blumen_a020_m120_130_raw_modes.csv
1.275,0.2,0.0019996761469084,assets/blumen_gep/supersonic_raw_spectrum_vs_blumen_a020_m120_130_raw_modes.csv
1.275,0.2,0.0019471929071927,assets/blumen_gep/supersonic_raw_spectrum_vs_blumen_a020_m120_130_raw_modes.csv
1.275,0.2,0.0018951012435926,assets/blumen_gep/supersonic_raw_spectrum_vs_blumen_a020_m120_130_raw_modes.csv
1.275,0.2,0.0018433978402357,assets/blumen_gep/supersonic_raw_spectrum_vs_blumen_a020_m120_130_raw_modes.csv
1.275,0.2,0.0017920804826228,assets/blumen_gep/supersonic_raw_spectrum_vs_blumen_a020_m120_130_raw_modes.csv
1.275,0.2,0.0017411479895496,assets/blumen_gep/supersonic_raw_spectrum_vs_blumen_a020_m120_130_raw_modes.csv
1.275,0.2,0.0016906001487744,assets/blumen_gep/supersonic_raw_spectrum_vs_blumen_a020_m120_130_raw_modes.csv
1.275,0.2,0.0016404376546065,assets/blumen_gep/supersonic_raw_spectrum_vs_blumen_a020_m120_130_raw_modes.csv
1.275,0.2,0.0015906620473678,assets/blumen_gep/supersonic_raw_spectrum_vs_blumen_a020_m120_130_raw_modes.csv
1.275,0.2,0.0015412756527122,assets/blumen_gep/supersonic_raw_spectrum_vs_blumen_a020_m120_130_raw_modes.csv
1.275,0.2,0.001492281521206,assets/blumen_gep/supersonic_raw_spectrum_vs_blumen_a020_m120_130_raw_modes.csv
1.275,0.2,0.0014436833655153,assets/blumen_gep/supersonic_raw_spectrum_vs_blumen_a020_m120_130_raw_modes.csv
1.275,0.2,0.0013954854954615,assets/blumen_gep/supersonic_raw_spectrum_vs_blumen_a020_m120_130_raw_modes.csv
1.275,0.2,0.0013476927489785,assets/blumen_gep/supersonic_raw_spectrum_vs_blumen_a020_m120_130_raw_modes.csv
1.275,0.2,0.0013003104177255,assets/blumen_gep/supersonic_raw_spectrum_vs_blumen_a020_m120_130_raw_modes.csv
1.275,0.2,0.0012533441660009,assets/blumen_gep/supersonic_raw_spectrum_vs_blumen_a020_m120_130_raw_modes.csv
1.275,0.2,0.001206799940727,assets/blumen_gep/supersonic_raw_spectrum_vs_blumen_a020_m120_130_raw_modes.csv
1.275,0.2,0.0011606838694071,assets/blumen_gep/supersonic_raw_spectrum_vs_blumen_a020_m120_130_raw_modes.csv
1.275,0.2,0.0011150021427129,assets/blumen_gep/supersonic_raw_spectrum_vs_blumen_a020_m120_130_raw_modes.csv
1.275,0.2,0.0010697609025605,assets/blumen_gep/supersonic_raw_spectrum_vs_blumen_a020_m120_130_raw_modes.csv
1.275,0.2,0.0010249660399884,assets/blumen_gep/supersonic_raw_spectrum_vs_blumen_a020_m120_130_raw_modes.csv
1.275,0.2,0.0009806230650564,assets/blumen_gep/supersonic_raw_spectrum_vs_blumen_a020_m120_130_raw_modes.csv
1.275,0.2,0.0009367368483514,assets/blumen_gep/supersonic_raw_spectrum_vs_blumen_a020_m120_130_raw_modes.csv
1.275,0.2,0.000893311407149,assets/blumen_gep/supersonic_raw_spectrum_vs_blumen_a020_m120_130_raw_modes.csv
1.275,0.2,0.0008503495228086,assets/blumen_gep/supersonic_raw_spectrum_vs_blumen_a020_m120_130_raw_modes.csv
1.275,0.2,0.0008078523746799,assets/blumen_gep/supersonic_raw_spectrum_vs_blumen_a020_m120_130_raw_modes.csv
1.275,0.2,0.000765819082798,assets/blumen_gep/supersonic_raw_spectrum_vs_blumen_a020_m120_130_raw_modes.csv
1.275,0.2,0.0007242459755567,assets/blumen_gep/supersonic_raw_spectrum_vs_blumen_a020_m120_130_raw_modes.csv
1.275,0.2,0.000683125887302,assets/blumen_gep/supersonic_raw_spectrum_vs_blumen_a020_m120_130_raw_modes.csv
1.275,0.2,0.0006424469652617,assets/blumen_gep/supersonic_raw_spectrum_vs_blumen_a020_m120_130_raw_modes.csv
1.275,0.2,0.0006021913428059,assets/blumen_gep/supersonic_raw_spectrum_vs_blumen_a020_m120_130_raw_modes.csv
1.275,0.2,0.0005623330161173,assets/blumen_gep/supersonic_raw_spectrum_vs_blumen_a020_m120_130_raw_modes.csv
1.275,0.2,0.0005228351875606,assets/blumen_gep/supersonic_raw_spectrum_vs_blumen_a020_m120_130_raw_modes.csv
1.275,0.2,0.0004836461464418,assets/blumen_gep/supersonic_raw_spectrum_vs_blumen_a020_m120_130_raw_modes.csv
1.275,0.2,0.0004446932697414,assets/blumen_gep/supersonic_raw_spectrum_vs_blumen_a020_m120_130_raw_modes.csv
1.275,0.2,0.0004058736252987,assets/blumen_gep/supersonic_raw_spectrum_vs_blumen_a020_m120_130_raw_modes.csv
1.275,0.2,0.0003670387030623,assets/blumen_gep/supersonic_raw_spectrum_vs_blumen_a020_m120_130_raw_modes.csv
1.275,0.2,0.0003279680218524,assets/blumen_gep/supersonic_raw_spectrum_vs_blumen_a020_m120_130_raw_modes.csv
1.275,0.2,0.0002883198963023,assets/blumen_gep/supersonic_raw_spectrum_vs_blumen_a020_m120_130_raw_modes.csv
1.275,0.2,0.0002475300035013,assets/blumen_gep/supersonic_raw_spectrum_vs_blumen_a020_m120_130_raw_modes.csv
1.275,0.2,0.0002045698312687,assets/blumen_gep/supersonic_raw_spectrum_vs_blumen_a020_m120_130_raw_modes.csv
1.275,0.2,0.0001572238018977,assets/blumen_gep/supersonic_raw_spectrum_vs_blumen_a020_m120_130_raw_modes.csv
1.275,0.2,9.869689852937556e-05,assets/blumen_gep/supersonic_raw_spectrum_vs_blumen_a020_m120_130_raw_modes.csv
1.275,0.2,1.3191864850847898e-14,assets/blumen_gep/supersonic_raw_spectrum_vs_blumen_a020_m120_130_raw_modes.csv
1.275,0.2,7.927980373670617e-17,assets/blumen_gep/supersonic_raw_spectrum_vs_blumen_a020_m120_130_raw_modes.csv
1.275,0.2,3.7926045133877264e-13,assets/blumen_gep/supersonic_raw_spectrum_vs_blumen_a020_m120_130_raw_modes.csv
1.275,0.2,7.739143395248251e-17,assets/blumen_gep/supersonic_raw_spectrum_vs_blumen_a020_m120_130_raw_modes.csv
1.275,0.2,3.490021829622327e-16,assets/blumen_gep/supersonic_raw_spectrum_vs_blumen_a020_m120_130_raw_modes.csv
1.275,0.2,6.222612896732201e-16,assets/blumen_gep/supersonic_raw_spectrum_vs_blumen_a020_m120_130_raw_modes.csv
1.275,0.2,1.0120980341408437e-15,assets/blumen_gep/supersonic_raw_spectrum_vs_blumen_a020_m120_130_raw_modes.csv
1.275,0.2,1.5674332866361512e-16,assets/blumen_gep/supersonic_raw_spectrum_vs_blumen_a020_m120_130_raw_modes.csv
1.275,0.2,5.4890153350295125e-17,assets/blumen_gep/supersonic_raw_spectrum_vs_blumen_a020_m120_130_raw_modes.csv
1.275,0.2,2.841399420064776e-17,assets/blumen_gep/supersonic_raw_spectrum_vs_blumen_a020_m120_130_raw_modes.csv
1.275,0.2,2.7213244930201295e-17,assets/blumen_gep/supersonic_raw_spectrum_vs_blumen_a020_m120_130_raw_modes.csv
1.275,0.2,4.0582350472017513e-16,assets/blumen_gep/supersonic_raw_spectrum_vs_blumen_a020_m120_130_raw_modes.csv
1.275,0.2,1.6398634188948442e-17,assets/blumen_gep/supersonic_raw_spectrum_vs_blumen_a020_m120_130_raw_modes.csv
1.275,0.2,9.734852708885366e-18,assets/blumen_gep/supersonic_raw_spectrum_vs_blumen_a020_m120_130_raw_modes.csv
1.275,0.2,4.8593315480762936e-18,assets/blumen_gep/supersonic_raw_spectrum_vs_blumen_a020_m120_130_raw_modes.csv
1.275,0.2,2.7489591948997178e-17,assets/blumen_gep/supersonic_raw_spectrum_vs_blumen_a020_m120_130_raw_modes.csv
1.275,0.2,9.946213186817367e-17,assets/blumen_gep/supersonic_raw_spectrum_vs_blumen_a020_m120_130_raw_modes.csv
1.275,0.2,9.621797684602108e-17,assets/blumen_gep/supersonic_raw_spectrum_vs_blumen_a020_m120_130_raw_modes.csv
1.275,0.2,6.55935260407191e-17,assets/blumen_gep/supersonic_raw_spectrum_vs_blumen_a020_m120_130_raw_modes.csv
1.275,0.2,5.574905382378489e-17,assets/blumen_gep/supersonic_raw_spectrum_vs_blumen_a020_m120_130_raw_modes.csv
1.3,0.2,0.0267110594036997,assets/blumen_gep/supersonic_blumen_eigencondition_audit_a020_m120_130_map_grid.csv
1.3,0.2,0.0287110594036997,assets/blumen_gep/supersonic_blumen_eigencondition_audit_a020_m120_130_map_grid.csv
1.3,0.2,0.0307110594036997,assets/blumen_gep/supersonic_blumen_eigencondition_audit_a020_m120_130_map_grid.csv
1.3,0.2,0.0327110594036997,assets/blumen_gep/supersonic_blumen_eigencondition_audit_a020_m120_130_map_grid.csv
1.3,0.2,0.0347110594036997,assets/blumen_gep/supersonic_blumen_eigencondition_audit_a020_m120_130_map_grid.csv
1.3,0.2,0.0367110594036997,assets/blumen_gep/supersonic_blumen_eigencondition_audit_a020_m120_130_map_grid.csv
1.3,0.2,0.0387110594036997,assets/blumen_gep/supersonic_blumen_eigencondition_audit_a020_m120_130_map_grid.csv
1.3,0.2,0.0407110594036997,assets/blumen_gep/supersonic_blumen_eigencondition_audit_a020_m120_130_map_grid.csv
1.3,0.2,0.0427110594036997,assets/blumen_gep/supersonic_blumen_eigencondition_audit_a020_m120_130_map_grid.csv
1.3,0.2,0.0447110594036997,assets/blumen_gep/supersonic_blumen_eigencondition_audit_a020_m120_130_map_grid.csv
1.3,0.2,0.0467110594036997,assets/blumen_gep/supersonic_blumen_eigencondition_audit_a020_m120_130_map_grid.csv
1.3,0.2,0.0487110594036997,assets/blumen_gep/supersonic_blumen_eigencondition_audit_a020_m120_130_map_grid.csv
1.3,0.2,0.0507110594036997,assets/blumen_gep/supersonic_blumen_eigencondition_audit_a020_m120_130_map_grid.csv
1.3,0.2,0.0527110594036997,assets/blumen_gep/supersonic_blumen_eigencondition_audit_a020_m120_130_map_grid.csv
1.3,0.2,0.0547110594036997,assets/blumen_gep/supersonic_blumen_eigencondition_audit_a020_m120_130_map_grid.csv
1.3,0.2,0.0567110594036997,assets/blumen_gep/supersonic_blumen_eigencondition_audit_a020_m120_130_map_grid.csv
1.3,0.2,0.0587110594036997,assets/blumen_gep/supersonic_blumen_eigencondition_audit_a020_m120_130_map_grid.csv
1.3,0.2,0.0607110594036997,assets/blumen_gep/supersonic_blumen_eigencondition_audit_a020_m120_130_map_grid.csv
1.3,0.2,0.0627110594036997,assets/blumen_gep/supersonic_blumen_eigencondition_audit_a020_m120_130_map_grid.csv
1.3,0.2,0.0647110594036997,assets/blumen_gep/supersonic_blumen_eigencondition_audit_a020_m120_130_map_grid.csv
1.3,0.2,0.0667110594036997,assets/blumen_gep/supersonic_blumen_eigencondition_audit_a020_m120_130_map_grid.csv
1.3,0.2,0.0076156757568558,assets/blumen_gep/supersonic_raw_spectrum_vs_blumen_a020_m120_130_nearest.csv
1.3,0.2,0.0077487271430406,assets/blumen_gep/supersonic_raw_spectrum_vs_blumen_a020_m120_130_nearest.csv
1.3,0.2,0.007480705348654,assets/blumen_gep/supersonic_raw_spectrum_vs_blumen_a020_m120_130_nearest.csv
1.3,0.2,0.0078796629575756,assets/blumen_gep/supersonic_raw_spectrum_vs_blumen_a020_m120_130_nearest.csv
1.3,0.2,0.007344002699022,assets/blumen_gep/supersonic_raw_spectrum_vs_blumen_a020_m120_130_nearest.csv
1.3,0.2,0.0080082931973011,assets/blumen_gep/supersonic_raw_spectrum_vs_blumen_a020_m120_130_nearest.csv
1.3,0.2,0.0072057315593776,assets/blumen_gep/supersonic_raw_spectrum_vs_blumen_a020_m120_130_nearest.csv
1.3,0.2,0.008134454018021,assets/blumen_gep/supersonic_raw_spectrum_vs_blumen_a020_m120_130_nearest.csv
1.3,0.2,0.0070660219763801,assets/blumen_gep/supersonic_raw_spectrum_vs_blumen_a020_m120_130_nearest.csv
1.3,0.2,0.0082580305766414,assets/blumen_gep/supersonic_raw_spectrum_vs_blumen_a020_m120_130_nearest.csv
1.3,0.2,0.0069249615827785,assets/blumen_gep/supersonic_raw_spectrum_vs_blumen_a020_m120_130_nearest.csv
1.3,0.2,0.0083789826888323,assets/blumen_gep/supersonic_raw_spectrum_vs_blumen_a020_m120_130_nearest.csv
1.3,0.2,0.0049845560310672,assets/blumen_gep/supersonic_raw_spectrum_vs_blumen_a020_m120_130_nearest.csv
1.3,0.2,0.0050497957402572,assets/blumen_gep/supersonic_raw_spectrum_vs_blumen_a020_m120_130_nearest.csv
1.3,0.2,0.0049186816881693,assets/blumen_gep/supersonic_raw_spectrum_vs_blumen_a020_m120_130_nearest.csv
1.3,0.2,0.0051143612348699,assets/blumen_gep/supersonic_raw_spectrum_vs_blumen_a020_m120_130_nearest.csv
1.3,0.2,0.004852211717269,assets/blumen_gep/supersonic_raw_spectrum_vs_blumen_a020_m120_130_nearest.csv
1.3,0.2,0.0051782142793447,assets/blumen_gep/supersonic_raw_spectrum_vs_blumen_a020_m120_130_nearest.csv
1.3,0.2,0.0047851828723632,assets/blumen_gep/supersonic_raw_spectrum_vs_blumen_a020_m120_130_nearest.csv
1.3,0.2,0.0052413201516517,assets/blumen_gep/supersonic_raw_spectrum_vs_blumen_a020_m120_130_nearest.csv
1.3,0.2,0.0047176281959947,assets/blumen_gep/supersonic_raw_spectrum_vs_blumen_a020_m120_130_nearest.csv
1.3,0.2,0.0053036500763563,assets/blumen_gep/supersonic_raw_spectrum_vs_blumen_a020_m120_130_nearest.csv
1.3,0.2,0.0046495757477104,assets/blumen_gep/supersonic_raw_spectrum_vs_blumen_a020_m120_130_nearest.csv
1.3,0.2,0.00536518389766,assets/blumen_gep/supersonic_raw_spectrum_vs_blumen_a020_m120_130_nearest.csv
1.3,0.2,0.0038087948631461,assets/blumen_gep/supersonic_raw_spectrum_vs_blumen_a020_m120_130_nearest.csv
1.3,0.2,0.0038505461893603,assets/blumen_gep/supersonic_raw_spectrum_vs_blumen_a020_m120_130_nearest.csv
1.3,0.2,0.0037667247486615,assets/blumen_gep/supersonic_raw_spectrum_vs_blumen_a020_m120_130_nearest.csv
1.3,0.2,0.0038919639929209,assets/blumen_gep/supersonic_raw_spectrum_vs_blumen_a020_m120_130_nearest.csv
1.3,0.2,0.003724350551191,assets/blumen_gep/supersonic_raw_spectrum_vs_blumen_a020_m120_130_nearest.csv
1.3,0.2,0.0039330340125157,assets/blumen_gep/supersonic_raw_spectrum_vs_blumen_a020_m120_130_nearest.csv
1.3,0.2,0.0036816864931801,assets/blumen_gep/supersonic_raw_spectrum_vs_blumen_a020_m120_130_nearest.csv
1.3,0.2,0.003973743019088,assets/blumen_gep/supersonic_raw_spectrum_vs_blumen_a020_m120_130_nearest.csv
1.3,0.2,0.0036387459042308,assets/blumen_gep/supersonic_raw_spectrum_vs_blumen_a020_m120_130_nearest.csv
1.3,0.2,0.0040140794196258,assets/blumen_gep/supersonic_raw_spectrum_vs_blumen_a020_m120_130_nearest.csv
1.3,0.2,0.0035955408570669,assets/blumen_gep/supersonic_raw_spectrum_vs_blumen_a020_m120_130_nearest.csv
1.3,0.2,0.0040540339205092,assets/blumen_gep/supersonic_raw_spectrum_vs_blumen_a020_m120_130_nearest.csv
1.3,0.2,0.0067825881568658,assets/blumen_gep/supersonic_raw_spectrum_vs_blumen_a020_m120_130_raw_modes.csv
1.3,0.2,0.0084973725787619,assets/blumen_gep/supersonic_raw_spectrum_vs_blumen_a020_m120_130_raw_modes.csv
1.3,0.2,0.0066388827173852,assets/blumen_gep/supersonic_raw_spectrum_vs_blumen_a020_m120_130_raw_modes.csv
1.3,0.2,0.0086133938334999,assets/blumen_gep/supersonic_raw_spectrum_vs_blumen_a020_m120_130_raw_modes.csv
1.3,0.2,0.0064937623953869,assets/blumen_gep/supersonic_raw_spectrum_vs_blumen_a020_m120_130_raw_modes.csv
1.3,0.2,0.0087274007936174,assets/blumen_gep/supersonic_raw_spectrum_vs_blumen_a020_m120_130_raw_modes.csv
1.3,0.2,0.0063470722787955,assets/blumen_gep/supersonic_raw_spectrum_vs_blumen_a020_m120_130_raw_modes.csv
1.3,0.2,0.0088399381063998,assets/blumen_gep/supersonic_raw_spectrum_vs_blumen_a020_m120_130_raw_modes.csv
1.3,0.2,0.0061985753375995,assets/blumen_gep/supersonic_raw_spectrum_vs_blumen_a020_m120_130_raw_modes.csv
1.3,0.2,0.0089517711472945,assets/blumen_gep/supersonic_raw_spectrum_vs_blumen_a020_m120_130_raw_modes.csv
1.3,0.2,0.0060479393581332,assets/blumen_gep/supersonic_raw_spectrum_vs_blumen_a020_m120_130_raw_modes.csv
1.3,0.2,0.0090639194979545,assets/blumen_gep/supersonic_raw_spectrum_vs_blumen_a020_m120_130_raw_modes.csv
1.3,0.2,0.0058947195062193,assets/blumen_gep/supersonic_raw_spectrum_vs_blumen_a020_m120_130_raw_modes.csv
1.3,0.2,0.0091776977285564,assets/blumen_gep/supersonic_raw_spectrum_vs_blumen_a020_m120_130_raw_modes.csv
1.3,0.2,0.0057383346181564,assets/blumen_gep/supersonic_raw_spectrum_vs_blumen_a020_m120_130_raw_modes.csv
1.3,0.2,0.0092947705266062,assets/blumen_gep/supersonic_raw_spectrum_vs_blumen_a020_m120_130_raw_modes.csv
1.3,0.2,0.0055780344759898,assets/blumen_gep/supersonic_raw_spectrum_vs_blumen_a020_m120_130_raw_modes.csv
1.3,0.2,0.0094172331866396,assets/blumen_gep/supersonic_raw_spectrum_vs_blumen_a020_m120_130_raw_modes.csv
1.3,0.2,0.0054128538743663,assets/blumen_gep/supersonic_raw_spectrum_vs_blumen_a020_m120_130_raw_modes.csv
1.3,0.2,0.0095477346074104,assets/blumen_gep/supersonic_raw_spectrum_vs_blumen_a020_m120_130_raw_modes.csv
1.3,0.2,0.1892045458838688,assets/blumen_gep/supersonic_raw_spectrum_vs_blumen_a020_m120_130_raw_modes.csv
1.3,0.2,0.0052415469640994,assets/blumen_gep/supersonic_raw_spectrum_vs_blumen_a020_m120_130_raw_modes.csv
1.3,0.2,0.0096896701795451,assets/blumen_gep/supersonic_raw_spectrum_vs_blumen_a020_m120_130_raw_modes.csv
1.3,0.2,0.0050624911202305,assets/blumen_gep/supersonic_raw_spectrum_vs_blumen_a020_m120_130_raw_modes.csv
1.3,0.2,0.0098474899407598,assets/blumen_gep/supersonic_raw_spectrum_vs_blumen_a020_m120_130_raw_modes.csv
1.3,0.2,0.0048735421166792,assets/blumen_gep/supersonic_raw_spectrum_vs_blumen_a020_m120_130_raw_modes.csv
1.3,0.2,0.0100271994549362,assets/blumen_gep/supersonic_raw_spectrum_vs_blumen_a020_m120_130_raw_modes.csv
1.3,0.2,0.0046718080354037,assets/blumen_gep/supersonic_raw_spectrum_vs_blumen_a020_m120_130_raw_modes.csv
1.3,0.2,0.0102371851400554,assets/blumen_gep/supersonic_raw_spectrum_vs_blumen_a020_m120_130_raw_modes.csv
1.3,0.2,0.004453280425212,assets/blumen_gep/supersonic_raw_spectrum_vs_blumen_a020_m120_130_raw_modes.csv
1.3,0.2,0.0104895630186234,assets/blumen_gep/supersonic_raw_spectrum_vs_blumen_a020_m120_130_raw_modes.csv
1.3,0.2,0.004212198363564,assets/blumen_gep/supersonic_raw_spectrum_vs_blumen_a020_m120_130_raw_modes.csv
1.3,0.2,0.0108021513363568,assets/blumen_gep/supersonic_raw_spectrum_vs_blumen_a020_m120_130_raw_modes.csv
1.3,0.2,0.0039398711310601,assets/blumen_gep/supersonic_raw_spectrum_vs_blumen_a020_m120_130_raw_modes.csv
1.3,0.2,0.0111994515910658,assets/blumen_gep/supersonic_raw_spectrum_vs_blumen_a020_m120_130_raw_modes.csv
1.3,0.2,0.0036222813095476,assets/blumen_gep/supersonic_raw_spectrum_vs_blumen_a020_m120_130_raw_modes.csv
1.3,0.2,0.0116974173322375,assets/blumen_gep/supersonic_raw_spectrum_vs_blumen_a020_m120_130_raw_modes.csv
1.3,0.2,0.0032345026970787,assets/blumen_gep/supersonic_raw_spectrum_vs_blumen_a020_m120_130_raw_modes.csv
1.3,0.2,0.0121890158097834,assets/blumen_gep/supersonic_raw_spectrum_vs_blumen_a020_m120_130_raw_modes.csv
1.3,0.2,0.0027246702558744,assets/blumen_gep/supersonic_raw_spectrum_vs_blumen_a020_m120_130_raw_modes.csv
1.3,0.2,0.0122398297539261,assets/blumen_gep/supersonic_raw_spectrum_vs_blumen_a020_m120_130_raw_modes.csv
1.3,0.2,0.0019453683993015,assets/blumen_gep/supersonic_raw_spectrum_vs_blumen_a020_m120_130_raw_modes.csv
1.3,0.2,0.0117041800436464,assets/blumen_gep/supersonic_raw_spectrum_vs_blumen_a020_m120_130_raw_modes.csv
1.3,0.2,1.0398959651428529e-12,assets/blumen_gep/supersonic_raw_spectrum_vs_blumen_a020_m120_130_raw_modes.csv
1.3,0.2,0.0110410354355586,assets/blumen_gep/supersonic_raw_spectrum_vs_blumen_a020_m120_130_raw_modes.csv
1.3,0.2,9.670609827783809e-13,assets/blumen_gep/supersonic_raw_spectrum_vs_blumen_a020_m120_130_raw_modes.csv
1.3,0.2,0.0104658888803982,assets/blumen_gep/supersonic_raw_spectrum_vs_blumen_a020_m120_130_raw_modes.csv
1.3,0.2,0.0019453683763426,assets/blumen_gep/supersonic_raw_spectrum_vs_blumen_a020_m120_130_raw_modes.csv
1.3,0.2,0.0099845558837187,assets/blumen_gep/supersonic_raw_spectrum_vs_blumen_a020_m120_130_raw_modes.csv
1.3,0.2,0.0027246702429557,assets/blumen_gep/supersonic_raw_spectrum_vs_blumen_a020_m120_130_raw_modes.csv
1.3,0.2,0.0095726612216434,assets/blumen_gep/supersonic_raw_spectrum_vs_blumen_a020_m120_130_raw_modes.csv
1.3,0.2,0.003234502688098,assets/blumen_gep/supersonic_raw_spectrum_vs_blumen_a020_m120_130_raw_modes.csv
1.3,0.2,0.0092105944064344,assets/blumen_gep/supersonic_raw_spectrum_vs_blumen_a020_m120_130_raw_modes.csv
1.3,0.2,0.0036222813020939,assets/blumen_gep/supersonic_raw_spectrum_vs_blumen_a020_m120_130_raw_modes.csv
1.3,0.2,0.0088850241534747,assets/blumen_gep/supersonic_raw_spectrum_vs_blumen_a020_m120_130_raw_modes.csv
1.3,0.2,0.0039398711245322,assets/blumen_gep/supersonic_raw_spectrum_vs_blumen_a020_m120_130_raw_modes.csv
1.3,0.2,0.0085869381897776,assets/blumen_gep/supersonic_raw_spectrum_vs_blumen_a020_m120_130_raw_modes.csv
1.3,0.2,0.0042121983577172,assets/blumen_gep/supersonic_raw_spectrum_vs_blumen_a020_m120_130_raw_modes.csv
1.3,0.2,0.008310090755729,assets/blumen_gep/supersonic_raw_spectrum_vs_blumen_a020_m120_130_raw_modes.csv
1.3,0.2,0.004453280419915,assets/blumen_gep/supersonic_raw_spectrum_vs_blumen_a020_m120_130_raw_modes.csv
1.3,0.2,0.0080500236608361,assets/blumen_gep/supersonic_raw_spectrum_vs_blumen_a020_m120_130_raw_modes.csv
1.3,0.2,0.00467180803035,assets/blumen_gep/supersonic_raw_spectrum_vs_blumen_a020_m120_130_raw_modes.csv
1.3,0.2,0.0078034648538298,assets/blumen_gep/supersonic_raw_spectrum_vs_blumen_a020_m120_130_raw_modes.csv
1.3,0.2,0.0048735421118734,assets/blumen_gep/supersonic_raw_spectrum_vs_blumen_a020_m120_130_raw_modes.csv
1.3,0.2,0.0075679529029583,assets/blumen_gep/supersonic_raw_spectrum_vs_blumen_a020_m120_130_raw_modes.csv
1.3,0.2,0.005062491115636,assets/blumen_gep/supersonic_raw_spectrum_vs_blumen_a020_m120_130_raw_modes.csv
1.3,0.2,0.007341596201346,assets/blumen_gep/supersonic_raw_spectrum_vs_blumen_a020_m120_130_raw_modes.csv
1.3,0.2,0.0052415469597022,assets/blumen_gep/supersonic_raw_spectrum_vs_blumen_a020_m120_130_raw_modes.csv
1.3,0.2,0.0071229141674776,assets/blumen_gep/supersonic_raw_spectrum_vs_blumen_a020_m120_130_raw_modes.csv
1.3,0.2,0.0054128538700521,assets/blumen_gep/supersonic_raw_spectrum_vs_blumen_a020_m120_130_raw_modes.csv
1.3,0.2,0.0069107297001992,assets/blumen_gep/supersonic_raw_spectrum_vs_blumen_a020_m120_130_raw_modes.csv
1.3,0.2,0.005578034471721,assets/blumen_gep/supersonic_raw_spectrum_vs_blumen_a020_m120_130_raw_modes.csv
1.3,0.2,0.0067040945574538,assets/blumen_gep/supersonic_raw_spectrum_vs_blumen_a020_m120_130_raw_modes.csv
1.3,0.2,0.005738334615108,assets/blumen_gep/supersonic_raw_spectrum_vs_blumen_a020_m120_130_raw_modes.csv
1.3,0.2,0.0065022364477762,assets/blumen_gep/supersonic_raw_spectrum_vs_blumen_a020_m120_130_raw_modes.csv
1.3,0.2,0.0058947195021412,assets/blumen_gep/supersonic_raw_spectrum_vs_blumen_a020_m120_130_raw_modes.csv
1.3,0.2,0.0063045207805897,assets/blumen_gep/supersonic_raw_spectrum_vs_blumen_a020_m120_130_raw_modes.csv
1.3,0.2,0.0060479393542098,assets/blumen_gep/supersonic_raw_spectrum_vs_blumen_a020_m120_130_raw_modes.csv
1.3,0.2,0.0061104225395573,assets/blumen_gep/supersonic_raw_spectrum_vs_blumen_a020_m120_130_raw_modes.csv
1.3,0.2,0.0061985753337455,assets/blumen_gep/supersonic_raw_spectrum_vs_blumen_a020_m120_130_raw_modes.csv
1.3,0.2,0.0059195052834666,assets/blumen_gep/supersonic_raw_spectrum_vs_blumen_a020_m120_130_raw_modes.csv
1.3,0.2,0.0063470722749994,assets/blumen_gep/supersonic_raw_spectrum_vs_blumen_a020_m120_130_raw_modes.csv
1.3,0.2,0.0057314052590683,assets/blumen_gep/supersonic_raw_spectrum_vs_blumen_a020_m120_130_raw_modes.csv
1.3,0.2,0.0064937623917234,assets/blumen_gep/supersonic_raw_spectrum_vs_blumen_a020_m120_130_raw_modes.csv
1.3,0.2,0.0055458192397709,assets/blumen_gep/supersonic_raw_spectrum_vs_blumen_a020_m120_130_raw_modes.csv
1.3,0.2,0.0066388827137636,assets/blumen_gep/supersonic_raw_spectrum_vs_blumen_a020_m120_130_raw_modes.csv
1.3,0.2,0.0053624951218271,assets/blumen_gep/supersonic_raw_spectrum_vs_blumen_a020_m120_130_raw_modes.csv
1.3,0.2,0.0067825881532456,assets/blumen_gep/supersonic_raw_spectrum_vs_blumen_a020_m120_130_raw_modes.csv
1.3,0.2,0.0051812245890969,assets/blumen_gep/supersonic_raw_spectrum_vs_blumen_a020_m120_130_raw_modes.csv
1.3,0.2,0.0069249615792967,assets/blumen_gep/supersonic_raw_spectrum_vs_blumen_a020_m120_130_raw_modes.csv
1.3,0.2,0.0050018373456925,assets/blumen_gep/supersonic_raw_spectrum_vs_blumen_a020_m120_130_raw_modes.csv
1.3,0.2,0.0048241965534978,assets/blumen_gep/supersonic_raw_spectrum_vs_blumen_a020_m120_130_raw_modes.csv
1.3,0.2,0.0070660219730317,assets/blumen_gep/supersonic_raw_spectrum_vs_blumen_a020_m120_130_raw_modes.csv
1.3,0.2,0.0046481952030227,assets/blumen_gep/supersonic_raw_spectrum_vs_blumen_a020_m120_130_raw_modes.csv
1.3,0.2,0.0072057315560977,assets/blumen_gep/supersonic_raw_spectrum_vs_blumen_a020_m120_130_raw_modes.csv
1.3,0.2,0.0044737532098937,assets/blumen_gep/supersonic_raw_spectrum_vs_blumen_a020_m120_130_raw_modes.csv
1.3,0.2,0.0073440026958527,assets/blumen_gep/supersonic_raw_spectrum_vs_blumen_a020_m120_130_raw_modes.csv
1.3,0.2,0.0043008150821656,assets/blumen_gep/supersonic_raw_spectrum_vs_blumen_a020_m120_130_raw_modes.csv
1.3,0.2,0.0074807053455856,assets/blumen_gep/supersonic_raw_spectrum_vs_blumen_a020_m120_130_raw_modes.csv
1.3,0.2,0.0041293480351578,assets/blumen_gep/supersonic_raw_spectrum_vs_blumen_a020_m120_130_raw_modes.csv
1.3,0.2,0.0076156757538544,assets/blumen_gep/supersonic_raw_spectrum_vs_blumen_a020_m120_130_raw_modes.csv
1.3,0.2,0.0039593404569137,assets/blumen_gep/supersonic_raw_spectrum_vs_blumen_a020_m120_130_raw_modes.csv
1.3,0.2,0.0077487271401735,assets/blumen_gep/supersonic_raw_spectrum_vs_blumen_a020_m120_130_raw_modes.csv
1.3,0.2,0.0037908006476808,assets/blumen_gep/supersonic_raw_spectrum_vs_blumen_a020_m120_130_raw_modes.csv
1.3,0.2,0.0036237557642355,assets/blumen_gep/supersonic_raw_spectrum_vs_blumen_a020_m120_130_raw_modes.csv
1.3,0.2,0.0078796629548563,assets/blumen_gep/supersonic_raw_spectrum_vs_blumen_a020_m120_130_raw_modes.csv
1.3,0.2,0.0034582509259383,assets/blumen_gep/supersonic_raw_spectrum_vs_blumen_a020_m120_130_raw_modes.csv
1.3,0.2,0.0080082931946586,assets/blumen_gep/supersonic_raw_spectrum_vs_blumen_a020_m120_130_raw_modes.csv
1.3,0.2,0.003294348413523,assets/blumen_gep/supersonic_raw_spectrum_vs_blumen_a020_m120_130_raw_modes.csv
1.3,0.2,0.0081344540154918,assets/blumen_gep/supersonic_raw_spectrum_vs_blumen_a020_m120_130_raw_modes.csv
1.3,0.2,0.0031321269458869,assets/blumen_gep/supersonic_raw_spectrum_vs_blumen_a020_m120_130_raw_modes.csv
1.3,0.2,0.0082580305742284,assets/blumen_gep/supersonic_raw_spectrum_vs_blumen_a020_m120_130_raw_modes.csv
1.3,0.2,0.0029716809704952,assets/blumen_gep/supersonic_raw_spectrum_vs_blumen_a020_m120_130_raw_modes.csv
1.3,0.2,0.0028131199417758,assets/blumen_gep/supersonic_raw_spectrum_vs_blumen_a020_m120_130_raw_modes.csv
1.3,0.2,0.0083789826866158,assets/blumen_gep/supersonic_raw_spectrum_vs_blumen_a020_m120_130_raw_modes.csv
1.3,0.2,0.0026565675425659,assets/blumen_gep/supersonic_raw_spectrum_vs_blumen_a020_m120_130_raw_modes.csv
1.3,0.2,0.0084973725765597,assets/blumen_gep/supersonic_raw_spectrum_vs_blumen_a020_m120_130_raw_modes.csv
1.3,0.2,0.0025021608134013,assets/blumen_gep/supersonic_raw_spectrum_vs_blumen_a020_m120_130_raw_modes.csv
1.3,0.2,0.0023500491403012,assets/blumen_gep/supersonic_raw_spectrum_vs_blumen_a020_m120_130_raw_modes.csv
1.3,0.2,0.008613393831413,assets/blumen_gep/supersonic_raw_spectrum_vs_blumen_a020_m120_130_raw_modes.csv
1.3,0.2,0.0022003930541683,assets/blumen_gep/supersonic_raw_spectrum_vs_blumen_a020_m120_130_raw_modes.csv
1.3,0.2,0.0087274007916581,assets/blumen_gep/supersonic_raw_spectrum_vs_blumen_a020_m120_130_raw_modes.csv
1.3,0.2,0.0020533627835784,assets/blumen_gep/supersonic_raw_spectrum_vs_blumen_a020_m120_130_raw_modes.csv
1.3,0.2,0.0019091364885891,assets/blumen_gep/supersonic_raw_spectrum_vs_blumen_a020_m120_130_raw_modes.csv
1.3,0.2,0.008839938104592,assets/blumen_gep/supersonic_raw_spectrum_vs_blumen_a020_m120_130_raw_modes.csv
1.3,0.2,0.1892045458837943,assets/blumen_gep/supersonic_raw_spectrum_vs_blumen_a020_m120_130_raw_modes.csv
1.3,0.2,0.0017678980861618,assets/blumen_gep/supersonic_raw_spectrum_vs_blumen_a020_m120_130_raw_modes.csv
1.3,0.2,0.0089517711455692,assets/blumen_gep/supersonic_raw_spectrum_vs_blumen_a020_m120_130_raw_modes.csv
1.3,0.2,0.0016298345435242,assets/blumen_gep/supersonic_raw_spectrum_vs_blumen_a020_m120_130_raw_modes.csv
1.3,0.2,0.0014951324645764,assets/blumen_gep/supersonic_raw_spectrum_vs_blumen_a020_m120_130_raw_modes.csv
1.3,0.2,0.0090639194963217,assets/blumen_gep/supersonic_raw_spectrum_vs_blumen_a020_m120_130_raw_modes.csv
1.3,0.2,0.0013639737177432,assets/blumen_gep/supersonic_raw_spectrum_vs_blumen_a020_m120_130_raw_modes.csv
1.3,0.2,0.0012365296929648,assets/blumen_gep/supersonic_raw_spectrum_vs_blumen_a020_m120_130_raw_modes.csv
1.3,0.2,0.0091776977270229,assets/blumen_gep/supersonic_raw_spectrum_vs_blumen_a020_m120_130_raw_modes.csv
1.3,0.2,0.0011129535334327,assets/blumen_gep/supersonic_raw_spectrum_vs_blumen_a020_m120_130_raw_modes.csv
1.3,0.2,0.0009933692013454,assets/blumen_gep/supersonic_raw_spectrum_vs_blumen_a020_m120_130_raw_modes.csv
1.3,0.2,0.0092947705251495,assets/blumen_gep/supersonic_raw_spectrum_vs_blumen_a020_m120_130_raw_modes.csv
1.3,0.2,0.0008778552586826,assets/blumen_gep/supersonic_raw_spectrum_vs_blumen_a020_m120_130_raw_modes.csv
1.3,0.2,0.0007664192982363,assets/blumen_gep/supersonic_raw_spectrum_vs_blumen_a020_m120_130_raw_modes.csv
1.3,0.2,0.0006589543597891,assets/blumen_gep/supersonic_raw_spectrum_vs_blumen_a020_m120_130_raw_modes.csv
1.3,0.2,0.009417233185291,assets/blumen_gep/supersonic_raw_spectrum_vs_blumen_a020_m120_130_raw_modes.csv
1.3,0.2,0.0005551572685617,assets/blumen_gep/supersonic_raw_spectrum_vs_blumen_a020_m120_130_raw_modes.csv
1.3,0.2,0.0004543557947541,assets/blumen_gep/supersonic_raw_spectrum_vs_blumen_a020_m120_130_raw_modes.csv
1.3,0.2,0.0003550757511968,assets/blumen_gep/supersonic_raw_spectrum_vs_blumen_a020_m120_130_raw_modes.csv
1.3,0.2,0.0095477346061882,assets/blumen_gep/supersonic_raw_spectrum_vs_blumen_a020_m120_130_raw_modes.csv
1.3,0.2,0.0002536265591474,assets/blumen_gep/supersonic_raw_spectrum_vs_blumen_a020_m120_130_raw_modes.csv
1.3,0.2,0.0001359893582066,assets/blumen_gep/supersonic_raw_spectrum_vs_blumen_a020_m120_130_raw_modes.csv
1.3,0.2,8.359844865266968e-13,assets/blumen_gep/supersonic_raw_spectrum_vs_blumen_a020_m120_130_raw_modes.csv
1.3,0.2,3.7166525943155066e-13,assets/blumen_gep/supersonic_raw_spectrum_vs_blumen_a020_m120_130_raw_modes.csv
1.3,0.2,0.0096896701782711,assets/blumen_gep/supersonic_raw_spectrum_vs_blumen_a020_m120_130_raw_modes.csv
1.3,0.2,5.835807598365183e-13,assets/blumen_gep/supersonic_raw_spectrum_vs_blumen_a020_m120_130_raw_modes.csv
1.3,0.2,2.7526662669046017e-13,assets/blumen_gep/supersonic_raw_spectrum_vs_blumen_a020_m120_130_raw_modes.csv
1.3,0.2,4.957278205307493e-13,assets/blumen_gep/supersonic_raw_spectrum_vs_blumen_a020_m120_130_raw_modes.csv
1.3,0.2,8.739395525900289e-13,assets/blumen_gep/supersonic_raw_spectrum_vs_blumen_a020_m120_130_raw_modes.csv
1.3,0.2,1.6730444095077945e-12,assets/blumen_gep/supersonic_raw_spectrum_vs_blumen_a020_m120_130_raw_modes.csv
1.3,0.2,3.0474583128008933e-12,assets/blumen_gep/supersonic_raw_spectrum_vs_blumen_a020_m120_130_raw_modes.csv
1.3,0.2,0.0098474899396533,assets/blumen_gep/supersonic_raw_spectrum_vs_blumen_a020_m120_130_raw_modes.csv
1.3,0.2,5.052025523270416e-12,assets/blumen_gep/supersonic_raw_spectrum_vs_blumen_a020_m120_130_raw_modes.csv
1.3,0.2,7.068772541232576e-12,assets/blumen_gep/supersonic_raw_spectrum_vs_blumen_a020_m120_130_raw_modes.csv
1.3,0.2,9.525290038417417e-12,assets/blumen_gep/supersonic_raw_spectrum_vs_blumen_a020_m120_130_raw_modes.csv
1.3,0.2,1.1276435598443716e-11,assets/blumen_gep/supersonic_raw_spectrum_vs_blumen_a020_m120_130_raw_modes.csv
1.3,0.2,1.1537877532382765e-11,assets/blumen_gep/supersonic_raw_spectrum_vs_blumen_a020_m120_130_raw_modes.csv
1.3,0.2,1.046377409516128e-11,assets/blumen_gep/supersonic_raw_spectrum_vs_blumen_a020_m120_130_raw_modes.csv
1.3,0.2,8.426723569360514e-12,assets/blumen_gep/supersonic_raw_spectrum_vs_blumen_a020_m120_130_raw_modes.csv
1.3,0.2,5.955894307647816e-12,assets/blumen_gep/supersonic_raw_spectrum_vs_blumen_a020_m120_130_raw_modes.csv
1.3,0.2,3.6471409790513246e-12,assets/blumen_gep/supersonic_raw_spectrum_vs_blumen_a020_m120_130_raw_modes.csv
1.3,0.2,2.010198655933729e-12,assets/blumen_gep/supersonic_raw_spectrum_vs_blumen_a020_m120_130_raw_modes.csv
1.3,0.2,1.04608398706681e-12,assets/blumen_gep/supersonic_raw_spectrum_vs_blumen_a020_m120_130_raw_modes.csv
1.3,0.2,6.303047774085976e-14,assets/blumen_gep/supersonic_raw_spectrum_vs_blumen_a020_m120_130_raw_modes.csv
1.3,0.2,4.007709899424299e-14,assets/blumen_gep/supersonic_raw_spectrum_vs_blumen_a020_m120_130_raw_modes.csv
1.3,0.2,8.40177217642924e-14,assets/blumen_gep/supersonic_raw_spectrum_vs_blumen_a020_m120_130_raw_modes.csv
1.3,0.2,2.888613966146878e-13,assets/blumen_gep/supersonic_raw_spectrum_vs_blumen_a020_m120_130_raw_modes.csv
1.3,0.2,4.779657330730392e-13,assets/blumen_gep/supersonic_raw_spectrum_vs_blumen_a020_m120_130_raw_modes.csv
1.3,0.2,3.2733943288973226e-13,assets/blumen_gep/supersonic_raw_spectrum_vs_blumen_a020_m120_130_raw_modes.csv
1.3,0.2,5.447873609479408e-14,assets/blumen_gep/supersonic_raw_spectrum_vs_blumen_a020_m120_130_raw_modes.csv
1.3,0.2,6.063692384969706e-14,assets/blumen_gep/supersonic_raw_spectrum_vs_blumen_a020_m120_130_raw_modes.csv
1.3,0.2,1.0395743113888219e-13,assets/blumen_gep/supersonic_raw_spectrum_vs_blumen_a020_m120_130_raw_modes.csv
1.3,0.2,0.0100271994537894,assets/blumen_gep/supersonic_raw_spectrum_vs_blumen_a020_m120_130_raw_modes.csv
1.3,0.2,0.010237185139098,assets/blumen_gep/supersonic_raw_spectrum_vs_blumen_a020_m120_130_raw_modes.csv
1.3,0.2,0.010489563017706,assets/blumen_gep/supersonic_raw_spectrum_vs_blumen_a020_m120_130_raw_modes.csv
1.3,0.2,0.0108021513354429,assets/blumen_gep/supersonic_raw_spectrum_vs_blumen_a020_m120_130_raw_modes.csv
1.3,0.2,0.0111994515901855,assets/blumen_gep/supersonic_raw_spectrum_vs_blumen_a020_m120_130_raw_modes.csv
1.3,0.2,0.011697417331111,assets/blumen_gep/supersonic_raw_spectrum_vs_blumen_a020_m120_130_raw_modes.csv
1.3,0.2,0.012189015808849,assets/blumen_gep/supersonic_raw_spectrum_vs_blumen_a020_m120_130_raw_modes.csv
1.3,0.2,0.0122398297534454,assets/blumen_gep/supersonic_raw_spectrum_vs_blumen_a020_m120_130_raw_modes.csv
1.3,0.2,0.0117041800431104,assets/blumen_gep/supersonic_raw_spectrum_vs_blumen_a020_m120_130_raw_modes.csv
1.3,0.2,0.011041035434661,assets/blumen_gep/supersonic_raw_spectrum_vs_blumen_a020_m120_130_raw_modes.csv
1.3,0.2,0.0104658888795253,assets/blumen_gep/supersonic_raw_spectrum_vs_blumen_a020_m120_130_raw_modes.csv
1.3,0.2,0.009984555882746,assets/blumen_gep/supersonic_raw_spectrum_vs_blumen_a020_m120_130_raw_modes.csv
1.3,0.2,0.0095726612207028,assets/blumen_gep/supersonic_raw_spectrum_vs_blumen_a020_m120_130_raw_modes.csv
1.3,0.2,0.0092105944054,assets/blumen_gep/supersonic_raw_spectrum_vs_blumen_a020_m120_130_raw_modes.csv
1.3,0.2,0.0088850241522345,assets/blumen_gep/supersonic_raw_spectrum_vs_blumen_a020_m120_130_raw_modes.csv
1.3,0.2,0.0085869381887425,assets/blumen_gep/supersonic_raw_spectrum_vs_blumen_a020_m120_130_raw_modes.csv
1.3,0.2,0.0083100907545631,assets/blumen_gep/supersonic_raw_spectrum_vs_blumen_a020_m120_130_raw_modes.csv
1.3,0.2,0.0080500236596309,assets/blumen_gep/supersonic_raw_spectrum_vs_blumen_a020_m120_130_raw_modes.csv
1.3,0.2,0.0078034648525748,assets/blumen_gep/supersonic_raw_spectrum_vs_blumen_a020_m120_130_raw_modes.csv
1.3,0.2,0.0075679529016276,assets/blumen_gep/supersonic_raw_spectrum_vs_blumen_a020_m120_130_raw_modes.csv
1.3,0.2,0.0073415962000401,assets/blumen_gep/supersonic_raw_spectrum_vs_blumen_a020_m120_130_raw_modes.csv
1.3,0.2,0.007122914166292,assets/blumen_gep/supersonic_raw_spectrum_vs_blumen_a020_m120_130_raw_modes.csv
1.3,0.2,0.0069107296987815,assets/blumen_gep/supersonic_raw_spectrum_vs_blumen_a020_m120_130_raw_modes.csv
1.3,0.2,0.0067040945560422,assets/blumen_gep/supersonic_raw_spectrum_vs_blumen_a020_m120_130_raw_modes.csv
1.3,0.2,0.0065022364463298,assets/blumen_gep/supersonic_raw_spectrum_vs_blumen_a020_m120_130_raw_modes.csv
1.3,0.2,0.0063045207791971,assets/blumen_gep/supersonic_raw_spectrum_vs_blumen_a020_m120_130_raw_modes.csv
1.3,0.2,0.0061104225382117,assets/blumen_gep/supersonic_raw_spectrum_vs_blumen_a020_m120_130_raw_modes.csv
1.3,0.2,0.0059195052821312,assets/blumen_gep/supersonic_raw_spectrum_vs_blumen_a020_m120_130_raw_modes.csv
1.3,0.2,0.0057314052575824,assets/blumen_gep/supersonic_raw_spectrum_vs_blumen_a020_m120_130_raw_modes.csv
1.3,0.2,0.0055458192381832,assets/blumen_gep/supersonic_raw_spectrum_vs_blumen_a020_m120_130_raw_modes.csv
1.3,0.2,0.0053624951203514,assets/blumen_gep/supersonic_raw_spectrum_vs_blumen_a020_m120_130_raw_modes.csv
1.3,0.2,0.0051812245877416,assets/blumen_gep/supersonic_raw_spectrum_vs_blumen_a020_m120_130_raw_modes.csv
1.3,0.2,0.0050018373442436,assets/blumen_gep/supersonic_raw_spectrum_vs_blumen_a020_m120_130_raw_modes.csv
1.3,0.2,0.0048241965520998,assets/blumen_gep/supersonic_raw_spectrum_vs_blumen_a020_m120_130_raw_modes.csv
1.3,0.2,0.0046481952015562,assets/blumen_gep/supersonic_raw_spectrum_vs_blumen_a020_m120_130_raw_modes.csv
1.3,0.2,0.0044737532083625,assets/blumen_gep/supersonic_raw_spectrum_vs_blumen_a020_m120_130_raw_modes.csv
1.3,0.2,0.0043008150805964,assets/blumen_gep/supersonic_raw_spectrum_vs_blumen_a020_m120_130_raw_modes.csv
1.3,0.2,0.0041293480335994,assets/blumen_gep/supersonic_raw_spectrum_vs_blumen_a020_m120_130_raw_modes.csv
1.3,0.2,0.0039593404555394,assets/blumen_gep/supersonic_raw_spectrum_vs_blumen_a020_m120_130_raw_modes.csv
1.3,0.2,0.0037908006461664,assets/blumen_gep/supersonic_raw_spectrum_vs_blumen_a020_m120_130_raw_modes.csv
1.3,0.2,0.0036237557635233,assets/blumen_gep/supersonic_raw_spectrum_vs_blumen_a020_m120_130_raw_modes.csv
1.3,0.2,0.003458250924577,assets/blumen_gep/supersonic_raw_spectrum_vs_blumen_a020_m120_130_raw_modes.csv
1.3,0.2,0.0032943484121199,assets/blumen_gep/supersonic_raw_spectrum_vs_blumen_a020_m120_130_raw_modes.csv
1.3,0.2,0.0031321269446739,assets/blumen_gep/supersonic_raw_spectrum_vs_blumen_a020_m120_130_raw_modes.csv
1.3,0.2,0.0029716809696532,assets/blumen_gep/supersonic_raw_spectrum_vs_blumen_a020_m120_130_raw_modes.csv
1.3,0.2,0.0028131199410215,assets/blumen_gep/supersonic_raw_spectrum_vs_blumen_a020_m120_130_raw_modes.csv
1.3,0.2,0.0026565675421209,assets/blumen_gep/supersonic_raw_spectrum_vs_blumen_a020_m120_130_raw_modes.csv
1.3,0.2,0.0025021608134436,assets/blumen_gep/supersonic_raw_spectrum_vs_blumen_a020_m120_130_raw_modes.csv
1.3,0.2,0.0023500491409778,assets/blumen_gep/supersonic_raw_spectrum_vs_blumen_a020_m120_130_raw_modes.csv
1.3,0.2,0.0022003930557906,assets/blumen_gep/supersonic_raw_spectrum_vs_blumen_a020_m120_130_raw_modes.csv
1.3,0.2,0.0020533627863473,assets/blumen_gep/supersonic_raw_spectrum_vs_blumen_a020_m120_130_raw_modes.csv
1.3,0.2,0.0019091364929829,assets/blumen_gep/supersonic_raw_spectrum_vs_blumen_a020_m120_130_raw_modes.csv
1.3,0.2,0.0017678980927899,assets/blumen_gep/supersonic_raw_spectrum_vs_blumen_a020_m120_130_raw_modes.csv
1.3,0.2,0.0016298345528137,assets/blumen_gep/supersonic_raw_spectrum_vs_blumen_a020_m120_130_raw_modes.csv
1.3,0.2,0.0014951324779096,assets/blumen_gep/supersonic_raw_spectrum_vs_blumen_a020_m120_130_raw_modes.csv
1.3,0.2,0.0013639737358023,assets/blumen_gep/supersonic_raw_spectrum_vs_blumen_a020_m120_130_raw_modes.csv
1.3,0.2,0.0012365297166052,assets/blumen_gep/supersonic_raw_spectrum_vs_blumen_a020_m120_130_raw_modes.csv
1.3,0.2,0.0011129535651839,assets/blumen_gep/supersonic_raw_spectrum_vs_blumen_a020_m120_130_raw_modes.csv
1.3,0.2,0.0009933692452454,assets/blumen_gep/supersonic_raw_spectrum_vs_blumen_a020_m120_130_raw_modes.csv
1.3,0.2,0.000877855307339,assets/blumen_gep/supersonic_raw_spectrum_vs_blumen_a020_m120_130_raw_modes.csv
1.3,0.2,0.0007664193678898,assets/blumen_gep/supersonic_raw_spectrum_vs_blumen_a020_m120_130_raw_modes.csv
1.3,0.2,0.0006589544419985,assets/blumen_gep/supersonic_raw_spectrum_vs_blumen_a020_m120_130_raw_modes.csv
1.3,0.2,0.0005551573678697,assets/blumen_gep/supersonic_raw_spectrum_vs_blumen_a020_m120_130_raw_modes.csv
1.3,0.2,0.0004543559158585,assets/blumen_gep/supersonic_raw_spectrum_vs_blumen_a020_m120_130_raw_modes.csv
1.3,0.2,0.0003550759019942,assets/blumen_gep/supersonic_raw_spectrum_vs_blumen_a020_m120_130_raw_modes.csv
1.3,0.2,0.0002536267592045,assets/blumen_gep/supersonic_raw_spectrum_vs_blumen_a020_m120_130_raw_modes.csv
1.3,0.2,0.00013598970152,assets/blumen_gep/supersonic_raw_spectrum_vs_blumen_a020_m120_130_raw_modes.csv
1.3,0.2,1.122861132464869e-15,assets/blumen_gep/supersonic_raw_spectrum_vs_blumen_a020_m120_130_raw_modes.csv
1.3,0.2,2.316398794136011e-15,assets/blumen_gep/supersonic_raw_spectrum_vs_blumen_a020_m120_130_raw_modes.csv
1.3,0.2,7.749911484011245e-17,assets/blumen_gep/supersonic_raw_spectrum_vs_blumen_a020_m120_130_raw_modes.csv
1.3,0.2,2.656343198680898e-16,assets/blumen_gep/supersonic_raw_spectrum_vs_blumen_a020_m120_130_raw_modes.csv
1.3,0.2,1.124436744982442e-16,assets/blumen_gep/supersonic_raw_spectrum_vs_blumen_a020_m120_130_raw_modes.csv
1.3,0.2,1.320616380776976e-16,assets/blumen_gep/supersonic_raw_spectrum_vs_blumen_a020_m120_130_raw_modes.csv
1.3,0.2,1.2407522791796995e-16,assets/blumen_gep/supersonic_raw_spectrum_vs_blumen_a020_m120_130_raw_modes.csv
1.3,0.2,1.2988902289627615e-16,assets/blumen_gep/supersonic_raw_spectrum_vs_blumen_a020_m120_130_raw_modes.csv
1.3,0.2,2.424496927366126e-16,assets/blumen_gep/supersonic_raw_spectrum_vs_blumen_a020_m120_130_raw_modes.csv
1.3,0.2,3.809744751668303e-16,assets/blumen_gep/supersonic_raw_spectrum_vs_blumen_a020_m120_130_raw_modes.csv
1.3,0.2,6.233796625898416e-16,assets/blumen_gep/supersonic_raw_spectrum_vs_blumen_a020_m120_130_raw_modes.csv
1.3,0.2,1.2336994184091468e-16,assets/blumen_gep/supersonic_raw_spectrum_vs_blumen_a020_m120_130_raw_modes.csv
1.3,0.2,6.49529170598196e-17,assets/blumen_gep/supersonic_raw_spectrum_vs_blumen_a020_m120_130_raw_modes.csv
1.3,0.2,1.3330807726579022e-15,assets/blumen_gep/supersonic_raw_spectrum_vs_blumen_a020_m120_130_raw_modes.csv
1.3,0.2,2.526385375569116e-16,assets/blumen_gep/supersonic_raw_spectrum_vs_blumen_a020_m120_130_raw_modes.csv
1.3,0.2,2.290938902584879e-15,assets/blumen_gep/supersonic_raw_spectrum_vs_blumen_a020_m120_130_raw_modes.csv
1.3,0.2,4.950501645740945e-15,assets/blumen_gep/supersonic_raw_spectrum_vs_blumen_a020_m120_130_raw_modes.csv
1.3,0.2,1.5196494308630335e-14,assets/blumen_gep/supersonic_raw_spectrum_vs_blumen_a020_m120_130_raw_modes.csv
1.3,0.2,8.692490797220646e-15,assets/blumen_gep/supersonic_raw_spectrum_vs_blumen_a020_m120_130_raw_modes.csv
1.3,0.2,1.7697822347428615e-14,assets/blumen_gep/supersonic_raw_spectrum_vs_blumen_a020_m120_130_raw_modes.csv
1.3,0.2,1.7933629627444583e-14,assets/blumen_gep/supersonic_raw_spectrum_vs_blumen_a020_m120_130_raw_modes.csv
1.3,0.2,3.063385092407563e-14,assets/blumen_gep/supersonic_raw_spectrum_vs_blumen_a020_m120_130_raw_modes.csv
1.3,0.2,7.426731241270572e-14,assets/blumen_gep/supersonic_raw_spectrum_vs_blumen_a020_m120_130_raw_modes.csv
1.3,0.2,8.029084063466993e-14,assets/blumen_gep/supersonic_raw_spectrum_vs_blumen_a020_m120_130_raw_modes.csv
1.3,0.2,8.071632903864499e-13,assets/blumen_gep/supersonic_raw_spectrum_vs_blumen_a020_m120_130_raw_modes.csv
1.3,0.2,1.1146922723892423e-13,assets/blumen_gep/supersonic_raw_spectrum_vs_blumen_a020_m120_130_raw_modes.csv
1.3,0.2,1.738877785927535e-13,assets/blumen_gep/supersonic_raw_spectrum_vs_blumen_a020_m120_130_raw_modes.csv
1.3,0.2,7.764592463252559e-14,assets/blumen_gep/supersonic_raw_spectrum_vs_blumen_a020_m120_130_raw_modes.csv
1.3,0.2,7.21633291006809e-13,assets/blumen_gep/supersonic_raw_spectrum_vs_blumen_a020_m120_130_raw_modes.csv
1.3,0.2,3.4599186813421268e-15,assets/blumen_gep/supersonic_raw_spectrum_vs_blumen_a020_m120_130_raw_modes.csv
1.3,0.2,2.025276154792689e-14,assets/blumen_gep/supersonic_raw_spectrum_vs_blumen_a020_m120_130_raw_modes.csv
1.3,0.2,1.0242799628337911e-14,assets/blumen_gep/supersonic_raw_spectrum_vs_blumen_a020_m120_130_raw_modes.csv
1.3,0.2,3.989143167535824e-14,assets/blumen_gep/supersonic_raw_spectrum_vs_blumen_a020_m120_130_raw_modes.csv
1.3,0.2,2.9264079062447434e-16,assets/blumen_gep/supersonic_raw_spectrum_vs_blumen_a020_m120_130_raw_modes.csv
1.3,0.2,4.425777126613747e-15,assets/blumen_gep/supersonic_raw_spectrum_vs_blumen_a020_m120_130_raw_modes.csv
1.3,0.2,5.49199725693172e-16,assets/blumen_gep/supersonic_raw_spectrum_vs_blumen_a020_m120_130_raw_modes.csv
1.3,0.2,4.880289912013721e-17,assets/blumen_gep/supersonic_raw_spectrum_vs_blumen_a020_m120_130_raw_modes.csv
1.3,0.2,1.2260463808718454e-16,assets/blumen_gep/supersonic_raw_spectrum_vs_blumen_a020_m120_130_raw_modes.csv
1.3,0.2,1.0028542615075192e-15,assets/blumen_gep/supersonic_raw_spectrum_vs_blumen_a020_m120_130_raw_modes.csv
1.3,0.2,1.351402769438638e-16,assets/blumen_gep/supersonic_raw_spectrum_vs_blumen_a020_m120_130_raw_modes.csv
1.3,0.2,6.536081641248643e-16,assets/blumen_gep/supersonic_raw_spectrum_vs_blumen_a020_m120_130_raw_modes.csv
1.3,0.2,2.7452835024770302e-17,assets/blumen_gep/supersonic_raw_spectrum_vs_blumen_a020_m120_130_raw_modes.csv
1.3,0.2,4.387126386506407e-15,assets/blumen_gep/supersonic_raw_spectrum_vs_blumen_a020_m120_130_raw_modes.csv
1.3,0.2,5.182840790873704e-16,assets/blumen_gep/supersonic_raw_spectrum_vs_blumen_a020_m120_130_raw_modes.csv
1.3,0.2,1.0951537326800067e-16,assets/blumen_gep/supersonic_raw_spectrum_vs_blumen_a020_m120_130_raw_modes.csv
1.3,0.2,0.00458104748871,assets/blumen_gep/supersonic_raw_spectrum_vs_blumen_a020_m120_130_raw_modes.csv
1.3,0.2,0.0054259129974,assets/blumen_gep/supersonic_raw_spectrum_vs_blumen_a020_m120_130_raw_modes.csv
1.3,0.2,0.0045120582803839,assets/blumen_gep/supersonic_raw_spectrum_vs_blumen_a020_m120_130_raw_modes.csv
1.3,0.2,0.0054858434028851,assets/blumen_gep/supersonic_raw_spectrum_vs_blumen_a020_m120_130_raw_modes.csv
1.3,0.2,0.0044426149694625,assets/blumen_gep/supersonic_raw_spectrum_vs_blumen_a020_m120_130_raw_modes.csv
1.3,0.2,0.0055449990721476,assets/blumen_gep/supersonic_raw_spectrum_vs_blumen_a020_m120_130_raw_modes.csv
1.3,0.2,0.0043727155001067,assets/blumen_gep/supersonic_raw_spectrum_vs_blumen_a020_m120_130_raw_modes.csv
1.3,0.2,0.0056034253110361,assets/blumen_gep/supersonic_raw_spectrum_vs_blumen_a020_m120_130_raw_modes.csv
1.3,0.2,0.0043023480321074,assets/blumen_gep/supersonic_raw_spectrum_vs_blumen_a020_m120_130_raw_modes.csv
1.3,0.2,0.0056611923008517,assets/blumen_gep/supersonic_raw_spectrum_vs_blumen_a020_m120_130_raw_modes.csv
1.3,0.2,0.0042314899995098,assets/blumen_gep/supersonic_raw_spectrum_vs_blumen_a020_m120_130_raw_modes.csv
1.3,0.2,0.0057183987287023,assets/blumen_gep/supersonic_raw_spectrum_vs_blumen_a020_m120_130_raw_modes.csv
1.3,0.2,0.0041601070845495,assets/blumen_gep/supersonic_raw_spectrum_vs_blumen_a020_m120_130_raw_modes.csv
1.3,0.2,0.0057751755491004,assets/blumen_gep/supersonic_raw_spectrum_vs_blumen_a020_m120_130_raw_modes.csv
1.3,0.2,0.0040881520319559,assets/blumen_gep/supersonic_raw_spectrum_vs_blumen_a020_m120_130_raw_modes.csv
1.3,0.2,0.0058316899435835,assets/blumen_gep/supersonic_raw_spectrum_vs_blumen_a020_m120_130_raw_modes.csv
1.3,0.2,0.0040155632647706,assets/blumen_gep/supersonic_raw_spectrum_vs_blumen_a020_m120_130_raw_modes.csv
1.3,0.2,0.0058881496192569,assets/blumen_gep/supersonic_raw_spectrum_vs_blumen_a020_m120_130_raw_modes.csv
1.3,0.2,0.0039422632180289,assets/blumen_gep/supersonic_raw_spectrum_vs_blumen_a020_m120_130_raw_modes.csv
1.3,0.2,0.0059448076606834,assets/blumen_gep/supersonic_raw_spectrum_vs_blumen_a020_m120_130_raw_modes.csv
1.3,0.2,0.0038681563167331,assets/blumen_gep/supersonic_raw_spectrum_vs_blumen_a020_m120_130_raw_modes.csv
1.3,0.2,0.0060019682617507,assets/blumen_gep/supersonic_raw_spectrum_vs_blumen_a020_m120_130_raw_modes.csv
1.3,0.2,0.0037931264726694,assets/blumen_gep/supersonic_raw_spectrum_vs_blumen_a020_m120_130_raw_modes.csv
1.3,0.2,0.0060599938008419,assets/blumen_gep/supersonic_raw_spectrum_vs_blumen_a020_m120_130_raw_modes.csv
1.3,0.2,0.0037170340045298,assets/blumen_gep/supersonic_raw_spectrum_vs_blumen_a020_m120_130_raw_modes.csv
1.3,0.2,0.0061193139123669,assets/blumen_gep/supersonic_raw_spectrum_vs_blumen_a020_m120_130_raw_modes.csv
1.3,0.2,0.003639711741527,assets/blumen_gep/supersonic_raw_spectrum_vs_blumen_a020_m120_130_raw_modes.csv
1.3,0.2,0.0061804374663937,assets/blumen_gep/supersonic_raw_spectrum_vs_blumen_a020_m120_130_raw_modes.csv
1.3,0.2,0.0035609601339472,assets/blumen_gep/supersonic_raw_spectrum_vs_blumen_a020_m120_130_raw_modes.csv
1.3,0.2,0.0062439687489004,assets/blumen_gep/supersonic_raw_spectrum_vs_blumen_a020_m120_130_raw_modes.csv
1.3,0.2,0.0034805410075193,assets/blumen_gep/supersonic_raw_spectrum_vs_blumen_a020_m120_130_raw_modes.csv
1.3,0.2,0.0063106297043089,assets/blumen_gep/supersonic_raw_spectrum_vs_blumen_a020_m120_130_raw_modes.csv
1.3,0.2,0.0033981694895136,assets/blumen_gep/supersonic_raw_spectrum_vs_blumen_a020_m120_130_raw_modes.csv
1.3,0.2,0.0063812909905874,assets/blumen_gep/supersonic_raw_spectrum_vs_blumen_a020_m120_130_raw_modes.csv
1.3,0.2,0.1892376675005651,assets/blumen_gep/supersonic_raw_spectrum_vs_blumen_a020_m120_130_raw_modes.csv
1.3,0.2,0.0033135035081616,assets/blumen_gep/supersonic_raw_spectrum_vs_blumen_a020_m120_130_raw_modes.csv
1.3,0.2,0.0064570160244062,assets/blumen_gep/supersonic_raw_spectrum_vs_blumen_a020_m120_130_raw_modes.csv
1.3,0.2,0.0032261299097724,assets/blumen_gep/supersonic_raw_spectrum_vs_blumen_a020_m120_130_raw_modes.csv
1.3,0.2,0.0065391245383958,assets/blumen_gep/supersonic_raw_spectrum_vs_blumen_a020_m120_130_raw_modes.csv
1.3,0.2,0.0031355457259168,assets/blumen_gep/supersonic_raw_spectrum_vs_blumen_a020_m120_130_raw_modes.csv
1.3,0.2,0.006629286156249,assets/blumen_gep/supersonic_raw_spectrum_vs_blumen_a020_m120_130_raw_modes.csv
1.3,0.2,0.0030411326613782,assets/blumen_gep/supersonic_raw_spectrum_vs_blumen_a020_m120_130_raw_modes.csv
1.3,0.2,0.0067296613737346,assets/blumen_gep/supersonic_raw_spectrum_vs_blumen_a020_m120_130_raw_modes.csv
1.3,0.2,0.0029421212725845,assets/blumen_gep/supersonic_raw_spectrum_vs_blumen_a020_m120_130_raw_modes.csv
1.3,0.2,0.006843119523379,assets/blumen_gep/supersonic_raw_spectrum_vs_blumen_a020_m120_130_raw_modes.csv
1.3,0.2,0.002837539757245,assets/blumen_gep/supersonic_raw_spectrum_vs_blumen_a020_m120_130_raw_modes.csv
1.3,0.2,0.006973584886468,assets/blumen_gep/supersonic_raw_spectrum_vs_blumen_a020_m120_130_raw_modes.csv
1.3,0.2,0.0027261382414183,assets/blumen_gep/supersonic_raw_spectrum_vs_blumen_a020_m120_130_raw_modes.csv
1.3,0.2,0.007126598490882,assets/blumen_gep/supersonic_raw_spectrum_vs_blumen_a020_m120_130_raw_modes.csv
1.3,0.2,0.0026062731071475,assets/blumen_gep/supersonic_raw_spectrum_vs_blumen_a020_m120_130_raw_modes.csv
1.3,0.2,0.0073102290235123,assets/blumen_gep/supersonic_raw_spectrum_vs_blumen_a020_m120_130_raw_modes.csv
1.3,0.2,0.0024757224127399,assets/blumen_gep/supersonic_raw_spectrum_vs_blumen_a020_m120_130_raw_modes.csv
1.3,0.2,0.0075364115853072,assets/blumen_gep/supersonic_raw_spectrum_vs_blumen_a020_m120_130_raw_modes.csv
1.3,0.2,0.0023313753855398,assets/blumen_gep/supersonic_raw_spectrum_vs_blumen_a020_m120_130_raw_modes.csv
1.3,0.2,0.0078217448216581,assets/blumen_gep/supersonic_raw_spectrum_vs_blumen_a020_m120_130_raw_modes.csv
1.3,0.2,0.0021686734550598,assets/blumen_gep/supersonic_raw_spectrum_vs_blumen_a020_m120_130_raw_modes.csv
1.3,0.2,0.0081784204062817,assets/blumen_gep/supersonic_raw_spectrum_vs_blumen_a020_m120_130_raw_modes.csv
1.3,0.2,0.001980508623515,assets/blumen_gep/supersonic_raw_spectrum_vs_blumen_a020_m120_130_raw_modes.csv
1.3,0.2,0.0085424548848227,assets/blumen_gep/supersonic_raw_spectrum_vs_blumen_a020_m120_130_raw_modes.csv
1.3,0.2,0.001754755983352,assets/blumen_gep/supersonic_raw_spectrum_vs_blumen_a020_m120_130_raw_modes.csv
1.3,0.2,0.0086239133577017,assets/blumen_gep/supersonic_raw_spectrum_vs_blumen_a020_m120_130_raw_modes.csv
1.3,0.2,0.0014675316554482,assets/blumen_gep/supersonic_raw_spectrum_vs_blumen_a020_m120_130_raw_modes.csv
1.3,0.2,0.0082857778939031,assets/blumen_gep/supersonic_raw_spectrum_vs_blumen_a020_m120_130_raw_modes.csv
1.3,0.2,0.0010565115126305,assets/blumen_gep/supersonic_raw_spectrum_vs_blumen_a020_m120_130_raw_modes.csv
1.3,0.2,0.0078390510596251,assets/blumen_gep/supersonic_raw_spectrum_vs_blumen_a020_m120_130_raw_modes.csv
1.3,0.2,5.247614527723266e-13,assets/blumen_gep/supersonic_raw_spectrum_vs_blumen_a020_m120_130_raw_modes.csv
1.3,0.2,0.0074509214676724,assets/blumen_gep/supersonic_raw_spectrum_vs_blumen_a020_m120_130_raw_modes.csv
1.3,0.2,1.195991103899869e-13,assets/blumen_gep/supersonic_raw_spectrum_vs_blumen_a020_m120_130_raw_modes.csv
1.3,0.2,9.515153713561681e-14,assets/blumen_gep/supersonic_raw_spectrum_vs_blumen_a020_m120_130_raw_modes.csv
1.3,0.2,0.0071300250049412,assets/blumen_gep/supersonic_raw_spectrum_vs_blumen_a020_m120_130_raw_modes.csv
1.3,0.2,1.0841802758372328e-13,assets/blumen_gep/supersonic_raw_spectrum_vs_blumen_a020_m120_130_raw_modes.csv
1.3,0.2,0.0068595001893483,assets/blumen_gep/supersonic_raw_spectrum_vs_blumen_a020_m120_130_raw_modes.csv
1.3,0.2,0.0066252926168589,assets/blumen_gep/supersonic_raw_spectrum_vs_blumen_a020_m120_130_raw_modes.csv
1.3,0.2,0.0010565113456121,assets/blumen_gep/supersonic_raw_spectrum_vs_blumen_a020_m120_130_raw_modes.csv
1.3,0.2,0.0064177920931504,assets/blumen_gep/supersonic_raw_spectrum_vs_blumen_a020_m120_130_raw_modes.csv
1.3,0.2,0.0014675315419507,assets/blumen_gep/supersonic_raw_spectrum_vs_blumen_a020_m120_130_raw_modes.csv
1.3,0.2,0.0062304967558584,assets/blumen_gep/supersonic_raw_spectrum_vs_blumen_a020_m120_130_raw_modes.csv
1.3,0.2,0.001754755887746,assets/blumen_gep/supersonic_raw_spectrum_vs_blumen_a020_m120_130_raw_modes.csv
1.3,0.2,0.0060589018691386,assets/blumen_gep/supersonic_raw_spectrum_vs_blumen_a020_m120_130_raw_modes.csv
1.3,0.2,0.0019805085483673,assets/blumen_gep/supersonic_raw_spectrum_vs_blumen_a020_m120_130_raw_modes.csv
1.3,0.2,0.0058997930251839,assets/blumen_gep/supersonic_raw_spectrum_vs_blumen_a020_m120_130_raw_modes.csv
1.3,0.2,0.0021686733952553,assets/blumen_gep/supersonic_raw_spectrum_vs_blumen_a020_m120_130_raw_modes.csv
1.3,0.2,0.0057508112113199,assets/blumen_gep/supersonic_raw_spectrum_vs_blumen_a020_m120_130_raw_modes.csv
1.3,0.2,0.0023313753367215,assets/blumen_gep/supersonic_raw_spectrum_vs_blumen_a020_m120_130_raw_modes.csv
1.3,0.2,0.00561018121435,assets/blumen_gep/supersonic_raw_spectrum_vs_blumen_a020_m120_130_raw_modes.csv
1.3,0.2,0.0024757223676868,assets/blumen_gep/supersonic_raw_spectrum_vs_blumen_a020_m120_130_raw_modes.csv
1.3,0.2,0.0054765375709997,assets/blumen_gep/supersonic_raw_spectrum_vs_blumen_a020_m120_130_raw_modes.csv
1.3,0.2,0.0026062730673497,assets/blumen_gep/supersonic_raw_spectrum_vs_blumen_a020_m120_130_raw_modes.csv
1.3,0.2,0.0053488097500252,assets/blumen_gep/supersonic_raw_spectrum_vs_blumen_a020_m120_130_raw_modes.csv
1.3,0.2,0.0027261382036474,assets/blumen_gep/supersonic_raw_spectrum_vs_blumen_a020_m120_130_raw_modes.csv
1.3,0.2,0.0052261444178343,assets/blumen_gep/supersonic_raw_spectrum_vs_blumen_a020_m120_130_raw_modes.csv
1.3,0.2,0.0028375397220717,assets/blumen_gep/supersonic_raw_spectrum_vs_blumen_a020_m120_130_raw_modes.csv
1.3,0.2,0.0051078514097343,assets/blumen_gep/supersonic_raw_spectrum_vs_blumen_a020_m120_130_raw_modes.csv
1.3,0.2,0.0029421212401773,assets/blumen_gep/supersonic_raw_spectrum_vs_blumen_a020_m120_130_raw_modes.csv
1.3,0.2,0.004993365395889,assets/blumen_gep/supersonic_raw_spectrum_vs_blumen_a020_m120_130_raw_modes.csv
1.3,0.2,0.0030411326271413,assets/blumen_gep/supersonic_raw_spectrum_vs_blumen_a020_m120_130_raw_modes.csv
1.3,0.2,0.0048822180767104,assets/blumen_gep/supersonic_raw_spectrum_vs_blumen_a020_m120_130_raw_modes.csv
1.3,0.2,0.0031355456982156,assets/blumen_gep/supersonic_raw_spectrum_vs_blumen_a020_m120_130_raw_modes.csv
1.3,0.2,0.0047740176822161,assets/blumen_gep/supersonic_raw_spectrum_vs_blumen_a020_m120_130_raw_modes.csv
1.3,0.2,0.0032261298796693,assets/blumen_gep/supersonic_raw_spectrum_vs_blumen_a020_m120_130_raw_modes.csv
1.3,0.2,0.004668433593054,assets/blumen_gep/supersonic_raw_spectrum_vs_blumen_a020_m120_130_raw_modes.csv
1.3,0.2,0.0033135034835129,assets/blumen_gep/supersonic_raw_spectrum_vs_blumen_a020_m120_130_raw_modes.csv
1.3,0.2,0.0045651846379263,assets/blumen_gep/supersonic_raw_spectrum_vs_blumen_a020_m120_130_raw_modes.csv
1.3,0.2,0.0033981694620378,assets/blumen_gep/supersonic_raw_spectrum_vs_blumen_a020_m120_130_raw_modes.csv
1.3,0.2,0.004464030072624,assets/blumen_gep/supersonic_raw_spectrum_vs_blumen_a020_m120_130_raw_modes.csv
1.3,0.2,0.0034805409799206,assets/blumen_gep/supersonic_raw_spectrum_vs_blumen_a020_m120_130_raw_modes.csv
1.3,0.2,0.004364762539445,assets/blumen_gep/supersonic_raw_spectrum_vs_blumen_a020_m120_130_raw_modes.csv
1.3,0.2,0.0035609601112027,assets/blumen_gep/supersonic_raw_spectrum_vs_blumen_a020_m120_130_raw_modes.csv
1.3,0.2,0.0042672025120955,assets/blumen_gep/supersonic_raw_spectrum_vs_blumen_a020_m120_130_raw_modes.csv
1.3,0.2,0.0036397117174517,assets/blumen_gep/supersonic_raw_spectrum_vs_blumen_a020_m120_130_raw_modes.csv
1.3,0.2,0.0041711938778888,assets/blumen_gep/supersonic_raw_spectrum_vs_blumen_a020_m120_130_raw_modes.csv
1.3,0.2,0.0037170339814407,assets/blumen_gep/supersonic_raw_spectrum_vs_blumen_a020_m120_130_raw_modes.csv
1.3,0.2,0.0040766003764045,assets/blumen_gep/supersonic_raw_spectrum_vs_blumen_a020_m120_130_raw_modes.csv
1.3,0.2,0.0037931264514854,assets/blumen_gep/supersonic_raw_spectrum_vs_blumen_a020_m120_130_raw_modes.csv
1.3,0.2,0.0039833027222127,assets/blumen_gep/supersonic_raw_spectrum_vs_blumen_a020_m120_130_raw_modes.csv
1.3,0.2,0.0038681562948068,assets/blumen_gep/supersonic_raw_spectrum_vs_blumen_a020_m120_130_raw_modes.csv
1.3,0.2,0.0038911962513572,assets/blumen_gep/supersonic_raw_spectrum_vs_blumen_a020_m120_130_raw_modes.csv
1.3,0.2,0.0039422631979019,assets/blumen_gep/supersonic_raw_spectrum_vs_blumen_a020_m120_130_raw_modes.csv
1.3,0.2,0.0038001889876533,assets/blumen_gep/supersonic_raw_spectrum_vs_blumen_a020_m120_130_raw_modes.csv
1.3,0.2,0.0040155632442924,assets/blumen_gep/supersonic_raw_spectrum_vs_blumen_a020_m120_130_raw_modes.csv
1.3,0.2,0.003710200045433,assets/blumen_gep/supersonic_raw_spectrum_vs_blumen_a020_m120_130_raw_modes.csv
1.3,0.2,0.0040881520117123,assets/blumen_gep/supersonic_raw_spectrum_vs_blumen_a020_m120_130_raw_modes.csv
1.3,0.2,0.0036211582958338,assets/blumen_gep/supersonic_raw_spectrum_vs_blumen_a020_m120_130_raw_modes.csv
1.3,0.2,0.0041601070646768,assets/blumen_gep/supersonic_raw_spectrum_vs_blumen_a020_m120_130_raw_modes.csv
1.3,0.2,0.0035330012580944,assets/blumen_gep/supersonic_raw_spectrum_vs_blumen_a020_m120_130_raw_modes.csv
1.3,0.2,0.0042314899802895,assets/blumen_gep/supersonic_raw_spectrum_vs_blumen_a020_m120_130_raw_modes.csv
1.3,0.2,0.0034456741584878,assets/blumen_gep/supersonic_raw_spectrum_vs_blumen_a020_m120_130_raw_modes.csv
1.3,0.2,0.004302348012933,assets/blumen_gep/supersonic_raw_spectrum_vs_blumen_a020_m120_130_raw_modes.csv
1.3,0.2,0.0033591291463691,assets/blumen_gep/supersonic_raw_spectrum_vs_blumen_a020_m120_130_raw_modes.csv
1.3,0.2,0.0043727154818498,assets/blumen_gep/supersonic_raw_spectrum_vs_blumen_a020_m120_130_raw_modes.csv
1.3,0.2,0.0032733246222037,assets/blumen_gep/supersonic_raw_spectrum_vs_blumen_a020_m120_130_raw_modes.csv
1.3,0.2,0.0044426149513185,assets/blumen_gep/supersonic_raw_spectrum_vs_blumen_a020_m120_130_raw_modes.csv
1.3,0.2,0.0031882246685132,assets/blumen_gep/supersonic_raw_spectrum_vs_blumen_a020_m120_130_raw_modes.csv
1.3,0.2,0.0045120582628221,assets/blumen_gep/supersonic_raw_spectrum_vs_blumen_a020_m120_130_raw_modes.csv
1.3,0.2,0.0031037985631623,assets/blumen_gep/supersonic_raw_spectrum_vs_blumen_a020_m120_130_raw_modes.csv
1.3,0.2,0.004581047471209,assets/blumen_gep/supersonic_raw_spectrum_vs_blumen_a020_m120_130_raw_modes.csv
1.3,0.2,0.0030200203595531,assets/blumen_gep/supersonic_raw_spectrum_vs_blumen_a020_m120_130_raw_modes.csv
1.3,0.2,0.0046495757310977,assets/blumen_gep/supersonic_raw_spectrum_vs_blumen_a020_m120_130_raw_modes.csv
1.3,0.2,0.0029368685310906,assets/blumen_gep/supersonic_raw_spectrum_vs_blumen_a020_m120_130_raw_modes.csv
1.3,0.2,0.0028543256589526,assets/blumen_gep/supersonic_raw_spectrum_vs_blumen_a020_m120_130_raw_modes.csv
1.3,0.2,0.0047176281797539,assets/blumen_gep/supersonic_raw_spectrum_vs_blumen_a020_m120_130_raw_modes.csv
1.3,0.2,0.0027723781625918,assets/blumen_gep/supersonic_raw_spectrum_vs_blumen_a020_m120_130_raw_modes.csv
1.3,0.2,0.0047851828565375,assets/blumen_gep/supersonic_raw_spectrum_vs_blumen_a020_m120_130_raw_modes.csv
1.3,0.2,0.0026910160607251,assets/blumen_gep/supersonic_raw_spectrum_vs_blumen_a020_m120_130_raw_modes.csv
1.3,0.2,0.0048522117017981,assets/blumen_gep/supersonic_raw_spectrum_vs_blumen_a020_m120_130_raw_modes.csv
1.3,0.2,0.0026102327696881,assets/blumen_gep/supersonic_raw_spectrum_vs_blumen_a020_m120_130_raw_modes.csv
1.3,0.2,0.004918681673085,assets/blumen_gep/supersonic_raw_spectrum_vs_blumen_a020_m120_130_raw_modes.csv
1.3,0.2,0.002530024916443,assets/blumen_gep/supersonic_raw_spectrum_vs_blumen_a020_m120_130_raw_modes.csv
1.3,0.2,0.0049845560163221,assets/blumen_gep/supersonic_raw_spectrum_vs_blumen_a020_m120_130_raw_modes.csv
1.3,0.2,0.0024503921761506,assets/blumen_gep/supersonic_raw_spectrum_vs_blumen_a020_m120_130_raw_modes.csv
1.3,0.2,0.0050497957256255,assets/blumen_gep/supersonic_raw_spectrum_vs_blumen_a020_m120_130_raw_modes.csv
1.3,0.2,0.0023713371228583,assets/blumen_gep/supersonic_raw_spectrum_vs_blumen_a020_m120_130_raw_modes.csv
1.3,0.2,0.0022928650935273,assets/blumen_gep/supersonic_raw_spectrum_vs_blumen_a020_m120_130_raw_modes.csv
1.3,0.2,0.0051143612208474,assets/blumen_gep/supersonic_raw_spectrum_vs_blumen_a020_m120_130_raw_modes.csv
1.3,0.2,0.002214984060436,assets/blumen_gep/supersonic_raw_spectrum_vs_blumen_a020_m120_130_raw_modes.csv
1.3,0.2,0.0051782142657119,assets/blumen_gep/supersonic_raw_spectrum_vs_blumen_a020_m120_130_raw_modes.csv
1.3,0.2,0.0021377045088428,assets/blumen_gep/supersonic_raw_spectrum_vs_blumen_a020_m120_130_raw_modes.csv
1.3,0.2,0.0052413201388165,assets/blumen_gep/supersonic_raw_spectrum_vs_blumen_a020_m120_130_raw_modes.csv
1.3,0.2,0.0020610393187831,assets/blumen_gep/supersonic_raw_spectrum_vs_blumen_a020_m120_130_raw_modes.csv
1.3,0.2,0.0053036500631422,assets/blumen_gep/supersonic_raw_spectrum_vs_blumen_a020_m120_130_raw_modes.csv
1.3,0.2,0.0019850036444964,assets/blumen_gep/supersonic_raw_spectrum_vs_blumen_a020_m120_130_raw_modes.csv
1.3,0.2,0.0019096147933871,assets/blumen_gep/supersonic_raw_spectrum_vs_blumen_a020_m120_130_raw_modes.csv
1.3,0.2,0.0053651838850956,assets/blumen_gep/supersonic_raw_spectrum_vs_blumen_a020_m120_130_raw_modes.csv
1.3,0.2,0.0018348920954088,assets/blumen_gep/supersonic_raw_spectrum_vs_blumen_a020_m120_130_raw_modes.csv
1.3,0.2,0.0054259129851119,assets/blumen_gep/supersonic_raw_spectrum_vs_blumen_a020_m120_130_raw_modes.csv
1.3,0.2,0.0017608567649729,assets/blumen_gep/supersonic_raw_spectrum_vs_blumen_a020_m120_130_raw_modes.csv
1.3,0.2,0.0054858433909863,assets/blumen_gep/supersonic_raw_spectrum_vs_blumen_a020_m120_130_raw_modes.csv
1.3,0.2,0.0016875317470675,assets/blumen_gep/supersonic_raw_spectrum_vs_blumen_a020_m120_130_raw_modes.csv
1.3,0.2,0.0016149415460824,assets/blumen_gep/supersonic_raw_spectrum_vs_blumen_a020_m120_130_raw_modes.csv
1.3,0.2,0.0055449990606947,assets/blumen_gep/supersonic_raw_spectrum_vs_blumen_a020_m120_130_raw_modes.csv
1.3,0.2,0.0015431120291131,assets/blumen_gep/supersonic_raw_spectrum_vs_blumen_a020_m120_130_raw_modes.csv
1.3,0.2,0.0056034252999664,assets/blumen_gep/supersonic_raw_spectrum_vs_blumen_a020_m120_130_raw_modes.csv
1.3,0.2,0.0014720701986092,assets/blumen_gep/supersonic_raw_spectrum_vs_blumen_a020_m120_130_raw_modes.csv
1.3,0.2,0.0014018439372906,assets/blumen_gep/supersonic_raw_spectrum_vs_blumen_a020_m120_130_raw_modes.csv
1.3,0.2,0.0056611922899098,assets/blumen_gep/supersonic_raw_spectrum_vs_blumen_a020_m120_130_raw_modes.csv
1.3,0.2,0.0013324616671162,assets/blumen_gep/supersonic_raw_spectrum_vs_blumen_a020_m120_130_raw_modes.csv
1.3,0.2,0.0057183987182632,assets/blumen_gep/supersonic_raw_spectrum_vs_blumen_a020_m120_130_raw_modes.csv
1.3,0.2,0.0012639520093397,assets/blumen_gep/supersonic_raw_spectrum_vs_blumen_a020_m120_130_raw_modes.csv
1.3,0.2,0.0011963433014433,assets/blumen_gep/supersonic_raw_spectrum_vs_blumen_a020_m120_130_raw_modes.csv
1.3,0.2,0.0057751755389329,assets/blumen_gep/supersonic_raw_spectrum_vs_blumen_a020_m120_130_raw_modes.csv
1.3,0.2,0.0011296630470303,assets/blumen_gep/supersonic_raw_spectrum_vs_blumen_a020_m120_130_raw_modes.csv
1.3,0.2,0.0058316899337746,assets/blumen_gep/supersonic_raw_spectrum_vs_blumen_a020_m120_130_raw_modes.csv
1.3,0.2,0.0010639372183972,assets/blumen_gep/supersonic_raw_spectrum_vs_blumen_a020_m120_130_raw_modes.csv
1.3,0.2,0.1892376674999777,assets/blumen_gep/supersonic_raw_spectrum_vs_blumen_a020_m120_130_raw_modes.csv
1.3,0.2,0.0009991893795664,assets/blumen_gep/supersonic_raw_spectrum_vs_blumen_a020_m120_130_raw_modes.csv
1.3,0.2,0.0058881496097009,assets/blumen_gep/supersonic_raw_spectrum_vs_blumen_a020_m120_130_raw_modes.csv
1.3,0.2,0.0009354395525439,assets/blumen_gep/supersonic_raw_spectrum_vs_blumen_a020_m120_130_raw_modes.csv
1.3,0.2,0.000872702749874,assets/blumen_gep/supersonic_raw_spectrum_vs_blumen_a020_m120_130_raw_modes.csv
1.3,0.2,0.0059448076514332,assets/blumen_gep/supersonic_raw_spectrum_vs_blumen_a020_m120_130_raw_modes.csv
1.3,0.2,0.0008109869976701,assets/blumen_gep/supersonic_raw_spectrum_vs_blumen_a020_m120_130_raw_modes.csv
1.3,0.2,0.0007502906392994,assets/blumen_gep/supersonic_raw_spectrum_vs_blumen_a020_m120_130_raw_modes.csv
1.3,0.2,0.0060019682527743,assets/blumen_gep/supersonic_raw_spectrum_vs_blumen_a020_m120_130_raw_modes.csv
1.3,0.2,0.0006905985268218,assets/blumen_gep/supersonic_raw_spectrum_vs_blumen_a020_m120_130_raw_modes.csv
1.3,0.2,0.0006318764922252,assets/blumen_gep/supersonic_raw_spectrum_vs_blumen_a020_m120_130_raw_modes.csv
1.3,0.2,0.0060599937921858,assets/blumen_gep/supersonic_raw_spectrum_vs_blumen_a020_m120_130_raw_modes.csv
1.3,0.2,0.0005740629813183,assets/blumen_gep/supersonic_raw_spectrum_vs_blumen_a020_m120_130_raw_modes.csv
1.3,0.2,0.0005170558449155,assets/blumen_gep/supersonic_raw_spectrum_vs_blumen_a020_m120_130_raw_modes.csv
1.3,0.2,0.0061193139039522,assets/blumen_gep/supersonic_raw_spectrum_vs_blumen_a020_m120_130_raw_modes.csv
1.3,0.2,0.0004606903165051,assets/blumen_gep/supersonic_raw_spectrum_vs_blumen_a020_m120_130_raw_modes.csv
1.3,0.2,0.0004046997670759,assets/blumen_gep/supersonic_raw_spectrum_vs_blumen_a020_m120_130_raw_modes.csv
1.3,0.2,0.0061804374583487,assets/blumen_gep/supersonic_raw_spectrum_vs_blumen_a020_m120_130_raw_modes.csv
1.3,0.2,0.0003486394693991,assets/blumen_gep/supersonic_raw_spectrum_vs_blumen_a020_m120_130_raw_modes.csv
1.3,0.2,0.000291720060826,assets/blumen_gep/supersonic_raw_spectrum_vs_blumen_a020_m120_130_raw_modes.csv
1.3,0.2,0.0062439687411598,assets/blumen_gep/supersonic_raw_spectrum_vs_blumen_a020_m120_130_raw_modes.csv
1.3,0.2,0.0002323751001795,assets/blumen_gep/supersonic_raw_spectrum_vs_blumen_a020_m120_130_raw_modes.csv
1.3,0.2,0.0001667574539317,assets/blumen_gep/supersonic_raw_spectrum_vs_blumen_a020_m120_130_raw_modes.csv
1.3,0.2,7.810944347941666e-05,assets/blumen_gep/supersonic_raw_spectrum_vs_blumen_a020_m120_130_raw_modes.csv
1.3,0.2,0.0063106296967441,assets/blumen_gep/supersonic_raw_spectrum_vs_blumen_a020_m120_130_raw_modes.csv
1.3,0.2,2.0499849081262694e-13,assets/blumen_gep/supersonic_raw_spectrum_vs_blumen_a020_m120_130_raw_modes.csv
1.3,0.2,5.2021173724250025e-15,assets/blumen_gep/supersonic_raw_spectrum_vs_blumen_a020_m120_130_raw_modes.csv
1.3,0.2,2.080843069445772e-14,assets/blumen_gep/supersonic_raw_spectrum_vs_blumen_a020_m120_130_raw_modes.csv
1.3,0.2,0.0063812909833751,assets/blumen_gep/supersonic_raw_spectrum_vs_blumen_a020_m120_130_raw_modes.csv
1.3,0.2,6.924426605887186e-14,assets/blumen_gep/supersonic_raw_spectrum_vs_blumen_a020_m120_130_raw_modes.csv
1.3,0.2,1.1243450238519725e-13,assets/blumen_gep/supersonic_raw_spectrum_vs_blumen_a020_m120_130_raw_modes.csv
1.3,0.2,4.716554092887541e-15,assets/blumen_gep/supersonic_raw_spectrum_vs_blumen_a020_m120_130_raw_modes.csv
1.3,0.2,1.0884472670811084e-13,assets/blumen_gep/supersonic_raw_spectrum_vs_blumen_a020_m120_130_raw_modes.csv
1.3,0.2,0.0064570160172533,assets/blumen_gep/supersonic_raw_spectrum_vs_blumen_a020_m120_130_raw_modes.csv
1.3,0.2,1.5432796762611133e-13,assets/blumen_gep/supersonic_raw_spectrum_vs_blumen_a020_m120_130_raw_modes.csv
1.3,0.2,1.8089292299751317e-13,assets/blumen_gep/supersonic_raw_spectrum_vs_blumen_a020_m120_130_raw_modes.csv
1.3,0.2,2.3020809756791563e-13,assets/blumen_gep/supersonic_raw_spectrum_vs_blumen_a020_m120_130_raw_modes.csv
1.3,0.2,2.865111833127834e-13,assets/blumen_gep/supersonic_raw_spectrum_vs_blumen_a020_m120_130_raw_modes.csv
1.3,0.2,3.406985613504819e-13,assets/blumen_gep/supersonic_raw_spectrum_vs_blumen_a020_m120_130_raw_modes.csv
1.3,0.2,0.0065391245316499,assets/blumen_gep/supersonic_raw_spectrum_vs_blumen_a020_m120_130_raw_modes.csv
1.3,0.2,3.80441408742361e-13,assets/blumen_gep/supersonic_raw_spectrum_vs_blumen_a020_m120_130_raw_modes.csv
1.3,0.2,4.006331244944894e-13,assets/blumen_gep/supersonic_raw_spectrum_vs_blumen_a020_m120_130_raw_modes.csv
1.3,0.2,4.597876549537334e-13,assets/blumen_gep/supersonic_raw_spectrum_vs_blumen_a020_m120_130_raw_modes.csv
1.3,0.2,6.465118836108254e-13,assets/blumen_gep/supersonic_raw_spectrum_vs_blumen_a020_m120_130_raw_modes.csv
1.3,0.2,1.2026964335639205e-12,assets/blumen_gep/supersonic_raw_spectrum_vs_blumen_a020_m120_130_raw_modes.csv
1.3,0.2,3.0321862307089773e-12,assets/blumen_gep/supersonic_raw_spectrum_vs_blumen_a020_m120_130_raw_modes.csv
1.3,0.2,4.8825045978781865e-12,assets/blumen_gep/supersonic_raw_spectrum_vs_blumen_a020_m120_130_raw_modes.csv
1.3,0.2,1.4293853479810768e-11,assets/blumen_gep/supersonic_raw_spectrum_vs_blumen_a020_m120_130_raw_modes.csv
1.3,0.2,0.0066292861498041,assets/blumen_gep/supersonic_raw_spectrum_vs_blumen_a020_m120_130_raw_modes.csv
1.3,0.2,2.013299133230141e-11,assets/blumen_gep/supersonic_raw_spectrum_vs_blumen_a020_m120_130_raw_modes.csv
1.3,0.2,2.0624084304366497e-11,assets/blumen_gep/supersonic_raw_spectrum_vs_blumen_a020_m120_130_raw_modes.csv
1.3,0.2,2.6524240512792698e-11,assets/blumen_gep/supersonic_raw_spectrum_vs_blumen_a020_m120_130_raw_modes.csv
1.3,0.2,3.1935933691646416e-11,assets/blumen_gep/supersonic_raw_spectrum_vs_blumen_a020_m120_130_raw_modes.csv
1.3,0.2,3.545068710213396e-11,assets/blumen_gep/supersonic_raw_spectrum_vs_blumen_a020_m120_130_raw_modes.csv
1.3,0.2,3.6421626155162943e-11,assets/blumen_gep/supersonic_raw_spectrum_vs_blumen_a020_m120_130_raw_modes.csv
1.3,0.2,3.473868697283358e-11,assets/blumen_gep/supersonic_raw_spectrum_vs_blumen_a020_m120_130_raw_modes.csv
1.3,0.2,3.083373394862411e-11,assets/blumen_gep/supersonic_raw_spectrum_vs_blumen_a020_m120_130_raw_modes.csv
1.3,0.2,2.5475035787266533e-11,assets/blumen_gep/supersonic_raw_spectrum_vs_blumen_a020_m120_130_raw_modes.csv
1.3,0.2,1.9564254364395948e-11,assets/blumen_gep/supersonic_raw_spectrum_vs_blumen_a020_m120_130_raw_modes.csv
1.3,0.2,1.380184291923424e-11,assets/blumen_gep/supersonic_raw_spectrum_vs_blumen_a020_m120_130_raw_modes.csv
1.3,0.2,8.844752056261207e-12,assets/blumen_gep/supersonic_raw_spectrum_vs_blumen_a020_m120_130_raw_modes.csv
1.3,0.2,4.948546788631533e-12,assets/blumen_gep/supersonic_raw_spectrum_vs_blumen_a020_m120_130_raw_modes.csv
1.3,0.2,2.0128635433427066e-12,assets/blumen_gep/supersonic_raw_spectrum_vs_blumen_a020_m120_130_raw_modes.csv
1.3,0.2,7.691038562351702e-14,assets/blumen_gep/supersonic_raw_spectrum_vs_blumen_a020_m120_130_raw_modes.csv
1.3,0.2,7.887625106056703e-13,assets/blumen_gep/supersonic_raw_spectrum_vs_blumen_a020_m120_130_raw_modes.csv
1.3,0.2,1.2943048425135841e-12,assets/blumen_gep/supersonic_raw_spectrum_vs_blumen_a020_m120_130_raw_modes.csv
1.3,0.2,1.6312343973400226e-12,assets/blumen_gep/supersonic_raw_spectrum_vs_blumen_a020_m120_130_raw_modes.csv
1.3,0.2,1.685502103009674e-12,assets/blumen_gep/supersonic_raw_spectrum_vs_blumen_a020_m120_130_raw_modes.csv
1.3,0.2,1.6208035982504617e-12,assets/blumen_gep/supersonic_raw_spectrum_vs_blumen_a020_m120_130_raw_modes.csv
1.3,0.2,9.10956323513547e-12,assets/blumen_gep/supersonic_raw_spectrum_vs_blumen_a020_m120_130_raw_modes.csv
1.3,0.2,9.129882637736985e-12,assets/blumen_gep/supersonic_raw_spectrum_vs_blumen_a020_m120_130_raw_modes.csv
1.3,0.2,1.748610065253696e-12,assets/blumen_gep/supersonic_raw_spectrum_vs_blumen_a020_m120_130_raw_modes.csv
1.3,0.2,7.531558467954416e-13,assets/blumen_gep/supersonic_raw_spectrum_vs_blumen_a020_m120_130_raw_modes.csv
1.3,0.2,0.0067296613672118,assets/blumen_gep/supersonic_raw_spectrum_vs_blumen_a020_m120_130_raw_modes.csv
1.3,0.2,0.0068431195168451,assets/blumen_gep/supersonic_raw_spectrum_vs_blumen_a020_m120_130_raw_modes.csv
1.3,0.2,0.0069735848806307,assets/blumen_gep/supersonic_raw_spectrum_vs_blumen_a020_m120_130_raw_modes.csv
1.3,0.2,0.0071265984843528,assets/blumen_gep/supersonic_raw_spectrum_vs_blumen_a020_m120_130_raw_modes.csv
1.3,0.2,0.0073102290170316,assets/blumen_gep/supersonic_raw_spectrum_vs_blumen_a020_m120_130_raw_modes.csv
1.3,0.2,0.0075364115811693,assets/blumen_gep/supersonic_raw_spectrum_vs_blumen_a020_m120_130_raw_modes.csv
1.3,0.2,0.0078217448166627,assets/blumen_gep/supersonic_raw_spectrum_vs_blumen_a020_m120_130_raw_modes.csv
1.3,0.2,0.008178420401765,assets/blumen_gep/supersonic_raw_spectrum_vs_blumen_a020_m120_130_raw_modes.csv
1.3,0.2,0.008542454880433,assets/blumen_gep/supersonic_raw_spectrum_vs_blumen_a020_m120_130_raw_modes.csv
1.3,0.2,0.0086239133531383,assets/blumen_gep/supersonic_raw_spectrum_vs_blumen_a020_m120_130_raw_modes.csv
1.3,0.2,0.0082857778899169,assets/blumen_gep/supersonic_raw_spectrum_vs_blumen_a020_m120_130_raw_modes.csv
1.3,0.2,0.0078390510557946,assets/blumen_gep/supersonic_raw_spectrum_vs_blumen_a020_m120_130_raw_modes.csv
1.3,0.2,0.0074509214616319,assets/blumen_gep/supersonic_raw_spectrum_vs_blumen_a020_m120_130_raw_modes.csv
1.3,0.2,0.0071300250026177,assets/blumen_gep/supersonic_raw_spectrum_vs_blumen_a020_m120_130_raw_modes.csv
1.3,0.2,0.0068595001840865,assets/blumen_gep/supersonic_raw_spectrum_vs_blumen_a020_m120_130_raw_modes.csv
1.3,0.2,0.0066252926142049,assets/blumen_gep/supersonic_raw_spectrum_vs_blumen_a020_m120_130_raw_modes.csv
1.3,0.2,0.0064177920882667,assets/blumen_gep/supersonic_raw_spectrum_vs_blumen_a020_m120_130_raw_modes.csv
1.3,0.2,0.006230496752932,assets/blumen_gep/supersonic_raw_spectrum_vs_blumen_a020_m120_130_raw_modes.csv
1.3,0.2,0.0060589018645949,assets/blumen_gep/supersonic_raw_spectrum_vs_blumen_a020_m120_130_raw_modes.csv
1.3,0.2,0.0058997930221153,assets/blumen_gep/supersonic_raw_spectrum_vs_blumen_a020_m120_130_raw_modes.csv
1.3,0.2,0.0057508112063658,assets/blumen_gep/supersonic_raw_spectrum_vs_blumen_a020_m120_130_raw_modes.csv
1.3,0.2,0.00561018121169,assets/blumen_gep/supersonic_raw_spectrum_vs_blumen_a020_m120_130_raw_modes.csv
1.3,0.2,0.0054765375666787,assets/blumen_gep/supersonic_raw_spectrum_vs_blumen_a020_m120_130_raw_modes.csv
1.3,0.2,0.0053488097473383,assets/blumen_gep/supersonic_raw_spectrum_vs_blumen_a020_m120_130_raw_modes.csv
1.3,0.2,0.0052261444138362,assets/blumen_gep/supersonic_raw_spectrum_vs_blumen_a020_m120_130_raw_modes.csv
1.3,0.2,0.0051078514064781,assets/blumen_gep/supersonic_raw_spectrum_vs_blumen_a020_m120_130_raw_modes.csv
1.3,0.2,0.0049933653923458,assets/blumen_gep/supersonic_raw_spectrum_vs_blumen_a020_m120_130_raw_modes.csv
1.3,0.2,0.0048822180732563,assets/blumen_gep/supersonic_raw_spectrum_vs_blumen_a020_m120_130_raw_modes.csv
1.3,0.2,0.0047740176790464,assets/blumen_gep/supersonic_raw_spectrum_vs_blumen_a020_m120_130_raw_modes.csv
1.3,0.2,0.0046684335899065,assets/blumen_gep/supersonic_raw_spectrum_vs_blumen_a020_m120_130_raw_modes.csv
1.3,0.2,0.0045651846349358,assets/blumen_gep/supersonic_raw_spectrum_vs_blumen_a020_m120_130_raw_modes.csv
1.3,0.2,0.0044640300696908,assets/blumen_gep/supersonic_raw_spectrum_vs_blumen_a020_m120_130_raw_modes.csv
1.3,0.2,0.0043647625360724,assets/blumen_gep/supersonic_raw_spectrum_vs_blumen_a020_m120_130_raw_modes.csv
1.3,0.2,0.004267202509501,assets/blumen_gep/supersonic_raw_spectrum_vs_blumen_a020_m120_130_raw_modes.csv
1.3,0.2,0.0041711938754888,assets/blumen_gep/supersonic_raw_spectrum_vs_blumen_a020_m120_130_raw_modes.csv
1.3,0.2,0.0040766003742935,assets/blumen_gep/supersonic_raw_spectrum_vs_blumen_a020_m120_130_raw_modes.csv
1.3,0.2,0.0039833027202403,assets/blumen_gep/supersonic_raw_spectrum_vs_blumen_a020_m120_130_raw_modes.csv
1.3,0.2,0.0038911962494188,assets/blumen_gep/supersonic_raw_spectrum_vs_blumen_a020_m120_130_raw_modes.csv
1.3,0.2,0.0038001889862365,assets/blumen_gep/supersonic_raw_spectrum_vs_blumen_a020_m120_130_raw_modes.csv
1.3,0.2,0.0037102000441181,assets/blumen_gep/supersonic_raw_spectrum_vs_blumen_a020_m120_130_raw_modes.csv
1.3,0.2,0.0036211582950895,assets/blumen_gep/supersonic_raw_spectrum_vs_blumen_a020_m120_130_raw_modes.csv
1.3,0.2,0.0035330012566985,assets/blumen_gep/supersonic_raw_spectrum_vs_blumen_a020_m120_130_raw_modes.csv
1.3,0.2,0.0034456741570339,assets/blumen_gep/supersonic_raw_spectrum_vs_blumen_a020_m120_130_raw_modes.csv
1.3,0.2,0.0033591291449704,assets/blumen_gep/supersonic_raw_spectrum_vs_blumen_a020_m120_130_raw_modes.csv
1.3,0.2,0.0032733246209399,assets/blumen_gep/supersonic_raw_spectrum_vs_blumen_a020_m120_130_raw_modes.csv
1.3,0.2,0.0031882246672092,assets/blumen_gep/supersonic_raw_spectrum_vs_blumen_a020_m120_130_raw_modes.csv
1.3,0.2,0.0031037985610499,assets/blumen_gep/supersonic_raw_spectrum_vs_blumen_a020_m120_130_raw_modes.csv
1.3,0.2,0.003020020357424,assets/blumen_gep/supersonic_raw_spectrum_vs_blumen_a020_m120_130_raw_modes.csv
1.3,0.2,0.0029368685294521,assets/blumen_gep/supersonic_raw_spectrum_vs_blumen_a020_m120_130_raw_modes.csv
1.3,0.2,0.0028543256578133,assets/blumen_gep/supersonic_raw_spectrum_vs_blumen_a020_m120_130_raw_modes.csv
1.3,0.2,0.002772378160857,assets/blumen_gep/supersonic_raw_spectrum_vs_blumen_a020_m120_130_raw_modes.csv
1.3,0.2,0.0026910160589857,assets/blumen_gep/supersonic_raw_spectrum_vs_blumen_a020_m120_130_raw_modes.csv
1.3,0.2,0.0026102327677811,assets/blumen_gep/supersonic_raw_spectrum_vs_blumen_a020_m120_130_raw_modes.csv
1.3,0.2,0.0025300249144793,assets/blumen_gep/supersonic_raw_spectrum_vs_blumen_a020_m120_130_raw_modes.csv
1.3,0.2,0.0024503921740339,assets/blumen_gep/supersonic_raw_spectrum_vs_blumen_a020_m120_130_raw_modes.csv
1.3,0.2,0.0023713371206002,assets/blumen_gep/supersonic_raw_spectrum_vs_blumen_a020_m120_130_raw_modes.csv
1.3,0.2,0.0022928650911541,assets/blumen_gep/supersonic_raw_spectrum_vs_blumen_a020_m120_130_raw_modes.csv
1.3,0.2,0.0022149840579684,assets/blumen_gep/supersonic_raw_spectrum_vs_blumen_a020_m120_130_raw_modes.csv
1.3,0.2,0.0021377045064284,assets/blumen_gep/supersonic_raw_spectrum_vs_blumen_a020_m120_130_raw_modes.csv
1.3,0.2,0.0020610393162522,assets/blumen_gep/supersonic_raw_spectrum_vs_blumen_a020_m120_130_raw_modes.csv
1.3,0.2,0.001985003642109,assets/blumen_gep/supersonic_raw_spectrum_vs_blumen_a020_m120_130_raw_modes.csv
1.3,0.2,0.0019096147910917,assets/blumen_gep/supersonic_raw_spectrum_vs_blumen_a020_m120_130_raw_modes.csv
1.3,0.2,0.0018348920933096,assets/blumen_gep/supersonic_raw_spectrum_vs_blumen_a020_m120_130_raw_modes.csv
1.3,0.2,0.0017608567630523,assets/blumen_gep/supersonic_raw_spectrum_vs_blumen_a020_m120_130_raw_modes.csv
1.3,0.2,0.0016875317454976,assets/blumen_gep/supersonic_raw_spectrum_vs_blumen_a020_m120_130_raw_modes.csv
1.3,0.2,0.001614941544761,assets/blumen_gep/supersonic_raw_spectrum_vs_blumen_a020_m120_130_raw_modes.csv
1.3,0.2,0.0015431120282196,assets/blumen_gep/supersonic_raw_spectrum_vs_blumen_a020_m120_130_raw_modes.csv
1.3,0.2,0.0014720701997559,assets/blumen_gep/supersonic_raw_spectrum_vs_blumen_a020_m120_130_raw_modes.csv
1.3,0.2,0.0014018439349759,assets/blumen_gep/supersonic_raw_spectrum_vs_blumen_a020_m120_130_raw_modes.csv
1.3,0.2,0.0013324616668854,assets/blumen_gep/supersonic_raw_spectrum_vs_blumen_a020_m120_130_raw_modes.csv
1.3,0.2,0.0012639520097386,assets/blumen_gep/supersonic_raw_spectrum_vs_blumen_a020_m120_130_raw_modes.csv
1.3,0.2,0.0011963433034402,assets/blumen_gep/supersonic_raw_spectrum_vs_blumen_a020_m120_130_raw_modes.csv
1.3,0.2,0.0011296630439551,assets/blumen_gep/supersonic_raw_spectrum_vs_blumen_a020_m120_130_raw_modes.csv
1.3,0.2,0.0010639372208089,assets/blumen_gep/supersonic_raw_spectrum_vs_blumen_a020_m120_130_raw_modes.csv
1.3,0.2,0.0009991893818294,assets/blumen_gep/supersonic_raw_spectrum_vs_blumen_a020_m120_130_raw_modes.csv
1.3,0.2,0.0009354395599528,assets/blumen_gep/supersonic_raw_spectrum_vs_blumen_a020_m120_130_raw_modes.csv
1.3,0.2,0.0008727027508333,assets/blumen_gep/supersonic_raw_spectrum_vs_blumen_a020_m120_130_raw_modes.csv
1.3,0.2,0.0008109870066433,assets/blumen_gep/supersonic_raw_spectrum_vs_blumen_a020_m120_130_raw_modes.csv
1.3,0.2,0.0007502906435071,assets/blumen_gep/supersonic_raw_spectrum_vs_blumen_a020_m120_130_raw_modes.csv
1.3,0.2,0.0006905985377081,assets/blumen_gep/supersonic_raw_spectrum_vs_blumen_a020_m120_130_raw_modes.csv
1.3,0.2,0.0006318764987998,assets/blumen_gep/supersonic_raw_spectrum_vs_blumen_a020_m120_130_raw_modes.csv
1.3,0.2,0.0005740629951616,assets/blumen_gep/supersonic_raw_spectrum_vs_blumen_a020_m120_130_raw_modes.csv
1.3,0.2,0.0005170558590256,assets/blumen_gep/supersonic_raw_spectrum_vs_blumen_a020_m120_130_raw_modes.csv
1.3,0.2,0.0004606903296234,assets/blumen_gep/supersonic_raw_spectrum_vs_blumen_a020_m120_130_raw_modes.csv
1.3,0.2,0.000404699778904,assets/blumen_gep/supersonic_raw_spectrum_vs_blumen_a020_m120_130_raw_modes.csv
1.3,0.2,0.0003486394818944,assets/blumen_gep/supersonic_raw_spectrum_vs_blumen_a020_m120_130_raw_modes.csv
1.3,0.2,0.0002917200748871,assets/blumen_gep/supersonic_raw_spectrum_vs_blumen_a020_m120_130_raw_modes.csv
1.3,0.2,0.0002323751099132,assets/blumen_gep/supersonic_raw_spectrum_vs_blumen_a020_m120_130_raw_modes.csv
1.3,0.2,0.0001667574578588,assets/blumen_gep/supersonic_raw_spectrum_vs_blumen_a020_m120_130_raw_modes.csv
1.3,0.2,7.810943424659415e-05,assets/blumen_gep/supersonic_raw_spectrum_vs_blumen_a020_m120_130_raw_modes.csv
1.3,0.2,4.955664919732223e-15,assets/blumen_gep/supersonic_raw_spectrum_vs_blumen_a020_m120_130_raw_modes.csv
1.3,0.2,1.985776910851373e-15,assets/blumen_gep/supersonic_raw_spectrum_vs_blumen_a020_m120_130_raw_modes.csv
1.3,0.2,2.2096300573158755e-15,assets/blumen_gep/supersonic_raw_spectrum_vs_blumen_a020_m120_130_raw_modes.csv
1.3,0.2,2.166189527233053e-16,assets/blumen_gep/supersonic_raw_spectrum_vs_blumen_a020_m120_130_raw_modes.csv
1.3,0.2,1.3203071472225605e-15,assets/blumen_gep/supersonic_raw_spectrum_vs_blumen_a020_m120_130_raw_modes.csv
1.3,0.2,2.501638098366491e-16,assets/blumen_gep/supersonic_raw_spectrum_vs_blumen_a020_m120_130_raw_modes.csv
1.3,0.2,1.6122818942609378e-15,assets/blumen_gep/supersonic_raw_spectrum_vs_blumen_a020_m120_130_raw_modes.csv
1.3,0.2,5.628781970513556e-15,assets/blumen_gep/supersonic_raw_spectrum_vs_blumen_a020_m120_130_raw_modes.csv
1.3,0.2,3.4051635823135808e-15,assets/blumen_gep/supersonic_raw_spectrum_vs_blumen_a020_m120_130_raw_modes.csv
1.3,0.2,1.9417176969591226e-15,assets/blumen_gep/supersonic_raw_spectrum_vs_blumen_a020_m120_130_raw_modes.csv
1.3,0.2,1.492374262569084e-15,assets/blumen_gep/supersonic_raw_spectrum_vs_blumen_a020_m120_130_raw_modes.csv
1.3,0.2,1.4853176404504018e-15,assets/blumen_gep/supersonic_raw_spectrum_vs_blumen_a020_m120_130_raw_modes.csv
1.3,0.2,3.4612811662330416e-15,assets/blumen_gep/supersonic_raw_spectrum_vs_blumen_a020_m120_130_raw_modes.csv
1.3,0.2,2.79532920238202e-15,assets/blumen_gep/supersonic_raw_spectrum_vs_blumen_a020_m120_130_raw_modes.csv
1.3,0.2,2.5546752340000214e-15,assets/blumen_gep/supersonic_raw_spectrum_vs_blumen_a020_m120_130_raw_modes.csv
1.3,0.2,3.272051123577809e-15,assets/blumen_gep/supersonic_raw_spectrum_vs_blumen_a020_m120_130_raw_modes.csv
1.3,0.2,2.880748290839193e-15,assets/blumen_gep/supersonic_raw_spectrum_vs_blumen_a020_m120_130_raw_modes.csv
1.3,0.2,2.599108017493961e-15,assets/blumen_gep/supersonic_raw_spectrum_vs_blumen_a020_m120_130_raw_modes.csv
1.3,0.2,8.752072938960004e-16,assets/blumen_gep/supersonic_raw_spectrum_vs_blumen_a020_m120_130_raw_modes.csv
1.3,0.2,1.6236227013388993e-15,assets/blumen_gep/supersonic_raw_spectrum_vs_blumen_a020_m120_130_raw_modes.csv
1.3,0.2,3.0196705386707058e-15,assets/blumen_gep/supersonic_raw_spectrum_vs_blumen_a020_m120_130_raw_modes.csv
1.3,0.2,2.6643090677290567e-15,assets/blumen_gep/supersonic_raw_spectrum_vs_blumen_a020_m120_130_raw_modes.csv
1.3,0.2,5.545000011085004e-16,assets/blumen_gep/supersonic_raw_spectrum_vs_blumen_a020_m120_130_raw_modes.csv
1.3,0.2,1.690503129183327e-15,assets/blumen_gep/supersonic_raw_spectrum_vs_blumen_a020_m120_130_raw_modes.csv
1.3,0.2,1.9778069936237937e-15,assets/blumen_gep/supersonic_raw_spectrum_vs_blumen_a020_m120_130_raw_modes.csv
1.3,0.2,2.6786014088415344e-15,assets/blumen_gep/supersonic_raw_spectrum_vs_blumen_a020_m120_130_raw_modes.csv
1.3,0.2,1.54237568053441e-16,assets/blumen_gep/supersonic_raw_spectrum_vs_blumen_a020_m120_130_raw_modes.csv
1.3,0.2,1.949783756934325e-15,assets/blumen_gep/supersonic_raw_spectrum_vs_blumen_a020_m120_130_raw_modes.csv
1.3,0.2,2.60651517227238e-15,assets/blumen_gep/supersonic_raw_spectrum_vs_blumen_a020_m120_130_raw_modes.csv
1.3,0.2,7.060577874917727e-16,assets/blumen_gep/supersonic_raw_spectrum_vs_blumen_a020_m120_130_raw_modes.csv
1.3,0.2,1.6253007245153285e-15,assets/blumen_gep/supersonic_raw_spectrum_vs_blumen_a020_m120_130_raw_modes.csv
1.3,0.2,6.787627601826967e-16,assets/blumen_gep/supersonic_raw_spectrum_vs_blumen_a020_m120_130_raw_modes.csv
1.3,0.2,3.372982309124781e-15,assets/blumen_gep/supersonic_raw_spectrum_vs_blumen_a020_m120_130_raw_modes.csv
1.3,0.2,1.0201920583558969e-15,assets/blumen_gep/supersonic_raw_spectrum_vs_blumen_a020_m120_130_raw_modes.csv
1.3,0.2,8.539179036441386e-15,assets/blumen_gep/supersonic_raw_spectrum_vs_blumen_a020_m120_130_raw_modes.csv
1.3,0.2,8.357124663774059e-16,assets/blumen_gep/supersonic_raw_spectrum_vs_blumen_a020_m120_130_raw_modes.csv
1.3,0.2,2.3631345990312135e-14,assets/blumen_gep/supersonic_raw_spectrum_vs_blumen_a020_m120_130_raw_modes.csv
1.3,0.2,9.4223967173836e-14,assets/blumen_gep/supersonic_raw_spectrum_vs_blumen_a020_m120_130_raw_modes.csv
1.3,0.2,1.2593722290808698e-14,assets/blumen_gep/supersonic_raw_spectrum_vs_blumen_a020_m120_130_raw_modes.csv
1.3,0.2,2.2203346127318152e-14,assets/blumen_gep/supersonic_raw_spectrum_vs_blumen_a020_m120_130_raw_modes.csv
1.3,0.2,7.888768755570414e-13,assets/blumen_gep/supersonic_raw_spectrum_vs_blumen_a020_m120_130_raw_modes.csv
1.3,0.2,1.8829023078857832e-11,assets/blumen_gep/supersonic_raw_spectrum_vs_blumen_a020_m120_130_raw_modes.csv
1.3,0.2,2.0466144137408004e-12,assets/blumen_gep/supersonic_raw_spectrum_vs_blumen_a020_m120_130_raw_modes.csv
1.3,0.2,2.0156334788401762e-15,assets/blumen_gep/supersonic_raw_spectrum_vs_blumen_a020_m120_130_raw_modes.csv
1.3,0.2,1.1698619890912073e-15,assets/blumen_gep/supersonic_raw_spectrum_vs_blumen_a020_m120_130_raw_modes.csv
1.3,0.2,5.424422907678947e-13,assets/blumen_gep/supersonic_raw_spectrum_vs_blumen_a020_m120_130_raw_modes.csv
1.3,0.2,2.729346272912432e-13,assets/blumen_gep/supersonic_raw_spectrum_vs_blumen_a020_m120_130_raw_modes.csv
1.3,0.2,2.047107345970828e-17,assets/blumen_gep/supersonic_raw_spectrum_vs_blumen_a020_m120_130_raw_modes.csv
1.3,0.2,8.593108356720066e-18,assets/blumen_gep/supersonic_raw_spectrum_vs_blumen_a020_m120_130_raw_modes.csv
1.3,0.2,8.395934218557127e-15,assets/blumen_gep/supersonic_raw_spectrum_vs_blumen_a020_m120_130_raw_modes.csv
1.3,0.2,1.987211657923663e-16,assets/blumen_gep/supersonic_raw_spectrum_vs_blumen_a020_m120_130_raw_modes.csv
1.3,0.2,9.500110701105857e-16,assets/blumen_gep/supersonic_raw_spectrum_vs_blumen_a020_m120_130_raw_modes.csv
1.3,0.2,2.814865358741704e-17,assets/blumen_gep/supersonic_raw_spectrum_vs_blumen_a020_m120_130_raw_modes.csv
1.3,0.2,1.0487327396192808e-18,assets/blumen_gep/supersonic_raw_spectrum_vs_blumen_a020_m120_130_raw_modes.csv
1.3,0.2,1.1919214579605835e-16,assets/blumen_gep/supersonic_raw_spectrum_vs_blumen_a020_m120_130_raw_modes.csv
1.3,0.2,9.066015259167296e-17,assets/blumen_gep/supersonic_raw_spectrum_vs_blumen_a020_m120_130_raw_modes.csv
1.3,0.2,3.005684404792677e-18,assets/blumen_gep/supersonic_raw_spectrum_vs_blumen_a020_m120_130_raw_modes.csv
1.3,0.2,2.4478351853584023e-18,assets/blumen_gep/supersonic_raw_spectrum_vs_blumen_a020_m120_130_raw_modes.csv
1.3,0.2,6.239728118419619e-18,assets/blumen_gep/supersonic_raw_spectrum_vs_blumen_a020_m120_130_raw_modes.csv
1.3,0.2,3.865446414029479e-18,assets/blumen_gep/supersonic_raw_spectrum_vs_blumen_a020_m120_130_raw_modes.csv
1.3,0.2,2.4137725933117186e-17,assets/blumen_gep/supersonic_raw_spectrum_vs_blumen_a020_m120_130_raw_modes.csv
1.3,0.2,1.6469194716544444e-18,assets/blumen_gep/supersonic_raw_spectrum_vs_blumen_a020_m120_130_raw_modes.csv
1.3,0.2,9.865849356776372e-18,assets/blumen_gep/supersonic_raw_spectrum_vs_blumen_a020_m120_130_raw_modes.csv
1.3,0.2,5.919425567412252e-18,assets/blumen_gep/supersonic_raw_spectrum_vs_blumen_a020_m120_130_raw_modes.csv
1.3,0.2,4.2460479885663356e-18,assets/blumen_gep/supersonic_raw_spectrum_vs_blumen_a020_m120_130_raw_modes.csv
1.3,0.2,1.292195693486387e-17,assets/blumen_gep/supersonic_raw_spectrum_vs_blumen_a020_m120_130_raw_modes.csv
1.3,0.2,0.0035520818340734,assets/blumen_gep/supersonic_raw_spectrum_vs_blumen_a020_m120_130_raw_modes.csv
1.3,0.2,0.0040936002382669,assets/blumen_gep/supersonic_raw_spectrum_vs_blumen_a020_m120_130_raw_modes.csv
1.3,0.2,0.0035083774306291,assets/blumen_gep/supersonic_raw_spectrum_vs_blumen_a020_m120_130_raw_modes.csv
1.3,0.2,0.0041327758593409,assets/blumen_gep/supersonic_raw_spectrum_vs_blumen_a020_m120_130_raw_modes.csv
1.3,0.2,0.0034644340773027,assets/blumen_gep/supersonic_raw_spectrum_vs_blumen_a020_m120_130_raw_modes.csv
1.3,0.2,0.0041715628447514,assets/blumen_gep/supersonic_raw_spectrum_vs_blumen_a020_m120_130_raw_modes.csv
1.3,0.2,0.0034202557877857,assets/blumen_gep/supersonic_raw_spectrum_vs_blumen_a020_m120_130_raw_modes.csv
1.3,0.2,0.0042099686719327,assets/blumen_gep/supersonic_raw_spectrum_vs_blumen_a020_m120_130_raw_modes.csv
1.3,0.2,0.0033758439088295,assets/blumen_gep/supersonic_raw_spectrum_vs_blumen_a020_m120_130_raw_modes.csv
1.3,0.2,0.0042480071168606,assets/blumen_gep/supersonic_raw_spectrum_vs_blumen_a020_m120_130_raw_modes.csv
1.3,0.2,0.0033311968850482,assets/blumen_gep/supersonic_raw_spectrum_vs_blumen_a020_m120_130_raw_modes.csv
1.3,0.2,0.0042856991580144,assets/blumen_gep/supersonic_raw_spectrum_vs_blumen_a020_m120_130_raw_modes.csv
1.3,0.2,0.0032863100139017,assets/blumen_gep/supersonic_raw_spectrum_vs_blumen_a020_m120_130_raw_modes.csv
1.3,0.2,0.0043230739216333,assets/blumen_gep/supersonic_raw_spectrum_vs_blumen_a020_m120_130_raw_modes.csv
1.3,0.2,0.0032411751942597,assets/blumen_gep/supersonic_raw_spectrum_vs_blumen_a020_m120_130_raw_modes.csv
1.3,0.2,0.0043601696462173,assets/blumen_gep/supersonic_raw_spectrum_vs_blumen_a020_m120_130_raw_modes.csv
1.3,0.2,0.0031957806582622,assets/blumen_gep/supersonic_raw_spectrum_vs_blumen_a020_m120_130_raw_modes.csv
1.3,0.2,0.0043970346871079,assets/blumen_gep/supersonic_raw_spectrum_vs_blumen_a020_m120_130_raw_modes.csv
1.3,0.2,0.003150110671349,assets/blumen_gep/supersonic_raw_spectrum_vs_blumen_a020_m120_130_raw_modes.csv
1.3,0.2,0.0044337285672915,assets/blumen_gep/supersonic_raw_spectrum_vs_blumen_a020_m120_130_raw_modes.csv
1.3,0.2,0.0031041452090778,assets/blumen_gep/supersonic_raw_spectrum_vs_blumen_a020_m120_130_raw_modes.csv
1.3,0.2,0.0044703230921575,assets/blumen_gep/supersonic_raw_spectrum_vs_blumen_a020_m120_130_raw_modes.csv
1.3,0.2,0.003057859567168,assets/blumen_gep/supersonic_raw_spectrum_vs_blumen_a020_m120_130_raw_modes.csv
1.3,0.2,0.0045069035587179,assets/blumen_gep/supersonic_raw_spectrum_vs_blumen_a020_m120_130_raw_modes.csv
1.3,0.2,0.0030112239439272,assets/blumen_gep/supersonic_raw_spectrum_vs_blumen_a020_m120_130_raw_modes.csv
1.3,0.2,0.0045435700980714,assets/blumen_gep/supersonic_raw_spectrum_vs_blumen_a020_m120_130_raw_modes.csv
1.3,0.2,0.0029642029122204,assets/blumen_gep/supersonic_raw_spectrum_vs_blumen_a020_m120_130_raw_modes.csv
1.3,0.2,0.0045804392116472,assets/blumen_gep/supersonic_raw_spectrum_vs_blumen_a020_m120_130_raw_modes.csv
1.3,0.2,0.0029167548481594,assets/blumen_gep/supersonic_raw_spectrum_vs_blumen_a020_m120_130_raw_modes.csv
1.3,0.2,0.0046176455685963,assets/blumen_gep/supersonic_raw_spectrum_vs_blumen_a020_m120_130_raw_modes.csv
1.3,0.2,0.0028688311979778,assets/blumen_gep/supersonic_raw_spectrum_vs_blumen_a020_m120_130_raw_modes.csv
1.3,0.2,0.0046553441730858,assets/blumen_gep/supersonic_raw_spectrum_vs_blumen_a020_m120_130_raw_modes.csv
1.3,0.2,0.0028203756723475,assets/blumen_gep/supersonic_raw_spectrum_vs_blumen_a020_m120_130_raw_modes.csv
1.3,0.2,0.0046937130247878,assets/blumen_gep/supersonic_raw_spectrum_vs_blumen_a020_m120_130_raw_modes.csv
1.3,0.2,0.0027713232043552,assets/blumen_gep/supersonic_raw_spectrum_vs_blumen_a020_m120_130_raw_modes.csv
1.3,0.2,0.0047329564505567,assets/blumen_gep/supersonic_raw_spectrum_vs_blumen_a020_m120_130_raw_modes.csv
1.3,0.2,0.0027215987811903,assets/blumen_gep/supersonic_raw_spectrum_vs_blumen_a020_m120_130_raw_modes.csv
1.3,0.2,0.0047733093346875,assets/blumen_gep/supersonic_raw_spectrum_vs_blumen_a020_m120_130_raw_modes.csv
1.3,0.2,0.0026711159346251,assets/blumen_gep/supersonic_raw_spectrum_vs_blumen_a020_m120_130_raw_modes.csv
1.3,0.2,0.0048150425631351,assets/blumen_gep/supersonic_raw_spectrum_vs_blumen_a020_m120_130_raw_modes.csv
1.3,0.2,0.0026197749998638,assets/blumen_gep/supersonic_raw_spectrum_vs_blumen_a020_m120_130_raw_modes.csv
1.3,0.2,0.0048584701040915,assets/blumen_gep/supersonic_raw_spectrum_vs_blumen_a020_m120_130_raw_modes.csv
1.3,0.2,0.0025674608701046,assets/blumen_gep/supersonic_raw_spectrum_vs_blumen_a020_m120_130_raw_modes.csv
1.3,0.2,0.0049039583253878,assets/blumen_gep/supersonic_raw_spectrum_vs_blumen_a020_m120_130_raw_modes.csv
1.3,0.2,0.0025140403267895,assets/blumen_gep/supersonic_raw_spectrum_vs_blumen_a020_m120_130_raw_modes.csv
1.3,0.2,0.1892472417939801,assets/blumen_gep/supersonic_raw_spectrum_vs_blumen_a020_m120_130_raw_modes.csv
1.3,0.2,0.0049519383973119,assets/blumen_gep/supersonic_raw_spectrum_vs_blumen_a020_m120_130_raw_modes.csv
1.3,0.2,0.0024593585877647,assets/blumen_gep/supersonic_raw_spectrum_vs_blumen_a020_m120_130_raw_modes.csv
1.3,0.2,0.0050029229995562,assets/blumen_gep/supersonic_raw_spectrum_vs_blumen_a020_m120_130_raw_modes.csv
1.3,0.2,0.002403235067038,assets/blumen_gep/supersonic_raw_spectrum_vs_blumen_a020_m120_130_raw_modes.csv
1.3,0.2,0.0050575291883055,assets/blumen_gep/supersonic_raw_spectrum_vs_blumen_a020_m120_130_raw_modes.csv
1.3,0.2,0.0023454578433301,assets/blumen_gep/supersonic_raw_spectrum_vs_blumen_a020_m120_130_raw_modes.csv
1.3,0.2,0.005116510177275,assets/blumen_gep/supersonic_raw_spectrum_vs_blumen_a020_m120_130_raw_modes.csv
1.3,0.2,0.0022857766241758,assets/blumen_gep/supersonic_raw_spectrum_vs_blumen_a020_m120_130_raw_modes.csv
1.3,0.2,0.0051808003713861,assets/blumen_gep/supersonic_raw_spectrum_vs_blumen_a020_m120_130_raw_modes.csv
1.3,0.2,0.0022238934079878,assets/blumen_gep/supersonic_raw_spectrum_vs_blumen_a020_m120_130_raw_modes.csv
1.3,0.2,0.0052515806008294,assets/blumen_gep/supersonic_raw_spectrum_vs_blumen_a020_m120_130_raw_modes.csv
1.3,0.2,0.0021594501344689,assets/blumen_gep/supersonic_raw_spectrum_vs_blumen_a020_m120_130_raw_modes.csv
1.3,0.2,0.0053303748507694,assets/blumen_gep/supersonic_raw_spectrum_vs_blumen_a020_m120_130_raw_modes.csv
1.3,0.2,0.0020920118344448,assets/blumen_gep/supersonic_raw_spectrum_vs_blumen_a020_m120_130_raw_modes.csv
1.3,0.2,0.0054191977904131,assets/blumen_gep/supersonic_raw_spectrum_vs_blumen_a020_m120_130_raw_modes.csv
1.3,0.2,0.0020210433162551,assets/blumen_gep/supersonic_raw_spectrum_vs_blumen_a020_m120_130_raw_modes.csv
1.3,0.2,0.0055207858405303,assets/blumen_gep/supersonic_raw_spectrum_vs_blumen_a020_m120_130_raw_modes.csv
1.3,0.2,0.0019458759721189,assets/blumen_gep/supersonic_raw_spectrum_vs_blumen_a020_m120_130_raw_modes.csv
1.3,0.2,0.0056389689386435,assets/blumen_gep/supersonic_raw_spectrum_vs_blumen_a020_m120_130_raw_modes.csv
1.3,0.2,0.001865659211252,assets/blumen_gep/supersonic_raw_spectrum_vs_blumen_a020_m120_130_raw_modes.csv
1.3,0.2,0.0017792868099689,assets/blumen_gep/supersonic_raw_spectrum_vs_blumen_a020_m120_130_raw_modes.csv
1.3,0.2,0.0057792754164631,assets/blumen_gep/supersonic_raw_spectrum_vs_blumen_a020_m120_130_raw_modes.csv
1.3,0.2,0.0016852804442721,assets/blumen_gep/supersonic_raw_spectrum_vs_blumen_a020_m120_130_raw_modes.csv
1.3,0.2,0.0059498739454434,assets/blumen_gep/supersonic_raw_spectrum_vs_blumen_a020_m120_130_raw_modes.csv
1.3,0.2,0.0015815954420826,assets/blumen_gep/supersonic_raw_spectrum_vs_blumen_a020_m120_130_raw_modes.csv
1.3,0.2,0.0061626156190851,assets/blumen_gep/supersonic_raw_spectrum_vs_blumen_a020_m120_130_raw_modes.csv
1.3,0.2,0.0014652741229615,assets/blumen_gep/supersonic_raw_spectrum_vs_blumen_a020_m120_130_raw_modes.csv
1.3,0.2,0.0064308259518816,assets/blumen_gep/supersonic_raw_spectrum_vs_blumen_a020_m120_130_raw_modes.csv
1.3,0.2,0.0013317683452891,assets/blumen_gep/supersonic_raw_spectrum_vs_blumen_a020_m120_130_raw_modes.csv
1.3,0.2,0.0067403165616379,assets/blumen_gep/supersonic_raw_spectrum_vs_blumen_a020_m120_130_raw_modes.csv
1.3,0.2,0.0069325337741304,assets/blumen_gep/supersonic_raw_spectrum_vs_blumen_a020_m120_130_raw_modes.csv
1.3,0.2,0.0011734338061394,assets/blumen_gep/supersonic_raw_spectrum_vs_blumen_a020_m120_130_raw_modes.csv
1.3,0.2,0.0067779687597656,assets/blumen_gep/supersonic_raw_spectrum_vs_blumen_a020_m120_130_raw_modes.csv
1.3,0.2,0.0009754463319246,assets/blumen_gep/supersonic_raw_spectrum_vs_blumen_a020_m120_130_raw_modes.csv
1.3,0.2,0.0064325960102915,assets/blumen_gep/supersonic_raw_spectrum_vs_blumen_a020_m120_130_raw_modes.csv
1.3,0.2,0.0006997999951085,assets/blumen_gep/supersonic_raw_spectrum_vs_blumen_a020_m120_130_raw_modes.csv
1.3,0.2,0.0061067344541211,assets/blumen_gep/supersonic_raw_spectrum_vs_blumen_a020_m120_130_raw_modes.csv
1.3,0.2,1.3641435390995293e-12,assets/blumen_gep/supersonic_raw_spectrum_vs_blumen_a020_m120_130_raw_modes.csv
1.3,0.2,0.0058376615027345,assets/blumen_gep/supersonic_raw_spectrum_vs_blumen_a020_m120_130_raw_modes.csv
1.3,0.2,1.7044667099988416e-15,assets/blumen_gep/supersonic_raw_spectrum_vs_blumen_a020_m120_130_raw_modes.csv
1.3,0.2,0.0056143415358872,assets/blumen_gep/supersonic_raw_spectrum_vs_blumen_a020_m120_130_raw_modes.csv
1.3,0.2,3.376929608892173e-14,assets/blumen_gep/supersonic_raw_spectrum_vs_blumen_a020_m120_130_raw_modes.csv
1.3,0.2,0.0054241397080472,assets/blumen_gep/supersonic_raw_spectrum_vs_blumen_a020_m120_130_raw_modes.csv
1.3,0.2,1.904227594720071e-12,assets/blumen_gep/supersonic_raw_spectrum_vs_blumen_a020_m120_130_raw_modes.csv
1.3,0.2,0.0052581053987307,assets/blumen_gep/supersonic_raw_spectrum_vs_blumen_a020_m120_130_raw_modes.csv
1.3,0.2,0.005110196558231,assets/blumen_gep/supersonic_raw_spectrum_vs_blumen_a020_m120_130_raw_modes.csv
1.3,0.2,4.455511695908935e-12,assets/blumen_gep/supersonic_raw_spectrum_vs_blumen_a020_m120_130_raw_modes.csv
1.3,0.2,0.0049762676388549,assets/blumen_gep/supersonic_raw_spectrum_vs_blumen_a020_m120_130_raw_modes.csv
1.3,0.2,0.0006997996308991,assets/blumen_gep/supersonic_raw_spectrum_vs_blumen_a020_m120_130_raw_modes.csv
1.3,0.2,0.0048533916525955,assets/blumen_gep/supersonic_raw_spectrum_vs_blumen_a020_m120_130_raw_modes.csv
1.3,0.2,0.0009754460914209,assets/blumen_gep/supersonic_raw_spectrum_vs_blumen_a020_m120_130_raw_modes.csv
1.3,0.2,0.0047394411582791,assets/blumen_gep/supersonic_raw_spectrum_vs_blumen_a020_m120_130_raw_modes.csv
1.3,0.2,0.0011734336206572,assets/blumen_gep/supersonic_raw_spectrum_vs_blumen_a020_m120_130_raw_modes.csv
1.3,0.2,0.0046328286255144,assets/blumen_gep/supersonic_raw_spectrum_vs_blumen_a020_m120_130_raw_modes.csv
1.3,0.2,0.0013317681883296,assets/blumen_gep/supersonic_raw_spectrum_vs_blumen_a020_m120_130_raw_modes.csv
1.3,0.2,0.004532341654211,assets/blumen_gep/supersonic_raw_spectrum_vs_blumen_a020_m120_130_raw_modes.csv
1.3,0.2,0.0014652739973012,assets/blumen_gep/supersonic_raw_spectrum_vs_blumen_a020_m120_130_raw_modes.csv
1.3,0.2,0.0044370354729433,assets/blumen_gep/supersonic_raw_spectrum_vs_blumen_a020_m120_130_raw_modes.csv
1.3,0.2,0.0015815953344402,assets/blumen_gep/supersonic_raw_spectrum_vs_blumen_a020_m120_130_raw_modes.csv
1.3,0.2,0.0043461608096917,assets/blumen_gep/supersonic_raw_spectrum_vs_blumen_a020_m120_130_raw_modes.csv
1.3,0.2,0.0016852803481326,assets/blumen_gep/supersonic_raw_spectrum_vs_blumen_a020_m120_130_raw_modes.csv
1.3,0.2,0.0042591142236114,assets/blumen_gep/supersonic_raw_spectrum_vs_blumen_a020_m120_130_raw_modes.csv
1.3,0.2,0.0017792867275023,assets/blumen_gep/supersonic_raw_spectrum_vs_blumen_a020_m120_130_raw_modes.csv
1.3,0.2,0.0041754031303684,assets/blumen_gep/supersonic_raw_spectrum_vs_blumen_a020_m120_130_raw_modes.csv
1.3,0.2,0.001865659140718,assets/blumen_gep/supersonic_raw_spectrum_vs_blumen_a020_m120_130_raw_modes.csv
1.3,0.2,0.0040946205943322,assets/blumen_gep/supersonic_raw_spectrum_vs_blumen_a020_m120_130_raw_modes.csv
1.3,0.2,0.0019458759049159,assets/blumen_gep/supersonic_raw_spectrum_vs_blumen_a020_m120_130_raw_modes.csv
1.3,0.2,0.0020210432607842,assets/blumen_gep/supersonic_raw_spectrum_vs_blumen_a020_m120_130_raw_modes.csv
1.3,0.2,0.004016426872658,assets/blumen_gep/supersonic_raw_spectrum_vs_blumen_a020_m120_130_raw_modes.csv
1.3,0.2,0.0020920117832976,assets/blumen_gep/supersonic_raw_spectrum_vs_blumen_a020_m120_130_raw_modes.csv
1.3,0.2,0.0039405356265589,assets/blumen_gep/supersonic_raw_spectrum_vs_blumen_a020_m120_130_raw_modes.csv
1.3,0.2,0.0021594500878925,assets/blumen_gep/supersonic_raw_spectrum_vs_blumen_a020_m120_130_raw_modes.csv
1.3,0.2,0.0038667034791457,assets/blumen_gep/supersonic_raw_spectrum_vs_blumen_a020_m120_130_raw_modes.csv
1.3,0.2,0.0022238933669651,assets/blumen_gep/supersonic_raw_spectrum_vs_blumen_a020_m120_130_raw_modes.csv
1.3,0.2,0.0037947219940333,assets/blumen_gep/supersonic_raw_spectrum_vs_blumen_a020_m120_130_raw_modes.csv
1.3,0.2,0.0022857765851262,assets/blumen_gep/supersonic_raw_spectrum_vs_blumen_a020_m120_130_raw_modes.csv
1.3,0.2,0.0037244114356834,assets/blumen_gep/supersonic_raw_spectrum_vs_blumen_a020_m120_130_raw_modes.csv
1.3,0.2,0.002345457808639,assets/blumen_gep/supersonic_raw_spectrum_vs_blumen_a020_m120_130_raw_modes.csv
1.3,0.2,0.0036556158571997,assets/blumen_gep/supersonic_raw_spectrum_vs_blumen_a020_m120_130_raw_modes.csv
1.3,0.2,0.0024032350323178,assets/blumen_gep/supersonic_raw_spectrum_vs_blumen_a020_m120_130_raw_modes.csv
1.3,0.2,0.0035881991992985,assets/blumen_gep/supersonic_raw_spectrum_vs_blumen_a020_m120_130_raw_modes.csv
1.3,0.2,0.0024593585606502,assets/blumen_gep/supersonic_raw_spectrum_vs_blumen_a020_m120_130_raw_modes.csv
1.3,0.2,0.0035220421524362,assets/blumen_gep/supersonic_raw_spectrum_vs_blumen_a020_m120_130_raw_modes.csv
1.3,0.2,0.0025140402993485,assets/blumen_gep/supersonic_raw_spectrum_vs_blumen_a020_m120_130_raw_modes.csv
1.3,0.2,0.0034570396202584,assets/blumen_gep/supersonic_raw_spectrum_vs_blumen_a020_m120_130_raw_modes.csv
1.3,0.2,0.0025674608460872,assets/blumen_gep/supersonic_raw_spectrum_vs_blumen_a020_m120_130_raw_modes.csv
1.3,0.2,0.0033930986486815,assets/blumen_gep/supersonic_raw_spectrum_vs_blumen_a020_m120_130_raw_modes.csv
1.3,0.2,0.0026197749768838,assets/blumen_gep/supersonic_raw_spectrum_vs_blumen_a020_m120_130_raw_modes.csv
1.3,0.2,0.0033301367176915,assets/blumen_gep/supersonic_raw_spectrum_vs_blumen_a020_m120_130_raw_modes.csv
1.3,0.2,0.0026711159168331,assets/blumen_gep/supersonic_raw_spectrum_vs_blumen_a020_m120_130_raw_modes.csv
1.3,0.2,0.0032680803348598,assets/blumen_gep/supersonic_raw_spectrum_vs_blumen_a020_m120_130_raw_modes.csv
1.3,0.2,0.0027215987626082,assets/blumen_gep/supersonic_raw_spectrum_vs_blumen_a020_m120_130_raw_modes.csv
1.3,0.2,0.0032068638554749,assets/blumen_gep/supersonic_raw_spectrum_vs_blumen_a020_m120_130_raw_modes.csv
1.3,0.2,0.0027713231872356,assets/blumen_gep/supersonic_raw_spectrum_vs_blumen_a020_m120_130_raw_modes.csv
1.3,0.2,0.003146428495412,assets/blumen_gep/supersonic_raw_spectrum_vs_blumen_a020_m120_130_raw_modes.csv
1.3,0.2,0.0028203756567534,assets/blumen_gep/supersonic_raw_spectrum_vs_blumen_a020_m120_130_raw_modes.csv
1.3,0.2,0.003086721505607,assets/blumen_gep/supersonic_raw_spectrum_vs_blumen_a020_m120_130_raw_modes.csv
1.3,0.2,0.0028688311863523,assets/blumen_gep/supersonic_raw_spectrum_vs_blumen_a020_m120_130_raw_modes.csv
1.3,0.2,0.0030276954626913,assets/blumen_gep/supersonic_raw_spectrum_vs_blumen_a020_m120_130_raw_modes.csv
1.3,0.2,0.0029167548353409,assets/blumen_gep/supersonic_raw_spectrum_vs_blumen_a020_m120_130_raw_modes.csv
1.3,0.2,0.0029693076691546,assets/blumen_gep/supersonic_raw_spectrum_vs_blumen_a020_m120_130_raw_modes.csv
1.3,0.2,0.0029642028997542,assets/blumen_gep/supersonic_raw_spectrum_vs_blumen_a020_m120_130_raw_modes.csv
1.3,0.2,0.0029115196433545,assets/blumen_gep/supersonic_raw_spectrum_vs_blumen_a020_m120_130_raw_modes.csv
1.3,0.2,0.002854296676579,assets/blumen_gep/supersonic_raw_spectrum_vs_blumen_a020_m120_130_raw_modes.csv
1.3,0.2,0.0030112239336105,assets/blumen_gep/supersonic_raw_spectrum_vs_blumen_a020_m120_130_raw_modes.csv
1.3,0.2,0.0027976074580524,assets/blumen_gep/supersonic_raw_spectrum_vs_blumen_a020_m120_130_raw_modes.csv
1.3,0.2,0.0030578595591813,assets/blumen_gep/supersonic_raw_spectrum_vs_blumen_a020_m120_130_raw_modes.csv
1.3,0.2,0.0027414237340568,assets/blumen_gep/supersonic_raw_spectrum_vs_blumen_a020_m120_130_raw_modes.csv
1.3,0.2,0.0031041452000766,assets/blumen_gep/supersonic_raw_spectrum_vs_blumen_a020_m120_130_raw_modes.csv
1.3,0.2,0.0026857200440476,assets/blumen_gep/supersonic_raw_spectrum_vs_blumen_a020_m120_130_raw_modes.csv
1.3,0.2,0.0031501106619226,assets/blumen_gep/supersonic_raw_spectrum_vs_blumen_a020_m120_130_raw_modes.csv
1.3,0.2,0.0026304734493884,assets/blumen_gep/supersonic_raw_spectrum_vs_blumen_a020_m120_130_raw_modes.csv
1.3,0.2,0.0031957806511819,assets/blumen_gep/supersonic_raw_spectrum_vs_blumen_a020_m120_130_raw_modes.csv
1.3,0.2,0.0025756633291816,assets/blumen_gep/supersonic_raw_spectrum_vs_blumen_a020_m120_130_raw_modes.csv
1.3,0.2,0.0032411751880297,assets/blumen_gep/supersonic_raw_spectrum_vs_blumen_a020_m120_130_raw_modes.csv
1.3,0.2,0.0025212711895139,assets/blumen_gep/supersonic_raw_spectrum_vs_blumen_a020_m120_130_raw_modes.csv
1.3,0.2,0.0032863100077976,assets/blumen_gep/supersonic_raw_spectrum_vs_blumen_a020_m120_130_raw_modes.csv
1.3,0.2,0.0024672804864967,assets/blumen_gep/supersonic_raw_spectrum_vs_blumen_a020_m120_130_raw_modes.csv
1.3,0.2,0.0033311968787395,assets/blumen_gep/supersonic_raw_spectrum_vs_blumen_a020_m120_130_raw_modes.csv
1.3,0.2,0.002413676492361,assets/blumen_gep/supersonic_raw_spectrum_vs_blumen_a020_m120_130_raw_modes.csv
1.3,0.2,0.0033758439015596,assets/blumen_gep/supersonic_raw_spectrum_vs_blumen_a020_m120_130_raw_modes.csv
1.3,0.2,0.0023604461539517,assets/blumen_gep/supersonic_raw_spectrum_vs_blumen_a020_m120_130_raw_modes.csv
1.3,0.2,0.003420255782588,assets/blumen_gep/supersonic_raw_spectrum_vs_blumen_a020_m120_130_raw_modes.csv
1.3,0.2,0.0023075779801801,assets/blumen_gep/supersonic_raw_spectrum_vs_blumen_a020_m120_130_raw_modes.csv
1.3,0.2,0.0034644340727041,assets/blumen_gep/supersonic_raw_spectrum_vs_blumen_a020_m120_130_raw_modes.csv
1.3,0.2,0.0022550619390052,assets/blumen_gep/supersonic_raw_spectrum_vs_blumen_a020_m120_130_raw_modes.csv
1.3,0.2,0.0035083774255665,assets/blumen_gep/supersonic_raw_spectrum_vs_blumen_a020_m120_130_raw_modes.csv
1.3,0.2,0.0022028893649894,assets/blumen_gep/supersonic_raw_spectrum_vs_blumen_a020_m120_130_raw_modes.csv
1.3,0.2,0.0035520818295864,assets/blumen_gep/supersonic_raw_spectrum_vs_blumen_a020_m120_130_raw_modes.csv
1.3,0.2,0.0021510528761487,assets/blumen_gep/supersonic_raw_spectrum_vs_blumen_a020_m120_130_raw_modes.csv
1.3,0.2,0.0020995462993789,assets/blumen_gep/supersonic_raw_spectrum_vs_blumen_a020_m120_130_raw_modes.csv
1.3,0.2,0.0035955408530081,assets/blumen_gep/supersonic_raw_spectrum_vs_blumen_a020_m120_130_raw_modes.csv
1.3,0.2,0.0020483646035678,assets/blumen_gep/supersonic_raw_spectrum_vs_blumen_a020_m120_130_raw_modes.csv
1.3,0.2,0.003638745900516,assets/blumen_gep/supersonic_raw_spectrum_vs_blumen_a020_m120_130_raw_modes.csv
1.3,0.2,0.0019975038325246,assets/blumen_gep/supersonic_raw_spectrum_vs_blumen_a020_m120_130_raw_modes.csv
1.3,0.2,0.0036816864892839,assets/blumen_gep/supersonic_raw_spectrum_vs_blumen_a020_m120_130_raw_modes.csv
1.3,0.2,0.0019469610631555,assets/blumen_gep/supersonic_raw_spectrum_vs_blumen_a020_m120_130_raw_modes.csv
1.3,0.2,0.0037243505475481,assets/blumen_gep/supersonic_raw_spectrum_vs_blumen_a020_m120_130_raw_modes.csv
1.3,0.2,0.0018967343343871,assets/blumen_gep/supersonic_raw_spectrum_vs_blumen_a020_m120_130_raw_modes.csv
1.3,0.2,0.0037667247450395,assets/blumen_gep/supersonic_raw_spectrum_vs_blumen_a020_m120_130_raw_modes.csv
1.3,0.2,0.0018468226087103,assets/blumen_gep/supersonic_raw_spectrum_vs_blumen_a020_m120_130_raw_modes.csv
1.3,0.2,0.0038087948595252,assets/blumen_gep/supersonic_raw_spectrum_vs_blumen_a020_m120_130_raw_modes.csv
1.3,0.2,0.0017972257296258,assets/blumen_gep/supersonic_raw_spectrum_vs_blumen_a020_m120_130_raw_modes.csv
1.3,0.2,0.0038505461857121,assets/blumen_gep/supersonic_raw_spectrum_vs_blumen_a020_m120_130_raw_modes.csv
1.3,0.2,0.0017479443683607,assets/blumen_gep/supersonic_raw_spectrum_vs_blumen_a020_m120_130_raw_modes.csv
1.3,0.2,0.00169897998712,assets/blumen_gep/supersonic_raw_spectrum_vs_blumen_a020_m120_130_raw_modes.csv
1.3,0.2,0.0038919639888376,assets/blumen_gep/supersonic_raw_spectrum_vs_blumen_a020_m120_130_raw_modes.csv
1.3,0.2,0.0016503347974563,assets/blumen_gep/supersonic_raw_spectrum_vs_blumen_a020_m120_130_raw_modes.csv
1.3,0.2,0.0039330340083452,assets/blumen_gep/supersonic_raw_spectrum_vs_blumen_a020_m120_130_raw_modes.csv
1.3,0.2,0.0016020117168791,assets/blumen_gep/supersonic_raw_spectrum_vs_blumen_a020_m120_130_raw_modes.csv
1.3,0.2,0.0039737430162065,assets/blumen_gep/supersonic_raw_spectrum_vs_blumen_a020_m120_130_raw_modes.csv
1.3,0.2,0.0015540143273227,assets/blumen_gep/supersonic_raw_spectrum_vs_blumen_a020_m120_130_raw_modes.csv
1.3,0.2,0.0040140794152025,assets/blumen_gep/supersonic_raw_spectrum_vs_blumen_a020_m120_130_raw_modes.csv
1.3,0.2,0.0015063468329377,assets/blumen_gep/supersonic_raw_spectrum_vs_blumen_a020_m120_130_raw_modes.csv
1.3,0.2,0.001459014011971,assets/blumen_gep/supersonic_raw_spectrum_vs_blumen_a020_m120_130_raw_modes.csv
1.3,0.2,0.0040540339183356,assets/blumen_gep/supersonic_raw_spectrum_vs_blumen_a020_m120_130_raw_modes.csv
1.3,0.2,0.001412021171961,assets/blumen_gep/supersonic_raw_spectrum_vs_blumen_a020_m120_130_raw_modes.csv
1.3,0.2,0.0040936002345021,assets/blumen_gep/supersonic_raw_spectrum_vs_blumen_a020_m120_130_raw_modes.csv
1.3,0.2,0.0013653740935093,assets/blumen_gep/supersonic_raw_spectrum_vs_blumen_a020_m120_130_raw_modes.csv
1.3,0.2,0.0041327758555322,assets/blumen_gep/supersonic_raw_spectrum_vs_blumen_a020_m120_130_raw_modes.csv
1.3,0.2,0.0013190789768071,assets/blumen_gep/supersonic_raw_spectrum_vs_blumen_a020_m120_130_raw_modes.csv
1.3,0.2,0.0012731423741827,assets/blumen_gep/supersonic_raw_spectrum_vs_blumen_a020_m120_130_raw_modes.csv
1.3,0.2,0.0041715628405528,assets/blumen_gep/supersonic_raw_spectrum_vs_blumen_a020_m120_130_raw_modes.csv
1.3,0.2,0.0012275711208445,assets/blumen_gep/supersonic_raw_spectrum_vs_blumen_a020_m120_130_raw_modes.csv
1.3,0.2,0.0042099686679649,assets/blumen_gep/supersonic_raw_spectrum_vs_blumen_a020_m120_130_raw_modes.csv
1.3,0.2,0.0011823722550756,assets/blumen_gep/supersonic_raw_spectrum_vs_blumen_a020_m120_130_raw_modes.csv
1.3,0.2,0.0042480071121309,assets/blumen_gep/supersonic_raw_spectrum_vs_blumen_a020_m120_130_raw_modes.csv
1.3,0.2,0.0011375529193832,assets/blumen_gep/supersonic_raw_spectrum_vs_blumen_a020_m120_130_raw_modes.csv
1.3,0.2,0.0010931202580147,assets/blumen_gep/supersonic_raw_spectrum_vs_blumen_a020_m120_130_raw_modes.csv
1.3,0.2,0.0042856991535691,assets/blumen_gep/supersonic_raw_spectrum_vs_blumen_a020_m120_130_raw_modes.csv
1.3,0.2,0.0010490812885967,assets/blumen_gep/supersonic_raw_spectrum_vs_blumen_a020_m120_130_raw_modes.csv
1.3,0.2,0.0043230739171099,assets/blumen_gep/supersonic_raw_spectrum_vs_blumen_a020_m120_130_raw_modes.csv
1.3,0.2,0.0010054427503835,assets/blumen_gep/supersonic_raw_spectrum_vs_blumen_a020_m120_130_raw_modes.csv
1.3,0.2,0.0009622109293901,assets/blumen_gep/supersonic_raw_spectrum_vs_blumen_a020_m120_130_raw_modes.csv
1.3,0.2,0.0043601696414012,assets/blumen_gep/supersonic_raw_spectrum_vs_blumen_a020_m120_130_raw_modes.csv
1.3,0.2,0.0009193914415556,assets/blumen_gep/supersonic_raw_spectrum_vs_blumen_a020_m120_130_raw_modes.csv
1.3,0.2,0.0043970346820071,assets/blumen_gep/supersonic_raw_spectrum_vs_blumen_a020_m120_130_raw_modes.csv
1.3,0.2,0.0008769889721416,assets/blumen_gep/supersonic_raw_spectrum_vs_blumen_a020_m120_130_raw_modes.csv
1.3,0.2,0.0008350069557792,assets/blumen_gep/supersonic_raw_spectrum_vs_blumen_a020_m120_130_raw_modes.csv
1.3,0.2,0.004433728562038,assets/blumen_gep/supersonic_raw_spectrum_vs_blumen_a020_m120_130_raw_modes.csv
1.3,0.2,0.0007934471746669,assets/blumen_gep/supersonic_raw_spectrum_vs_blumen_a020_m120_130_raw_modes.csv
1.3,0.2,0.0044703230867813,assets/blumen_gep/supersonic_raw_spectrum_vs_blumen_a020_m120_130_raw_modes.csv
1.3,0.2,0.0007523092583671,assets/blumen_gep/supersonic_raw_spectrum_vs_blumen_a020_m120_130_raw_modes.csv
1.3,0.2,0.00071159003974,assets/blumen_gep/supersonic_raw_spectrum_vs_blumen_a020_m120_130_raw_modes.csv
1.3,0.2,0.1892472417941881,assets/blumen_gep/supersonic_raw_spectrum_vs_blumen_a020_m120_130_raw_modes.csv
1.3,0.2,0.004506903553069,assets/blumen_gep/supersonic_raw_spectrum_vs_blumen_a020_m120_130_raw_modes.csv
1.3,0.2,0.000671282718779,assets/blumen_gep/supersonic_raw_spectrum_vs_blumen_a020_m120_130_raw_modes.csv
1.3,0.2,0.0006313757628743,assets/blumen_gep/supersonic_raw_spectrum_vs_blumen_a020_m120_130_raw_modes.csv
1.3,0.2,0.0045435700924695,assets/blumen_gep/supersonic_raw_spectrum_vs_blumen_a020_m120_130_raw_modes.csv
1.3,0.2,0.0005918514232961,assets/blumen_gep/supersonic_raw_spectrum_vs_blumen_a020_m120_130_raw_modes.csv
1.3,0.2,0.0045804392056568,assets/blumen_gep/supersonic_raw_spectrum_vs_blumen_a020_m120_130_raw_modes.csv
1.3,0.2,0.000552683692811,assets/blumen_gep/supersonic_raw_spectrum_vs_blumen_a020_m120_130_raw_modes.csv
1.3,0.2,0.0005138354308804,assets/blumen_gep/supersonic_raw_spectrum_vs_blumen_a020_m120_130_raw_modes.csv
1.3,0.2,0.0046176455623198,assets/blumen_gep/supersonic_raw_spectrum_vs_blumen_a020_m120_130_raw_modes.csv
1.3,0.2,0.0004752541863062,assets/blumen_gep/supersonic_raw_spectrum_vs_blumen_a020_m120_130_raw_modes.csv
1.3,0.2,0.0004368659338439,assets/blumen_gep/supersonic_raw_spectrum_vs_blumen_a020_m120_130_raw_modes.csv
1.3,0.2,0.0046553441666165,assets/blumen_gep/supersonic_raw_spectrum_vs_blumen_a020_m120_130_raw_modes.csv
1.3,0.2,0.0003985652923264,assets/blumen_gep/supersonic_raw_spectrum_vs_blumen_a020_m120_130_raw_modes.csv
1.3,0.2,0.0003601995054547,assets/blumen_gep/supersonic_raw_spectrum_vs_blumen_a020_m120_130_raw_modes.csv
1.3,0.2,0.0046937130181903,assets/blumen_gep/supersonic_raw_spectrum_vs_blumen_a020_m120_130_raw_modes.csv
1.3,0.2,0.0003215405711913,assets/blumen_gep/supersonic_raw_spectrum_vs_blumen_a020_m120_130_raw_modes.csv
1.3,0.2,0.0002822328559054,assets/blumen_gep/supersonic_raw_spectrum_vs_blumen_a020_m120_130_raw_modes.csv
1.3,0.2,0.0047329564438039,assets/blumen_gep/supersonic_raw_spectrum_vs_blumen_a020_m120_130_raw_modes.csv
1.3,0.2,0.0002416838209265,assets/blumen_gep/supersonic_raw_spectrum_vs_blumen_a020_m120_130_raw_modes.csv
1.3,0.2,0.0001987991314831,assets/blumen_gep/supersonic_raw_spectrum_vs_blumen_a020_m120_130_raw_modes.csv
1.3,0.2,0.0001511653909216,assets/blumen_gep/supersonic_raw_spectrum_vs_blumen_a020_m120_130_raw_modes.csv
1.3,0.2,0.0047733093277433,assets/blumen_gep/supersonic_raw_spectrum_vs_blumen_a020_m120_130_raw_modes.csv
1.3,0.2,9.091983694697864e-05,assets/blumen_gep/supersonic_raw_spectrum_vs_blumen_a020_m120_130_raw_modes.csv
1.3,0.2,7.07789190714699e-14,assets/blumen_gep/supersonic_raw_spectrum_vs_blumen_a020_m120_130_raw_modes.csv
1.3,0.2,0.0048150425559622,assets/blumen_gep/supersonic_raw_spectrum_vs_blumen_a020_m120_130_raw_modes.csv
1.3,0.2,4.550379309822596e-14,assets/blumen_gep/supersonic_raw_spectrum_vs_blumen_a020_m120_130_raw_modes.csv
1.3,0.2,1.9013722379227596e-14,assets/blumen_gep/supersonic_raw_spectrum_vs_blumen_a020_m120_130_raw_modes.csv
1.3,0.2,2.448597773000685e-14,assets/blumen_gep/supersonic_raw_spectrum_vs_blumen_a020_m120_130_raw_modes.csv
1.3,0.2,0.0048584700966764,assets/blumen_gep/supersonic_raw_spectrum_vs_blumen_a020_m120_130_raw_modes.csv
1.3,0.2,7.075260268293447e-15,assets/blumen_gep/supersonic_raw_spectrum_vs_blumen_a020_m120_130_raw_modes.csv
1.3,0.2,2.1763338463897252e-14,assets/blumen_gep/supersonic_raw_spectrum_vs_blumen_a020_m120_130_raw_modes.csv
1.3,0.2,2.2543674747197083e-14,assets/blumen_gep/supersonic_raw_spectrum_vs_blumen_a020_m120_130_raw_modes.csv
1.3,0.2,0.0049039583184085,assets/blumen_gep/supersonic_raw_spectrum_vs_blumen_a020_m120_130_raw_modes.csv
1.3,0.2,2.7815400913817593e-14,assets/blumen_gep/supersonic_raw_spectrum_vs_blumen_a020_m120_130_raw_modes.csv
1.3,0.2,3.365071093767262e-14,assets/blumen_gep/supersonic_raw_spectrum_vs_blumen_a020_m120_130_raw_modes.csv
1.3,0.2,5.1989051586541454e-14,assets/blumen_gep/supersonic_raw_spectrum_vs_blumen_a020_m120_130_raw_modes.csv
1.3,0.2,0.00495193838917,assets/blumen_gep/supersonic_raw_spectrum_vs_blumen_a020_m120_130_raw_modes.csv
1.3,0.2,1.0671794589223741e-13,assets/blumen_gep/supersonic_raw_spectrum_vs_blumen_a020_m120_130_raw_modes.csv
1.3,0.2,1.080011287340252e-13,assets/blumen_gep/supersonic_raw_spectrum_vs_blumen_a020_m120_130_raw_modes.csv
1.3,0.2,1.6030215985531276e-13,assets/blumen_gep/supersonic_raw_spectrum_vs_blumen_a020_m120_130_raw_modes.csv
1.3,0.2,2.336900398756183e-13,assets/blumen_gep/supersonic_raw_spectrum_vs_blumen_a020_m120_130_raw_modes.csv
1.3,0.2,0.0050029229911519,assets/blumen_gep/supersonic_raw_spectrum_vs_blumen_a020_m120_130_raw_modes.csv
1.3,0.2,3.6763329410038026e-13,assets/blumen_gep/supersonic_raw_spectrum_vs_blumen_a020_m120_130_raw_modes.csv
1.3,0.2,5.068828174034859e-13,assets/blumen_gep/supersonic_raw_spectrum_vs_blumen_a020_m120_130_raw_modes.csv
1.3,0.2,7.011384057045208e-13,assets/blumen_gep/supersonic_raw_spectrum_vs_blumen_a020_m120_130_raw_modes.csv
1.3,0.2,9.57163012564897e-13,assets/blumen_gep/supersonic_raw_spectrum_vs_blumen_a020_m120_130_raw_modes.csv
1.3,0.2,1.2955231153864184e-12,assets/blumen_gep/supersonic_raw_spectrum_vs_blumen_a020_m120_130_raw_modes.csv
1.3,0.2,0.0050575291797997,assets/blumen_gep/supersonic_raw_spectrum_vs_blumen_a020_m120_130_raw_modes.csv
1.3,0.2,1.7251665395133273e-12,assets/blumen_gep/supersonic_raw_spectrum_vs_blumen_a020_m120_130_raw_modes.csv
1.3,0.2,2.2688792565294704e-12,assets/blumen_gep/supersonic_raw_spectrum_vs_blumen_a020_m120_130_raw_modes.csv
1.3,0.2,2.9698402503434067e-12,assets/blumen_gep/supersonic_raw_spectrum_vs_blumen_a020_m120_130_raw_modes.csv
1.3,0.2,3.962182340684002e-12,assets/blumen_gep/supersonic_raw_spectrum_vs_blumen_a020_m120_130_raw_modes.csv
1.3,0.2,4.993678219522084e-12,assets/blumen_gep/supersonic_raw_spectrum_vs_blumen_a020_m120_130_raw_modes.csv
1.3,0.2,6.452472372255748e-12,assets/blumen_gep/supersonic_raw_spectrum_vs_blumen_a020_m120_130_raw_modes.csv
1.3,0.2,8.307053853382746e-12,assets/blumen_gep/supersonic_raw_spectrum_vs_blumen_a020_m120_130_raw_modes.csv
1.3,0.2,0.0051165101674387,assets/blumen_gep/supersonic_raw_spectrum_vs_blumen_a020_m120_130_raw_modes.csv
1.3,0.2,1.0632905458286069e-11,assets/blumen_gep/supersonic_raw_spectrum_vs_blumen_a020_m120_130_raw_modes.csv
1.3,0.2,1.3480121703389359e-11,assets/blumen_gep/supersonic_raw_spectrum_vs_blumen_a020_m120_130_raw_modes.csv
1.3,0.2,1.6730345972828683e-11,assets/blumen_gep/supersonic_raw_spectrum_vs_blumen_a020_m120_130_raw_modes.csv
1.3,0.2,2.0337550809029425e-11,assets/blumen_gep/supersonic_raw_spectrum_vs_blumen_a020_m120_130_raw_modes.csv
1.3,0.2,2.4331956333496698e-11,assets/blumen_gep/supersonic_raw_spectrum_vs_blumen_a020_m120_130_raw_modes.csv
1.3,0.2,2.6587692020506674e-11,assets/blumen_gep/supersonic_raw_spectrum_vs_blumen_a020_m120_130_raw_modes.csv
1.3,0.2,2.926525770370461e-11,assets/blumen_gep/supersonic_raw_spectrum_vs_blumen_a020_m120_130_raw_modes.csv
1.3,0.2,3.176065263732956e-11,assets/blumen_gep/supersonic_raw_spectrum_vs_blumen_a020_m120_130_raw_modes.csv
1.3,0.2,3.125354680732599e-11,assets/blumen_gep/supersonic_raw_spectrum_vs_blumen_a020_m120_130_raw_modes.csv
1.3,0.2,2.974371591009174e-11,assets/blumen_gep/supersonic_raw_spectrum_vs_blumen_a020_m120_130_raw_modes.csv
1.3,0.2,2.7826048108763167e-11,assets/blumen_gep/supersonic_raw_spectrum_vs_blumen_a020_m120_130_raw_modes.csv
1.3,0.2,2.422352004900141e-11,assets/blumen_gep/supersonic_raw_spectrum_vs_blumen_a020_m120_130_raw_modes.csv
1.3,0.2,1.964452793471785e-11,assets/blumen_gep/supersonic_raw_spectrum_vs_blumen_a020_m120_130_raw_modes.csv
1.3,0.2,1.4875557795610258e-11,assets/blumen_gep/supersonic_raw_spectrum_vs_blumen_a020_m120_130_raw_modes.csv
1.3,0.2,1.0270442810989906e-11,assets/blumen_gep/supersonic_raw_spectrum_vs_blumen_a020_m120_130_raw_modes.csv
1.3,0.2,6.337301462005769e-12,assets/blumen_gep/supersonic_raw_spectrum_vs_blumen_a020_m120_130_raw_modes.csv
1.3,0.2,3.135979186480383e-12,assets/blumen_gep/supersonic_raw_spectrum_vs_blumen_a020_m120_130_raw_modes.csv
1.3,0.2,9.712722242471758e-13,assets/blumen_gep/supersonic_raw_spectrum_vs_blumen_a020_m120_130_raw_modes.csv
1.3,0.2,1.01173689085814e-12,assets/blumen_gep/supersonic_raw_spectrum_vs_blumen_a020_m120_130_raw_modes.csv
1.3,0.2,1.2361185976469777e-12,assets/blumen_gep/supersonic_raw_spectrum_vs_blumen_a020_m120_130_raw_modes.csv
1.3,0.2,1.4570277347528666e-12,assets/blumen_gep/supersonic_raw_spectrum_vs_blumen_a020_m120_130_raw_modes.csv
1.3,0.2,7.070464595091567e-13,assets/blumen_gep/supersonic_raw_spectrum_vs_blumen_a020_m120_130_raw_modes.csv
1.3,0.2,2.983652799869637e-13,assets/blumen_gep/supersonic_raw_spectrum_vs_blumen_a020_m120_130_raw_modes.csv
1.3,0.2,9.258524120504085e-13,assets/blumen_gep/supersonic_raw_spectrum_vs_blumen_a020_m120_130_raw_modes.csv
1.3,0.2,1.0726197993708292e-12,assets/blumen_gep/supersonic_raw_spectrum_vs_blumen_a020_m120_130_raw_modes.csv
1.3,0.2,1.226751931095799e-12,assets/blumen_gep/supersonic_raw_spectrum_vs_blumen_a020_m120_130_raw_modes.csv
1.3,0.2,1.1568640539691152e-12,assets/blumen_gep/supersonic_raw_spectrum_vs_blumen_a020_m120_130_raw_modes.csv
1.3,0.2,1.1369045876579464e-12,assets/blumen_gep/supersonic_raw_spectrum_vs_blumen_a020_m120_130_raw_modes.csv
1.3,0.2,1.0891648288234795e-12,assets/blumen_gep/supersonic_raw_spectrum_vs_blumen_a020_m120_130_raw_modes.csv
1.3,0.2,2.359261001201889e-13,assets/blumen_gep/supersonic_raw_spectrum_vs_blumen_a020_m120_130_raw_modes.csv
1.3,0.2,0.0051808003628645,assets/blumen_gep/supersonic_raw_spectrum_vs_blumen_a020_m120_130_raw_modes.csv
1.3,0.2,1.0925723352084086e-12,assets/blumen_gep/supersonic_raw_spectrum_vs_blumen_a020_m120_130_raw_modes.csv
1.3,0.2,7.448484224146096e-13,assets/blumen_gep/supersonic_raw_spectrum_vs_blumen_a020_m120_130_raw_modes.csv
1.3,0.2,0.0052515805883902,assets/blumen_gep/supersonic_raw_spectrum_vs_blumen_a020_m120_130_raw_modes.csv
1.3,0.2,0.0053303748445067,assets/blumen_gep/supersonic_raw_spectrum_vs_blumen_a020_m120_130_raw_modes.csv
1.3,0.2,0.0054191977782296,assets/blumen_gep/supersonic_raw_spectrum_vs_blumen_a020_m120_130_raw_modes.csv
1.3,0.2,0.0055207858272561,assets/blumen_gep/supersonic_raw_spectrum_vs_blumen_a020_m120_130_raw_modes.csv
1.3,0.2,0.005638968933927,assets/blumen_gep/supersonic_raw_spectrum_vs_blumen_a020_m120_130_raw_modes.csv
1.3,0.2,0.0057792754059761,assets/blumen_gep/supersonic_raw_spectrum_vs_blumen_a020_m120_130_raw_modes.csv
1.3,0.2,0.0059498739344268,assets/blumen_gep/supersonic_raw_spectrum_vs_blumen_a020_m120_130_raw_modes.csv
1.3,0.2,0.0061626156069648,assets/blumen_gep/supersonic_raw_spectrum_vs_blumen_a020_m120_130_raw_modes.csv
1.3,0.2,0.0064308259410919,assets/blumen_gep/supersonic_raw_spectrum_vs_blumen_a020_m120_130_raw_modes.csv
1.3,0.2,0.0067403165523588,assets/blumen_gep/supersonic_raw_spectrum_vs_blumen_a020_m120_130_raw_modes.csv
1.3,0.2,0.0069325337646394,assets/blumen_gep/supersonic_raw_spectrum_vs_blumen_a020_m120_130_raw_modes.csv
1.3,0.2,0.0067779687483814,assets/blumen_gep/supersonic_raw_spectrum_vs_blumen_a020_m120_130_raw_modes.csv
1.3,0.2,0.0064325959979146,assets/blumen_gep/supersonic_raw_spectrum_vs_blumen_a020_m120_130_raw_modes.csv
1.3,0.2,0.0061067344429414,assets/blumen_gep/supersonic_raw_spectrum_vs_blumen_a020_m120_130_raw_modes.csv
1.3,0.2,0.005837661487545,assets/blumen_gep/supersonic_raw_spectrum_vs_blumen_a020_m120_130_raw_modes.csv
1.3,0.2,0.0056143415252937,assets/blumen_gep/supersonic_raw_spectrum_vs_blumen_a020_m120_130_raw_modes.csv
1.3,0.2,0.0054241396927741,assets/blumen_gep/supersonic_raw_spectrum_vs_blumen_a020_m120_130_raw_modes.csv
1.3,0.2,0.0052581053876362,assets/blumen_gep/supersonic_raw_spectrum_vs_blumen_a020_m120_130_raw_modes.csv
1.3,0.2,0.0051101965437932,assets/blumen_gep/supersonic_raw_spectrum_vs_blumen_a020_m120_130_raw_modes.csv
1.3,0.2,0.0049762676257454,assets/blumen_gep/supersonic_raw_spectrum_vs_blumen_a020_m120_130_raw_modes.csv
1.3,0.2,0.0048533916372827,assets/blumen_gep/supersonic_raw_spectrum_vs_blumen_a020_m120_130_raw_modes.csv
1.3,0.2,0.0047394411449587,assets/blumen_gep/supersonic_raw_spectrum_vs_blumen_a020_m120_130_raw_modes.csv
1.3,0.2,0.0046328286109301,assets/blumen_gep/supersonic_raw_spectrum_vs_blumen_a020_m120_130_raw_modes.csv
1.3,0.2,0.0045323416386313,assets/blumen_gep/supersonic_raw_spectrum_vs_blumen_a020_m120_130_raw_modes.csv
1.3,0.2,0.0044370354578229,assets/blumen_gep/supersonic_raw_spectrum_vs_blumen_a020_m120_130_raw_modes.csv
1.3,0.2,0.0043461607934328,assets/blumen_gep/supersonic_raw_spectrum_vs_blumen_a020_m120_130_raw_modes.csv
1.3,0.2,0.00425911420909,assets/blumen_gep/supersonic_raw_spectrum_vs_blumen_a020_m120_130_raw_modes.csv
1.3,0.2,0.0041754031141631,assets/blumen_gep/supersonic_raw_spectrum_vs_blumen_a020_m120_130_raw_modes.csv
1.3,0.2,0.0040946205778875,assets/blumen_gep/supersonic_raw_spectrum_vs_blumen_a020_m120_130_raw_modes.csv
1.3,0.2,0.0040164268565431,assets/blumen_gep/supersonic_raw_spectrum_vs_blumen_a020_m120_130_raw_modes.csv
1.3,0.2,0.0039405356107618,assets/blumen_gep/supersonic_raw_spectrum_vs_blumen_a020_m120_130_raw_modes.csv
1.3,0.2,0.0038667034635175,assets/blumen_gep/supersonic_raw_spectrum_vs_blumen_a020_m120_130_raw_modes.csv
1.3,0.2,0.0037947219783495,assets/blumen_gep/supersonic_raw_spectrum_vs_blumen_a020_m120_130_raw_modes.csv
1.3,0.2,0.0037244114196162,assets/blumen_gep/supersonic_raw_spectrum_vs_blumen_a020_m120_130_raw_modes.csv
1.3,0.2,0.0036556158412729,assets/blumen_gep/supersonic_raw_spectrum_vs_blumen_a020_m120_130_raw_modes.csv
1.3,0.2,0.0035881991830834,assets/blumen_gep/supersonic_raw_spectrum_vs_blumen_a020_m120_130_raw_modes.csv
1.3,0.2,0.00352204213619,assets/blumen_gep/supersonic_raw_spectrum_vs_blumen_a020_m120_130_raw_modes.csv
1.3,0.2,0.0034570396043388,assets/blumen_gep/supersonic_raw_spectrum_vs_blumen_a020_m120_130_raw_modes.csv
1.3,0.2,0.0033930986324084,assets/blumen_gep/supersonic_raw_spectrum_vs_blumen_a020_m120_130_raw_modes.csv
1.3,0.2,0.0033301367017131,assets/blumen_gep/supersonic_raw_spectrum_vs_blumen_a020_m120_130_raw_modes.csv
1.3,0.2,0.0032680803187348,assets/blumen_gep/supersonic_raw_spectrum_vs_blumen_a020_m120_130_raw_modes.csv
1.3,0.2,0.0032068638386568,assets/blumen_gep/supersonic_raw_spectrum_vs_blumen_a020_m120_130_raw_modes.csv
1.3,0.2,0.0031464284794314,assets/blumen_gep/supersonic_raw_spectrum_vs_blumen_a020_m120_130_raw_modes.csv
1.3,0.2,0.0030867214902701,assets/blumen_gep/supersonic_raw_spectrum_vs_blumen_a020_m120_130_raw_modes.csv
1.3,0.2,0.0030276954472926,assets/blumen_gep/supersonic_raw_spectrum_vs_blumen_a020_m120_130_raw_modes.csv
1.3,0.2,0.0029693076539872,assets/blumen_gep/supersonic_raw_spectrum_vs_blumen_a020_m120_130_raw_modes.csv
1.3,0.2,0.0029115196283478,assets/blumen_gep/supersonic_raw_spectrum_vs_blumen_a020_m120_130_raw_modes.csv
1.3,0.2,0.0028542966622792,assets/blumen_gep/supersonic_raw_spectrum_vs_blumen_a020_m120_130_raw_modes.csv
1.3,0.2,0.0027976074422964,assets/blumen_gep/supersonic_raw_spectrum_vs_blumen_a020_m120_130_raw_modes.csv
1.3,0.2,0.0027414237205602,assets/blumen_gep/supersonic_raw_spectrum_vs_blumen_a020_m120_130_raw_modes.csv
1.3,0.2,0.0026857200297991,assets/blumen_gep/supersonic_raw_spectrum_vs_blumen_a020_m120_130_raw_modes.csv
1.3,0.2,0.0026304734348522,assets/blumen_gep/supersonic_raw_spectrum_vs_blumen_a020_m120_130_raw_modes.csv
1.3,0.2,0.0025756633149885,assets/blumen_gep/supersonic_raw_spectrum_vs_blumen_a020_m120_130_raw_modes.csv
1.3,0.2,0.0025212711739631,assets/blumen_gep/supersonic_raw_spectrum_vs_blumen_a020_m120_130_raw_modes.csv
1.3,0.2,0.0024672804719685,assets/blumen_gep/supersonic_raw_spectrum_vs_blumen_a020_m120_130_raw_modes.csv
1.3,0.2,0.002413676478171,assets/blumen_gep/supersonic_raw_spectrum_vs_blumen_a020_m120_130_raw_modes.csv
1.3,0.2,0.0023604461397118,assets/blumen_gep/supersonic_raw_spectrum_vs_blumen_a020_m120_130_raw_modes.csv
1.3,0.2,0.0023075779659161,assets/blumen_gep/supersonic_raw_spectrum_vs_blumen_a020_m120_130_raw_modes.csv
1.3,0.2,0.002255061924798,assets/blumen_gep/supersonic_raw_spectrum_vs_blumen_a020_m120_130_raw_modes.csv
1.3,0.2,0.0022028893507692,assets/blumen_gep/supersonic_raw_spectrum_vs_blumen_a020_m120_130_raw_modes.csv
1.3,0.2,0.0021510528618698,assets/blumen_gep/supersonic_raw_spectrum_vs_blumen_a020_m120_130_raw_modes.csv
1.3,0.2,0.0020995462848104,assets/blumen_gep/supersonic_raw_spectrum_vs_blumen_a020_m120_130_raw_modes.csv
1.3,0.2,0.0020483645879149,assets/blumen_gep/supersonic_raw_spectrum_vs_blumen_a020_m120_130_raw_modes.csv
1.3,0.2,0.0019975038187471,assets/blumen_gep/supersonic_raw_spectrum_vs_blumen_a020_m120_130_raw_modes.csv
1.3,0.2,0.0019469610483885,assets/blumen_gep/supersonic_raw_spectrum_vs_blumen_a020_m120_130_raw_modes.csv
1.3,0.2,0.0018967343188229,assets/blumen_gep/supersonic_raw_spectrum_vs_blumen_a020_m120_130_raw_modes.csv
1.3,0.2,0.0018468225940668,assets/blumen_gep/supersonic_raw_spectrum_vs_blumen_a020_m120_130_raw_modes.csv
1.3,0.2,0.0017972257144421,assets/blumen_gep/supersonic_raw_spectrum_vs_blumen_a020_m120_130_raw_modes.csv
1.3,0.2,0.0017479443527787,assets/blumen_gep/supersonic_raw_spectrum_vs_blumen_a020_m120_130_raw_modes.csv
1.3,0.2,0.0016989799715395,assets/blumen_gep/supersonic_raw_spectrum_vs_blumen_a020_m120_130_raw_modes.csv
1.3,0.2,0.0016503347817538,assets/blumen_gep/supersonic_raw_spectrum_vs_blumen_a020_m120_130_raw_modes.csv
1.3,0.2,0.0016020117010731,assets/blumen_gep/supersonic_raw_spectrum_vs_blumen_a020_m120_130_raw_modes.csv
1.3,0.2,0.001554014311763,assets/blumen_gep/supersonic_raw_spectrum_vs_blumen_a020_m120_130_raw_modes.csv
1.3,0.2,0.0015063468171671,assets/blumen_gep/supersonic_raw_spectrum_vs_blumen_a020_m120_130_raw_modes.csv
1.3,0.2,0.0014590139966709,assets/blumen_gep/supersonic_raw_spectrum_vs_blumen_a020_m120_130_raw_modes.csv
1.3,0.2,0.0014120211567771,assets/blumen_gep/supersonic_raw_spectrum_vs_blumen_a020_m120_130_raw_modes.csv
1.3,0.2,0.0013653740789192,assets/blumen_gep/supersonic_raw_spectrum_vs_blumen_a020_m120_130_raw_modes.csv
1.3,0.2,0.0013190789623613,assets/blumen_gep/supersonic_raw_spectrum_vs_blumen_a020_m120_130_raw_modes.csv
1.3,0.2,0.0012731423600376,assets/blumen_gep/supersonic_raw_spectrum_vs_blumen_a020_m120_130_raw_modes.csv
1.3,0.2,0.001227571106114,assets/blumen_gep/supersonic_raw_spectrum_vs_blumen_a020_m120_130_raw_modes.csv
1.3,0.2,0.0011823722349491,assets/blumen_gep/supersonic_raw_spectrum_vs_blumen_a020_m120_130_raw_modes.csv
1.3,0.2,0.0011375529063563,assets/blumen_gep/supersonic_raw_spectrum_vs_blumen_a020_m120_130_raw_modes.csv
1.3,0.2,0.0010931202457758,assets/blumen_gep/supersonic_raw_spectrum_vs_blumen_a020_m120_130_raw_modes.csv
1.3,0.2,0.0010490812783939,assets/blumen_gep/supersonic_raw_spectrum_vs_blumen_a020_m120_130_raw_modes.csv
1.3,0.2,0.0010054427329309,assets/blumen_gep/supersonic_raw_spectrum_vs_blumen_a020_m120_130_raw_modes.csv
1.3,0.2,0.0009622109183976,assets/blumen_gep/supersonic_raw_spectrum_vs_blumen_a020_m120_130_raw_modes.csv
1.3,0.2,0.0009193914354171,assets/blumen_gep/supersonic_raw_spectrum_vs_blumen_a020_m120_130_raw_modes.csv
1.3,0.2,0.000876988956625,assets/blumen_gep/supersonic_raw_spectrum_vs_blumen_a020_m120_130_raw_modes.csv
1.3,0.2,0.0008350069497086,assets/blumen_gep/supersonic_raw_spectrum_vs_blumen_a020_m120_130_raw_modes.csv
1.3,0.2,0.0007934471610872,assets/blumen_gep/supersonic_raw_spectrum_vs_blumen_a020_m120_130_raw_modes.csv
1.3,0.2,0.0007523092525241,assets/blumen_gep/supersonic_raw_spectrum_vs_blumen_a020_m120_130_raw_modes.csv
1.3,0.2,0.0007115900271174,assets/blumen_gep/supersonic_raw_spectrum_vs_blumen_a020_m120_130_raw_modes.csv
1.3,0.2,0.0006712827125309,assets/blumen_gep/supersonic_raw_spectrum_vs_blumen_a020_m120_130_raw_modes.csv
1.3,0.2,0.0006313757488859,assets/blumen_gep/supersonic_raw_spectrum_vs_blumen_a020_m120_130_raw_modes.csv
1.3,0.2,0.0005918514208459,assets/blumen_gep/supersonic_raw_spectrum_vs_blumen_a020_m120_130_raw_modes.csv
1.3,0.2,0.0005526836852609,assets/blumen_gep/supersonic_raw_spectrum_vs_blumen_a020_m120_130_raw_modes.csv
1.3,0.2,0.0005138354205421,assets/blumen_gep/supersonic_raw_spectrum_vs_blumen_a020_m120_130_raw_modes.csv
1.3,0.2,0.0004752541722746,assets/blumen_gep/supersonic_raw_spectrum_vs_blumen_a020_m120_130_raw_modes.csv
1.3,0.2,0.0004368659204664,assets/blumen_gep/supersonic_raw_spectrum_vs_blumen_a020_m120_130_raw_modes.csv
1.3,0.2,0.0003985652793952,assets/blumen_gep/supersonic_raw_spectrum_vs_blumen_a020_m120_130_raw_modes.csv
1.3,0.2,0.0003601994834311,assets/blumen_gep/supersonic_raw_spectrum_vs_blumen_a020_m120_130_raw_modes.csv
1.3,0.2,0.0003215405416326,assets/blumen_gep/supersonic_raw_spectrum_vs_blumen_a020_m120_130_raw_modes.csv
1.3,0.2,0.0002822328183533,assets/blumen_gep/supersonic_raw_spectrum_vs_blumen_a020_m120_130_raw_modes.csv
1.3,0.2,0.0002416837686968,assets/blumen_gep/supersonic_raw_spectrum_vs_blumen_a020_m120_130_raw_modes.csv
1.3,0.2,0.000198799060166,assets/blumen_gep/supersonic_raw_spectrum_vs_blumen_a020_m120_130_raw_modes.csv
1.3,0.2,0.0001511652844589,assets/blumen_gep/supersonic_raw_spectrum_vs_blumen_a020_m120_130_raw_modes.csv
1.3,0.2,9.091963528231548e-05,assets/blumen_gep/supersonic_raw_spectrum_vs_blumen_a020_m120_130_raw_modes.csv
1.3,0.2,1.3870246096910594e-18,assets/blumen_gep/supersonic_raw_spectrum_vs_blumen_a020_m120_130_raw_modes.csv
1.3,0.2,1.0123646272798248e-18,assets/blumen_gep/supersonic_raw_spectrum_vs_blumen_a020_m120_130_raw_modes.csv
1.3,0.2,1.785474024955763e-12,assets/blumen_gep/supersonic_raw_spectrum_vs_blumen_a020_m120_130_raw_modes.csv
1.3,0.2,1.4002134052854544e-13,assets/blumen_gep/supersonic_raw_spectrum_vs_blumen_a020_m120_130_raw_modes.csv
1.3,0.2,7.803644442010016e-17,assets/blumen_gep/supersonic_raw_spectrum_vs_blumen_a020_m120_130_raw_modes.csv
1.3,0.2,2.031160684573625e-13,assets/blumen_gep/supersonic_raw_spectrum_vs_blumen_a020_m120_130_raw_modes.csv
1.3,0.2,2.2873007642036545e-17,assets/blumen_gep/supersonic_raw_spectrum_vs_blumen_a020_m120_130_raw_modes.csv
1.3,0.2,2.16843902135054e-18,assets/blumen_gep/supersonic_raw_spectrum_vs_blumen_a020_m120_130_raw_modes.csv
1.3,0.2,1.5455036825927904e-20,assets/blumen_gep/supersonic_raw_spectrum_vs_blumen_a020_m120_130_raw_modes.csv
1.3,0.2,7.069881494750132e-16,assets/blumen_gep/supersonic_raw_spectrum_vs_blumen_a020_m120_130_raw_modes.csv
1.3,0.2,4.470597449018558e-19,assets/blumen_gep/supersonic_raw_spectrum_vs_blumen_a020_m120_130_raw_modes.csv
1.3,0.2,8.693681778511502e-17,assets/blumen_gep/supersonic_raw_spectrum_vs_blumen_a020_m120_130_raw_modes.csv
1.3,0.2,1.6265718999547438e-16,assets/blumen_gep/supersonic_raw_spectrum_vs_blumen_a020_m120_130_raw_modes.csv
1.3,0.2,4.8537163597336564e-17,assets/blumen_gep/supersonic_raw_spectrum_vs_blumen_a020_m120_130_raw_modes.csv
1.3,0.2,3.240190039653122e-16,assets/blumen_gep/supersonic_raw_spectrum_vs_blumen_a020_m120_130_raw_modes.csv
1.3,0.2,7.627236065955719e-18,assets/blumen_gep/supersonic_raw_spectrum_vs_blumen_a020_m120_130_raw_modes.csv
1.3,0.2,4.047228743692078e-17,assets/blumen_gep/supersonic_raw_spectrum_vs_blumen_a020_m120_130_raw_modes.csv
1.3,0.2,5.48600666063604e-17,assets/blumen_gep/supersonic_raw_spectrum_vs_blumen_a020_m120_130_raw_modes.csv
1.3,0.2,2.1623798282786263e-16,assets/blumen_gep/supersonic_raw_spectrum_vs_blumen_a020_m120_130_raw_modes.csv
1.3,0.2,1.5185765548216622e-15,assets/blumen_gep/supersonic_raw_spectrum_vs_blumen_a020_m120_130_raw_modes.csv
