line_id,anchor_alpha,alpha,Mach,continuation_direction,continuation_step_index,continuation_prev_alpha,continuation_prev_cr,continuation_prev_ci,blumen_cr,blumen_ci,blumen_cr_available,blumen_ci_available,blumen_target_available,seed_name,seed_cr_center,seed_ci_center,requested_cr_half_window,requested_ci_half_window,used_cr_half_window,used_ci_half_window,retry_index,shooting_cr,shooting_ci,shooting_omega_i,err_cr_abs,err_ci_abs,err_ci_rel,delta_cr_prev,delta_ci_prev,stage1_mismatch,stage2_mismatch,ln_p_start_right,spectral_success,mode_success,success,status,selection_metric,selection_metric_name,success_priority,y_limit
M1.20_anchor0.200,0.2,0.15,1.2,left,2,0.175,0.22591073924316027,0.07624285181575761,0.20515080951844178,0.08715810378047102,True,True,True,blend_previous_blumen,0.21553077438080104,0.08170047779811432,0.015,0.015,0.015,0.015,0,0.20925147750580106,0.0890539934231143,0.013358099013467146,0.00410066798735928,0.0018958896426432836,0.02175230483924415,0.01665926173735921,0.01281114160735669,2.732693095535446e-06,1.1680993728282036e-18,-15.853898899049398,True,True,True,validated,-0.01095425726182004,distance_to_blumen_plus_previous,0,272.4745633420216
M1.20_anchor0.200,0.2,0.15,1.2,left,2,0.175,0.22591073924316027,0.07624285181575761,0.20515080951844178,0.08715810378047102,True,True,True,blend_previous_blumen,0.21553077438080104,0.08170047779811432,0.03,0.015,0.03,0.015,0,0.20926124313080105,0.0890539934231143,0.013358099013467146,0.004110433612359271,0.0018958896426432836,0.02175230483924415,0.01664949611235922,0.01281114160735669,2.034917693762689e-06,1.1681519296531362e-18,-15.854772065181963,True,True,True,validated,-0.010953752872589893,distance_to_blumen_plus_previous,0,272.4764783722743
M1.20_anchor0.200,0.2,0.15,1.2,left,2,0.175,0.22591073924316027,0.07624285181575761,0.20515080951844178,0.08715810378047102,True,True,True,blumen,0.20515080951844178,0.08715810378047102,0.015,0.008,0.015,0.008,0,0.2092621376434418,0.08905914544713768,0.013358871817070652,0.004111328125000008,0.0019010416666666585,0.021811416084210555,0.016648601599718482,0.012816293631380066,1.0209882768764424e-06,1.1680314586822433e-18,-15.854184754199412,True,True,True,validated,-0.01091293142781511,distance_to_blumen_plus_previous,0,272.46103155032824
M1.20_anchor0.200,0.2,0.15,1.2,left,2,0.175,0.22591073924316027,0.07624285181575761,0.20515080951844178,0.08715810378047102,True,True,True,blumen,0.20515080951844178,0.08715810378047102,0.03,0.008,0.03,0.008,0,0.20927190326844178,0.08905914544713768,0.013358871817070652,0.004121093749999999,0.0019010416666666585,0.021811416084210555,0.01663883597471849,0.012816293631380066,2.6547017028467037e-06,1.1681154517313085e-18,-15.855057854702391,True,True,True,validated,-0.010912310437466113,distance_to_blumen_plus_previous,0,272.46294639952333
M1.20_anchor0.200,0.2,0.15,1.2,left,2,0.175,0.22591073924316027,0.07624285181575761,0.20515080951844178,0.08715810378047102,True,True,True,blend_previous_blumen,0.21553077438080104,0.08170047779811432,0.015,0.008,0.015,0.008,0,0.20925147750580106,0.08905985279811433,0.013358977919717149,0.00410066798735928,0.0019017490176433116,0.021819531806627313,0.01665926173735921,0.012817000982356719,1.997462831609364e-06,1.168077534495239e-18,-15.853140090401471,True,True,True,validated,-0.010907864407385781,distance_to_blumen_plus_previous,0,272.45679653216337
M1.20_anchor0.200,0.2,0.15,1.2,left,2,0.175,0.22591073924316027,0.07624285181575761,0.20515080951844178,0.08715810378047102,True,True,True,blend_previous_blumen,0.21553077438080104,0.08170047779811432,0.03,0.008,0.03,0.008,0,0.20926124313080105,0.08905985279811433,0.013358977919717149,0.004110433612359271,0.0019017490176433116,0.021819531806627313,0.01664949611235922,0.012817000982356719,8.14406351718605e-07,1.1680300188277304e-18,-15.854013170968509,True,True,True,validated,-0.010907386130870639,distance_to_blumen_plus_previous,0,272.4587114280815
M1.20_anchor0.200,0.2,0.15,1.2,left,2,0.175,0.22591073924316027,0.07624285181575761,0.20515080951844178,0.08715810378047102,True,True,True,previous,0.22591073924316027,0.07624285181575761,0.03,0.008,0.03,0.008,0,0.20925058299316027,0.08906056014909093,0.013359084022363639,0.004099773474718488,0.0019024563686199092,0.02182764752904343,0.016660156250000002,0.012817708333333316,2.1237517448734034e-06,1.1679563474562341e-18,-15.85296852173171,True,True,True,validated,-0.010902302016140245,distance_to_blumen_plus_previous,0,272.4544764575469
M1.20_anchor0.200,0.2,0.15,1.2,left,2,0.175,0.22591073924316027,0.07624285181575761,0.20515080951844178,0.08715810378047102,True,True,True,previous,0.22591073924316027,0.07624285181575761,0.015,0.008,0.015,0.008,0,0.2092603486181603,0.08906056014909093,0.013359084022363639,0.004109539099718534,0.0019024563686199092,0.02182764752904343,0.016650390624999956,0.012817708333333316,6.329880893230969e-07,1.1680556963664167e-18,-15.85384159116353,True,True,True,validated,-0.010901839486026625,distance_to_blumen_plus_previous,0,272.4563913425304
M1.20_anchor0.200,0.2,0.15,1.2,left,2,0.175,0.22591073924316027,0.07624285181575761,0.20515080951844178,0.08715810378047102,True,True,True,blumen,0.20515080951844178,0.08715810378047102,0.015,0.015,0.015,0.015,0,0.2092621376434418,0.08906240065547104,0.013359360098320656,0.004111328125000008,0.0019042968750000167,0.02184876439942353,0.016648601599718482,0.012819548839713424,4.835531744252949e-07,1.1681142518093453e-18,-15.85376317851682,True,True,True,validated,-0.010887164280641466,distance_to_blumen_plus_previous,0,272.45116187581357
M1.20_anchor0.200,0.2,0.15,1.2,left,2,0.175,0.22591073924316027,0.07624285181575761,0.20515080951844178,0.08715810378047102,True,True,True,blumen,0.20515080951844178,0.08715810378047102,0.03,0.015,0.03,0.015,0,0.20927190326844178,0.08906240065547104,0.013359360098320656,0.004121093749999999,0.0019042968750000167,0.02184876439942353,0.01663883597471849,0.012819548839713424,2.4977602454984896e-06,1.1680206597950287e-18,-15.854636231488737,True,True,True,validated,-0.01088652529107912,distance_to_blumen_plus_previous,0,272.4530766503874
M1.20_anchor0.200,0.2,0.15,1.2,left,2,0.175,0.22591073924316027,0.07624285181575761,0.20515080951844178,0.08715810378047102,True,True,True,previous,0.22591073924316027,0.07624285181575761,0.03,0.015,0.03,0.015,0,0.20925058299316027,0.08906511744075761,0.01335976761611364,0.004099773474718488,0.0019070136602865884,0.021879935170341338,0.016660156250000002,0.012822265624999996,2.054777895661169e-06,1.1679839439519014e-18,-15.852378421972917,True,True,True,validated,-0.010866191467910888,distance_to_blumen_plus_previous,0,272.4406596804348
M1.20_anchor0.200,0.2,0.15,1.2,left,2,0.175,0.22591073924316027,0.07624285181575761,0.20515080951844178,0.08715810378047102,True,True,True,previous,0.22591073924316027,0.07624285181575761,0.015,0.015,0.015,0.015,0,0.2092603486181603,0.08906511744075761,0.01335976761611364,0.004109539099718534,0.0019070136602865884,0.021879935170341338,0.016650390624999956,0.012822265624999996,3.354463949609351e-07,1.1681444900307393e-18,-15.853251424864101,True,True,True,validated,-0.010865741795119295,distance_to_blumen_plus_previous,0,272.4425744609492
M1.20_anchor0.200,0.2,0.175,1.2,left,1,0.2,0.23983652049316032,0.0634987111907576,0.221063000943301,0.0742500213715962,True,True,True,previous,0.23983652049316032,0.0634987111907576,0.03,0.015,0.03,0.015,0,0.22591073924316027,0.07624285181575761,0.013342499067757582,0.004847738299859267,0.001992830444161417,0.02683945953615253,0.013925781250000047,0.012744140625000011,2.48514172215903e-06,1.0773235011332662e-20,-19.66201001780038,True,True,True,validated,-0.0108151988632961,distance_to_blumen_plus_previous,0,275.6831511498637
M1.20_anchor0.200,0.2,0.175,1.2,left,1,0.2,0.23983652049316032,0.0634987111907576,0.221063000943301,0.0742500213715962,True,True,True,previous,0.23983652049316032,0.0634987111907576,0.015,0.015,0.015,0.015,0,0.22592050486816032,0.07624285181575761,0.013342499067757582,0.004857503924859313,0.001992830444161417,0.02683945953615253,0.013916015625,0.012744140625000011,1.771102147445951e-06,1.0687670961798452e-20,-19.66310545453944,True,True,True,validated,-0.010814603879248028,distance_to_blumen_plus_previous,0,275.6849886159305
M1.20_anchor0.200,0.2,0.175,1.2,left,1,0.2,0.23983652049316032,0.0634987111907576,0.221063000943301,0.0742500213715962,True,True,True,blend_previous_blumen,0.23044976071823065,0.06887436628117691,0.03,0.008,0.03,0.008,0,0.22589897946823065,0.07624415794784357,0.013342727640872624,0.004835978524929646,0.0019941365762473767,0.026857050535613974,0.013937541024929667,0.01274544675708597,5.15065825821264e-06,1.0898975140332958e-20,-19.660413223807375,True,True,True,validated,-0.01080549394354615,distance_to_blumen_plus_previous,0,275.6762439761223
M1.20_anchor0.200,0.2,0.175,1.2,left,1,0.2,0.23983652049316032,0.0634987111907576,0.221063000943301,0.0742500213715962,True,True,True,blend_previous_blumen,0.23044976071823065,0.06887436628117691,0.015,0.008,0.015,0.008,0,0.22590874509323064,0.07624415794784357,0.013342727640872624,0.004845744149929637,0.0019941365762473767,0.026857050535613974,0.013927775399929676,0.01274544675708597,2.726219202096083e-06,1.0812473522106388e-20,-19.661508644140184,True,True,True,validated,-0.01080498663662012,distance_to_blumen_plus_previous,0,275.6780814752074
M1.20_anchor0.200,0.2,0.175,1.2,left,1,0.2,0.23983652049316032,0.0634987111907576,0.221063000943301,0.0742500213715962,True,True,True,blumen,0.221063000943301,0.0742500213715962,0.015,0.008,0.015,0.008,0,0.225916516568301,0.07624481303826285,0.013342842281695997,0.004853515624999999,0.001994791666666648,0.026865873299664007,0.013920003924859314,0.012746101847505242,1.1618557327696584e-06,1.0755381035235818e-20,-19.662241093762777,True,True,True,validated,-0.010799383370934189,distance_to_blumen_plus_previous,0,275.67718925995234
M1.20_anchor0.200,0.2,0.175,1.2,left,1,0.2,0.23983652049316032,0.0634987111907576,0.221063000943301,0.0742500213715962,True,True,True,blumen,0.221063000943301,0.0742500213715962,0.03,0.008,0.03,0.008,0,0.225926282193301,0.07624481303826285,0.013342842281695997,0.00486328124999999,0.001994791666666648,0.026865873299664007,0.013910238299859323,0.012746101847505242,2.4897911624472696e-06,1.0663971355852053e-20,-19.663336485960166,True,True,True,validated,-0.010798686101338405,distance_to_blumen_plus_previous,0,275.679026644195
M1.20_anchor0.200,0.2,0.175,1.2,left,1,0.2,0.23983652049316032,0.0634987111907576,0.221063000943301,0.0742500213715962,True,True,True,blend_previous_blumen,0.23044976071823065,0.06887436628117691,0.03,0.015,0.03,0.015,0,0.22589897946823065,0.0762474131561769,0.013343297302330958,0.004835978524929646,0.001997391784580707,0.026900891712669524,0.013937541024929667,0.012748701965419301,5.006554845595733e-06,1.0966722388951417e-20,-19.659721275892064,True,True,True,validated,-0.01077975751052549,distance_to_blumen_plus_previous,0,275.6645450007813
M1.20_anchor0.200,0.2,0.175,1.2,left,1,0.2,0.23983652049316032,0.0634987111907576,0.221063000943301,0.0742500213715962,True,True,True,blend_previous_blumen,0.23044976071823065,0.06887436628117691,0.015,0.015,0.015,0.015,0,0.22590874509323064,0.0762474131561769,0.013343297302330958,0.004845744149929637,0.001997391784580707,0.026900891712669524,0.013927775399929676,0.012748701965419301,2.443112903948838e-06,1.0876431650472282e-20,-19.660816630445396,True,True,True,validated,-0.010779258240479879,distance_to_blumen_plus_previous,0,275.66638241782204
M1.20_anchor0.200,0.2,0.175,1.2,left,1,0.2,0.23983652049316032,0.0634987111907576,0.221063000943301,0.0742500213715962,True,True,True,blumen,0.221063000943301,0.0742500213715962,0.015,0.015,0.015,0.015,0,0.225916516568301,0.0762519744965962,0.013344095536904334,0.004853515624999999,0.0020019531249999972,0.026962323889186512,0.013920003924859314,0.012753263305838591,8.614144780230454e-07,1.08710830270656e-20,-19.660718656482086,True,True,True,validated,-0.010742765090407225,distance_to_blumen_plus_previous,0,275.65145295581897
M1.20_anchor0.200,0.2,0.175,1.2,left,1,0.2,0.23983652049316032,0.0634987111907576,0.221063000943301,0.0742500213715962,True,True,True,blumen,0.221063000943301,0.0742500213715962,0.03,0.015,0.03,0.015,0,0.225926282193301,0.0762519744965962,0.013344095536904334,0.00486328124999999,0.0020019531249999972,0.026962323889186512,0.013910238299859323,0.012753263305838591,2.3645528200982924e-06,1.079151898680682e-20,-19.66181390398566,True,True,True,validated,-0.010742061453284234,distance_to_blumen_plus_previous,0,275.65329015958616
M1.20_anchor0.200,0.2,0.175,1.2,left,1,0.2,0.23983652049316032,0.0634987111907576,0.221063000943301,0.0742500213715962,True,True,True,previous,0.23983652049316032,0.0634987111907576,0.03,0.008,0.03,0.008,0,0.22591073924316027,0.07625391952409093,0.013344435916715911,0.004847738299859267,0.002003898152494729,0.026988519538141246,0.013925781250000047,0.012755208333333323,2.285562840439569e-06,1.0963257968321762e-20,-19.65965729195444,True,True,True,validated,-0.010727682474530827,distance_to_blumen_plus_previous,0,275.64337701807426
M1.20_anchor0.200,0.2,0.175,1.2,left,1,0.2,0.23983652049316032,0.0634987111907576,0.221063000943301,0.0742500213715962,True,True,True,previous,0.23983652049316032,0.0634987111907576,0.015,0.008,0.015,0.008,0,0.22592050486816032,0.07625391952409093,0.013344435916715911,0.004857503924859313,0.002003898152494729,0.026988519538141246,0.013916015625,0.012755208333333323,1.4781049910935066e-06,1.087863168252577e-20,-19.660752505070597,True,True,True,validated,-0.010727095855193151,distance_to_blumen_plus_previous,0,275.64521420521925
M1.20_anchor0.200,0.2,0.2,1.2,anchor,0,,,,0.23697519236816028,0.06222266952409093,True,True,True,blumen,0.23697519236816028,0.06222266952409093,0.015,0.008,0.015,0.008,0,0.23983652049316032,0.0634987111907576,0.012699742238151521,0.0028613281250000344,0.0012760416666666718,0.020507665074906874,,,8.439710203642677e-07,1.359169398096911e-18,-24.91609652079878,True,True,True,validated,-0.06479847251411244,distance_to_blumen_plus_previous,0,292.08359146762945
M1.20_anchor0.200,0.2,0.2,1.2,anchor,0,,,,0.23697519236816028,0.06222266952409093,True,True,True,blumen,0.23697519236816028,0.06222266952409093,0.03,0.008,0.03,0.008,0,0.23984628611816025,0.0634987111907576,0.012699742238151521,0.00287109374999997,0.0012760416666666718,0.020507665074906874,,,2.5666841173629848e-06,1.3603187524589073e-18,-24.91746851239003,True,True,True,validated,-0.0647977272206668,distance_to_blumen_plus_previous,0,292.0854547198312
M1.20_anchor0.200,0.2,0.2,1.2,anchor,0,,,,0.23697519236816028,0.06222266952409093,True,True,True,blumen,0.23697519236816028,0.06222266952409093,0.015,0.015,0.015,0.015,0,0.23983652049316032,0.06350196639909093,0.012700393279818187,0.0028613281250000344,0.0012792968750000022,0.02055998054703669,,,7.403564493405472e-07,1.3595755910708103e-18,-24.91494970966254,True,True,True,validated,-0.06478569987571431,distance_to_blumen_plus_previous,0,292.0686766079528
M1.20_anchor0.200,0.2,0.2,1.2,anchor,0,,,,0.23697519236816028,0.06222266952409093,True,True,True,blumen,0.23697519236816028,0.06222266952409093,0.03,0.015,0.03,0.015,0,0.23984628611816025,0.06350196639909093,0.012700393279818187,0.00287109374999997,0.0012792968750000022,0.02055998054703669,,,2.5344958584329796e-06,1.3596447198180672e-18,-24.916321610187204,True,True,True,validated,-0.06478495262604911,distance_to_blumen_plus_previous,0,292.0705397617428
M1.20_anchor0.200,0.2,0.2,1.2,anchor,0,,,,0.23697519236816028,0.06222266952409093,True,True,True,generic_03,0.18,0.055,0.03,0.008,0.03,0.008,0,0.23982421874999993,0.06350520833333335,0.012701041666666671,0.0028490263818396477,0.0012825388092424228,0.020612082687096196,,,4.729127813103889e-06,1.358522565949961e-18,-24.912079587489917,True,True,True,validated,-0.06477359675592942,distance_to_blumen_plus_previous,0,292.0514771237749
M1.20_anchor0.200,0.2,0.2,1.2,anchor,0,,,,0.23697519236816028,0.06222266952409093,True,True,True,generic_04,0.26,0.07,0.03,0.008,0.03,0.008,0,0.23982421874999996,0.06350520833333335,0.012701041666666671,0.0028490263818396755,0.0012825388092424228,0.020612082687096196,,,4.729127812913039e-06,1.3585228247555642e-18,-24.912079587489917,True,True,True,validated,-0.06477359675592942,distance_to_blumen_plus_previous,0,292.0514771237749
M1.20_anchor0.200,0.2,0.2,1.2,anchor,0,,,,0.23697519236816028,0.06222266952409093,True,True,True,generic_04,0.26,0.07,0.015,0.008,0.015,0.008,0,0.23983398437499995,0.06350520833333335,0.012701041666666671,0.0028587920068396666,0.0012825388092424228,0.020612082687096196,,,2.026752788052656e-06,1.3595419335154044e-18,-24.91345143479272,True,True,True,validated,-0.06477307864505008,distance_to_blumen_plus_previous,0,292.0533402488443
M1.20_anchor0.200,0.2,0.2,1.2,anchor,0,,,,0.23697519236816028,0.06222266952409093,True,True,True,generic_03,0.18,0.055,0.03,0.015,0.03,0.015,0,0.23982421874999993,0.06350585937499999,0.012701171874999998,0.0028490263818396477,0.0012831898509090556,0.020622545781521624,,,4.79699967158815e-06,1.358918567357681e-18,-24.911850287259817,True,True,True,validated,-0.0647710370140245,distance_to_blumen_plus_previous,0,292.04849466556493
M1.20_anchor0.200,0.2,0.2,1.2,anchor,0,,,,0.23697519236816028,0.06222266952409093,True,True,True,generic_04,0.26,0.07,0.03,0.015,0.03,0.015,0,0.23982421874999996,0.06350585937499999,0.012701171874999998,0.0028490263818396755,0.0012831898509090556,0.020622545781521624,,,4.79699967151384e-06,1.3589084724874092e-18,-24.91185028725982,True,True,True,validated,-0.0647710370140245,distance_to_blumen_plus_previous,0,292.04849466556493
M1.20_anchor0.200,0.2,0.2,1.2,anchor,0,,,,0.23697519236816028,0.06222266952409093,True,True,True,generic_04,0.26,0.07,0.015,0.015,0.015,0.015,0,0.23983398437499995,0.06350585937499999,0.012701171874999998,0.0028587920068396666,0.0012831898509090556,0.020622545781521624,,,2.1804319619030516e-06,1.3589333214662953e-18,-24.913222116351513,True,True,True,validated,-0.06477051493210667,distance_to_blumen_plus_previous,0,292.05035777095435
M1.20_anchor0.200,0.2,0.2,1.2,anchor,0,,,,0.23697519236816028,0.06222266952409093,True,True,True,generic_05,0.34,0.085,0.015,0.008,0.038400000000000004,0.02048,2,0.2632749999999998,0.06397333333333335,0.012794666666666671,0.026299807631839534,0.0017506638092424226,0.028135466103147714,,,0.00703527111383471,1.865785790132106e-18,-27.92228602967331,True,True,True,validated,-0.0580824262328207,distance_to_blumen_plus_previous,0,294.2108761796558
M1.20_anchor0.200,0.2,0.2,1.2,anchor,0,,,,0.23697519236816028,0.06222266952409093,True,True,True,generic_05,0.34,0.085,0.015,0.015,0.038400000000000004,0.038400000000000004,2,0.2632749999999998,0.06397499999999999,0.012794999999999999,0.026299807631839534,0.0017523304759090585,0.028162251624877708,,,0.0070352712987026235,1.8655892574935343e-18,-27.92160420657045,True,True,True,validated,-0.05807838859556906,distance_to_blumen_plus_previous,0,294.2032377383912
M1.20_anchor0.200,0.2,0.2,1.2,anchor,0,,,,0.23697519236816028,0.06222266952409093,True,True,True,generic_03,0.18,0.055,0.015,0.008,0.015,0.008,0,0.20997070312499996,0.06502604166666669,0.013005208333333337,0.027004489243160318,0.002803372142575755,0.04505387126616876,,,0.010030791254405627,1.4620155373593383e-20,-20.22057329594549,True,True,True,validated,-0.0548330410866917,distance_to_blumen_plus_previous,0,279.42737200123173
M1.20_anchor0.200,0.2,0.2,1.2,anchor,0,,,,0.23697519236816028,0.06222266952409093,True,True,True,generic_03,0.18,0.055,0.015,0.015,0.015,0.015,0,0.20997070312499996,0.06502929687500002,0.013005859375000005,0.027004489243160318,0.0028066273509090855,0.04510618673829858,,,0.010030791340603399,1.4554317172790576e-20,-20.2197680991961,True,True,True,validated,-0.05482308267966411,distance_to_blumen_plus_previous,0,279.4134521486088
M1.20_anchor0.200,0.2,0.2,1.2,anchor,0,,,,0.23697519236816028,0.06222266952409093,True,True,True,generic_05,0.34,0.085,0.03,0.015,0.03,0.015,0,0.28005859375000014,0.06454101562499999,0.012908203124999998,0.04308340138183986,0.002318346100909058,0.037258865918818496,,,0.011584079305264656,1.530277364919794e-20,-29.826202758876953,True,True,True,validated,-0.0517183203903637,distance_to_blumen_plus_previous,0,294.4983786719178
M1.20_anchor0.200,0.2,0.2,1.2,anchor,0,,,,0.23697519236816028,0.06222266952409093,True,True,True,generic_05,0.34,0.085,0.03,0.008,0.03,0.008,0,0.28005859375000014,0.06901562499999998,0.013803124999999998,0.04308340138183986,0.006792955475909052,0.10917171390852981,,,0.011655831611940101,1.9726107839862836e-18,-27.98368759552954,True,True,True,validated,-0.03834165707747276,distance_to_blumen_plus_previous,0,275.46752684061045
M1.20_anchor0.200,0.2,0.2,1.2,anchor,0,,,,0.23697519236816028,0.06222266952409093,True,True,True,generic_02,0.1,0.04,0.03,0.008,0.03,0.008,0,0.15994140624999997,0.05598437500000002,0.011196875000000004,0.07703378611816031,0.006238294524090915,0.10025758412174225,,,0.028753481221952364,1.0578459504541854e-18,-14.497904252040803,True,True,True,validated,-0.0318254083754771,distance_to_blumen_plus_previous,0,311.41217865779436
M1.20_anchor0.200,0.2,0.2,1.2,anchor,0,,,,0.23697519236816028,0.06222266952409093,True,True,True,generic_02,0.1,0.04,0.03,0.015,0.03,0.015,0,0.15994140624999997,0.06997070312499998,0.013994140624999997,0.07703378611816031,0.007748033600909046,0.12452107343143189,,,0.027869311246899012,4.921952024923565e-19,-13.100369553222306,True,True,True,validated,-0.027527921877758245,distance_to_blumen_plus_previous,0,249.51319373159347
M1.20_anchor0.200,0.2,0.2,1.2,anchor,0,,,,0.23697519236816028,0.06222266952409093,True,True,True,generic_02,0.1,0.04,0.015,0.008,0.015,0.008,0,0.129970703125,0.05598437500000002,0.011196875000000004,0.10700448924316028,0.006238294524090915,0.10025758412174225,,,0.038586355043282054,1.0166200811790079e-18,-10.999335366602224,True,True,True,validated,-0.02306755696650606,distance_to_blumen_plus_previous,0,302.5420021230294
M1.20_anchor0.200,0.2,0.2,1.2,anchor,0,,,,0.23697519236816028,0.06222266952409093,True,True,True,generic_02,0.1,0.04,0.015,0.015,0.015,0.015,0,0.129970703125,0.06997070312499998,0.013994140624999997,0.10700448924316028,0.007748033600909046,0.12452107343143189,,,0.03777093201557991,9.956069633105438e-19,-10.410665882075442,True,True,True,validated,-0.01949939128629192,distance_to_blumen_plus_previous,0,242.48815196760103
M1.20_anchor0.200,0.2,0.2,1.2,anchor,0,,,,0.23697519236816028,0.06222266952409093,True,True,True,generic_01,0.05,0.025,0.03,0.015,0.03,0.015,0,0.10994140624999998,0.05497070312499999,0.010994140625,0.1270337861181603,0.007251966399090939,0.11654862214298238,,,0.04442191339121575,1.1882456602720994e-18,-9.416648803453121,True,True,True,validated,-0.014691145276611847,distance_to_blumen_plus_previous,0,301.48090070994857
M1.20_anchor0.200,0.2,0.2,1.2,anchor,0,,,,0.23697519236816028,0.06222266952409093,True,True,True,generic_00,0.0,0.015,0.03,0.008,0.07680000000000001,0.02048,2,0.11512499999999998,0.05313544921874999,0.01062708984375,0.1218501923681603,0.00908722030534094,0.14604356217507855,,,0.043129056076514065,1.2479545068737238e-18,-9.8427023209045,True,True,True,validated,-0.011807343139206582,distance_to_blumen_plus_previous,0,313.6414070865869
M1.20_anchor0.200,0.2,0.2,1.2,anchor,0,,,,0.23697519236816028,0.06222266952409093,True,True,True,generic_01,0.05,0.025,0.015,0.015,0.024,0.024,1,0.09795312500000003,0.07295312500000001,0.014590625000000003,0.13902206736816025,0.010730455475909076,0.172452508996814,,,0.04708340623596718,7.158519026770342e-19,-8.34836911851715,True,True,True,validated,-0.0027624199488557877,distance_to_blumen_plus_previous,0,224.66035425316477
M1.20_anchor0.200,0.2,0.2,1.2,anchor,0,,,,0.23697519236816028,0.06222266952409093,True,True,True,generic_01,0.05,0.025,0.015,0.008,0.024,0.0128,1,0.09795312500000003,0.05057499999999998,0.010114999999999997,0.13902206736816025,0.01164766952409095,0.18719334308826607,,,0.047870028710591636,1.0730978478111225e-18,-8.72107647400498,True,True,True,validated,-0.00023984992172317032,distance_to_blumen_plus_previous,0,322.9309262596205
M1.20_anchor0.200,0.2,0.2,1.2,anchor,0,,,,0.23697519236816028,0.06222266952409093,True,True,True,generic_00,0.0,0.015,0.03,0.015,0.07680000000000001,0.038400000000000004,2,0.11512499999999998,0.07756891276041666,0.015513782552083334,0.1218501923681603,0.015346243236325732,0.24663427901279747,,,0.042163008231356894,8.984070338747283e-19,-9.184992393913445,True,True,True,validated,0.006853918870825024,distance_to_blumen_plus_previous,0,215.60383883972472
M1.20_anchor0.200,0.2,0.2,1.2,anchor,0,,,,0.23697519236816028,0.06222266952409093,True,True,True,generic_01,0.05,0.025,0.03,0.008,0.03,0.008,0,0.10994140624999998,0.04098437500000002,0.008196875000000005,0.1270337861181603,0.021238294524090914,0.3413272796961568,,,0.04564806031530399,1.458298612681948e-18,-9.741088306241739,True,True,True,validated,0.02816721079871383,distance_to_blumen_plus_previous,0,403.7289350850369
M1.20_anchor0.200,0.2,0.2,1.2,anchor,0,,,,0.23697519236816028,0.06222266952409093,True,True,True,generic_00,0.0,0.015,0.015,0.015,0.038400000000000004,0.038400000000000004,2,0.05756249999999999,0.06289059244791666,0.012578118489583331,0.1794126923681603,0.0006679229238257256,0.010734398394256035,,,0.05735669350993659,2.6425861400290746e-19,-6.726157771871376,False,True,False,mode_only,0.015719087040957175,distance_to_blumen_plus_previous,1,246.57181141144235
M1.20_anchor0.200,0.2,0.2,1.2,anchor,0,,,,0.23697519236816028,0.06222266952409093,True,True,True,generic_00,0.0,0.015,0.015,0.008,0.038400000000000004,0.02048,2,0.05756249999999999,0.05313544921874999,0.01062708984375,0.1794126923681603,0.00908722030534094,0.14604356217507855,,,0.057434488608630825,3.0953875018349233e-19,-6.77819570118671,False,True,False,mode_only,0.02542779346284843,distance_to_blumen_plus_previous,1,291.2359221707836
M1.20_anchor0.200,0.2,0.225,1.2,right,1,0.2,0.23983652049316032,0.0634987111907576,,0.05062764584940888,False,True,False,previous_cr_blend_ci,0.23983652049316032,0.057063178520083246,0.03,0.015,0.07680000000000001,0.038400000000000004,2,0.25168652049316037,0.050838178520083245,0.01143859016701873,,0.00021053267067436265,0.004158452701920778,0.011850000000000055,0.012660532670674358,1.5483509708789435e-05,7.245568433035257,-29.99999281439142,True,False,False,spectral_only,0.03877304529440176,distance_to_blumen_ci_plus_previous,0,326.5408324432657
M1.20_anchor0.200,0.2,0.225,1.2,right,1,0.2,0.23983652049316032,0.0634987111907576,,0.05062764584940888,False,True,False,previous_cr_blend_ci,0.23983652049316032,0.057063178520083246,0.015,0.015,0.038400000000000004,0.038400000000000004,2,0.25171152049316037,0.050838178520083245,0.01143859016701873,,0.00021053267067436265,0.004158452701920778,0.011875000000000052,0.012660532670674358,7.709389779860078e-06,7.269678137896732,-29.99999281439142,True,False,False,spectral_only,0.03879694548409644,distance_to_blumen_ci_plus_previous,0,326.54596998976155
M1.20_anchor0.200,0.2,0.225,1.2,right,1,0.2,0.23983652049316032,0.0634987111907576,,0.05062764584940888,False,True,False,previous_cr_target_ci,0.23983652049316032,0.05062764584940888,0.03,0.008,0.07680000000000001,0.02048,2,0.25168652049316037,0.05082764584940889,0.011436220316117,,0.00020000000000000573,0.003950410820896206,0.011850000000000055,0.012671065341348715,1.4505562617824207e-05,7.2802282813508095,-29.99999281439142,True,False,False,spectral_only,0.03880762099602991,distance_to_blumen_ci_plus_previous,0,326.60834174582686
M1.20_anchor0.200,0.2,0.225,1.2,right,1,0.2,0.23983652049316032,0.0634987111907576,,0.05062764584940888,False,True,False,previous,0.23983652049316032,0.0634987111907576,0.03,0.015,0.07680000000000001,0.038400000000000004,2,0.25168652049316037,0.05082371119075761,0.011435335017920463,,0.00019606534134872927,0.003872693230333531,0.011850000000000055,0.012674999999999992,1.4394220374245414e-05,7.293201085024331,-29.99999281439142,True,False,False,spectral_only,0.03882057507961337,distance_to_blumen_ci_plus_previous,0,326.63356818345903
M1.20_anchor0.200,0.2,0.225,1.2,right,1,0.2,0.23983652049316032,0.0634987111907576,,0.05062764584940888,False,True,False,previous_cr_target_ci,0.23983652049316032,0.05062764584940888,0.015,0.008,0.038400000000000004,0.02048,2,0.25171152049316037,0.05082764584940889,0.011436220316117,,0.00020000000000000573,0.003950410820896206,0.011875000000000052,0.012671065341348715,5.48699495607364e-06,7.304401486743524,-29.99999281439142,True,False,False,spectral_only,0.038831522315168523,distance_to_blumen_ci_plus_previous,0,326.6134803768459
M1.20_anchor0.200,0.2,0.225,1.2,right,1,0.2,0.23983652049316032,0.0634987111907576,,0.05062764584940888,False,True,False,previous_cr_target_ci,0.23983652049316032,0.05062764584940888,0.015,0.015,0.038400000000000004,0.038400000000000004,2,0.2517271454931603,0.05083077084940889,0.011436923441117,,0.00020312500000000538,0.0040121359899727,0.01189062499999996,0.012667940341348716,3.0444073367020865e-06,7.309204859824095,-29.99999281439142,True,False,False,spectral_only,0.03883632617541119,distance_to_blumen_ci_plus_previous,0,326.5966586485817
M1.20_anchor0.200,0.2,0.225,1.2,right,1,0.2,0.23983652049316032,0.0634987111907576,,0.05062764584940888,False,True,False,previous,0.23983652049316032,0.0634987111907576,0.03,0.008,0.07680000000000001,0.02048,2,0.25168652049316037,0.05081871119075761,0.011434210017920462,,0.00019106534134872427,0.00377393295981103,0.011850000000000055,0.012679999999999997,1.4462972480942807e-05,7.309706036718855,-29.99999281439142,True,False,False,spectral_only,0.0388370667664204,distance_to_blumen_ci_plus_previous,0,326.66563053001926
M1.20_anchor0.200,0.2,0.225,1.2,right,1,0.2,0.23983652049316032,0.0634987111907576,,0.05062764584940888,False,True,False,previous,0.23983652049316032,0.0634987111907576,0.015,0.008,0.038400000000000004,0.02048,2,0.2517212861181603,0.050826836190757604,0.011436038142920461,,0.000199190341348722,0.003934418399409888,0.011884765624999988,0.012671874999999999,2.1971000244321865e-06,7.316529669278471,-29.99999281439142,True,False,False,spectral_only,0.038843553320478105,distance_to_blumen_ci_plus_previous,0,326.6206783440531
M1.20_anchor0.200,0.2,0.225,1.2,right,1,0.2,0.23983652049316032,0.0634987111907576,,0.05062764584940888,False,True,False,previous,0.23983652049316032,0.0634987111907576,0.015,0.015,0.038400000000000004,0.038400000000000004,2,0.25171152049316037,0.05082371119075761,0.011435335017920463,,0.00019606534134872927,0.003872693230333531,0.011875000000000052,0.012674999999999992,5.185402177737354e-06,7.317398026264742,-29.99999281439142,True,False,False,spectral_only,0.03884449056658651,distance_to_blumen_ci_plus_previous,0,326.6387072197345
M1.20_anchor0.200,0.2,0.225,1.2,right,1,0.2,0.23983652049316032,0.0634987111907576,,0.05062764584940888,False,True,False,previous_cr_target_ci,0.23983652049316032,0.05062764584940888,0.03,0.015,0.07680000000000001,0.038400000000000004,2,0.2517427704931603,0.05083077084940889,0.011436923441117,,0.00020312500000000538,0.0040121359899727,0.01190624999999998,0.012667940341348716,7.0169102378863694e-06,7.32433557266485,-29.99999281439142,True,False,False,spectral_only,0.03885176778080425,distance_to_blumen_ci_plus_previous,0,326.59986974608796
M1.20_anchor0.200,0.2,0.225,1.2,right,1,0.2,0.23983652049316032,0.0634987111907576,,0.05062764584940888,False,True,False,previous_cr_blend_ci,0.23983652049316032,0.057063178520083246,0.03,0.008,0.07680000000000001,0.02048,2,0.25168652049316037,0.05080984518674991,0.011432215167018731,,0.00018219933734103105,0.003598811168960533,0.011850000000000055,0.01268886600400769,1.5146234047668724e-05,7.339026754426872,-29.99999281439142,True,False,False,spectral_only,0.03886639206265703,distance_to_blumen_ci_plus_previous,0,326.72249904148623
M1.20_anchor0.200,0.2,0.225,1.2,right,1,0.2,0.23983652049316032,0.0634987111907576,,0.05062764584940888,False,True,False,previous_cr_blend_ci,0.23983652049316032,0.057063178520083246,0.015,0.008,0.038400000000000004,0.02048,2,0.2517271454931603,0.05082151185341658,0.01143484016701873,,0.00019386600400769782,0.0038292518001794736,0.01189062499999996,0.012677199337341023,7.276617795778751e-07,7.33981932033374,-29.99999281439142,True,False,False,spectral_only,0.038866793632606034,distance_to_blumen_ci_plus_previous,0,326.65602169521367
M1.20_anchor0.200,0.2,0.25,1.2,right,2,0.225,0.25168652049316037,0.050838178520083245,,0.03771962747314546,False,True,False,previous_cr_target_ci,0.25168652049316037,0.03771962747314546,0.03,0.015,0.07680000000000001,0.038400000000000004,2,0.2620365204931603,0.03823354359899648,0.00955838589974912,,0.0005139161258510203,0.013624634183275102,0.010349999999999915,0.012604634921086766,9.192902843490068e-06,240.8475515773175,-29.99999281439142,True,False,False,spectral_only,0.2733547388510802,distance_to_blumen_ci_plus_previous,0,393.0922176898699
M1.20_anchor0.200,0.2,0.25,1.2,right,2,0.225,0.25168652049316037,0.050838178520083245,,0.03771962747314546,False,True,False,previous_cr_blend_ci,0.25168652049316037,0.044278902996614355,0.03,0.015,0.07680000000000001,0.038400000000000004,2,0.2620302704931603,0.03823202799661435,0.009558006999153587,,0.0005124005234688894,0.01358445344757696,0.01034374999999993,0.012606150523468897,1.1007731564097827e-05,240.8562234877818,-29.99999281439142,True,False,False,spectral_only,0.27336345834499504,distance_to_blumen_ci_plus_previous,0,393.1062848756492
M1.20_anchor0.200,0.2,0.25,1.2,right,2,0.225,0.25168652049316037,0.050838178520083245,,0.03771962747314546,False,True,False,previous_cr_blend_ci,0.25168652049316037,0.044278902996614355,0.015,0.015,0.038400000000000004,0.038400000000000004,2,0.2620458954931603,0.03823202799661435,0.009558006999153587,,0.0005124005234688894,0.01358445344757696,0.010359374999999948,0.012606150523468897,6.124307552046344e-06,240.97201110780395,-29.99999281439142,True,False,False,spectral_only,0.2734790999639713,distance_to_blumen_ci_plus_previous,0,393.1100258105605
M1.20_anchor0.200,0.2,0.25,1.2,right,2,0.225,0.25168652049316037,0.050838178520083245,,0.03771962747314546,False,True,False,previous,0.25168652049316037,0.050838178520083245,0.03,0.015,0.07680000000000001,0.038400000000000004,2,0.2620302704931603,0.038228803520083246,0.009557200880020812,,0.0005091760469377871,0.013498968071736542,0.01034374999999993,0.012609374999999999,1.0426776514842262e-05,240.9732241705831,-29.99999281439142,True,False,False,spectral_only,0.27348042167951214,distance_to_blumen_ci_plus_previous,0,393.13940070733236
M1.20_anchor0.200,0.2,0.25,1.2,right,2,0.225,0.25168652049316037,0.050838178520083245,,0.03771962747314546,False,True,False,previous_cr_target_ci,0.25168652049316037,0.03771962747314546,0.015,0.015,0.038400000000000004,0.038400000000000004,2,0.2620615204931603,0.03823354359899648,0.00955838589974912,,0.0005139161258510203,0.013624634183275102,0.010374999999999912,0.012604634921086766,6.847334341018584e-06,241.03280598718533,-29.99999281439142,True,False,False,spectral_only,0.2735400332394013,distance_to_blumen_ci_plus_previous,0,393.09820275160973
M1.20_anchor0.200,0.2,0.25,1.2,right,2,0.225,0.25168652049316037,0.050838178520083245,,0.03771962747314546,False,True,False,previous,0.25168652049316037,0.050838178520083245,0.015,0.015,0.038400000000000004,0.038400000000000004,2,0.2620458954931603,0.038228803520083246,0.009557200880020812,,0.0005091760469377871,0.013498968071736542,0.010359374999999948,0.012609374999999999,5.005535187911532e-06,241.08905067366743,-29.99999281439142,True,False,False,spectral_only,0.273596075265613,distance_to_blumen_ci_plus_previous,0,393.14314196100247
M1.20_anchor0.200,0.2,0.25,1.2,right,2,0.225,0.25168652049316037,0.050838178520083245,,0.03771962747314546,False,True,False,previous_cr_blend_ci,0.25168652049316037,0.044278902996614355,0.03,0.008,0.07680000000000001,0.02048,2,0.2620302704931603,0.03822056966328103,0.009555142415820258,,0.0005009421901355712,0.013280677029279191,0.01034374999999993,0.012617608856802215,9.67068461941762e-06,241.27221127981133,-29.99999281439142,True,False,False,spectral_only,0.2737793498075661,distance_to_blumen_ci_plus_previous,0,393.2239889526469
M1.20_anchor0.200,0.2,0.25,1.2,right,2,0.225,0.25168652049316037,0.050838178520083245,,0.03771962747314546,False,True,False,previous_cr_blend_ci,0.25168652049316037,0.044278902996614355,0.015,0.008,0.038400000000000004,0.02048,2,0.2620478486181604,0.0382216113299477,0.009555402832486924,,0.0005019838568022378,0.013308293067306295,0.010361328125000013,0.012616567190135548,2.459424606245735e-06,241.36477276924458,-29.99999281439142,True,False,False,spectral_only,0.2738716637722799,distance_to_blumen_ci_plus_previous,0,393.2174953622531
M1.20_anchor0.200,0.2,0.25,1.2,right,2,0.225,0.25168652049316037,0.050838178520083245,,0.03771962747314546,False,True,False,previous,0.25168652049316037,0.050838178520083245,0.015,0.008,0.038400000000000004,0.02048,2,0.2620478486181604,0.03821838685341657,0.009554596713354142,,0.0004987593802711077,0.013222807691465142,0.010361328125000013,0.012619791666666678,2.327524701788693e-06,241.4819740584838,-29.99999281439142,True,False,False,spectral_only,0.273988850151516,distance_to_blumen_ci_plus_previous,0,393.25062961744305
M1.20_anchor0.200,0.2,0.25,1.2,right,2,0.225,0.25168652049316037,0.050838178520083245,,0.03771962747314546,False,True,False,previous,0.25168652049316037,0.050838178520083245,0.03,0.008,0.07680000000000001,0.02048,2,0.2620302704931603,0.03821317852008325,0.009553294630020812,,0.0004935510469377888,0.013084727501329994,0.01034374999999993,0.012624999999999997,1.0010246586366171e-05,241.54086758318104,-29.99999281439142,True,False,False,spectral_only,0.27404800410332547,distance_to_blumen_ci_plus_previous,0,393.2999508799172
M1.20_anchor0.200,0.2,0.25,1.2,right,2,0.225,0.25168652049316037,0.050838178520083245,,0.03771962747314546,False,True,False,previous_cr_target_ci,0.25168652049316037,0.03771962747314546,0.03,0.008,0.07680000000000001,0.02048,2,0.2620365204931603,0.0382129608064788,0.0095532402016197,,0.0004933333333333387,0.013078955609637661,0.010349999999999915,0.012625217713604447,7.54421423337821e-06,241.5951895642338,-29.99999281439142,True,False,False,spectral_only,0.2741022414149556,distance_to_blumen_ci_plus_previous,0,393.3036860102643
M1.20_anchor0.200,0.2,0.25,1.2,right,2,0.225,0.25168652049316037,0.050838178520083245,,0.03771962747314546,False,True,False,previous_cr_target_ci,0.25168652049316037,0.03771962747314546,0.015,0.008,0.038400000000000004,0.02048,2,0.2620478486181604,0.03821441913981213,0.009553604784953032,,0.0004947916666666677,0.013117618062875496,0.010361328125000013,0.012623759380271118,3.1083466668766664e-06,241.626256770061,-29.99999281439142,True,False,False,spectral_only,0.2741331616784102,distance_to_blumen_ci_plus_previous,0,393.29140894767977
M1.20_anchor0.200,0.2,0.275,1.2,right,3,0.25,0.2620365204931603,0.03823354359899648,,0.026215669966936965,False,True,False,previous_cr_blend_ci,0.2620365204931603,0.03222460678296672,0.03,0.015,0.07680000000000001,0.038400000000000004,2,0.2711302704931603,0.02570898178296672,0.007069969990315849,,0.0005066881839702435,0.019327683961892845,0.009093750000000012,0.012524561816029758,1.4555697424311276e-05,1329.77652511517,-29.99999281439142,True,False,False,spectral_only,1.3619275225994132,distance_to_blumen_ci_plus_previous,0,500.0
M1.20_anchor0.200,0.2,0.275,1.2,right,3,0.25,0.2620365204931603,0.03823354359899648,,0.026215669966936965,False,True,False,previous_cr_target_ci,0.2620365204931603,0.026215669966936965,0.03,0.015,0.07680000000000001,0.038400000000000004,2,0.2711302704931603,0.025700044966936963,0.007067512365907665,,0.0005156250000000022,0.019668579923774795,0.009093750000000012,0.012533498632059516,1.3211999154996779e-05,1329.8905842172114,-29.99999281439142,True,False,False,spectral_only,1.3621129910356877,distance_to_blumen_ci_plus_previous,0,500.0
M1.20_anchor0.200,0.2,0.275,1.2,right,3,0.25,0.2620365204931603,0.03823354359899648,,0.026215669966936965,False,True,False,previous_cr_blend_ci,0.2620365204931603,0.03222460678296672,0.03,0.008,0.07680000000000001,0.02048,2,0.2711302704931603,0.025699606782966723,0.0070673918653158495,,0.0005160631839702425,0.019685294505961435,0.009093750000000012,0.012533936816029757,1.3176984764140698e-05,1329.8961770474775,-29.99999281439142,True,False,False,spectral_only,1.3621220867046464,distance_to_blumen_ci_plus_previous,0,500.0
M1.20_anchor0.200,0.2,0.275,1.2,right,3,0.25,0.2620365204931603,0.03823354359899648,,0.026215669966936965,False,True,False,previous_cr_blend_ci,0.2620365204931603,0.03222460678296672,0.015,0.015,0.038400000000000004,0.038400000000000004,2,0.2711458954931603,0.02570898178296672,0.007069969990315849,,0.0005066881839702435,0.019327683961892845,0.00910937500000003,0.012524561816029758,8.655826092517593e-06,1330.1101553477063,-29.99999281439142,True,False,False,spectral_only,1.3622609447284566,distance_to_blumen_ci_plus_previous,0,500.0
M1.20_anchor0.200,0.2,0.275,1.2,right,3,0.25,0.2620365204931603,0.03823354359899648,,0.026215669966936965,False,True,False,previous,0.2620365204931603,0.03823354359899648,0.03,0.008,0.07680000000000001,0.02048,2,0.2711302704931603,0.025691876932329816,0.0070652661563907005,,0.0005237930346071486,0.01998015062242365,0.009093750000000012,0.012541666666666663,1.3086263066155212e-05,1329.9948437882476,-29.99999281439142,True,False,False,spectral_only,1.3622825721593321,distance_to_blumen_ci_plus_previous,0,500.0
M1.20_anchor0.200,0.2,0.275,1.2,right,3,0.25,0.2620365204931603,0.03823354359899648,,0.026215669966936965,False,True,False,previous_cr_target_ci,0.2620365204931603,0.026215669966936965,0.03,0.008,0.07680000000000001,0.02048,2,0.2711302704931603,0.025690669966936964,0.0070649342409076655,,0.0005250000000000012,0.020026190467843385,0.009093750000000012,0.012542873632059515,1.316266727225388e-05,1330.0102509168469,-29.99999281439142,True,False,False,spectral_only,1.3623076364041882,distance_to_blumen_ci_plus_previous,0,500.0
M1.20_anchor0.200,0.2,0.275,1.2,right,3,0.25,0.2620365204931603,0.03823354359899648,,0.026215669966936965,False,True,False,previous,0.2620365204931603,0.03823354359899648,0.03,0.015,0.07680000000000001,0.038400000000000004,2,0.2711302704931603,0.025686668598996477,0.007063833864724031,,0.0005290013679404883,0.020178823146906465,0.009093750000000012,0.012546875000000002,1.3583014919725525e-05,1330.0613308913319,-29.99999281439142,True,False,False,spectral_only,1.3623907402965336,distance_to_blumen_ci_plus_previous,0,500.0
M1.20_anchor0.200,0.2,0.275,1.2,right,3,0.25,0.2620365204931603,0.03823354359899648,,0.026215669966936965,False,True,False,previous_cr_target_ci,0.2620365204931603,0.026215669966936965,0.015,0.015,0.038400000000000004,0.038400000000000004,2,0.2711458954931603,0.025700044966936963,0.007067512365907665,,0.0005156250000000022,0.019668579923774795,0.00910937500000003,0.012533498632059516,6.133039759033365e-06,1330.224233022946,-29.99999281439142,True,False,False,spectral_only,1.3624463727216332,distance_to_blumen_ci_plus_previous,0,500.0
M1.20_anchor0.200,0.2,0.275,1.2,right,3,0.25,0.2620365204931603,0.03823354359899648,,0.026215669966936965,False,True,False,previous_cr_blend_ci,0.2620365204931603,0.03222460678296672,0.015,0.008,0.038400000000000004,0.02048,2,0.2711458954931603,0.025699606782966723,0.0070673918653158495,,0.0005160631839702425,0.019685294505961435,0.00910937500000003,0.012533936816029757,6.057246317920158e-06,1330.2298267787273,-29.99999281439142,True,False,False,spectral_only,1.362455467274122,distance_to_blumen_ci_plus_previous,0,500.0
M1.20_anchor0.200,0.2,0.275,1.2,right,3,0.25,0.2620365204931603,0.03823354359899648,,0.026215669966936965,False,True,False,previous,0.2620365204931603,0.03823354359899648,0.015,0.008,0.038400000000000004,0.02048,2,0.2711458954931603,0.025691876932329816,0.0070652661563907005,,0.0005237930346071486,0.01998015062242365,0.00910937500000003,0.012541666666666663,5.857193892183711e-06,1330.328509617785,-29.99999281439142,True,False,False,spectral_only,1.3626159633071,distance_to_blumen_ci_plus_previous,0,500.0
M1.20_anchor0.200,0.2,0.275,1.2,right,3,0.25,0.2620365204931603,0.03823354359899648,,0.026215669966936965,False,True,False,previous_cr_target_ci,0.2620365204931603,0.026215669966936965,0.015,0.008,0.038400000000000004,0.02048,2,0.2711458954931603,0.025690669966936964,0.0070649342409076655,,0.0005250000000000012,0.020026190467843385,0.00910937500000003,0.012542873632059515,6.025933232955824e-06,1330.343919233536,-29.99999281439142,True,False,False,spectral_only,1.362641034647523,distance_to_blumen_ci_plus_previous,0,500.0
M1.20_anchor0.200,0.2,0.275,1.2,right,3,0.25,0.2620365204931603,0.03823354359899648,,0.026215669966936965,False,True,False,previous,0.2620365204931603,0.03823354359899648,0.015,0.015,0.038400000000000004,0.038400000000000004,2,0.2711458954931603,0.025686668598996477,0.007063833864724031,,0.0005290013679404883,0.020178823146906465,0.00910937500000003,0.012546875000000002,6.895849104337514e-06,1330.3950075471516,-29.99999281439142,True,False,False,spectral_only,1.3627241693297678,distance_to_blumen_ci_plus_previous,0,500.0
M1.30_anchor0.175,0.175,0.1,1.3,left,3,0.125,0.25073220220464915,0.0805622512041191,0.22260820592668665,0.09037979040248759,True,True,True,blend_previous_blumen,0.2366702040656679,0.08547102080330335,0.03,0.015,0.03,0.015,0,0.22922879781566793,0.09083234892830334,0.009083234892830335,0.0066205918889812865,0.00045255852581575773,0.005007297801869008,0.021503404388981212,0.010270097724184246,1.804350463478206e-06,6.6093091141535265e-19,-12.932865474906544,True,True,True,validated,-0.02580704754932437,distance_to_blumen_plus_previous,0,397.45968449994655
M1.30_anchor0.175,0.175,0.1,1.3,left,3,0.125,0.25073220220464915,0.0805622512041191,0.22260820592668665,0.09037979040248759,True,True,True,blend_previous_blumen,0.2366702040656679,0.08547102080330335,0.015,0.015,0.015,0.015,0,0.22923856344066793,0.09083234892830334,0.009083234892830335,0.006630357513981278,0.00045255852581575773,0.005007297801869008,0.02149363876398122,0.010270097724184246,7.352287008290892e-07,6.611598268684339e-19,-12.933597236501523,True,True,True,validated,-0.025804562623826487,distance_to_blumen_plus_previous,0,397.46165875686387
M1.30_anchor0.175,0.175,0.1,1.3,left,3,0.125,0.25073220220464915,0.0805622512041191,0.22260820592668665,0.09037979040248759,True,True,True,blumen,0.22260820592668665,0.09037979040248759,0.03,0.008,0.03,0.008,0,0.22922929967668668,0.09083291540248757,0.009083291540248757,0.006621093750000029,0.0004531249999999848,0.005013565510409871,0.02150290252796247,0.010270664198368473,1.724541084060795e-06,6.609977044158626e-19,-12.932863250019448,True,True,True,validated,-0.025803269257052064,distance_to_blumen_plus_previous,0,397.4573210553722
M1.30_anchor0.175,0.175,0.1,1.3,left,3,0.125,0.25073220220464915,0.0805622512041191,0.22260820592668665,0.09037979040248759,True,True,True,blumen,0.22260820592668665,0.09037979040248759,0.015,0.008,0.015,0.008,0,0.22923906530168667,0.09083291540248757,0.009083291540248757,0.00663085937500002,0.0004531249999999848,0.005013565510409871,0.02149313690296248,0.010270664198368473,6.410547719790414e-07,6.6123782604342915e-19,-12.933595006975983,True,True,True,validated,-0.02580078623715036,distance_to_blumen_plus_previous,0,397.45929529649544
M1.30_anchor0.175,0.175,0.1,1.3,left,3,0.125,0.25073220220464915,0.0805622512041191,0.22260820592668665,0.09037979040248759,True,True,True,previous,0.25073220220464915,0.0805622512041191,0.03,0.008,0.03,0.008,0,0.22922829595464914,0.09083829287078578,0.009083829287078578,0.006620090027962489,0.0004585024682981914,0.005073064080546614,0.02150390625000001,0.01027604166666668,1.7989876681781302e-06,6.606928308542599e-19,-12.932409970322093,True,True,True,validated,-0.02576880445754534,distance_to_blumen_plus_previous,0,397.4337206600534
M1.30_anchor0.175,0.175,0.1,1.3,left,3,0.125,0.25073220220464915,0.0805622512041191,0.22260820592668665,0.09037979040248759,True,True,True,previous,0.25073220220464915,0.0805622512041191,0.015,0.008,0.015,0.008,0,0.22923806157964913,0.09083829287078578,0.009083829287078578,0.00662985565296248,0.0004585024682981914,0.005073064080546614,0.02149414062500002,0.01027604166666668,6.076678212969815e-07,6.61060348485728e-19,-12.933141658866298,True,True,True,validated,-0.025766339020879873,distance_to_blumen_plus_previous,0,397.435694783967
M1.30_anchor0.175,0.175,0.1,1.3,left,3,0.125,0.25073220220464915,0.0805622512041191,0.22260820592668665,0.09037979040248759,True,True,True,blumen,0.22260820592668665,0.09037979040248759,0.03,0.015,0.03,0.015,0,0.22922929967668668,0.0908387747774876,0.00908387747774876,0.006621093750000029,0.00045898437500001277,0.005078396098906862,0.02150290252796247,0.010276523573368501,1.6834329455672995e-06,6.608233276245388e-19,-12.93245129207774,True,True,True,validated,-0.0257654345506782,distance_to_blumen_plus_previous,0,397.4318269136053
M1.30_anchor0.175,0.175,0.1,1.3,left,3,0.125,0.25073220220464915,0.0805622512041191,0.22260820592668665,0.09037979040248759,True,True,True,blumen,0.22260820592668665,0.09037979040248759,0.015,0.015,0.015,0.015,0,0.22923906530168667,0.0908387747774876,0.00908387747774876,0.00663085937500002,0.00045898437500001277,0.005078396098906862,0.02149313690296248,0.010276523573368501,5.204789315789649e-07,6.609845260701447e-19,-12.933182979114584,True,True,True,validated,-0.02576296860909679,distance_to_blumen_plus_previous,0,397.43380102081255
M1.30_anchor0.175,0.175,0.1,1.3,left,3,0.125,0.25073220220464915,0.0805622512041191,0.22260820592668665,0.09037979040248759,True,True,True,blend_previous_blumen,0.2366702040656679,0.08547102080330335,0.03,0.008,0.03,0.008,0,0.22922879781566793,0.09084081246997001,0.009084081246997002,0.0066205918889812865,0.0004610220674824278,0.005100941985253141,0.021503404388981212,0.010278561265850916,1.8017861823319373e-06,6.60699147828488e-19,-12.93227043708133,True,True,True,validated,-0.02575237286010966,distance_to_blumen_plus_previous,0,397.42286023639775
M1.30_anchor0.175,0.175,0.1,1.3,left,3,0.125,0.25073220220464915,0.0805622512041191,0.22260820592668665,0.09037979040248759,True,True,True,blend_previous_blumen,0.2366702040656679,0.08547102080330335,0.015,0.008,0.015,0.008,0,0.22923856344066793,0.09084081246997001,0.009084081246997002,0.006630357513981278,0.0004610220674824278,0.005100941985253141,0.02149363876398122,0.010278561265850916,7.2895869663321e-07,6.609144844647457e-19,-12.933002097683978,True,True,True,validated,-0.025749907045774865,distance_to_blumen_plus_previous,0,397.4248342998839
M1.30_anchor0.175,0.175,0.1,1.3,left,3,0.125,0.25073220220464915,0.0805622512041191,0.22260820592668665,0.09037979040248759,True,True,True,previous,0.25073220220464915,0.0805622512041191,0.03,0.015,0.03,0.015,0,0.22922829595464914,0.0908454543291191,0.00908454543291191,0.006620090027962489,0.0004656639266315127,0.00515230146648687,0.02150390625000001,0.010283203125000001,2.098637707538124e-06,6.606273165880452e-19,-12.931906525887815,True,True,True,validated,-0.025722399285663985,distance_to_blumen_plus_previous,0,397.4025653166483
M1.30_anchor0.175,0.175,0.1,1.3,left,3,0.125,0.25073220220464915,0.0805622512041191,0.22260820592668665,0.09037979040248759,True,True,True,previous,0.25073220220464915,0.0805622512041191,0.015,0.015,0.015,0.015,0,0.22923806157964913,0.0908454543291191,0.00908454543291191,0.00662985565296248,0.0004656639266315127,0.00515230146648687,0.02149414062500002,0.010283203125000001,1.239859832891699e-06,6.607718854503031e-19,-12.932638128989689,True,True,True,validated,-0.02571993320812748,distance_to_blumen_plus_previous,0,397.4045392769077
M1.30_anchor0.175,0.175,0.125,1.3,left,2,0.15,0.2679464671366972,0.06991908551627644,0.24681618657964915,0.07936954287078576,True,True,True,blumen,0.24681618657964915,0.07936954287078576,0.015,0.008,0.015,0.008,0,0.25073220220464915,0.0805622512041191,0.010070281400514887,0.003916015624999991,0.0011927083333333338,0.015027279863197301,0.01721426493204803,0.010643165687842654,8.48044792429182e-07,1.4640677329075317e-18,-15.758860286992066,True,True,True,validated,-0.02235703384277337,distance_to_blumen_plus_previous,0,362.1120181094973
M1.30_anchor0.175,0.175,0.125,1.3,left,2,0.15,0.2679464671366972,0.06991908551627644,0.24681618657964915,0.07936954287078576,True,True,True,blumen,0.24681618657964915,0.07936954287078576,0.03,0.008,0.03,0.008,0,0.25074196782964914,0.0805622512041191,0.010070281400514887,0.003925781249999982,0.0011927083333333338,0.015027279863197301,0.017204499307048038,0.010643165687842654,1.4333703760831767e-06,1.4641421557234223e-18,-15.759830928470926,True,True,True,validated,-0.022356180315591542,distance_to_blumen_plus_previous,0,362.11370205331383
M1.30_anchor0.175,0.175,0.125,1.3,left,2,0.15,0.2679464671366972,0.06991908551627644,0.24681618657964915,0.07936954287078576,True,True,True,blend_previous_blumen,0.25738132685817317,0.0746443141935311,0.03,0.008,0.03,0.008,0,0.25072117060817306,0.0805661891935311,0.010070773649191388,0.0039049840285239057,0.00119664632274534,0.015076895739383173,0.017225296528524114,0.01064710367725466,2.3906236293299567e-06,1.463565092594104e-18,-15.757278503600745,True,True,True,validated,-0.022327027786508108,distance_to_blumen_plus_previous,0,362.09248632482655
M1.30_anchor0.175,0.175,0.125,1.3,left,2,0.15,0.2679464671366972,0.06991908551627644,0.24681618657964915,0.07936954287078576,True,True,True,blend_previous_blumen,0.25738132685817317,0.0746443141935311,0.015,0.008,0.015,0.008,0,0.25073093623317305,0.0805661891935311,0.010070773649191388,0.003914749653523897,0.00119664632274534,0.015076895739383173,0.017215530903524123,0.01064710367725466,6.839518517279009e-07,1.4637423903891032e-18,-15.758249036065699,True,True,True,validated,-0.022326294214341624,distance_to_blumen_plus_previous,0,362.09417023560815
M1.30_anchor0.175,0.175,0.125,1.3,left,2,0.15,0.2679464671366972,0.06991908551627644,0.24681618657964915,0.07936954287078576,True,True,True,previous,0.2679464671366972,0.06991908551627644,0.015,0.008,0.015,0.008,0,0.2507296702616972,0.08057012718294311,0.010071265897867889,0.0039134836820480245,0.0012005843121573462,0.015126511615569046,0.017216796874999996,0.010651041666666666,1.1233364841039757e-06,1.463645143905202e-18,-15.757637848526446,True,True,True,validated,-0.022295519840938062,distance_to_blumen_plus_previous,0,362.07632410970314
M1.30_anchor0.175,0.175,0.125,1.3,left,2,0.15,0.2679464671366972,0.06991908551627644,0.24681618657964915,0.07936954287078576,True,True,True,previous,0.2679464671366972,0.06991908551627644,0.03,0.008,0.03,0.008,0,0.25073943588669717,0.08057012718294311,0.010071265897867889,0.003923249307048016,0.0012005843121573462,0.015126511615569046,0.017207031250000004,0.010651041666666666,1.0423190218037394e-06,1.4640201785246897e-18,-15.758608333780238,True,True,True,validated,-0.022294705849521153,distance_to_blumen_plus_previous,0,362.07800789467797
M1.30_anchor0.175,0.175,0.125,1.3,left,2,0.15,0.2679464671366972,0.06991908551627644,0.24681618657964915,0.07936954287078576,True,True,True,blumen,0.24681618657964915,0.07936954287078576,0.015,0.015,0.015,0.015,0,0.25073220220464915,0.08057071474578577,0.010071339343223221,0.003916015624999991,0.0012011718750000039,0.015133914491047543,0.01721426493204803,0.010651629229509324,8.967288368241948e-07,1.463974505550763e-18,-15.757817045993711,True,True,True,validated,-0.022290714842794615,distance_to_blumen_plus_previous,0,362.07413067623406
M1.30_anchor0.175,0.175,0.125,1.3,left,2,0.15,0.2679464671366972,0.06991908551627644,0.24681618657964915,0.07936954287078576,True,True,True,blumen,0.24681618657964915,0.07936954287078576,0.03,0.015,0.03,0.015,0,0.25074196782964914,0.08057071474578577,0.010071339343223221,0.003925781249999982,0.0012011718750000039,0.015133914491047543,0.017204499307048038,0.010651629229509324,1.4626859851590741e-06,1.4639871327134746e-18,-15.758787528199928,True,True,True,validated,-0.022289868342411534,distance_to_blumen_plus_previous,0,362.0758144364364
M1.30_anchor0.175,0.175,0.125,1.3,left,2,0.15,0.2679464671366972,0.06991908551627644,0.24681618657964915,0.07936954287078576,True,True,True,blend_previous_blumen,0.25738132685817317,0.0746443141935311,0.03,0.015,0.03,0.015,0,0.25072117060817306,0.0805720485685311,0.010071506071066388,0.0039049840285239057,0.0012025056977453402,0.015150719712510237,0.017225296528524114,0.01065296305225466,2.591810843092369e-06,1.4638157303438383e-18,-15.756556427853393,True,True,True,validated,-0.022281097768094657,distance_to_blumen_plus_previous,0,362.0662584264622
M1.30_anchor0.175,0.175,0.125,1.3,left,2,0.15,0.2679464671366972,0.06991908551627644,0.24681618657964915,0.07936954287078576,True,True,True,blend_previous_blumen,0.25738132685817317,0.0746443141935311,0.015,0.015,0.015,0.015,0,0.25073093623317305,0.0805720485685311,0.010071506071066388,0.003914749653523897,0.0012025056977453402,0.015150719712510237,0.017215530903524123,0.01065296305225466,1.2125574556872296e-06,1.4635785238692987e-18,-15.757526850066796,True,True,True,validated,-0.02228035199341747,distance_to_blumen_plus_previous,0,362.06794221013035
M1.30_anchor0.175,0.175,0.125,1.3,left,2,0.15,0.2679464671366972,0.06991908551627644,0.24681618657964915,0.07936954287078576,True,True,True,previous,0.2679464671366972,0.06991908551627644,0.015,0.015,0.015,0.015,0,0.2507296702616972,0.08057338239127644,0.010071672798909555,0.0039134836820480245,0.0012038395204906766,0.01516752493397293,0.017216796874999996,0.010654296874999997,1.5307165603770562e-06,1.4637104222658664e-18,-15.757236666172556,True,True,True,validated,-0.022269988314401593,distance_to_blumen_plus_previous,0,362.0617539487863
M1.30_anchor0.175,0.175,0.125,1.3,left,2,0.15,0.2679464671366972,0.06991908551627644,0.24681618657964915,0.07936954287078576,True,True,True,previous,0.2679464671366972,0.06991908551627644,0.03,0.015,0.03,0.015,0,0.25073943588669717,0.08057338239127644,0.010071672798909555,0.003923249307048016,0.0012038395204906766,0.01516752493397293,0.017207031250000004,0.010654296874999997,1.4722864850447268e-06,1.4638189541202671e-18,-15.758207090178399,True,True,True,validated,-0.022269175504226135,distance_to_blumen_plus_previous,0,362.06343766314893
M1.30_anchor0.175,0.175,0.15,1.3,left,1,0.175,0.2821847483866972,0.059018043849609764,0.2568936438445621,0.06839717044667962,True,True,True,previous,0.2821847483866972,0.059018043849609764,0.03,0.008,0.03,0.008,0,0.2679464671366972,0.06991908551627644,0.010487862827441467,0.011052823292135083,0.001521915069596827,0.022251140795119095,0.01423828125000004,0.01090104166666668,2.48584615768089e-06,5.414824283543305e-20,-19.423797893220016,True,True,True,validated,-0.01911175223932237,distance_to_blumen_plus_previous,0,350.3192743897581
M1.30_anchor0.175,0.175,0.15,1.3,left,1,0.175,0.2821847483866972,0.059018043849609764,0.2568936438445621,0.06839717044667962,True,True,True,previous,0.2821847483866972,0.059018043849609764,0.015,0.008,0.015,0.008,0,0.26795623276169717,0.06991908551627644,0.010487862827441467,0.011062588917135074,0.001521915069596827,0.022251140795119095,0.014228515625000049,0.01090104166666668,5.004999468360965e-07,5.388257604340505e-20,-19.425046409821313,True,True,True,validated,-0.01911011521923807,distance_to_blumen_plus_previous,0,350.32082223432366
M1.30_anchor0.175,0.175,0.15,1.3,left,1,0.175,0.2821847483866972,0.059018043849609764,0.2568936438445621,0.06839717044667962,True,True,True,blend_previous_blumen,0.26953919611562965,0.06370760714814469,0.03,0.008,0.03,0.008,0,0.26795716486562965,0.06992114881481139,0.010488172322221708,0.011063521021067557,0.0015239783681317703,0.02228130722629554,0.014227583521067566,0.010903104965201624,2.6517576726651728e-08,5.393103676425663e-20,-19.424735459576507,True,True,True,validated,-0.01909476819722298,distance_to_blumen_plus_previous,0,350.3106608278716
M1.30_anchor0.175,0.175,0.15,1.3,left,1,0.175,0.2821847483866972,0.059018043849609764,0.2568936438445621,0.06839717044667962,True,True,True,blend_previous_blumen,0.26953919611562965,0.06370760714814469,0.015,0.008,0.015,0.008,0,0.26796693049062964,0.06992114881481139,0.010488172322221708,0.011073286646067548,0.0015239783681317703,0.02228130722629554,0.014217817896067575,0.010903104965201624,2.2051241686215814e-06,5.368704736290074e-20,-19.42598392695506,True,True,True,validated,-0.019092923394576793,distance_to_blumen_plus_previous,0,350.31220857946926
M1.30_anchor0.175,0.175,0.15,1.3,left,1,0.175,0.2821847483866972,0.059018043849609764,0.2568936438445621,0.06839717044667962,True,True,True,blumen,0.2568936438445621,0.06839717044667962,0.015,0.008,0.015,0.008,0,0.26795809696956213,0.0699232121133463,0.010488481817001944,0.01106445312500004,0.001526041666666686,0.02231147365747158,0.014226651417135083,0.01090516826373654,5.295015072348734e-07,5.4023688241409605e-20,-19.42442452421816,True,True,True,validated,-0.019079369933056235,distance_to_blumen_plus_previous,0,350.30050002129815
M1.30_anchor0.175,0.175,0.15,1.3,left,1,0.175,0.2821847483866972,0.059018043849609764,0.2568936438445621,0.06839717044667962,True,True,True,blumen,0.2568936438445621,0.06839717044667962,0.03,0.008,0.03,0.008,0,0.2679678625945621,0.0699232121133463,0.010488481817001944,0.011074218750000031,0.001526041666666686,0.02231147365747158,0.014216885792135092,0.01090516826373654,2.4662413775176094e-06,5.3763784878593635e-20,-19.425672936211328,True,True,True,validated,-0.019077538855710945,distance_to_blumen_plus_previous,0,350.30204772196936
M1.30_anchor0.175,0.175,0.15,1.3,left,1,0.175,0.2821847483866972,0.059018043849609764,0.2568936438445621,0.06839717044667962,True,True,True,previous,0.2821847483866972,0.059018043849609764,0.03,0.015,0.03,0.015,0,0.2679464671366972,0.06992624697460977,0.010488937046191464,0.011052823292135083,0.0015290765279301483,0.022355844809723094,0.01423828125000004,0.010908203125000002,2.7156075286101294e-06,5.441026395114867e-20,-19.422305327182578,True,True,True,validated,-0.019058948000226297,distance_to_blumen_plus_previous,0,350.2834954018101
M1.30_anchor0.175,0.175,0.15,1.3,left,1,0.175,0.2821847483866972,0.059018043849609764,0.2568936438445621,0.06839717044667962,True,True,True,previous,0.2821847483866972,0.059018043849609764,0.015,0.015,0.015,0.015,0,0.26795623276169717,0.06992624697460977,0.010488937046191464,0.011062588917135074,0.0015290765279301483,0.022355844809723094,0.014228515625000049,0.010908203125000002,1.2023829361644864e-06,5.4156768602199875e-20,-19.423553649505944,True,True,True,validated,-0.019057293439015778,distance_to_blumen_plus_previous,0,350.28504308353826
M1.30_anchor0.175,0.175,0.15,1.3,left,1,0.175,0.2821847483866972,0.059018043849609764,0.2568936438445621,0.06839717044667962,True,True,True,blend_previous_blumen,0.26953919611562965,0.06370760714814469,0.03,0.015,0.03,0.015,0,0.26795716486562965,0.06992831027314468,0.010489246540971702,0.011063521021067557,0.0015311398264650639,0.02238601124089913,0.014227583521067566,0.010910266423534917,1.6498829864170064e-06,5.4183745448230117e-20,-19.423242769268477,True,True,True,validated,-0.019041891526008006,distance_to_blumen_plus_previous,0,350.2748837758337
M1.30_anchor0.175,0.175,0.15,1.3,left,1,0.175,0.2821847483866972,0.059018043849609764,0.2568936438445621,0.06839717044667962,True,True,True,blend_previous_blumen,0.26953919611562965,0.06370760714814469,0.015,0.015,0.015,0.015,0,0.26796693049062964,0.06992831027314468,0.010489246540971702,0.011073286646067548,0.0015311398264650639,0.02238601124089913,0.014217817896067575,0.010910266423534917,2.7538639875578838e-06,5.3951200776656635e-20,-19.424491042387547,True,True,True,validated,-0.019040106511060653,distance_to_blumen_plus_previous,0,350.2764313646084
M1.30_anchor0.175,0.175,0.15,1.3,left,1,0.175,0.2821847483866972,0.059018043849609764,0.2568936438445621,0.06839717044667962,True,True,True,blumen,0.2568936438445621,0.06839717044667962,0.015,0.015,0.015,0.015,0,0.26795809696956213,0.06993037357167962,0.010489556035751944,0.01106445312500004,0.0015332031250000072,0.022416177672075578,0.014226651417135083,0.01091232972206986,2.1278911038523883e-06,5.425473385855148e-20,-19.42293190391183,True,True,True,validated,-0.01902648571905613,distance_to_blumen_plus_previous,0,350.2647250678225
M1.30_anchor0.175,0.175,0.15,1.3,left,1,0.175,0.2821847483866972,0.059018043849609764,0.2568936438445621,0.06839717044667962,True,True,True,blumen,0.2568936438445621,0.06839717044667962,0.03,0.015,0.03,0.015,0,0.2679678625945621,0.06993037357167962,0.010489556035751944,0.011074218750000031,0.0015332031250000072,0.022416177672075578,0.014216885792135092,0.01091232972206986,3.2139706994951765e-06,5.3998763574068355e-20,-19.424180121659532,True,True,True,validated,-0.01902470322182892,distance_to_blumen_plus_previous,0,350.26627260568046
M1.30_anchor0.175,0.175,0.175,1.3,anchor,0,,,,0.26483123276169723,0.05764109072460976,True,True,True,blumen,0.26483123276169723,0.05764109072460976,0.015,0.015,0.015,0.015,0,0.2821847483866972,0.059018043849609764,0.010328157673681709,0.017353515624999982,0.0013769531250000036,0.023888394679736965,,,2.234820388918325e-06,1.157558020111278e-18,-24.44564196742898,True,True,True,validated,-0.06180072974470738,distance_to_blumen_plus_previous,0,357.85095683841575
M1.30_anchor0.175,0.175,0.175,1.3,anchor,0,,,,0.26483123276169723,0.05764109072460976,True,True,True,blumen,0.26483123276169723,0.05764109072460976,0.03,0.015,0.03,0.015,0,0.2821945140116972,0.059018043849609764,0.010328157673681709,0.017363281249999973,0.0013769531250000036,0.023888394679736965,,,3.959434001781862e-06,1.1576748439374187e-18,-24.447224733082866,True,True,True,validated,-0.061798111247334996,distance_to_blumen_plus_previous,0,357.85247374625527
M1.30_anchor0.175,0.175,0.175,1.3,anchor,0,,,,0.26483123276169723,0.05764109072460976,True,True,True,blumen,0.26483123276169723,0.05764109072460976,0.015,0.008,0.015,0.008,0,0.2821847483866972,0.059021299057943094,0.01032872733514004,0.017353515624999982,0.001380208333333334,0.02394486842602471,,,1.3763394159861865e-06,1.1569517776467345e-18,-24.444499842029803,True,True,True,validated,-0.061792020212418815,distance_to_blumen_plus_previous,0,357.83125653813335
M1.30_anchor0.175,0.175,0.175,1.3,anchor,0,,,,0.26483123276169723,0.05764109072460976,True,True,True,blumen,0.26483123276169723,0.05764109072460976,0.03,0.008,0.03,0.008,0,0.2821945140116972,0.059021299057943094,0.01032872733514004,0.017363281249999973,0.001380208333333334,0.02394486842602471,,,3.546409343236519e-06,1.156402044941751e-18,-24.446082485115948,True,True,True,validated,-0.06178938214166564,distance_to_blumen_plus_previous,0,357.8327733607523
M1.30_anchor0.175,0.175,0.175,1.3,anchor,0,,,,0.26483123276169723,0.05764109072460976,True,True,True,generic_04,0.26,0.07,0.03,0.008,0.03,0.008,0,0.28216796875,0.059026041666666675,0.010329557291666668,0.017336735988302765,0.0013849509420569145,0.024027146687312984,,,4.112212948480574e-06,1.1556435710504644e-18,-24.440116964584682,True,True,True,validated,-0.061783449606259366,distance_to_blumen_plus_previous,0,357.7999523447959
M1.30_anchor0.175,0.175,0.175,1.3,anchor,0,,,,0.26483123276169723,0.05764109072460976,True,True,True,generic_04,0.26,0.07,0.015,0.008,0.015,0.008,0,0.282177734375,0.059026041666666675,0.010329557291666668,0.017346501613302756,0.0013849509420569145,0.024027146687312984,,,1.37961972858967e-06,1.156325398413694e-18,-24.44169948014742,True,True,True,validated,-0.06178106170672627,distance_to_blumen_plus_previous,0,357.8014691132323
M1.30_anchor0.175,0.175,0.175,1.3,anchor,0,,,,0.26483123276169723,0.05764109072460976,True,True,True,generic_04,0.26,0.07,0.03,0.015,0.03,0.015,0,0.28216796875,0.059033203125,0.010330810546875,0.017336735988302765,0.0013921124003902427,0.02415138892914604,,,4.611070696299974e-06,1.1549920122742517e-18,-24.437605629352003,True,True,True,validated,-0.06176408327169394,distance_to_blumen_plus_previous,0,357.7566266303618
M1.30_anchor0.175,0.175,0.175,1.3,anchor,0,,,,0.26483123276169723,0.05764109072460976,True,True,True,generic_05,0.34,0.085,0.03,0.015,0.03,0.015,0,0.2821679687500001,0.059033203125,0.010330810546875,0.017336735988302876,0.0013921124003902427,0.02415138892914604,,,4.611070696299329e-06,1.1549717285949803e-18,-24.43760562935201,True,True,True,validated,-0.061764083271693915,distance_to_blumen_plus_previous,0,357.7566266303618
M1.30_anchor0.175,0.175,0.175,1.3,anchor,0,,,,0.26483123276169723,0.05764109072460976,True,True,True,generic_04,0.26,0.07,0.015,0.015,0.015,0.015,0,0.282177734375,0.059033203125,0.010330810546875,0.017346501613302756,0.0013921124003902427,0.02415138892914604,,,2.501043962168855e-06,1.1559231054980247e-18,-24.43918787537121,True,True,True,validated,-0.06176167017084271,distance_to_blumen_plus_previous,0,357.7581432113669
M1.30_anchor0.175,0.175,0.175,1.3,anchor,0,,,,0.26483123276169723,0.05764109072460976,True,True,True,generic_05,0.34,0.085,0.015,0.015,0.015,0.015,0,0.3100292968749999,0.059951171875,0.010491455078125,0.04519806411330268,0.0023100811503902405,0.04007698538230394,,,0.0072586445757484965,1.6872121282271662e-18,-28.393958281682373,True,True,True,validated,-0.05131673586395679,distance_to_blumen_plus_previous,0,356.390799433477
M1.30_anchor0.175,0.175,0.175,1.3,anchor,0,,,,0.26483123276169723,0.05764109072460976,True,True,True,generic_03,0.18,0.055,0.03,0.008,0.03,0.008,0,0.23994140624999993,0.06330729166666668,0.011078776041666669,0.0248898265116973,0.005666200942056922,0.09830141780501991,,,0.012610827426974596,1.1550597849178804e-18,-16.8792795070772,True,True,True,validated,-0.04508813856227904,distance_to_blumen_plus_previous,0,327.168590949575
M1.30_anchor0.175,0.175,0.175,1.3,anchor,0,,,,0.26483123276169723,0.05764109072460976,True,True,True,generic_03,0.18,0.055,0.03,0.015,0.03,0.015,0,0.23994140624999993,0.06331054687500001,0.011079345703125002,0.0248898265116973,0.005669456150390252,0.09835789155130766,,,0.012610827396056977,1.1550929560562164e-18,-16.878773077068622,True,True,True,validated,-0.0450759841365701,distance_to_blumen_plus_previous,0,327.151812958954
M1.30_anchor0.175,0.175,0.175,1.3,anchor,0,,,,0.26483123276169723,0.05764109072460976,True,True,True,generic_02,0.1,0.04,0.03,0.008,0.03,0.008,0,0.15994140624999997,0.05598437500000002,0.009797265625000003,0.10488982651169726,0.0016567157246097433,0.02874192184400167,,,0.03453527639434686,1.3290258359022015e-18,-9.552942997359704,True,True,True,validated,-0.030968476620444788,distance_to_blumen_plus_previous,0,353.16899809091683
M1.30_anchor0.175,0.175,0.175,1.3,anchor,0,,,,0.26483123276169723,0.05764109072460976,True,True,True,generic_05,0.34,0.085,0.03,0.008,0.03,0.008,0,0.28240234375,0.06901562499999998,0.012077734374999996,0.017571110988302774,0.011374534275390223,0.19733377929529508,,,0.0027490928599659525,3.132005344245338e-19,-21.489827739602053,True,True,True,validated,-0.023950655692891495,distance_to_blumen_plus_previous,0,306.14476461552255
M1.30_anchor0.175,0.175,0.175,1.3,anchor,0,,,,0.26483123276169723,0.05764109072460976,True,True,True,generic_03,0.18,0.055,0.015,0.008,0.015,0.008,0,0.20997070312499996,0.06846354166666667,0.011981119791666666,0.05486052963669727,0.010822450942056909,0.18775583192488554,,,0.02146999320750979,5.075394259179582e-19,-12.856021136201665,True,True,True,validated,-0.021569424521812715,distance_to_blumen_plus_previous,0,297.8892679151088
M1.30_anchor0.175,0.175,0.175,1.3,anchor,0,,,,0.26483123276169723,0.05764109072460976,True,True,True,generic_03,0.18,0.055,0.015,0.015,0.015,0.015,0,0.20997070312499996,0.068466796875,0.011981689453125,0.05486052963669727,0.01082570615039024,0.1878123056711733,,,0.021469993229650736,5.074318633855652e-19,-12.855801987449961,True,True,True,validated,-0.02155752169008266,distance_to_blumen_plus_previous,0,297.87515549551705
M1.30_anchor0.175,0.175,0.175,1.3,anchor,0,,,,0.26483123276169723,0.05764109072460976,True,True,True,generic_05,0.34,0.085,0.015,0.008,0.015,0.008,0,0.3100292968749999,0.06901562499999998,0.012077734374999996,0.04519806411330268,0.011374534275390223,0.19733377929529508,,,0.007627263849757793,1.3530533082437648e-18,-24.98762676307878,True,True,True,validated,-0.021448818018541843,distance_to_blumen_plus_previous,0,309.66631794798764
M1.30_anchor0.175,0.175,0.175,1.3,anchor,0,,,,0.26483123276169723,0.05764109072460976,True,True,True,generic_02,0.1,0.04,0.03,0.015,0.03,0.015,0,0.15994140624999997,0.064970703125,0.011369873046875,0.10488982651169726,0.007329612400390241,0.12715950215808244,,,0.03443706325628461,1.1881289981903134e-18,-9.388099907124506,True,True,True,validated,-0.021296222004524024,distance_to_blumen_plus_previous,0,304.4896582349676
M1.30_anchor0.175,0.175,0.175,1.3,anchor,0,,,,0.26483123276169723,0.05764109072460976,True,True,True,generic_02,0.1,0.04,0.015,0.015,0.015,0.015,0,0.129970703125,0.04997070312499999,0.008744873046874997,0.13486052963669723,0.007670387599609772,0.13307152073607298,,,0.04104422802389,9.755022293396558e-19,-8.195914587041386,True,True,True,validated,-0.011651168491968344,distance_to_blumen_plus_previous,0,387.2110344547981
M1.30_anchor0.175,0.175,0.175,1.3,anchor,0,,,,0.26483123276169723,0.05764109072460976,True,True,True,generic_02,0.1,0.04,0.015,0.008,0.015,0.008,0,0.129970703125,0.045317708333333345,0.007930598958333335,0.13486052963669723,0.012323382391276415,0.21379509367984545,,,0.041069871967089694,1.0571068248318999e-18,-8.232357332962406,True,True,True,validated,0.0003015994884634776,distance_to_blumen_plus_previous,0,426.85040604922347
M1.30_anchor0.175,0.175,0.175,1.3,anchor,0,,,,0.26483123276169723,0.05764109072460976,True,True,True,generic_01,0.05,0.025,0.03,0.015,0.03,0.015,0,0.10994140624999998,0.019970703125000003,0.0034948730468750003,0.15488982651169725,0.03767038759960976,0.6535335665243831,,,0.045005487469644265,8.204171069202797e-21,-6.3676327937891255,True,True,True,validated,0.09238712141122121,distance_to_blumen_plus_previous,0,500.0
M1.30_anchor0.175,0.175,0.175,1.3,anchor,0,,,,0.26483123276169723,0.05764109072460976,True,True,True,generic_01,0.05,0.025,0.03,0.008,0.03,0.008,0,0.10994140624999998,0.016984375000000003,0.0029722656250000005,0.15488982651169725,0.04065671572460976,0.7053425813688055,,,0.04504102812588797,3.501276741162672e-20,-6.168962797168021,True,True,True,validated,0.10367660240438972,distance_to_blumen_plus_previous,0,500.0
M1.30_anchor0.175,0.175,0.175,1.3,anchor,0,,,,0.26483123276169723,0.05764109072460976,True,True,True,generic_01,0.05,0.025,0.015,0.008,0.015,0.008,0,0.07997070312499999,0.009015625000000001,0.0015777343750000001,0.18486052963669725,0.04862546572460976,0.8435903122813255,,,0.04982569823710331,9.890716580533033e-22,-5.427612649763606,True,True,True,validated,0.13747230369070282,distance_to_blumen_plus_previous,0,500.0
M1.30_anchor0.175,0.175,0.175,1.3,anchor,0,,,,0.26483123276169723,0.05764109072460976,True,True,True,generic_01,0.05,0.025,0.015,0.015,0.015,0.015,0,0.07997070312499999,0.00019876746961805565,3.478430718315974e-05,0.18486052963669725,0.057442323254991705,0.9965516358708807,,,0.04972413769328384,1.0799505792475652e-25,-5.03022123003111,True,True,True,validated,0.1711914045732493,distance_to_blumen_plus_previous,0,500.0
M1.30_anchor0.175,0.175,0.175,1.3,anchor,0,,,,0.26483123276169723,0.05764109072460976,True,True,True,generic_00,0.0,0.015,0.03,0.015,0.048,0.024,1,0.07089062500000001,7.168820730452675e-06,1.2545436278292181e-06,0.19394060776169722,0.05763392190387931,0.9998756300298913,,,0.02158659115519301,1.7749370367472766e-28,-5.000679858334783,True,True,True,validated,0.17140055372113638,distance_to_blumen_plus_previous,0,500.0
M1.30_anchor0.175,0.175,0.175,1.3,anchor,0,,,,0.26483123276169723,0.05764109072460976,True,True,True,generic_00,0.0,0.015,0.03,0.008,0.03,0.008,0,0.04458007812499999,7.025149498456787e-06,1.2294011622299377e-06,0.22025115463669726,0.057634065575111304,0.9998781225440022,,,0.023521194805914657,1.4586038137536508e-27,-4.998325960619155,True,True,True,validated,0.174259405935613,distance_to_blumen_plus_previous,0,500.0
M1.30_anchor0.175,0.175,0.175,1.3,anchor,0,,,,0.26483123276169723,0.05764109072460976,True,True,True,generic_00,0.0,0.015,0.015,0.008,0.015,0.008,0,0.022436523437499994,7.025149498456787e-06,1.2294011622299377e-06,0.24239470932419724,0.057634065575111304,0.9998781225440022,,,0.01980239913650819,1.262177448353619e-29,-4.995295406631229,True,True,True,validated,0.17664125395834804,distance_to_blumen_plus_previous,0,500.0
M1.30_anchor0.175,0.175,0.175,1.3,anchor,0,,,,0.26483123276169723,0.05764109072460976,True,True,True,generic_00,0.0,0.015,0.015,0.015,0.038400000000000004,0.038400000000000004,2,0.022270507812499996,1.812149160879631e-05,3.171261031539354e-06,0.24256072494919723,0.05762296923300096,0.9996856150468183,,,0.05278031648409028,7.099748146989106e-30,-5.021817952998528,False,True,False,mode_only,0.19826857273746223,distance_to_blumen_plus_previous,1,500.0
M1.30_anchor0.175,0.175,0.2,1.3,right,1,0.175,0.2821847483866972,0.059018043849609764,0.2727688216788323,0.04671105940369977,True,True,True,blumen,0.2727688216788323,0.04671105940369977,0.015,0.015,0.038400000000000004,0.038400000000000004,2,0.29419382167883235,0.04798605940369976,0.009597211880739953,0.021425000000000027,0.0012749999999999914,0.027295463136059905,0.01200907329213513,0.011031984445910005,8.362501658113268e-06,3.1282051362159047,-29.99999281439142,True,False,False,spectral_only,0.036375272880381254,distance_to_blumen_plus_previous,0,386.9664781738413
M1.30_anchor0.175,0.175,0.2,1.3,right,1,0.175,0.2821847483866972,0.059018043849609764,0.2727688216788323,0.04671105940369977,True,True,True,blumen,0.2727688216788323,0.04671105940369977,0.03,0.015,0.07680000000000001,0.038400000000000004,2,0.2941750716788324,0.04797668440369976,0.009595336880739953,0.02140625000000007,0.0012656249999999925,0.027094761201235957,0.011990323292135174,0.011041359445910004,1.067543966780874e-05,3.1346783899629265,-29.99999281439142,True,False,False,spectral_only,0.03639268933962826,distance_to_blumen_plus_previous,0,387.038964024789
M1.30_anchor0.175,0.175,0.2,1.3,right,1,0.175,0.2821847483866972,0.059018043849609764,0.2727688216788323,0.04671105940369977,True,True,True,blumen,0.2727688216788323,0.04671105940369977,0.03,0.008,0.07680000000000001,0.02048,2,0.2941750716788324,0.047969392737033094,0.00959387854740662,0.02140625000000007,0.0012583333333333266,0.026938659696372887,0.011990323292135174,0.01104865111257667,9.900918829871837e-06,3.1503950112404406,-29.99999281439142,True,False,False,spectral_only,0.036421203772374025,distance_to_blumen_plus_previous,0,387.0977287542655
M1.30_anchor0.175,0.175,0.2,1.3,right,1,0.175,0.2821847483866972,0.059018043849609764,0.2727688216788323,0.04671105940369977,True,True,True,blend_previous_blumen,0.27747678503276474,0.052864551626654765,0.03,0.015,0.07680000000000001,0.038400000000000004,2,0.29419553503276474,0.047973926626654756,0.009594785325330951,0.021426713353932425,0.0012628672229549887,0.027035722141103113,0.012010786646067528,0.011044117222955008,4.609047641237559e-06,3.1556037727852613,-29.99999281439142,True,False,False,spectral_only,0.03642426809240018,distance_to_blumen_plus_previous,0,387.0645087083564
M1.30_anchor0.175,0.175,0.2,1.3,right,1,0.175,0.2821847483866972,0.059018043849609764,0.2727688216788323,0.04671105940369977,True,True,True,blumen,0.2727688216788323,0.04671105940369977,0.015,0.008,0.038400000000000004,0.02048,2,0.2941906966788324,0.047969392737033094,0.00959387854740662,0.02142187500000009,0.0012583333333333266,0.026938659696372887,0.012005948292135193,0.01104865111257667,4.956199387325101e-06,3.1618540739836196,-29.99999281439142,True,False,False,spectral_only,0.036437085345559964,distance_to_blumen_plus_previous,0,387.10026511017253
M1.30_anchor0.175,0.175,0.2,1.3,right,1,0.175,0.2821847483866972,0.059018043849609764,0.2727688216788323,0.04671105940369977,True,True,True,previous,0.2821847483866972,0.059018043849609764,0.015,0.015,0.038400000000000004,0.038400000000000004,2,0.2942003733866972,0.047971168849609766,0.009594233769921953,0.02143155170786487,0.0012601094459099987,0.02697668308097057,0.012015624999999974,0.011046874999999998,2.9681159075811495e-06,3.1651163721583386,-29.99999281439142,True,False,False,spectral_only,0.03644000495473192,distance_to_blumen_plus_previous,0,387.0875200637335
M1.30_anchor0.175,0.175,0.2,1.3,right,1,0.175,0.2821847483866972,0.059018043849609764,0.2727688216788323,0.04671105940369977,True,True,True,blend_previous_blumen,0.27747678503276474,0.052864551626654765,0.015,0.008,0.038400000000000004,0.02048,2,0.29420178503276473,0.04797121829332142,0.009594243658664285,0.02143296335393241,0.0012601588896216515,0.026977741582153884,0.012017036646067514,0.011046825556288345,2.8128836700011287e-06,3.166046080583814,-29.99999281439142,True,False,False,spectral_only,0.036441261491857266,distance_to_blumen_plus_previous,0,387.087350681643
M1.30_anchor0.175,0.175,0.2,1.3,right,1,0.175,0.2821847483866972,0.059018043849609764,0.2727688216788323,0.04671105940369977,True,True,True,blend_previous_blumen,0.27747678503276474,0.052864551626654765,0.015,0.015,0.038400000000000004,0.038400000000000004,2,0.2942053006577648,0.04797197350165476,0.009594394700330952,0.02143647897893247,0.0012609140979549932,0.026993909238014886,0.012020552271067575,0.011046070347955003,2.962188586715187e-06,3.166993750898608,-29.99999281439142,True,False,False,spectral_only,0.036441934774467555,distance_to_blumen_plus_previous,0,387.0818345162605
M1.30_anchor0.175,0.175,0.2,1.3,right,1,0.175,0.2821847483866972,0.059018043849609764,0.2727688216788323,0.04671105940369977,True,True,True,previous,0.2821847483866972,0.059018043849609764,0.03,0.015,0.07680000000000001,0.038400000000000004,2,0.2942159983866972,0.047971168849609766,0.009594233769921953,0.02144717670786489,0.0012601094459099987,0.02697668308097057,0.012031249999999993,0.011046874999999998,4.725494293469428e-06,3.1766005317840946,-29.99999281439142,True,False,False,spectral_only,0.036456246699494654,distance_to_blumen_plus_previous,0,387.0900561499594
M1.30_anchor0.175,0.175,0.2,1.3,right,1,0.175,0.2821847483866972,0.059018043849609764,0.2727688216788323,0.04671105940369977,True,True,True,blend_previous_blumen,0.27747678503276474,0.052864551626654765,0.03,0.008,0.07680000000000001,0.02048,2,0.2942267850327647,0.04797121829332142,0.009594243658664285,0.021457963353932408,0.0012601588896216515,0.026977741582153884,0.012042036646067511,0.011046825556288345,7.942523015824666e-06,3.1844329729652925,-29.99999281439142,True,False,False,spectral_only,0.03646737707193032,distance_to_blumen_plus_previous,0,387.09140834801394
M1.30_anchor0.175,0.175,0.2,1.3,right,1,0.175,0.2821847483866972,0.059018043849609764,0.2727688216788323,0.04671105940369977,True,True,True,previous,0.2821847483866972,0.059018043849609764,0.015,0.008,0.038400000000000004,0.02048,2,0.29420974838669717,0.04796471051627642,0.009592942103255285,0.02144092670786485,0.0012536511125766509,0.026838421748091524,0.012024999999999952,0.011053333333333346,1.8992018848018217e-06,3.1860128839694672,-29.99999281439142,True,False,False,spectral_only,0.036475075320758,distance_to_blumen_plus_previous,0,387.141102327853
M1.30_anchor0.175,0.175,0.2,1.3,right,1,0.175,0.2821847483866972,0.059018043849609764,0.2727688216788323,0.04671105940369977,True,True,True,previous,0.2821847483866972,0.059018043849609764,0.03,0.008,0.07680000000000001,0.02048,2,0.29419646713669717,0.047960752182943094,0.00959215043658862,0.021427645457864852,0.0012496927792433263,0.02675368093116603,0.012011718749999956,0.01105729166666667,2.697218728754748e-06,3.1848224788231994,-29.99999281439142,True,False,False,spectral_only,0.03647697413750815,distance_to_blumen_plus_previous,0,387.1708611944371
M1.30_anchor0.175,0.175,0.225,1.3,right,2,0.2,0.29419382167883235,0.04798605940369976,0.28070641059596746,0.035354323542416737,True,True,True,previous,0.29419382167883235,0.04798605940369976,0.03,0.015,0.07680000000000001,0.038400000000000004,2,0.30454382167883226,0.036811059403699775,0.00828248836583245,0.0238374110828648,0.0014567358612830386,0.0412038957423497,0.010349999999999915,0.011174999999999984,8.239718451482856e-06,184.37562739870404,-29.99999281439142,True,False,False,spectral_only,0.2192891876159801,distance_to_blumen_plus_previous,0,450.2088772735567
M1.30_anchor0.175,0.175,0.225,1.3,right,2,0.2,0.29419382167883235,0.04798605940369976,0.28070641059596746,0.035354323542416737,True,True,True,blumen,0.28070641059596746,0.035354323542416737,0.015,0.015,0.038400000000000004,0.038400000000000004,2,0.30453141059596744,0.036807281687317714,0.008281638379646485,0.023824999999999985,0.0014529581449009774,0.041097042718347444,0.010337588917135099,0.011178777716382045,1.0313967990825778e-05,184.40127760123679,-29.99999281439142,True,False,False,spectral_only,0.219317743356069,distance_to_blumen_plus_previous,0,450.2527797665507
M1.30_anchor0.175,0.175,0.225,1.3,right,2,0.2,0.29419382167883235,0.04798605940369976,0.28070641059596746,0.035354323542416737,True,True,True,previous,0.29419382167883235,0.04798605940369976,0.015,0.015,0.038400000000000004,0.038400000000000004,2,0.30456882167883226,0.036811059403699775,0.00828248836583245,0.0238624110828648,0.0014567358612830386,0.0412038957423497,0.010374999999999912,0.011174999999999984,9.386842800358733e-06,184.56001165895591,-29.99999281439142,True,False,False,spectral_only,0.2194809814250306,distance_to_blumen_plus_previous,0,450.2134587176996
M1.30_anchor0.175,0.175,0.225,1.3,right,2,0.2,0.29419382167883235,0.04798605940369976,0.28070641059596746,0.035354323542416737,True,True,True,blumen,0.28070641059596746,0.035354323542416737,0.03,0.015,0.07680000000000001,0.038400000000000004,2,0.30455641059596744,0.036807281687317714,0.008281638379646485,0.023849999999999982,0.0014529581449009774,0.041097042718347444,0.010362588917135096,0.011178777716382045,6.014554123540247e-06,184.58570751813076,-29.99999281439142,True,False,False,spectral_only,0.21950931509819374,distance_to_blumen_plus_previous,0,450.257361837537
M1.30_anchor0.175,0.175,0.225,1.3,right,2,0.2,0.29419382167883235,0.04798605940369976,0.28070641059596746,0.035354323542416737,True,True,True,previous,0.29419382167883235,0.04798605940369976,0.03,0.008,0.07680000000000001,0.02048,2,0.30454382167883226,0.03679939273703309,0.008279863365832444,0.0238374110828648,0.001445069194616351,0.0408739030993653,0.010349999999999915,0.011186666666666671,4.711994512149413e-06,184.73777546268153,-29.99999281439142,True,False,False,spectral_only,0.21967113897843207,distance_to_blumen_plus_previous,0,450.3515164484688
M1.30_anchor0.175,0.175,0.225,1.3,right,2,0.2,0.29419382167883235,0.04798605940369976,0.28070641059596746,0.035354323542416737,True,True,True,blend_previous_blumen,0.2874501161373999,0.04167019147305825,0.03,0.015,0.07680000000000001,0.038400000000000004,2,0.30453995988739985,0.03679714459805826,0.008279357534563108,0.023833549291432388,0.001442821055641523,0.0408103143003283,0.010346138208567501,0.0111889148056415,5.574375097058867e-06,184.77910673755602,-29.99999281439142,True,False,False,spectral_only,0.21971524116014163,distance_to_blumen_plus_previous,0,450.3783050758674
M1.30_anchor0.175,0.175,0.225,1.3,right,2,0.2,0.29419382167883235,0.04798605940369976,0.28070641059596746,0.035354323542416737,True,True,True,blend_previous_blumen,0.2874501161373999,0.04167019147305825,0.015,0.008,0.038400000000000004,0.02048,2,0.30457511613739985,0.03680352480639156,0.008280793081438101,0.02386870554143239,0.0014492012639748253,0.04099077902695918,0.010381294458567503,0.011182534597308197,9.373586457408242e-06,184.84046328859242,-29.99999281439142,True,False,False,spectral_only,0.21977618583899303,distance_to_blumen_plus_previous,0,450.30672262012445
M1.30_anchor0.175,0.175,0.225,1.3,right,2,0.2,0.29419382167883235,0.04798605940369976,0.28070641059596746,0.035354323542416737,True,True,True,blend_previous_blumen,0.2874501161373999,0.04167019147305825,0.015,0.015,0.038400000000000004,0.038400000000000004,2,0.30454972551239984,0.03679714459805826,0.008279357534563108,0.02384331491643238,0.001442821055641523,0.0408103143003283,0.010355903833567492,0.0111889148056415,2.5112531771422167e-06,184.85123502052195,-29.99999281439142,True,False,False,spectral_only,0.21979009640707295,distance_to_blumen_plus_previous,0,450.380095439284
M1.30_anchor0.175,0.175,0.225,1.3,right,2,0.2,0.29419382167883235,0.04798605940369976,0.28070641059596746,0.035354323542416737,True,True,True,blend_previous_blumen,0.2874501161373999,0.04167019147305825,0.03,0.008,0.07680000000000001,0.02048,2,0.3045438661373999,0.03679519147305824,0.008278918081438104,0.023837455541432462,0.0014408679306415068,0.04075506999625689,0.010350044458567575,0.011190867930641515,3.916355402685716e-06,184.86866108547926,-29.99999281439142,True,False,False,spectral_only,0.21980922825110477,distance_to_blumen_plus_previous,0,450.40291231477624
M1.30_anchor0.175,0.175,0.225,1.3,right,2,0.2,0.29419382167883235,0.04798605940369976,0.28070641059596746,0.035354323542416737,True,True,True,blumen,0.28070641059596746,0.035354323542416737,0.03,0.008,0.07680000000000001,0.02048,2,0.3045501605959674,0.0367959902090834,0.008279097797043765,0.02384374999999994,0.0014416666666666605,0.04077766231157005,0.010356338917135055,0.011190069194616362,2.059560795067586e-06,184.89033207513538,-29.99999281439142,True,False,False,spectral_only,0.2198312872509586,distance_to_blumen_plus_previous,0,450.39429569281003
M1.30_anchor0.175,0.175,0.225,1.3,right,2,0.2,0.29419382167883235,0.04798605940369976,0.28070641059596746,0.035354323542416737,True,True,True,previous,0.29419382167883235,0.04798605940369976,0.015,0.008,0.038400000000000004,0.02048,2,0.30456882167883226,0.03679939273703309,0.008279863365832444,0.0238624110828648,0.001445069194616351,0.0408739030993653,0.010374999999999912,0.011186666666666671,6.513901020705357e-06,184.92240810573057,-29.99999281439142,True,False,False,spectral_only,0.21986323254926873,distance_to_blumen_plus_previous,0,450.35609935497405
M1.30_anchor0.175,0.175,0.225,1.3,right,2,0.2,0.29419382167883235,0.04798605940369976,0.28070641059596746,0.035354323542416737,True,True,True,blumen,0.28070641059596746,0.035354323542416737,0.015,0.008,0.038400000000000004,0.02048,2,0.3045657855959674,0.0367959902090834,0.008279097797043765,0.02385937499999996,0.0014416666666666605,0.04077766231157005,0.010371963917135074,0.011190069194616362,4.9402090252425426e-06,185.00577567666392,-29.99999281439142,True,False,False,spectral_only,0.2199514851707661,distance_to_blumen_plus_previous,0,450.3971602632781
M1.50_anchor0.125,0.125,0.125,1.5,anchor,0,,,,0.3461293840907056,0.040290436487398704,True,True,True,blumen,0.3461293840907056,0.040290436487398704,0.015,0.015,0.015,0.015,0,0.3492641497157056,0.04879629586239871,0.006099536982799839,0.00313476562499998,0.008505859375000008,0.21111360701342397,,,1.940808103109891e-06,8.584788614904849e-21,-19.70408549247952,True,True,True,validated,-0.03595877963987963,distance_to_blumen_plus_previous,0,500.0
M1.50_anchor0.125,0.125,0.125,1.5,anchor,0,,,,0.3461293840907056,0.040290436487398704,True,True,True,blumen,0.3461293840907056,0.040290436487398704,0.03,0.015,0.03,0.015,0,0.34927391534070557,0.04879629586239871,0.006099536982799839,0.003144531249999971,0.008505859375000008,0.21111360701342397,,,2.1679872753944793e-06,8.461501185199484e-21,-19.705872635515448,True,True,True,validated,-0.035958657946107336,distance_to_blumen_plus_previous,0,500.0
M1.50_anchor0.125,0.125,0.125,1.5,anchor,0,,,,0.3461293840907056,0.040290436487398704,True,True,True,blumen,0.3461293840907056,0.040290436487398704,0.015,0.008,0.015,0.008,0,0.3492641497157056,0.0488060614873987,0.006100757685924838,0.00313476562499998,0.008515624999999999,0.2113559877333014,,,7.520432657691486e-07,8.638630938929228e-21,-19.70448161757211,True,True,True,validated,-0.03591979684950567,distance_to_blumen_plus_previous,0,500.0
M1.50_anchor0.125,0.125,0.125,1.5,anchor,0,,,,0.3461293840907056,0.040290436487398704,True,True,True,blumen,0.3461293840907056,0.040290436487398704,0.03,0.008,0.03,0.008,0,0.34927391534070557,0.0488060614873987,0.006100757685924838,0.003144531249999971,0.008515624999999999,0.2113559877333014,,,1.2243476973471744e-06,8.408163687531419e-21,-19.706268545262578,True,True,True,validated,-0.035919663025869526,distance_to_blumen_plus_previous,0,500.0
M1.50_anchor0.125,0.125,0.125,1.5,anchor,0,,,,0.3461293840907056,0.040290436487398704,True,True,True,generic_03,0.18,0.055,0.03,0.008,0.03,0.008,0,0.23994140624999993,0.042984375000000005,0.005373046875000001,0.10618797784070566,0.0026939385126013016,0.06686297661341697,,,0.018726234387124056,7.249714876655924e-19,-8.433110719183055,True,True,True,validated,-0.030367267406132,distance_to_blumen_plus_previous,0,500.0
M1.50_anchor0.125,0.125,0.125,1.5,anchor,0,,,,0.3461293840907056,0.040290436487398704,True,True,True,generic_03,0.18,0.055,0.03,0.015,0.03,0.015,0,0.23994140624999993,0.04434570312499998,0.005543212890624998,0.10618797784070566,0.004055266637601279,0.10065084896435933,,,0.018724566231732367,8.788468867556296e-19,-8.53082745138096,True,True,True,validated,-0.02851233382025388,distance_to_blumen_plus_previous,0,500.0
M1.50_anchor0.125,0.125,0.125,1.5,anchor,0,,,,0.3461293840907056,0.040290436487398704,True,True,True,generic_04,0.26,0.07,0.03,0.015,0.03,0.015,0,0.31994140624999995,0.051650390625000014,0.006456298828125002,0.026187977840705645,0.01135995413760131,0.28195162743283425,,,0.005873976722288681,1.6640515813468451e-18,-15.130633763335956,True,True,True,validated,-0.023351272573675634,distance_to_blumen_plus_previous,0,500.0
M1.50_anchor0.125,0.125,0.125,1.5,anchor,0,,,,0.3461293840907056,0.040290436487398704,True,True,True,generic_03,0.18,0.055,0.015,0.008,0.015,0.008,0,0.20997070312499996,0.039015624999999984,0.004876953124999998,0.13615868096570563,0.0012748114873987193,0.03164054794485613,,,0.02237339370940239,1.9024823015533254e-19,-7.368797451482775,True,True,True,validated,-0.0209537532472635,distance_to_blumen_plus_previous,0,500.0
M1.50_anchor0.125,0.125,0.125,1.5,anchor,0,,,,0.3461293840907056,0.040290436487398704,True,True,True,generic_04,0.26,0.07,0.03,0.008,0.03,0.008,0,0.31994140624999995,0.054015625000000005,0.006751953125000001,0.026187977840705645,0.013725188512601301,0.3406562377871982,,,0.005893389186792914,1.7670148860208623e-18,-15.33262068336616,True,True,True,validated,-0.014044711223518538,distance_to_blumen_plus_previous,0,500.0
M1.50_anchor0.125,0.125,0.125,1.5,anchor,0,,,,0.3461293840907056,0.040290436487398704,True,True,True,generic_05,0.34,0.085,0.03,0.015,0.03,0.015,0,0.3493164062500001,0.05502929687500001,0.006878662109375001,0.003187022159294506,0.014738860387601305,0.3658153565104973,,,0.0012152781076020793,1.0824694987077462e-21,-19.954269063491168,True,True,True,validated,-0.010973243061278087,distance_to_blumen_plus_previous,0,500.0
M1.50_anchor0.125,0.125,0.125,1.5,anchor,0,,,,0.3461293840907056,0.040290436487398704,True,True,True,generic_05,0.34,0.085,0.015,0.015,0.015,0.015,0,0.3493261718750001,0.05502929687500001,0.006878662109375001,0.003196787784294497,0.014738860387601305,0.3658153565104973,,,0.0012152778176836296,1.0328555422344075e-21,-19.955930848166695,True,True,True,validated,-0.010973178319145425,distance_to_blumen_plus_previous,0,500.0
M1.50_anchor0.125,0.125,0.125,1.5,anchor,0,,,,0.3461293840907056,0.040290436487398704,True,True,True,generic_04,0.26,0.07,0.015,0.015,0.015,0.015,0,0.28997070312499995,0.05452148437500001,0.0068151855468750015,0.05615868096570564,0.014231047887601309,0.35321155907686014,,,0.01128838526088488,8.005480530300952e-19,-12.150713195922249,True,True,True,validated,-0.009213460456915012,distance_to_blumen_plus_previous,0,500.0
M1.50_anchor0.125,0.125,0.125,1.5,anchor,0,,,,0.3461293840907056,0.040290436487398704,True,True,True,generic_04,0.26,0.07,0.015,0.008,0.015,0.008,0,0.28997070312499995,0.054526041666666664,0.006815755208333333,0.05615868096570564,0.01423560517926796,0.3533246700794693,,,0.011288385218987175,8.003068849071953e-19,-12.151120358636717,True,True,True,validated,-0.009196229277763479,distance_to_blumen_plus_previous,0,500.0
M1.50_anchor0.125,0.125,0.125,1.5,anchor,0,,,,0.3461293840907056,0.040290436487398704,True,True,True,generic_03,0.18,0.055,0.015,0.015,0.015,0.015,0,0.20997070312499996,0.025029296874999996,0.0031286621093749994,0.13615868096570563,0.015261139612398708,0.37877821495361075,,,0.022278311465608342,2.4595263786911502e-20,-6.548735460086505,True,True,True,validated,0.00855736881879561,distance_to_blumen_plus_previous,0,500.0
M1.50_anchor0.125,0.125,0.125,1.5,anchor,0,,,,0.3461293840907056,0.040290436487398704,True,True,True,generic_02,0.1,0.04,0.03,0.008,0.03,0.008,0,0.15994140624999997,0.024015625,0.003001953125,0.18618797784070562,0.016274811487398705,0.40393733367690965,,,0.027387866859631103,2.838607415621581e-20,-5.951318332475482,True,True,True,validated,0.023480697220552377,distance_to_blumen_plus_previous,0,500.0
M1.50_anchor0.125,0.125,0.125,1.5,anchor,0,,,,0.3461293840907056,0.040290436487398704,True,True,True,generic_02,0.1,0.04,0.015,0.008,0.015,0.008,0,0.129970703125,0.024015625,0.003001953125,0.2161586809657056,0.016274811487398705,0.40393733367690965,,,0.030344236005476664,2.1929065238674713e-20,-5.721800725430606,True,True,True,validated,0.03132538934308825,distance_to_blumen_plus_previous,0,500.0
M1.50_anchor0.125,0.125,0.125,1.5,anchor,0,,,,0.3461293840907056,0.040290436487398704,True,True,True,generic_05,0.34,0.085,0.03,0.008,0.03,0.008,0,0.3497851562500001,0.06901562499999998,0.008626953124999998,0.0036557721592945236,0.02872518851260128,0.7129530235192516,,,0.0037840961060016734,1.0078516936956991e-18,-17.482697209188476,True,True,True,validated,0.045097082922671006,distance_to_blumen_plus_previous,0,403.3860585612589
M1.50_anchor0.125,0.125,0.125,1.5,anchor,0,,,,0.3461293840907056,0.040290436487398704,True,True,True,generic_05,0.34,0.085,0.015,0.008,0.015,0.008,0,0.34979492187500005,0.06901562499999998,0.008626953124999998,0.003665537784294459,0.02872518851260128,0.7129530235192516,,,0.0037840959665727853,1.0073934333535785e-18,-17.483893170005228,True,True,True,validated,0.04509712102623514,distance_to_blumen_plus_previous,0,403.3869916603505
M1.50_anchor0.125,0.125,0.125,1.5,anchor,0,,,,0.3461293840907056,0.040290436487398704,True,True,True,generic_02,0.1,0.04,0.03,0.015,0.03,0.015,0,0.15994140624999997,0.010029296875000005,0.0012536621093750006,0.18618797784070562,0.0302611396123987,0.7510750006856645,,,0.026972133924688134,2.550374529005019e-22,-5.4069487917818,True,True,True,validated,0.0688199331940817,distance_to_blumen_plus_previous,0,500.0
M1.50_anchor0.125,0.125,0.125,1.5,anchor,0,,,,0.3461293840907056,0.040290436487398704,True,True,True,generic_02,0.1,0.04,0.015,0.015,0.015,0.015,0,0.129970703125,0.010029296875000005,0.0012536621093750006,0.2161586809657056,0.0302611396123987,0.7510750006856645,,,0.029693421081610882,1.4895967565195254e-22,-5.310589422232059,True,True,True,validated,0.0742276064711074,distance_to_blumen_plus_previous,0,500.0
M1.50_anchor0.125,0.125,0.125,1.5,anchor,0,,,,0.3461293840907056,0.040290436487398704,True,True,True,generic_01,0.05,0.025,0.03,0.008,0.03,0.008,0,0.10994140624999998,0.009015625000000001,0.0011269531250000001,0.2361879778407056,0.031274811487398704,0.7762341194089635,,,0.031467444932097056,4.3525545595975887e-23,-5.231244356403477,True,True,True,validated,0.08151821058566278,distance_to_blumen_plus_previous,0,500.0
M1.50_anchor0.125,0.125,0.125,1.5,anchor,0,,,,0.3461293840907056,0.040290436487398704,True,True,True,generic_01,0.05,0.025,0.015,0.008,0.015,0.008,0,0.07997070312499999,0.009015625000000001,0.0011269531250000001,0.2661586809657056,0.031274811487398704,0.7762341194089635,,,0.03425317127726541,2.6118013902284353e-23,-5.165942368618751,True,True,True,validated,0.08768629627293009,distance_to_blumen_plus_previous,0,500.0
M1.50_anchor0.125,0.125,0.125,1.5,anchor,0,,,,0.3461293840907056,0.040290436487398704,True,True,True,generic_01,0.05,0.025,0.03,0.015,0.03,0.015,0,0.10955078124999998,1.5126247829861117e-05,1.8907809787326397e-06,0.23657860284070562,0.040275310239568846,0.9996245697701839,,,0.021571766337302203,3.1554436208840472e-30,-5.010742591623487,True,True,True,validated,0.11221352604354637,distance_to_blumen_plus_previous,0,500.0
M1.50_anchor0.125,0.125,0.125,1.5,anchor,0,,,,0.3461293840907056,0.040290436487398704,True,True,True,generic_01,0.05,0.025,0.015,0.015,0.015,0.015,0,0.07995117187499999,1.5126247829861117e-05,1.8907809787326397e-06,0.2661782122157056,0.040275310239568846,0.9996245697701839,,,0.02790846218639782,1.135959703518257e-28,-5.012667502514488,True,True,True,validated,0.117494423157531,distance_to_blumen_plus_previous,0,500.0
M1.50_anchor0.125,0.125,0.125,1.5,anchor,0,,,,0.3461293840907056,0.040290436487398704,True,True,True,generic_00,0.0,0.015,0.03,0.015,0.03,0.015,0,0.04491210937499998,1.812149160879631e-05,2.2651864510995387e-06,0.3012172747157056,0.040272314995789905,0.9995502284614249,,,0.03171690945461851,2.8398992587956425e-29,-5.013172387685462,True,True,True,validated,0.12410701544852526,distance_to_blumen_plus_previous,0,500.0
M1.50_anchor0.125,0.125,0.125,1.5,anchor,0,,,,0.3461293840907056,0.040290436487398704,True,True,True,generic_00,0.0,0.015,0.03,0.008,0.03,0.008,0,0.044462890625,1.907544849537036e-05,2.384431061921295e-06,0.3016664934657056,0.04027136103890333,0.9995265514559184,,,0.03062202136278417,1.262177448353619e-29,-5.013069772510473,True,True,True,validated,0.12413522302714167,distance_to_blumen_plus_previous,0,500.0
M1.50_anchor0.125,0.125,0.125,1.5,anchor,0,,,,0.3461293840907056,0.040290436487398704,True,True,True,generic_00,0.0,0.015,0.015,0.008,0.015,0.008,0,0.02245605468749999,2.2690538194444415e-05,2.836317274305552e-06,0.3236733294032056,0.04026774594920426,0.9994368257042452,,,0.034790572183679015,1.5906591292876482e-26,-5.014512248708419,True,True,True,validated,0.12865957274315878,distance_to_blumen_plus_previous,0,500.0
M1.50_anchor0.125,0.125,0.125,1.5,anchor,0,,,,0.3461293840907056,0.040290436487398704,True,True,True,generic_00,0.0,0.015,0.015,0.015,0.015,0.015,0,0.02248535156249999,8.660745804398151e-05,1.0825932255497688e-05,0.3236440325282056,0.04020382902935472,0.9978504214499868,,,0.03915222803451315,3.2311742677852644e-27,-5.0165356728969215,True,True,True,validated,0.1286626818050006,distance_to_blumen_plus_previous,0,500.0
M1.50_anchor0.125,0.125,0.15,1.5,right,1,0.125,0.3492641497157056,0.04879629586239871,,0.03454854751840092,False,True,False,previous_cr_target_ci,0.3492641497157056,0.03454854751840092,0.015,0.015,0.015,0.015,0,0.36235985284070565,0.04182393814340092,0.006273590721510138,,0.007275390625000003,0.210584558471671,0.01309570312500008,0.00697235771899779,1.5826674783649809e-06,1.7707920233320626e-18,-25.46162750347833,True,True,True,validated,-0.012914926416683903,distance_to_blumen_ci_plus_previous,0,500.0
M1.50_anchor0.125,0.125,0.15,1.5,right,1,0.125,0.3492641497157056,0.04879629586239871,,0.03454854751840092,False,True,False,previous_cr_target_ci,0.3492641497157056,0.03454854751840092,0.015,0.008,0.015,0.008,0,0.36235985284070565,0.041824589185067595,0.0062736883777601395,,0.007276041666666677,0.2106034027274629,0.01309570312500008,0.006971706677331116,1.4504891686283797e-06,1.775914569964061e-18,-25.461635428225534,True,True,True,validated,-0.01291492427695095,distance_to_blumen_ci_plus_previous,0,500.0
M1.50_anchor0.125,0.125,0.15,1.5,right,1,0.125,0.3492641497157056,0.04879629586239871,,0.03454854751840092,False,True,False,previous,0.3492641497157056,0.04879629586239871,0.015,0.008,0.015,0.008,0,0.36235985284070565,0.04183275419573204,0.006274913129359806,,0.007284206677331123,0.2108397371394985,0.01309570312500008,0.00696354166666667,1.302585794192522e-06,1.769272857692942e-18,-25.461734836156865,True,True,True,validated,-0.012914821813117497,distance_to_blumen_ci_plus_previous,0,500.0
M1.50_anchor0.125,0.125,0.15,1.5,right,1,0.125,0.3492641497157056,0.04879629586239871,,0.03454854751840092,False,True,False,previous,0.3492641497157056,0.04879629586239871,0.015,0.015,0.015,0.015,0,0.36235985284070565,0.041833405237398716,0.006275010785609807,,0.0072848577189977975,0.21085858139529037,0.01309570312500008,0.0069628906249999956,1.425723607597474e-06,1.7727827693368072e-18,-25.461742764100865,True,True,True,validated,-0.012914806885523093,distance_to_blumen_ci_plus_previous,0,500.0
M1.50_anchor0.125,0.125,0.15,1.5,right,1,0.125,0.3492641497157056,0.04879629586239871,,0.03454854751840092,False,True,False,previous_cr_blend_ci,0.3492641497157056,0.041672421690399815,0.015,0.008,0.015,0.008,0,0.36235985284070565,0.041833880023733144,0.006275082003559971,,0.007285332505332226,0.21087232397981368,0.01309570312500008,0.006962415838665567,1.5205265330074593e-06,1.7684945472032594e-18,-25.46174854576223,True,True,True,validated,-0.01291479574812078,distance_to_blumen_ci_plus_previous,0,500.0
M1.50_anchor0.125,0.125,0.15,1.5,right,1,0.125,0.3492641497157056,0.04879629586239871,,0.03454854751840092,False,True,False,previous_cr_target_ci,0.3492641497157056,0.03454854751840092,0.03,0.015,0.03,0.015,0,0.36236961846570565,0.04182393814340092,0.006273590721510138,,0.007275390625000003,0.210584558471671,0.013105468750000071,0.00697235771899779,2.0355205480947193e-06,1.7764775724884016e-18,-25.46398071719105,True,True,True,validated,-0.012914763762179017,distance_to_blumen_ci_plus_previous,0,500.0
M1.50_anchor0.125,0.125,0.15,1.5,right,1,0.125,0.3492641497157056,0.04879629586239871,,0.03454854751840092,False,True,False,previous_cr_target_ci,0.3492641497157056,0.03454854751840092,0.03,0.008,0.03,0.008,0,0.36236961846570565,0.041824589185067595,0.0062736883777601395,,0.007276041666666677,0.2106034027274629,0.013105468750000071,0.006971706677331116,1.934539112592205e-06,1.7697662750116927e-18,-25.46398862388589,True,True,True,validated,-0.012914760049615344,distance_to_blumen_ci_plus_previous,0,500.0
M1.50_anchor0.125,0.125,0.15,1.5,right,1,0.125,0.3492641497157056,0.04879629586239871,,0.03454854751840092,False,True,False,previous_cr_blend_ci,0.3492641497157056,0.041672421690399815,0.015,0.015,0.015,0.015,0,0.36235985284070565,0.04183843731539981,0.0062757655973099714,,0.007289889796998891,0.21100423377035518,0.01309570312500008,0.006957858546998902,2.5426200379295744e-06,1.7720016180849382e-18,-25.461804047217733,True,True,True,validated,-0.012914683194456926,distance_to_blumen_ci_plus_previous,0,500.0
M1.50_anchor0.125,0.125,0.15,1.5,right,1,0.125,0.3492641497157056,0.04879629586239871,,0.03454854751840092,False,True,False,previous,0.3492641497157056,0.04879629586239871,0.03,0.008,0.03,0.008,0,0.36236961846570565,0.04183275419573204,0.006274913129359806,,0.007284206677331123,0.2108397371394985,0.013105468750000071,0.00696354166666667,1.8262479171753371e-06,1.7684542409652722e-18,-25.464087805573097,True,True,True,validated,-0.01291465544209277,distance_to_blumen_ci_plus_previous,0,500.0
M1.50_anchor0.125,0.125,0.15,1.5,right,1,0.125,0.3492641497157056,0.04879629586239871,,0.03454854751840092,False,True,False,previous,0.3492641497157056,0.04879629586239871,0.03,0.015,0.03,0.015,0,0.36236961846570565,0.041833405237398716,0.006275010785609807,,0.0072848577189977975,0.21085858139529037,0.013105468750000071,0.0069628906249999956,1.9160145987271974e-06,1.7747577726330983e-18,-25.464095715164138,True,True,True,validated,-0.012914642170035372,distance_to_blumen_ci_plus_previous,0,500.0
M1.50_anchor0.125,0.125,0.15,1.5,right,1,0.125,0.3492641497157056,0.04879629586239871,,0.03454854751840092,False,True,False,previous_cr_blend_ci,0.3492641497157056,0.041672421690399815,0.03,0.008,0.03,0.008,0,0.36236961846570565,0.041833880023733144,0.006275082003559971,,0.007285332505332226,0.21087232397981368,0.013105468750000071,0.006962415838665567,1.9875621960263486e-06,1.768173291194761e-18,-25.464101483654115,True,True,True,validated,-0.012914632185903129,distance_to_blumen_ci_plus_previous,0,500.0
M1.50_anchor0.125,0.125,0.15,1.5,right,1,0.125,0.3492641497157056,0.04879629586239871,,0.03454854751840092,False,True,False,previous_cr_blend_ci,0.3492641497157056,0.041672421690399815,0.03,0.015,0.03,0.015,0,0.36236961846570565,0.04183843731539981,0.0062757655973099714,,0.007289889796998891,0.21100423377035518,0.013105468750000071,0.006957858546998902,2.846579591962291e-06,1.768247401893964e-18,-25.46415685893244,True,True,True,validated,-0.012914527694827774,distance_to_blumen_ci_plus_previous,0,500.0
M1.50_anchor0.125,0.125,0.175,1.5,right,2,0.15,0.36235985284070565,0.04182393814340092,,0.028730245560297945,False,True,False,previous,0.36235985284070565,0.04182393814340092,0.03,0.015,0.07680000000000001,0.038400000000000004,2,0.37335594659070565,0.034021203768400926,0.005953710659470162,,0.005290958208102981,0.1841598672381174,0.010996093749999991,0.007802734374999995,3.0384478889872568e-06,4.4047526524303295,-29.99999281439142,True,False,False,spectral_only,0.036838940688639715,distance_to_blumen_ci_plus_previous,0,500.0
M1.50_anchor0.125,0.125,0.175,1.5,right,2,0.15,0.36235985284070565,0.04182393814340092,,0.028730245560297945,False,True,False,previous_cr_blend_ci,0.36235985284070565,0.035277091851849435,0.03,0.015,0.07680000000000001,0.038400000000000004,2,0.37335594659070565,0.03401732622684943,0.00595303208969865,,0.005287080666551484,0.18402490349256362,0.010996093749999991,0.0078066119165514924,2.2857860382833822e-06,4.405227513021722,-29.99999281439142,True,False,False,spectral_only,0.03683934853459504,distance_to_blumen_ci_plus_previous,0,500.0
M1.50_anchor0.125,0.125,0.175,1.5,right,2,0.15,0.36235985284070565,0.04182393814340092,,0.028730245560297945,False,True,False,previous_cr_target_ci,0.36235985284070565,0.028730245560297945,0.03,0.008,0.07680000000000001,0.02048,2,0.37335594659070565,0.03401670389363128,0.005952923181385474,,0.0052864583333333375,0.1840032422360721,0.010996093749999991,0.007807234249769639,2.2002064929176843e-06,4.405303740059076,-29.99999281439142,True,False,False,spectral_only,0.03683941576972011,distance_to_blumen_ci_plus_previous,0,500.0
M1.50_anchor0.125,0.125,0.175,1.5,right,2,0.15,0.36235985284070565,0.04182393814340092,,0.028730245560297945,False,True,False,previous,0.36235985284070565,0.04182393814340092,0.03,0.008,0.07680000000000001,0.02048,2,0.37335594659070565,0.03401664647673425,0.005952913133428493,,0.005286400916436302,0.1840012437534307,0.010996093749999991,0.007807291666666674,2.1929665205340294e-06,4.405310772198914,-29.99999281439142,True,False,False,spectral_only,0.03683942200508039,distance_to_blumen_ci_plus_previous,0,500.0
M1.50_anchor0.125,0.125,0.175,1.5,right,2,0.15,0.36235985284070565,0.04182393814340092,,0.028730245560297945,False,True,False,previous_cr_target_ci,0.36235985284070565,0.028730245560297945,0.03,0.015,0.07680000000000001,0.038400000000000004,2,0.37335594659070565,0.034013448685297945,0.00595235351992714,,0.005283203125,0.18388993974701032,0.010996093749999991,0.007810489458102976,2.0003516014574148e-06,4.405702509197107,-29.99999281439142,True,False,False,spectral_only,0.03683977990659541,distance_to_blumen_ci_plus_previous,0,500.0
M1.50_anchor0.125,0.125,0.175,1.5,right,2,0.15,0.36235985284070565,0.04182393814340092,,0.028730245560297945,False,True,False,previous_cr_blend_ci,0.36235985284070565,0.035277091851849435,0.03,0.008,0.07680000000000001,0.02048,2,0.37335594659070565,0.03401146685184944,0.005952006699073652,,0.005281221291551497,0.18382095901225318,0.010996093749999991,0.007812471291551479,2.1097959906152087e-06,4.405945335238507,-29.99999281439142,True,False,False,spectral_only,0.03684001321387101,distance_to_blumen_ci_plus_previous,0,500.0
M1.50_anchor0.125,0.125,0.175,1.5,right,2,0.15,0.36235985284070565,0.04182393814340092,,0.028730245560297945,False,True,False,previous,0.36235985284070565,0.04182393814340092,0.015,0.015,0.038400000000000004,0.038400000000000004,2,0.37336571221570564,0.034021203768400926,0.005953710659470162,,0.005290958208102981,0.1841598672381174,0.011005859374999982,0.007802734374999995,2.486173572456795e-06,4.41673524306209,-29.99999281439142,True,False,False,spectral_only,0.03685100088014029,distance_to_blumen_ci_plus_previous,0,500.0
M1.50_anchor0.125,0.125,0.175,1.5,right,2,0.15,0.36235985284070565,0.04182393814340092,,0.028730245560297945,False,True,False,previous_cr_blend_ci,0.36235985284070565,0.035277091851849435,0.015,0.015,0.038400000000000004,0.038400000000000004,2,0.37336571221570564,0.03401732622684943,0.00595303208969865,,0.005287080666551484,0.18402490349256362,0.011005859374999982,0.0078066119165514924,1.474438165828379e-06,4.417211190060057,-29.99999281439142,True,False,False,spectral_only,0.03685139680676228,distance_to_blumen_ci_plus_previous,0,500.0
M1.50_anchor0.125,0.125,0.175,1.5,right,2,0.15,0.36235985284070565,0.04182393814340092,,0.028730245560297945,False,True,False,previous_cr_target_ci,0.36235985284070565,0.028730245560297945,0.015,0.008,0.038400000000000004,0.02048,2,0.37336571221570564,0.034016703893631275,0.005952923181385473,,0.0052864583333333305,0.18400324223607184,0.011005859374999982,0.007807234249769646,1.3379383199429888e-06,4.41728759049678,-29.99999281439142,True,False,False,spectral_only,0.036851461660920654,distance_to_blumen_ci_plus_previous,0,500.0
M1.50_anchor0.125,0.125,0.175,1.5,right,2,0.15,0.36235985284070565,0.04182393814340092,,0.028730245560297945,False,True,False,previous,0.36235985284070565,0.04182393814340092,0.015,0.008,0.038400000000000004,0.02048,2,0.37336571221570564,0.03401664647673425,0.005952913133428493,,0.005286400916436302,0.1840012437534307,0.011005859374999982,0.007807291666666674,1.325999224444139e-06,4.417294638630148,-29.99999281439142,True,False,False,spectral_only,0.036851467676547914,distance_to_blumen_ci_plus_previous,0,500.0
M1.50_anchor0.125,0.125,0.175,1.5,right,2,0.15,0.36235985284070565,0.04182393814340092,,0.028730245560297945,False,True,False,previous_cr_target_ci,0.36235985284070565,0.028730245560297945,0.015,0.015,0.038400000000000004,0.038400000000000004,2,0.37336571221570564,0.034013448685297945,0.00595235351992714,,0.005283203125,0.18388993974701032,0.011005859374999982,0.007810489458102976,9.749805699052914e-07,4.417687271248389,-29.99999281439142,True,False,False,spectral_only,0.03685181851060691,distance_to_blumen_ci_plus_previous,0,500.0
M1.50_anchor0.125,0.125,0.175,1.5,right,2,0.15,0.36235985284070565,0.04182393814340092,,0.028730245560297945,False,True,False,previous_cr_blend_ci,0.36235985284070565,0.035277091851849435,0.015,0.008,0.038400000000000004,0.02048,2,0.37336571221570564,0.03401146685184944,0.005952006699073652,,0.005281221291551497,0.18382095901225318,0.011005859374999982,0.007812471291551479,1.1833642212433988e-06,4.417930651203822,-29.99999281439142,True,False,False,spectral_only,0.0368520572921965,distance_to_blumen_ci_plus_previous,0,500.0
M1.50_anchor0.125,0.125,0.2,1.5,right,3,0.175,0.37335594659070565,0.034021203768400926,,0.022620687388984446,False,True,False,previous,0.37335594659070565,0.034021203768400926,0.03,0.015,0.07680000000000001,0.038400000000000004,2,0.38276219659070565,0.02563057876840093,0.0051261157536801865,,0.003009891379416485,0.13305923589582014,0.009406250000000005,0.008390624999999995,8.159088866919958e-06,92.11708971710375,-29.99999281439142,True,False,False,spectral_only,0.11775990579045421,distance_to_blumen_ci_plus_previous,0,500.0
M1.50_anchor0.125,0.125,0.2,1.5,right,3,0.175,0.37335594659070565,0.034021203768400926,,0.022620687388984446,False,True,False,previous,0.37335594659070565,0.034021203768400926,0.03,0.008,0.07680000000000001,0.02048,2,0.38276219659070565,0.025629537101734257,0.005125907420346852,,0.0030088497127498115,0.13301318660258862,0.009406250000000005,0.008391666666666669,8.111201355172515e-06,92.11866213901226,-29.99999281439142,True,False,False,spectral_only,0.11776147081622744,distance_to_blumen_ci_plus_previous,0,500.0
M1.50_anchor0.125,0.125,0.2,1.5,right,3,0.175,0.37335594659070565,0.034021203768400926,,0.022620687388984446,False,True,False,previous_cr_blend_ci,0.37335594659070565,0.028320945578692684,0.03,0.008,0.07680000000000001,0.02048,2,0.38276219659070565,0.02562927891202602,0.005125855782405204,,0.0030085915230415733,0.13300177272714805,0.009406250000000005,0.008391924856374907,8.101849061786464e-06,92.11905188753114,-29.99999281439142,True,False,False,spectral_only,0.11776185885757658,distance_to_blumen_ci_plus_previous,0,500.0
M1.50_anchor0.125,0.125,0.2,1.5,right,3,0.175,0.37335594659070565,0.034021203768400926,,0.022620687388984446,False,True,False,previous_cr_target_ci,0.37335594659070565,0.022620687388984446,0.03,0.008,0.07680000000000001,0.02048,2,0.38276219659070565,0.02562902072231778,0.005125804144463557,,0.003008333333333335,0.13299035885170746,0.009406250000000005,0.008392183046083145,8.093506280594922e-06,92.11944164937601,-29.99999281439142,True,False,False,spectral_only,0.11776224696280345,distance_to_blumen_ci_plus_previous,0,500.0
M1.50_anchor0.125,0.125,0.2,1.5,right,3,0.175,0.37335594659070565,0.034021203768400926,,0.022620687388984446,False,True,False,previous_cr_blend_ci,0.37335594659070565,0.028320945578692684,0.03,0.015,0.07680000000000001,0.038400000000000004,2,0.38276219659070565,0.02561782057869268,0.0051235641157385365,,0.0029971331897082343,0.13249523050160458,0.009406250000000005,0.008403383189708246,8.690025865627162e-06,92.13635325463729,-29.99999281439142,True,False,False,spectral_only,0.11777913469923489,distance_to_blumen_ci_plus_previous,0,500.0
M1.50_anchor0.125,0.125,0.2,1.5,right,3,0.175,0.37335594659070565,0.034021203768400926,,0.022620687388984446,False,True,False,previous_cr_target_ci,0.37335594659070565,0.022620687388984446,0.03,0.015,0.07680000000000001,0.038400000000000004,2,0.38276219659070565,0.025616718180481373,0.005123343636096275,,0.0029960307914969272,0.13244649642945416,0.009406250000000005,0.008404485587919553,8.841917767290939e-06,92.1380182492371,-29.99999281439142,True,False,False,spectral_only,0.11778080201112516,distance_to_blumen_ci_plus_previous,0,500.0
M1.50_anchor0.125,0.125,0.2,1.5,right,3,0.175,0.37335594659070565,0.034021203768400926,,0.022620687388984446,False,True,False,previous,0.37335594659070565,0.034021203768400926,0.015,0.015,0.038400000000000004,0.038400000000000004,2,0.38277782159070567,0.02563057876840093,0.0051261157536801865,,0.003009891379416485,0.13305923589582014,0.009421875000000024,0.008390624999999995,2.8546709997738755e-06,92.21726394199563,-29.99999281439142,True,False,False,spectral_only,0.11785994885355804,distance_to_blumen_ci_plus_previous,0,500.0
M1.50_anchor0.125,0.125,0.2,1.5,right,3,0.175,0.37335594659070565,0.034021203768400926,,0.022620687388984446,False,True,False,previous,0.37335594659070565,0.034021203768400926,0.015,0.008,0.038400000000000004,0.02048,2,0.38277782159070567,0.025629537101734257,0.005125907420346852,,0.0030088497127498115,0.13301318660258862,0.009421875000000024,0.008391666666666669,2.714746480011437e-06,92.2188378962342,-29.99999281439142,True,False,False,spectral_only,0.11786151079321001,distance_to_blumen_ci_plus_previous,0,500.0
M1.50_anchor0.125,0.125,0.2,1.5,right,3,0.175,0.37335594659070565,0.034021203768400926,,0.022620687388984446,False,True,False,previous_cr_blend_ci,0.37335594659070565,0.028320945578692684,0.015,0.008,0.038400000000000004,0.02048,2,0.38277782159070567,0.02562927891202602,0.005125855782405204,,0.0030085915230415733,0.13300177272714805,0.009421875000000024,0.008391924856374907,2.686670718738796e-06,92.21922803029562,-29.99999281439142,True,False,False,spectral_only,0.11786189827981418,distance_to_blumen_ci_plus_previous,0,500.0
M1.50_anchor0.125,0.125,0.2,1.5,right,3,0.175,0.37335594659070565,0.034021203768400926,,0.022620687388984446,False,True,False,previous_cr_target_ci,0.37335594659070565,0.022620687388984446,0.015,0.008,0.038400000000000004,0.02048,2,0.38277782159070567,0.02562902072231778,0.005125804144463557,,0.003008333333333335,0.13299035885170746,0.009421875000000024,0.008392183046083145,2.6613962041502935e-06,92.21961816799251,-29.99999281439142,True,False,False,spectral_only,0.11786228591019256,distance_to_blumen_ci_plus_previous,0,500.0
M1.50_anchor0.125,0.125,0.2,1.5,right,3,0.175,0.37335594659070565,0.034021203768400926,,0.022620687388984446,False,True,False,previous_cr_blend_ci,0.37335594659070565,0.028320945578692684,0.015,0.015,0.038400000000000004,0.038400000000000004,2,0.3827797747157056,0.025635398703692688,0.005127079740738538,,0.003014711314708242,0.13327231232488143,0.009423828124999978,0.008385805064708238,3.491815897686097e-06,92.22250579936053,-29.99999281439142,True,False,False,spectral_only,0.11786526258762876,distance_to_blumen_ci_plus_previous,0,500.0
M1.50_anchor0.125,0.125,0.2,1.5,right,3,0.175,0.37335594659070565,0.034021203768400926,,0.022620687388984446,False,True,False,previous_cr_target_ci,0.37335594659070565,0.022620687388984446,0.015,0.015,0.038400000000000004,0.038400000000000004,2,0.38277782159070567,0.025616718180481373,0.005123343636096275,,0.0029960307914969272,0.13244649642945416,0.009421875000000024,0.008404485587919553,4.44441109331386e-06,92.2382128713659,-29.99999281439142,True,False,False,spectral_only,0.11788091059646684,distance_to_blumen_ci_plus_previous,0,500.0
M1.50_anchor0.125,0.125,0.225,1.5,right,4,0.2,0.38276219659070565,0.02563057876840093,,0.01651112921767095,False,True,False,previous_cr_target_ci,0.38276219659070565,0.01651112921767095,0.03,0.008,0.07680000000000001,0.02048,2,0.3909809465907057,0.01685279588433761,0.0037918790739759622,,0.00034166666666666026,0.020693113242732864,0.008218750000000052,0.00877778288406332,6.360509940773519e-06,322.36111363209915,-29.99999281439142,True,False,False,spectral_only,0.3388686761611479,distance_to_blumen_ci_plus_previous,0,500.0
M1.50_anchor0.125,0.125,0.225,1.5,right,4,0.2,0.38276219659070565,0.02563057876840093,,0.01651112921767095,False,True,False,previous_cr_target_ci,0.38276219659070565,0.01651112921767095,0.03,0.015,0.07680000000000001,0.038400000000000004,2,0.3909809465907057,0.016845887856150748,0.0037903247676339185,,0.0003347586384797978,0.020274727068426313,0.008218750000000052,0.008784690912250183,5.684996162051846e-06,322.39384361680396,-29.99999281439142,True,False,False,spectral_only,0.3389013492338208,distance_to_blumen_ci_plus_previous,0,500.0
M1.50_anchor0.125,0.125,0.225,1.5,right,4,0.2,0.38276219659070565,0.02563057876840093,,0.01651112921767095,False,True,False,previous_cr_blend_ci,0.38276219659070565,0.02107085399303594,0.03,0.008,0.07680000000000001,0.02048,2,0.3909809465907057,0.016845853993035943,0.003790317148433087,,0.0003347247753649925,0.020272676141784116,0.008218750000000052,0.008784724775364988,5.684721506804383e-06,322.3940040744177,-29.99999281439142,True,False,False,spectral_only,0.3389015095643771,distance_to_blumen_ci_plus_previous,0,500.0
M1.50_anchor0.125,0.125,0.225,1.5,right,4,0.2,0.38276219659070565,0.02563057876840093,,0.01651112921767095,False,True,False,previous,0.38276219659070565,0.02563057876840093,0.03,0.015,0.07680000000000001,0.038400000000000004,2,0.39098485284070567,0.01685128189340093,0.003791538426015209,,0.00034015267572997873,0.020601418064485382,0.008222656250000016,0.008779296875000002,4.712826643032582e-06,322.41964181319474,-29.99999281439142,True,False,False,spectral_only,0.33892714486518655,distance_to_blumen_ci_plus_previous,0,500.0
M1.50_anchor0.125,0.125,0.225,1.5,right,4,0.2,0.38276219659070565,0.02563057876840093,,0.01651112921767095,False,True,False,previous,0.38276219659070565,0.02563057876840093,0.03,0.008,0.07680000000000001,0.02048,2,0.3909809465907057,0.01683891210173426,0.003788755222890209,,0.0003277828840633108,0.019852239040834524,0.008218750000000052,0.00879166666666667,6.2665477191088734e-06,322.4269017931301,-29.99999281439142,True,False,False,spectral_only,0.3389344131614023,distance_to_blumen_ci_plus_previous,0,500.0
M1.50_anchor0.125,0.125,0.225,1.5,right,4,0.2,0.38276219659070565,0.02563057876840093,,0.01651112921767095,False,True,False,previous_cr_blend_ci,0.38276219659070565,0.02107085399303594,0.015,0.015,0.038400000000000004,0.038400000000000004,2,0.3909871965907056,0.016856032035143936,0.0037926072079073857,,0.00034490281747298623,0.02088911139426223,0.008224999999999927,0.008774546733256994,5.235418090569246e-06,322.4279490496442,-29.99999281439142,True,False,False,spectral_only,0.3389355109750855,distance_to_blumen_ci_plus_previous,0,500.0
M1.50_anchor0.125,0.125,0.225,1.5,right,4,0.2,0.38276219659070565,0.02563057876840093,,0.01651112921767095,False,True,False,previous_cr_target_ci,0.38276219659070565,0.01651112921767095,0.015,0.015,0.038400000000000004,0.038400000000000004,2,0.3909871965907056,0.01685379242688574,0.003792103296049292,,0.0003426632092147913,0.020753469050927044,0.008224999999999927,0.00877678634151519,4.567782759145695e-06,322.4385603682278,-29.99999281439142,True,False,False,spectral_only,0.33894608139008964,distance_to_blumen_ci_plus_previous,0,500.0
M1.50_anchor0.125,0.125,0.225,1.5,right,4,0.2,0.38276219659070565,0.02563057876840093,,0.01651112921767095,False,True,False,previous,0.38276219659070565,0.02563057876840093,0.015,0.015,0.038400000000000004,0.038400000000000004,2,0.3909871965907056,0.016852641897318603,0.003791844426896686,,0.0003415126796476528,0.020683786986667795,0.008224999999999927,0.008777936871082328,4.25595041893961e-06,322.44401190501554,-29.99999281439142,True,False,False,spectral_only,0.33895151347265184,distance_to_blumen_ci_plus_previous,0,500.0
M1.50_anchor0.125,0.125,0.225,1.5,right,4,0.2,0.38276219659070565,0.02563057876840093,,0.01651112921767095,False,True,False,previous_cr_target_ci,0.38276219659070565,0.01651112921767095,0.015,0.008,0.038400000000000004,0.02048,2,0.3909871965907056,0.01685231942013378,0.0037917718695301005,,0.0003411902024628294,0.02066425608841292,0.008224999999999927,0.008778259348267151,4.17328169222694e-06,322.44553992967576,-29.99999281439142,True,False,False,spectral_only,0.3389530362814226,distance_to_blumen_ci_plus_previous,0,500.0
M1.50_anchor0.125,0.125,0.225,1.5,right,4,0.2,0.38276219659070565,0.02563057876840093,,0.01651112921767095,False,True,False,previous_cr_blend_ci,0.38276219659070565,0.02107085399303594,0.03,0.015,0.07680000000000001,0.038400000000000004,2,0.3909809465907057,0.016832319698580747,0.003787271932180668,,0.00032119048090979707,0.01945296876279332,0.008218750000000052,0.008798259069820184,7.736064830167598e-06,322.45815005105,-29.99999281439142,True,False,False,spectral_only,0.3389657128847018,distance_to_blumen_ci_plus_previous,0,500.0
M1.50_anchor0.125,0.125,0.225,1.5,right,4,0.2,0.38276219659070565,0.02563057876840093,,0.01651112921767095,False,True,False,previous_cr_blend_ci,0.38276219659070565,0.02107085399303594,0.015,0.008,0.038400000000000004,0.02048,2,0.3909871965907056,0.016844187326369272,0.0037899421484330863,,0.00033305810869832184,0.02017173412596566,0.008224999999999927,0.008786391442031659,3.2572800287453794e-06,322.48407821874986,-29.99999281439142,True,False,False,spectral_only,0.3389915014997984,distance_to_blumen_ci_plus_previous,0,500.0
M1.50_anchor0.125,0.125,0.225,1.5,right,4,0.2,0.38276219659070565,0.02563057876840093,,0.01651112921767095,False,True,False,previous,0.38276219659070565,0.02563057876840093,0.015,0.008,0.038400000000000004,0.02048,2,0.3909871965907056,0.01684391210173426,0.0037898802228902083,,0.0003327828840633089,0.02015506508828904,0.008224999999999927,0.008786666666666672,3.2774764428990495e-06,322.48538269319863,-29.99999281439142,True,False,False,spectral_only,0.3389928060619963,distance_to_blumen_ci_plus_previous,0,500.0
M1.50_anchor0.125,0.125,0.25,1.5,right,5,0.225,0.3909809465907057,0.01685279588433761,,0.010401571046357458,False,True,False,previous,0.3909809465907057,0.01685279588433761,0.03,0.008,0.07680000000000001,0.02048,2,0.3982309465907058,0.00779623222218567,0.0019490580555464175,,0.0026053388241717877,0.25047551110888727,0.00725000000000009,0.009056563662151941,1.1204926021055282e-05,736.4011270761503,-29.99999281439142,True,False,False,spectral_only,0.7630715081373955,distance_to_blumen_ci_plus_previous,0,500.0
M1.50_anchor0.125,0.125,0.25,1.5,right,5,0.225,0.3909809465907057,0.01685279588433761,,0.010401571046357458,False,True,False,previous_cr_blend_ci,0.3909809465907057,0.013627183465347534,0.03,0.008,0.07680000000000001,0.02048,2,0.3982309465907058,0.007793682457166841,0.0019484206142917104,,0.0026078885891906165,0.2507206437919661,0.00725000000000009,0.009059113427170768,1.108808906023644e-05,736.4268655879899,-29.99999281439142,True,False,False,spectral_only,0.7631176326799274,distance_to_blumen_ci_plus_previous,0,500.0
M1.50_anchor0.125,0.125,0.25,1.5,right,5,0.225,0.3909809465907057,0.01685279588433761,,0.010401571046357458,False,True,False,previous_cr_blend_ci,0.3909809465907057,0.013627183465347534,0.03,0.015,0.07680000000000001,0.038400000000000004,2,0.3982309465907058,0.0077932709750639624,0.0019483177437659906,,0.0026083000712934954,0.25076020340282157,0.00725000000000009,0.009059524909273649,1.1079636174031376e-05,736.4310194378436,-29.99999281439142,True,False,False,spectral_only,0.763125076956047,distance_to_blumen_ci_plus_previous,0,500.0
M1.50_anchor0.125,0.125,0.25,1.5,right,5,0.225,0.3909809465907057,0.01685279588433761,,0.010401571046357458,False,True,False,previous_cr_target_ci,0.3909809465907057,0.010401571046357458,0.03,0.015,0.07680000000000001,0.038400000000000004,2,0.3982309465907058,0.0077923625928057495,0.0019480906482014374,,0.0026092084535517084,0.2508475346582794,0.00725000000000009,0.00906043329153186,1.1071303287572327e-05,736.4401895847724,-29.99999281439142,True,False,False,spectral_only,0.763141511519667,distance_to_blumen_ci_plus_previous,0,500.0
M1.50_anchor0.125,0.125,0.25,1.5,right,5,0.225,0.3909809465907057,0.01685279588433761,,0.010401571046357458,False,True,False,previous,0.3909809465907057,0.01685279588433761,0.03,0.015,0.07680000000000001,0.038400000000000004,2,0.3982309465907058,0.007785425985744576,0.001946356496436144,,0.002616145060612882,0.25151441536603586,0.00725000000000009,0.009067369898593036,1.1470352995335182e-05,736.5102217145195,-29.99999281439142,True,False,False,spectral_only,0.763267039484543,distance_to_blumen_ci_plus_previous,0,500.0
M1.50_anchor0.125,0.125,0.25,1.5,right,5,0.225,0.3909809465907057,0.01685279588433761,,0.010401571046357458,False,True,False,previous_cr_target_ci,0.3909809465907057,0.010401571046357458,0.03,0.008,0.07680000000000001,0.02048,2,0.3982309465907058,0.007785372718931046,0.0019463431797327616,,0.0026161983274264116,0.2515195364014345,0.00725000000000009,0.009067423165406565,1.1476459556963532e-05,736.5107595280784,-29.99999281439142,True,False,False,spectral_only,0.7632680036076949,distance_to_blumen_ci_plus_previous,0,500.0
M1.50_anchor0.125,0.125,0.25,1.5,right,5,0.225,0.3909809465907057,0.01685279588433761,,0.010401571046357458,False,True,False,previous_cr_target_ci,0.3909809465907057,0.010401571046357458,0.015,0.015,0.038400000000000004,0.038400000000000004,2,0.3982465715907057,0.007793288558248789,0.0019483221395621972,,0.002608282488108669,0.25075851296733365,0.007265624999999998,0.00905950732608882,4.261714482562986e-06,736.7617243932875,-29.99999281439142,True,False,False,spectral_only,0.763455396172085,distance_to_blumen_ci_plus_previous,0,500.0
M1.50_anchor0.125,0.125,0.25,1.5,right,5,0.225,0.3909809465907057,0.01685279588433761,,0.010401571046357458,False,True,False,previous_cr_target_ci,0.3909809465907057,0.010401571046357458,0.015,0.008,0.038400000000000004,0.02048,2,0.3982465715907057,0.007793003639460834,0.0019482509098652085,,0.002608567406896624,0.25078590486675784,0.007265624999999998,0.009059792244876776,4.25069079381931e-06,736.7646014085018,-29.99999281439142,True,False,False,spectral_only,0.7634605512855611,distance_to_blumen_ci_plus_previous,0,500.0
M1.50_anchor0.125,0.125,0.25,1.5,right,5,0.225,0.3909809465907057,0.01685279588433761,,0.010401571046357458,False,True,False,previous,0.3909809465907057,0.01685279588433761,0.015,0.008,0.038400000000000004,0.02048,2,0.3982465715907057,0.007792215030967816,0.001948053757741954,,0.002609356015389642,0.2508617211534998,0.007265624999999998,0.009060580853369794,4.2391820567231325e-06,736.7725646118832,-29.99999281439142,True,False,False,spectral_only,0.7634748208418214,distance_to_blumen_ci_plus_previous,0,500.0
M1.50_anchor0.125,0.125,0.25,1.5,right,5,0.225,0.3909809465907057,0.01685279588433761,,0.010401571046357458,False,True,False,previous_cr_blend_ci,0.3909809465907057,0.013627183465347534,0.015,0.008,0.038400000000000004,0.02048,2,0.3982465715907057,0.0077855167986808655,0.0019463791996702164,,0.0026160542476765924,0.25150568467180856,0.007265624999999998,0.009067279085656745,5.16977667108405e-06,736.8402084250107,-29.99999281439142,True,False,False,spectral_only,0.7635960805818747,distance_to_blumen_ci_plus_previous,0,500.0
M1.50_anchor0.125,0.125,0.25,1.5,right,5,0.225,0.3909809465907057,0.01685279588433761,,0.010401571046357458,False,True,False,previous_cr_blend_ci,0.3909809465907057,0.013627183465347534,0.015,0.015,0.038400000000000004,0.038400000000000004,2,0.3982465715907057,0.007783788541570181,0.0019459471353925452,,0.002617782504787277,0.2516718381406434,0.007265624999999998,0.00906900734276743,5.63643970555789e-06,736.8576635430009,-29.99999281439142,True,False,False,spectral_only,0.7636273808466025,distance_to_blumen_ci_plus_previous,0,500.0
M1.50_anchor0.125,0.125,0.25,1.5,right,5,0.225,0.3909809465907057,0.01685279588433761,,0.010401571046357458,False,True,False,previous,0.3909809465907057,0.01685279588433761,0.015,0.015,0.038400000000000004,0.038400000000000004,2,0.3982465715907057,0.0077809468805441,0.001945236720136025,,0.002620624165813358,0.25194503350828706,0.007265624999999998,0.00907184900379351,6.5225533521969345e-06,736.8863655127628,-29.99999281439142,True,False,False,spectral_only,0.7636788534367851,distance_to_blumen_ci_plus_previous,0,500.0
