Mach,alpha,cr,ci,omega_i,stage1_mismatch,cr_box_min,cr_box_max,ci_box_min,ci_box_max,status,exception,ln_p_start_right_exact_600,stage2_mismatch_exact_600,y_limit_600,amplitude_status_600,ln_p_start_right_exact_1200,stage2_mismatch_exact_1200,y_limit_1200,amplitude_status_1200,p_edge_frac,p_center_jump,p_adjacent_jump,p_left_right_energy_ratio,rho_edge_frac,rho_center_jump,rho_adjacent_jump,rho_left_right_energy_ratio,u_edge_frac,u_center_jump,u_adjacent_jump,u_left_right_energy_ratio,v_edge_frac,v_center_jump,v_adjacent_jump,v_left_right_energy_ratio,all_finite,max_edge_frac,max_center_jump,max_adjacent_jump,max_left_right_energy_ratio,p_ylimit_rel_l2,rho_ylimit_rel_l2,u_ylimit_rel_l2,v_ylimit_rel_l2,max_ylimit_rel_l2,reject_reasons,source_file
1.8,0.01,0.7615399999999999,2.148628e-05,2.148628e-07,5.257895737541698e-10,0.6,0.85,1e-05,0.002,rejected,,-10.402951475715216,7.58924445577347e-19,600.0,exact_log_amplitude_match,-15.821883980924374,1.862383885224327e-19,1200.0,exact_log_amplitude_match,0.9760435787565144,0.0234589868474981,1.9402815979513264,20.98989108665125,0.9760435787565142,0.0234589868474979,1.9402815979513264,20.989891086651248,0.0003688317636947,1.002220286045619,1.002220126117953,238.65987236802,0.1458581122854054,1.0004713091660324,1.0030859257116844,4.2086295615359495,True,0.9760435787565144,1.002220286045619,1.9402815979513264,238.65987236802,0.0077066252142971,0.0077066252142972,0.0424177982114526,0.0472324333057727,0.0472324333057727,edge_not_decayed;center_jump_too_large;adjacent_jump_too_large,assets/classic_supersonic/scan_M18_M19_alpha_0_03_strict/point_results/M1.80_alpha0.01000_candidates.csv
1.8,0.01,0.7615399999999999,0.001,1e-05,1.5888127933820325e-07,0.6,0.85,0.001,0.008,rejected,,-10.391826223551286,4.552204889273947e-19,600.0,exact_log_amplitude_match,-15.799635629298535,2.734717268256613e-19,1200.0,exact_log_amplitude_match,0.953840328435306,0.024177617979584,1.9114503784854404,20.52921123332193,0.953840328435306,0.024177617979584,1.911450378485441,20.52921123332193,0.0003498444156697,0.9985527605920168,0.9985527111268536,252.76461990338476,0.1383457337528131,0.996765332003442,0.9993804833026736,4.104750940909442,True,0.953840328435306,0.9985527605920168,1.911450378485441,252.76461990338476,0.007498722823985,0.007498722823985,6.73571212421895e-07,0.0039364752345282,0.007498722823985,edge_not_decayed;center_jump_too_large;adjacent_jump_too_large,assets/classic_supersonic/scan_M18_M19_alpha_0_03_strict/point_results/M1.80_alpha0.01000_candidates.csv
1.8,0.01,0.399356,0.007752816,7.752816000000002e-05,3.3069366554689345e-07,0.2,0.45,0.001,0.008,rejected,,-5.127985716608949,3.2214181409804698e-22,600.0,exact_log_amplitude_match,-5.2562839115432745,1.84719046366437e-21,1200.0,exact_log_amplitude_match,0.8333125055660663,7.107905933754542e-06,1.71172722267162,1.257783890923051,0.8333125055660664,7.107905933659871e-06,1.7117272226716196,1.2577838909230508,0.009089099670876,0.0002527783134657,0.0103554422484275,1.14967054041057,0.8339088875233299,0.0027601989335737,1.712952265167129,7.233085656059773,True,0.8339088875233299,0.0027601989335737,1.712952265167129,7.233085656059773,0.0041204224762517,0.0041204224762517,6.978390388138382e-05,0.0060609823971133,0.0060609823971133,edge_not_decayed;adjacent_jump_too_large,assets/classic_supersonic/scan_M18_M19_alpha_0_03_strict/point_results/M1.80_alpha0.01000_candidates.csv
1.8,0.01,0.7615399999999999,0.005,5e-05,3.950148079368511e-06,0.6,0.85,0.005,0.02,rejected,,-10.346611153968034,7.258955189105967e-20,600.0,exact_log_amplitude_match,-15.7092139167758,3.97968409710193e-19,1200.0,exact_log_amplitude_match,0.8708945985892608,0.0241218919193086,1.80356453844458,18.7830486837018,0.8708945985892607,0.0241218919193084,1.8035645384445804,18.783048683701804,0.0003194899788056,0.9962196363539726,0.9962195833025872,253.8449265088801,0.1263399492012573,0.9944217934946016,0.9970376776061612,3.7564887008045584,True,0.8708945985892608,0.9962196363539726,1.8035645384445804,253.8449265088801,0.0072142087306396,0.0072142087306396,5.674644714364551e-07,0.0037864319073968,0.0072142087306396,edge_not_decayed;center_jump_too_large;adjacent_jump_too_large,assets/classic_supersonic/scan_M18_M19_alpha_0_03_strict/point_results/M1.80_alpha0.01000_candidates.csv
1.8,0.01,0.4,0.007754,7.754e-05,7.493235602887703e-06,0.4,0.65,0.005,0.02,rejected,,-5.129396398132439,3.266850502223885e-22,600.0,exact_log_amplitude_match,-5.259108856060555,1.872239944171288e-21,1200.0,exact_log_amplitude_match,0.8333022494487645,7.1421327391811465e-06,1.7120583987976583,1.260814618122377,0.8333022494487646,7.142132739232521e-06,1.7120583987976583,1.2608146181223767,0.0090764684453347,0.0048711691329716,0.010356554282319,1.1413092400740454,0.8338987551872991,0.0040582190505404,1.7132839477029504,7.342087233562501,True,0.8338987551872991,0.0048711691329716,1.7132839477029504,7.342087233562501,0.0041247900334431,0.0041247900334431,7.002268948883822e-05,0.0060732166988126,0.0060732166988126,edge_not_decayed;adjacent_jump_too_large,assets/classic_supersonic/scan_M18_M19_alpha_0_03_strict/point_results/M1.80_alpha0.01000_candidates.csv
1.8,0.01,0.76064,0.015,0.00015,3.507953255117178e-05,0.6,0.85,0.015,0.06,rejected,,-10.230821868886869,1.9483045265433075e-20,600.0,exact_log_amplitude_match,-15.477622271580124,4.550083776398273e-19,1200.0,exact_log_amplitude_match,0.6941528743019711,0.0233736103641571,1.5609951265029292,15.2176199173193,0.694152874301971,0.0233736103641572,1.5609951265029292,15.2176199173193,0.0002574213846677,0.9903424534902372,0.9903423738025052,250.5106538304608,0.1018447627116091,0.9885193284630028,0.9911394715472676,3.079757013651763,True,0.6941528743019711,0.9903424534902372,1.5609951265029292,250.5106538304608,0.0065439336602978,0.0065439336602978,5.617837456293928e-07,0.0034581565710468,0.0065439336602978,edge_not_decayed;center_jump_too_large;adjacent_jump_too_large,assets/classic_supersonic/scan_M18_M19_alpha_0_03_strict/point_results/M1.80_alpha0.01000_candidates.csv
1.8,0.02,0.7615399999999999,2.686724e-05,5.373448e-07,1.186613579558132e-09,0.6,0.85,1e-05,0.002,rejected,,-15.806202146364004,2.4791358257821112e-20,600.0,exact_log_amplitude_match,-26.64394468417428,9.37251270287721e-18,1200.0,exact_log_amplitude_match,0.9522273069572128,0.0468580945739344,1.902896442141797,40.71393515039421,0.9522273069572128,0.0468580945739341,1.902896442141797,40.71393515039421,0.000719501045032,0.9969762449806228,0.9969722193297906,212.64062565512305,0.1423919036815175,0.9960232809752292,0.9986360839797704,8.027365178057515,True,0.9522273069572128,0.9969762449806228,1.902896442141797,212.64062565512305,0.0260070963856738,0.0260070963856738,0.0066924970491793,0.0145629836414285,0.0260070963856738,edge_not_decayed;center_jump_too_large;adjacent_jump_too_large,assets/classic_supersonic/scan_M18_M19_alpha_0_03_strict/point_results/M1.80_alpha0.02000_candidates.csv
1.8,0.02,0.7615399999999999,0.001,2e-05,3.165703156739965e-07,0.6,0.85,0.001,0.008,rejected,,-15.784074072423504,8.291628782101005e-20,600.0,exact_log_amplitude_match,-26.59969288360555,7.616684474784019e-18,1200.0,exact_log_amplitude_match,0.9107843002961252,0.0470511050114679,1.865529286441952,38.963014159240174,0.910784300296125,0.047051105011468,1.865529286441952,38.96301415924019,0.0006849886114848,0.9958831378464676,0.9958791478654914,216.38232493078175,0.1355604225805122,0.9949159869195046,0.9975290575103384,7.675382273204539,True,0.9107843002961252,0.9958831378464676,1.865529286441952,216.38232493078175,0.0255236104869633,0.0255236104869633,9.347251467937538e-07,0.0134968971443102,0.0255236104869633,edge_not_decayed;center_jump_too_large;adjacent_jump_too_large,assets/classic_supersonic/scan_M18_M19_alpha_0_03_strict/point_results/M1.80_alpha0.02000_candidates.csv
1.8,0.02,0.405096,0.01402304,0.0002804608,3.2629219124104016e-07,0.4,0.65,0.005,0.02,rejected,,-5.5040807250978965,4.676184480907245e-21,600.0,exact_log_amplitude_match,-6.009351464016662,1.936272941185912e-20,1200.0,exact_log_amplitude_match,0.5173136115909763,1.4610862324886286e-05,1.4449125637268172,1.9172642114771972,0.5173136115909764,1.461086232486071e-05,1.444912563726817,1.9172642114771967,0.0062434520242071,0.0002087410041276,0.017438633101221,1.201874525594625,0.518453037393244,0.0026645173726476,1.448095102558664,11.946346348026568,True,0.518453037393244,0.0026645173726476,1.448095102558664,11.946346348026568,0.0123837457651651,0.0123837457651651,0.0004163665626486,0.0182984682585159,0.0182984682585159,edge_not_decayed;adjacent_jump_too_large,assets/classic_supersonic/scan_M18_M19_alpha_0_03_strict/point_results/M1.80_alpha0.02000_candidates.csv
1.8,0.02,0.4051559999999999,0.01402304,0.0002804608,1.1029688457595222e-06,0.2,0.45,0.005,0.02,rejected,,-5.504621125328988,4.679829349610946e-21,600.0,exact_log_amplitude_match,-6.010433617935833,1.9374101365611518e-20,1200.0,exact_log_amplitude_match,0.5173162835054917,1.4621058198400115e-05,1.4449180014555862,1.918352151657052,0.5173162835054919,1.462105819843967e-05,1.4449180014555865,1.918352151657051,0.00624415214878,0.000483910380484,0.0174405641795422,1.2010223950991958,0.5184557262721056,0.0027900724706967,1.4481005832099296,11.967742749569233,True,0.5184557262721056,0.0027900724706967,1.4481005832099296,11.967742749569233,0.0123849091834603,0.0123849091834603,0.0004164991397262,0.0183017279312732,0.0183017279312732,edge_not_decayed;adjacent_jump_too_large,assets/classic_supersonic/scan_M18_M19_alpha_0_03_strict/point_results/M1.80_alpha0.02000_candidates.csv
1.8,0.02,0.7615399999999999,0.005,0.0001,7.870965846207248e-06,0.6,0.85,0.005,0.02,rejected,,-15.693643657872794,1.8899212936267013e-19,600.0,exact_log_amplitude_match,-26.41884918339312,6.870648298854524e-18,1200.0,exact_log_amplitude_match,0.7592927677476399,0.0469117648841947,1.7212000538081518,32.75203645980786,0.7592927677476398,0.0469117648841948,1.7212000538081518,32.75203645980788,0.0005710772652047,0.9936162578443292,0.9936122665723788,223.06009656973575,0.1130149305578902,0.9926342101383552,0.995248026341702,6.452922319036555,True,0.7592927677476399,0.9936162578443292,1.7212000538081518,223.06009656973575,0.0236603612132135,0.0236603612132135,5.924828588645125e-07,0.0125047530262715,0.0236603612132135,edge_not_decayed;center_jump_too_large;adjacent_jump_too_large,assets/classic_supersonic/scan_M18_M19_alpha_0_03_strict/point_results/M1.80_alpha0.02000_candidates.csv
1.8,0.02,0.405096,0.015,0.0003,2.3233023232472508e-05,0.4,0.65,0.015,0.06,rejected,,-5.53744332045401,5.2781995313182976e-21,600.0,exact_log_amplitude_match,-6.076189466073054,2.0792419058733183e-20,1200.0,exact_log_amplitude_match,0.4940834476279216,1.740139862112301e-05,1.4125470203353288,1.9599950415808407,0.4940834476279216,1.740139862103155e-05,1.4125470203353292,1.959995041580841,0.0059443180574081,0.0079062932564058,0.016994353484678,1.191961331246827,0.4952512942547212,0.0026562948396154,1.4158858050706111,12.117520090884058,True,0.4952512942547212,0.0079062932564058,1.4158858050706111,12.117520090884058,0.0121535979796166,0.0121535979796166,0.0004076416622869,0.0179467733847358,0.0179467733847358,edge_not_decayed;adjacent_jump_too_large,assets/classic_supersonic/scan_M18_M19_alpha_0_03_strict/point_results/M1.80_alpha0.02000_candidates.csv
1.8,0.03,0.7615399999999999,2.686724e-05,8.060172e-07,1.752511706233394e-09,0.6,0.85,1e-05,0.002,rejected,,-21.20993008436134,1.4160642988634348e-18,600.0,exact_log_amplitude_match,-37.46654389051295,3.228183094931785e-17,1200.0,exact_log_amplitude_match,0.93079432434667,0.0683000150002273,1.8517233912547997,59.319649849719966,0.9307943243466702,0.0683000150002275,1.8517233912548,59.31964984971998,0.0010825842290888,0.99367555416771,0.9936676331766358,169.43797831305395,0.1429667447874914,0.9935462428210358,0.9961568188270128,11.549340771719605,True,0.9307943243466702,0.99367555416771,1.8517233912548,169.43797831305395,0.0451441141069023,0.0451441141069023,0.0087951387271498,0.0249475837096835,0.0451441141069023,edge_not_decayed;center_jump_too_large;adjacent_jump_too_large,assets/classic_supersonic/scan_M18_M19_alpha_0_03_strict/point_results/M1.80_alpha0.03000_candidates.csv
1.8,0.03,0.7615399999999999,0.001,3e-05,4.73136524929083e-07,0.6,0.85,0.001,0.008,rejected,,-21.17673781011012,1.4390688673366006e-18,600.0,exact_log_amplitude_match,-37.400166027100425,2.40175075359902e-17,1200.0,exact_log_amplitude_match,0.8705715024530285,0.0687139623287287,1.8061915108406408,55.5487349168132,0.8705715024530286,0.0687139623287286,1.8061915108406412,55.54873491681322,0.0010060476551646,0.9932539646634464,0.9932461279347686,175.55250641970483,0.1328567287180957,0.99310364346972,0.9957145338172642,10.795968576236932,True,0.8705715024530286,0.9932539646634464,1.8061915108406412,175.55250641970483,0.0439506085653756,0.0439506085653756,0.0001672502290202,0.0233830691402195,0.0439506085653756,edge_not_decayed;center_jump_too_large;adjacent_jump_too_large,assets/classic_supersonic/scan_M18_M19_alpha_0_03_strict/point_results/M1.80_alpha0.03000_candidates.csv
1.8,0.03,0.411172,0.01886432,0.0005659296,1.3434444686056962e-06,0.4,0.65,0.005,0.02,rejected,,-6.1154413798177,1.5453943871815274e-20,600.0,exact_log_amplitude_match,-7.23342320380946,9.77585230407248e-21,1200.0,exact_log_amplitude_match,0.264785387386849,2.255627974957168e-05,1.184947648423341,2.4853476711260787,0.264785387386849,2.2556279749627006e-05,1.1849476484233412,2.4853476711260782,0.004775969272848,0.0003198215021238,0.021373058440477,1.1668429199315584,0.2658380217622569,0.0026137208669662,1.1896583188865704,16.74082412166207,True,0.2658380217622569,0.0026137208669662,1.1896583188865704,16.74082412166207,0.0183276649876678,0.0183276649876678,0.0009165783845013,0.0271708742189796,0.0271708742189796,edge_not_decayed;adjacent_jump_too_large,assets/classic_supersonic/scan_M18_M19_alpha_0_03_strict/point_results/M1.80_alpha0.03000_candidates.csv
1.8,0.03,0.411172,0.0188735999999999,0.0005662079999999,1.393205139338164e-06,0.4,0.65,0.015,0.06,rejected,,-6.115936132146162,1.545615220903335e-20,600.0,exact_log_amplitude_match,-7.234414373766834,9.739792919300551e-21,1200.0,exact_log_amplitude_match,0.2646122462939788,2.2563892626465843e-05,1.184662694913566,2.485506579159241,0.2646122462939788,2.2563892626480287e-05,1.184662694913566,2.4855065791592423,0.0047726317774268,0.00039278387386,0.0213669582661535,1.1668158144404304,0.2656647534573665,0.002600033335403,1.1893747442992528,16.739949620411338,True,0.2656647534573665,0.002600033335403,1.1893747442992528,16.739949620411338,0.0183229219218262,0.0183229219218261,0.000916310889979,0.0271636082839491,0.0271636082839491,edge_not_decayed;adjacent_jump_too_large,assets/classic_supersonic/scan_M18_M19_alpha_0_03_strict/point_results/M1.80_alpha0.03000_candidates.csv
1.8,0.03,0.7615399999999999,0.005,0.00015,1.1764277019360707e-05,0.6,0.85,0.005,0.02,rejected,,-21.041091511152032,1.4724884028453385e-18,600.0,exact_log_amplitude_match,-37.12889979938158,2.1793468253389448e-17,1200.0,exact_log_amplitude_match,0.6626949584323648,0.0684695124696595,1.6449269366425938,43.07781278306337,0.6626949584323648,0.0684695124696596,1.6449269366425936,43.077812783063386,0.0007656977841023,0.9910519634313236,0.9910441337563224,190.02357375857065,0.1011141508040074,0.990881275592542,0.9934929258073008,8.372841660989188,True,0.6626949584323648,0.9910519634313236,1.6449269366425938,190.02357375857065,0.0394071095371722,0.0394071095371722,1.4911562235124133e-05,0.0209462863659983,0.0394071095371722,edge_not_decayed;center_jump_too_large;adjacent_jump_too_large,assets/classic_supersonic/scan_M18_M19_alpha_0_03_strict/point_results/M1.80_alpha0.03000_candidates.csv
1.8,0.03,0.76064,0.015,0.00045,0.0001044915996022,0.6,0.85,0.015,0.06,rejected,,-20.693719036529615,1.6015322153119192e-18,600.0,exact_log_amplitude_match,-36.434120244540416,2.3054803952933452e-17,1200.0,exact_log_amplitude_match,0.335602609775509,0.0662302144105553,1.30796522762178,25.303586459394516,0.335602609775509,0.0662302144105555,1.3079652276217806,25.30358645939452,0.0003911855268827,0.985463381568281,0.9854555195883786,210.6267824761268,0.0516823770023259,0.9852508913435398,0.9878668260004948,4.978826639885157,True,0.335602609775509,0.985463381568281,1.3079652276217806,210.6267824761268,0.030054881109779,0.0300548811097791,7.504095314026442e-07,0.0160592206702433,0.0300548811097791,edge_not_decayed;center_jump_too_large;adjacent_jump_too_large,assets/classic_supersonic/scan_M18_M19_alpha_0_03_strict/point_results/M1.80_alpha0.03000_candidates.csv
1.8,0.04,0.7615399999999999,1e-05,4.0000000000000003e-07,1.8117290914893114e-09,0.6,0.85,1e-05,0.002,rejected,,-26.614833601198484,4.940589852946397e-18,600.0,exact_log_amplitude_match,-48.29108649642368,6.919205812119234e-17,1200.0,exact_log_amplitude_match,0.9158810189466048,0.0849306280473943,1.827984185642578,77.06140575110136,0.9158810189466046,0.0849306280473942,1.827984185642578,77.06140575110138,0.0015213054150743,0.9936295101297874,0.9936169857845448,120.73467263342468,0.150854416740905,0.9945188946280497,0.9971262284517208,15.05758836128918,True,0.9158810189466048,0.9945188946280497,1.827984185642578,120.73467263342468,0.0578009358029643,0.0578009358029644,0.0376344859052275,0.0553726114447691,0.0578009358029644,edge_not_decayed;center_jump_too_large;adjacent_jump_too_large,assets/classic_supersonic/scan_M18_M19_alpha_0_03_strict/point_results/M1.80_alpha0.04000_candidates.csv
1.8,0.04,0.7615399999999999,0.001,4e-05,6.286536351467863e-07,0.6,0.85,0.001,0.008,rejected,,-26.569808954705508,4.326855191041983e-18,600.0,exact_log_amplitude_match,-48.20104657715615,4.895885856002131e-17,1200.0,exact_log_amplitude_match,0.832964253700295,0.0892525258421589,1.7684252873653123,70.50676367951027,0.832964253700295,0.089252525842159,1.768425287365312,70.50676367951027,0.0013135942392454,0.9906625869476556,0.990651003062618,139.75062322700515,0.1302306359123558,0.9913281572244326,0.993936770007418,13.535878041314296,True,0.832964253700295,0.9913281572244326,1.7684252873653123,139.75062322700515,0.0557952336608432,0.0557952336608432,0.0002802858317392,0.0298449690129757,0.0557952336608432,edge_not_decayed;center_jump_too_large;adjacent_jump_too_large,assets/classic_supersonic/scan_M18_M19_alpha_0_03_strict/point_results/M1.80_alpha0.04000_candidates.csv
1.8,0.04,0.417308,0.0224699999999999,0.0008988,1.4553125447845597e-06,0.4,0.65,0.015,0.06,rejected,,-6.953367170103541,1.6821233426948167e-20,600.0,exact_log_amplitude_match,-8.911024355121258,9.540193651091751e-20,1200.0,exact_log_amplitude_match,0.1214069786894551,3.100846890967157e-05,0.9889042178983352,2.7951653276539217,0.1214069786894551,3.100846890974232e-05,0.9889042178983352,2.795165327653921,0.0029065002493582,0.0005599792923559,0.0236745069100595,1.14667801656172,0.1221062163639916,0.0026089169913989,0.9945997643416024,20.24148786589753,True,0.1221062163639916,0.0026089169913989,0.9945997643416024,20.24148786589753,0.0198775700329044,0.0198775700329044,0.0013111024512861,0.0295295856583556,0.0295295856583556,edge_not_decayed;adjacent_jump_too_large,assets/classic_supersonic/scan_M18_M19_alpha_0_03_strict/point_results/M1.80_alpha0.04000_candidates.csv
1.8,0.04,0.4172039999999999,0.0224699999999999,0.0008988,6.627690622916271e-06,0.2,0.45,0.015,0.06,rejected,,-6.949291767008915,1.683932371598039e-20,600.0,exact_log_amplitude_match,-8.902863496653948,9.461239908489507e-20,1200.0,exact_log_amplitude_match,0.1214036085993526,3.0933448095741614e-05,0.988863223166382,2.791404995098457,0.1214036085993526,3.093344809565711e-05,0.988863223166382,2.7914049950984574,0.0029042886717534,0.0010658659246427,0.0236561687917658,1.1481657379708616,0.1221028043757384,0.0023956942435607,0.994558350296489,20.172868534857766,True,0.1221028043757384,0.0023956942435607,0.994558350296489,20.172868534857766,0.0198749798150572,0.0198749798150572,0.0013104617760909,0.0295225586329498,0.0295225586329498,edge_not_decayed;adjacent_jump_too_large,assets/classic_supersonic/scan_M18_M19_alpha_0_03_strict/point_results/M1.80_alpha0.04000_candidates.csv
1.8,0.04,0.7615399999999999,0.005,0.0002,1.5631971808155002e-05,0.6,0.85,0.005,0.02,rejected,,-26.38894597886839,4.0614445352008345e-18,600.0,exact_log_amplitude_match,-47.8393570301482,4.514959830871025e-17,1200.0,exact_log_amplitude_match,0.5789763917610032,0.0888866319002693,1.581545773962426,50.64953283609056,0.5789763917610032,0.0888866319002691,1.581545773962426,50.64953283609054,0.000912694570529,0.9885242117044092,0.9885126493950364,161.1436356456026,0.0904824735389796,0.9891630230007632,0.9917724114936606,9.723348510327638,True,0.5789763917610032,0.9891630230007632,1.581545773962426,161.1436356456026,0.0487110015907133,0.0487110015907133,0.0002443079347309,0.026021167595758,0.0487110015907133,edge_not_decayed;center_jump_too_large;adjacent_jump_too_large,assets/classic_supersonic/scan_M18_M19_alpha_0_03_strict/point_results/M1.80_alpha0.04000_candidates.csv
1.8,0.04,0.417308,0.02,0.0008,0.0001356566619761,0.4,0.65,0.005,0.02,rejected,,-6.7703108881821645,1.8819826886608002e-20,600.0,exact_log_amplitude_match,-8.544298430321552,3.027133798961732e-20,1200.0,exact_log_amplitude_match,0.1531007366125664,5.5110358938344886e-05,1.0637094581771174,2.806189492413269,0.1531007366125664,5.511035893815026e-05,1.0637094581771174,2.8061894924132686,0.0036664591344329,0.0238621321406868,0.0254737328219755,1.1413387448725716,0.1538730623757517,0.0091719008586454,1.069075404211393,21.21341124503423,True,0.1538730623757517,0.0238621321406868,1.069075404211393,21.21341124503423,0.0216846317545636,0.0216846317545636,0.0014465766045398,0.0323062231416452,0.0323062231416452,edge_not_decayed;adjacent_jump_too_large,assets/classic_supersonic/scan_M18_M19_alpha_0_03_strict/point_results/M1.80_alpha0.04000_candidates.csv
1.8,0.05,0.7615399999999999,1.0413920000000002e-05,5.206960000000002e-07,2.303351533292745e-09,0.6,0.85,1e-05,0.002,rejected,,-32.01953416559502,1.0579903441002873e-17,600.0,exact_log_amplitude_match,-59.11482673115583,1.1950606492921722e-16,1200.0,exact_log_amplitude_match,0.8957892996551529,0.1058175820531758,1.7931169472391302,93.85220756415728,0.8957892996551526,0.1058175820531758,1.79311694723913,93.85220756415728,0.0018607209182618,0.9901580983983538,0.9901421695683104,98.23906057586376,0.1477520768209523,0.9918027331809726,0.9944080544546828,18.04392501300377,True,0.8957892996551529,0.9918027331809726,1.7931169472391302,98.23906057586376,0.0652566500818054,0.0652566500818054,0.0219138715624213,0.0462523792100003,0.0652566500818054,edge_not_decayed;center_jump_too_large;adjacent_jump_too_large,assets/classic_supersonic/scan_M18_M19_alpha_0_03_strict/point_results/M1.80_alpha0.05000_candidates.csv
1.8,0.05,0.7615399999999999,0.001,5e-05,7.831975759073833e-07,0.6,0.85,0.001,0.008,rejected,,-31.963276432348096,8.647346360894257e-18,600.0,exact_log_amplitude_match,-59.00232345990569,8.285186978409648e-17,1200.0,exact_log_amplitude_match,0.7977456332263899,0.1087464913736179,1.7327558110711443,84.02760517798215,0.7977456332263899,0.1087464913736179,1.732755811071144,84.02760517798215,0.0016081689832209,0.9881135650040402,0.9880983393409316,111.40433763172535,0.1276780132541978,0.989589619752714,0.9921958599501728,15.951679188434532,True,0.7977456332263899,0.989589619752714,1.7327558110711443,111.40433763172535,0.0627342095718814,0.0627342095718814,0.0003906368884964,0.0337206094570834,0.0627342095718814,edge_not_decayed;center_jump_too_large;adjacent_jump_too_large,assets/classic_supersonic/scan_M18_M19_alpha_0_03_strict/point_results/M1.80_alpha0.05000_candidates.csv
1.8,0.05,0.42332,0.0249511199999999,0.001247556,3.2090275469206828e-06,0.2,0.45,0.015,0.06,rejected,,-8.004324596414946,6.3395816805144265e-22,600.0,exact_log_amplitude_match,-11.015004148926648,1.0585238805272241e-18,1200.0,exact_log_amplitude_match,0.0537017297912994,3.988726650917635e-05,0.8457839786724787,3.016388256135164,0.0537017297912994,3.9887266509171495e-05,0.8457839786724788,3.016388256135164,0.0015987194174659,0.0008124261151155,0.0251792870535127,1.1343366266062964,0.0540965190268912,0.0028070073686299,0.852001775036551,23.32515104663401,True,0.0540965190268912,0.0028070073686299,0.852001775036551,23.32515104663401,0.0188081421594892,0.0188081421594892,0.0015315518607026,0.0279651134523223,0.0279651134523223,edge_not_decayed;adjacent_jump_too_large,assets/classic_supersonic/scan_M18_M19_alpha_0_03_strict/point_results/M1.80_alpha0.05000_candidates.csv
1.8,0.05,0.7615399999999999,0.005,0.00025,1.947600520927028e-05,0.6,0.85,0.005,0.02,rejected,,-31.73719574987138,7.983173264622764e-18,600.0,exact_log_amplitude_match,-58.55020956352125,7.705324685368601e-17,1200.0,exact_log_amplitude_match,0.5063284527440861,0.1082469961835942,1.529971126659803,56.139062496561095,0.5063284527440861,0.1082469961835944,1.5299711266598033,56.139062496561074,0.0010200448915475,0.9860375338696008,0.9860223506840806,137.72578912439505,0.0809818530510887,0.9874797247638236,0.9900867583133296,10.65562861231759,True,0.5063284527440861,0.9874797247638236,1.5299711266598033,137.72578912439505,0.0536285042113275,0.0536285042113274,0.0003332391361574,0.0287768557316048,0.0536285042113275,edge_not_decayed;center_jump_too_large;adjacent_jump_too_large,assets/classic_supersonic/scan_M18_M19_alpha_0_03_strict/point_results/M1.80_alpha0.05000_candidates.csv
1.8,0.05,0.76064,0.015,0.00075,0.0001730290616471,0.6,0.85,0.015,0.06,rejected,,-31.15822982837205,8.511951474119386e-18,600.0,exact_log_amplitude_match,-57.39223184171863,8.222395507682032e-17,1200.0,exact_log_amplitude_match,0.1629306303891048,0.1045596125048756,1.136527990657853,26.6704858211423,0.1629306303891048,0.1045596125048753,1.1365279906578527,26.670485821142297,0.0003304167088813,0.9807189739129966,0.9807038186477608,179.59866632795408,0.0262436130538666,0.9820959695667768,0.9847073348651532,5.124545704430853,True,0.1629306303891048,0.9820959695667768,1.136527990657853,179.59866632795408,0.0364865070876951,0.0364865070876951,0.0001596044002982,0.0196500359973409,0.0364865070876951,edge_not_decayed;center_jump_too_large;adjacent_jump_too_large,assets/classic_supersonic/scan_M18_M19_alpha_0_03_strict/point_results/M1.80_alpha0.05000_candidates.csv
1.8,0.05,0.423128,0.02,0.001,0.0003729970677173,0.4,0.65,0.005,0.02,rejected,,-7.517688584618586,1.0107759995296112e-20,600.0,exact_log_amplitude_match,-10.04011612681442,3.450256073734001e-19,1200.0,exact_log_amplitude_match,0.0959781792785484,0.0001320985932903,0.9931006965347234,3.098847797105538,0.0959781792785484,0.0001320985932904,0.9931006965347232,3.0988477971055395,0.0028574165955521,0.0545989226733392,0.0548119171978862,1.1081116652156509,0.0965178631269391,0.0186008825639121,0.9986848863190608,26.7358877265936,True,0.0965178631269391,0.0545989226733392,0.9986848863190608,26.7358877265936,0.0230160352657736,0.0230160352657736,0.0019256679876301,0.0344468275824017,0.0344468275824017,edge_not_decayed;adjacent_jump_too_large,assets/classic_supersonic/scan_M18_M19_alpha_0_03_strict/point_results/M1.80_alpha0.05000_candidates.csv
1.8,0.06,0.7615399999999999,1.0336310000000002e-05,6.201786000000001e-07,2.748095233274973e-09,0.6,0.85,1e-05,0.002,rejected,,-37.424642056666144,1.831460942662676e-17,600.0,exact_log_amplitude_match,-69.93899843424822,1.8927921785138343e-16,1200.0,exact_log_amplitude_match,0.8763284617514268,0.1263216010869432,1.7480510864588976,109.86990533082502,0.8763284617514266,0.1263216010869435,1.7480510864588976,109.86990533082503,0.0021806672584288,0.9850316407838808,0.9850127046396154,81.03250063186954,0.1444334909683164,0.9873454449357104,0.9899488582647652,20.71657401368893,True,0.8763284617514268,0.9873454449357104,1.7480510864588976,109.86990533082503,0.0728390097314237,0.0728390097314237,0.0155418288466491,0.0459053350309789,0.0728390097314237,edge_not_decayed;center_jump_too_large;adjacent_jump_too_large,assets/classic_supersonic/scan_M18_M19_alpha_0_03_strict/point_results/M1.80_alpha0.06000_candidates.csv
1.8,0.06,0.7615399999999999,0.001,6e-05,9.36846429370188e-07,0.6,0.85,0.001,0.008,rejected,,-37.35712678167857,1.434358264435829e-17,600.0,exact_log_amplitude_match,-69.80398321392731,1.2456181746207696e-16,1200.0,exact_log_amplitude_match,0.7647176745381854,0.1272694312301022,1.6895508916653108,96.27641912193492,0.7647176745381855,0.1272694312301021,1.6895508916653106,96.27641912193492,0.0018902648581701,0.9856054922979456,0.9855867361981026,89.78854106609228,0.1251946534821705,0.987888317033496,0.9904920921123516,18.089850201827677,True,0.7647176745381855,0.987888317033496,1.6895508916653108,96.27641912193492,0.0695310614512382,0.0695310614512382,0.0005158006951553,0.0375422987742934,0.0695310614512382,edge_not_decayed;center_jump_too_large;adjacent_jump_too_large,assets/classic_supersonic/scan_M18_M19_alpha_0_03_strict/point_results/M1.80_alpha0.06000_candidates.csv
1.8,0.06,0.428992,0.02661288,0.0015967728,1.079774509889731e-06,0.2,0.45,0.015,0.06,rejected,,-9.263377930309098,3.934457353411927e-20,600.0,exact_log_amplitude_match,-13.535452936459167,3.71577132780768e-18,1200.0,exact_log_amplitude_match,0.0237571013008546,4.917946460860203e-05,0.741789553643652,3.2300839123255765,0.0237571013008546,4.917946460854903e-05,0.7417895536436522,3.230083912325576,0.0008430608878248,0.0007567872724236,0.0263236558936385,1.1249208290663864,0.0239632213073007,0.0026710350140096,0.7482254258337157,26.31772873667393,True,0.0239632213073007,0.0026710350140096,0.7482254258337157,26.31772873667393,0.0171442707499809,0.0171442707499809,0.001650877783566,0.0254767927954574,0.0254767927954574,edge_not_decayed;adjacent_jump_too_large,assets/classic_supersonic/scan_M18_M19_alpha_0_03_strict/point_results/M1.80_alpha0.06000_candidates.csv
1.8,0.06,0.7615399999999999,0.005,0.0003,2.3298396304904146e-05,0.6,0.85,0.005,0.02,rejected,,-37.08582714650397,1.3239472002505553e-17,600.0,exact_log_amplitude_match,-69.2614437228618,1.1737204205851459e-16,1200.0,exact_log_amplitude_match,0.4432095871809515,0.1266275611873235,1.480024831871105,60.05506943619785,0.4432095871809515,0.126627561187324,1.480024831871105,60.05506943619787,0.001094539972531,0.9835907646449964,0.983572078363547,119.17282945479278,0.0724894785534212,0.9858318495204432,0.9884364374686944,11.280562179919244,True,0.4432095871809515,0.9858318495204432,1.480024831871105,119.17282945479278,0.0581262873669676,0.0581262873669677,0.0004300882652674,0.0313187974330382,0.0581262873669677,edge_not_decayed;center_jump_too_large;adjacent_jump_too_large,assets/classic_supersonic/scan_M18_M19_alpha_0_03_strict/point_results/M1.80_alpha0.06000_candidates.csv
1.8,0.06,0.760384,0.015,0.0009,0.0002070150193188,0.6,0.85,0.015,0.06,rejected,,-36.38318179795948,1.410179166178958e-17,600.0,exact_log_amplitude_match,-67.85605553899444,1.2534867864184007e-16,1200.0,exact_log_amplitude_match,0.1137333782833398,0.1218664584713275,1.0680850599201668,26.46430688705233,0.1137333782833398,0.1218664584713279,1.0680850599201668,26.46430688705233,0.0002830215938455,0.9783487207665283,0.9783300600409772,166.59602561820907,0.018755528474018,0.9805228405993852,0.9831326420871052,5.0478271648270585,True,0.1137333782833398,0.9805228405993852,1.0680850599201668,166.59602561820907,0.0375821355201255,0.0375821355201255,0.0002607727055277,0.0203457281804004,0.0375821355201255,edge_not_decayed;center_jump_too_large;adjacent_jump_too_large,assets/classic_supersonic/scan_M18_M19_alpha_0_03_strict/point_results/M1.80_alpha0.06000_candidates.csv
1.8,0.06,0.428672,0.02,0.0012,0.0006416945839237,0.2,0.45,0.005,0.02,rejected,,-8.46530013718103,1.7867896718482223e-24,600.0,exact_log_amplitude_match,-11.93664436698708,1.3065848488314124e-18,1200.0,exact_log_amplitude_match,0.0602128186585018,0.0002153621830203,0.93798102930909,3.4213861759429878,0.0602128186585018,0.0002153621830202,0.93798102930909,3.4213861759429878,0.0021374041235008,0.0808309603584151,0.0810690809376988,1.0659327162538157,0.0605732040276206,0.0270299848228734,0.943595027241842,33.5538610546932,True,0.0605732040276206,0.0808309603584151,0.943595027241842,33.5538610546932,0.0230842322245773,0.0230842322245773,0.0023205210196957,0.0346458889788407,0.0346458889788407,edge_not_decayed;adjacent_jump_too_large,assets/classic_supersonic/scan_M18_M19_alpha_0_03_strict/point_results/M1.80_alpha0.06000_candidates.csv
1.8,0.07,0.7615399999999999,1.30248e-05,9.11736e-07,3.3249560440998692e-09,0.6,0.85,1e-05,0.002,rejected,,-42.82989893444413,2.810372352927132e-17,600.0,exact_log_amplitude_match,-80.76310053303743,2.817918963988151e-16,1200.0,exact_log_amplitude_match,0.8574251976124114,0.1460766487976001,1.7173309489310875,125.14002080666566,0.8574251976124114,0.1460766487976001,1.717330948931087,125.14002080666565,0.0025076292127382,0.9837719695896694,0.9837500164465992,66.65931070125035,0.1425077469273514,0.9868199267840974,0.9894211149807188,23.197525080902032,True,0.8574251976124114,0.9868199267840974,1.7173309489310875,125.14002080666566,0.0794261442877403,0.0794261442877403,0.0010386880861387,0.0429427678372439,0.0794261442877403,edge_not_decayed;center_jump_too_large;adjacent_jump_too_large,assets/classic_supersonic/scan_M18_M19_alpha_0_03_strict/point_results/M1.80_alpha0.07000_candidates.csv
1.8,0.07,0.7615399999999999,0.001,7.000000000000001e-05,1.08968161899756e-06,0.6,0.85,0.001,0.008,rejected,,-42.75134440489071,2.1379296550314905e-17,600.0,exact_log_amplitude_match,-80.60601024291161,1.7606212154738336e-16,1200.0,exact_log_amplitude_match,0.7336997294516023,0.1448892850015821,1.6584537698907733,107.39649185090006,0.7336997294516021,0.144889285001582,1.6584537698907733,107.39649185090008,0.0021603416249915,0.9831416973210568,0.983119528002016,73.42685327837651,0.1227763202563911,0.98622469269641,0.9888259126740138,19.9887821959738,True,0.7336997294516023,0.98622469269641,1.6584537698907733,107.39649185090008,0.075530760635733,0.075530760635733,0.0006495709925063,0.0409543114941971,0.075530760635733,edge_not_decayed;center_jump_too_large;adjacent_jump_too_large,assets/classic_supersonic/scan_M18_M19_alpha_0_03_strict/point_results/M1.80_alpha0.07000_candidates.csv
1.8,0.07,0.434372,0.0275028,0.001925196,2.458084394867912e-06,0.2,0.45,0.015,0.06,rejected,,-10.718583101911753,2.590646777320768e-19,600.0,exact_log_amplitude_match,-16.448415807314497,8.499715950704932e-18,1200.0,exact_log_amplitude_match,0.0110468676512679,5.876013988103609e-05,0.6693739087394561,3.467638248594163,0.0110468676512679,5.876013988094669e-05,0.6693739087394562,3.4676382485941644,0.0004539794775429,0.000450051942025,0.0275084328846406,1.1137502465292926,0.0111531570722033,0.0026832779265913,0.6758144100219292,29.462715995522306,True,0.0111531570722033,0.0026832779265913,0.6758144100219292,29.462715995522306,0.0158746155756992,0.0158746155756992,0.0017555179652227,0.0235501164825531,0.0235501164825531,adjacent_jump_too_large,assets/classic_supersonic/scan_M18_M19_alpha_0_03_strict/point_results/M1.80_alpha0.07000_candidates.csv
1.8,0.07,0.43446,0.0275352,0.001927464,8.26838533419163e-06,0.4,0.65,0.015,0.06,rejected,,-10.7336274477596,2.621596869233269e-19,600.0,exact_log_amplitude_match,-16.478545295071726,8.551312460613441e-18,1200.0,exact_log_amplitude_match,0.0109888602784993,5.917084533321754e-05,0.6686287946470117,3.471005160116251,0.0109888602784993,5.917084533318054e-05,0.6686287946470117,3.471005160116249,0.0004516176849466,0.0016255392576331,0.0274791544049388,1.113275786470547,0.011094758271106,0.0027238623567526,0.6750722698364212,29.4865931685898,True,0.011094758271106,0.0027238623567526,0.6750722698364212,29.4865931685898,0.0158519502910561,0.0158519502910561,0.0017528388460366,0.0235154915237469,0.0235154915237469,adjacent_jump_too_large,assets/classic_supersonic/scan_M18_M19_alpha_0_03_strict/point_results/M1.80_alpha0.07000_candidates.csv
1.8,0.07,0.7615399999999999,0.005,0.00035,2.7101226277875194e-05,0.6,0.85,0.005,0.02,rejected,,-42.43482437742178,1.982223063514188e-17,600.0,exact_log_amplitude_match,-79.97304371648725,1.6606625104117712e-16,1200.0,exact_log_amplitude_match,0.3883041044456443,0.1440990092511052,1.4329887970973132,62.783145171919344,0.3883041044456443,0.1440990092511053,1.4329887970973134,62.78314517191931,0.0011419592783617,0.9811871127536652,0.9811650471656992,104.48429287158504,0.0648961095654097,0.9842200222895248,0.986822076678387,11.67975416038925,True,0.3883041044456443,0.9842200222895248,1.4329887970973134,104.48429287158504,0.0617679010845472,0.0617679010845472,0.0005295855708424,0.0334087701789807,0.0617679010845472,edge_not_decayed;center_jump_too_large;adjacent_jump_too_large,assets/classic_supersonic/scan_M18_M19_alpha_0_03_strict/point_results/M1.80_alpha0.07000_candidates.csv
1.8,0.07,0.760384,0.015,0.00105,0.0002408395796485,0.6,0.85,0.015,0.06,rejected,,-41.61505957853429,2.111734254230042e-17,600.0,exact_log_amplitude_match,-78.33341227612547,1.7747700782630861e-16,1200.0,exact_log_amplitude_match,0.0794354217109232,0.1386124103313209,1.0120478446921477,26.073607927358555,0.0794354217109232,0.1386124103313209,1.0120478446921477,26.07360792735856,0.0002351165849649,0.9760632973153784,0.976041321014428,156.07182067034253,0.0133692925330284,0.9790164394228908,0.9816237441350224,4.924840347392489,True,0.0794354217109232,0.9790164394228908,1.0120478446921477,156.07182067034253,0.03807447771998,0.03807447771998,0.0003094698650088,0.0206754616618119,0.03807447771998,edge_not_decayed;center_jump_too_large;adjacent_jump_too_large,assets/classic_supersonic/scan_M18_M19_alpha_0_03_strict/point_results/M1.80_alpha0.07000_candidates.csv
1.8,0.08,0.7615399999999999,1.7140120000000004e-05,1.3712096000000004e-06,3.971458756053762e-09,0.6,0.85,1e-05,0.002,rejected,,-48.23531488263232,3.988783042545117e-17,600.0,exact_log_amplitude_match,-91.58717060918508,3.455846237922369e-16,1200.0,exact_log_amplitude_match,0.8431511546449405,0.1611117646911428,1.6896437696182651,139.7671988864922,0.8431511546449406,0.1611117646911427,1.6896437696182656,139.76719888649222,0.00290773002754,0.9809583984736646,0.9809327519886109,52.79628334588807,0.1447652900643548,0.9848777263235864,0.987475947648486,25.86158764926349,True,0.8431511546449406,0.9848777263235864,1.6896437696182656,139.76719888649222,0.0833215136188489,0.0833215136188489,0.0008364481281189,0.0455100030272228,0.0833215136188489,edge_not_decayed;center_jump_too_large;adjacent_jump_too_large,assets/classic_supersonic/scan_M18_M19_alpha_0_03_strict/point_results/M1.80_alpha0.08000_candidates.csv
1.8,0.08,0.7615399999999999,0.001,8e-05,1.2417863164214923e-06,0.6,0.85,0.001,0.008,rejected,,-48.14591185017401,2.973251436139435e-17,600.0,exact_log_amplitude_match,-91.40838709396628,2.5521001763772886e-16,1200.0,exact_log_amplitude_match,0.7045269769309788,0.1616688197580449,1.6235912065807936,117.51216640596164,0.7045269769309788,0.161668819758045,1.623591206580794,117.5121664059616,0.0024188146094987,0.9807228280949032,0.9806973687153988,60.96320357710239,0.1204187944700638,0.9845993127941286,0.9871978903493236,21.680324502034917,True,0.7045269769309788,0.9845993127941286,1.623591206580794,117.51216640596164,0.0789245189958358,0.0789245189958358,0.0007714072408569,0.0429665023282292,0.0789245189958358,edge_not_decayed;center_jump_too_large;adjacent_jump_too_large,assets/classic_supersonic/scan_M18_M19_alpha_0_03_strict/point_results/M1.80_alpha0.08000_candidates.csv
1.8,0.08,0.439484,0.02780808,0.0022246464,1.5267608214231974e-06,0.4,0.65,0.015,0.06,rejected,,-12.378090884765449,7.6756691532021425e-19,600.0,exact_log_amplitude_match,-19.77019882256352,1.5610310852927546e-17,1200.0,exact_log_amplitude_match,0.0055025100758084,6.883843061760748e-05,0.6206025388803194,3.739032476329398,0.0055025100758084,6.88384306176018e-05,0.6206025388803192,3.739032476329398,0.0002563028948224,0.0006843389419591,0.0289072123554108,1.1002512347107365,0.0055584397303344,0.0027048008299984,0.6269105846847459,32.71441003132234,True,0.0055584397303344,0.0027048008299984,0.6269105846847459,32.71441003132234,0.0150230199860047,0.0150230199860047,0.0018665847208178,0.0222233975893168,0.0222233975893168,adjacent_jump_too_large,assets/classic_supersonic/scan_M18_M19_alpha_0_03_strict/point_results/M1.80_alpha0.08000_candidates.csv
1.8,0.08,0.7615399999999999,0.005,0.0004,3.088663684744619e-05,0.6,0.85,0.005,0.02,rejected,,-47.78416982378384,2.7725312914553326e-17,600.0,exact_log_amplitude_match,-90.6849919259472,2.281346207122759e-16,1200.0,exact_log_amplitude_match,0.3404875763990998,0.160726331961059,1.3897529326026763,64.61585522770184,0.3404875763990997,0.1607263319610592,1.3897529326026767,64.61585522770183,0.001167207153942,0.9788276191983106,0.9788023040901448,92.74998089893693,0.0581045847875534,0.9826449871835948,0.985244422804502,11.913427238285818,True,0.3404875763990998,0.9826449871835948,1.3897529326026767,92.74998089893693,0.0635332097332734,0.0635332097332734,0.0006187663790203,0.0344879631695364,0.0635332097332734,edge_not_decayed;center_jump_too_large;adjacent_jump_too_large,assets/classic_supersonic/scan_M18_M19_alpha_0_03_strict/point_results/M1.80_alpha0.08000_candidates.csv
1.8,0.08,0.760384,0.015,0.0012,0.00027452362332,0.6,0.85,0.015,0.06,rejected,,-46.84728100886442,2.9529127317622525e-17,600.0,exact_log_amplitude_match,-88.81111266370888,2.38479850152e-16,1200.0,exact_log_amplitude_match,0.0555273394887495,0.1545381177934435,0.9594461580231928,25.60979563700202,0.0555273394887495,0.1545381177934435,0.9594461580231926,25.609795637002023,0.000191346132409,0.9738195065950191,0.9737943621794114,146.77939778291426,0.0095307731821286,0.9775429902971866,0.9801477197852116,4.7930160780492725,True,0.0555273394887495,0.9775429902971866,0.9801477197852116,146.77939778291426,0.037824636852065,0.037824636852065,0.000355571441614,0.0205979578763802,0.037824636852065,edge_not_decayed;center_jump_too_large;adjacent_jump_too_large,assets/classic_supersonic/scan_M18_M19_alpha_0_03_strict/point_results/M1.80_alpha0.08000_candidates.csv
1.8,0.08,0.439308,0.02,0.0016,0.0011401964418731,0.2,0.45,0.005,0.02,rejected,,-11.249325663078704,2.0176090093295602e-19,600.0,exact_log_amplitude_match,-17.50873084144287,7.23498309496147e-18,1200.0,exact_log_amplitude_match,0.023732134655152,0.00030742911574,0.845468087495906,4.261907396773684,0.023732134655152,0.0003074291157399,0.845468087495906,4.261907396773681,0.0011067698640155,0.1141009406237107,0.1143377969177241,1.0366829361975578,0.0238943146010942,0.0386729330329405,0.8512458220213848,50.70493747416429,True,0.0238943146010942,0.1141009406237107,0.8512458220213848,50.70493747416429,0.0226071077429088,0.0226071077429088,0.0030022702588311,0.0338834815177232,0.0338834815177232,stage1_too_large;edge_not_decayed;adjacent_jump_too_large,assets/classic_supersonic/scan_M18_M19_alpha_0_03_strict/point_results/M1.80_alpha0.08000_candidates.csv
1.8,0.09,0.7615399999999999,1.100893e-05,9.908037e-07,4.2635374721932335e-09,0.6,0.85,1e-05,0.002,rejected,,-53.642018152008525,5.387306644561647e-17,600.0,exact_log_amplitude_match,-102.41348382411654,5.721866353373825e-16,1200.0,exact_log_amplitude_match,0.8293029305748375,0.1774486599376088,1.6583971173881764,154.10414577836892,0.8293029305748374,0.177448659937609,1.6583971173881764,154.10414577836892,0.0032712770519203,0.9783679381650884,0.978339238626162,43.6658776772541,0.1449343577629704,0.9830484540664473,0.985644039136098,28.236463724121712,True,0.8293029305748375,0.9830484540664473,1.6583971173881764,154.10414577836892,0.086155947834947,0.0861559478349471,0.0081788492590886,0.04795736408208,0.0861559478349471,edge_not_decayed;center_jump_too_large;adjacent_jump_too_large,assets/classic_supersonic/scan_M18_M19_alpha_0_03_strict/point_results/M1.80_alpha0.09000_candidates.csv
1.8,0.09,0.7615399999999999,0.001,8.999999999999999e-05,1.3932464318609603e-06,0.6,0.85,0.001,0.008,rejected,,-53.54081012033541,3.9376885522901996e-17,600.0,exact_log_amplitude_match,-102.21109476911904,2.9825172224896923e-16,1200.0,exact_log_amplitude_match,0.677049073328905,0.1776660602742418,1.589900675894887,126.73136139007046,0.677049073328905,0.1776660602742418,1.5899006758948873,126.73136139007046,0.0026660606137174,0.9783499481657456,0.9783213278296004,51.35230132813972,0.1181179194995842,0.9830128338099282,0.9856086843829498,23.190996462324826,True,0.677049073328905,0.9830128338099282,1.5899006758948873,126.73136139007046,0.0813138911639658,0.0813138911639659,0.0008896575234248,0.0444367757663414,0.0813138911639659,edge_not_decayed;center_jump_too_large;adjacent_jump_too_large,assets/classic_supersonic/scan_M18_M19_alpha_0_03_strict/point_results/M1.80_alpha0.09000_candidates.csv
1.8,0.09,0.444304,0.027618,0.00248562,2.680294672530809e-06,0.2,0.45,0.015,0.06,rejected,,-14.236012413106376,1.625647917640105e-18,600.0,exact_log_amplitude_match,-23.488992198724088,2.3757289252123797e-17,1200.0,exact_log_amplitude_match,0.0030013534269299,7.933725747564466e-05,0.5891996883130113,4.0507175242915645,0.0030013534269299,7.933725747563093e-05,0.5891996883130114,4.0507175242915645,0.00015582960246,0.0011362561863679,0.0305911167860486,1.084137075506997,0.0030321741928272,0.0027023427923079,0.5952501538079648,36.02274426907198,True,0.0030321741928272,0.0027023427923079,0.5952501538079648,36.02274426907198,0.0145323943026297,0.0145323943026297,0.0019946236229426,0.0214136268699813,0.0214136268699813,adjacent_jump_too_large,assets/classic_supersonic/scan_M18_M19_alpha_0_03_strict/point_results/M1.80_alpha0.09000_candidates.csv
1.8,0.09,0.4443960000000001,0.027618,0.00248562,1.718433149928827e-05,0.4,0.65,0.015,0.06,rejected,,-14.255278640562803,1.6330250255261944e-18,600.0,exact_log_amplitude_match,-23.527571254295623,2.3831051687257568e-17,1200.0,exact_log_amplitude_match,0.003001542799597,7.999075204471601e-05,0.5892314391623924,4.056827763812278,0.003001542799597,7.999075204474729e-05,0.5892314391623925,4.056827763812278,0.0001558701392705,0.0024296712440751,0.030598792893156,1.0834610039834265,0.0030323680523517,0.0028335353269756,0.5952827297935275,36.07168561232689,True,0.0030323680523517,0.0028335353269756,0.5952827297935275,36.07168561232689,0.014534503292008,0.014534503292008,0.0019948702155427,0.0214155722595341,0.0214155722595341,adjacent_jump_too_large,assets/classic_supersonic/scan_M18_M19_alpha_0_03_strict/point_results/M1.80_alpha0.09000_candidates.csv
1.8,0.09,0.7615399999999999,0.005,0.00045,3.465682781902604e-05,0.6,0.85,0.005,0.02,rejected,,-53.13384434917212,3.693245792740912e-17,600.0,exact_log_amplitude_match,-101.39726921312877,3.02400488860681e-16,1200.0,exact_log_amplitude_match,0.2987977363759524,0.1765693567027668,1.3526064023121398,65.77532014017227,0.2987977363759524,0.1765693567027669,1.3526064023121398,65.77532014017231,0.0011744386262694,0.9765130741465016,0.9764846453037416,83.25460807934498,0.0520284869856807,0.981107573249292,0.9837043077327892,12.026112500070298,True,0.2987977363759524,0.981107573249292,1.3526064023121398,83.25460807934498,0.0646448575353749,0.0646448575353749,0.0007044127802456,0.0352114768227504,0.0646448575353749,edge_not_decayed;center_jump_too_large;adjacent_jump_too_large,assets/classic_supersonic/scan_M18_M19_alpha_0_03_strict/point_results/M1.80_alpha0.09000_candidates.csv
1.8,0.09,0.760384,0.015,0.0013499999999999,0.0003080883039515,0.6,0.85,0.015,0.06,rejected,,-52.07982667007076,3.9358450844718755e-17,600.0,exact_log_amplitude_match,-99.2891372808878,3.146617084236373e-16,1200.0,exact_log_amplitude_match,0.0388458808882673,0.1697038445159882,0.9145414071970418,25.128434740078745,0.0388458808882673,0.169703844515988,0.9145414071970418,25.12843474007875,0.0001532975806686,0.971617978428186,0.9715898195148344,138.47866068593112,0.0067948426420807,0.9761038732062304,0.9787059520613224,4.6623776193732045,True,0.0388458808882673,0.9761038732062304,0.9787059520613224,138.47866068593112,0.0373969205313056,0.0373969205313055,0.0004008842500981,0.0204185140747148,0.0373969205313056,edge_not_decayed;center_jump_too_large;adjacent_jump_too_large,assets/classic_supersonic/scan_M18_M19_alpha_0_03_strict/point_results/M1.80_alpha0.09000_candidates.csv
1.8,0.1,0.7615399999999999,1.010348e-05,1.010348e-06,4.590732562579887e-09,0.6,0.85,1e-05,0.002,rejected,,-59.048577209470935,6.980533158385865e-17,600.0,exact_log_amplitude_match,-113.23919766972972,7.986017288476744e-16,1200.0,exact_log_amplitude_match,0.8151724450448806,0.1934133878315459,1.6304093339482246,167.8252532240695,0.8151724450448805,0.1934133878315461,1.630409333948225,167.82525322406954,0.0036267975457513,0.97611602126366,0.9760844722983758,36.72674802808406,0.1447853270543919,0.9815385613297776,0.9841314699955654,30.43212337698449,True,0.8151724450448806,0.9815385613297776,1.630409333948225,167.82525322406954,0.0890746408177633,0.0890746408177633,0.0146855485182001,0.0506221986648757,0.0890746408177633,edge_not_decayed;center_jump_too_large;adjacent_jump_too_large,assets/classic_supersonic/scan_M18_M19_alpha_0_03_strict/point_results/M1.80_alpha0.10000_candidates.csv
1.8,0.1,0.7615399999999999,0.001,0.0001,1.5441498070260167e-06,0.6,0.85,0.001,0.008,rejected,,-58.9360189925395,5.0302899989136116e-17,600.0,exact_log_amplitude_match,-113.01411304538158,3.9036886460308733e-16,1200.0,exact_log_amplitude_match,0.651128928496822,0.1929346776302633,1.5629644503885245,135.14775407167278,0.6511289284968219,0.1929346776302631,1.5629644503885245,135.14775407167275,0.0029024252219752,0.9760261801201704,0.97599453370709,43.83485303045915,0.1158696441741486,0.9814659735358844,0.9840590153211418,24.54294937285228,True,0.651128928496822,0.9814659735358844,1.5629644503885245,135.14775407167278,0.0836718260085341,0.0836718260085341,0.0010125908637075,0.0458922798626793,0.0836718260085341,edge_not_decayed;center_jump_too_large;adjacent_jump_too_large,assets/classic_supersonic/scan_M18_M19_alpha_0_03_strict/point_results/M1.80_alpha0.10000_candidates.csv
1.8,0.1,0.4488,0.02701608,0.002701608,2.611944859584469e-06,0.2,0.45,0.015,0.06,rejected,,-16.279455991003356,2.8568622919127266e-18,600.0,exact_log_amplitude_match,-27.57896947232056,3.360574952042246e-17,1200.0,exact_log_amplitude_match,0.0018188700211714,9.00119147766933e-05,0.5714848435227142,4.408043379784715,0.0018188700211714,9.001191477667311e-05,0.5714848435227143,4.408043379784713,0.0001039044069848,0.0011701425831295,0.0326465294803138,1.065226788640743,0.0018377799214126,0.0026170872324791,0.5774262913762058,39.34555047893158,True,0.0018377799214126,0.0026170872324791,0.5774262913762058,39.34555047893158,0.0143951923762161,0.0143951923762161,0.0021533912759498,0.0211087073665297,0.0211087073665297,adjacent_jump_too_large,assets/classic_supersonic/scan_M18_M19_alpha_0_03_strict/point_results/M1.80_alpha0.10000_candidates.csv
1.8,0.1,0.7615399999999999,0.005,0.0005,3.841405501707471e-05,0.6,0.85,0.005,0.02,rejected,,-58.4838276198166,4.744699654492508e-17,600.0,exact_log_amplitude_match,-112.10985524574112,3.7151272702552733e-16,1200.0,exact_log_amplitude_match,0.2624099773583612,0.1916832207299879,1.316560712482138,66.43022670567005,0.2624099773583611,0.191683220729988,1.316560712482138,66.43022670567004,0.0011671700657234,0.9742468556572584,0.97421545469882,75.46338898545446,0.0465909494573201,0.97960866413558,0.9822026179668624,12.05077835216014,True,0.2624099773583612,0.97960866413558,1.316560712482138,75.46338898545446,0.0657024704102667,0.0657024704102667,0.0007915026158618,0.0359035099112866,0.0657024704102667,edge_not_decayed;center_jump_too_large;adjacent_jump_too_large,assets/classic_supersonic/scan_M18_M19_alpha_0_03_strict/point_results/M1.80_alpha0.10000_candidates.csv
1.8,0.1,0.760384,0.015,0.0015,0.0003415552711894,0.6,0.85,0.015,0.06,rejected,,-57.31267602120963,5.0555366931637764e-17,600.0,exact_log_amplitude_match,-109.767465588514,3.915549839231817e-16,1200.0,exact_log_amplitude_match,0.0271961703228224,0.1841648748503299,0.8723815528339609,24.65538581210768,0.0271961703228224,0.1841648748503298,0.872381552833961,24.65538581210768,0.0001213016181409,0.96946269934992,0.9694316855073356,130.99977489414934,0.0048445424661344,0.9747004896896536,0.9772998455595352,4.537192610618527,True,0.0271961703228224,0.9747004896896536,0.9772998455595352,130.99977489414934,0.0369665144712095,0.0369665144712095,0.0004335016064494,0.020232742052654,0.0369665144712095,edge_not_decayed;center_jump_too_large;adjacent_jump_too_large,assets/classic_supersonic/scan_M18_M19_alpha_0_03_strict/point_results/M1.80_alpha0.10000_candidates.csv
1.8,0.1,0.44892,0.02,0.002,0.0013467173573987,0.2,0.45,0.005,0.02,rejected,,-15.431822942052277,1.484699963752944e-18,600.0,exact_log_amplitude_match,-25.88020556867551,2.3254438126926242e-17,1200.0,exact_log_amplitude_match,0.0093697124960652,0.0002347803362678,0.7738658161486269,5.302990259586361,0.0093697124960652,0.000234780336268,0.7738658161486269,5.302990259586363,0.000536855846852,0.1130697645854515,0.1132379130017664,1.1203676178990258,0.0094407973566507,0.0396713646920233,0.7797368758957168,62.81838952683255,True,0.0094407973566507,0.1130697645854515,0.7797368758957168,62.81838952683255,0.0216348994349531,0.0216348994349531,0.0034568560839993,0.0320402705913256,0.0320402705913256,stage1_too_large;adjacent_jump_too_large,assets/classic_supersonic/scan_M18_M19_alpha_0_03_strict/point_results/M1.80_alpha0.10000_candidates.csv
1.8,0.11,0.7615399999999999,1.1966120000000002e-05,1.3162732000000002e-06,5.1683040452464086e-09,0.6,0.85,1e-05,0.002,rejected,,-64.45510021312357,8.762966744692925e-17,600.0,exact_log_amplitude_match,-124.06454953941052,8.3692653819776355e-16,1200.0,exact_log_amplitude_match,0.8018784456520975,0.2081311652419055,1.6060144762502009,181.00343897029413,0.8018784456520973,0.2081311652419055,1.6060144762502004,181.00343897029407,0.0039971419434666,0.9740810523168676,0.9740465842635652,31.02370086204626,0.1452436404507556,0.9802830064807996,0.9828729998115484,32.590499185071614,True,0.8018784456520975,0.9802830064807996,1.6060144762502009,181.00343897029413,0.0914743047944049,0.0914743047944049,0.0021159407276626,0.0503629695205964,0.0914743047944049,edge_not_decayed;center_jump_too_large;adjacent_jump_too_large,assets/classic_supersonic/scan_M18_M19_alpha_0_03_strict/point_results/M1.80_alpha0.11000_candidates.csv
1.8,0.11,0.7615399999999999,0.001,0.00011,1.694586682227527e-06,0.6,0.85,0.001,0.008,rejected,,-64.33151734171979,6.249611978195928e-17,600.0,exact_log_amplitude_match,-123.8174208012236,5.687827283143029e-16,1200.0,exact_log_amplitude_match,0.6266415763383065,0.2075243571365096,1.5364432141922475,142.84267397238284,0.6266415763383065,0.2075243571365093,1.5364432141922475,142.8426739723829,0.0031282078313567,0.973750542145215,0.9737160105071988,37.86915279254181,0.1136700594208233,0.9799594844854946,0.9825496386106928,25.754737071691583,True,0.6266415763383065,0.9799594844854946,1.5364432141922475,142.8426739723829,0.0858276347039212,0.0858276347039213,0.0011378492767231,0.0472389720226508,0.0858276347039213,edge_not_decayed;center_jump_too_large;adjacent_jump_too_large,assets/classic_supersonic/scan_M18_M19_alpha_0_03_strict/point_results/M1.80_alpha0.11000_candidates.csv
1.8,0.11,0.45314,0.0260311199999999,0.0028634232,2.2157760328942914e-05,0.4,0.65,0.015,0.06,rejected,,-18.541405457175745,4.474542663901061e-18,600.0,exact_log_amplitude_match,-32.10616045066553,4.5824616076073105e-17,1200.0,exact_log_amplitude_match,0.0012512366983824,0.0001017882302117,0.5665832194315762,4.838094528743361,0.0012512366983824,0.0001017882302118,0.5665832194315761,4.838094528743361,7.785568968035232e-05,0.0028003485599287,0.035254502499157,1.0412977966841257,0.0012642633358534,0.0027652392302231,0.5724819228933529,42.8404617693658,True,0.0012642633358534,0.0028003485599287,0.5724819228933529,42.8404617693658,0.0146558989086482,0.0146558989086482,0.0023636463368535,0.0213667419695927,0.0213667419695927,adjacent_jump_too_large,assets/classic_supersonic/scan_M18_M19_alpha_0_03_strict/point_results/M1.80_alpha0.11000_candidates.csv
1.8,0.11,0.7615399999999999,0.005,0.00055,4.216062764456001e-05,0.6,0.85,0.005,0.02,rejected,,-63.83409842983841,5.925575149974376e-17,600.0,exact_log_amplitude_match,-122.82272881955878,4.4339211190747194e-16,1200.0,exact_log_amplitude_match,0.2306166954560823,0.2061187965847785,1.2825478296306103,66.7086711884487,0.2306166954560823,0.2061187965847789,1.2825478296306103,66.7086711884487,0.0011483638814177,0.9720284667239436,0.971994241188365,68.98244314776294,0.0417235899060378,0.9781491704928124,0.9807402670987838,12.011842928128754,True,0.2306166954560823,0.9781491704928124,1.2825478296306103,68.98244314776294,0.0666168611926463,0.0666168611926462,0.0008786931305565,0.0365151063001446,0.0666168611926463,edge_not_decayed;center_jump_too_large;adjacent_jump_too_large,assets/classic_supersonic/scan_M18_M19_alpha_0_03_strict/point_results/M1.80_alpha0.11000_candidates.csv
1.8,0.11,0.760384,0.015,0.00165,0.0003749466458673,0.6,0.85,0.015,0.06,rejected,,-62.54580772005824,6.310759659683768e-17,600.0,exact_log_amplitude_match,-120.24607624514134,4.710725190158028e-16,1200.0,exact_log_amplitude_match,0.0190534958546251,0.1979720171871959,0.8348946944020093,24.201903922612797,0.0190534958546251,0.197972017187196,0.8348946944020095,24.20190392261279,9.50241715883504e-05,0.967354266006662,0.9673205626734148,124.21879134340767,0.0034541282396375,0.9733342356888196,0.9759307992404436,4.418985435761169,True,0.0190534958546251,0.9733342356888196,0.9759307992404436,124.21879134340767,0.0365168684747887,0.0365168684747887,0.0004751546164663,0.0200319233555068,0.0365168684747887,center_jump_too_large;adjacent_jump_too_large,assets/classic_supersonic/scan_M18_M19_alpha_0_03_strict/point_results/M1.80_alpha0.11000_candidates.csv
1.8,0.11,0.45,0.0261348,0.002874828,0.0006143989299309,0.2,0.45,0.015,0.06,rejected,,-17.638497416047674,3.9389907432715056e-18,600.0,exact_log_amplitude_match,-30.29819208093765,4.118047428179632e-17,1200.0,exact_log_amplitude_match,0.0012153078947217,0.0003096650625142,0.5629552443308752,4.5816745167734725,0.0012153078947217,0.000309665062514,0.5629552443308752,4.581674516773474,7.555581967856136e-05,0.0454505596862073,0.0460079993197899,1.0571638515397423,0.0012280419383308,0.0154487329617835,0.5688539113093237,41.87048860257113,True,0.0012280419383308,0.0454505596862073,0.5688539113093237,41.87048860257113,0.014489455531089,0.014489455531089,0.0023478182619016,0.0211944785094913,0.0211944785094913,adjacent_jump_too_large,assets/classic_supersonic/scan_M18_M19_alpha_0_03_strict/point_results/M1.80_alpha0.11000_candidates.csv
1.8,0.12,0.7615399999999999,1.331136e-05,1.5973632e-06,5.687866975011403e-09,0.6,0.85,1e-05,0.002,rejected,,-69.86191974505742,1.1001844795219956e-16,600.0,exact_log_amplitude_match,-134.8902262042032,9.858578139004733e-16,1200.0,exact_log_amplitude_match,0.7901102747705189,0.2214860854883301,1.5838128510367349,193.80304568562383,0.790110274770519,0.2214860854883304,1.5838128510367353,193.80304568562383,0.004389285484603,0.9720548410133985,0.972017344532952,26.27814699624865,0.1463956593629659,0.9790766135486804,0.9816634383001094,34.7785741784418,True,0.790110274770519,0.9790766135486804,1.5838128510367353,193.80304568562383,0.0953218204873084,0.0953218204873084,0.0029694579950671,0.0529189235974057,0.0953218204873084,edge_not_decayed;center_jump_too_large;adjacent_jump_too_large,assets/classic_supersonic/scan_M18_M19_alpha_0_03_strict/point_results/M1.80_alpha0.12000_candidates.csv
1.8,0.12,0.7615399999999999,0.001,0.00012,1.844649279171881e-06,0.6,0.85,0.001,0.008,rejected,,-69.72728346056054,7.593988271523185e-17,600.0,exact_log_amplitude_match,-134.62099632518232,5.438765090705084e-16,1200.0,exact_log_amplitude_match,0.603473150107536,0.2214811332106014,1.5109509585631893,149.8867568139378,0.6034731501075361,0.2214811332106012,1.5109509585631895,149.88675681393786,0.0033436884235786,0.971526323200288,0.9714890528422628,33.06880688016477,0.111515431767181,0.9784941316881076,0.9810813221414888,26.84193989240696,True,0.6034731501075361,0.9784941316881076,1.5109509585631895,149.88675681393786,0.0890263321839345,0.0890263321839344,0.0012826784205254,0.0491631878916848,0.0890263321839345,edge_not_decayed;center_jump_too_large;adjacent_jump_too_large,assets/classic_supersonic/scan_M18_M19_alpha_0_03_strict/point_results/M1.80_alpha0.12000_candidates.csv
1.8,0.12,0.45714,0.02478408,0.0029740896,2.8270757769953945e-05,0.4,0.65,0.015,0.06,rejected,,-20.97216128556716,6.458649524526718e-18,600.0,exact_log_amplitude_match,-36.97105449450598,6.054746591994817e-17,1200.0,exact_log_amplitude_match,0.0009699429564774,0.000113317166379,0.5724140874207364,5.3343454223111095,0.0009699429564774,0.0001133171663791,0.5724140874207363,5.334345422311111,6.512131875048299e-05,0.0032380494061087,0.0384314974352395,1.0142782785840148,0.0009798800912394,0.0026266543803538,0.5782785105688938,46.35766410007434,True,0.0009798800912394,0.0032380494061087,0.5782785105688938,46.35766410007434,0.0152596008208985,0.0152596008208985,0.0026288168651803,0.0221020474341733,0.0221020474341733,adjacent_jump_too_large,assets/classic_supersonic/scan_M18_M19_alpha_0_03_strict/point_results/M1.80_alpha0.12000_candidates.csv
1.8,0.12,0.7615399999999999,0.005,0.0006,4.589890556964765e-05,0.6,0.85,0.005,0.02,rejected,,-69.18463501574045,7.233661575590834e-17,600.0,exact_log_amplitude_match,-133.53586816550202,5.3446853307593e-16,1200.0,exact_log_amplitude_match,0.2028098568302731,0.2199230761342649,1.2508406200819535,66.70787618633011,0.202809856830273,0.219923076134265,1.2508406200819535,66.70787618633011,0.001120516599572,0.9698605731454744,0.9698236763045988,63.52166179330874,0.0373655596633101,0.9767300063518196,0.9793181721322568,11.927382987269874,True,0.2028098568302731,0.9767300063518196,1.2508406200819535,66.70787618633011,0.0679913767941319,0.0679913767941319,0.0009741498077805,0.0373772890541524,0.0679913767941319,edge_not_decayed;center_jump_too_large;adjacent_jump_too_large,assets/classic_supersonic/scan_M18_M19_alpha_0_03_strict/point_results/M1.80_alpha0.12000_candidates.csv
1.8,0.12,0.760384,0.015,0.0018,0.0004082849936312,0.6,0.85,0.015,0.06,rejected,,-67.77919993650784,7.699979601766341e-17,600.0,exact_log_amplitude_match,-130.72494741858952,6.941362711556487e-16,1200.0,exact_log_amplitude_match,0.0133575108581448,0.2111720461811765,0.8010824392356176,23.77211108206663,0.0133575108581448,0.2111720461811765,0.8010824392356178,23.772111082066637,7.382256338809984e-05,0.965294366051364,0.9652581444041876,118.0417143557612,0.0024627852853417,0.9720064777976576,0.9746001827575048,4.307999430409135,True,0.0133575108581448,0.9720064777976576,0.9746001827575048,118.0417143557612,0.0361429489337308,0.0361429489337308,0.0005141866858777,0.0198684555125828,0.0361429489337308,center_jump_too_large;adjacent_jump_too_large,assets/classic_supersonic/scan_M18_M19_alpha_0_03_strict/point_results/M1.80_alpha0.12000_candidates.csv
1.8,0.12,0.45714,0.02,0.0024,0.0010980447777286,0.4,0.65,0.005,0.02,rejected,,-20.58448479048541,4.781875091362624e-18,600.0,exact_log_amplitude_match,-36.19350763051288,5.28794102177052e-17,1200.0,exact_log_amplitude_match,0.0037035368084099,0.0001346671290958,0.7151452301563695,6.277356835923753,0.0037035368084099,0.0001346671290958,0.7151452301563697,6.277356835923752,0.0002497708575671,0.0796324115819455,0.0797131345544591,1.1408138056074726,0.0037338913624575,0.0295668988712883,0.7210066310518538,63.911100515992,True,0.0037338913624575,0.0796324115819455,0.7210066310518538,63.911100515992,0.0206319189853837,0.0206319189853836,0.0037121803128995,0.0300196621510286,0.0300196621510286,stage1_too_large;adjacent_jump_too_large,assets/classic_supersonic/scan_M18_M19_alpha_0_03_strict/point_results/M1.80_alpha0.12000_candidates.csv
1.8,0.13,0.7615399999999999,1.0310440000000002e-05,1.3403572000000005e-06,5.9858401126580795e-09,0.6,0.85,1e-05,0.002,rejected,,-75.26959813580388,1.4673981899439375e-16,600.0,exact_log_amplitude_match,-145.71737410831915,1.1248832893603749e-15,1200.0,exact_log_amplitude_match,0.7780922048443117,0.2360775644681501,1.559105875717166,206.43921865180383,0.7780922048443116,0.2360775644681502,1.559105875717166,206.43921865180383,0.0047397422307256,0.9701344847116594,0.9700946808674252,22.91001927301952,0.1461040731310175,0.9778501494097694,0.980434130890611,36.64350802556645,True,0.7780922048443117,0.9778501494097694,1.559105875717166,206.43921865180383,0.0999097510779396,0.0999097510779397,0.0032053573535586,0.0555815403131904,0.0999097510779397,edge_not_decayed;center_jump_too_large;adjacent_jump_too_large,assets/classic_supersonic/scan_M18_M19_alpha_0_03_strict/point_results/M1.80_alpha0.13000_candidates.csv
1.8,0.13,0.7615399999999999,0.001,0.00013,1.9944318291367527e-06,0.6,0.85,0.001,0.008,rejected,,-75.12329535808402,9.063192007558243e-17,600.0,exact_log_amplitude_match,-145.42481762420462,6.325787181897819e-16,1200.0,exact_log_amplitude_match,0.5815199500868689,0.2348476763618617,1.4866791489070483,156.34139353388596,0.5815199500868689,0.2348476763618617,1.486679148907048,156.34139353388596,0.0035491141240601,0.9693551900216724,0.969315333112572,29.156002502174143,0.1094022331382947,0.9770706718396672,0.9796548255549148,27.81767453188792,True,0.5815199500868689,0.9770706718396672,1.4866791489070483,156.34139353388596,0.0927758514588303,0.0927758514588303,0.0014429984804123,0.0513973824723253,0.0927758514588303,edge_not_decayed;center_jump_too_large;adjacent_jump_too_large,assets/classic_supersonic/scan_M18_M19_alpha_0_03_strict/point_results/M1.80_alpha0.13000_candidates.csv
1.8,0.13,0.460644,0.0232619999999999,0.00302406,3.004607648375079e-05,0.4,0.65,0.015,0.06,rejected,,-23.48699747868021,8.696404163905091e-18,600.0,exact_log_amplitude_match,-42.00397775704538,7.734633548857826e-17,1200.0,exact_log_amplitude_match,0.0008660587827122,0.0001246429223771,0.5893798427557654,5.909424368474803,0.0008660587827122,0.0001246429223771,0.5893798427557653,5.909424368474803,6.236740896010674e-05,0.0008641419733446,0.0424429547043889,1.019244007129448,0.0008746267169417,0.0027389016119311,0.5952105874281696,50.28529736002576,True,0.0008746267169417,0.0027389016119311,0.5952105874281696,50.28529736002576,0.016279686281997,0.0162796862819971,0.0029768882589618,0.0234204869636385,0.0234204869636385,adjacent_jump_too_large,assets/classic_supersonic/scan_M18_M19_alpha_0_03_strict/point_results/M1.80_alpha0.13000_candidates.csv
1.8,0.13,0.7615399999999999,0.005,0.00065,4.96312968650005e-05,0.6,0.85,0.005,0.02,rejected,,-74.53541535987797,8.66794054132907e-17,600.0,exact_log_amplitude_match,-144.24925127136856,6.145407669006213e-16,1200.0,exact_log_amplitude_match,0.1784662679335918,0.2331395162992788,1.2213892815370455,66.50155620571954,0.1784662679335918,0.233139516299279,1.221389281537046,66.50155620571954,0.0010857227777446,0.96774524780526,0.9677058384204814,58.86587471287626,0.033462696788202,0.9753520689289256,0.9779372331278864,11.810760841831982,True,0.1784662679335918,0.9753520689289256,1.221389281537046,66.50155620571954,0.0695033773271519,0.0695033773271519,0.0010744474066813,0.0383141713272301,0.0695033773271519,edge_not_decayed;center_jump_too_large;adjacent_jump_too_large,assets/classic_supersonic/scan_M18_M19_alpha_0_03_strict/point_results/M1.80_alpha0.13000_candidates.csv
1.8,0.13,0.760384,0.015,0.00195,0.0004415932981634,0.6,0.85,0.015,0.06,rejected,,-73.01283064829661,9.221821789198799e-17,600.0,exact_log_amplitude_match,-141.20405708717368,6.703165512866511e-16,1200.0,exact_log_amplitude_match,0.0093700212359028,0.2238081050411898,0.7696518627139338,23.36670097180114,0.0093700212359028,0.2238081050411898,0.769651862713934,23.366700971801137,5.695089614610768e-05,0.9632859540715633,0.9632473907822784,112.39457026760584,0.0017559295582216,0.9707185335562546,0.9733093166697868,4.203905739449599,True,0.0093700212359028,0.9707185335562546,0.9733093166697868,112.39457026760584,0.0357677825328225,0.0357677825328225,0.000549828044492,0.0197003774956304,0.0357677825328225,center_jump_too_large;adjacent_jump_too_large,assets/classic_supersonic/scan_M18_M19_alpha_0_03_strict/point_results/M1.80_alpha0.13000_candidates.csv
1.8,0.13,0.4609,0.02,0.0026,0.0008004662676834,0.4,0.65,0.005,0.02,rejected,,-23.40506840625106,7.373790971654292e-18,600.0,exact_log_amplitude_match,-41.8389680446321,7.248776789048056e-17,1200.0,exact_log_amplitude_match,0.0023293619524068,0.0001219172319683,0.6904248432915496,6.708464340867584,0.0023293619524068,0.0001219172319682,0.6904248432915499,6.708464340867585,0.0001684439501727,0.0544201939968914,0.0544430115001763,1.1331903503361316,0.0023490587680244,0.0213084795561099,0.6962629960961308,62.34096514042518,True,0.0023490587680244,0.0544201939968914,0.6962629960961308,62.34096514042518,0.0201680695253853,0.0201680695253854,0.003790165663561,0.0290691043575021,0.0290691043575021,adjacent_jump_too_large,assets/classic_supersonic/scan_M18_M19_alpha_0_03_strict/point_results/M1.80_alpha0.13000_candidates.csv
1.8,0.14,0.7615399999999999,1.2793960000000002e-05,1.7911544000000005e-06,6.597217151891537e-09,0.6,0.85,1e-05,0.002,rejected,,-80.67669502952185,1.5288697945642963e-16,600.0,exact_log_amplitude_match,-156.54313500614404,1.142835832567154e-15,1200.0,exact_log_amplitude_match,0.7685006664909969,0.2471284053080052,1.5410831756857093,218.50735481453268,0.7685006664909968,0.2471284053080051,1.541083175685709,218.5073548145328,0.0051552155429883,0.9674612087526988,0.9674185307516088,19.64591733866094,0.1477677047764571,0.9759957691279344,0.9785763515377836,38.80263653458925,True,0.7685006664909969,0.9759957691279344,1.5410831756857093,218.5073548145328,0.1025238698480483,0.1025238698480483,0.0023424878305163,0.0572158604163738,0.1025238698480483,edge_not_decayed;center_jump_too_large;adjacent_jump_too_large,assets/classic_supersonic/scan_M18_M19_alpha_0_03_strict/point_results/M1.80_alpha0.14000_candidates.csv
1.8,0.14,0.7615399999999999,0.001,0.00014,2.144030143250646e-06,0.6,0.85,0.001,0.008,rejected,,-80.51953104367455,1.0817385545133063e-16,600.0,exact_log_amplitude_match,-156.2288627142487,7.241347875984718e-16,1200.0,exact_log_amplitude_match,0.5606875643350572,0.2476635871672111,1.4636072038970134,162.25998653965388,0.5606875643350572,0.247663587167211,1.4636072038970134,162.2599865396539,0.0037446978294515,0.9672364616078808,0.9671941759815692,25.92865829401092,0.1073271610849065,0.9756898371755426,0.9782708840569008,28.69301113536135,True,0.5606875643350572,0.9756898371755426,1.4636072038970134,162.2599865396539,0.0949101999161255,0.0949101999161254,0.0015844905885411,0.052739762780612,0.0949101999161255,edge_not_decayed;center_jump_too_large;adjacent_jump_too_large,assets/classic_supersonic/scan_M18_M19_alpha_0_03_strict/point_results/M1.80_alpha0.14000_candidates.csv
1.8,0.14,0.464356,0.02150808,0.0030111312,1.2999717554053414e-05,0.4,0.65,0.015,0.06,rejected,,-26.337458929689507,1.138066952796706e-17,600.0,exact_log_amplitude_match,-47.70862366298651,9.808192070087673e-17,1200.0,exact_log_amplitude_match,0.0008956406720294,0.0001353206049112,0.6183363565839998,6.65981790361,0.0008956406720294,0.0001353206049111,0.6183363565839999,6.6598179036100005,6.865439177412136e-05,0.0021869045878006,0.047397921732283,1.06207919743392,0.0009040324313474,0.0025984373382683,0.6241298962876095,54.6430781114908,True,0.0009040324313474,0.0025984373382683,0.6241298962876095,54.6430781114908,0.0178033047196877,0.0178033047196876,0.0034284614181866,0.0254077624621934,0.0254077624621934,adjacent_jump_too_large,assets/classic_supersonic/scan_M18_M19_alpha_0_03_strict/point_results/M1.80_alpha0.14000_candidates.csv
1.8,0.14,0.7615399999999999,0.005,0.0007,5.336025458856218e-05,0.6,0.85,0.005,0.02,rejected,,-79.88641746686537,1.0227879147722408e-16,600.0,exact_log_amplitude_match,-154.9628561401138,7.040974093419695e-16,1200.0,exact_log_amplitude_match,0.157135116801636,0.2458083476275272,1.1940004711149266,66.1455118256324,0.157135116801636,0.2458083476275273,1.1940004711149268,66.14551182563241,0.0010457322709947,0.9656825072498229,0.9656407497465804,54.85385937279621,0.0299667728060341,0.9740162210022744,0.9765983159350426,11.6718276350684,True,0.157135116801636,0.9740162210022744,1.1940004711149268,66.14551182563241,0.070241603669449,0.070241603669449,0.001164921254983,0.0388223642762579,0.070241603669449,edge_not_decayed;center_jump_too_large;adjacent_jump_too_large,assets/classic_supersonic/scan_M18_M19_alpha_0_03_strict/point_results/M1.80_alpha0.14000_candidates.csv
1.8,0.14,0.464356,0.02,0.0028,0.0003932216287904,0.4,0.65,0.005,0.02,rejected,,-26.295510120739905,1.0605995233213633e-17,600.0,exact_log_amplitude_match,-47.62413904811736,9.537262238969746e-17,1200.0,exact_log_amplitude_match,0.001465302176506,0.0001331659278618,0.6673147618215286,7.086931366532118,0.001465302176506,0.0001331659278619,0.6673147618215285,7.086931366532118,0.0001129065900731,0.0251909348442332,0.0514189055819096,1.1188796794478182,0.0014780360712889,0.0113910976251918,0.6731139177547253,60.34728644730543,True,0.0014780360712889,0.0251909348442332,0.6731139177547253,60.34728644730543,0.0197275544888718,0.0197275544888718,0.003846701101792,0.0281738320920189,0.0281738320920189,adjacent_jump_too_large,assets/classic_supersonic/scan_M18_M19_alpha_0_03_strict/point_results/M1.80_alpha0.14000_candidates.csv
1.8,0.14,0.760384,0.015,0.0021,0.0004748949331767,0.6,0.85,0.015,0.06,rejected,,-78.24667791469685,1.0875041344951851e-16,600.0,exact_log_amplitude_match,-151.68338330599573,7.51611981378711e-16,1200.0,exact_log_amplitude_match,0.0065765862048965,0.2359200319657827,0.7405210237346161,22.98477813183,0.0065765862048965,0.2359200319657829,0.7405210237346159,22.98477813183,4.367250887267428e-05,0.9613305368230844,0.9612898138554896,107.21725763028346,0.0012519016814286,0.9694716541934552,0.97205945513127,4.106145327494967,True,0.0065765862048965,0.9694716541934552,0.97205945513127,107.21725763028346,0.0353011444366173,0.0353011444366174,0.0005787682053443,0.0194780293398177,0.0353011444366174,center_jump_too_large;adjacent_jump_too_large,assets/classic_supersonic/scan_M18_M19_alpha_0_03_strict/point_results/M1.80_alpha0.14000_candidates.csv
1.8,0.15,0.7615399999999999,1.1966120000000002e-05,1.7949180000000002e-06,7.02897830492007e-09,0.6,0.85,1e-05,0.002,rejected,,-86.08450339362777,2.2002212277715995e-16,600.0,exact_log_amplitude_match,-167.37011610677115,1.4021097989827018e-15,1200.0,exact_log_amplitude_match,0.7569529157566977,0.2608649414154679,1.5183814869102754,230.381701645306,0.7569529157566975,0.2608649414154679,1.5183814869102752,230.381701645306,0.0054964236521033,0.965646814430998,0.9656022620316258,17.46090051588584,0.1472304272099221,0.9748313490371628,0.9774090208209122,40.44274239879558,True,0.7569529157566977,0.9748313490371628,1.5183814869102754,230.381701645306,0.1047395717043723,0.1047395717043723,0.0019152287041932,0.0583853071024838,0.1047395717043723,edge_not_decayed;center_jump_too_large;adjacent_jump_too_large,assets/classic_supersonic/scan_M18_M19_alpha_0_03_strict/point_results/M1.80_alpha0.15000_candidates.csv
1.8,0.15,0.7615399999999999,0.001,0.00015,2.293542146097697e-06,0.6,0.85,0.001,0.008,rejected,,-85.91596877949624,1.2366617383006383e-16,600.0,exact_log_amplitude_match,-167.03310986031946,1.1815990237836109e-15,1200.0,exact_log_amplitude_match,0.5408900812113044,0.2599656343254044,1.4416180208790557,167.68905841917552,0.5408900812113044,0.2599656343254043,1.4416180208790554,167.68905841917558,0.0039306426395273,0.9651728161423554,0.9651282649959888,23.237840000221208,0.1052871578993427,0.974352321527185,0.9769301944114726,29.47731982467844,True,0.5408900812113044,0.974352321527185,1.4416180208790557,167.68905841917558,0.0966980189115157,0.0966980189115157,0.0017241991074708,0.0538882222646076,0.0966980189115157,edge_not_decayed;center_jump_too_large;adjacent_jump_too_large,assets/classic_supersonic/scan_M18_M19_alpha_0_03_strict/point_results/M1.80_alpha0.15000_candidates.csv
1.8,0.15,0.46754,0.0195704,0.00293556,3.126404983666132e-05,0.4,0.65,0.005,0.02,rejected,,-29.232715187198583,1.4222426890326896e-17,600.0,exact_log_amplitude_match,-53.50263464011297,1.2069376937583834e-16,1200.0,exact_log_amplitude_match,0.0010712792284932,0.0001487109301018,0.660401533380195,7.562383445575091,0.0010712792284932,0.0001487109301019,0.6604015333801949,7.562383445575093,8.709507270035904e-05,0.0004424240113733,0.0536906886938104,1.1187638896857188,0.0010806041509565,0.0029291605298267,0.6661499815874091,59.95699325063298,True,0.0010806041509565,0.0029291605298267,0.6661499815874091,59.95699325063298,0.01990546458182,0.01990546458182,0.0040211392129538,0.0281814245614082,0.0281814245614082,adjacent_jump_too_large,assets/classic_supersonic/scan_M18_M19_alpha_0_03_strict/point_results/M1.80_alpha0.15000_candidates.csv
1.8,0.15,0.46754,0.01956336,0.002934504,3.1327322140186474e-05,0.4,0.65,0.015,0.06,rejected,,-29.23271044836567,1.4218112991068678e-17,600.0,exact_log_amplitude_match,-53.50262266836482,1.206792846655419e-16,1200.0,exact_log_amplitude_match,0.0010739190761759,0.0001486960027774,0.6606443463016043,7.564803196279165,0.0010739190761759,0.0001486960027775,0.6606443463016043,7.564803196279167,8.731932084045873e-05,0.000470293728972,0.0537163524849188,1.1190558474746946,0.0010832635075988,0.0029665279404868,0.6663927735311118,59.98506011584789,True,0.0010832635075988,0.0029665279404868,0.6663927735311118,59.98506011584789,0.0199153954273394,0.0199153954273394,0.0040233676504989,0.0281955326412125,0.0281955326412125,adjacent_jump_too_large,assets/classic_supersonic/scan_M18_M19_alpha_0_03_strict/point_results/M1.80_alpha0.15000_candidates.csv
1.8,0.15,0.7615399999999999,0.005,0.00075,5.708827459375424e-05,0.6,0.85,0.005,0.02,rejected,,-85.23761961646716,1.1973473496028715e-16,600.0,exact_log_amplitude_match,-165.67666105147896,7.956100131870624e-16,1200.0,exact_log_amplitude_match,0.1384274230015959,0.2579668551901664,1.1684307593411356,65.68188489012721,0.1384274230015959,0.2579668551901662,1.1684307593411356,65.68188489012721,0.0010020048851363,0.963673946251014,0.9636300103452792,51.36341020267969,0.0268348234258813,0.9727232772906482,0.9753022381658368,11.51781634049138,True,0.1384274230015959,0.9727232772906482,1.1684307593411356,65.68188489012721,0.0708455792328194,0.0708455792328194,0.001254266762168,0.0392525847657232,0.0708455792328194,edge_not_decayed;center_jump_too_large;adjacent_jump_too_large,assets/classic_supersonic/scan_M18_M19_alpha_0_03_strict/point_results/M1.80_alpha0.15000_candidates.csv
1.8,0.15,0.760384,0.015,0.00225,0.0005082136348238,0.6,0.85,0.015,0.06,rejected,,-83.48072011975836,1.26533585742357e-16,600.0,exact_log_amplitude_match,-162.16290446676408,8.429606892238272e-16,1200.0,exact_log_amplitude_match,0.0046183479815401,0.2475446864023603,0.7135333310745794,22.624765590747053,0.0046183479815401,0.2475446864023602,0.7135333310745793,22.62476559074705,3.331638917655615e-05,0.9594277951515432,0.9593850997272632,102.45970323696382,0.0008924960398576,0.9682670115150044,0.970851772922,4.014091157786671,True,0.0046183479815401,0.9682670115150044,0.970851772922,102.45970323696382,0.034839663519819,0.034839663519819,0.0006119260523198,0.019254658971656,0.034839663519819,center_jump_too_large;adjacent_jump_too_large,assets/classic_supersonic/scan_M18_M19_alpha_0_03_strict/point_results/M1.80_alpha0.15000_candidates.csv
1.8,0.16,0.7615399999999999,1.0604960000000002e-05,1.6967936000000005e-06,7.386660103591504e-09,0.6,0.85,1e-05,0.002,rejected,,-91.49260904017082,2.81830722198119e-16,600.0,exact_log_amplitude_match,-178.19751045145728,1.6129554915442766e-15,1200.0,exact_log_amplitude_match,0.7479735458627186,0.2722874724636352,1.498634159214537,242.10508404338057,0.7479735458627187,0.2722874724636353,1.498634159214537,242.10508404338063,0.0058862014339188,0.963437209700868,0.9633904889448884,15.38259499594516,0.1480204609084203,0.973346408220828,0.9759207992007224,42.31120908244482,True,0.7479735458627187,0.973346408220828,1.498634159214537,242.10508404338063,0.1090712974160601,0.1090712974160601,0.002618846959886,0.0610610928961907,0.1090712974160601,edge_not_decayed;center_jump_too_large;adjacent_jump_too_large,assets/classic_supersonic/scan_M18_M19_alpha_0_03_strict/point_results/M1.80_alpha0.16000_candidates.csv
1.8,0.16,0.7615399999999999,0.001,0.00016,2.4430671164337826e-06,0.6,0.85,0.001,0.008,rejected,,-91.3125873045186,1.6008653004759554e-16,600.0,exact_log_amplitude_match,-177.8375377841322,9.077855797769966e-16,1200.0,exact_log_amplitude_match,0.5220493351331951,0.2717880072540717,1.420559673163059,172.66920404482553,0.5220493351331951,0.2717880072540715,1.420559673163059,172.6692040448255,0.0041071289059922,0.9631656552125554,0.9631190069696222,20.97229917667501,0.1032794189581812,0.9730587697366324,0.9756334043427596,30.17855574663174,True,0.5220493351331951,0.9730587697366324,1.420559673163059,172.66920404482553,0.1001154351428092,0.1001154351428092,0.0018983911861661,0.0559451278508834,0.1001154351428092,edge_not_decayed;center_jump_too_large;adjacent_jump_too_large,assets/classic_supersonic/scan_M18_M19_alpha_0_03_strict/point_results/M1.80_alpha0.16000_candidates.csv
1.8,0.16,0.4709,0.01748696,0.0027979136,2.335661884911183e-05,0.4,0.65,0.005,0.02,rejected,,-32.462208420546574,1.7528801674571578e-17,600.0,exact_log_amplitude_match,-59.96559721192251,1.4743190252018314e-16,1200.0,exact_log_amplitude_match,0.001480632241219,0.0001590618300043,0.7163088106239792,8.762552465016569,0.001480632241219,0.0001590618300044,0.716308810623979,8.762552465016569,0.0001267443357757,0.0028468572089821,0.0613171062235413,1.1913009889721375,0.0014923515523574,0.0025632373856092,0.7219784465481647,66.21480669854606,True,0.0014923515523574,0.0028468572089821,0.7219784465481647,66.21480669854606,0.0227465424125008,0.0227465424125008,0.004788193427942,0.0319109259111322,0.0319109259111322,adjacent_jump_too_large,assets/classic_supersonic/scan_M18_M19_alpha_0_03_strict/point_results/M1.80_alpha0.16000_candidates.csv
1.8,0.16,0.7615399999999999,0.005,0.0008,6.081789230200337e-05,0.6,0.85,0.005,0.02,rejected,,-90.589000584459,1.4210503622213915e-16,600.0,exact_log_amplitude_match,-176.39064478137152,8.863742831268046e-16,1200.0,exact_log_amplitude_match,0.1220070950330665,0.2696496300445108,1.1444335305342894,65.14240094090835,0.1220070950330665,0.2696496300445106,1.1444335305342896,65.14240094090835,0.0009557521397373,0.961721563478974,0.9616756240234584,48.30077600831439,0.0240285547471221,0.9714739930138184,0.9740497579464514,11.354006742469595,True,0.1220070950330665,0.9714739930138184,1.1444335305342896,65.14240094090835,0.0719981016596566,0.0719981016596566,0.0013548707053812,0.0399833443091676,0.0719981016596566,edge_not_decayed;center_jump_too_large;adjacent_jump_too_large,assets/classic_supersonic/scan_M18_M19_alpha_0_03_strict/point_results/M1.80_alpha0.16000_candidates.csv
1.8,0.16,0.760384,0.015,0.0024,0.0005415734736144,0.6,0.85,0.015,0.06,rejected,,-88.71493618612942,1.4569127060329555e-16,600.0,exact_log_amplitude_match,-172.64259949546835,1.0319388836604209e-15,1200.0,exact_log_amplitude_match,0.0032447474412353,0.258716212908637,0.6886124296025417,22.284851163551288,0.0032447474412353,0.2587162129086368,0.6886124296025415,22.284851163551284,2.530048675245256e-05,0.9575808544073858,0.9575363785601372,98.0793767232604,0.0006362180196827,0.9671056871622632,0.969687354527128,3.927123162155477,True,0.0032447474412353,0.9671056871622632,0.969687354527128,98.0793767232604,0.0344230841023711,0.0344230841023711,0.0006425124313412,0.0190523734390005,0.0344230841023711,center_jump_too_large;adjacent_jump_too_large,assets/classic_supersonic/scan_M18_M19_alpha_0_03_strict/point_results/M1.80_alpha0.16000_candidates.csv
1.8,0.16,0.4717960000000001,0.008,0.00128,0.0028950616485881,0.4,0.65,0.001,0.008,rejected,,-33.54416985797073,1.2850281703162677e-17,600.0,exact_log_amplitude_match,-62.12841564184438,1.1621623220592176e-16,1200.0,exact_log_amplitude_match,0.0508260323577468,0.0003444430527729,1.2289669539912829,18.7451691513506,0.0508260323577468,0.000344443052773,1.2289669539912829,18.7451691513506,0.0044026666409626,0.1673537741604169,0.16718872738572,2.1400966580494494,0.0510072117467926,0.0617942004958676,1.2333478484178702,157.6983466050349,True,0.0510072117467926,0.1673537741604169,1.2333478484178702,157.6983466050349,0.0480050729147312,0.0480050729147312,0.01074040511661,0.0669978845233652,0.0669978845233652,stage1_too_large;edge_not_decayed;adjacent_jump_too_large,assets/classic_supersonic/scan_M18_M19_alpha_0_03_strict/point_results/M1.80_alpha0.16000_candidates.csv
1.8,0.17,0.7615399999999999,1.003184e-05,1.7054128000000005e-06,7.795484353093977e-09,0.6,0.85,1e-05,0.002,rejected,,-96.90075383902725,3.218983089321729e-16,600.0,exact_log_amplitude_match,-189.0248224687842,1.7612661106247033e-15,1200.0,exact_log_amplitude_match,0.7385594283414719,0.2839460716122018,1.4813211242045357,253.4823577154583,0.7385594283414718,0.2839460716122019,1.4813211242045357,253.48235771545825,0.0062692586781182,0.9617876929914057,0.9617388843973372,13.676054419586132,0.1485914851579064,0.9724289505804132,0.9749999373339954,44.07287254903208,True,0.7385594283414719,0.9724289505804132,1.4813211242045357,253.4823577154583,0.1125086540407555,0.1125086540407553,0.0024609591682722,0.0631468544960589,0.1125086540407555,edge_not_decayed;center_jump_too_large;adjacent_jump_too_large,assets/classic_supersonic/scan_M18_M19_alpha_0_03_strict/point_results/M1.80_alpha0.17000_candidates.csv
1.8,0.17,0.7615399999999999,0.001,0.00017,2.5927059561866524e-06,0.6,0.85,0.001,0.008,rejected,,-96.70936602683068,1.8331104251207943e-16,600.0,exact_log_amplitude_match,-188.64212591028155,9.913675546550996e-16,1200.0,exact_log_amplitude_match,0.5040942570739883,0.283162482315473,1.4002774690181046,177.23594853028564,0.5040942570739884,0.2831624823154729,1.400277469018105,177.23594853028567,0.0042743200577971,0.9612158713550256,0.9611672995923838,19.04783212968865,0.1013014053572395,0.9718097675917388,0.9743811025635292,30.803501535410064,True,0.5040942570739884,0.9718097675917388,1.400277469018105,177.23594853028567,0.1027617378726731,0.1027617378726733,0.0020643572960615,0.0575729779857818,0.1027617378726733,edge_not_decayed;center_jump_too_large;adjacent_jump_too_large,assets/classic_supersonic/scan_M18_M19_alpha_0_03_strict/point_results/M1.80_alpha0.17000_candidates.csv
1.8,0.17,0.4738839999999999,0.01525272,0.0025929624,1.7879932343389084e-05,0.4,0.65,0.015,0.06,rejected,,-35.77189932506052,2.0968683388106573e-17,600.0,exact_log_amplitude_match,-66.58881258950734,1.754398476338216e-16,1200.0,exact_log_amplitude_match,0.0023922281860464,0.0001709334974237,0.7911199434893484,10.342992958525866,0.0023922281860464,0.0001709334974237,0.7911199434893482,10.342992958525866,0.0002151069984521,0.0025601124449262,0.0711367909851803,1.2931202787114575,0.0024089925603526,0.0026035055619617,0.7966639928549937,74.70443158214977,True,0.0024089925603526,0.0026035055619617,0.7966639928549937,74.70443158214977,0.0265811421393049,0.0265811421393049,0.0058145965315906,0.0369496876944364,0.0369496876944364,adjacent_jump_too_large,assets/classic_supersonic/scan_M18_M19_alpha_0_03_strict/point_results/M1.80_alpha0.17000_candidates.csv
1.8,0.17,0.7615399999999999,0.005,0.00085,6.455168054861002e-05,0.6,0.85,0.005,0.02,rejected,,-95.9405398309625,1.697622266978111e-16,600.0,exact_log_amplitude_match,-187.1047867891253,9.79981360817396e-16,1200.0,exact_log_amplitude_match,0.1075833413398694,0.280888796782663,1.1217807922386989,64.5508430851955,0.1075833413398694,0.2808887967826631,1.1217807922386989,64.55084308519551,0.0009079728160488,0.959826306092856,0.9597785429378765,45.59316633678924,0.0215138168728527,0.970269055173696,0.9728415651494356,11.184221942927296,True,0.1075833413398694,0.970269055173696,1.1217807922386989,64.55084308519551,0.0727518280179446,0.0727518280179446,0.0014496716773634,0.0404893848865561,0.0727518280179446,edge_not_decayed;center_jump_too_large;adjacent_jump_too_large,assets/classic_supersonic/scan_M18_M19_alpha_0_03_strict/point_results/M1.80_alpha0.17000_candidates.csv
1.8,0.17,0.760384,0.015,0.00255,0.0005749988269709,0.6,0.85,0.015,0.06,rejected,,-93.94930575698082,1.6608763222551223e-16,600.0,exact_log_amplitude_match,-183.1224480232684,1.1692751440426489e-15,1200.0,exact_log_amplitude_match,0.0022806878030288,0.2694662903219247,0.6656814416245609,21.96320162235568,0.0022806878030288,0.2694662903219246,0.665681441624561,21.963201622355683,1.9135827849546475e-05,0.9557909092056022,0.9557448496320956,94.03963093959209,0.0004534822141957,0.9659886647450632,0.968567186347808,3.844660511862448,True,0.0022806878030288,0.9659886647450632,0.968567186347808,94.03963093959209,0.0339732392116315,0.0339732392116315,0.0006690058211976,0.018828034727351,0.0339732392116315,center_jump_too_large;adjacent_jump_too_large,assets/classic_supersonic/scan_M18_M19_alpha_0_03_strict/point_results/M1.80_alpha0.17000_candidates.csv
1.8,0.17,0.4742039999999999,0.008,0.00136,0.0023000268699156,0.4,0.65,0.001,0.008,rejected,,-36.61370171460917,1.6691999197469236e-17,600.0,exact_log_amplitude_match,-68.271381807067,1.4509366738828318e-16,1200.0,exact_log_amplitude_match,0.0422295410099599,0.0002781272456821,1.2126842523919823,19.400607434502767,0.0422295410099599,0.0002781272456819,1.212684252391982,19.40060743450277,0.0037536284089019,0.1227752775844845,0.1226142223496331,2.1171638877296166,0.0423829608304353,0.0476780148149836,1.2170899313047543,151.01201056228493,True,0.0423829608304353,0.1227752775844845,1.2170899313047543,151.01201056228493,0.0480985652332184,0.0480985652332184,0.0110171126945432,0.0665589460229285,0.0665589460229285,stage1_too_large;edge_not_decayed;adjacent_jump_too_large,assets/classic_supersonic/scan_M18_M19_alpha_0_03_strict/point_results/M1.80_alpha0.17000_candidates.csv
1.8,0.18,0.7615399999999999,1.229248e-05,2.2126464e-06,8.4167110104888e-09,0.6,0.85,1e-05,0.002,rejected,,-102.30847183665064,3.597146599120164e-16,600.0,exact_log_amplitude_match,-199.85114023540177,1.8831195146037723e-15,1200.0,exact_log_amplitude_match,0.7299380620074454,0.2940308551057513,1.4657956043892832,264.38346147082603,0.7299380620074454,0.2940308551057516,1.4657956043892832,264.3834614708261,0.0066658182840641,0.9595626796358904,0.9595119226740332,12.176976458180112,0.149429453089091,0.9709283743856708,0.9734958807155586,45.85426949952613,True,0.7299380620074454,0.9709283743856708,1.4657956043892832,264.3834614708261,0.1128567466106794,0.1128567466106793,0.0025496609402598,0.0636142283635912,0.1128567466106794,edge_not_decayed;center_jump_too_large;adjacent_jump_too_large,assets/classic_supersonic/scan_M18_M19_alpha_0_03_strict/point_results/M1.80_alpha0.18000_candidates.csv
1.8,0.18,0.7615399999999999,0.001,0.0001799999999999,2.7425610538911145e-06,0.6,0.85,0.001,0.008,rejected,,-102.1062851796547,1.823158394668264e-16,600.0,exact_log_amplitude_match,-199.44685447657,1.2343868889537674e-15,1200.0,exact_log_amplitude_match,0.4869602167258724,0.2941186544080461,1.3818911285050193,181.42045801430717,0.4869602167258723,0.2941186544080461,1.3818911285050195,181.4204580143072,0.0044323605257987,0.9593228236944874,0.9592725070294889,17.399896432520357,0.0993508401161288,0.9706058368092132,0.9731738136640524,31.35796389577702,True,0.4869602167258724,0.9706058368092132,1.3818911285050195,181.4204580143072,0.1030464328801826,0.1030464328801826,0.0021857121292262,0.0578745401785448,0.1030464328801826,edge_not_decayed;center_jump_too_large;adjacent_jump_too_large,assets/classic_supersonic/scan_M18_M19_alpha_0_03_strict/point_results/M1.80_alpha0.18000_candidates.csv
1.8,0.18,0.4767960000000001,0.0128984,0.002321712,3.664039357565264e-05,0.4,0.65,0.005,0.02,rejected,,-39.29304402322053,2.4694119855608735e-17,600.0,exact_log_amplitude_match,-73.63511553978735,2.0466286997761e-16,1200.0,exact_log_amplitude_match,0.0045079714937656,0.0001831960547615,0.8876810482282277,12.576711372938894,0.0045079714937656,0.0001831960547616,0.8876810482282277,12.576711372938895,0.0004144156669359,0.0034694763409915,0.0816040949097909,1.4384003076840488,0.0045350233828723,0.0025613833467266,0.8930079341752271,86.47485405644812,True,0.0045350233828723,0.0034694763409915,0.8930079341752271,86.47485405644812,0.0317738950063586,0.0317738950063586,0.0071945768026797,0.0437402951844078,0.0437402951844078,adjacent_jump_too_large,assets/classic_supersonic/scan_M18_M19_alpha_0_03_strict/point_results/M1.80_alpha0.18000_candidates.csv
1.8,0.18,0.7615399999999999,0.005,0.0009,6.829224629861775e-05,0.6,0.85,0.005,0.02,rejected,,-101.29221765558684,1.881864013415205e-16,600.0,exact_log_amplitude_match,-197.8190673759186,1.078361156169762e-15,1200.0,exact_log_amplitude_match,0.0949042237921734,0.291714219406033,1.100271735766602,63.92494194032301,0.0949042237921734,0.291714219406033,1.1002717357666016,63.92494194032299,0.0008594853701321,0.9579885833964782,0.9579391812092968,43.18339773032958,0.0192601378882007,0.969109076395298,0.9716782752138756,11.011199991990033,True,0.0949042237921734,0.969109076395298,1.100271735766602,63.92494194032301,0.0727195685644343,0.0727195685644343,0.0015291765184413,0.0405530606314831,0.0727195685644343,edge_not_decayed;center_jump_too_large;adjacent_jump_too_large,assets/classic_supersonic/scan_M18_M19_alpha_0_03_strict/point_results/M1.80_alpha0.18000_candidates.csv
1.8,0.18,0.760384,0.015,0.0026999999999999,0.0006085143518065,0.6,0.85,0.015,0.06,rejected,,-99.18380934466867,1.94779540090864e-16,600.0,exact_log_amplitude_match,-193.6024305591602,1.1331431500984622e-15,1200.0,exact_log_amplitude_match,0.0016037060562607,0.2798243460309106,0.6441880425807796,21.65806227402793,0.0016037060562607,0.2798243460309103,0.6441880425807794,21.658062274027927,1.4421135083725169e-05,0.95405896596818,0.9540115237848764,90.30854195511016,0.0003231920429894,0.964916824181886,0.9674921510206153,3.76617358602198,True,0.0016037060562607,0.964916824181886,0.9674921510206153,90.30854195511016,0.0334946914906851,0.0334946914906851,0.0006977126293233,0.0185841677934406,0.0334946914906851,center_jump_too_large;adjacent_jump_too_large,assets/classic_supersonic/scan_M18_M19_alpha_0_03_strict/point_results/M1.80_alpha0.18000_candidates.csv
1.8,0.18,0.476604,0.015,0.0026999999999999,0.0006760728139616,0.4,0.65,0.015,0.06,rejected,,-38.998157424517736,2.6221100920887532e-17,600.0,exact_log_amplitude_match,-73.0455776721512,2.1208934178393555e-16,1200.0,exact_log_amplitude_match,0.0018685304046335,0.0002092217240343,0.7844875621053289,10.849988352828202,0.0018685304046335,0.0002092217240343,0.7844875621053288,10.849988352828204,0.0001709940106239,0.0333690922203466,0.0717904692352665,1.2857678049879395,0.0018816161970046,0.0104198174764709,0.7899815274170359,73.19105642356072,True,0.0018816161970046,0.0333690922203466,0.7899815274170359,73.19105642356072,0.0267846590623191,0.0267846590623191,0.0059896190263077,0.0369201718041681,0.0369201718041681,adjacent_jump_too_large,assets/classic_supersonic/scan_M18_M19_alpha_0_03_strict/point_results/M1.80_alpha0.18000_candidates.csv
1.8,0.19,0.7615399999999999,1e-05,1.9e-06,8.760530567169477e-09,0.6,0.85,1e-05,0.002,rejected,,-107.71724536399294,3.8581043297106284e-16,600.0,exact_log_amplitude_match,-210.6794466136101,3.639427764089016e-15,1200.0,exact_log_amplitude_match,0.7213443063340909,0.3053671225198886,1.4480487294987323,275.4498300089862,0.7213443063340909,0.3053671225198888,1.4480487294987323,275.4498300089862,0.0070251880230653,0.9577723969183812,0.957720407061718,11.030740394120842,0.1493996823693561,0.9697498308750786,0.9723141359200386,47.3441850538912,True,0.7213443063340909,0.9697498308750786,1.4480487294987323,275.4498300089862,0.1138917270916696,0.1138917270916696,0.0040759964252113,0.0642772380754677,0.1138917270916696,edge_not_decayed;center_jump_too_large;adjacent_jump_too_large,assets/classic_supersonic/scan_M18_M19_alpha_0_03_strict/point_results/M1.80_alpha0.19000_candidates.csv
1.8,0.19,0.7615399999999999,0.001,0.00019,2.892736051199335e-06,0.6,0.85,0.001,0.008,rejected,,-107.50332594851888,2.2194191405600436e-16,600.0,exact_log_amplitude_match,-210.251704640996,1.1781068316477406e-15,1200.0,exact_log_amplitude_match,0.4705884521580028,0.3046840978465135,1.3648014761337557,185.2501766169399,0.4705884521580028,0.3046840978465136,1.364801476133756,185.25017661693997,0.0045813986646839,0.9574887188686126,0.9574368405818648,15.978424317289386,0.0974257077220916,0.9694474304545352,0.9720119934964692,31.846941783186058,True,0.4705884521580028,0.9694474304545352,1.364801476133756,185.25017661693997,0.1038513806558444,0.1038513806558444,0.0023187705087246,0.0584611138335047,0.1038513806558444,edge_not_decayed;center_jump_too_large;adjacent_jump_too_large,assets/classic_supersonic/scan_M18_M19_alpha_0_03_strict/point_results/M1.80_alpha0.19000_candidates.csv
1.8,0.19,0.479356,0.0104576,0.001986944,1.630655741337295e-05,0.4,0.65,0.005,0.02,rejected,,-42.86988355913216,2.8496683794586e-17,600.0,exact_log_amplitude_match,-80.79262406011625,2.3143658249356284e-16,1200.0,exact_log_amplitude_match,0.0098409497636757,0.000197100794929,1.011963532862374,15.88138455287354,0.0098409497636757,0.000197100794929,1.011963532862374,15.881384552873543,0.0009047649759272,0.0008765505906108,0.0930386988488691,1.66243870934002,0.0098893406341858,0.002802969175033,1.0169396577331618,104.42875872146666,True,0.0098893406341858,0.002802969175033,1.0169396577331618,104.42875872146666,0.0388605135794423,0.0388605135794423,0.009093737182614,0.0529789549645486,0.0529789549645486,adjacent_jump_too_large,assets/classic_supersonic/scan_M18_M19_alpha_0_03_strict/point_results/M1.80_alpha0.19000_candidates.csv
1.8,0.19,0.7615399999999999,0.005,0.00095,7.204222873020418e-05,0.6,0.85,0.005,0.02,rejected,,-106.644015323044,2.3410561214045827e-16,600.0,exact_log_amplitude_match,-208.533467814878,1.9774310613769095e-15,1200.0,exact_log_amplitude_match,0.0837511750299857,0.302153680471393,1.0797346225383453,63.27782200748563,0.0837511750299857,0.3021536804713928,1.0797346225383448,63.2778220074856,0.0008109556083966,0.956208741533242,0.9561578895627482,41.02603349829447,0.0172403115148245,0.9679945901075792,0.9705604242973546,10.836872758784214,True,0.0837511750299857,0.9679945901075792,1.0797346225383453,63.27782200748563,0.0729318159751697,0.0729318159751697,0.0016135553730407,0.0407471045195145,0.0729318159751697,edge_not_decayed;center_jump_too_large;adjacent_jump_too_large,assets/classic_supersonic/scan_M18_M19_alpha_0_03_strict/point_results/M1.80_alpha0.19000_candidates.csv
1.8,0.19,0.760384,0.015,0.00285,0.0006421449580404,0.6,0.85,0.015,0.06,rejected,,-104.41842844598725,2.196359310836347e-16,600.0,exact_log_amplitude_match,-204.08252861617817,1.232493043818237e-15,1200.0,exact_log_amplitude_match,0.0011280847055293,0.2898177474776431,0.6240081596636127,21.36779929348861,0.0011280847055293,0.289817747477643,0.6240081596636127,21.36779929348861,1.0832800508995136e-05,0.9523858934562112,0.952337273854838,86.85806689771464,0.0002303027682269,0.9638909380693936,0.9664630236906636,3.691186353233069,True,0.0011280847055293,0.9638909380693936,0.9664630236906636,86.85806689771464,0.0330508476638342,0.0330508476638342,0.0007213521300623,0.0183560007659042,0.0330508476638342,center_jump_too_large;adjacent_jump_too_large,assets/classic_supersonic/scan_M18_M19_alpha_0_03_strict/point_results/M1.80_alpha0.19000_candidates.csv
1.8,0.19,0.479484,0.008,0.00152,0.0008335534910486,0.4,0.65,0.001,0.008,rejected,,-43.294004369102566,2.6736146312769682e-17,600.0,exact_log_amplitude_match,-81.64069013574874,2.182518337778032e-16,1200.0,exact_log_amplitude_match,0.0291663238921712,0.000211999103808,1.1822499226240646,20.702638884466644,0.0291663238921712,0.0002119991038078,1.1822499226240644,20.70263888446664,0.0026212113946542,0.0375435780067116,0.1062501733152275,2.054514282442064,0.0292756039212482,0.0177413176355864,1.1866795621644644,138.21426645527055,True,0.0292756039212482,0.0375435780067116,1.1866795621644644,138.21426645527055,0.0483280878513961,0.0483280878513962,0.0114655775776572,0.0657316765936448,0.0657316765936448,edge_not_decayed;adjacent_jump_too_large,assets/classic_supersonic/scan_M18_M19_alpha_0_03_strict/point_results/M1.80_alpha0.19000_candidates.csv
1.8,0.2,0.7615399999999999,1.082784e-05,2.165568e-06,9.227846690307854e-09,0.6,0.85,1e-05,0.002,rejected,,-113.12546482875376,4.455223087505971e-16,600.0,exact_log_amplitude_match,-221.5065408597073,2.193129871655028e-15,1200.0,exact_log_amplitude_match,0.7130396090574684,0.315483091995588,1.4319908668468666,285.9799770586335,0.7130396090574682,0.3154830919955881,1.4319908668468662,285.97997705863344,0.0074147086481581,0.9561058091188332,0.9560521843720052,9.95376780845329,0.1500249206881549,0.9687899090743012,0.9713505887933152,48.9734292743866,True,0.7130396090574684,0.9687899090743012,1.4319908668468666,285.9799770586335,0.1170951936479512,0.1170951936479513,0.0032725564565158,0.0662547043425981,0.1170951936479513,edge_not_decayed;center_jump_too_large;adjacent_jump_too_large,assets/classic_supersonic/scan_M18_M19_alpha_0_03_strict/point_results/M1.80_alpha0.20000_candidates.csv
1.8,0.2,0.7615399999999999,0.001,0.0002,3.0433358351418643e-06,0.6,0.85,0.001,0.008,rejected,,-112.90047056702036,2.4223858950036393e-16,600.0,exact_log_amplitude_match,-221.05665866489343,1.2877195099440757e-15,1200.0,exact_log_amplitude_match,0.454925542461832,0.3148845130804918,1.3480123120223328,188.74937777326505,0.454925542461832,0.3148845130804918,1.3480123120223328,188.74937777326505,0.0047215705081985,0.955714242182532,0.9556609900997552,14.744137448080316,0.0955242497111746,0.968334929035751,0.970896025314524,32.27476743443822,True,0.454925542461832,0.968334929035751,1.3480123120223328,188.74937777326505,0.1063188409616579,0.1063188409616578,0.0024919723070323,0.0599782322937051,0.1063188409616579,edge_not_decayed;center_jump_too_large;adjacent_jump_too_large,assets/classic_supersonic/scan_M18_M19_alpha_0_03_strict/point_results/M1.80_alpha0.20000_candidates.csv
1.8,0.2,0.481884,0.00790648,0.001581296,4.058418539937424e-05,0.4,0.65,0.001,0.008,rejected,,-46.66281775067234,3.25737646060947e-17,600.0,exact_log_amplitude_match,-88.38250989957511,2.6586102677491397e-16,1200.0,exact_log_amplitude_match,0.0253181176448489,0.0002125197433581,1.174842050089836,21.488190124338598,0.0253181176448489,0.0002125197433579,1.174842050089836,21.488190124338583,0.0022913545767502,0.000391956958017,0.1063262184888249,2.044236060035896,0.0254130595060566,0.0030944274830969,1.1792476579193605,134.7442829783165,True,0.0254130595060566,0.0030944274830969,1.1792476579193605,134.7442829783165,0.0489069627542646,0.0489069627542647,0.0117931057725219,0.0659918325673081,0.0659918325673081,edge_not_decayed;adjacent_jump_too_large,assets/classic_supersonic/scan_M18_M19_alpha_0_03_strict/point_results/M1.80_alpha0.20000_candidates.csv
1.8,0.2,0.7615399999999999,0.005,0.001,7.580429628036218e-05,0.6,0.85,0.005,0.02,rejected,,-111.99591514745676,2.315948287433211e-16,600.0,exact_log_amplitude_match,-219.2479703914216,1.2692230722420634e-15,1200.0,exact_log_amplitude_match,0.073934325297545,0.3122330851667395,1.0600250452832631,62.61910112914925,0.073934325297545,0.3122330851667393,1.0600250452832636,62.61910112914925,0.0007629209410465,0.9544883968459458,0.9544362886525944,39.08457833403468,0.0154300314691517,0.9669260494262326,0.9694884682030216,10.662574094358137,True,0.073934325297545,0.9669260494262326,1.0600250452832636,62.61910112914925,0.0736044310025146,0.0736044310025146,0.0017085921627912,0.0411928302003181,0.0736044310025146,edge_not_decayed;center_jump_too_large;adjacent_jump_too_large,assets/classic_supersonic/scan_M18_M19_alpha_0_03_strict/point_results/M1.80_alpha0.20000_candidates.csv
1.8,0.2,0.760384,0.015,0.003,0.0006759157824113,0.6,0.85,0.015,0.06,rejected,,-109.6531456260609,2.434532487836533e-16,600.0,exact_log_amplitude_match,-214.56272475211705,1.326666013966576e-15,1200.0,exact_log_amplitude_match,0.0007937823354444,0.2994719865884229,0.6050234776891543,21.09091319485096,0.0007937823354444,0.2994719865884231,0.6050234776891544,21.090913194850955,8.113381347029552e-06,0.9507724223769424,0.9507228344013544,83.66341256089551,0.0001640847731257,0.9629116702092448,0.9654804706647728,3.6192743399129914,True,0.0007937823354444,0.9629116702092448,0.9654804706647728,83.66341256089551,0.0326329026550112,0.0326329026550112,0.0007483169763819,0.0181387616368655,0.0326329026550112,center_jump_too_large;adjacent_jump_too_large,assets/classic_supersonic/scan_M18_M19_alpha_0_03_strict/point_results/M1.80_alpha0.20000_candidates.csv
1.8,0.2,0.482284,0.015,0.003,0.0024519782829249,0.4,0.65,0.015,0.06,rejected,,-45.85245113896329,3.975031564153152e-17,600.0,exact_log_amplitude_match,-86.76348836000383,3.112940792971784e-16,1200.0,exact_log_amplitude_match,0.0009339845412423,0.000374446073534,0.7513975561793709,11.505185592501649,0.0009339845412423,0.0003744460735338,0.7513975561793708,11.50518559250165,8.70871710708852e-05,0.1042999474134415,0.1044522601893623,1.23310254662577,0.0009407032079466,0.0413910887502403,0.7568027737339291,67.55363119105148,True,0.0009407032079466,0.1042999474134415,0.7568027737339291,67.55363119105148,0.0261922906074743,0.0261922906074743,0.0060410420410434,0.0355070734973461,0.0355070734973461,stage1_too_large;adjacent_jump_too_large,assets/classic_supersonic/scan_M18_M19_alpha_0_03_strict/point_results/M1.80_alpha0.20000_candidates.csv
1.8,0.21,0.7615399999999999,1.200592e-05,2.5212432e-06,9.79248215139479e-09,0.6,0.85,1e-05,0.002,rejected,,-118.53366928179878,4.87851214136733e-16,600.0,exact_log_amplitude_match,-232.33351756319036,2.350216490900553e-15,1200.0,exact_log_amplitude_match,0.705491896501635,0.3247068878611828,1.417127870993187,296.2736777953877,0.705491896501635,0.324706887861183,1.4171278709931867,296.2736777953878,0.0078058574823677,0.9541233535504908,0.9540684489300972,9.019150511931048,0.1506410661626435,0.9674725430513126,0.9700296509913258,50.560477724647136,True,0.705491896501635,0.9674725430513126,1.417127870993187,296.2736777953878,0.1194608754803859,0.119460875480386,0.0029569332280555,0.0677773548870194,0.119460875480386,edge_not_decayed;center_jump_too_large;adjacent_jump_too_large,assets/classic_supersonic/scan_M18_M19_alpha_0_03_strict/point_results/M1.80_alpha0.21000_candidates.csv
1.8,0.21,0.7615399999999999,0.001,0.00021,3.194466556473354e-06,0.6,0.85,0.001,0.008,rejected,,-118.29770238086029,2.6855904294038667e-16,600.0,exact_log_amplitude_match,-231.8616998816984,1.3466030661037754e-15,1200.0,exact_log_amplitude_match,0.4399229034385121,0.3247438883358446,1.3314122565792537,191.9396245949222,0.4399229034385119,0.3247438883358446,1.331412256579253,191.9396245949221,0.0048530077148881,0.9539998700142608,0.953945436255638,13.665897225842237,0.0936449531434447,0.9672686402889116,0.9698262194922592,32.645222105982256,True,0.4399229034385121,0.9672686402889116,1.3314122565792537,191.9396245949222,0.108112637885091,0.108112637885091,0.0026534904946141,0.0611114192891942,0.108112637885091,edge_not_decayed;center_jump_too_large;adjacent_jump_too_large,assets/classic_supersonic/scan_M18_M19_alpha_0_03_strict/point_results/M1.80_alpha0.21000_candidates.csv
1.8,0.21,0.48446,0.00528002,0.0011088042,7.545493191584057e-06,0.4,0.65,0.005,0.02,rejected,,-50.710748770467625,3.7079625299231775e-17,600.0,exact_log_amplitude_match,-96.4826859479724,3.0002387816786107e-16,1200.0,exact_log_amplitude_match,0.0760343644705958,0.0002213791642496,1.3861650135606236,32.77782261688528,0.0760343644705958,0.0002213791642496,1.3861650135606236,32.777822616885274,0.0066111602830055,0.0012826534585185,0.1205265427961575,2.810232995559208,0.0762260720317093,0.0028002082579025,1.3896599900216071,195.20512054092688,True,0.0762260720317093,0.0028002082579025,1.3896599900216071,195.20512054092688,0.063190841793062,0.063190841793062,0.0156514162544819,0.0843282159752539,0.0843282159752539,edge_not_decayed;adjacent_jump_too_large,assets/classic_supersonic/scan_M18_M19_alpha_0_03_strict/point_results/M1.80_alpha0.21000_candidates.csv
1.8,0.21,0.7615399999999999,0.005,0.00105,7.958114447722494e-05,0.6,0.85,0.005,0.02,rejected,,-117.34790056811438,2.54349661500442e-16,600.0,exact_log_amplitude_match,-229.9625585738308,1.3345261284981768e-15,1200.0,exact_log_amplitude_match,0.0652885309605896,0.3219765438303415,1.0410230973247063,61.95575025602332,0.0652885309605896,0.3219765438303415,1.0410230973247063,61.95575025602332,0.0007158082343793,0.952828047892561,0.9527748810753012,37.32940385610559,0.0138075708308708,0.9659038230881476,0.9684627781884132,10.489199356440114,True,0.0652885309605896,0.9659038230881476,1.0410230973247063,61.95575025602332,0.0739978625034447,0.0739978625034447,0.0017977944231367,0.0414768862686736,0.0739978625034447,edge_not_decayed;center_jump_too_large;adjacent_jump_too_large,assets/classic_supersonic/scan_M18_M19_alpha_0_03_strict/point_results/M1.80_alpha0.21000_candidates.csv
1.8,0.21,0.48446,0.0061381119999999,0.0012890035199999,0.0003110638682244,0.4,0.65,0.001,0.008,rejected,,-50.53900135386654,3.7816170258898026e-17,600.0,exact_log_amplitude_match,-96.1392540625322,3.0702424495618044e-16,1200.0,exact_log_amplitude_match,0.0500117943198373,0.0002349731944657,1.3077570552911624,28.300041016690376,0.0500117943198373,0.0002349731944657,1.3077570552911624,28.300041016690376,0.0044233882034785,0.011182037409927,0.115667058342202,2.477517671572814,0.0501585834349307,0.0031865627999832,1.3115954398865175,167.90914583205586,True,0.0501585834349307,0.011182037409927,1.3115954398865175,167.90914583205586,0.0580282812390079,0.0580282812390079,0.014306376758092,0.0775218145762374,0.0775218145762374,edge_not_decayed;adjacent_jump_too_large,assets/classic_supersonic/scan_M18_M19_alpha_0_03_strict/point_results/M1.80_alpha0.21000_candidates.csv
1.8,0.21,0.760384,0.015,0.0031499999999999,0.0007098521630594,0.6,0.85,0.015,0.06,rejected,,-114.88794457984856,2.6014435169903893e-16,600.0,exact_log_amplitude_match,-225.04300267283108,1.7737388667589357e-15,1200.0,exact_log_amplitude_match,0.0005587138525376,0.3088108277522878,0.58712413879667,20.82603981059299,0.0005587138525376,0.3088108277522878,0.5871241387966701,20.826039810593,6.060294541545781e-06,0.949218623637771,0.9491682799131947,80.70254130090123,0.0001168856313634,0.9619795750030812,0.9645450487329998,3.550061052042897,True,0.0005587138525376,0.9619795750030812,0.9645450487329998,80.70254130090123,0.0322065876783395,0.0322065876783395,0.0007734466016028,0.0179134888340921,0.0322065876783395,center_jump_too_large;adjacent_jump_too_large,assets/classic_supersonic/scan_M18_M19_alpha_0_03_strict/point_results/M1.80_alpha0.21000_candidates.csv
1.8,0.22,0.7615399999999999,1e-05,2.2e-06,1.0078967117366938e-08,0.6,0.85,1e-05,0.002,rejected,,-123.94271655635228,6.6756131355102335e-16,600.0,exact_log_amplitude_match,-243.1621074538136,2.4210063446485523e-15,1200.0,exact_log_amplitude_match,0.6991130009931288,0.3338063178826165,1.4033324245999588,306.80624332707475,0.6991130009931289,0.3338063178826166,1.403332424599959,306.8062433270747,0.008208069191741,0.9523280639852552,0.9522720172614476,8.199796298765536,0.1514316619877155,0.9663380252298616,0.9688914776392304,52.17105143334366,True,0.6991130009931289,0.9663380252298616,1.403332424599959,306.80624332707475,0.1211105023777368,0.1211105023777369,0.0037752912799051,0.0689439207825275,0.1211105023777369,edge_not_decayed;center_jump_too_large;adjacent_jump_too_large,assets/classic_supersonic/scan_M18_M19_alpha_0_03_strict/point_results/M1.80_alpha0.22000_candidates.csv
1.8,0.22,0.7615399999999999,0.001,0.00022,3.34623531607779e-06,0.6,0.85,0.001,0.008,rejected,,-123.69500588577212,2.914287657536322e-16,600.0,exact_log_amplitude_match,-242.66681279122332,1.4535200305338592e-15,1200.0,exact_log_amplitude_match,0.4255363438523447,0.3342846218713214,1.3149193369146277,194.84017837429695,0.4255363438523445,0.3342846218713211,1.3149193369146273,194.840178374297,0.0049758403799767,0.952345972332569,0.9522905530953456,12.71877459963184,0.0917865407788238,0.9662487982099822,0.9688028125984368,32.96163532568345,True,0.4255363438523447,0.9662487982099822,1.3149193369146277,194.840178374297,0.1093072874910526,0.1093072874910524,0.0028029621354417,0.0619004212095093,0.1093072874910526,edge_not_decayed;center_jump_too_large;adjacent_jump_too_large,assets/classic_supersonic/scan_M18_M19_alpha_0_03_strict/point_results/M1.80_alpha0.22000_candidates.csv
1.8,0.22,0.4869599999999999,0.002592752,0.00057040544,3.926495234071944e-05,0.4,0.65,0.001,0.008,rejected,,-54.93955477767566,4.203220152292045e-17,600.0,exact_log_amplitude_match,-104.94473675306062,3.3598670892042493e-16,1200.0,exact_log_amplitude_match,0.2658835040391521,0.0002311947807116,1.6614502454819209,63.7760730241175,0.265883504039152,0.0002311947807116,1.6614502454819209,63.77607302411749,0.0211865592176309,0.0025914438972814,0.1323903644953725,4.917060269052012,0.2662144237483636,0.0024865029636403,1.6635180936037814,360.7047775056764,True,0.2662144237483636,0.0025914438972814,1.6635180936037814,360.7047775056764,0.0837069639322769,0.083706963932277,0.0212615684720873,0.1104086651138675,0.1104086651138675,edge_not_decayed;adjacent_jump_too_large,assets/classic_supersonic/scan_M18_M19_alpha_0_03_strict/point_results/M1.80_alpha0.22000_candidates.csv
1.8,0.22,0.7615399999999999,0.005,0.0011,8.337549357883813e-05,0.6,0.85,0.005,0.02,rejected,,-122.69995617652197,2.707486698631564e-16,600.0,exact_log_amplitude_match,-240.6772169563969,1.8523534116269112e-15,1200.0,exact_log_amplitude_match,0.0576699678546789,0.3314065773450017,1.0226299724919896,61.29272930431964,0.0576699678546789,0.3314065773450018,1.0226299724919894,61.29272930431964,0.0006699517011306,0.9512280804972936,0.9511740565220352,35.73622232875964,0.0123534951730696,0.964928198016536,0.967483643688127,10.317321531269805,True,0.0576699678546789,0.964928198016536,1.0226299724919896,61.29272930431964,0.0741875246253782,0.0741875246253782,0.0018821357727693,0.0416406780107941,0.0741875246253782,edge_not_decayed;center_jump_too_large;adjacent_jump_too_large,assets/classic_supersonic/scan_M18_M19_alpha_0_03_strict/point_results/M1.80_alpha0.22000_candidates.csv
1.8,0.22,0.760384,0.015,0.0033,0.0007439796147906,0.6,0.85,0.015,0.06,rejected,,-120.12281015768949,2.910199504080736e-16,600.0,exact_log_amplitude_match,-235.52334719518652,8.900813444690684e-16,1200.0,exact_log_amplitude_match,0.0003933616177351,0.3178564726564724,0.5702098070178027,20.57194308934578,0.0003933616177351,0.3178564726564725,0.5702098070178027,20.57194308934578,4.515562053275404e-06,0.947725666238403,0.9476747825774284,77.95578460729473,8.324753240672043e-05,0.9610950995461466,0.9636572072335524,3.483213548409229,True,0.0003933616177351,0.9610950995461466,0.9636572072335524,77.95578460729473,0.0317826133767561,0.0317826133767561,0.0007944962433614,0.0176862007882576,0.0317826133767561,center_jump_too_large;adjacent_jump_too_large,assets/classic_supersonic/scan_M18_M19_alpha_0_03_strict/point_results/M1.80_alpha0.22000_candidates.csv
1.8,0.22,0.4869599999999999,0.005,0.0011,0.0009044782344703,0.4,0.65,0.005,0.02,rejected,,-54.39168554708458,4.4066551065714566e-17,600.0,exact_log_amplitude_match,-103.84910044992482,3.4938969992366587e-16,1200.0,exact_log_amplitude_match,0.0776671590091666,0.0002853361726535,1.4017265904682257,35.40402279388773,0.0776671590091666,0.0002853361726535,1.4017265904682252,35.404022793887734,0.0067317136693871,0.0300236750325503,0.121493075969017,2.898199539553446,0.0778542899786112,0.0126612637402231,1.4051039055779992,198.76187314651327,True,0.0778542899786112,0.0300236750325503,1.4051039055779992,198.76187314651327,0.0650805731769467,0.0650805731769467,0.0163217248254009,0.0861481191168982,0.0861481191168982,edge_not_decayed;adjacent_jump_too_large,assets/classic_supersonic/scan_M18_M19_alpha_0_03_strict/point_results/M1.80_alpha0.22000_candidates.csv
1.8,0.23,0.7615399999999999,1e-05,2.3000000000000004e-06,1.0552542981363365e-08,0.6,0.85,1e-05,0.002,rejected,,-129.35134190299914,7.680106093157518e-16,600.0,exact_log_amplitude_match,-253.98979602189763,2.6680048930864284e-15,1200.0,exact_log_amplitude_match,0.6902963257351188,0.3445072492489254,1.386796912709595,316.6687811067932,0.6902963257351187,0.3445072492489255,1.386796912709595,316.6687811067931,0.0085451150085854,0.951140932166214,0.9510843778586094,7.584662724124609,0.1510135470594199,0.965711450086609,0.968261469453465,53.30755150354552,True,0.6902963257351188,0.965711450086609,1.386796912709595,316.6687811067932,0.1242265554113329,0.1242265554113328,0.0042907347006239,0.0706808992122168,0.1242265554113329,edge_not_decayed;center_jump_too_large;adjacent_jump_too_large,assets/classic_supersonic/scan_M18_M19_alpha_0_03_strict/point_results/M1.80_alpha0.23000_candidates.csv
1.8,0.23,0.7615399999999999,0.001,0.00023,3.4987502143171464e-06,0.6,0.85,0.001,0.008,rejected,,-129.0923667511056,4.160208915661877e-16,600.0,exact_log_amplitude_match,-253.4719830747752,3.0817513961940603e-15,1200.0,exact_log_amplitude_match,0.4117256521016211,0.3435276368769601,1.2996880279866545,197.46834383030816,0.4117256521016212,0.3435276368769601,1.2996880279866547,197.46834383030816,0.0050901990412173,0.9507528140706326,0.9506966092833544,11.882628737732388,0.089947957852749,0.9652755632368218,0.9678259674521806,33.22696717895435,True,0.4117256521016212,0.9652755632368218,1.2996880279866547,197.46834383030816,0.1114960158129805,0.1114960158129804,0.0029808963995178,0.0632459176812852,0.1114960158129805,edge_not_decayed;center_jump_too_large;adjacent_jump_too_large,assets/classic_supersonic/scan_M18_M19_alpha_0_03_strict/point_results/M1.80_alpha0.23000_candidates.csv
1.8,0.23,0.48904,4.25962e-05,9.797126e-06,6.813046043141804e-05,0.4,0.65,1e-05,0.002,rejected,,-59.09166620701615,5.711994726399573e-17,600.0,exact_log_amplitude_match,-113.25303451186235,5.021863286636604e-16,1200.0,exact_log_amplitude_match,0.9775477666808932,0.0002594548028984,1.9937727549534408,189.07984814930649,0.977547766680893,0.0002594548028984,1.9937727549534403,189.07984814930643,0.0598097099601508,0.0019321557088803,0.3830020012988451,13.447323413277935,0.977567843675705,0.0024733264599672,1.9938137033005408,1023.6845589958596,True,0.977567843675705,0.0024733264599672,1.9938137033005408,1023.6845589958596,0.1123807685054277,0.1123807685054276,0.0325001469706615,0.1465005390604081,0.1465005390604081,edge_not_decayed;adjacent_jump_too_large,assets/classic_supersonic/scan_M18_M19_alpha_0_03_strict/point_results/M1.80_alpha0.23000_candidates.csv
1.8,0.23,0.7615399999999999,0.005,0.00115,8.719008607458474e-05,0.6,0.85,0.005,0.02,rejected,,-128.05206773135956,3.9124301863014607e-16,600.0,exact_log_amplitude_match,-251.39193125773485,1.529306066956109e-15,1200.0,exact_log_amplitude_match,0.0509532300540764,0.3405442270750425,1.0053465587557886,60.63348673322194,0.0509532300540764,0.3405442270750423,1.0053465587557886,60.63348673322196,0.0006256075077175,0.94968877102568,0.9496340948639652,34.28493361511958,0.0110504111916361,0.963999379769884,0.9665512725735164,10.147280674517267,True,0.0509532300540764,0.963999379769884,1.0053465587557886,60.63348673322196,0.0746225185571149,0.0746225185571149,0.0019727883020374,0.0419357860878093,0.0746225185571149,edge_not_decayed;center_jump_too_large;adjacent_jump_too_large,assets/classic_supersonic/scan_M18_M19_alpha_0_03_strict/point_results/M1.80_alpha0.23000_candidates.csv
1.8,0.23,0.48904,0.001,0.00023,0.0004508696986674,0.4,0.65,0.001,0.008,rejected,,-58.83903999766662,4.820257206665209e-17,600.0,exact_log_amplitude_match,-112.74776474226152,3.795303983093417e-16,1200.0,exact_log_amplitude_match,0.5863685130068568,0.0002835505525515,1.857956854632172,118.80489811066356,0.5863685130068569,0.0002835505525514,1.8579568546321723,118.80489811066352,0.042220435583393,0.0111667132568175,0.1660724853524127,8.587757611143273,0.5866516714095908,0.0051772036721761,1.8588540657803387,642.4520760396564,True,0.5866516714095908,0.0111667132568175,1.8588540657803387,642.4520760396564,0.1006950704535142,0.1006950704535141,0.0261842005107591,0.131522223837481,0.131522223837481,edge_not_decayed;adjacent_jump_too_large,assets/classic_supersonic/scan_M18_M19_alpha_0_03_strict/point_results/M1.80_alpha0.23000_candidates.csv
1.8,0.23,0.760384,0.015,0.00345,0.0007783238048439,0.6,0.85,0.015,0.06,rejected,,-125.35772838632953,3.1686264471943053e-16,600.0,exact_log_amplitude_match,-246.0037443793725,1.5957170344661005e-15,1200.0,exact_log_amplitude_match,0.0002770103853481,0.3266296267807383,0.5541898011815648,20.327510163652068,0.0002770103853481,0.3266296267807381,0.5541898011815647,20.32751016365207,3.3569003695953e-06,0.9462939039367266,0.946242698989702,75.40551131408843,5.9277966262497656e-05,0.9602585825718484,0.9628172869428272,3.4184388766676226,True,0.0002770103853481,0.9602585825718484,0.9628172869428272,75.40551131408843,0.0313771774868781,0.0313771774868781,0.0008180712421332,0.0174659883143807,0.0313771774868781,center_jump_too_large;adjacent_jump_too_large,assets/classic_supersonic/scan_M18_M19_alpha_0_03_strict/point_results/M1.80_alpha0.23000_candidates.csv
1.8,0.24,0.7615399999999999,1.486356e-05,3.5672544e-06,1.1497332698895076e-08,0.6,0.85,1e-05,0.002,rejected,,-134.75868264209464,8.203293059525839e-16,600.0,exact_log_amplitude_match,-264.81487161453805,5.954784529270876e-15,1200.0,exact_log_amplitude_match,0.6819688871604598,0.3529800791236538,1.373572520588192,325.6460589051637,0.6819688871604597,0.3529800791236536,1.373572520588192,325.64605890516367,0.0089109855738038,0.9494103015792158,0.949353101557881,6.977479246501001,0.1511471745943374,0.9645982617729244,0.9671445950338846,54.59805013482302,True,0.6819688871604598,0.9645982617729244,1.373572520588192,325.6460589051637,0.1268548387965954,0.1268548387965954,0.0035659880074755,0.0722838502135432,0.1268548387965954,edge_not_decayed;center_jump_too_large;adjacent_jump_too_large,assets/classic_supersonic/scan_M18_M19_alpha_0_03_strict/point_results/M1.80_alpha0.24000_candidates.csv
1.8,0.24,0.7615399999999999,0.001,0.00024,3.652120302322806e-06,0.6,0.85,0.001,0.008,rejected,,-134.48977180306844,3.312663717100211e-16,600.0,exact_log_amplitude_match,-264.2771975320371,2.193871475079721e-15,1200.0,exact_log_amplitude_match,0.3984541874392469,0.3524925387707149,1.2856185162784022,199.8397321238738,0.3984541874392469,0.3524925387707149,1.2856185162784022,199.8397321238738,0.0051962159908468,0.949220561280023,0.9491637744508944,11.1410500487937,0.0881283505902735,0.9643490260178006,0.9668957770919546,33.44387177319437,True,0.3984541874392469,0.9643490260178006,1.2856185162784022,199.8397321238738,0.1135129027194527,0.1135129027194527,0.0031579570121784,0.0644867152218799,0.1135129027194527,edge_not_decayed;center_jump_too_large;adjacent_jump_too_large,assets/classic_supersonic/scan_M18_M19_alpha_0_03_strict/point_results/M1.80_alpha0.24000_candidates.csv
1.8,0.24,0.7615399999999999,0.005,0.0012,9.102768459535987e-05,0.6,0.85,0.005,0.02,rejected,,-133.4042221591282,3.2614564073698243e-16,600.0,exact_log_amplitude_match,-262.1066884495941,1.6260196149769217e-15,1200.0,exact_log_amplitude_match,0.0450288459727051,0.3494091409503852,0.989178361230342,59.98034414974333,0.0450288459727051,0.3494091409503854,0.9891783612303424,59.98034414974335,0.0005829662810804,0.9482102858275132,0.9481551656711704,32.95875127075766,0.0098827443112126,0.9631174926954744,0.9656657913856648,9.979251441288826,True,0.0450288459727051,0.9631174926954744,0.9891783612303424,59.98034414974335,0.0750355595381763,0.0750355595381763,0.0020631388275262,0.042212017824219,0.0750355595381763,edge_not_decayed;center_jump_too_large;adjacent_jump_too_large,assets/classic_supersonic/scan_M18_M19_alpha_0_03_strict/point_results/M1.80_alpha0.24000_candidates.csv
1.8,0.24,0.49224,1.32790225e-05,3.1869654e-06,0.0001845452527552,0.4,0.65,1e-05,0.002,rejected,,-63.35406512084165,7.83011184686422e-17,600.0,exact_log_amplitude_match,-121.78332190459152,7.851446702664093e-16,1200.0,exact_log_amplitude_match,0.9926465434185996,0.0004434008567952,1.9974507354442776,205.42923963731016,0.9926465434185996,0.0004434008567951,1.997450735444278,205.42923963731008,0.0581400121816936,0.0217073850904239,0.4029829881410263,14.495476751765692,0.992652938094916,0.0181405300717592,1.997463601472629,1038.1889157142846,True,0.992652938094916,0.0217073850904239,1.997463601472629,1038.1889157142846,0.115816261728801,0.115816261728801,0.0356433355483736,0.1497257008710293,0.1497257008710293,edge_not_decayed;adjacent_jump_too_large,assets/classic_supersonic/scan_M18_M19_alpha_0_03_strict/point_results/M1.80_alpha0.24000_candidates.csv
1.8,0.24,0.760384,0.015,0.0036,0.0008129105293895,0.6,0.85,0.015,0.06,rejected,,-130.59268645171724,3.385042936794617e-16,600.0,exact_log_amplitude_match,-256.48418140077683,1.6898061525803226e-15,1200.0,exact_log_amplitude_match,0.0001951143997344,0.3351497063601868,0.5389826600959085,20.0917363646947,0.0001951143997344,0.3351497063601869,0.5389826600959085,20.091736364694704,2.490263323926693e-06,0.9449235404755169,0.9448722354920884,73.03588630564329,4.220090368054962e-05,0.9594702615270866,0.962025527298654,3.3554792096266666,True,0.0001951143997344,0.9594702615270866,0.962025527298654,73.03588630564329,0.0309810651370602,0.0309810651370602,0.0008400942859273,0.0172478065686772,0.0309810651370602,center_jump_too_large;adjacent_jump_too_large,assets/classic_supersonic/scan_M18_M19_alpha_0_03_strict/point_results/M1.80_alpha0.24000_candidates.csv
1.8,0.24,0.491344,0.001,0.00024,0.0015814696946738,0.4,0.65,0.001,0.008,rejected,,-62.55741427336071,5.632057500242653e-17,600.0,exact_log_amplitude_match,-120.18900202119364,4.3490021974230437e-16,1200.0,exact_log_amplitude_match,0.5729989078575557,0.0004312007558594,1.8560802276800947,123.90937370624296,0.5729989078575557,0.0004312007558594,1.8560802276800952,123.90937370624296,0.0409301471060513,0.0371691051109424,0.1739710114146269,8.662108568781877,0.5732775840135433,0.0224265447183889,1.8569829251575092,636.7104496079351,True,0.5732775840135433,0.0371691051109424,1.8569829251575092,636.7104496079351,0.1028951080997254,0.1028951080997255,0.0269967860649894,0.1334372407233764,0.1334372407233764,stage1_too_large;edge_not_decayed;adjacent_jump_too_large,assets/classic_supersonic/scan_M18_M19_alpha_0_03_strict/point_results/M1.80_alpha0.24000_candidates.csv
1.8,0.25,0.7615399999999999,1.009552e-05,2.52388e-06,1.1499312811251391e-08,0.6,0.85,1e-05,0.002,rejected,,-140.1686869004538,6.546056269572514e-16,600.0,exact_log_amplitude_match,-275.6452402902638,2.908800518773992e-15,1200.0,exact_log_amplitude_match,0.6773816348527828,0.361253028972869,1.360729592282045,336.13350006405324,0.6773816348527827,0.3612530289728689,1.3607295922820453,336.13350006405324,0.0093214648363082,0.9477713697047504,0.9477137345673484,6.411227032116671,0.1520180174959978,0.9635623521830712,0.96610495917063,56.11792114686886,True,0.6773816348527828,0.9635623521830712,1.3607295922820453,336.13350006405324,0.1279619756274395,0.1279619756274396,0.0037203579299742,0.0730740842717446,0.1279619756274396,edge_not_decayed;center_jump_too_large;adjacent_jump_too_large,assets/classic_supersonic/scan_M18_M19_alpha_0_03_strict/point_results/M1.80_alpha0.25000_candidates.csv
1.8,0.25,0.7615399999999999,0.001,0.00025,3.8064553129329073e-06,0.6,0.85,0.001,0.008,rejected,,-139.88720901801724,3.6296800879154006e-16,600.0,exact_log_amplitude_match,-275.08244413690386,1.7480871583649401e-15,1200.0,exact_log_amplitude_match,0.3856885882152902,0.3611976313886474,1.271266340924793,201.96855902387404,0.3856885882152902,0.3611976313886474,1.271266340924793,201.968559023874,0.0052940273299981,0.9477492779313358,0.9476921158048812,10.480560051427222,0.0863270620252389,0.963469204882502,0.9660122620536518,33.6147625916482,True,0.3856885882152902,0.963469204882502,1.271266340924793,201.96855902387404,0.1143146570279556,0.1143146570279556,0.0033033212802151,0.0650279970355987,0.1143146570279556,edge_not_decayed;center_jump_too_large;adjacent_jump_too_large,assets/classic_supersonic/scan_M18_M19_alpha_0_03_strict/point_results/M1.80_alpha0.25000_candidates.csv
1.8,0.25,0.7615399999999999,0.005,0.00125,9.489106977481337e-05,0.6,0.85,0.005,0.02,rejected,,-138.75640753713952,3.547932181678658e-16,600.0,exact_log_amplitude_match,-272.82147658911884,1.717795981812727e-15,1200.0,exact_log_amplitude_match,0.0398011444231014,0.3580197128464056,0.973290532394984,59.334779918699255,0.0398011444231014,0.3580197128464059,0.973290532394984,59.334779918699255,0.0005421637608616,0.9467926876160468,0.9467373346458664,31.743540795518157,0.0088365408705293,0.9622825836125444,0.9648272490755831,9.813291952529912,True,0.0398011444231014,0.9622825836125444,0.973290532394984,59.334779918699255,0.0751618667029975,0.0751618667029975,0.0021455166290802,0.0423200517650693,0.0751618667029975,edge_not_decayed;center_jump_too_large;adjacent_jump_too_large,assets/classic_supersonic/scan_M18_M19_alpha_0_03_strict/point_results/M1.80_alpha0.25000_candidates.csv
1.8,0.25,0.4906399999999999,1.0620880000000002e-05,2.655220000000001e-06,0.0003740590069372,0.4,0.65,1e-05,0.002,rejected,,-64.80776162491478,8.463453936258847e-17,600.0,exact_log_amplitude_match,-124.6901259108193,6.017202588148262e-16,1200.0,exact_log_amplitude_match,0.9938692585329402,0.0010360691194232,1.996946560155092,211.4516163100436,0.99386925853294,0.0010360691194229,1.9969465601550929,211.4516163100436,0.0614783561684648,0.0706113961021409,0.4287831229130507,14.414786179591989,0.9938744291730462,0.0543707171119407,1.996956950970168,1101.7779658553627,True,0.9938744291730462,0.0706113961021409,1.996956950970168,1101.7779658553627,0.1181071542264064,0.1181071542264063,0.0548508306077911,0.1526095701161082,0.1526095701161082,edge_not_decayed;adjacent_jump_too_large,assets/classic_supersonic/scan_M18_M19_alpha_0_03_strict/point_results/M1.80_alpha0.25000_candidates.csv
1.8,0.25,0.760384,0.015,0.00375,0.0008477656906611,0.6,0.85,0.015,0.06,rejected,,-135.82767267553635,3.6706764889247493e-16,600.0,exact_log_amplitude_match,-266.964646580215,1.8082440345480518e-15,1200.0,exact_log_amplitude_match,0.0001374548801816,0.3434348659076415,0.5245155323773167,19.863720223253605,0.0001374548801816,0.3434348659076413,0.5245155323773167,19.8637202232536,1.8437205436342785e-06,0.9436146549877532,0.943563473430387,70.83263401621433,3.003669703604814e-05,0.9587302720931816,0.9612820657727692,3.294109012510249,True,0.0001374548801816,0.9587302720931816,0.9612820657727692,70.83263401621433,0.0305855173735487,0.0305855173735487,0.0008584856792008,0.017026863038476,0.0305855173735487,center_jump_too_large;adjacent_jump_too_large,assets/classic_supersonic/scan_M18_M19_alpha_0_03_strict/point_results/M1.80_alpha0.25000_candidates.csv
1.8,0.25,0.4937439999999999,0.001,0.00025,0.0027919503403829,0.4,0.65,0.001,0.008,rejected,,-66.40816365873603,6.546407768293815e-17,600.0,exact_log_amplitude_match,-127.89524135298456,4.920334115109948e-16,1200.0,exact_log_amplitude_match,0.5599434874649363,0.0006039172850623,1.852703210988815,128.97083698605033,0.5599434874649363,0.0006039172850624,1.8527032109888149,128.97083698605033,0.0405157266594494,0.0624620010968554,0.168278446867975,8.70568627001241,0.5602174457017481,0.0403569472427959,1.8536096649546956,629.7898280517109,True,0.5602174457017481,0.0624620010968554,1.8536096649546956,629.7898280517109,0.104782655447703,0.1047826554477031,0.0276983683494318,0.1349202240014026,0.1349202240014026,stage1_too_large;edge_not_decayed;adjacent_jump_too_large,assets/classic_supersonic/scan_M18_M19_alpha_0_03_strict/point_results/M1.80_alpha0.25000_candidates.csv
1.8,0.26,0.7615399999999999,1.7140120000000004e-05,4.456431200000001e-06,1.2753716398037936e-08,0.6,0.85,1e-05,0.002,rejected,,-145.57532401826688,6.763996735757674e-16,600.0,exact_log_amplitude_match,-286.468855102153,2.938903989069906e-15,1200.0,exact_log_amplitude_match,0.6672939926777383,0.3703297168378905,1.3461156821580271,344.00755290839766,0.6672939926777383,0.3703297168378902,1.346115682158027,344.00755290839777,0.0096410100463956,0.9465561995213672,0.9464983768900448,5.979306006647152,0.1514158034603656,0.9629175794027706,0.9654564499222824,57.038059155134,True,0.6672939926777383,0.9629175794027706,1.3461156821580271,344.00755290839777,0.1293135449646034,0.1293135449646035,0.003900618270192,0.0738833553803692,0.1293135449646035,edge_not_decayed;center_jump_too_large;adjacent_jump_too_large,assets/classic_supersonic/scan_M18_M19_alpha_0_03_strict/point_results/M1.80_alpha0.26000_candidates.csv
1.8,0.26,0.7615399999999999,0.001,0.00026,3.961865862632301e-06,0.6,0.85,0.001,0.008,rejected,,-145.28466749194317,3.863369827125515e-16,600.0,exact_log_amplitude_match,-285.88771201492284,1.8190348471315986e-15,1200.0,exact_log_amplitude_match,0.3733984134579218,0.3696600747918011,1.2566350639570407,203.86781162203548,0.3733984134579218,0.3696600747918013,1.2566350639570407,203.86781162203545,0.0053837735606461,0.9463389345141712,0.9462816067327584,9.890007826733202,0.0845436059878454,0.962636051201476,0.9651753757394004,33.741852537659454,True,0.3733984134579218,0.962636051201476,1.2566350639570407,203.86781162203548,0.1153400656734823,0.1153400656734823,0.0034561494082965,0.0656867086006819,0.1153400656734823,edge_not_decayed;center_jump_too_large;adjacent_jump_too_large,assets/classic_supersonic/scan_M18_M19_alpha_0_03_strict/point_results/M1.80_alpha0.26000_candidates.csv
1.8,0.26,0.7615399999999999,0.005,0.0013,9.878303805387654e-05,0.6,0.85,0.005,0.02,rejected,,-144.10861304496737,3.756702733553325e-16,600.0,exact_log_amplitude_match,-283.5362848585801,1.799545314068882e-15,1200.0,exact_log_amplitude_match,0.0351864270848335,0.3663931602593071,0.957645349194142,58.69765340981277,0.0351864270848335,0.3663931602593073,0.957645349194142,58.69765340981279,0.0005032899688404,0.945435938288082,0.9453805663008936,30.627304984418554,0.0078992939280685,0.9614946235974876,0.9640356186479582,9.64938157526656,True,0.0351864270848335,0.9614946235974876,0.9640356186479582,58.69765340981279,0.0752604771563906,0.0752604771563906,0.0022266500600756,0.0424053624820585,0.0752604771563906,edge_not_decayed;center_jump_too_large;adjacent_jump_too_large,assets/classic_supersonic/scan_M18_M19_alpha_0_03_strict/point_results/M1.80_alpha0.26000_candidates.csv
1.8,0.26,0.760384,0.015,0.0039,0.000882915274414,0.6,0.85,0.015,0.06,rejected,,-141.06267648779473,4.020865399804578e-16,600.0,exact_log_amplitude_match,-277.44512936420824,2.702069185387315e-15,1200.0,exact_log_amplitude_match,9.68495485047264e-05,0.3515021209039443,0.5107232629911221,19.642652548192768,9.68495485047264e-05,0.351502120903944,0.510723262991122,19.642652548192768,1.3625215135210147e-06,0.9423672106371176,0.9423163777643448,68.78285984737333,2.137374209959725e-05,0.958038653199306,0.9605869428547416,3.234131485986021,True,9.68495485047264e-05,0.958038653199306,0.9605869428547416,68.78285984737333,0.0301950821162589,0.0301950821162589,0.00087905006181,0.0168057773100435,0.0301950821162589,center_jump_too_large;adjacent_jump_too_large,assets/classic_supersonic/scan_M18_M19_alpha_0_03_strict/point_results/M1.80_alpha0.26000_candidates.csv
1.8,0.26,0.492,1e-05,2.6e-06,0.0015631785811104,0.4,0.65,1e-05,0.002,rejected,,-68.06968118662793,9.629542594966354e-17,600.0,exact_log_amplitude_match,-131.21788579716997,6.774873560793751e-16,1200.0,exact_log_amplitude_match,0.99399744959487,0.001381454533493,1.9984507142646684,222.4585145539029,0.9939974495948704,0.0013814545334931,1.9984507142646688,222.4585145539029,0.0675552310274599,0.0362464824905512,0.3806427657026216,15.786761963770832,0.9940023480391922,0.026454463380887,1.998460562230704,1130.9909445199044,True,0.9940023480391922,0.0362464824905512,1.998460562230704,1130.9909445199044,0.1196464543056907,0.1196464543056906,0.0595354093393498,0.153855210267004,0.153855210267004,stage1_too_large;edge_not_decayed;adjacent_jump_too_large,assets/classic_supersonic/scan_M18_M19_alpha_0_03_strict/point_results/M1.80_alpha0.26000_candidates.csv
1.8,0.26,0.496256,0.001,0.00026,0.0040800402541968,0.4,0.65,0.001,0.008,rejected,,-70.40094027794163,7.563849663839e-17,600.0,exact_log_amplitude_match,-135.88582131698115,5.579913058744886e-16,1200.0,exact_log_amplitude_match,0.5471955039246623,0.0007740340908934,1.8499158832570304,133.99560479973255,0.5471955039246622,0.0007740340908932,1.8499158832570304,133.99560479973255,0.0394120040039589,0.0855367753365197,0.1793148065679873,8.718039097006242,0.5474645434676549,0.058823376331566,1.8508254301379132,621.6856781607593,True,0.5474645434676549,0.0855367753365197,1.8508254301379132,621.6856781607593,0.1059385665524542,0.1059385665524541,0.0281501782737059,0.1354408581941113,0.1354408581941113,stage1_too_large;edge_not_decayed;adjacent_jump_too_large,assets/classic_supersonic/scan_M18_M19_alpha_0_03_strict/point_results/M1.80_alpha0.26000_candidates.csv
1.8,0.27,0.7615399999999999,1.0604960000000002e-05,2.8633392000000005e-06,1.25166536246639e-08,0.6,0.85,1e-05,0.002,rejected,,-150.98598750744466,6.247203141110188e-16,600.0,exact_log_amplitude_match,-297.30050865428456,4.22083246688288e-15,1200.0,exact_log_amplitude_match,0.6634866279966585,0.3784860537944715,1.3346236885067992,354.5193182131744,0.6634866279966584,0.3784860537944713,1.3346236885067992,354.51931821317424,0.0100571416330936,0.945189296702734,0.9451313555637728,5.527959443209055,0.1523422192036026,0.9621358054799202,0.964670814016622,58.50346757226837,True,0.6634866279966585,0.9621358054799202,1.3346236885067992,354.5193182131744,0.1320071583136617,0.1320071583136617,0.0041468963475404,0.0755391444018169,0.1320071583136617,edge_not_decayed;center_jump_too_large;adjacent_jump_too_large,assets/classic_supersonic/scan_M18_M19_alpha_0_03_strict/point_results/M1.80_alpha0.27000_candidates.csv
1.8,0.27,0.7615399999999999,0.001,0.00027,4.118463093771739e-06,0.6,0.85,0.001,0.008,rejected,,-150.6821373811969,4.1191205896946573e-16,600.0,exact_log_amplitude_match,-296.6929913084486,1.9074833254554037e-15,1200.0,exact_log_amplitude_match,0.3615558662461708,0.3778959560227715,1.24371996909771,205.5494304246306,0.3615558662461708,0.3778959560227715,1.24371996909771,205.54943042463063,0.0054656005344992,0.944989410025356,0.94493212889555,9.360104057647408,0.082777652301844,0.9618494507918582,0.9643850059299324,33.82719379093848,True,0.3615558662461708,0.9618494507918582,1.24371996909771,205.54943042463063,0.117081401269314,0.117081401269314,0.0036324340294033,0.0667445653506645,0.117081401269314,edge_not_decayed;center_jump_too_large;adjacent_jump_too_large,assets/classic_supersonic/scan_M18_M19_alpha_0_03_strict/point_results/M1.80_alpha0.27000_candidates.csv
1.8,0.27,0.7615399999999999,0.005,0.00135,0.0001027063992843,0.6,0.85,0.005,0.02,rejected,,-149.46082893122875,3.985215342395814e-16,600.0,exact_log_amplitude_match,-294.25110350652693,1.88867479560668e-15,1200.0,exact_log_amplitude_match,0.0311113957164102,0.3745456139341543,0.9423141998726972,58.06937254864021,0.0311113957164102,0.3745456139341544,0.9423141998726976,58.06937254864021,0.0004663970380299,0.9441399035119102,0.9440847286039828,29.599785678262144,0.0070597885533606,0.9607535107693924,0.9632908000051292,9.48744847056536,True,0.0311113957164102,0.9607535107693924,0.9632908000051292,58.06937254864021,0.075472483512656,0.0754724835126561,0.0023107409641778,0.0425474241542209,0.0754724835126561,edge_not_decayed;center_jump_too_large;adjacent_jump_too_large,assets/classic_supersonic/scan_M18_M19_alpha_0_03_strict/point_results/M1.80_alpha0.27000_candidates.csv
1.8,0.27,0.760384,0.015,0.00405,0.0009183853281847,0.6,0.85,0.015,0.06,rejected,,-146.2976883569297,4.169685909510544e-16,600.0,exact_log_amplitude_match,-287.9256201731977,1.9365479460012556e-15,1200.0,exact_log_amplitude_match,6.824820975648375e-05,0.3593674525746618,0.497617983711425,19.42780641545569,6.824820975648375e-05,0.3593674525746619,0.4976179837114249,19.42780641545569,1.005168831295354e-06,0.941180379710862,0.9411301223899412,66.87489683333988,1.5205596026466078e-05,0.9573953518782604,0.9599401071006072,3.1753754039416475,True,6.824820975648375e-05,0.9573953518782604,0.9599401071006072,66.87489683333988,0.0298149264165961,0.0298149264165961,0.0008982459010187,0.0165875159905798,0.0298149264165961,center_jump_too_large;adjacent_jump_too_large,assets/classic_supersonic/scan_M18_M19_alpha_0_03_strict/point_results/M1.80_alpha0.27000_candidates.csv
1.8,0.27,0.5012,1e-05,2.7000000000000004e-06,0.0031383853483318,0.4,0.65,1e-05,0.002,rejected,,-76.23633854580028,1.3473922820626168e-16,600.0,exact_log_amplitude_match,-147.56498141877324,9.670943153829057e-16,1200.0,exact_log_amplitude_match,0.993773461851495,0.0007010988127285,1.9980576927030749,245.7287608199334,0.993773461851495,0.0007010988127286,1.998057692703075,245.72876081993357,0.0648190772899142,0.1180585209454184,0.4095367606734954,13.909619652924713,0.9937783489454622,0.0944133502374932,1.998067519693276,1036.5392815519988,True,0.9937783489454622,0.1180585209454184,1.998067519693276,1036.5392815519988,0.12247043669679,0.1224704366967902,0.0397296873057586,0.15467107409959,0.15467107409959,stage1_too_large;edge_not_decayed;adjacent_jump_too_large,assets/classic_supersonic/scan_M18_M19_alpha_0_03_strict/point_results/M1.80_alpha0.27000_candidates.csv
1.8,0.27,0.498656,0.001,0.00027,0.0054428469184698,0.4,0.65,0.001,0.008,rejected,,-74.39955845745888,8.65501084236427e-17,600.0,exact_log_amplitude_match,-143.888048067271,6.22895784424716e-16,1200.0,exact_log_amplitude_match,0.5347398207308348,0.0009930676212503,1.848564420979429,138.7695110763552,0.5347398207308348,0.0009930676212501,1.8485644209794287,138.76951107635517,0.0383880792434514,0.1071729676441627,0.1607864129366762,8.723418879800274,0.5350038281017001,0.0777001679234659,1.8494770800102656,614.2090610760494,True,0.5350038281017001,0.1071729676441627,1.8494770800102656,614.2090610760494,0.1075302604253706,0.1075302604253705,0.0287307498069043,0.1365453025016829,0.1365453025016829,stage1_too_large;edge_not_decayed;adjacent_jump_too_large,assets/classic_supersonic/scan_M18_M19_alpha_0_03_strict/point_results/M1.80_alpha0.27000_candidates.csv
1.8,0.28,0.7615399999999999,1.035024e-05,2.8980672000000003e-06,1.2941846668417741e-08,0.6,0.85,1e-05,0.002,rejected,,-156.3948002033909,6.736333439974367e-16,600.0,exact_log_amplitude_match,-308.12845885789915,4.625187383819268e-15,1200.0,exact_log_amplitude_match,0.6575615098467311,0.3862362377390022,1.3222778146247745,363.5914866291218,0.6575615098467311,0.3862362377390022,1.322277814624774,363.5914866291217,0.010437633521841,0.9438013179578526,0.9437435288912808,5.141915211234428,0.1527001559654911,0.9613129994602272,0.9638441447839594,59.71969541338492,True,0.6575615098467311,0.9613129994602272,1.3222778146247745,363.5914866291218,0.1339485245751575,0.1339485245751575,0.0043396099100016,0.0767635919095834,0.1339485245751575,edge_not_decayed;center_jump_too_large;adjacent_jump_too_large,assets/classic_supersonic/scan_M18_M19_alpha_0_03_strict/point_results/M1.80_alpha0.28000_candidates.csv
1.8,0.28,0.7615399999999999,0.001,0.00028,4.27635883813804e-06,0.6,0.85,0.001,0.008,rejected,,-156.07960986135967,4.376682121040926e-16,600.0,exact_log_amplitude_match,-307.4982731930156,2.010083938429754e-15,1200.0,exact_log_amplitude_match,0.3501355384848837,0.3859203575857008,1.2308189634136837,207.0244585158113,0.3501355384848837,0.3859203575857008,1.2308189634136837,207.02445851581123,0.0055396601213726,0.94370049611924,0.9436434762265574,8.88306025672692,0.0810290109628591,0.9611092262692776,0.9636409769862224,33.87271006350392,True,0.3501355384848837,0.9611092262692776,1.2308189634136837,207.0244585158113,0.1184541981237991,0.1184541981237992,0.0037995941464686,0.0675837118561252,0.1184541981237992,edge_not_decayed;center_jump_too_large;adjacent_jump_too_large,assets/classic_supersonic/scan_M18_M19_alpha_0_03_strict/point_results/M1.80_alpha0.28000_candidates.csv
1.8,0.28,0.7615399999999999,0.005,0.0014,0.0001066639750973,0.6,0.85,0.005,0.02,rejected,,-154.81304645713055,4.2498018123716984e-16,600.0,exact_log_amplitude_match,-304.9659237940984,1.9858998921680038e-15,1200.0,exact_log_amplitude_match,0.0275117982754279,0.3824921966482372,0.928347721534038,57.450021151129,0.0275117982754279,0.3824921966482373,0.928347721534038,57.45002115112902,0.0004315059130706,0.9429043568400672,0.9428495970841874,28.65215142343197,0.0063079646829517,0.9600590731060566,0.9625926227573476,9.327389947932048,True,0.0275117982754279,0.9600590731060566,0.9625926227573476,57.45002115112902,0.0756728793783673,0.0756728793783673,0.0023941434633431,0.0426757006488629,0.0756728793783673,edge_not_decayed;center_jump_too_large;adjacent_jump_too_large,assets/classic_supersonic/scan_M18_M19_alpha_0_03_strict/point_results/M1.80_alpha0.28000_candidates.csv
1.8,0.28,0.760384,0.015,0.0042,0.0009542019397095,0.6,0.85,0.015,0.06,rejected,,-151.53269977439163,4.4387100041693495e-16,600.0,exact_log_amplitude_match,-298.4061105451151,2.0187127363653923e-15,1200.0,exact_log_amplitude_match,4.809848462888935e-05,0.3670458294503977,0.4851286975837895,19.218532389118284,4.809848462888935e-05,0.3670458294503978,0.4851286975837897,19.218532389118288,7.403314937359099e-07,0.940054311788362,0.9400048579843424,65.09815836769383,1.0814784924945382e-05,0.9568002242143572,0.9593414158505011,3.1176930053461325,True,4.809848462888935e-05,0.9568002242143572,0.9593414158505011,65.09815836769383,0.0294443501311718,0.0294443501311718,0.0009139741879087,0.0163717814836442,0.0294443501311718,center_jump_too_large;adjacent_jump_too_large,assets/classic_supersonic/scan_M18_M19_alpha_0_03_strict/point_results/M1.80_alpha0.28000_candidates.csv
1.8,0.28,0.5,1e-05,2.8000000000000003e-06,0.0043632620627986,0.4,0.65,1e-05,0.002,rejected,,-78.13372933761526,1.577677493119648e-16,600.0,exact_log_amplitude_match,-151.36017426697583,1.0021279527549105e-15,1200.0,exact_log_amplitude_match,0.9935428103417312,0.0007256137828078,1.9971041162450485,252.9677038769447,0.9935428103417312,0.0007256137828078,1.997104116245049,252.9677038769448,0.060285624950347,0.1005664389597932,0.4100065471583555,14.962995419089378,0.993547728467764,0.0895938254145601,1.9971140017263111,1091.8116168079002,True,0.993547728467764,0.1005664389597932,1.9971140017263111,1091.8116168079002,0.1252910171100794,0.1252910171100792,0.0785618898805043,0.1584030439241217,0.1584030439241217,stage1_too_large;edge_not_decayed;adjacent_jump_too_large,assets/classic_supersonic/scan_M18_M19_alpha_0_03_strict/point_results/M1.80_alpha0.28000_candidates.csv
1.8,0.28,0.5012160000000001,0.001,0.00028,0.0068786177372977,0.4,0.65,0.001,0.008,rejected,,-78.56731911112222,9.867257434656207e-17,600.0,exact_log_amplitude_match,-152.22893182900452,7.083188894939795e-16,1200.0,exact_log_amplitude_match,0.5225790397092945,0.0011859511549507,1.845550497610141,143.5424364268164,0.5225790397092945,0.0011859511549506,1.8455504976101416,143.54243642681632,0.0381000719977514,0.1301630958659573,0.1808776408420565,8.694943322796659,0.5228378755097186,0.0971862073326572,1.8464646081615232,605.2883065404079,True,0.5228378755097186,0.1301630958659573,1.8464646081615232,605.2883065404079,0.1097255793423049,0.1097255793423049,0.0294047301595591,0.1383821357615318,0.1383821357615318,stage1_too_large;edge_not_decayed;adjacent_jump_too_large,assets/classic_supersonic/scan_M18_M19_alpha_0_03_strict/point_results/M1.80_alpha0.28000_candidates.csv
1.8,0.29,0.7615399999999999,1.010348e-05,2.9300092e-06,1.3417319689534173e-08,0.6,0.85,1e-05,0.002,rejected,,-161.80361100938134,8.256612882101746e-16,600.0,exact_log_amplitude_match,-318.9564103127314,3.652925599854837e-15,1200.0,exact_log_amplitude_match,0.651327664554757,0.3941999965408795,1.3099205693676277,372.4064731911005,0.6513276645547569,0.3941999965408796,1.3099205693676277,372.4064731911003,0.0108017968140988,0.9425921537604038,0.9425348148725056,4.807630738242241,0.1528191312354028,0.9606365121527046,0.9631638107512144,60.79199424241046,True,0.651327664554757,0.9606365121527046,1.3099205693676277,372.4064731911005,0.1350210593968776,0.1350210593968776,0.0044984673328465,0.0774290324296893,0.1350210593968776,edge_not_decayed;center_jump_too_large;adjacent_jump_too_large,assets/classic_supersonic/scan_M18_M19_alpha_0_03_strict/point_results/M1.80_alpha0.29000_candidates.csv
1.8,0.29,0.7615399999999999,0.001,0.00029,4.435665363055785e-06,0.6,0.85,0.001,0.008,rejected,,-161.47707707310158,7.290858306028257e-16,600.0,exact_log_amplitude_match,-318.30354982889065,5.0631902687468985e-15,1200.0,exact_log_amplitude_match,0.3391141829034443,0.3937474159555191,1.2174076027082417,208.30317032665337,0.3391141829034442,0.393747415955519,1.2174076027082417,208.30317032665337,0.0056061107125571,0.9424718994814614,0.9424153574070948,8.452306688923512,0.0792976172796238,0.9604151385040056,0.9629430514079798,33.880223480792765,True,0.3391141829034443,0.9604151385040056,1.2174076027082417,208.30317032665337,0.1192976083811954,0.1192976083811954,0.0039509616936207,0.0681102163551087,0.1192976083811954,edge_not_decayed;center_jump_too_large;adjacent_jump_too_large,assets/classic_supersonic/scan_M18_M19_alpha_0_03_strict/point_results/M1.80_alpha0.29000_candidates.csv
1.8,0.29,0.7615399999999999,0.005,0.00145,0.0001106585963433,0.6,0.85,0.005,0.02,rejected,,-160.16525784425033,6.913199457133462e-16,600.0,exact_log_amplitude_match,-315.680737962425,4.924281757409341e-15,1200.0,exact_log_amplitude_match,0.0243312620975103,0.3902470795502698,0.9144055923704972,56.83945787333896,0.0243312620975103,0.3902470795502699,0.9144055923704972,56.839457873338944,0.0003986120877077,0.9417289829537384,0.9416748580687408,27.77674928272526,0.0056347955125481,0.9594110704033794,0.9619408481742248,9.169087776529937,True,0.0243312620975103,0.9594110704033794,0.9619408481742248,56.83945787333896,0.0757979334187722,0.0757979334187724,0.0024746912975866,0.0427540159599507,0.0757979334187724,edge_not_decayed;center_jump_too_large;adjacent_jump_too_large,assets/classic_supersonic/scan_M18_M19_alpha_0_03_strict/point_results/M1.80_alpha0.29000_candidates.csv
1.8,0.29,0.760384,0.015,0.00435,0.0009903912161624,0.6,0.85,0.015,0.06,rejected,,-156.76770315972885,4.605740256186997e-16,600.0,exact_log_amplitude_match,-308.88659291224883,5.050779345383727e-15,1200.0,exact_log_amplitude_match,3.390070922107246e-05,0.3745513165620205,0.4731514503263842,19.014248518238503,3.390070922107245e-05,0.3745513165620208,0.4731514503263841,19.014248518238503,5.44433158182559e-07,0.9389887117475773,0.9389402902214709,63.44302985209498,7.68991309671037e-06,0.9562530414947296,0.9587906415093644,3.0609571840335885,True,3.390070922107246e-05,0.9562530414947296,0.9587906415093644,63.44302985209498,0.0290798822417137,0.0290798822417136,0.0009317768659392,0.0161567389368776,0.0290798822417137,center_jump_too_large;adjacent_jump_too_large,assets/classic_supersonic/scan_M18_M19_alpha_0_03_strict/point_results/M1.80_alpha0.29000_candidates.csv
1.8,0.29,0.496512,1.010348e-05,2.9300092e-06,0.0063602211121472,0.4,0.65,1e-05,0.002,rejected,,-78.45453523440679,1.478400289830175e-16,600.0,exact_log_amplitude_match,-151.9982238056811,1.4107118001855638e-15,1200.0,exact_log_amplitude_match,0.9932415027492718,0.0038004930109462,1.9983493325119224,256.0722069663818,0.9932415027492716,0.0038004930109462,1.9983493325119224,256.0722069663818,0.070348349839444,0.1591237325357972,0.431623601019317,16.37007170443514,0.9932465118415588,0.1271011779516059,1.9983594105404787,1175.0424720927333,True,0.9932465118415588,0.1591237325357972,1.9983594105404787,1175.0424720927333,0.127076265546064,0.1270762655460639,0.0591706481075755,0.1605483380350374,0.1605483380350374,stage1_too_large;edge_not_decayed;adjacent_jump_too_large,assets/classic_supersonic/scan_M18_M19_alpha_0_03_strict/point_results/M1.80_alpha0.29000_candidates.csv
1.8,0.29,0.5036160000000001,0.001,0.00029,0.0083844193840832,0.4,0.65,0.001,0.008,rejected,,-82.70655198370459,1.1146155140899643e-16,600.0,exact_log_amplitude_match,-160.5126559456552,1.0595782479636558e-15,1200.0,exact_log_amplitude_match,0.5106948032044671,0.0014416769280964,1.8430179665815536,148.02645598154947,0.5106948032044671,0.0014416769280964,1.8430179665815536,148.02645598154953,0.0365527589247067,0.1475243369599558,0.174221338604949,8.667335217107713,0.510948427754831,0.1169983364095087,1.84393325768652,597.2813569797954,True,0.510948427754831,0.1475243369599558,1.84393325768652,597.2813569797954,0.1112913589628803,0.1112913589628803,0.0299284219138848,0.1394520779900471,0.1394520779900471,stage1_too_large;edge_not_decayed;adjacent_jump_too_large,assets/classic_supersonic/scan_M18_M19_alpha_0_03_strict/point_results/M1.80_alpha0.29000_candidates.csv
1.8,0.3,0.7615399999999999,1e-05,3e-06,1.3879260759846962e-08,0.6,0.85,1e-05,0.002,rejected,,-167.21236645377465,8.806172359236979e-16,600.0,exact_log_amplitude_match,-329.7842631303602,3.736061735986112e-15,1200.0,exact_log_amplitude_match,0.6447908713377538,0.4023115646445351,1.2974253014606365,380.9311126454425,0.6447908713377538,0.4023115646445352,1.2974253014606365,380.9311126454424,0.0111463876677626,0.941522640169672,0.9414661280307388,4.518259771507979,0.1526747834083107,0.9600573624026,0.9625808758920262,61.70042726869837,True,0.6447908713377538,0.9600573624026,1.2974253014606365,380.9311126454425,0.1355785465132837,0.1355785465132838,0.0047714417072726,0.0777355710010413,0.1355785465132838,edge_not_decayed;center_jump_too_large;adjacent_jump_too_large,assets/classic_supersonic/scan_M18_M19_alpha_0_03_strict/point_results/M1.80_alpha0.30000_candidates.csv
1.8,0.3,0.7615399999999999,0.001,0.0003,4.596495299400591e-06,0.6,0.85,0.001,0.008,rejected,,-166.8745320399421,7.852390949294589e-16,600.0,exact_log_amplitude_match,-329.108814200992,5.4350511544321515e-15,1200.0,exact_log_amplitude_match,0.3284704673785718,0.4013904454598694,1.205099195484311,209.3951298311769,0.3284704673785719,0.4013904454598694,1.2050991954843115,209.3951298311769,0.0056651168608777,0.94130325142256,0.9412474053908504,8.06227209778669,0.077583508076128,0.9597668924195109,0.9622909355651104,33.85146841052889,True,0.3284704673785719,0.9597668924195109,1.2050991954843115,209.3951298311769,0.1197328227536047,0.1197328227536047,0.0040888364469133,0.0683912178340095,0.1197328227536047,edge_not_decayed;center_jump_too_large;adjacent_jump_too_large,assets/classic_supersonic/scan_M18_M19_alpha_0_03_strict/point_results/M1.80_alpha0.30000_candidates.csv
1.8,0.3,0.7615399999999999,0.005,0.0015,0.0001146931013789,0.6,0.85,0.005,0.02,rejected,,-165.51745618753236,4.745033968260855e-16,600.0,exact_log_amplitude_match,-326.3955390474436,2.137692846583141e-15,1200.0,exact_log_amplitude_match,0.0215202827152852,0.3978236215241307,0.9004905529689079,56.23737429613323,0.0215202827152852,0.3978236215241307,0.9004905529689078,56.23737429613323,0.0003676904454556,0.9406133892067416,0.9405601201918552,26.96691513424054,0.0050321786022778,0.9588092015157098,0.9613351763926145,9.012416608334382,True,0.0215202827152852,0.9588092015157098,0.9613351763926145,56.23737429613323,0.0758033499181323,0.0758033499181324,0.0025506206088086,0.0427572185025983,0.0758033499181324,edge_not_decayed;center_jump_too_large;adjacent_jump_too_large,assets/classic_supersonic/scan_M18_M19_alpha_0_03_strict/point_results/M1.80_alpha0.30000_candidates.csv
1.8,0.3,0.760384,0.015,0.0045,0.0010269792634593,0.6,0.85,0.015,0.06,rejected,,-162.00269181616238,4.917208168899967e-16,600.0,exact_log_amplitude_match,-311.88760378183474,2.090197818459784e-15,1171.4822734904008,exact_log_amplitude_match,3.048149363488449e-05,0.3818984642200663,0.4616472432007508,18.8144393976194,3.048149363488449e-05,0.3818984642200665,0.4616472432007507,18.8144393976194,5.099777738375042e-07,0.9379809285862556,0.9379337707530944,61.89926677987242,6.973223619228523e-06,0.9557546884922252,0.9582885417500514,3.0050585719987897,True,3.048149363488449e-05,0.9557546884922252,0.9582885417500514,61.89926677987242,0.0225412868958657,0.0225412868958657,0.0007371597756463,0.0125126994059072,0.0225412868958657,stage1_too_large;center_jump_too_large;adjacent_jump_too_large,assets/classic_supersonic/scan_M18_M19_alpha_0_03_strict/point_results/M1.80_alpha0.30000_candidates.csv
1.8,0.3,0.50264,1e-05,3e-06,0.0076635282419834,0.4,0.65,1e-05,0.002,rejected,,-85.09895760264617,2.1038628656500824e-16,600.0,exact_log_amplitude_match,-165.29806463377457,1.168852866329537e-15,1200.0,exact_log_amplitude_match,0.9930851710848972,0.0024541962760936,1.997312544218993,275.0674307326328,0.9930851710848972,0.0024541962760936,1.9973125442189927,275.0674307326329,0.0680055420443208,0.1204154394706075,0.3856192526217605,16.839907668526166,0.9930901204005248,0.1031520960270708,1.997322498380505,1132.563894656369,True,0.9930901204005248,0.1204154394706075,1.997322498380505,1132.563894656369,0.128357639768559,0.128357639768559,0.0430682075784427,0.1603154673124877,0.1603154673124877,stage1_too_large;edge_not_decayed;adjacent_jump_too_large,assets/classic_supersonic/scan_M18_M19_alpha_0_03_strict/point_results/M1.80_alpha0.30000_candidates.csv
1.8,0.3,0.506256,0.001,0.0003,0.0099581181642622,0.4,0.65,0.001,0.008,rejected,,-87.06350047945715,1.257521913375978e-16,600.0,exact_log_amplitude_match,-169.2323219164523,1.2057575721647997e-15,1200.0,exact_log_amplitude_match,0.4990948266532363,0.0016397706907133,1.8416339205801648,152.56850487890992,0.4990948266532362,0.0016397706907133,1.841633920580165,152.56850487890992,0.0360128500538315,0.1680996901665927,0.1682662378174785,8.599038936276136,0.4993431338192551,0.1376116060068739,1.8425501610924733,587.4123791880999,True,0.4993431338192551,0.1680996901665927,1.8425501610924733,587.4123791880999,0.1121060977495765,0.1121060977495767,0.0301843372507539,0.1395444694185184,0.1395444694185184,stage1_too_large;edge_not_decayed;adjacent_jump_too_large,assets/classic_supersonic/scan_M18_M19_alpha_0_03_strict/point_results/M1.80_alpha0.30000_candidates.csv
1.9,0.01,0.7615399999999999,1.817492e-05,1.817492e-07,4.975938741303603e-10,0.6,0.85,1e-05,0.002,rejected,,-10.332877736916526,7.821431292743378e-19,600.0,exact_log_amplitude_match,-15.681498096959633,1.578592646372525e-19,1200.0,exact_log_amplitude_match,0.9750113293531996,0.0245598882852145,1.906855985138797,20.72793720191217,0.9750113293531996,0.0245598882852148,1.9068559851387967,20.72793720191217,0.0003517172269246,1.0030729123259363,1.0030724862127876,232.2499497384532,0.1476400214417374,1.0012870458933243,1.003901172441328,4.780854607337631,True,0.9750113293531996,1.0030729123259363,1.9068559851387967,232.2499497384532,0.0087272543163804,0.0087272543163804,0.0928619469602686,0.0639947194751767,0.0928619469602686,edge_not_decayed;center_jump_too_large;adjacent_jump_too_large,assets/classic_supersonic/scan_M18_M19_alpha_0_03_strict/point_results/M1.90_alpha0.01000_candidates.csv
1.9,0.01,0.4383,0.00606152,6.061520000000001e-05,6.21839027212272e-08,0.2,0.45,0.005,0.02,rejected,,-5.12262823206951,2.5935334542563064e-22,600.0,exact_log_amplitude_match,-5.245525822512966,1.4889497347772153e-21,1200.0,exact_log_amplitude_match,0.8621041513821589,8.914405322434846e-06,1.7991021068827968,1.24974069194416,0.8621041513821589,8.914405322323581e-06,1.799102106882797,1.24974069194416,0.0097600703877921,0.0001189700379635,0.0101684769446188,1.1775604006377502,0.8625861231412264,0.002642154527396,1.80010792086224,8.750616157914305,True,0.8625861231412264,0.002642154527396,1.80010792086224,8.750616157914305,0.0050224102395384,0.0050224102395384,7.965381732125865e-05,0.0074827146035776,0.0074827146035776,edge_not_decayed;adjacent_jump_too_large,assets/classic_supersonic/scan_M18_M19_alpha_0_03_strict/point_results/M1.90_alpha0.01000_candidates.csv
1.9,0.01,0.7615399999999999,0.001,1e-05,1.567477662426948e-07,0.6,0.85,0.001,0.008,rejected,,-10.321162034470865,4.2776532986563603e-19,600.0,exact_log_amplitude_match,-15.658069127356969,2.556448384449582e-19,1200.0,exact_log_amplitude_match,0.9531011414821676,0.0238571631103394,1.8834779119745404,20.24941402791067,0.9531011414821676,0.0238571631103392,1.883477911974541,20.249414027910667,0.0003542085177914,0.9985218475684848,0.9985212589244244,219.80064810195063,0.1486895450351116,0.996747518255824,0.9993613965147262,4.684135308477421,True,0.9531011414821676,0.9985218475684848,1.883477911974541,219.80064810195063,0.0083830636378678,0.0083830636378679,6.836175282873682e-07,0.0046905491280893,0.0083830636378679,edge_not_decayed;center_jump_too_large;adjacent_jump_too_large,assets/classic_supersonic/scan_M18_M19_alpha_0_03_strict/point_results/M1.90_alpha0.01000_candidates.csv
1.9,0.01,0.4383960000000001,0.0061381119999999,6.138112e-05,1.5874240659463852e-06,0.4,0.65,0.001,0.008,rejected,,-5.124401226977967,2.6713481138969364e-22,600.0,exact_log_amplitude_match,-5.249077589388135,1.5316808083003514e-21,1200.0,exact_log_amplitude_match,0.8604893497621667,8.939187095990377e-06,1.7969785546321468,1.2533987136539086,0.8604893497621666,8.939187096029858e-06,1.796978554632147,1.2533987136539089,0.0097094432767607,0.00131737149665,0.010156368640044,1.1751494408965972,0.8609771217936629,0.0028921707875153,1.7979971795348149,8.794242252235403,True,0.8609771217936629,0.0028921707875153,1.7979971795348149,8.794242252235403,0.0050192733063582,0.0050192733063582,7.961988117185201e-05,0.0074789766769496,0.0074789766769496,edge_not_decayed;adjacent_jump_too_large,assets/classic_supersonic/scan_M18_M19_alpha_0_03_strict/point_results/M1.90_alpha0.01000_candidates.csv
1.9,0.01,0.7615399999999999,0.005,5e-05,3.896328915309647e-06,0.6,0.85,0.005,0.02,rejected,,-10.273736633110191,6.510453147353161e-20,600.0,exact_log_amplitude_match,-15.56322796022986,3.6954073259986624e-19,1200.0,exact_log_amplitude_match,0.8662952933964331,0.0238027347356728,1.7859866506970363,18.44761757964916,0.8662952933964332,0.0238027347356728,1.7859866506970363,18.447617579649155,0.0003220088506329,0.9959724538261332,0.9959718605102332,220.67954073156548,0.1351704510802546,0.994186778260533,0.9968014517302894,4.268204113692373,True,0.8662952933964332,0.9959724538261332,1.7859866506970363,220.67954073156548,0.0080497720004026,0.0080497720004026,5.679256443269464e-07,0.0045031672207226,0.0080497720004026,edge_not_decayed;center_jump_too_large;adjacent_jump_too_large,assets/classic_supersonic/scan_M18_M19_alpha_0_03_strict/point_results/M1.90_alpha0.01000_candidates.csv
1.9,0.01,0.4383960000000001,0.00752048,7.520480000000004e-05,1.838643906006488e-05,0.4,0.65,0.005,0.02,rejected,,-5.151964624928518,4.127116169911544e-22,600.0,exact_log_amplitude_match,-5.30429758840686,2.309016698665243e-21,1200.0,exact_log_amplitude_match,0.8318363295124948,1.260271825047136e-05,1.7585302937100318,1.3096400907754413,0.8318363295124949,1.2602718250452663e-05,1.7585302937100318,1.3096400907754415,0.0088628057268614,0.0143818322504119,0.0143242596728359,1.164551676297353,0.8324234856052759,0.0047394613917047,1.7597715616610206,9.12333554135994,True,0.8324234856052759,0.0143818322504119,1.7597715616610206,9.12333554135994,0.0049495437505175,0.0049495437505175,7.816662984064792e-05,0.0073707749201668,0.0073707749201668,edge_not_decayed;adjacent_jump_too_large,assets/classic_supersonic/scan_M18_M19_alpha_0_03_strict/point_results/M1.90_alpha0.01000_candidates.csv
1.9,0.02,0.7615399999999999,3.2662119999999995e-05,6.532423999999999e-07,1.253870264483415e-09,0.6,0.85,1e-05,0.002,rejected,,-15.665887047052433,1.7103596615736592e-20,600.0,exact_log_amplitude_match,-26.36278167125935,8.938959584790846e-18,1200.0,exact_log_amplitude_match,0.9523849232630848,0.0464709137609276,1.8854747000029288,40.21304107041561,0.9523849232630848,0.0464709137609277,1.885474700002929,40.2130410704156,0.0007250962487262,0.9960071450637532,0.9960020601396607,189.80810223808547,0.1523284344871586,0.995065281710008,0.9976763315161188,9.165471099681955,True,0.9523849232630848,0.9960071450637532,1.885474700002929,189.80810223808547,0.0284665329351204,0.0284665329351204,0.0071611608417972,0.0169112101519364,0.0284665329351204,edge_not_decayed;center_jump_too_large;adjacent_jump_too_large,assets/classic_supersonic/scan_M18_M19_alpha_0_03_strict/point_results/M1.90_alpha0.02000_candidates.csv
1.9,0.02,0.7615399999999999,0.001,2e-05,3.121041602469728e-07,0.6,0.85,0.001,0.008,rejected,,-15.642801731896007,7.905493228020194e-20,600.0,exact_log_amplitude_match,-26.31661591736895,7.210745364656709e-18,1200.0,exact_log_amplitude_match,0.909426643405134,0.0464138139629152,1.850873540730973,38.41127768619836,0.909426643405134,0.0464138139629152,1.8508735407309735,38.41127768619835,0.0006931061655237,0.9955841412482888,0.995579044725134,190.9563665339849,0.1456080470400421,0.9946414661635828,0.9972527144053942,8.756366420626154,True,0.909426643405134,0.9955841412482888,1.8508735407309735,190.9563665339849,0.0279262394413702,0.0279262394413702,9.43806552218376e-07,0.0157353629766004,0.0279262394413702,edge_not_decayed;center_jump_too_large;adjacent_jump_too_large,assets/classic_supersonic/scan_M18_M19_alpha_0_03_strict/point_results/M1.90_alpha0.02000_candidates.csv
1.9,0.02,0.442948,0.0110576,0.000221152,1.5988357587473962e-06,0.2,0.45,0.005,0.02,rejected,,-5.48669442472466,3.8987325057158445e-21,600.0,exact_log_amplitude_match,-5.974421275377467,1.7232773444880612e-20,1200.0,exact_log_amplitude_match,0.5821389866936666,1.819474854337203e-05,1.5452616330087905,1.940778087940633,0.5821389866936668,1.819474854337075e-05,1.545261633008791,1.940778087940633,0.0065652342470592,0.0007493375036556,0.0174271176224012,1.2595113517191687,0.583133550757967,0.0028027342602838,1.5479016583725982,14.791724046984667,True,0.583133550757967,0.0028027342602838,1.5479016583725982,14.791724046984667,0.0152792847079034,0.0152792847079034,0.0004806188064554,0.0228435698790722,0.0228435698790722,edge_not_decayed;adjacent_jump_too_large,assets/classic_supersonic/scan_M18_M19_alpha_0_03_strict/point_results/M1.90_alpha0.02000_candidates.csv
1.9,0.02,0.44286,0.01127048,0.0002254096,5.844208919568483e-06,0.4,0.65,0.005,0.02,rejected,,-5.494688896364591,4.028568631672294e-21,600.0,exact_log_amplitude_match,-5.990437816595113,1.762652137424706e-20,1200.0,exact_log_amplitude_match,0.5760986111030371,1.8443429701076556e-05,1.5381101202440317,1.9526169101967368,0.5760986111030368,1.844342970106085e-05,1.5381101202440313,1.952616910196736,0.0064897282860437,0.0025366769082752,0.0173267502507701,1.257473421626779,0.5771045878969615,0.0023609218336927,1.540795950512764,14.815513205462723,True,0.5771045878969615,0.0025366769082752,1.540795950512764,14.815513205462723,0.01521269524726,0.01521269524726,0.0004780001657598,0.0227373593808922,0.0227373593808922,edge_not_decayed;adjacent_jump_too_large,assets/classic_supersonic/scan_M18_M19_alpha_0_03_strict/point_results/M1.90_alpha0.02000_candidates.csv
1.9,0.02,0.7615399999999999,0.005,0.0001,7.75843269023688e-06,0.6,0.85,0.005,0.02,rejected,,-15.547950600278435,1.764350962203089e-19,600.0,exact_log_amplitude_match,-26.126933254432497,6.559796207297865e-18,1200.0,exact_log_amplitude_match,0.7513382772607189,0.0462768792800492,1.7142430617428894,32.02524322179786,0.751338277260719,0.0462768792800493,1.7142430617428894,32.02524322179787,0.0005726243963908,0.993103071485649,0.9930979725354866,196.51903286046576,0.1202947483840155,0.992144173012992,0.9947562330594568,7.3015003999479235,True,0.751338277260719,0.993103071485649,1.7142430617428894,196.51903286046576,0.0257978897723268,0.0257978897723268,5.934802147924776e-07,0.0145278569781996,0.0257978897723268,edge_not_decayed;center_jump_too_large;adjacent_jump_too_large,assets/classic_supersonic/scan_M18_M19_alpha_0_03_strict/point_results/M1.90_alpha0.02000_candidates.csv
1.9,0.02,0.76064,0.015,0.0003,6.88677946419742e-05,0.6,0.85,0.015,0.06,rejected,,-15.304718192748494,2.257672349064271e-19,600.0,exact_log_amplitude_match,-25.64044808935135,6.986357711828879e-18,1200.0,exact_log_amplitude_match,0.4666762572810554,0.0447867808878888,1.4167831754084323,21.410817977448584,0.4666762572810553,0.0447867808878889,1.416783175408432,21.41081797744858,0.0003591668194818,0.9868327032407472,0.9868275609141636,201.99423932744224,0.0754889703774712,0.9858377337770968,0.9884542184056854,4.940989537331863,True,0.4666762572810554,0.9868327032407472,1.4167831754084323,201.99423932744224,0.0211648182456302,0.0211648182456302,5.747502903265016e-07,0.0119892732326177,0.0211648182456302,edge_not_decayed;center_jump_too_large;adjacent_jump_too_large,assets/classic_supersonic/scan_M18_M19_alpha_0_03_strict/point_results/M1.90_alpha0.02000_candidates.csv
1.9,0.03,0.7615399999999999,1e-05,3.0000000000000004e-07,1.3728550934341392e-09,0.6,0.85,1e-05,0.002,rejected,,-21.000352580464448,1.3230354893588536e-18,600.0,exact_log_amplitude_match,-37.04650661441072,3.1275060555240625e-17,1200.0,exact_log_amplitude_match,0.9342494732294798,0.0660993060446733,1.8670263877388047,58.71578513517846,0.9342494732294796,0.0660993060446732,1.8670263877388047,58.71578513517845,0.001117923284277,0.9899423024223716,0.9899324455109876,147.65114522921044,0.1567263531363071,0.989867961388356,0.9924758120829984,13.285999524601245,True,0.9342494732294798,0.9899423024223716,1.8670263877388047,147.65114522921044,0.0480920681022772,0.0480920681022773,0.0526319868117488,0.0461070576947773,0.0526319868117488,edge_not_decayed;center_jump_too_large;adjacent_jump_too_large,assets/classic_supersonic/scan_M18_M19_alpha_0_03_strict/point_results/M1.90_alpha0.03000_candidates.csv
1.9,0.03,0.44774,0.0150021599999999,0.0004500647999999,1.197892836199149e-07,0.2,0.45,0.015,0.06,rejected,,-6.0818002383063146,1.4114514394406986e-20,600.0,exact_log_amplitude_match,-7.165810489841904,1.7536311192530262e-20,1200.0,exact_log_amplitude_match,0.3327303728253918,2.787170372080275e-05,1.3226408738626816,2.6335989114901035,0.332730372825392,2.787170372084268e-05,1.3226408738626818,2.6335989114901035,0.0056089153638985,0.0003418996755341,0.0222960731096878,1.2202618355234125,0.3337469405851649,0.0026293949729772,1.3266818462525225,21.68692174739988,True,0.3337469405851649,0.0026293949729772,1.3266818462525225,21.68692174739988,0.0228518322155324,0.0228518322155324,0.0010695608445079,0.0342314821910579,0.0342314821910579,edge_not_decayed;adjacent_jump_too_large,assets/classic_supersonic/scan_M18_M19_alpha_0_03_strict/point_results/M1.90_alpha0.03000_candidates.csv
1.9,0.03,0.44774,0.0150053599999999,0.0004501607999999,1.6131697386012897e-07,0.2,0.45,0.005,0.02,rejected,,-6.082008543647093,1.411810228920953e-20,600.0,exact_log_amplitude_match,-7.166227795887222,1.752408117899403e-20,1200.0,exact_log_amplitude_match,0.3326522077731588,2.7873953757677825e-05,1.3225265879913122,2.6337099418232257,0.3326522077731588,2.7873953757623384e-05,1.3225265879913122,2.633709941823225,0.0056074886166785,0.0003744967871207,0.0222937128151368,1.2202385798939464,0.3336687974333852,0.0026234454833912,1.3265682471876437,21.6867058051646,True,0.3336687974333852,0.0026234454833912,1.3265682471876437,21.6867058051646,0.0228497230759111,0.022849723075911,0.0010694470576327,0.0342282063630651,0.0342282063630651,edge_not_decayed;adjacent_jump_too_large,assets/classic_supersonic/scan_M18_M19_alpha_0_03_strict/point_results/M1.90_alpha0.03000_candidates.csv
1.9,0.03,0.7615399999999999,0.001,3e-05,4.661428624260374e-07,0.6,0.85,0.001,0.008,rejected,,-20.964912139757143,1.365161774622621e-18,600.0,exact_log_amplitude_match,-36.97563341777498,2.28637580630513e-17,1200.0,exact_log_amplitude_match,0.8687010121045428,0.0677632784370226,1.8193591921919712,54.73864384747799,0.8687010121045432,0.0677632784370227,1.8193591921919716,54.73864384747798,0.0010173908936441,0.9926855838826364,0.9926760448854488,157.5940459636679,0.1426248897173971,0.9925728333078854,0.99518132450981,12.31469217259097,True,0.8687010121045432,0.9926855838826364,1.8193591921919716,157.5940459636679,0.0466056859475388,0.0466056859475388,0.0001799023865934,0.02641613756658,0.0466056859475388,edge_not_decayed;center_jump_too_large;adjacent_jump_too_large,assets/classic_supersonic/scan_M18_M19_alpha_0_03_strict/point_results/M1.90_alpha0.03000_candidates.csv
1.9,0.03,0.447756,0.0150021599999999,0.0004500647999999,8.028289238859867e-07,0.4,0.65,0.015,0.06,rejected,,-6.082203142362549,1.411831335604447e-20,600.0,exact_log_amplitude_match,-7.166617292074768,1.7525727278478876e-20,1200.0,exact_log_amplitude_match,0.3327309831680749,2.787610654408764e-05,1.322645062817312,2.634240925887064,0.332730983168075,2.787610654402793e-05,1.3226450628173123,2.634240925887064,0.0056089181303483,0.0004685291461743,0.0222961138220915,1.2199322240273636,0.3337475552873317,0.0026798128125748,1.3266860576133,21.701409237110777,True,0.3337475552873317,0.0026798128125748,1.3266860576133,21.701409237110777,0.0228522948725062,0.0228522948725062,0.0010696699277559,0.0342329026682144,0.0342329026682144,edge_not_decayed;adjacent_jump_too_large,assets/classic_supersonic/scan_M18_M19_alpha_0_03_strict/point_results/M1.90_alpha0.03000_candidates.csv
1.9,0.03,0.447756,0.0150053599999999,0.0004501607999999,8.100592701312495e-07,0.4,0.65,0.005,0.02,rejected,,-6.082411505457344,1.412042411116857e-20,600.0,exact_log_amplitude_match,-7.167034713382734,1.7511502829133962e-20,1200.0,exact_log_amplitude_match,0.3326528179706573,2.787869961088396e-05,1.3225307743729489,2.6343519502573267,0.3326528179706573,2.7878699610851608e-05,1.3225307743729489,2.634351950257326,0.0056076004599732,0.0004928196064797,0.0222941871466626,1.219909002325976,0.3336694122609998,0.0026739708770958,1.3265724581309617,21.701191819415023,True,0.3336694122609998,0.0026739708770958,1.3265724581309617,21.701191819415023,0.0228501857194314,0.0228501857194314,0.0010695561210964,0.0342296267124147,0.0342296267124147,edge_not_decayed;adjacent_jump_too_large,assets/classic_supersonic/scan_M18_M19_alpha_0_03_strict/point_results/M1.90_alpha0.03000_candidates.csv
1.9,0.04,0.7615399999999999,1.7140120000000004e-05,6.856048000000002e-07,1.987869632848853e-09,0.6,0.85,1e-05,0.002,rejected,,-26.334395829390637,4.7007439260653945e-18,600.0,exact_log_amplitude_match,-47.72892671268762,6.670288426522059e-17,1200.0,exact_log_amplitude_match,0.9121589102559956,0.0882957174978962,1.823896336485525,76.17875465589684,0.9121589102559956,0.0882957174978964,1.8238963364855243,76.17875465589685,0.0014550070060182,0.9911409395183964,0.991127073174648,122.71431199087208,0.1531316386218807,0.9918617163164876,0.9944671414867898,16.922051432950987,True,0.9121589102559956,0.9918617163164876,1.823896336485525,122.71431199087208,0.0596619871023732,0.0596619871023732,0.0153484009926363,0.0358136089078092,0.0596619871023732,edge_not_decayed;center_jump_too_large;adjacent_jump_too_large,assets/classic_supersonic/scan_M18_M19_alpha_0_03_strict/point_results/M1.90_alpha0.04000_candidates.csv
1.9,0.04,0.7615399999999999,0.001,4e-05,6.189407389263256e-07,0.6,0.85,0.001,0.008,rejected,,-26.28748278310185,4.111343105652828e-18,600.0,exact_log_amplitude_match,-47.63511115365728,4.7180654051229085e-17,1200.0,exact_log_amplitude_match,0.8306727619727108,0.0879917776885721,1.7749379881934229,69.45635204109828,0.8306727619727107,0.0879917776885718,1.7749379881934224,69.4563520410983,0.0013277117887316,0.9898264198982506,0.9898125106344786,127.39488331840596,0.1397347987194671,0.9905419850692112,0.9931475950865584,15.439786628108116,True,0.8306727619727108,0.9905419850692112,1.7749379881934229,127.39488331840596,0.0576098169395669,0.0576098169395669,0.0002936790814004,0.032825722377548,0.0576098169395669,edge_not_decayed;center_jump_too_large;adjacent_jump_too_large,assets/classic_supersonic/scan_M18_M19_alpha_0_03_strict/point_results/M1.90_alpha0.04000_candidates.csv
1.9,0.04,0.452756,0.0180008,0.000720032,6.369378642815608e-06,0.4,0.65,0.005,0.02,rejected,,-6.907230550985069,1.9316287434874764e-20,600.0,exact_log_amplitude_match,-8.818213945661881,3.0240285196960643e-20,1200.0,exact_log_amplitude_match,0.172148494865234,3.809300634639292e-05,1.1357656920540178,3.059259581791105,0.172148494865234,3.809300634648798e-05,1.1357656920540178,3.059259581791105,0.0038511300229714,0.0016453535561741,0.0254081881991148,1.1900728648241927,0.1729000293632781,0.0029510606982075,1.1407240107424368,27.116923798545116,True,0.1729000293632781,0.0029510606982075,1.1407240107424368,27.116923798545116,0.0249973800193276,0.0249973800193276,0.0015441262247569,0.037477794338177,0.037477794338177,edge_not_decayed;adjacent_jump_too_large,assets/classic_supersonic/scan_M18_M19_alpha_0_03_strict/point_results/M1.90_alpha0.04000_candidates.csv
1.9,0.04,0.7615399999999999,0.005,0.0002,1.5387729084239162e-05,0.6,0.85,0.005,0.02,rejected,,-26.097777962006848,3.880890143951549e-18,600.0,exact_log_amplitude_match,-47.25574327022935,4.3641033941958317e-17,1200.0,exact_log_amplitude_match,0.5670387216555666,0.0876298276663099,1.5873571920079728,49.16621074559947,0.5670387216555665,0.0876298276663097,1.5873571920079723,49.16621074559948,0.0009059196623957,0.987478239356,0.987464353796282,146.22962707835904,0.0953404229619937,0.9881646627423466,0.990771124880964,10.928407779491382,True,0.5670387216555666,0.9881646627423466,1.5873571920079728,146.22962707835904,0.0500991032721434,0.0500991032721434,0.0002549479415439,0.028507760126378,0.0500991032721434,edge_not_decayed;center_jump_too_large;adjacent_jump_too_large,assets/classic_supersonic/scan_M18_M19_alpha_0_03_strict/point_results/M1.90_alpha0.04000_candidates.csv
1.9,0.04,0.760384,0.015,0.0006,0.0001366184020654,0.6,0.85,0.015,0.06,rejected,,-25.605376454675486,4.194216655444139e-18,600.0,exact_log_amplitude_match,-46.2708724348294,4.6839145040463776e-17,1200.0,exact_log_amplitude_match,0.2188479923507701,0.0843967622103665,1.2036639422463122,25.14327092874824,0.2188479923507701,0.0843967622103667,1.2036639422463125,25.143270928748223,0.0003531144675035,0.9814531945398156,0.981439253713667,172.51703161801578,0.0371864469898978,0.9820886831510046,0.9847004697182676,5.6752526924115365,True,0.2188479923507701,0.9820886831510046,1.2036639422463125,172.51703161801578,0.035499407600985,0.035499407600985,6.386783060149515e-05,0.0203240261376902,0.035499407600985,edge_not_decayed;center_jump_too_large;adjacent_jump_too_large,assets/classic_supersonic/scan_M18_M19_alpha_0_03_strict/point_results/M1.90_alpha0.04000_candidates.csv
1.9,0.04,0.45,0.01802904,0.0007211616,0.0001580366554839,0.2,0.45,0.015,0.06,rejected,,-6.787786008947972,1.9324929323261062e-20,600.0,exact_log_amplitude_match,-8.579033515258596,2.0272790599888607e-20,1200.0,exact_log_amplitude_match,0.1715873966790291,5.69292893857941e-05,1.134019286930178,2.926551306640748,0.1715873966790291,5.692928938589813e-05,1.134019286930178,2.926551306640747,0.0037429159233897,0.031782922040832,0.0319062249067747,1.2449122396615662,0.1723375544897178,0.0083888643312983,1.1389770713905192,24.2135870948986,True,0.1723375544897178,0.031782922040832,1.1389770713905192,24.2135870948986,0.0248970612588659,0.0248970612588659,0.0015178931944054,0.0372129327446369,0.0372129327446369,edge_not_decayed;adjacent_jump_too_large,assets/classic_supersonic/scan_M18_M19_alpha_0_03_strict/point_results/M1.90_alpha0.04000_candidates.csv
1.9,0.05,0.7615399999999999,2.047536e-05,1.023768e-06,2.555235453631029e-09,0.6,0.85,1e-05,0.002,rejected,,-31.66894251749609,1.0124414620111656e-17,600.0,exact_log_amplitude_match,-58.41190692322658,1.14868666227909e-16,1200.0,exact_log_amplitude_match,0.8933984909798077,0.1075735196715217,1.7819008176903717,92.8066358283116,0.8933984909798077,0.1075735196715216,1.7819008176903717,92.80663582831164,0.0018204781347068,0.9875956998100832,0.987577568223615,97.0079724510476,0.1534342682542931,0.9891307765632128,0.9917332281513508,20.38278717162146,True,0.8933984909798077,0.9891307765632128,1.7819008176903717,97.0079724510476,0.0672325829208597,0.0672325829208597,0.0016392120352893,0.0384922638141293,0.0672325829208597,edge_not_decayed;center_jump_too_large;adjacent_jump_too_large,assets/classic_supersonic/scan_M18_M19_alpha_0_03_strict/point_results/M1.90_alpha0.05000_candidates.csv
1.9,0.05,0.7615399999999999,0.001,5e-05,7.705791347103066e-07,0.6,0.85,0.001,0.008,rejected,,-31.6104998848619,8.233654165064757e-18,600.0,exact_log_amplitude_match,-58.29503534795416,7.937010264503991e-17,1200.0,exact_log_amplitude_match,0.7951123757375618,0.1071789515452258,1.7293850436500346,82.75812951881706,0.7951123757375618,0.1071789515452257,1.7293850436500349,82.75812951881709,0.0016246703797577,0.9870089711373085,0.9869907707604304,102.81744297500616,0.1369323458157701,0.988549535213906,0.9911521430081158,18.197253798380785,True,0.7951123757375618,0.988549535213906,1.7293850436500349,102.81744297500616,0.0646028016915801,0.0646028016915801,0.0004083787716616,0.0369875569696038,0.0646028016915801,edge_not_decayed;center_jump_too_large;adjacent_jump_too_large,assets/classic_supersonic/scan_M18_M19_alpha_0_03_strict/point_results/M1.90_alpha0.05000_candidates.csv
1.9,0.05,0.45746,0.02016888,0.001008444,3.501990440017295e-06,0.4,0.65,0.015,0.06,rejected,,-7.938074702542859,4.773253267036361e-21,600.0,exact_log_amplitude_match,-10.881708789868354,6.179414569292341e-19,1200.0,exact_log_amplitude_match,0.0852091686267948,4.8536967919697935e-05,0.9934701547289574,3.3337600746166958,0.0852091686267948,4.853696791976372e-05,0.9934701547289572,3.3337600746166944,0.0023674319613195,0.0006527909686784,0.0276023464942346,1.1774851563959616,0.0856762482292447,0.0024468292923367,0.998915926027924,31.279491286416597,True,0.0856762482292447,0.0024468292923367,0.998915926027924,31.279491286416597,0.0239023200458137,0.0239023200458137,0.0018204150959642,0.0358126204665353,0.0358126204665353,edge_not_decayed;adjacent_jump_too_large,assets/classic_supersonic/scan_M18_M19_alpha_0_03_strict/point_results/M1.90_alpha0.05000_candidates.csv
1.9,0.05,0.45746,0.02,0.001,1.2827685800214228e-05,0.4,0.65,0.005,0.02,rejected,,-7.919710993157743,5.1466200409051114e-21,600.0,exact_log_amplitude_match,-10.844919355814008,5.934405001729652e-19,1200.0,exact_log_amplitude_match,0.0869865584871443,4.872814501237639e-05,0.999118496008629,3.338165506486665,0.0869865584871443,4.872814501243963e-05,0.9991184960086292,3.338165506486664,0.0024184465083618,0.0017590955660419,0.0277780231812362,1.1758673759474432,0.0874579609600871,0.0030610927578558,1.004532975822602,31.47724450754495,True,0.0874579609600871,0.0030610927578558,1.004532975822602,31.47724450754495,0.0240701966824325,0.0240701966824325,0.0018353995771774,0.0360735687001638,0.0360735687001638,edge_not_decayed;adjacent_jump_too_large,assets/classic_supersonic/scan_M18_M19_alpha_0_03_strict/point_results/M1.90_alpha0.05000_candidates.csv
1.9,0.05,0.7615399999999999,0.005,0.00025,1.9158999251209973e-05,0.6,0.85,0.005,0.02,rejected,,-31.373366526952157,7.663383038760831e-18,600.0,exact_log_amplitude_match,-57.82082316178999,7.463903814547493e-17,1200.0,exact_log_amplitude_match,0.4933802045207677,0.106683806035935,1.5294589963451746,54.33738665627134,0.4933802045207677,0.1066838060359349,1.5294589963451743,54.337386656271335,0.0010074083580505,0.9847255764611272,0.9847074240715372,126.50335713473854,0.0849042911578746,0.9862291372297,0.988832621262816,11.945229426152585,True,0.4933802045207677,0.9862291372297,1.5294589963451746,126.50335713473854,0.0549656397908353,0.0549656397908354,0.0003466740228751,0.0314154184818327,0.0549656397908354,edge_not_decayed;center_jump_too_large;adjacent_jump_too_large,assets/classic_supersonic/scan_M18_M19_alpha_0_03_strict/point_results/M1.90_alpha0.05000_candidates.csv
1.9,0.05,0.760384,0.015,0.00075,0.0001701236955138,0.6,0.85,0.015,0.06,rejected,,-30.757856667594083,8.251575254424798e-18,600.0,exact_log_amplitude_match,-56.58972664263188,8.023313202943673e-17,1200.0,exact_log_amplitude_match,0.1500941397749416,0.1026797767533072,1.128413834993158,25.28919322451777,0.1500941397749416,0.1026797767533073,1.1284138349931585,25.289193224517764,0.0003091478383468,0.978829070399364,0.9788108981309146,161.0647684229859,0.0260714786984907,0.9802696621554214,0.9828785064834588,5.645490322876826,True,0.1500941397749416,0.9802696621554214,1.1284138349931585,161.0647684229859,0.0369873994233189,0.036987399423319,0.000172297755951,0.0212530217837969,0.036987399423319,edge_not_decayed;center_jump_too_large;adjacent_jump_too_large,assets/classic_supersonic/scan_M18_M19_alpha_0_03_strict/point_results/M1.90_alpha0.05000_candidates.csv
1.9,0.06,0.7615399999999999,1.56914e-05,9.41484e-07,2.885872762785248e-09,0.6,0.85,1e-05,0.002,rejected,,-37.00442158720236,1.760544697829033e-17,600.0,exact_log_amplitude_match,-69.09632174321717,1.7965120747869982e-16,1200.0,exact_log_amplitude_match,0.8774942503830097,0.1251448817953909,1.7579503759252055,108.80375566753982,0.8774942503830097,0.1251448817953911,1.7579503759252058,108.80375566753985,0.0022071214282894,0.9852277022138776,0.9852051623254862,76.01797142749396,0.1551912245066303,0.9876271592157154,0.9902262813503128,23.73193619232082,True,0.8774942503830097,0.9876271592157154,1.7579503759252058,108.80375566753985,0.0752395774029237,0.0752395774029238,0.0033151108245629,0.0434455404030289,0.0752395774029238,edge_not_decayed;center_jump_too_large;adjacent_jump_too_large,assets/classic_supersonic/scan_M18_M19_alpha_0_03_strict/point_results/M1.90_alpha0.06000_candidates.csv
1.9,0.06,0.7615399999999999,0.001,6e-05,9.211411590339442e-07,0.6,0.85,0.001,0.008,rejected,,-36.93394665951908,1.3682793159381759e-17,600.0,exact_log_amplitude_match,-68.95538921514839,1.1957969341135278e-16,1200.0,exact_log_amplitude_match,0.7618104454194258,0.1253983704488683,1.698020413184405,94.81128640194056,0.761810445419426,0.1253983704488685,1.6980204131844052,94.81128640194056,0.0019088178785578,0.9842352304179872,0.9842128250724044,83.659420110716,0.1342120075883902,0.9865962960927848,0.9891957838574558,20.6408188689451,True,0.761810445419426,0.9865962960927848,1.6980204131844052,94.81128640194056,0.071847010881043,0.0718470108810429,0.0005412927290919,0.0413194868498474,0.071847010881043,edge_not_decayed;center_jump_too_large;adjacent_jump_too_large,assets/classic_supersonic/scan_M18_M19_alpha_0_03_strict/point_results/M1.90_alpha0.06000_candidates.csv
1.9,0.06,0.462244,0.0215771999999999,0.0012946319999999,3.7515343925203233e-06,0.4,0.65,0.015,0.06,rejected,,-9.191183429033256,1.2430301205366084e-20,600.0,exact_log_amplitude_match,-13.389999525496254,2.5292084136104407e-18,1200.0,exact_log_amplitude_match,0.0424428883989773,5.9555612402976245e-05,0.8894217323940866,3.6003992172586297,0.0424428883989773,5.955561240291338e-05,0.8894217323940867,3.600399217258629,0.0014064105095378,0.0010661678353245,0.0294723596587393,1.163322441489514,0.0427112275664629,0.0027578928297953,0.8950449754913048,35.53830138008382,True,0.0427112275664629,0.0027578928297953,0.8950449754913048,35.53830138008382,0.0223150201454636,0.0223150201454636,0.0020102097996698,0.0333799325955195,0.0333799325955195,edge_not_decayed;adjacent_jump_too_large,assets/classic_supersonic/scan_M18_M19_alpha_0_03_strict/point_results/M1.90_alpha0.06000_candidates.csv
1.9,0.06,0.7615399999999999,0.005,0.0003,2.2904195314961805e-05,0.6,0.85,0.005,0.02,rejected,,-36.64938329186252,1.2746709527526613e-17,600.0,exact_log_amplitude_match,-68.38633125414968,1.1387191087383786e-16,1200.0,exact_log_amplitude_match,0.4297118002463202,0.1247610103657116,1.4776326221701237,57.9865606573788,0.4297118002463202,0.1247610103657116,1.477632622170124,57.98656065737878,0.0010756146963905,0.9820155186302508,0.9819931933166672,110.56006204068068,0.0756245743845596,0.9843310548811912,0.9869314459293638,12.619020772829074,True,0.4297118002463202,0.9843310548811912,1.477632622170124,110.56006204068068,0.0596705464427487,0.0596705464427486,0.0004483103544281,0.0342441989381446,0.0596705464427487,edge_not_decayed;center_jump_too_large;adjacent_jump_too_large,assets/classic_supersonic/scan_M18_M19_alpha_0_03_strict/point_results/M1.90_alpha0.06000_candidates.csv
1.9,0.06,0.462244,0.02,0.0012,0.0001623933237848,0.4,0.65,0.005,0.02,rejected,,-8.987724423116157,3.8915263362884365e-21,600.0,exact_log_amplitude_match,-12.982387352795108,1.9467650806907605e-18,1200.0,exact_log_amplitude_match,0.0534752762116814,8.306997560413582e-05,0.9408124755933944,3.671005219207738,0.0534752762116814,8.30699756040689e-05,0.9408124755933944,3.671005219207738,0.0017723087841278,0.023857413317763,0.0311809556272478,1.140526894759453,0.0537873947348488,0.0101206734994352,0.9463037049236036,38.36408652486891,True,0.0537873947348488,0.023857413317763,0.9463037049236036,38.36408652486891,0.0239855672042133,0.0239855672042134,0.0021892117036535,0.0359750822392878,0.0359750822392878,edge_not_decayed;adjacent_jump_too_large,assets/classic_supersonic/scan_M18_M19_alpha_0_03_strict/point_results/M1.90_alpha0.06000_candidates.csv
1.9,0.06,0.760384,0.015,0.0009,0.0002034100387687,0.6,0.85,0.015,0.06,rejected,,-35.91076064770613,1.3710726688564507e-17,600.0,exact_log_amplitude_match,-66.90900461743868,1.224999718758236e-16,1200.0,exact_log_amplitude_match,0.1030420778612779,0.1200066400941125,1.0638429228557045,25.06472311284,0.1030420778612779,0.1200066400941124,1.0638429228557045,25.064723112839992,0.0002598636847916,0.9762439482519591,0.9762216590448048,151.07210226738954,0.018281800440877,0.9784830291372636,0.9810888252811096,5.538456871467651,True,0.1030420778612779,0.9784830291372636,1.0638429228557045,151.07210226738954,0.0380434541085786,0.0380434541085786,0.0002558710204785,0.0219323448169123,0.0380434541085786,edge_not_decayed;center_jump_too_large;adjacent_jump_too_large,assets/classic_supersonic/scan_M18_M19_alpha_0_03_strict/point_results/M1.90_alpha0.06000_candidates.csv
1.9,0.07,0.7615399999999999,2.314992e-05,1.6204944000000002e-06,3.6969774966426036e-09,0.6,0.85,1e-05,0.002,rejected,,-42.33940170453269,2.6989455237795977e-17,600.0,exact_log_amplitude_match,-79.77932823818193,2.6609040541876003e-16,1200.0,exact_log_amplitude_match,0.8603952365371473,0.1425384512699812,1.720647541712287,123.9468220132444,0.8603952365371476,0.1425384512699812,1.720647541712287,123.9468220132444,0.0025743589005636,0.9819525926519392,0.9819259728445944,61.32916125858996,0.155325886499747,0.9851554364368,0.9877513694914634,26.774889909258484,True,0.8603952365371476,0.9851554364368,1.720647541712287,123.9468220132444,0.0811532233449133,0.0811532233449133,0.000834355347381,0.0469655621063074,0.0811532233449133,edge_not_decayed;center_jump_too_large;adjacent_jump_too_large,assets/classic_supersonic/scan_M18_M19_alpha_0_03_strict/point_results/M1.90_alpha0.07000_candidates.csv
1.9,0.07,0.7615399999999999,0.001,7.000000000000001e-05,1.0707133229907662e-06,0.6,0.85,0.001,0.008,rejected,,-42.25780366717406,2.042969682319193e-17,600.0,exact_log_amplitude_match,-79.6161533152781,1.6782773791856035e-16,1200.0,exact_log_amplitude_match,0.7305759852372107,0.1427180205285056,1.659138596127641,105.76033231738998,0.7305759852372107,0.1427180205285053,1.659138596127641,105.76033231738997,0.0021806539320165,0.981506628719765,0.981480111685042,68.90919866389821,0.1315682331084186,0.9846832329536058,0.9872794863323046,22.81468963247519,True,0.7305759852372107,0.9846832329536058,1.659138596127641,105.76033231738998,0.0771042252770761,0.077104225277076,0.0006737322387493,0.0445314092480416,0.0771042252770761,edge_not_decayed;center_jump_too_large;adjacent_jump_too_large,assets/classic_supersonic/scan_M18_M19_alpha_0_03_strict/point_results/M1.90_alpha0.07000_candidates.csv
1.9,0.07,0.466756,0.0224008799999999,0.0015680616,3.507898729244376e-06,0.4,0.65,0.015,0.06,rejected,,-10.64777109895592,1.4667528163263157e-19,600.0,exact_log_amplitude_match,-16.305450396199646,6.26035481863177e-18,1200.0,exact_log_amplitude_match,0.0218198216567722,7.093891110904742e-05,0.8129870895886157,3.882828155712426,0.0218198216567722,7.093891110907369e-05,0.8129870895886159,3.8828281557124256,0.0008370554268843,0.0011585084081011,0.0311879384731766,1.1505976265656934,0.0219751267264288,0.0026968269050594,0.8187736179372256,39.65415999853321,True,0.0219751267264288,0.0026968269050594,0.8187736179372256,39.65415999853321,0.021077011198076,0.021077011198076,0.0021784942932405,0.0314365926077112,0.0314365926077112,edge_not_decayed;adjacent_jump_too_large,assets/classic_supersonic/scan_M18_M19_alpha_0_03_strict/point_results/M1.90_alpha0.07000_candidates.csv
1.9,0.07,0.7615399999999999,0.005,0.00035,2.662554283796098e-05,0.6,0.85,0.005,0.02,rejected,,-41.92580859650916,1.9127142997892025e-17,600.0,exact_log_amplitude_match,-78.95224788578997,1.6126997171056003e-16,1200.0,exact_log_amplitude_match,0.3746091201765284,0.1419321739485446,1.4343077251452974,60.499814080080256,0.3746091201765283,0.1419321739485447,1.4343077251452974,60.49981408008026,0.0011166794608586,0.9793498693521092,0.9793234722279524,97.722257696993,0.0673701352824153,0.9824715863737066,0.985068773097812,13.04365536040612,True,0.3746091201765284,0.9824715863737066,1.4343077251452974,97.722257696993,0.0627202503115916,0.0627202503115915,0.0005462416193382,0.0361331964851751,0.0627202503115916,edge_not_decayed;center_jump_too_large;adjacent_jump_too_large,assets/classic_supersonic/scan_M18_M19_alpha_0_03_strict/point_results/M1.90_alpha0.07000_candidates.csv
1.9,0.07,0.760384,0.015,0.00105,0.0002364989896967,0.6,0.85,0.015,0.06,rejected,,-41.0640682531177,2.0555499505391218e-17,600.0,exact_log_amplitude_match,-77.22868621807112,1.7354558534595242e-16,1200.0,exact_log_amplitude_match,0.0708063786745859,0.1364494950163682,1.0055121260121884,24.685303027100115,0.0708063786745859,0.1364494950163681,1.0055121260121882,24.685303027100115,0.0002123924193513,0.973700500701118,0.9736742166535588,142.22147400509675,0.0128213836869456,0.9767306505182094,0.9793332964717504,5.402954024921744,True,0.0708063786745859,0.9767306505182094,1.0055121260121884,142.22147400509675,0.0382283448713612,0.0382283448713612,0.000308563484044,0.0221065313504025,0.0382283448713612,edge_not_decayed;center_jump_too_large;adjacent_jump_too_large,assets/classic_supersonic/scan_M18_M19_alpha_0_03_strict/point_results/M1.90_alpha0.07000_candidates.csv
1.9,0.07,0.38686,1.01592e-05,7.111440000000001e-07,0.0002733264238426,0.2,0.45,1e-05,0.002,rejected,,-5.005999182740834,2.699876448118913e-26,600.0,exact_log_amplitude_match,-5.008481933688104,2.653728085163484e-27,1200.0,exact_log_amplitude_match,0.9982570804851978,0.0027360204704624,1.9990925016927483,1.0156672521836407,0.998257080485198,0.0027360204704623,1.999092501692749,1.0156672521836407,0.0762644205049885,0.517840789737291,0.5181797622501001,4.073519689255906,0.9982603092675992,0.1680119217756145,1.9990989694046684,3.30489877973691,True,0.9982603092675992,0.517840789737291,1.9990989694046684,4.073519689255906,0.0651656681172081,0.0651656681172082,0.3602680697392604,0.0982051613613456,0.3602680697392604,edge_not_decayed;center_jump_too_large;adjacent_jump_too_large;ylimit_unstable,assets/classic_supersonic/scan_M18_M19_alpha_0_03_strict/point_results/M1.90_alpha0.07000_candidates.csv
1.9,0.08,0.7615399999999999,1e-05,8.000000000000001e-07,3.6240164629734566e-09,0.6,0.85,1e-05,0.002,rejected,,-47.67656247210431,3.863930944819525e-17,600.0,exact_log_amplitude_match,-90.46630656228768,4.362669784740054e-16,1200.0,exact_log_amplitude_match,0.8450989593256516,0.1613536189220619,1.691977554440159,138.95778242207786,0.8450989593256518,0.161353618922062,1.6919775544401592,138.95778242207777,0.0029107809368398,0.9802326850930956,0.9802025817886652,51.32717114374197,0.1538341349690524,0.984161278151677,0.9867543083469584,29.516103581642444,True,0.8450989593256518,0.984161278151677,1.6919775544401592,138.95778242207786,0.0844961010707681,0.0844961010707682,0.0018496023757294,0.0487356710941306,0.0844961010707682,edge_not_decayed;center_jump_too_large;adjacent_jump_too_large,assets/classic_supersonic/scan_M18_M19_alpha_0_03_strict/point_results/M1.90_alpha0.08000_candidates.csv
1.9,0.08,0.7615399999999999,0.001,8e-05,1.2193850034577866e-06,0.6,0.85,0.001,0.008,rejected,,-47.58204921151295,2.845111917078935e-17,600.0,exact_log_amplitude_match,-90.27730595221551,2.3571986524690463e-16,1200.0,exact_log_amplitude_match,0.7012348982350335,0.1592007568376267,1.6307336776049235,115.73004736596802,0.7012348982350336,0.1592007568376267,1.6307336776049235,115.730047365968,0.0024406316630279,0.9788260301202424,0.9787955017423412,57.5247748827161,0.1289955110136786,0.982811422132826,0.9854043302800698,24.75538038081145,True,0.7012348982350336,0.982811422132826,1.6307336776049235,115.73004736596802,0.0799322326842023,0.0799322326842024,0.0007941219193493,0.0463521971154828,0.0799322326842024,edge_not_decayed;center_jump_too_large;adjacent_jump_too_large,assets/classic_supersonic/scan_M18_M19_alpha_0_03_strict/point_results/M1.90_alpha0.08000_candidates.csv
1.9,0.08,0.471156,0.0227147999999999,0.0018171839999999,1.740960288525573e-05,0.4,0.65,0.015,0.06,rejected,,-12.327746896104632,5.17165968831015e-19,600.0,exact_log_amplitude_match,-19.667907498731743,1.2155753316574733e-17,1200.0,exact_log_amplitude_match,0.0119096364237547,8.330496574219196e-05,0.7593206250216075,4.2113553183288825,0.0119096364237547,8.33049657421797e-05,0.7593206250216075,4.21135531832888,0.0005177481172485,0.0028789403284605,0.0330099769635943,1.1349697194033113,0.0120014414287209,0.0028159786551246,0.7651738207780643,43.84880055706124,True,0.0120014414287209,0.0028789403284605,0.7651738207780643,43.84880055706124,0.0201864342195653,0.0201864342195654,0.0023415838696134,0.0299865426874506,0.0299865426874506,adjacent_jump_too_large,assets/classic_supersonic/scan_M18_M19_alpha_0_03_strict/point_results/M1.90_alpha0.08000_candidates.csv
1.9,0.08,0.7615399999999999,0.005,0.0004,3.0325337327243824e-05,0.6,0.85,0.005,0.02,rejected,,-47.20262055858731,2.6794792577082083e-17,600.0,exact_log_amplitude_match,-89.5185511749354,2.2184736947668144e-16,1200.0,exact_log_amplitude_match,0.3268612564930453,0.1582623843552545,1.3920164363907397,62.16684720975952,0.3268612564930453,0.1582623843552545,1.3920164363907397,62.16684720975953,0.0011357715524669,0.976731271167404,0.9767009106186052,87.31803211336019,0.0600250555268866,0.9806520096830356,0.9832458844719476,13.287684463589647,True,0.3268612564930453,0.9806520096830356,1.3920164363907397,87.31803211336019,0.0641030952880598,0.0641030952880598,0.0006344241931181,0.0370649122791565,0.0641030952880598,edge_not_decayed;center_jump_too_large;adjacent_jump_too_large,assets/classic_supersonic/scan_M18_M19_alpha_0_03_strict/point_results/M1.90_alpha0.08000_candidates.csv
1.9,0.08,0.760384,0.015,0.0012,0.0002694127377551,0.6,0.85,0.015,0.06,rejected,,-46.21775721060377,2.8805653819011086e-17,600.0,exact_log_amplitude_match,-87.54874917057214,2.3333693786299604e-16,1200.0,exact_log_amplitude_match,0.0486983343077287,0.1520743205441361,0.9543217082244592,24.25197611301428,0.0486983343077287,0.1520743205441364,0.9543217082244592,24.25197611301428,0.0001700655068664,0.9712013756580652,0.9711712264308032,134.28292896281093,0.0089929647646825,0.9750144667323986,0.9776138645196132,5.261043019035336,True,0.0486983343077287,0.9750144667323986,0.9776138645196132,134.28292896281093,0.0378318716429704,0.0378318716429705,0.0003555600542426,0.0219397490810369,0.0378318716429705,edge_not_decayed;center_jump_too_large;adjacent_jump_too_large,assets/classic_supersonic/scan_M18_M19_alpha_0_03_strict/point_results/M1.90_alpha0.08000_candidates.csv
1.9,0.08,0.471156,0.02,0.0016,0.0004009618473788,0.4,0.65,0.005,0.02,rejected,,-11.926578839891906,3.2110562796007374e-19,600.0,exact_log_amplitude_match,-18.864113464109103,9.206346747597805e-18,1200.0,exact_log_amplitude_match,0.0202282254005792,0.0001366994226882,0.8476516920147558,4.461328642377993,0.0202282254005792,0.0001366994226882,0.8476516920147559,4.461328642377993,0.0008802536574797,0.0468279364822095,0.0470393585649086,1.070329317481196,0.020364782175729,0.0182040630800278,0.8533740220372666,52.54006893944291,True,0.020364782175729,0.0468279364822095,0.8533740220372666,52.54006893944291,0.0233434911944972,0.0233434911944972,0.0027839903115639,0.0348412613768345,0.0348412613768345,edge_not_decayed;adjacent_jump_too_large,assets/classic_supersonic/scan_M18_M19_alpha_0_03_strict/point_results/M1.90_alpha0.08000_candidates.csv
1.9,0.09,0.7615399999999999,1.100893e-05,9.908037e-07,4.219006990428957e-09,0.6,0.85,1e-05,0.002,rejected,,-53.01288042634969,5.210344076254882e-17,600.0,exact_log_amplitude_match,-101.15123405915566,5.548889770394604e-16,1200.0,exact_log_amplitude_match,0.832410926826043,0.1757085135910729,1.6679372435905604,153.20070194702367,0.8324109268260429,0.1757085135910728,1.6679372435905606,153.2007019470237,0.0033105201739495,0.9764429637404344,0.9764087187007312,41.74238346108549,0.1557105561755708,0.9812007751781042,0.9837901600734392,32.42727977518274,True,0.832410926826043,0.9812007751781042,1.6679372435905606,153.2007019470237,0.0875351802295782,0.0875351802295782,0.0072599462970436,0.0511744929112496,0.0875351802295782,edge_not_decayed;center_jump_too_large;adjacent_jump_too_large,assets/classic_supersonic/scan_M18_M19_alpha_0_03_strict/point_results/M1.90_alpha0.09000_candidates.csv
1.9,0.09,0.7615399999999999,0.001,8.999999999999999e-05,1.3672482752670582e-06,0.6,0.85,0.001,0.008,rejected,,-52.90665976969821,3.773341408666799e-17,600.0,exact_log_amplitude_match,-100.93882360321192,3.173518885108972e-16,1200.0,exact_log_amplitude_match,0.6736285793363035,0.1749047245592292,1.6004270556894251,124.82813474903328,0.6736285793363034,0.1749047245592289,1.6004270556894251,124.8281347490332,0.002689152831694,0.9761946194956544,0.9761601873486244,48.656434138045256,0.1264884334233305,0.9809820115780048,0.9835714673779704,26.4931439629682,True,0.6736285793363035,0.9809820115780048,1.6004270556894251,124.82813474903328,0.0824949605735493,0.0824949605735494,0.0009178351907022,0.0480241410919248,0.0824949605735494,edge_not_decayed;center_jump_too_large;adjacent_jump_too_large,assets/classic_supersonic/scan_M18_M19_alpha_0_03_strict/point_results/M1.90_alpha0.09000_candidates.csv
1.9,0.09,0.4751,0.0225391199999999,0.0020285207999999,5.399090759059524e-06,0.4,0.65,0.015,0.06,rejected,,-14.149678483849074,1.1706352059779537e-18,600.0,exact_log_amplitude_match,-23.314282750204672,2.0109198351290918e-17,1200.0,exact_log_amplitude_match,0.0071300122530344,9.482498192695762e-05,0.7272693385607351,4.574285615766435,0.0071300122530344,9.482498192692146e-05,0.7272693385607351,4.574285615766435,0.0003454065569274,0.0005627929442547,0.0352318606583355,1.1182165947218636,0.0071875974239465,0.0025545570283245,0.7331430911885372,47.946500867701104,True,0.0071875974239465,0.0025545570283245,0.7331430911885372,47.946500867701104,0.0197142640559678,0.0197142640559678,0.0025238658824768,0.0291436661004763,0.0291436661004763,adjacent_jump_too_large,assets/classic_supersonic/scan_M18_M19_alpha_0_03_strict/point_results/M1.90_alpha0.09000_candidates.csv
1.9,0.09,0.7615399999999999,0.005,0.00045,3.400594185366666e-05,0.6,0.85,0.005,0.02,rejected,,-52.47979550344891,3.574910434859969e-17,600.0,exact_log_amplitude_match,-100.08521744644578,2.9132738395936607e-16,1200.0,exact_log_amplitude_match,0.2854373758495374,0.1738116017204788,1.3522670510017505,63.205152495082366,0.2854373758495375,0.1738116017204787,1.3522670510017507,63.20515249508239,0.0011372313070905,0.9741614845526766,0.974127276165899,78.79466106304898,0.0534868664022241,0.978873669398347,0.9814641283834824,13.401256112817103,True,0.2854373758495375,0.978873669398347,1.3522670510017507,78.79466106304898,0.0652953293007842,0.0652953293007841,0.0007233043363883,0.0378855015682611,0.0652953293007842,edge_not_decayed;center_jump_too_large;adjacent_jump_too_large,assets/classic_supersonic/scan_M18_M19_alpha_0_03_strict/point_results/M1.90_alpha0.09000_candidates.csv
1.9,0.09,0.760384,0.015,0.0013499999999999,0.0003021740758358,0.6,0.85,0.015,0.06,rejected,,-51.37180354914335,3.841597334410491e-17,600.0,exact_log_amplitude_match,-97.86916950393064,3.0176977654974665e-16,1200.0,exact_log_amplitude_match,0.033520986366963,0.166941578025565,0.9088768682424608,23.81130037946497,0.0335209863669629,0.1669415780255652,0.9088768682424608,23.811300379464967,0.0001340547809966,0.9687495592543204,0.9687156819296584,127.0963362852894,0.0063082905982179,0.9733364498004335,0.9759325054798714,5.122316899986765,True,0.033520986366963,0.9733364498004335,0.9759325054798714,127.0963362852894,0.0374008588369805,0.0374008588369805,0.0004003984085921,0.0217476745667731,0.0374008588369805,edge_not_decayed;center_jump_too_large;adjacent_jump_too_large,assets/classic_supersonic/scan_M18_M19_alpha_0_03_strict/point_results/M1.90_alpha0.09000_candidates.csv
1.9,0.09,0.4751,0.02,0.0018,0.0004337605791043,0.4,0.65,0.005,0.02,rejected,,-13.785155541431154,8.450858977697614e-19,600.0,exact_log_amplitude_match,-22.583829365021817,1.6163026189077666e-17,1200.0,exact_log_amplitude_match,0.0124465303705905,0.0001455526785196,0.8081759187867507,4.8831430673455225,0.0124465303705905,0.0001455526785198,0.8081759187867507,4.883143067345524,0.0006040405537533,0.0459168891009509,0.0461307711311372,1.048152941680281,0.0125353151151383,0.0181682162723473,0.8139408741889983,57.520962342229126,True,0.0125353151151383,0.0459168891009509,0.8139408741889983,57.520962342229126,0.0227530936901897,0.0227530936901897,0.0029929719044301,0.0337754586643567,0.0337754586643567,adjacent_jump_too_large,assets/classic_supersonic/scan_M18_M19_alpha_0_03_strict/point_results/M1.90_alpha0.09000_candidates.csv
1.9,0.1,0.7615399999999999,1e-05,1.0000000000000002e-06,4.625107607765202e-09,0.6,0.85,1e-05,0.002,rejected,,-58.34975601355367,6.757616488219872e-17,600.0,exact_log_amplitude_match,-111.83693612461748,6.849499500474423e-16,1200.0,exact_log_amplitude_match,0.8235452011993002,0.1868061042511072,1.6494054306677737,167.11680123763983,0.8235452011993001,0.186806104251107,1.6494054306677732,167.11680123763986,0.0037867867657141,0.9734356681497114,0.9733964133312552,33.28785671657549,0.1605331106620295,0.9792053477987962,0.9817901912930626,35.681022284797656,True,0.8235452011993002,0.9792053477987962,1.6494054306677737,167.11680123763986,0.0903359531162972,0.0903359531162971,0.0234378200002708,0.0564027668871105,0.0903359531162972,edge_not_decayed;center_jump_too_large;adjacent_jump_too_large,assets/classic_supersonic/scan_M18_M19_alpha_0_03_strict/point_results/M1.90_alpha0.10000_candidates.csv
1.9,0.1,0.7615399999999999,0.001,0.0001,1.5143977069700295e-06,0.6,0.85,0.001,0.008,rejected,,-58.23161043024441,4.8255975987556476e-17,600.0,exact_log_amplitude_match,-111.6006813560322,4.342516254025415e-16,1200.0,exact_log_amplitude_match,0.6476126355105758,0.1898837450706244,1.5708382339740672,133.14752711087445,0.6476126355105757,0.1898837450706244,1.570838233974067,133.14752711087442,0.0029265780666355,0.9736151587936548,0.9735769375992124,41.66445980173119,0.1240417543941012,0.9791961867808484,0.981782086924038,28.053109742022567,True,0.6476126355105758,0.9791961867808484,1.5708382339740672,133.14752711087445,0.0847993713428883,0.0847993713428883,0.0010440332583183,0.0495494433594939,0.0847993713428883,edge_not_decayed;center_jump_too_large;adjacent_jump_too_large,assets/classic_supersonic/scan_M18_M19_alpha_0_03_strict/point_results/M1.90_alpha0.10000_candidates.csv
1.9,0.1,0.4791,0.0219919199999999,0.002199192,1.6107111135180475e-05,0.4,0.65,0.015,0.06,rejected,,-16.233494433309737,2.1790171246832007e-18,600.0,exact_log_amplitude_match,-27.48472230868975,3.0204339735726676e-17,1200.0,exact_log_amplitude_match,0.0047152634745594,0.0001074599025167,0.7099045450189618,5.02672874986138,0.0047152634745594,0.0001074599025166,0.7099045450189618,5.02672874986138,0.000251424253065,0.0025943890212659,0.0378530745825487,1.0950981969216969,0.0047541418924917,0.0027870334672638,0.7157578691220183,52.26588558427206,True,0.0047541418924917,0.0027870334672638,0.7157578691220183,52.26588558427206,0.0197051364525196,0.0197051364525196,0.0027466502001998,0.028957080646605,0.028957080646605,adjacent_jump_too_large,assets/classic_supersonic/scan_M18_M19_alpha_0_03_strict/point_results/M1.90_alpha0.10000_candidates.csv
1.9,0.1,0.7615399999999999,0.005,0.0005,3.766978341585631e-05,0.6,0.85,0.005,0.02,rejected,,-57.75730840561096,4.597517641564885e-17,600.0,exact_log_amplitude_match,-110.6522216762294,4.1072861158471583e-16,1200.0,exact_log_amplitude_match,0.2494587230048761,0.1886351233613976,1.3186904884030064,63.7780364793726,0.2494587230048761,0.1886351233613978,1.3186904884030064,63.778036479372616,0.0011246965939529,0.9716428252789528,0.9716048918782124,71.72604962853539,0.0476649767775218,0.977137940082664,0.979724883307735,13.421089973038836,True,0.2494587230048761,0.977137940082664,1.3186904884030064,71.72604962853539,0.0663010919209605,0.0663010919209605,0.0008122870351421,0.038596427520125,0.0663010919209605,edge_not_decayed;center_jump_too_large;adjacent_jump_too_large,assets/classic_supersonic/scan_M18_M19_alpha_0_03_strict/point_results/M1.90_alpha0.10000_candidates.csv
1.9,0.1,0.760384,0.015,0.0015,0.0003348063684492,0.6,0.85,0.015,0.06,rejected,,-56.5261820393352,4.9369727742201703e-17,600.0,exact_log_amplitude_match,-108.18992198826416,3.8377367044136783e-16,1200.0,exact_log_amplitude_match,0.0230917870293053,0.1811067767525115,0.8681563319731259,23.3838634672204,0.0230917870293053,0.1811067767525114,0.8681563319731259,23.383863467220397,0.0001043686886338,0.966346846669949,0.966309385736713,120.54840239192792,0.0044253695956781,0.9716985658165034,0.974291189569284,4.990574486609757,True,0.0230917870293053,0.9716985658165034,0.974291189569284,120.54840239192792,0.036937146152958,0.036937146152958,0.0004442769438378,0.0215316674525436,0.036937146152958,edge_not_decayed;center_jump_too_large;adjacent_jump_too_large,assets/classic_supersonic/scan_M18_M19_alpha_0_03_strict/point_results/M1.90_alpha0.10000_candidates.csv
1.9,0.1,0.4791,0.02,0.002,0.0003829805296449,0.4,0.65,0.005,0.02,rejected,,-15.977846542846851,1.7888691261550915e-18,600.0,exact_log_amplitude_match,-26.972338224560374,2.6431378004103036e-17,1200.0,exact_log_amplitude_match,0.0076615313828594,0.0001249645831711,0.7751967767578348,5.340781161038057,0.0076615313828594,0.0001249645831712,0.7751967767578349,5.340781161038057,0.0004092876201527,0.0372273638140085,0.041411883349992,1.0335152997890014,0.007718782415472,0.0154666742497483,0.7809894587842732,60.59523331967982,True,0.007718782415472,0.0372273638140085,0.7809894587842732,60.59523331967982,0.0221680034896292,0.0221680034896291,0.0031572531842312,0.0326690306592614,0.0326690306592614,adjacent_jump_too_large,assets/classic_supersonic/scan_M18_M19_alpha_0_03_strict/point_results/M1.90_alpha0.10000_candidates.csv
1.9,0.11,0.7615399999999999,1.020696e-05,1.1227656e-06,4.962877562470845e-09,0.6,0.85,1e-05,0.002,rejected,,-63.68681069128521,8.495209941563743e-17,600.0,exact_log_amplitude_match,-122.5226816180798,8.326424040820732e-16,1200.0,exact_log_amplitude_match,0.8100593022838292,0.2023133771508455,1.6218297188760484,180.51991646403096,0.810059302283829,0.2023133771508454,1.6218297188760484,180.51991646403096,0.0041482042346584,0.9714826444708764,0.971439925405472,28.52164687711152,0.1600632785186963,0.9780087905362376,0.9805901530461038,38.13741271794963,True,0.8100593022838292,0.9780087905362376,1.6218297188760484,180.51991646403096,0.0936405835022711,0.0936405835022711,0.011900027086201,0.0564428729972959,0.0936405835022711,edge_not_decayed;center_jump_too_large;adjacent_jump_too_large,assets/classic_supersonic/scan_M18_M19_alpha_0_03_strict/point_results/M1.90_alpha0.11000_candidates.csv
1.9,0.11,0.7615399999999999,0.001,0.00011,1.6609301179846863e-06,0.6,0.85,0.001,0.008,rejected,,-63.55687533329011,6.00149964610373e-17,600.0,exact_log_amplitude_match,-122.26285334946664,4.515772586552105e-16,1200.0,exact_log_amplitude_match,0.6230557113839579,0.2041876749487755,1.5430749817489748,140.76839892663722,0.6230557113839579,0.2041876749487755,1.543074981748975,140.7683989266372,0.0031532236777038,0.971089363283372,0.9710474747881512,36.08080913016126,0.1216504421428762,0.9774551405157212,0.9800373854576384,29.45619761930904,True,0.6230557113839579,0.9774551405157212,1.543074981748975,140.76839892663722,0.0876776567747358,0.0876776567747358,0.0011830518668341,0.0514145335078256,0.0876776567747358,edge_not_decayed;center_jump_too_large;adjacent_jump_too_large,assets/classic_supersonic/scan_M18_M19_alpha_0_03_strict/point_results/M1.90_alpha0.11000_candidates.csv
1.9,0.11,0.4827960000000001,0.0211452,0.002325972,2.1838978953741452e-05,0.4,0.65,0.015,0.06,rejected,,-18.49023958564989,3.5339647868866195e-18,600.0,exact_log_amplitude_match,-32.001098063245735,4.1967374132956957e-17,1200.0,exact_log_amplitude_match,0.0034706716104831,0.0001203949820371,0.7058499628435752,5.549223848567485,0.0034706716104831,0.0001203949820371,0.705849962843575,5.549223848567484,0.0002013785945541,0.0031312806147259,0.0409554949117619,1.0692588345695853,0.003499255802089,0.0026805447313358,0.7116632903050478,56.51138812759865,True,0.003499255802089,0.0031312806147259,0.7116632903050478,56.51138812759865,0.0201471175920069,0.0201471175920069,0.0030234485840723,0.0294080636505137,0.0294080636505137,adjacent_jump_too_large,assets/classic_supersonic/scan_M18_M19_alpha_0_03_strict/point_results/M1.90_alpha0.11000_candidates.csv
1.9,0.11,0.7615399999999999,0.005,0.00055,4.131934972325655e-05,0.6,0.85,0.005,0.02,rejected,,-63.03513332618128,5.745673266324543e-17,600.0,exact_log_amplitude_match,-121.21953792361424,4.314373202383672e-16,1200.0,exact_log_amplitude_match,0.2181751285445424,0.2027840075609666,1.2863034638473685,64.00808378047472,0.2181751285445424,0.2027840075609663,1.2863034638473687,64.00808378047472,0.00110120886636,0.969177829849002,0.9691363014112646,65.79120471420947,0.0424792776190496,0.9754461944971292,0.9780295259711894,13.374073677453534,True,0.2181751285445424,0.9754461944971292,1.2863034638473687,65.79120471420947,0.0675549923315608,0.0675549923315607,0.0009065719605176,0.0394505751361039,0.0675549923315608,edge_not_decayed;center_jump_too_large;adjacent_jump_too_large,assets/classic_supersonic/scan_M18_M19_alpha_0_03_strict/point_results/M1.90_alpha0.11000_candidates.csv
1.9,0.11,0.482604,0.02,0.0022,0.0002391675141237,0.4,0.65,0.005,0.02,rejected,,-18.300098414998523,3.189708013661071e-18,600.0,exact_log_amplitude_match,-31.62005154229291,3.955847331677436e-17,1200.0,exact_log_amplitude_match,0.0047166537052667,0.0001288094433307,0.7441116806424422,5.751874748558061,0.0047166537052667,0.0001288094433308,0.744111680642442,5.751874748558061,0.0002744493829059,0.0212983298355343,0.0432978557101547,1.0317919881889728,0.0047533303966498,0.0101320241468469,0.7498978918212656,61.54646213813562,True,0.0047533303966498,0.0212983298355343,0.7498978918212656,61.54646213813562,0.0216167939360925,0.0216167939360925,0.0032855566843549,0.0316050480960177,0.0316050480960177,adjacent_jump_too_large,assets/classic_supersonic/scan_M18_M19_alpha_0_03_strict/point_results/M1.90_alpha0.11000_candidates.csv
1.9,0.11,0.760384,0.015,0.00165,0.0003673335185876,0.6,0.85,0.015,0.06,rejected,,-61.68086662641586,6.16576829975838e-17,600.0,exact_log_amplitude_match,-118.51098056979752,4.717230793113411e-16,1200.0,exact_log_amplitude_match,0.0159189241809075,0.194620970981942,0.830159874230771,22.97791123590699,0.0159189241809075,0.1946209709819421,0.830159874230771,22.977911235906998,8.044511377749255e-05,0.9639974922600136,0.96395659936261,114.55572067517056,0.0031045911484756,0.970102742459484,0.9726918485837944,4.866953222219563,True,0.0159189241809075,0.970102742459484,0.9726918485837944,114.55572067517056,0.0365244939123461,0.0365244939123461,0.0004859722160069,0.0213408432567958,0.0365244939123461,center_jump_too_large;adjacent_jump_too_large,assets/classic_supersonic/scan_M18_M19_alpha_0_03_strict/point_results/M1.90_alpha0.11000_candidates.csv
1.9,0.12,0.7615399999999999,1e-05,1.2000000000000002e-06,5.417303383346824e-09,0.6,0.85,1e-05,0.002,rejected,,-69.02420819349877,1.0427431688433511e-16,600.0,exact_log_amplitude_match,-133.20882432876255,1.2138667712501252e-15,1200.0,exact_log_amplitude_match,0.794953056622927,0.2195505943921025,1.5911655411493832,193.52395323484365,0.794953056622927,0.2195505943921023,1.591165541149383,193.52395323484365,0.0044435215907316,0.9694568239245676,0.9694116856397488,25.338174866162166,0.1573391294473745,0.976559226054156,0.9791377084078914,40.04156900552073,True,0.794953056622927,0.976559226054156,1.5911655411493832,193.52395323484365,0.0988181448628897,0.0988181448628898,0.0162025603722315,0.0595075406550424,0.0988181448628898,edge_not_decayed;center_jump_too_large;adjacent_jump_too_large,assets/classic_supersonic/scan_M18_M19_alpha_0_03_strict/point_results/M1.90_alpha0.12000_candidates.csv
1.9,0.12,0.7615399999999999,0.001,0.00012,1.806945037914464e-06,0.6,0.85,0.001,0.008,rejected,,-68.88242809211604,7.299291210244911e-17,600.0,exact_log_amplitude_match,-132.9253132028802,6.668675907208833e-16,1200.0,exact_log_amplitude_match,0.5998384124918955,0.2178627202384619,1.5193727703837707,147.75992916440038,0.5998384124918952,0.2178627202384618,1.5193727703837707,147.75992916440035,0.0033693675536304,0.968618835486412,0.9685734086421246,31.56531439499148,0.1193097250701551,0.9757600459870892,0.9783385402430096,30.71985943512864,True,0.5998384124918955,0.9757600459870892,1.5193727703837707,147.75992916440038,0.0917500998558017,0.0917500998558018,0.0013460230409069,0.0539874792701242,0.0917500998558018,edge_not_decayed;center_jump_too_large;adjacent_jump_too_large,assets/classic_supersonic/scan_M18_M19_alpha_0_03_strict/point_results/M1.90_alpha0.12000_candidates.csv
1.9,0.12,0.486156,0.01999064,0.0023988768,4.330487631392152e-06,0.4,0.65,0.005,0.02,rejected,,-20.880391256297283,5.192268802398091e-18,600.0,exact_log_amplitude_match,-36.78425103009457,5.56233172776526e-17,1200.0,exact_log_amplitude_match,0.0029126900009063,0.0001331586378727,0.7165312335688875,6.168781656452862,0.0029126900009063,0.0001331586378727,0.7165312335688876,6.168781656452863,0.0001824720941766,0.0009020996842826,0.0448887298997088,1.037153456156051,0.0029361121184287,0.0026353227367514,0.7222931509526932,61.17394298868941,True,0.0029361121184287,0.0026353227367514,0.7222931509526932,61.17394298868941,0.0211144662740655,0.0211144662740655,0.0033836048147341,0.0305996180518403,0.0305996180518403,adjacent_jump_too_large,assets/classic_supersonic/scan_M18_M19_alpha_0_03_strict/point_results/M1.90_alpha0.12000_candidates.csv
1.9,0.12,0.486156,0.01999608,0.0023995296,4.501417765833761e-06,0.4,0.65,0.015,0.06,rejected,,-20.88084065876792,5.194088404946565e-18,600.0,exact_log_amplitude_match,-36.78515253334548,5.563946641557388e-17,1200.0,exact_log_amplitude_match,0.0029080638322462,0.0001331587628615,0.71634823674992,6.16747907201321,0.0029080638322462,0.0001331587628615,0.7163482367499199,6.167479072013212,0.0001821633305432,0.0009313443599919,0.044872598458195,1.037346342479899,0.0029314553125623,0.0025986517746963,0.7221102991842807,61.149280129491295,True,0.0029314553125623,0.0025986517746963,0.7221102991842807,61.149280129491295,0.0211070776901022,0.0211070776901023,0.0033822311590385,0.0305887561951964,0.0305887561951964,adjacent_jump_too_large,assets/classic_supersonic/scan_M18_M19_alpha_0_03_strict/point_results/M1.90_alpha0.12000_candidates.csv
1.9,0.12,0.7615399999999999,0.005,0.0006,4.4957185714567e-05,0.6,0.85,0.005,0.02,rejected,,-68.31324383255341,7.018520770821682e-17,600.0,exact_log_amplitude_match,-131.78713975701532,5.191004781230964e-16,1200.0,exact_log_amplitude_match,0.1909452829416349,0.2163054401373904,1.255683839397403,63.98724016997862,0.1909452829416349,0.2163054401373907,1.2556838393974032,63.987240169978605,0.0010693018979168,0.9667673643937134,0.9667223779202684,60.74951566249994,0.0378589065442066,0.9737997765070994,0.9763794041361156,13.279876112535105,True,0.1909452829416349,0.9737997765070994,1.2556838393974032,63.98724016997862,0.0692653123153471,0.0692653123153471,0.0010100716978842,0.0405711335100333,0.0692653123153471,edge_not_decayed;center_jump_too_large;adjacent_jump_too_large,assets/classic_supersonic/scan_M18_M19_alpha_0_03_strict/point_results/M1.90_alpha0.12000_candidates.csv
1.9,0.12,0.760384,0.015,0.0018,0.0003997799331039,0.6,0.85,0.015,0.06,rejected,,-66.83583084587136,7.526497614055052e-17,600.0,exact_log_amplitude_match,-128.83231878582586,6.839591416231542e-16,1200.0,exact_log_amplitude_match,0.010981534088915,0.2075311948345397,0.7970236978165911,22.595883131820383,0.010981534088915,0.2075311948345398,0.7970236978165911,22.595883131820397,6.149200156809158e-05,0.9617011577234168,0.961656991581162,109.0539540109497,0.0021780314008673,0.9685508414890206,0.9711363482944028,4.751402019015221,True,0.010981534088915,0.9685508414890206,0.9711363482944028,109.0539540109497,0.0361612362460095,0.0361612362460095,0.0005164670926211,0.0211746344796825,0.0361612362460095,center_jump_too_large;adjacent_jump_too_large,assets/classic_supersonic/scan_M18_M19_alpha_0_03_strict/point_results/M1.90_alpha0.12000_candidates.csv
1.9,0.13,0.7615399999999999,1e-05,1.3e-06,5.833973001804841e-09,0.6,0.85,1e-05,0.002,rejected,,-74.36184039411057,1.2548417208713651e-16,600.0,exact_log_amplitude_match,-143.89517454032884,9.571686746151108e-16,1200.0,exact_log_amplitude_match,0.7842354514453054,0.2325233237697255,1.5698857044726782,206.2736089247626,0.7842354514453053,0.2325233237697256,1.5698857044726782,206.27360892476256,0.004834119896612,0.9670226406168544,0.966974028976082,21.817061972422195,0.1582122698625811,0.9749011080889196,0.9774756927608632,42.45004370284416,True,0.7842354514453054,0.9749011080889196,1.5698857044726782,206.2736089247626,0.1019535157023347,0.1019535157023347,0.0025516239654748,0.0602102352502957,0.1019535157023347,edge_not_decayed;center_jump_too_large;adjacent_jump_too_large,assets/classic_supersonic/scan_M18_M19_alpha_0_03_strict/point_results/M1.90_alpha0.13000_candidates.csv
1.9,0.13,0.7615399999999999,0.001,0.00013,1.952543961706297e-06,0.6,0.85,0.001,0.008,rejected,,-74.20824218609953,8.717486813451602e-17,600.0,exact_log_amplitude_match,-143.58803438632071,6.278065602204117e-16,1200.0,exact_log_amplitude_match,0.5778522863983513,0.2309517544186446,1.4965923465232152,154.1818322374159,0.5778522863983512,0.2309517544186446,1.4965923465232147,154.1818322374159,0.0035752594296379,0.9662067322811636,0.9661579028782582,27.86984016217598,0.1170151251850468,0.974112035754582,0.9766866877344472,31.858682452078117,True,0.5778522863983513,0.974112035754582,1.4965923465232152,154.1818322374159,0.0944817167933461,0.094481716793346,0.0014969631188613,0.0557777657663745,0.0944817167933461,edge_not_decayed;center_jump_too_large;adjacent_jump_too_large,assets/classic_supersonic/scan_M18_M19_alpha_0_03_strict/point_results/M1.90_alpha0.13000_candidates.csv
1.9,0.13,0.48936,0.01860968,0.0024192584,2.8722219589209304e-05,0.4,0.65,0.005,0.02,rejected,,-23.45988527566213,7.176275555730548e-18,600.0,exact_log_amplitude_match,-41.94619775677514,7.170302228969237e-17,1200.0,exact_log_amplitude_match,0.0027777495231158,0.0001487820311184,0.7397712640937203,6.931391730134167,0.0027777495231158,0.0001487820311185,0.7397712640937202,6.931391730134167,0.0001865281696879,0.000923565169573,0.0496762500473246,1.0017300805057467,0.0027991189679679,0.0028148129521863,0.7454623825749153,66.37137660953215,True,0.0027991189679679,0.0028148129521863,0.7454623825749153,66.37137660953215,0.0226268523244584,0.0226268523244585,0.0038429549648189,0.032535624586656,0.032535624586656,adjacent_jump_too_large,assets/classic_supersonic/scan_M18_M19_alpha_0_03_strict/point_results/M1.90_alpha0.13000_candidates.csv
1.9,0.13,0.48936,0.0186035999999999,0.002418468,2.874130685697496e-05,0.4,0.65,0.015,0.06,rejected,,-23.45955720818074,7.17376798935506e-18,600.0,exact_log_amplitude_match,-41.945538833629165,7.169645858753253e-17,1200.0,exact_log_amplitude_match,0.0027830987266405,0.0001487875213418,0.7399915973218951,6.933277025930033,0.0027830987266405,0.0001487875213418,0.7399915973218952,6.933277025930032,0.0001869089615435,0.0009128189258491,0.0496967857023706,1.001959208525796,0.0028045021157467,0.0028540105502877,0.7456824943393298,66.40189270471787,True,0.0028045021157467,0.0028540105502877,0.7456824943393298,66.40189270471787,0.0226361242511569,0.0226361242511569,0.0038447616909008,0.0325490840530041,0.0325490840530041,adjacent_jump_too_large,assets/classic_supersonic/scan_M18_M19_alpha_0_03_strict/point_results/M1.90_alpha0.13000_candidates.csv
1.9,0.13,0.7615399999999999,0.005,0.00065,4.858588992734282e-05,0.6,0.85,0.005,0.02,rejected,,-73.59161339110982,8.414904807557437e-17,600.0,exact_log_amplitude_match,-142.3550006390003,6.029846557779607e-16,1200.0,exact_log_amplitude_match,0.1672201454156821,0.2292430846587671,1.226996161957832,63.784373597774426,0.1672201454156821,0.2292430846587669,1.2269961619578325,63.784373597774426,0.0010310846327467,0.9644154402322108,0.964367139665723,56.419981882506384,0.0337411535687554,0.9721999781528904,0.9747758139385062,13.15285383120864,True,0.1672201454156821,0.9721999781528904,1.2269961619578325,63.784373597774426,0.0702720361639393,0.0702720361639393,0.0011061069191045,0.0412786751938428,0.0702720361639393,edge_not_decayed;center_jump_too_large;adjacent_jump_too_large,assets/classic_supersonic/scan_M18_M19_alpha_0_03_strict/point_results/M1.90_alpha0.13000_candidates.csv
1.9,0.13,0.760384,0.015,0.00195,0.0004321704871457,0.6,0.85,0.015,0.06,rejected,,-71.99104820794435,9.018403577995197e-17,600.0,exact_log_amplitude_match,-139.15391014289034,6.568958306665542e-16,1200.0,exact_log_amplitude_match,0.0075802518937846,0.219880858025344,0.7662470210691869,22.23755088390788,0.0075802518937846,0.2198808580253439,0.7662470210691872,22.237550883907875,4.667610618417052e-05,0.959462903925909,0.9594156301071132,103.9912870234251,0.0015279762824705,0.9670446356988264,0.9696264656803476,4.643371953943011,True,0.0075802518937846,0.9670446356988264,0.9696264656803476,103.9912870234251,0.0356989666543808,0.0356989666543808,0.0005546531043268,0.0209462789587096,0.0356989666543808,center_jump_too_large;adjacent_jump_too_large,assets/classic_supersonic/scan_M18_M19_alpha_0_03_strict/point_results/M1.90_alpha0.13000_candidates.csv
1.9,0.14,0.7615399999999999,1e-05,1.4e-06,6.284035721697175e-09,0.6,0.85,1e-05,0.002,rejected,,-79.69970819846651,1.7775383902754856e-16,600.0,exact_log_amplitude_match,-154.58176034911395,1.2552440735749594e-15,1200.0,exact_log_amplitude_match,0.7750021471544625,0.2440982853041859,1.551997009620281,218.76292373917948,0.7750021471544626,0.244098285304186,1.551997009620281,218.76292373917943,0.0052427937782979,0.964137126267504,0.9640850779934402,18.848165775427137,0.1595491096254636,0.972794309304396,0.975364840160966,44.89153954285776,True,0.7750021471544626,0.972794309304396,1.551997009620281,218.76292373917948,0.1041766460784957,0.1041766460784958,0.0061020915811575,0.0620345241578142,0.1041766460784958,edge_not_decayed;center_jump_too_large;adjacent_jump_too_large,assets/classic_supersonic/scan_M18_M19_alpha_0_03_strict/point_results/M1.90_alpha0.14000_candidates.csv
1.9,0.14,0.7615399999999999,0.001,0.00014,2.0978302428310904e-06,0.6,0.85,0.001,0.008,rejected,,-79.53429132146307,1.0277592391510998e-16,600.0,exact_log_amplitude_match,-154.25099061250924,6.959382549817833e-16,1200.0,exact_log_amplitude_match,0.5569989130516827,0.2434945637523,1.4747803529724803,160.08571269937906,0.5569989130516825,0.2434945637522999,1.4747803529724803,160.08571269937906,0.0037711060508138,0.9638523597907244,0.9638002707301794,24.811813315894028,0.1147624904363398,0.9725121833765132,0.9750829056039756,32.88488876222886,True,0.5569989130516827,0.9725121833765132,1.4747803529724803,160.08571269937906,0.0962375987899081,0.0962375987899082,0.0016373180653768,0.0569926186729948,0.0962375987899082,edge_not_decayed;center_jump_too_large;adjacent_jump_too_large,assets/classic_supersonic/scan_M18_M19_alpha_0_03_strict/point_results/M1.90_alpha0.14000_candidates.csv
1.9,0.14,0.492656,0.0170192,0.002382688,1.206368507843671e-05,0.4,0.65,0.005,0.02,rejected,,-26.33737846421885,9.568852814100632e-18,600.0,exact_log_amplitude_match,-47.70451048148159,9.101642367813531e-17,1200.0,exact_log_amplitude_match,0.0030429183614419,0.0001594998897679,0.7772642828798073,7.928260234394227,0.0030429183614419,0.000159499889768,0.7772642828798074,7.9282602343942274,0.0002173789854392,0.0023254056566007,0.0555259462007111,1.0506364205576295,0.0030648233380454,0.0026021948347343,0.7828595549430946,72.30505641143279,True,0.0030648233380454,0.0026021948347343,0.7828595549430946,72.30505641143279,0.0248272855364943,0.0248272855364943,0.0044352096944614,0.0353841372934552,0.0353841372934552,adjacent_jump_too_large,assets/classic_supersonic/scan_M18_M19_alpha_0_03_strict/point_results/M1.90_alpha0.14000_candidates.csv
1.9,0.14,0.492656,0.01701096,0.0023815344,1.222545479379877e-05,0.4,0.65,0.015,0.06,rejected,,-26.337220274624453,9.56404812338842e-18,600.0,exact_log_amplitude_match,-47.70419074383038,9.09851254572846e-17,1200.0,exact_log_amplitude_match,0.003051471408569,0.0001594847104565,0.7776019327168286,7.931642497759873,0.003051471408569,0.0001594847104566,0.7776019327168286,7.931642497759872,0.0002180233473876,0.0023264909519239,0.0555585662149482,1.0509983509453014,0.0030734270612253,0.0026602101273202,0.7831968591158158,72.35130378151194,True,0.0030734270612253,0.0026602101273202,0.7831968591158158,72.35130378151194,0.0248417622590229,0.0248417622590229,0.0044381396023594,0.0354048685547642,0.0354048685547642,adjacent_jump_too_large,assets/classic_supersonic/scan_M18_M19_alpha_0_03_strict/point_results/M1.90_alpha0.14000_candidates.csv
1.9,0.14,0.7615399999999999,0.005,0.0007,5.220811087620092e-05,0.6,0.85,0.005,0.02,rejected,,-78.87021572230925,9.934127717712783e-17,600.0,exact_log_amplitude_match,-152.9230942966404,6.928072700452396e-16,1200.0,exact_log_amplitude_match,0.1465289865461224,0.2416373815591448,1.2001927496109974,63.45095944004498,0.1465289865461224,0.2416373815591448,1.2001927496109972,63.45095944004498,0.0009882981318548,0.962121058360952,0.9620695945717692,52.6653776244724,0.0300704955960397,0.9706480215030556,0.9732199814349948,13.00344831449775,True,0.1465289865461224,0.9706480215030556,1.2001927496109974,63.45095944004498,0.0708703142807854,0.0708703142807854,0.001197207133973,0.0417431280469364,0.0708703142807854,edge_not_decayed;center_jump_too_large;adjacent_jump_too_large,assets/classic_supersonic/scan_M18_M19_alpha_0_03_strict/point_results/M1.90_alpha0.14000_candidates.csv
1.9,0.14,0.760384,0.015,0.0021,0.0004645304884722,0.6,0.85,0.015,0.06,rejected,,-77.14649254143387,1.0637130168008851e-16,600.0,exact_log_amplitude_match,-149.47572846706777,7.338244740005103e-16,1200.0,exact_log_amplitude_match,0.0052354543828314,0.2317100689674928,0.7376213070621869,21.901526503556283,0.0052354543828314,0.2317100689674929,0.737621307062187,21.901526503556283,3.521801655570594e-05,0.9572835905737028,0.9572333812479226,99.3245025464714,0.0010718893702658,0.9655857904324684,0.9681638700153232,4.542137707172341,True,0.0052354543828314,0.9655857904324684,0.9681638700153232,99.3245025464714,0.0352126640660754,0.0352126640660753,0.0005898837531667,0.0206996069083432,0.0352126640660754,center_jump_too_large;adjacent_jump_too_large,assets/classic_supersonic/scan_M18_M19_alpha_0_03_strict/point_results/M1.90_alpha0.14000_candidates.csv
1.9,0.15,0.7615399999999999,1.072436e-05,1.6086540000000002e-06,6.769706580035496e-09,0.6,0.85,1e-05,0.002,rejected,,-85.03765599986595,2.24783089784704e-16,600.0,exact_log_amplitude_match,-165.268296369753,1.4218192698490736e-15,1200.0,exact_log_amplitude_match,0.7662938513987742,0.2550031940861261,1.5357648022444073,230.93855567365893,0.766293851398774,0.2550031940861262,1.5357648022444077,230.9385556736589,0.0056744962992451,0.9619495567398018,0.9618937529027024,16.31693537301765,0.1614147719789263,0.9714637653510808,0.97402981171551,47.41175487098005,True,0.7662938513987742,0.9714637653510808,1.5357648022444077,230.93855567365893,0.1085215213939578,0.1085215213939578,0.0028868721002314,0.0648835323025661,0.1085215213939578,edge_not_decayed;center_jump_too_large;adjacent_jump_too_large,assets/classic_supersonic/scan_M18_M19_alpha_0_03_strict/point_results/M1.90_alpha0.15000_candidates.csv
1.9,0.15,0.7615399999999999,0.001,0.00015,2.2429094985026443e-06,0.6,0.85,0.001,0.008,rejected,,-84.8605497446699,1.260921752939738e-16,600.0,exact_log_amplitude_match,-164.91415612696193,7.80153695892533e-16,1200.0,exact_log_amplitude_match,0.5371890260378579,0.2555281156034196,1.453931314625733,165.5162313747335,0.5371890260378579,0.2555281156034193,1.4539313146257329,165.51623137473354,0.0039571077591191,0.9615599425854656,0.9615047432587238,22.25542641167943,0.1125480119044544,0.9709614898411056,0.9735281987205894,33.808744974109864,True,0.5371890260378579,0.9709614898411056,1.453931314625733,165.51623137473354,0.0997300447378358,0.0997300447378357,0.0018129486640579,0.0592372251669144,0.0997300447378358,edge_not_decayed;center_jump_too_large;adjacent_jump_too_large,assets/classic_supersonic/scan_M18_M19_alpha_0_03_strict/point_results/M1.90_alpha0.15000_candidates.csv
1.9,0.15,0.495616,0.01525272,0.002287908,8.273173047978862e-06,0.4,0.65,0.015,0.06,rejected,,-29.319288022634463,1.219561186408984e-17,600.0,exact_log_amplitude_match,-53.67155863550855,1.1205298016183042e-16,1200.0,exact_log_amplitude_match,0.0038392754699955,0.000173258071159,0.830979300801266,9.189089277174222,0.0038392754699955,0.0001732580711591,0.8309793008012658,9.189089277174224,0.0002904874836521,0.0020914328784955,0.0628736041326715,1.116612864221116,0.0038645309113533,0.0025887490220482,0.836445631446085,79.83683075305349,True,0.0038645309113533,0.0025887490220482,0.836445631446085,79.83683075305349,0.0278292427516499,0.02782924275165,0.0052057175829842,0.0393053132265339,0.0393053132265339,adjacent_jump_too_large,assets/classic_supersonic/scan_M18_M19_alpha_0_03_strict/point_results/M1.90_alpha0.15000_candidates.csv
1.9,0.15,0.7615399999999999,0.005,0.00075,5.5826543847820426e-05,0.6,0.85,0.005,0.02,rejected,,-84.14902511176093,1.1570543834100786e-16,600.0,exact_log_amplitude_match,-163.49139501222749,7.749220716891082e-16,1200.0,exact_log_amplitude_match,0.1284676276096015,0.2535258256914049,1.1751257554279098,63.02535937700949,0.1284676276096016,0.2535258256914051,1.17512575542791,63.02535937700948,0.0009423825384829,0.9598882798164317,0.9598338102184372,49.38063226441282,0.0267977442427394,0.9691450441465572,0.971713048220375,12.839213070193098,True,0.1284676276096016,0.9691450441465572,1.17512575542791,63.02535937700949,0.0720806115790425,0.0720806115790425,0.001300360845394,0.0425649517912431,0.0720806115790425,edge_not_decayed;center_jump_too_large;adjacent_jump_too_large,assets/classic_supersonic/scan_M18_M19_alpha_0_03_strict/point_results/M1.90_alpha0.15000_candidates.csv
1.9,0.15,0.760384,0.015,0.00225,0.0004968856421482,0.6,0.85,0.015,0.06,rejected,,-82.30213829928189,1.2386067927566287e-16,600.0,exact_log_amplitude_match,-159.79774822416215,8.85617692329273e-16,1200.0,exact_log_amplitude_match,0.0036178846934831,0.2430559559857605,0.7110422829042138,21.58598095772533,0.0036178846934831,0.2430559559857606,0.7110422829042138,21.58598095772533,2.643469669414767e-05,0.9551647290566322,0.9551117628707456,95.01661269250614,0.0007518871417118,0.964175849667562,0.966750109288981,4.446943658400738,True,0.0036178846934831,0.964175849667562,0.966750109288981,95.01661269250614,0.0347822202569776,0.0347822202569776,0.0006176383991455,0.0204816732552454,0.0347822202569776,center_jump_too_large;adjacent_jump_too_large,assets/classic_supersonic/scan_M18_M19_alpha_0_03_strict/point_results/M1.90_alpha0.15000_candidates.csv
1.9,0.15,0.496256,0.008,0.0012,0.0020901211467116,0.4,0.65,0.001,0.008,rejected,,-29.99325866884655,9.175054514545439e-18,600.0,exact_log_amplitude_match,-55.01823175087596,8.804087524496615e-17,1200.0,exact_log_amplitude_match,0.0541217240376236,0.0002540159045005,1.2454453490456352,17.113585862742458,0.0541217240376236,0.0002540159045002,1.245445349045635,17.11358586274245,0.0041355129336721,0.146970664424459,0.1468515861915577,1.7894263202012617,0.0543063539257896,0.0562089205551161,1.2496940388801483,165.88795262869226,True,0.0543063539257896,0.146970664424459,1.2496940388801483,165.88795262869226,0.0489110714121498,0.0489110714121497,0.0096938451819181,0.0688571296727317,0.0688571296727317,stage1_too_large;edge_not_decayed;adjacent_jump_too_large,assets/classic_supersonic/scan_M18_M19_alpha_0_03_strict/point_results/M1.90_alpha0.15000_candidates.csv
1.9,0.16,0.7615399999999999,1.227656e-05,1.9642496e-06,7.372429508838035e-09,0.6,0.85,1e-05,0.002,rejected,,-90.37561307903754,2.7631316960786057e-16,600.0,exact_log_amplitude_match,-175.95466614134062,1.5701804080205065e-15,1200.0,exact_log_amplitude_match,0.7552760566950752,0.2678828326749439,1.5158040558635948,242.68306581186167,0.7552760566950752,0.2678828326749439,1.5158040558635946,242.68306581186167,0.0060214932647717,0.9597922820260408,0.9597340695877588,14.617064223935229,0.1607862097841408,0.9699387398689004,0.972501094537114,49.26143297265767,True,0.7552760566950752,0.9699387398689004,1.5158040558635948,242.68306581186167,0.1122725673438384,0.1122725673438383,0.0021887498803859,0.0669347516312255,0.1122725673438384,edge_not_decayed;center_jump_too_large;adjacent_jump_too_large,assets/classic_supersonic/scan_M18_M19_alpha_0_03_strict/point_results/M1.90_alpha0.16000_candidates.csv
1.9,0.16,0.7615399999999999,0.001,0.00016,2.387888898853285e-06,0.6,0.85,0.001,0.008,rejected,,-90.18699251335268,1.4717829790005115e-16,600.0,exact_log_amplitude_match,-175.57750598745793,8.82680182353316e-16,1200.0,exact_log_amplitude_match,0.518341714354635,0.2670867761594313,1.4339652603897988,170.5121292686438,0.5183417143546352,0.2670867761594315,1.433965260389799,170.5121292686438,0.0041334289325005,0.9593295393557738,0.9592713859530304,20.098458792748968,0.1103682370062566,0.9694608728978265,0.9720234889542018,34.63890380388831,True,0.5183417143546352,0.9694608728978265,1.433965260389799,170.5121292686438,0.102660492422123,0.1026604924221229,0.001985472262243,0.0611517310554138,0.102660492422123,edge_not_decayed;center_jump_too_large;adjacent_jump_too_large,assets/classic_supersonic/scan_M18_M19_alpha_0_03_strict/point_results/M1.90_alpha0.16000_candidates.csv
1.9,0.16,0.4984,0.01333064,0.0021329024,5.320036058132176e-06,0.4,0.65,0.005,0.02,rejected,,-32.463162692646186,1.5076610661429948e-17,600.0,exact_log_amplitude_match,-59.96258077868056,1.3430637062439131e-16,1200.0,exact_log_amplitude_match,0.0056063857692971,0.000188096165943,0.9024136933001208,10.880964252301675,0.0056063857692971,0.0001880961659429,0.9024136933001208,10.88096425230168,0.0004473811162437,0.0012498334387441,0.0720112496776826,1.2085191245999245,0.0056391491090324,0.002662345144572,0.9076873379674764,89.86821848270112,True,0.0056391491090324,0.002662345144572,0.9076873379674764,89.86821848270112,0.0318584123857501,0.0318584123857501,0.0062134071410648,0.0445736439833011,0.0445736439833011,adjacent_jump_too_large,assets/classic_supersonic/scan_M18_M19_alpha_0_03_strict/point_results/M1.90_alpha0.16000_candidates.csv
1.9,0.16,0.7615399999999999,0.005,0.0008,5.944392721310935e-05,0.6,0.85,0.005,0.02,rejected,,-89.42801667815559,1.3786943911325024e-16,600.0,exact_log_amplitude_match,-174.05987790423904,8.730578793583275e-16,1200.0,exact_log_amplitude_match,0.1126885245680305,0.2649432145655658,1.1516087854056885,62.53604858099396,0.1126885245680305,0.2649432145655661,1.151608785405689,62.53604858099398,0.000894516284248,0.9577184487595324,0.9576611372397305,46.484418716786415,0.0238792954447152,0.9676920886411982,0.9702560608141398,12.665571333451654,True,0.1126885245680305,0.9676920886411982,1.151608785405689,62.53604858099398,0.0729492645134865,0.0729492645134865,0.0013993677365588,0.0431822501558535,0.0729492645134865,edge_not_decayed;center_jump_too_large;adjacent_jump_too_large,assets/classic_supersonic/scan_M18_M19_alpha_0_03_strict/point_results/M1.90_alpha0.16000_candidates.csv
1.9,0.16,0.4984,0.015,0.0024,0.0004853550225932,0.4,0.65,0.015,0.06,rejected,,-32.385412124652575,1.611503237084578e-17,600.0,exact_log_amplitude_match,-59.80760728976937,1.4071434640602971e-16,1200.0,exact_log_amplitude_match,0.0029283957921908,0.0001979627221404,0.821790760861672,9.73868767757762,0.0029283957921908,0.0001979627221402,0.821790760861672,9.73868767757762,0.0002271045267646,0.03082194246316,0.0637319594375632,1.1090763670112982,0.0029477012175732,0.0094291838821472,0.8272084098734697,78.12020898471705,True,0.0029477012175732,0.03082194246316,0.8272084098734697,78.12020898471705,0.0280038518732002,0.0280038518732002,0.005386352430391,0.0391920221917841,0.0391920221917841,adjacent_jump_too_large,assets/classic_supersonic/scan_M18_M19_alpha_0_03_strict/point_results/M1.90_alpha0.16000_candidates.csv
1.9,0.16,0.760384,0.015,0.0024,0.0005292620154966,0.6,0.85,0.015,0.06,rejected,,-87.45796081240054,1.42608825049727e-16,600.0,exact_log_amplitude_match,-170.11994473222805,1.0121130834666674e-15,1200.0,exact_log_amplitude_match,0.0025012949455506,0.2539529325914516,0.6865571662893972,21.288983764547563,0.0025012949455506,0.2539529325914515,0.6865571662893971,21.288983764547567,1.9751500501566035e-05,0.953109501619391,0.953053963286728,91.035374004652,0.0005273678225479,0.9628162256143143,0.9653865995956404,4.357067682632058,True,0.0025012949455506,0.9628162256143143,0.9653865995956404,91.035374004652,0.0343193110303495,0.0343193110303495,0.0006503691492975,0.0202406185796111,0.0343193110303495,center_jump_too_large;adjacent_jump_too_large,assets/classic_supersonic/scan_M18_M19_alpha_0_03_strict/point_results/M1.90_alpha0.16000_candidates.csv
1.9,0.17,0.7615399999999999,1.486356e-05,2.5268052000000003e-06,7.972292057674762e-09,0.6,0.85,1e-05,0.002,rejected,,-95.71348377063312,3.107532868805749e-16,600.0,exact_log_amplitude_match,-186.64070230884437,1.6917717229231848e-15,1200.0,exact_log_amplitude_match,0.7460274111066189,0.2787086711302439,1.4992362412427926,254.1197746468176,0.7460274111066187,0.2787086711302436,1.4992362412427929,254.1197746468176,0.006419819013965,0.9576002565674024,0.9575390565615188,12.9682293729055,0.1615725848525871,0.9684964779510687,0.9710545288214144,51.394257776406285,True,0.7460274111066189,0.9684964779510687,1.4992362412427929,254.1197746468176,0.1126396453402577,0.1126396453402579,0.0024108672124984,0.0674178674148957,0.1126396453402579,edge_not_decayed;center_jump_too_large;adjacent_jump_too_large,assets/classic_supersonic/scan_M18_M19_alpha_0_03_strict/point_results/M1.90_alpha0.17000_candidates.csv
1.9,0.17,0.7615399999999999,0.001,0.00017,2.532877226652448e-06,0.6,0.85,0.001,0.008,rejected,,-95.51359571794092,1.7230208462858422e-16,600.0,exact_log_amplitude_match,-186.24101628385912,9.742233807780589e-16,1200.0,exact_log_amplitude_match,0.5003836751389025,0.2782025192348085,1.4155325418301266,175.10711299613024,0.5003836751389025,0.2782025192348085,1.415532541830126,175.10711299613024,0.0043002220852677,0.9571623338609464,0.9571013889787684,18.263046325183478,0.1082200742342586,0.9680111601576794,0.9705696078468258,35.38268780944602,True,0.5003836751389025,0.9680111601576794,1.4155325418301266,175.10711299613024,0.1029806562866186,0.1029806562866187,0.0021109107944108,0.0615092146799613,0.1029806562866187,edge_not_decayed;center_jump_too_large;adjacent_jump_too_large,assets/classic_supersonic/scan_M18_M19_alpha_0_03_strict/point_results/M1.90_alpha0.17000_candidates.csv
1.9,0.17,0.5012160000000001,0.01126304,0.0019147168,3.072592674023076e-05,0.4,0.65,0.005,0.02,rejected,,-35.871878587025805,1.8329105546242008e-17,600.0,exact_log_amplitude_match,-66.78357741713518,1.5800069347057871e-16,1200.0,exact_log_amplitude_match,0.0095432695142775,0.0002004832041539,0.9971078115704892,13.322952419166697,0.0095432695142775,0.000200483204154,0.9971078115704892,13.322952419166691,0.000788789571397,0.0035444557181238,0.0824149671293123,1.3411875616493645,0.0095910285672334,0.0025776989940062,1.002097812607795,103.8684331031418,True,0.0095910285672334,0.0035444557181238,1.002097812607795,103.8684331031418,0.0373494392612623,0.0373494392612623,0.0075574649620859,0.0517268862350504,0.0517268862350504,adjacent_jump_too_large,assets/classic_supersonic/scan_M18_M19_alpha_0_03_strict/point_results/M1.90_alpha0.17000_candidates.csv
1.9,0.17,0.7615399999999999,0.005,0.00085,6.306303925148859e-05,0.6,0.85,0.005,0.02,rejected,,-94.70716658929295,1.607384173186829e-16,600.0,exact_log_amplitude_match,-184.62851914919088,1.4921584355443168e-15,1200.0,exact_log_amplitude_match,0.0988923975321529,0.2759218693904022,1.1294495186093654,62.00405288555344,0.0988923975321529,0.2759218693904022,1.1294495186093654,62.0040528855534,0.0008456578469301,0.9556110159694698,0.9555510328092092,43.91307918899204,0.0212764692087263,0.9662900946088666,0.9688499627628552,12.48637652412408,True,0.0988923975321529,0.9662900946088666,1.1294495186093654,62.00405288555344,0.0729335111172777,0.0729335111172776,0.0014820038095636,0.0432711943452874,0.0729335111172777,edge_not_decayed;center_jump_too_large;adjacent_jump_too_large,assets/classic_supersonic/scan_M18_M19_alpha_0_03_strict/point_results/M1.90_alpha0.17000_candidates.csv
1.9,0.17,0.760384,0.015,0.00255,0.00056168600372,0.6,0.85,0.015,0.06,rejected,,-92.61393649808934,1.727831262873396e-16,600.0,exact_log_amplitude_match,-180.4422944054984,1.0199369333490635e-15,1200.0,exact_log_amplitude_match,0.0017300792572456,0.2644329382756409,0.6640512635327426,21.008658441847004,0.0017300792572456,0.2644329382756409,0.6640512635327424,21.008658441847004,1.4698288970247388e-05,0.9511190391025602,0.9510611191925248,87.35231871985411,0.0003698472272595,0.9615081917020286,0.964074618124996,4.271846194522094,True,0.0017300792572456,0.9615081917020286,0.964074618124996,87.35231871985411,0.0338211713896889,0.0338211713896889,0.000680650331234,0.019974774047189,0.0338211713896889,center_jump_too_large;adjacent_jump_too_large,assets/classic_supersonic/scan_M18_M19_alpha_0_03_strict/point_results/M1.90_alpha0.17000_candidates.csv
1.9,0.17,0.5012160000000001,0.008,0.00136,0.0010125632943365,0.4,0.65,0.001,0.008,rejected,,-36.21657658311677,1.63738174202726e-17,600.0,exact_log_amplitude_match,-67.47228218253001,1.4283401631295984e-16,1200.0,exact_log_amplitude_match,0.0367461546969253,0.0002156271756343,1.211991460471136,18.58482484539127,0.0367461546969253,0.000215627175634,1.211991460471136,18.58482484539127,0.0029864805234374,0.0611641145927699,0.0985025214508346,1.7395112253412963,0.0368761338916876,0.0264053888779768,1.2162785396332991,150.53852691807174,True,0.0368761338916876,0.0611641145927699,1.2162785396332991,150.53852691807174,0.0491243172032331,0.0491243172032331,0.0101879064522593,0.0678884048270171,0.0678884048270171,stage1_too_large;edge_not_decayed;adjacent_jump_too_large,assets/classic_supersonic/scan_M18_M19_alpha_0_03_strict/point_results/M1.90_alpha0.17000_candidates.csv
1.9,0.18,0.7615399999999999,1.229248e-05,2.2126464e-06,8.249301429032964e-09,0.6,0.85,1e-05,0.002,rejected,,-101.05254042127072,3.414063369619996e-16,600.0,exact_log_amplitude_match,-197.32897169168595,1.798811281318372e-15,1200.0,exact_log_amplitude_match,0.7392494157543257,0.2886482745430851,1.4851075585608284,265.8993000366583,0.7392494157543258,0.2886482745430855,1.4851075585608289,265.89930003665825,0.0068420408119143,0.955200504932448,0.9551364607084948,11.526605475775527,0.1628713667656831,0.9668345333144877,0.9693881952129216,53.64071418388165,True,0.7392494157543258,0.9668345333144877,1.4851075585608289,265.8993000366583,0.1139214101666444,0.1139214101666444,0.0036992543458048,0.0685016787122558,0.1139214101666444,edge_not_decayed;center_jump_too_large;adjacent_jump_too_large,assets/classic_supersonic/scan_M18_M19_alpha_0_03_strict/point_results/M1.90_alpha0.18000_candidates.csv
1.9,0.18,0.7615399999999999,0.001,0.0001799999999999,2.6779849287001943e-06,0.6,0.85,0.001,0.008,rejected,,-100.84033665667366,2.0320134897501526e-16,600.0,exact_log_amplitude_match,-196.9046643227813,1.72636957241137e-15,1200.0,exact_log_amplitude_match,0.4832485256131171,0.2889051081225162,1.398493149380367,179.33062405757587,0.483248525613117,0.2889051081225161,1.3984931493803665,179.3306240575759,0.0044576339144777,0.9550607874424152,0.9549972198446862,16.689181505535682,0.1061007925399326,0.9666130833458864,0.969167291056266,36.04632666145746,True,0.4832485256131171,0.9666130833458864,1.398493149380367,179.3306240575759,0.1040219160236062,0.1040219160236061,0.0022522388398438,0.0622904399199648,0.1040219160236062,edge_not_decayed;center_jump_too_large;adjacent_jump_too_large,assets/classic_supersonic/scan_M18_M19_alpha_0_03_strict/point_results/M1.90_alpha0.18000_candidates.csv
1.9,0.18,0.503744,0.00909464,0.0016370352,1.7132165738890468e-05,0.4,0.65,0.005,0.02,rejected,,-39.36557841580781,2.1730125322975077e-17,600.0,exact_log_amplitude_match,-73.77441541977964,1.8251192278048416e-16,1200.0,exact_log_amplitude_match,0.0187621804323408,0.0002148041727353,1.117699497489246,16.986396638269404,0.0187621804323408,0.0002148041727352,1.1176994974892462,16.986396638269408,0.0015487854205915,0.002597127901004,0.0922641530154959,1.548166767437917,0.0188388527716775,0.0025632183279408,1.122267017462627,125.5161912863906,True,0.0188388527716775,0.002597127901004,1.122267017462627,125.5161912863906,0.0448332846639255,0.0448332846639254,0.0093909080077166,0.0614594659681944,0.0614594659681944,adjacent_jump_too_large,assets/classic_supersonic/scan_M18_M19_alpha_0_03_strict/point_results/M1.90_alpha0.18000_candidates.csv
1.9,0.18,0.7615399999999999,0.005,0.0009,6.668669511077655e-05,0.6,0.85,0.005,0.02,rejected,,-99.98645223339727,1.9279778290565464e-16,600.0,exact_log_amplitude_match,-195.1972961111789,1.0532606415084054e-15,1200.0,exact_log_amplitude_match,0.0868211525245542,0.2864918657964767,1.108466292179637,61.44478578850641,0.0868211525245542,0.2864918657964768,1.108466292179637,61.44478578850639,0.0007965853212495,0.9535693313559752,0.953506852737269,41.61622832380409,0.018954928223411,0.9649398952145234,0.9674955910646628,12.30432657929642,True,0.0868211525245542,0.9649398952145234,1.108466292179637,61.44478578850641,0.0732316472027108,0.0732316472027108,0.0015709242461412,0.043540212206389,0.0732316472027108,edge_not_decayed;center_jump_too_large;adjacent_jump_too_large,assets/classic_supersonic/scan_M18_M19_alpha_0_03_strict/point_results/M1.90_alpha0.18000_candidates.csv
1.9,0.18,0.503744,0.008,0.0014399999999999,0.0003511967924391,0.4,0.65,0.001,0.008,rejected,,-39.51142089158933,2.100192483147229e-17,600.0,exact_log_amplitude_match,-74.06590336384907,1.769525952541956e-16,1200.0,exact_log_amplitude_match,0.0302827459617666,0.0002132320250275,1.1965549159229325,19.26265537794728,0.0302827459617666,0.0002132320250274,1.1965549159229327,19.26265537794728,0.00247593895355,0.0196768083757976,0.0978311851288466,1.7099494517993392,0.0303914223340461,0.0104902361267028,1.200849019491343,143.80009579723014,True,0.0303914223340461,0.0196768083757976,1.200849019491343,143.80009579723014,0.0493715518356687,0.0493715518356687,0.0104224306246569,0.0676189809290529,0.0676189809290529,edge_not_decayed;adjacent_jump_too_large,assets/classic_supersonic/scan_M18_M19_alpha_0_03_strict/point_results/M1.90_alpha0.18000_candidates.csv
1.9,0.18,0.760384,0.015,0.0026999999999999,0.0005941842968797,0.6,0.85,0.015,0.06,rejected,,-97.77004302310378,1.838464909502732e-16,600.0,exact_log_amplitude_match,-190.76477493298364,1.2864502132029104e-15,1200.0,exact_log_amplitude_match,0.0011971261992051,0.2745256505659043,0.6429445397655886,20.7432494503274,0.0011971261992051,0.2745256505659042,0.6429445397655886,20.7432494503274,1.0898303441987926e-05,0.9491933656980172,0.9491332604361348,83.94208845650998,0.0002593397014852,0.9602528782666988,0.9628152988998488,4.190681407399369,True,0.0011971261992051,0.9602528782666988,0.9628152988998488,83.94208845650998,0.0333634748942524,0.0333634748942525,0.0007059689567391,0.0197288572850147,0.0333634748942525,center_jump_too_large;adjacent_jump_too_large,assets/classic_supersonic/scan_M18_M19_alpha_0_03_strict/point_results/M1.90_alpha0.18000_candidates.csv
1.9,0.19,0.7615399999999999,1.041392e-05,1.9786448e-06,8.519068153758931e-09,0.6,0.85,1e-05,0.002,rejected,,-106.39161813835088,4.289998996112735e-16,600.0,exact_log_amplitude_match,-208.017166408036,3.5157217621004166e-15,1200.0,exact_log_amplitude_match,0.7305207464757489,0.3002608016138191,1.4670152994518244,277.31856507569887,0.730520746475749,0.3002608016138189,1.4670152994518242,277.3185650756988,0.007205095596495,0.9534901196324904,0.9534240179263428,10.463692465386917,0.1627110102064771,0.9657462533449648,0.9682958830909028,55.39108488125412,True,0.730520746475749,0.9657462533449648,1.4670152994518244,277.31856507569887,0.1175225323519328,0.1175225323519327,0.0049856329468483,0.0706882147143166,0.1175225323519328,edge_not_decayed;center_jump_too_large;adjacent_jump_too_large,assets/classic_supersonic/scan_M18_M19_alpha_0_03_strict/point_results/M1.90_alpha0.19000_candidates.csv
1.9,0.19,0.7615399999999999,0.001,0.00019,2.8233237855566835e-06,0.6,0.85,0.001,0.008,rejected,,-106.16719396238788,1.9713806845674376e-16,600.0,exact_log_amplitude_match,-207.56842872087955,1.3313920461021998e-15,1200.0,exact_log_amplitude_match,0.4668761400104081,0.2992222995342837,1.382037044424442,183.20848153589515,0.4668761400104082,0.2992222995342837,1.382037044424442,183.2084815358952,0.0046057934988044,0.9530252209896276,0.9529592054817656,15.330099612109867,0.1040080092814694,0.9652672781051616,0.9678171780592886,36.635151220935526,True,0.4668761400104082,0.9652672781051616,1.382037044424442,183.2084815358952,0.1066984351128219,0.1066984351128218,0.0024327180428544,0.0640464987680577,0.1066984351128219,edge_not_decayed;center_jump_too_large;adjacent_jump_too_large,assets/classic_supersonic/scan_M18_M19_alpha_0_03_strict/point_results/M1.90_alpha0.19000_candidates.csv
1.9,0.19,0.506256,0.00682344,0.0012964536,3.4789432933732784e-05,0.4,0.65,0.001,0.008,rejected,,-43.08472474778904,2.5465289804787748e-17,600.0,exact_log_amplitude_match,-81.2163580698811,2.0915850092127348e-16,1200.0,exact_log_amplitude_match,0.0429563829666565,0.0002282538982825,1.274495628675304,23.264496680763692,0.0429563829666565,0.0002282538982827,1.274495628675304,23.264496680763685,0.0034827770922857,0.003335340010247,0.1033323541978411,1.9044809652254304,0.0430892761553339,0.0024675195233603,1.278438506924189,162.43062506820715,True,0.0430892761553339,0.003335340010247,1.278438506924189,162.43062506820715,0.0551646889662288,0.0551646889662288,0.0119201442509361,0.074808253454371,0.074808253454371,edge_not_decayed;adjacent_jump_too_large,assets/classic_supersonic/scan_M18_M19_alpha_0_03_strict/point_results/M1.90_alpha0.19000_candidates.csv
1.9,0.19,0.7615399999999999,0.005,0.00095,7.031774353745932e-05,0.6,0.85,0.005,0.02,rejected,,-105.26585234566268,2.0301408724421952e-16,600.0,exact_log_amplitude_match,-205.7661875501481,1.134902494520345e-15,1200.0,exact_log_amplitude_match,0.076251904662038,0.2966811651576229,1.0884954702168053,60.86945143165218,0.0762519046620379,0.2966811651576231,1.0884954702168057,60.869451431652166,0.0007479196704832,0.9515943336638492,0.9515295415738124,39.553538844495385,0.0168841696792316,0.9636422127268468,0.966193671758308,12.121274216413436,True,0.076251904662038,0.9636422127268468,1.0884954702168057,60.86945143165218,0.0739697326918189,0.0739697326918189,0.0016700078485395,0.0440652765270103,0.0739697326918189,edge_not_decayed;center_jump_too_large;adjacent_jump_too_large,assets/classic_supersonic/scan_M18_M19_alpha_0_03_strict/point_results/M1.90_alpha0.19000_candidates.csv
1.9,0.19,0.760384,0.015,0.00285,0.000626783847472,0.6,0.85,0.015,0.06,rejected,,-102.92625941865003,2.1593755291712634e-16,600.0,exact_log_amplitude_match,-201.0873653141931,1.212068067928581e-15,1200.0,exact_log_amplitude_match,0.0008286469364204,0.2842586954859054,0.6231235608968828,20.491145480222063,0.0008286469364204,0.2842586954859052,0.6231235608968829,20.49114548022207,8.054366777472966e-06,0.9473353287832842,0.947273239418649,80.78195666347908,0.0001818211322119,0.959051271875522,0.9616096319180676,4.113040431362994,True,0.0008286469364204,0.959051271875522,0.9616096319180676,80.78195666347908,0.0329301822539871,0.0329301822539871,0.000734319386038,0.0194935176386091,0.0329301822539871,center_jump_too_large;adjacent_jump_too_large,assets/classic_supersonic/scan_M18_M19_alpha_0_03_strict/point_results/M1.90_alpha0.19000_candidates.csv
1.9,0.19,0.50664,0.00053930816,0.0001024685504,0.0021034666101562,0.4,0.65,1e-05,0.002,rejected,,-44.53567000828568,2.240242184814026e-17,600.0,exact_log_amplitude_match,-84.11834745598672,1.843140911362919e-16,1200.0,exact_log_amplitude_match,0.7799681511601401,0.0004583968964769,1.9268235331635628,115.58546725075834,0.7799681511601401,0.0004583968964771,1.926823533163563,115.58546725075834,0.0466180030009909,0.0770973852558799,0.2175339435560725,7.860857629851808,0.78015701418313,0.0483071978864448,1.9272900991083544,819.414226931174,True,0.78015701418313,0.0770973852558799,1.9272900991083544,819.414226931174,0.1038489728040663,0.1038489728040662,0.0236189170052502,0.1394603899753921,0.1394603899753921,stage1_too_large;edge_not_decayed;adjacent_jump_too_large,assets/classic_supersonic/scan_M18_M19_alpha_0_03_strict/point_results/M1.90_alpha0.19000_candidates.csv
1.9,0.2,0.7615399999999999,1.0604960000000002e-05,2.1209920000000003e-06,8.983682233535207e-09,0.6,0.85,1e-05,0.002,rejected,,-111.7303429492538,4.3557165293782894e-16,600.0,exact_log_amplitude_match,-218.7045586295515,2.170126876955774e-15,1200.0,exact_log_amplitude_match,0.7239663329293291,0.3091388927944927,1.454057295100508,288.4405278330359,0.7239663329293293,0.3091388927944926,1.4540572951005084,288.4405278330359,0.0076420341565644,0.9513231127214292,0.9512541614430082,9.366806684813174,0.164208539934039,0.96435072791154,0.9668955887604606,57.61466783335148,True,0.7239663329293293,0.96435072791154,1.4540572951005084,288.4405278330359,0.119684593155234,0.119684593155234,0.0028838064328901,0.0722937867889631,0.119684593155234,edge_not_decayed;center_jump_too_large;adjacent_jump_too_large,assets/classic_supersonic/scan_M18_M19_alpha_0_03_strict/point_results/M1.90_alpha0.20000_candidates.csv
1.9,0.2,0.7615399999999999,0.001,0.0002,2.9690069498337426e-06,0.6,0.85,0.001,0.008,rejected,,-111.49414769442473,2.790548011188576e-16,600.0,exact_log_amplitude_match,-218.2322895453501,2.1870478698313773e-15,1200.0,exact_log_amplitude_match,0.4512120999213803,0.3091799394016651,1.3660061400866537,186.7634785906793,0.4512120999213802,0.3091799394016652,1.3660061400866537,186.76347859067937,0.0047448234700477,0.9510556285821008,0.9509873457393094,14.148965144282698,0.1019396875487597,0.9639742801066696,0.9665198082223924,37.15376441179385,True,0.4512120999213803,0.9639742801066696,1.3660061400866537,186.76347859067937,0.1083624656888925,0.1083624656888925,0.0025945674100135,0.0651916456987528,0.1083624656888925,edge_not_decayed;center_jump_too_large;adjacent_jump_too_large,assets/classic_supersonic/scan_M18_M19_alpha_0_03_strict/point_results/M1.90_alpha0.20000_candidates.csv
1.9,0.2,0.5084,0.004462368,0.0008924736,3.648168657232437e-05,0.4,0.65,0.001,0.008,rejected,,-46.81849046619677,2.9253917263266107e-17,600.0,exact_log_amplitude_match,-88.68724509465116,2.3679492393568104e-16,1200.0,exact_log_amplitude_match,0.1146432901895823,0.0002513967641971,1.4754482996927565,36.017336645354696,0.1146432901895823,0.0002513967641972,1.4754482996927565,36.01733664535472,0.0089343387312781,0.0003263362306698,0.1149840942993222,2.649818652836657,0.114876926998614,0.0030390176470175,1.4784551831856243,239.54898646287344,True,0.114876926998614,0.0030390176470175,1.4784551831856243,239.54898646287344,0.0693518607962385,0.0693518607962385,0.015456771308386,0.0930388712693543,0.0930388712693543,edge_not_decayed;adjacent_jump_too_large,assets/classic_supersonic/scan_M18_M19_alpha_0_03_strict/point_results/M1.90_alpha0.20000_candidates.csv
1.9,0.2,0.7615399999999999,0.005,0.001,7.395906404318333e-05,0.6,0.85,0.005,0.02,rejected,,-110.54534709436764,2.2924240430560003e-16,600.0,exact_log_amplitude_match,-216.335173624877,1.2216539736964625e-15,1200.0,exact_log_amplitude_match,0.0669919003223017,0.3065158375549558,1.0693935868374198,60.28608986307592,0.0669919003223017,0.3065158375549556,1.0693935868374196,60.28608986307592,0.0007001508416117,0.9496857614813862,0.949618843442224,37.69239191476126,0.0150370757762732,0.9623976602184964,0.9649448215068602,11.938454200852654,True,0.0669919003223017,0.9623976602184964,1.0693935868374198,60.28608986307592,0.0743261976930146,0.0743261976930146,0.0017612421166651,0.0443574423211333,0.0743261976930146,edge_not_decayed;center_jump_too_large;adjacent_jump_too_large,assets/classic_supersonic/scan_M18_M19_alpha_0_03_strict/point_results/M1.90_alpha0.20000_candidates.csv
1.9,0.2,0.5084,0.005,0.001,0.0001891146533651,0.4,0.65,0.005,0.02,rejected,,-46.71155639171362,2.9644499634989723e-17,600.0,exact_log_amplitude_match,-88.4734278248648,2.389419585907336e-16,1200.0,exact_log_amplitude_match,0.0883013020187297,0.0002633255267626,1.4229030039560178,32.32920329707562,0.0883013020187297,0.0002633255267625,1.4229030039560178,32.32920329707562,0.006976691015976,0.0078456099741911,0.1124236492254625,2.416230254129416,0.0885031032235609,0.002320520053679,1.4261548647326054,214.45995129447573,True,0.0885031032235609,0.0078456099741911,1.4261548647326054,214.45995129447573,0.0657601586679561,0.0657601586679561,0.0146061835310567,0.0882834229903555,0.0882834229903555,edge_not_decayed;adjacent_jump_too_large,assets/classic_supersonic/scan_M18_M19_alpha_0_03_strict/point_results/M1.90_alpha0.20000_candidates.csv
1.9,0.2,0.760384,0.015,0.003,0.0006595118393519,0.6,0.85,0.015,0.06,rejected,,-108.08256616001614,2.380532554309762e-16,600.0,exact_log_amplitude_match,-211.4100460494672,1.2957974086151761e-15,1200.0,exact_log_amplitude_match,0.0005737708738006,0.293657800489212,0.6044771267191833,20.250884796866572,0.0005737708738006,0.2936578004892121,0.6044771267191833,20.250884796866583,5.934909280681531e-06,0.945545835913452,0.9454819686912866,77.85145884751428,0.0001274500361243,0.9579042145009016,0.960458462650608,4.038451531509603,True,0.0005737708738006,0.9579042145009016,0.960458462650608,77.85145884751428,0.0324852141848356,0.0324852141848356,0.0007607409892102,0.0192474799567731,0.0324852141848356,center_jump_too_large;adjacent_jump_too_large,assets/classic_supersonic/scan_M18_M19_alpha_0_03_strict/point_results/M1.90_alpha0.20000_candidates.csv
1.9,0.21,0.7615399999999999,1.181488e-05,2.4811248e-06,9.524127187827229e-09,0.6,0.85,1e-05,0.002,rejected,,-117.0688858490976,3.599841681250985e-16,600.0,exact_log_amplitude_match,-229.39150881850304,2.519579502234353e-15,1200.0,exact_log_amplitude_match,0.715679164594171,0.3192510325475409,1.437840260934377,299.10384915228747,0.7156791645941709,0.319251032547541,1.437840260934377,299.1038491522876,0.0080174877661369,0.9494983562397892,0.9494274812218788,8.545344889114817,0.1643113872426219,0.9631576601743308,0.9656982042047292,59.32642994155136,True,0.715679164594171,0.9631576601743308,1.437840260934377,299.1038491522876,0.1217092739098667,0.1217092739098667,0.0032495276140569,0.0736030417141359,0.1217092739098667,edge_not_decayed;center_jump_too_large;adjacent_jump_too_large,assets/classic_supersonic/scan_M18_M19_alpha_0_03_strict/point_results/M1.90_alpha0.21000_candidates.csv
1.9,0.21,0.7615399999999999,0.001,0.00021,3.11514868118976e-06,0.6,0.85,0.001,0.008,rejected,,-116.82117938809309,2.4304570320621383e-16,600.0,exact_log_amplitude_match,-228.89622833170108,1.627186098802504e-15,1200.0,exact_log_amplitude_match,0.4362070919470859,0.3188021907146509,1.350273793951174,190.0158193904898,0.4362070919470859,0.318802190714651,1.350273793951174,190.01581939048987,0.0048748552555236,0.9491541868116072,0.9490838226755566,13.1164755546707,0.0998941076342213,0.962734529388968,0.9652756253020642,37.60616943790834,True,0.4362070919470859,0.962734529388968,1.350273793951174,190.01581939048987,0.1098621292042841,0.1098621292042841,0.002755534807767,0.0662326434620522,0.1098621292042841,edge_not_decayed;center_jump_too_large;adjacent_jump_too_large,assets/classic_supersonic/scan_M18_M19_alpha_0_03_strict/point_results/M1.90_alpha0.21000_candidates.csv
1.9,0.21,0.51064,0.0020231199999999,0.0004248551999999,4.402281230659927e-05,0.4,0.65,0.001,0.008,rejected,,-50.82927056044875,3.359543981581481e-17,600.0,exact_log_amplitude_match,-96.71250886572535,2.7553185624601253e-16,1200.0,exact_log_amplitude_match,0.3568259166349014,0.0002681105774665,1.7342904591550985,71.94405635191396,0.3568259166349014,0.0002681105774664,1.7342904591550985,71.94405635191394,0.0253792071914061,0.0004241858353622,0.1233512333074491,4.73574478455422,0.3571573943043633,0.0031390388595321,1.7359015485219145,453.5407464186404,True,0.3571573943043633,0.0031390388595321,1.7359015485219145,453.5407464186404,0.0895885550219957,0.0895885550219957,0.0205375169375318,0.1187829282750862,0.1187829282750862,edge_not_decayed;adjacent_jump_too_large,assets/classic_supersonic/scan_M18_M19_alpha_0_03_strict/point_results/M1.90_alpha0.21000_candidates.csv
1.9,0.21,0.51064,0.002,0.00042,4.458069655317292e-05,0.4,0.65,1e-05,0.002,rejected,,-50.83475304758367,3.357960636658173e-17,600.0,exact_log_amplitude_match,-96.72347289487648,2.7612466680255923e-16,1200.0,exact_log_amplitude_match,0.3610547025161754,0.000267570278565,1.7371243693714695,72.52167440828002,0.3610547025161754,0.0002675702785651,1.73712436937147,72.52167440828,0.0256469018186086,0.0006800877885788,0.1233936515367405,4.770767556297664,0.3613862638434268,0.0032700934051157,1.7387195944047331,457.2095946363648,True,0.3613862638434268,0.0032700934051157,1.7387195944047331,457.2095946363648,0.0898088082831529,0.0898088082831529,0.0205912454015606,0.1190701777898898,0.1190701777898898,edge_not_decayed;adjacent_jump_too_large,assets/classic_supersonic/scan_M18_M19_alpha_0_03_strict/point_results/M1.90_alpha0.21000_candidates.csv
1.9,0.21,0.7615399999999999,0.005,0.00105,7.76135641669176e-05,0.6,0.85,0.005,0.02,rejected,,-115.82491812658232,2.487093431234517e-16,600.0,exact_log_amplitude_match,-226.90423598301848,1.3224257173345525e-15,1200.0,exact_log_amplitude_match,0.0588742213029461,0.3160201879803718,1.051037342205443,59.70038032085733,0.0588742213029461,0.316020187980372,1.051037342205443,59.70038032085735,0.0006536608657755,0.947844771055743,0.947775919800958,36.00612825107403,0.0133895215500432,0.9612067414443104,0.9637495476065632,11.756654723457263,True,0.0588742213029461,0.9612067414443104,1.051037342205443,59.70038032085735,0.0746001603593685,0.0746001603593685,0.0018507280230456,0.0445939949416416,0.0746001603593685,edge_not_decayed;center_jump_too_large;adjacent_jump_too_large,assets/classic_supersonic/scan_M18_M19_alpha_0_03_strict/point_results/M1.90_alpha0.21000_candidates.csv
1.9,0.21,0.760384,0.015,0.0031499999999999,0.0006923956574528,0.6,0.85,0.015,0.06,rejected,,-113.23894520695194,2.6450865806841563e-16,600.0,exact_log_amplitude_match,-221.73279909047156,1.4167310547088262e-15,1200.0,exact_log_amplitude_match,0.0003974032839736,0.3027469705388582,0.5868999809981819,20.02114907142085,0.0003974032839736,0.3027469705388584,0.5868999809981817,20.02114907142085,4.361312984844093e-06,0.9438256219071796,0.9437601873742174,75.13210935412289,8.931987450051149e-05,0.9568124070139136,0.9593624949663954,3.966498799172521,True,0.0003974032839736,0.9568124070139136,0.9593624949663954,75.13210935412289,0.0320484444579365,0.0320484444579364,0.0007834656722529,0.0190025710064269,0.0320484444579365,center_jump_too_large;adjacent_jump_too_large,assets/classic_supersonic/scan_M18_M19_alpha_0_03_strict/point_results/M1.90_alpha0.21000_candidates.csv
1.9,0.22,0.7615399999999999,1.082784e-05,2.3821248e-06,9.910762874057448e-09,0.6,0.85,1e-05,0.002,rejected,,-122.40803886488264,5.141392160077765e-16,600.0,exact_log_amplitude_match,-240.07961753971463,2.428041913510762e-15,1200.0,exact_log_amplitude_match,0.7093052063779494,0.3282423420590074,1.424690029944672,309.9604009999256,0.7093052063779491,0.3282423420590074,1.424690029944672,309.9604009999256,0.0084297899728388,0.9475554382276932,0.9474824952242172,7.771437515927857,0.1651611902046684,0.9618871591745446,0.9644230996105476,61.252715493909626,True,0.7093052063779494,0.9618871591745446,1.424690029944672,309.9604009999256,0.125244939437447,0.125244939437447,0.0034220353260767,0.0759903670980331,0.125244939437447,edge_not_decayed;center_jump_too_large;adjacent_jump_too_large,assets/classic_supersonic/scan_M18_M19_alpha_0_03_strict/point_results/M1.90_alpha0.22000_candidates.csv
1.9,0.22,0.7615399999999999,0.001,0.00022,3.2618644587892904e-06,0.6,0.85,0.001,0.008,rejected,,-122.14827207095676,2.797358469096737e-16,600.0,exact_log_amplitude_match,-239.5602280948955,1.4172619151931648e-15,1200.0,exact_log_amplitude_match,0.4218164590043562,0.3281115864404417,1.3347404132422849,192.98356850105645,0.4218164590043562,0.3281115864404419,1.3347404132422849,192.9835685010564,0.0049960135273956,0.9473213921512472,0.9472491379331156,12.209098726288223,0.0978698597281448,0.9615483694206952,0.9640849762450804,37.99589181927333,True,0.4218164590043562,0.9615483694206952,1.3347404132422849,192.98356850105645,0.1123922713273394,0.1123922713273395,0.002946240235642,0.067888905233538,0.1123922713273395,edge_not_decayed;center_jump_too_large;adjacent_jump_too_large,assets/classic_supersonic/scan_M18_M19_alpha_0_03_strict/point_results/M1.90_alpha0.22000_candidates.csv
1.9,0.22,0.5129839999999999,2.231412e-05,4.9091064e-06,1.3968565742147412e-05,0.4,0.65,1e-05,0.002,rejected,,-54.98534209279504,5.032019953074724e-17,600.0,exact_log_amplitude_match,-105.02875401508793,4.223801812417723e-16,1200.0,exact_log_amplitude_match,0.9881881519170216,0.0002718881675135,1.9953862779638152,180.26073309951605,0.9881881519170216,0.0002718881675134,1.9953862779638152,180.26073309951607,0.0561061015839165,0.0027102359056573,0.3611893699074675,10.913594295185389,0.9881983229438456,0.0020246841829681,1.995406816052728,1072.4145940970438,True,0.9881983229438456,0.0027102359056573,1.995406816052728,1072.4145940970438,0.1142730152525457,0.1142730152525457,0.0306575292248753,0.1497267451723883,0.1497267451723883,edge_not_decayed;adjacent_jump_too_large,assets/classic_supersonic/scan_M18_M19_alpha_0_03_strict/point_results/M1.90_alpha0.22000_candidates.csv
1.9,0.22,0.7615399999999999,0.005,0.0011,8.128417676093616e-05,0.6,0.85,0.005,0.02,rejected,,-121.10454858844032,2.634298960635545e-16,600.0,exact_log_amplitude_match,-237.47335778314005,1.8075648334302386e-15,1200.0,exact_log_amplitude_match,0.0517541321556504,0.3252168983790258,1.0333221478310572,59.11624524028293,0.0517541321556504,0.3252168983790258,1.0333221478310572,59.116245240282936,0.0006087404689699,0.9460726111846984,0.9460020242997872,34.4727440519164,0.0119200296682657,0.960069853351411,0.9626082503823348,11.576344017706717,True,0.0517541321556504,0.960069853351411,1.0333221478310572,59.116245240282936,0.0751382254312241,0.0751382254312241,0.0019471203343918,0.0449817558777797,0.0751382254312241,edge_not_decayed;center_jump_too_large;adjacent_jump_too_large,assets/classic_supersonic/scan_M18_M19_alpha_0_03_strict/point_results/M1.90_alpha0.22000_candidates.csv
1.9,0.22,0.5129839999999999,0.001,0.00022,0.0005417191564224,0.4,0.65,0.001,0.008,rejected,,-54.72816323623557,3.973114432711757e-17,600.0,exact_log_amplitude_match,-104.51438016852364,3.193929825779352e-16,1200.0,exact_log_amplitude_match,0.5866402678361288,0.0003116607809906,1.8611708232252584,112.08032691205874,0.5866402678361289,0.0003116607809908,1.861170823225258,112.08032691205877,0.0382400563345596,0.0165140789964351,0.169136577005085,6.898907230505623,0.5869112586880294,0.0083382167603143,1.8620305669124395,665.6020915144874,True,0.5869112586880294,0.0165140789964351,1.8620305669124395,665.6020915144874,0.1022007965370629,0.1022007965370628,0.0238768755330947,0.1341705195785615,0.1341705195785615,edge_not_decayed;adjacent_jump_too_large,assets/classic_supersonic/scan_M18_M19_alpha_0_03_strict/point_results/M1.90_alpha0.22000_candidates.csv
1.9,0.22,0.760384,0.015,0.0033,0.0007254628587222,0.6,0.85,0.015,0.06,rejected,,-118.39538001495532,2.86428997992833e-16,600.0,exact_log_amplitude_match,-232.05560789257007,1.502382533626538e-15,1200.0,exact_log_amplitude_match,0.0002753175368107,0.3115486233061778,0.5702947494163677,19.80075469127789,0.0002753175368107,0.3115486233061779,0.5702947494163677,19.80075469127789,3.1969474613110868e-06,0.9421752090595628,0.9421084220321564,72.60716584830747,6.258378357181917e-05,0.9557764115977144,0.9583222942168844,3.8968169613113215,True,0.0002753175368107,0.9557764115977144,0.9583222942168844,72.60716584830747,0.0316317003681841,0.0316317003681841,0.0008081859427119,0.0187658861116464,0.0316317003681841,center_jump_too_large;adjacent_jump_too_large,assets/classic_supersonic/scan_M18_M19_alpha_0_03_strict/point_results/M1.90_alpha0.22000_candidates.csv
1.9,0.23,0.7615399999999999,1.0063680000000002e-05,2.3146464000000004e-06,1.0281450460012791e-08,0.6,0.85,1e-05,0.002,rejected,,-127.74720008839024,4.3775577088785527e-16,600.0,exact_log_amplitude_match,-250.76769685037888,3.045413990458449e-15,1200.0,exact_log_amplitude_match,0.7019814110606387,0.337999277694001,1.4106173047400992,320.5167109786116,0.7019814110606387,0.3379992776940009,1.4106173047400994,320.5167109786116,0.0088050078447772,0.9459720271586396,0.9458975871436518,7.150935247587344,0.1652562270257832,0.9608976765946724,0.96342921462969,62.84679095350288,True,0.7019814110606387,0.9608976765946724,1.4106173047400994,320.5167109786116,0.1274004248317201,0.1274004248317201,0.0036406132080888,0.0773025885313237,0.1274004248317201,edge_not_decayed;center_jump_too_large;adjacent_jump_too_large,assets/classic_supersonic/scan_M18_M19_alpha_0_03_strict/point_results/M1.90_alpha0.23000_candidates.csv
1.9,0.23,0.7615399999999999,0.001,0.00023,3.4092707139728704e-06,0.6,0.85,0.001,0.008,rejected,,-127.47541026133854,3.1021936278488317e-16,600.0,exact_log_amplitude_match,-250.2242733765649,1.5133937172291989e-15,1200.0,exact_log_amplitude_match,0.4079997080062689,0.3371292015848444,1.3200786806699472,195.68296650036984,0.4079997080062688,0.3371292015848443,1.320078680669947,195.6829665003698,0.0051084252860496,0.9455576116600934,0.9454836634700938,11.407772013163669,0.09586581512251,0.9604160515050328,0.9629481157292408,38.32606815749405,True,0.4079997080062689,0.9604160515050328,1.3200786806699472,195.68296650036984,0.114019168558672,0.1140191685586721,0.0031171524646985,0.0689921351178564,0.1140191685586721,edge_not_decayed;center_jump_too_large;adjacent_jump_too_large,assets/classic_supersonic/scan_M18_M19_alpha_0_03_strict/point_results/M1.90_alpha0.23000_candidates.csv
1.9,0.23,0.7615399999999999,0.005,0.00115,8.49738571629907e-05,0.6,0.85,0.005,0.02,rejected,,-126.38422310513418,3.733068206735205e-16,600.0,exact_log_amplitude_match,-248.0425236272407,2.9397418041105857e-15,1200.0,exact_log_amplitude_match,0.0455059732940519,0.3341271604037717,1.0161597341453104,58.53630636329091,0.0455059732940519,0.3341271604037717,1.01615973414531,58.53630636329092,0.0005656035963856,0.9443696480781764,0.94429752764283,33.073908237213104,0.0106094672368225,0.9589872893983332,0.9615212264376446,11.39776424836104,True,0.0455059732940519,0.9589872893983332,1.0161597341453104,58.53630636329092,0.0754805248614975,0.0754805248614975,0.0020388193099437,0.0452453862316361,0.0754805248614975,edge_not_decayed;center_jump_too_large;adjacent_jump_too_large,assets/classic_supersonic/scan_M18_M19_alpha_0_03_strict/point_results/M1.90_alpha0.23000_candidates.csv
1.9,0.23,0.5182,1e-05,2.3000000000000004e-06,0.0007319876934874,0.4,0.65,1e-05,0.002,rejected,,-60.475892102922906,7.105444483742388e-17,600.0,exact_log_amplitude_match,-116.0180296432745,6.130859825865305e-16,1200.0,exact_log_amplitude_match,0.9944529997896712,0.000315921120928,1.997130711880263,199.01391687746656,0.9944529997896714,0.000315921120928,1.997130711880264,199.01391687746656,0.0579798809640087,0.0622741912124574,0.4121761274818163,10.700926890602188,0.994457604882462,0.0442699441538316,1.9971399611413028,1040.26223601261,True,0.994457604882462,0.0622741912124574,1.9971399611413028,1040.26223601261,0.1176852525295894,0.1176852525295894,0.0534958483016594,0.1524283586574946,0.1524283586574946,edge_not_decayed;adjacent_jump_too_large,assets/classic_supersonic/scan_M18_M19_alpha_0_03_strict/point_results/M1.90_alpha0.23000_candidates.csv
1.9,0.23,0.760384,0.015,0.00345,0.0007587411439159,0.6,0.85,0.015,0.06,rejected,,-123.55185551886385,3.082941223863724e-16,600.0,exact_log_amplitude_match,-242.37845740274824,2.0715547683905907e-15,1200.0,exact_log_amplitude_match,0.0001907796777344,0.3200837136495236,0.5545724392307232,19.588642409340824,0.0001907796777344,0.3200837136495236,0.5545724392307233,19.58864240934081,2.338031181504618e-06,0.940594265947622,0.9405263449086518,70.26143377421747,4.384043712217076e-05,0.9547966564681328,0.9573382913321248,3.8290863909766375,True,0.0001907796777344,0.9547966564681328,0.9573382913321248,70.26143377421747,0.0312197978578266,0.0312197978578267,0.0008282510747107,0.0185285073466597,0.0312197978578267,center_jump_too_large;adjacent_jump_too_large,assets/classic_supersonic/scan_M18_M19_alpha_0_03_strict/point_results/M1.90_alpha0.23000_candidates.csv
1.9,0.23,0.5152559999999999,0.001,0.00023,0.0015164034242,0.4,0.65,0.001,0.008,rejected,,-58.41761979563734,4.7124202539701296e-17,600.0,exact_log_amplitude_match,-111.89742237633465,3.7081544133243805e-16,1200.0,exact_log_amplitude_match,0.5726582374864045,0.000439168983941,1.857306881599053,117.42407972216569,0.5726582374864044,0.0004391689839409,1.857306881599053,117.42407972216569,0.0380676889913611,0.0441824836658059,0.1681965738517235,6.95332481864078,0.5729244598975857,0.0268008091420114,1.8581703236817984,658.6720341057417,True,0.5729244598975857,0.0441824836658059,1.8581703236817984,658.6720341057417,0.1043822747340968,0.1043822747340967,0.0246131938430217,0.1359840357312932,0.1359840357312932,stage1_too_large;edge_not_decayed;adjacent_jump_too_large,assets/classic_supersonic/scan_M18_M19_alpha_0_03_strict/point_results/M1.90_alpha0.23000_candidates.csv
1.9,0.24,0.7615399999999999,1.4863560000000003e-05,3.567254400000001e-06,1.1178761084564749e-08,0.6,0.85,1e-05,0.002,rejected,,-133.0848153032785,7.905869820129307e-16,600.0,exact_log_amplitude_match,-261.45265322833666,2.580601534211834e-15,1200.0,exact_log_amplitude_match,0.6939316236304166,0.3463101851601819,1.3982665387728683,329.962203940579,0.6939316236304166,0.3463101851601818,1.3982665387728686,329.96220394057895,0.0091843948239895,0.9440691236975532,0.9439931430990436,6.57757254048228,0.1654474608347815,0.9596189409353172,0.9621458610806948,64.42889902162054,True,0.6939316236304166,0.9596189409353172,1.3982665387728686,329.962203940579,0.1283342155495026,0.1283342155495027,0.0036896743293379,0.078024785431101,0.1283342155495027,edge_not_decayed;center_jump_too_large;adjacent_jump_too_large,assets/classic_supersonic/scan_M18_M19_alpha_0_03_strict/point_results/M1.90_alpha0.24000_candidates.csv
1.9,0.24,0.7615399999999999,0.001,0.00024,3.5574846749577778e-06,0.6,0.85,0.001,0.008,rejected,,-132.80257992764828,4.38865061035152e-16,600.0,exact_log_amplitude_match,-260.8883501486639,3.2601316130450627e-15,1200.0,exact_log_amplitude_match,0.394720105611354,0.3458747422142641,1.306846014649031,198.12872986295469,0.394720105611354,0.3458747422142642,1.3068460146490308,198.12872986295463,0.0052122178079634,0.94386235527574,0.9437869137812068,10.69692581004851,0.0938811066963357,0.959337737077335,0.9618652083331312,38.59952609997209,True,0.394720105611354,0.959337737077335,1.306846014649031,198.12872986295469,0.1147819769148367,0.1147819769148367,0.0032662497197301,0.0695626816319323,0.1147819769148367,edge_not_decayed;center_jump_too_large;adjacent_jump_too_large,assets/classic_supersonic/scan_M18_M19_alpha_0_03_strict/point_results/M1.90_alpha0.24000_candidates.csv
1.9,0.24,0.7615399999999999,0.005,0.0012,8.868558087902951e-05,0.6,0.85,0.005,0.02,rejected,,-131.66392775687507,3.1607785736689727e-16,600.0,exact_log_amplitude_match,-258.61171960564576,2.154403453213206e-15,1200.0,exact_log_amplitude_match,0.0400205142009267,0.3427708054046785,1.000523133444687,57.962227311367776,0.0400205142009267,0.3427708054046783,1.000523133444687,57.96222731136776,0.0005244008762336,0.9427361159155276,0.9426626682453978,31.79421603522379,0.0094407793181328,0.957959243950023,0.9604886732051384,11.221000700526249,True,0.0400205142009267,0.957959243950023,1.000523133444687,57.962227311367776,0.0755802732413333,0.0755802732413334,0.0021238225550607,0.0453561692981059,0.0755802732413334,edge_not_decayed;center_jump_too_large;adjacent_jump_too_large,assets/classic_supersonic/scan_M18_M19_alpha_0_03_strict/point_results/M1.90_alpha0.24000_candidates.csv
1.9,0.24,0.5134000000000001,1e-05,2.4000000000000003e-06,0.0003241389336891,0.4,0.65,1e-05,0.002,rejected,,-59.81309344591804,6.842251582229991e-17,600.0,exact_log_amplitude_match,-114.6869174132088,5.925872517621773e-16,1200.0,exact_log_amplitude_match,0.994210054379798,0.0013411110296643,1.9985171451284949,198.9399193416742,0.994210054379798,0.0013411110296645,1.998517145128495,198.9399193416741,0.0627031612624781,0.0262347233463431,0.3635813033681629,12.527890941046234,0.9942147102348808,0.020070613292269,1.9985265026028356,1174.2319497808498,True,0.9942147102348808,0.0262347233463431,1.9985265026028356,1174.2319497808498,0.1187896869269953,0.1187896869269953,0.0736464096877195,0.1547631916555545,0.1547631916555545,edge_not_decayed;adjacent_jump_too_large,assets/classic_supersonic/scan_M18_M19_alpha_0_03_strict/point_results/M1.90_alpha0.24000_candidates.csv
1.9,0.24,0.760384,0.015,0.0036,0.0007922583301213,0.6,0.85,0.015,0.06,rejected,,-128.70835808847835,3.388970319753537e-16,600.0,exact_log_amplitude_match,-252.7013339529459,1.6534924687974641e-15,1200.0,exact_log_amplitude_match,0.0001322249194764,0.3283718703671415,0.5396525387666036,19.38386535221724,0.0001322249194764,0.3283718703671417,0.5396525387666038,19.38386535221724,1.7062136473828522e-06,0.9390840247340964,0.9390151914287128,68.08110510726785,3.070306876313223e-05,0.9538734415606758,0.956410788885912,3.7630282419771386,True,0.0001322249194764,0.9538734415606758,0.956410788885912,68.08110510726785,0.0308088010962874,0.0308088010962874,0.0008513305290609,0.0182881839717211,0.0308088010962874,center_jump_too_large;adjacent_jump_too_large,assets/classic_supersonic/scan_M18_M19_alpha_0_03_strict/point_results/M1.90_alpha0.24000_candidates.csv
1.9,0.24,0.5174000000000001,0.001,0.00024,0.002559462713692,0.4,0.65,0.001,0.008,rejected,,-62.105757078569965,5.5144899436591844e-17,600.0,exact_log_amplitude_match,-119.27775348826933,4.255350405277364e-16,1200.0,exact_log_amplitude_match,0.5590108514488256,0.0006448351914107,1.855091659197074,122.49609050600758,0.5590108514488256,0.0006448351914107,1.8550916591970736,122.49609050600758,0.0366263837129988,0.0685719289352653,0.1674173555029773,7.002283130265525,0.5592721236130668,0.0456509936869182,1.8559586970973403,652.6558056178088,True,0.5592721236130668,0.0685719289352653,1.8559586970973403,652.6558056178088,0.1056493007162386,0.1056493007162385,0.0251319924801222,0.1366336080969404,0.1366336080969404,stage1_too_large;edge_not_decayed;adjacent_jump_too_large,assets/classic_supersonic/scan_M18_M19_alpha_0_03_strict/point_results/M1.90_alpha0.24000_candidates.csv
1.9,0.25,0.7615399999999999,1e-05,2.5e-06,1.1180853314065977e-08,0.6,0.85,1e-05,0.002,rejected,,-138.42522245248165,6.310036166783516e-16,600.0,exact_log_amplitude_match,-272.14317271145273,2.918350980386668e-15,1200.0,exact_log_amplitude_match,0.6900551614213559,0.3542509391149169,1.3868201726667069,341.0614536265068,0.6900551614213557,0.354250939114917,1.3868201726667064,341.0614536265069,0.0096272452636612,0.9422896834160804,0.94221208225027,6.025361827111308,0.1667545757568497,0.95849117881935,0.9610132420925932,66.41340277839875,True,0.6900551614213559,0.95849117881935,1.3868201726667069,341.0614536265069,0.1307874384186988,0.1307874384186989,0.0038963948151729,0.0797500038730375,0.1307874384186989,edge_not_decayed;center_jump_too_large;adjacent_jump_too_large,assets/classic_supersonic/scan_M18_M19_alpha_0_03_strict/point_results/M1.90_alpha0.25000_candidates.csv
1.9,0.25,0.7615399999999999,0.001,0.00025,3.706624656380023e-06,0.6,0.85,0.001,0.008,rejected,,-138.12976843592386,3.483668819966428e-16,600.0,exact_log_amplitude_match,-271.55244574961114,2.3087745446368568e-15,1200.0,exact_log_amplitude_match,0.3819442699018764,0.3543666929219601,1.293430110693871,200.33426191334712,0.3819442699018764,0.3543666929219601,1.2934301106938713,200.33426191334704,0.0053075305690582,0.942236280436143,0.9421595505221064,10.063747398810449,0.091915098693359,0.9583135036974898,0.9608363346942136,38.81884261253055,True,0.3819442699018764,0.9583135036974898,1.2934301106938713,200.33426191334712,0.1163869696522617,0.1163869696522617,0.0034410838303888,0.0706343044043966,0.1163869696522617,edge_not_decayed;center_jump_too_large;adjacent_jump_too_large,assets/classic_supersonic/scan_M18_M19_alpha_0_03_strict/point_results/M1.90_alpha0.25000_candidates.csv
1.9,0.25,0.7615399999999999,0.005,0.00125,9.24223410205702e-05,0.6,0.85,0.005,0.02,rejected,,-136.9436500207182,3.4445951336828083e-16,600.0,exact_log_amplitude_match,-269.1809331812915,1.6923389997622837e-15,1200.0,exact_log_amplitude_match,0.0352026994161197,0.3511663615308597,0.9852577689532664,57.39498254158252,0.0352026994161197,0.3511663615308596,0.9852577689532664,57.39498254158252,0.0004852306211611,0.9411721192167272,0.9410975544396328,30.62061042609784,0.0083987555691751,0.9569858135862316,0.9595106900894064,11.04603494036376,True,0.0352026994161197,0.9569858135862316,0.9852577689532664,57.39498254158252,0.0757781196981284,0.0757781196981284,0.0022112429986134,0.0455181805949078,0.0757781196981284,edge_not_decayed;center_jump_too_large;adjacent_jump_too_large,assets/classic_supersonic/scan_M18_M19_alpha_0_03_strict/point_results/M1.90_alpha0.25000_candidates.csv
1.9,0.25,0.760384,0.015,0.00375,0.0008260423241963,0.6,0.85,0.015,0.06,rejected,,-133.86487549491696,3.636044786538744e-16,600.0,exact_log_amplitude_match,-263.0242253686599,2.4551011579700232e-15,1200.0,exact_log_amplitude_match,9.16569559541921e-05,0.3364314566110764,0.5254625960225207,19.185581030181776,9.165695595419213e-05,0.3364314566110765,0.5254625960225208,19.18558103018178,1.2426460836847547e-06,0.9376445769837936,0.9375750559623458,66.05360677085042,2.1496995561386e-05,0.9530069415073928,0.9555399638254088,3.698400731179695,True,9.165695595419213e-05,0.9530069415073928,0.9555399638254088,66.05360677085042,0.0304067375026765,0.0304067375026765,0.0008728578347773,0.0180497729685926,0.0304067375026765,center_jump_too_large;adjacent_jump_too_large,assets/classic_supersonic/scan_M18_M19_alpha_0_03_strict/point_results/M1.90_alpha0.25000_candidates.csv
1.9,0.25,0.516728,1e-05,2.5e-06,0.0014923098650774,0.4,0.65,1e-05,0.002,rejected,,-64.34249225664088,8.268914477319532e-17,600.0,exact_log_amplitude_match,-123.75163102031004,5.89650439445495e-16,1200.0,exact_log_amplitude_match,0.9939713943552284,0.0011999763932045,1.9978918086491533,213.6840008633669,0.9939713943552289,0.0011999763932044,1.997891808649153,213.68400086336692,0.0606246438633122,0.089606280830704,0.4174169459542445,11.734379309599726,0.9939760641836384,0.0676979252769363,1.9979011950479788,1154.6659818070657,True,0.9939760641836384,0.089606280830704,1.9979011950479788,1154.6659818070657,0.1212583436063345,0.1212583436063345,0.0512103687441245,0.1561481884672317,0.1561481884672317,stage1_too_large;edge_not_decayed;adjacent_jump_too_large,assets/classic_supersonic/scan_M18_M19_alpha_0_03_strict/point_results/M1.90_alpha0.25000_candidates.csv
1.9,0.25,0.51964,0.001,0.00025,0.0036699926201885,0.4,0.65,0.001,0.008,rejected,,-65.9294978658613,6.41051287872268e-17,600.0,exact_log_amplitude_match,-126.92956446658644,4.842459626728073e-16,1200.0,exact_log_amplitude_match,0.5456962769348943,0.0008576468958587,1.853356025861444,127.53453529171702,0.5456962769348943,0.0008576468958585,1.8533560258614432,127.53453529171702,0.0365728921264679,0.0942029917206048,0.1752918425525526,7.026773857399571,0.5459524156349616,0.0649306422384051,1.8542259533711052,645.3348866756551,True,0.5459524156349616,0.0942029917206048,1.8542259533711052,645.3348866756551,0.1073634043678645,0.1073634043678645,0.0257160626949194,0.1378440627758405,0.1378440627758405,stage1_too_large;edge_not_decayed;adjacent_jump_too_large,assets/classic_supersonic/scan_M18_M19_alpha_0_03_strict/point_results/M1.90_alpha0.25000_candidates.csv
1.9,0.26,0.7615399999999999,1.162384e-05,3.0221984e-06,1.177780086182828e-08,0.6,0.85,1e-05,0.002,rejected,,-143.76373764363484,6.667681892650862e-16,600.0,exact_log_amplitude_match,-282.8299015817347,2.960438248186752e-15,1200.0,exact_log_amplitude_match,0.6826191337669184,0.3629756049196425,1.3732311383492477,350.5843757935669,0.6826191337669185,0.3629756049196425,1.3732311383492477,350.5843757935669,0.0099924092828177,0.9408423853378955,0.9407638190514096,5.600176791032654,0.1666772782079484,0.957605837246669,0.9601233002496092,67.78507413803364,True,0.6826191337669185,0.957605837246669,1.3732311383492477,350.5843757935669,0.1333094719710589,0.133309471971059,0.0041122279551754,0.0813267770585302,0.133309471971059,edge_not_decayed;center_jump_too_large;adjacent_jump_too_large,assets/classic_supersonic/scan_M18_M19_alpha_0_03_strict/point_results/M1.90_alpha0.26000_candidates.csv
1.9,0.26,0.7615399999999999,0.001,0.00026,3.856809540941768e-06,0.6,0.85,0.001,0.008,rejected,,-143.45696449400597,3.826873430286385e-16,600.0,exact_log_amplitude_match,-282.21654888350406,1.7750350830666666e-15,1200.0,exact_log_amplitude_match,0.3696418770408969,0.3626223240154157,1.27980919732029,202.3119019984536,0.369641877040897,0.3626223240154156,1.27980919732029,202.31190199845364,0.0053945097600103,0.9406797999967148,0.940601990328296,9.497614953265822,0.0899673750666801,0.9573433440339684,0.9598614902886504,38.98640589668893,True,0.369641877040897,0.9573433440339684,1.27980919732029,202.31190199845364,0.1181474089756903,0.1181474089756903,0.0036233759336805,0.0717921629735969,0.1181474089756903,edge_not_decayed;center_jump_too_large;adjacent_jump_too_large,assets/classic_supersonic/scan_M18_M19_alpha_0_03_strict/point_results/M1.90_alpha0.26000_candidates.csv
1.9,0.26,0.7615399999999999,0.005,0.0013,9.618714580425054e-05,0.6,0.85,0.005,0.02,rejected,,-142.2233787157877,3.673691559301876e-16,600.0,exact_log_amplitude_match,-279.7501532021811,1.7654403701084728e-15,1200.0,exact_log_amplitude_match,0.0309697159751365,0.3593311934113365,0.9702669503657216,56.83504489783456,0.0309697159751365,0.3593311934113365,0.9702669503657216,56.83504489783457,0.0004481480904809,0.9396776252873024,0.9396021569397968,29.54194284811496,0.0074698233088036,0.9560670036163924,0.9585872850044028,10.872781038736717,True,0.0309697159751365,0.9560670036163924,0.9702669503657216,56.83504489783457,0.0760364985897913,0.0760364985897913,0.0023002207581665,0.045708888312096,0.0760364985897913,edge_not_decayed;center_jump_too_large;adjacent_jump_too_large,assets/classic_supersonic/scan_M18_M19_alpha_0_03_strict/point_results/M1.90_alpha0.26000_candidates.csv
1.9,0.26,0.760384,0.015,0.0039,0.0008601210966706,0.6,0.85,0.015,0.06,rejected,,-139.02139681390557,3.942183061493847e-16,600.0,exact_log_amplitude_match,-273.3471206831581,2.6530471273218824e-15,1200.0,exact_log_amplitude_match,6.354437914179107e-05,0.3442797240409081,0.5119377003980071,18.993037907352,6.354437914179107e-05,0.344279724040908,0.5119377003980071,18.993037907352,9.03332778905212e-07,0.9362758736299684,0.9362058918739148,64.16748868573553,1.5047304175658225e-05,0.9521972145854236,0.9547258765732546,3.634994662063998,True,6.354437914179107e-05,0.9521972145854236,0.9547258765732546,64.16748868573553,0.0300163640989823,0.0300163640989823,0.000890294253389,0.0178150088742087,0.0300163640989823,center_jump_too_large;adjacent_jump_too_large,assets/classic_supersonic/scan_M18_M19_alpha_0_03_strict/point_results/M1.90_alpha0.26000_candidates.csv
1.9,0.26,0.5192080000000001,1.0604960000000002e-05,2.7572896000000007e-06,0.0029550364276813,0.4,0.65,1e-05,0.002,rejected,,-68.39092714664983,9.610891288166795e-17,600.0,exact_log_amplitude_match,-131.85282098642318,7.78711633671395e-16,1200.0,exact_log_amplitude_match,0.993354380724281,0.0023566753472993,1.996748529212715,226.7518470828355,0.9933543807242808,0.0023566753472993,1.9967485292127145,226.75184708283555,0.0600552564037017,0.1160124895099409,0.3944043729156636,12.44684709592948,0.9933593461298172,0.0936413358346919,1.9967585116260689,1156.8616876583462,True,0.9933593461298172,0.1160124895099409,1.9967585116260689,1156.8616876583462,0.1246028317312884,0.1246028317312884,0.0439002078700321,0.1591457225373087,0.1591457225373087,stage1_too_large;edge_not_decayed;adjacent_jump_too_large,assets/classic_supersonic/scan_M18_M19_alpha_0_03_strict/point_results/M1.90_alpha0.26000_candidates.csv
1.9,0.26,0.52196,0.001,0.00026,0.0048453337673018,0.4,0.65,0.001,0.008,rejected,,-69.87875031811843,7.404807788842529e-17,600.0,exact_log_amplitude_match,-134.83265878742725,5.416249002634018e-16,1200.0,exact_log_amplitude_match,0.5327059891200543,0.0010683929678558,1.850404381792504,132.51388996695536,0.5327059891200544,0.0010683929678561,1.850404381792504,132.51388996695536,0.0350644484295902,0.1148362049462072,0.169784426268259,7.028526761231133,0.5329568471104902,0.0846903302798201,1.8512757606131756,636.9804626039613,True,0.5329568471104902,0.1148362049462072,1.8512757606131756,636.9804626039613,0.1097168782197242,0.1097168782197243,0.0264188947983387,0.1398538910097148,0.1398538910097148,stage1_too_large;edge_not_decayed;adjacent_jump_too_large,assets/classic_supersonic/scan_M18_M19_alpha_0_03_strict/point_results/M1.90_alpha0.26000_candidates.csv
1.9,0.27,0.7615399999999999,1e-05,2.7000000000000004e-06,1.2103065130392912e-08,0.6,0.85,1e-05,0.002,rejected,,-149.1032599230679,6.068036181950567e-16,600.0,exact_log_amplitude_match,-293.518646225599,4.1728467332014434e-15,1200.0,exact_log_amplitude_match,0.6773751754441937,0.3708658348561663,1.362472429351175,360.7011623546291,0.6773751754441937,0.3708658348561663,1.3624724293511747,360.70116235462905,0.010388144319227,0.9392277848355284,0.9391485181576305,5.19798816720544,0.1671146554895964,0.9565377722638048,0.9590506240168478,69.32063820231379,True,0.6773751754441937,0.9565377722638048,1.362472429351175,360.7011623546291,0.1347670360971195,0.1347670360971196,0.0043744340016728,0.0822963045724438,0.1347670360971196,edge_not_decayed;center_jump_too_large;adjacent_jump_too_large,assets/classic_supersonic/scan_M18_M19_alpha_0_03_strict/point_results/M1.90_alpha0.27000_candidates.csv
1.9,0.27,0.7615399999999999,0.001,0.00027,4.008158723518578e-06,0.6,0.85,0.001,0.008,rejected,,-148.78415808359006,4.011788000890428e-16,600.0,exact_log_amplitude_match,-292.8806495647971,1.8776193684500414e-15,1200.0,exact_log_amplitude_match,0.357785310323248,0.3706578430243448,1.266850492733439,204.07304985642563,0.357785310323248,0.3706578430243447,1.266850492733439,204.07304985642563,0.0054733068265008,0.93919281146618,0.939114134143044,8.989665789615861,0.0880377064997508,0.9564271729164152,0.9589405925553616,39.10444986456855,True,0.357785310323248,0.9564271729164152,1.266850492733439,204.07304985642563,0.1192357283799585,0.1192357283799587,0.0037872039352364,0.0725318676105221,0.1192357283799587,edge_not_decayed;center_jump_too_large;adjacent_jump_too_large,assets/classic_supersonic/scan_M18_M19_alpha_0_03_strict/point_results/M1.90_alpha0.27000_candidates.csv
1.9,0.27,0.761344,0.005,0.00135,0.0001000091367969,0.6,0.85,0.005,0.02,rejected,,-147.4725823793951,4.0308122388469293e-16,600.0,exact_log_amplitude_match,-290.2581603807624,2.6872047527741586e-15,1200.0,exact_log_amplitude_match,0.0272783876097334,0.3665825714637185,0.9565348636196416,56.2940996052733,0.0272783876097334,0.3665825714637186,0.9565348636196416,56.2940996052733,0.0004140048916033,0.938099210843386,0.9380228826767144,28.43496403096147,0.006656360936258,0.9550875470493936,0.9576038123638748,10.737821664308836,True,0.0272783876097334,0.9550875470493936,0.9576038123638748,56.2940996052733,0.076225657569416,0.076225657569416,0.0023914337611608,0.0459179157909941,0.076225657569416,edge_not_decayed;center_jump_too_large;adjacent_jump_too_large,assets/classic_supersonic/scan_M18_M19_alpha_0_03_strict/point_results/M1.90_alpha0.27000_candidates.csv
1.9,0.27,0.760384,0.015,0.00405,0.0008945226565448,0.6,0.85,0.015,0.06,rejected,,-144.17791236973315,4.091779711039105e-16,600.0,exact_log_amplitude_match,-283.6700102166516,1.919038446778212e-15,1200.0,exact_log_amplitude_match,4.405932325258987e-05,0.3519328551406815,0.4990197302099589,18.805568537562102,4.405932325258987e-05,0.3519328551406814,0.4990197302099588,18.8055685375621,6.555164539474645e-07,0.9349777297541236,0.9349075161863868,62.412305864866944,1.0529824048013417e-05,0.9514442057749212,0.953968473967845,3.572630474292694,True,4.405932325258987e-05,0.9514442057749212,0.953968473967845,62.412305864866944,0.0296342321559911,0.0296342321559911,0.0009102784870518,0.0175819459243728,0.0296342321559911,center_jump_too_large;adjacent_jump_too_large,assets/classic_supersonic/scan_M18_M19_alpha_0_03_strict/point_results/M1.90_alpha0.27000_candidates.csv
1.9,0.27,0.521912,1e-05,2.7000000000000004e-06,0.0039672110231727,0.4,0.65,1e-05,0.002,rejected,,-72.66464367901703,1.1891167406171847e-16,600.0,exact_log_amplitude_match,-140.40575170163353,1.1628124336533592e-15,1200.0,exact_log_amplitude_match,0.9934937771830546,0.003167886284825,1.9983224135935804,240.7139671388302,0.9934937771830548,0.0031678862848251,1.9983224135935809,240.7139671388302,0.0560306124164935,0.0957290722641873,0.3705638816258229,13.570910972800023,0.9934984691188634,0.086627337155682,1.998331850995912,1162.9304807403116,True,0.9934984691188634,0.0957290722641873,1.998331850995912,1162.9304807403116,0.1268507994746414,0.1268507994746412,0.0392143311562838,0.1608614697087388,0.1608614697087388,stage1_too_large;edge_not_decayed;adjacent_jump_too_large,assets/classic_supersonic/scan_M18_M19_alpha_0_03_strict/point_results/M1.90_alpha0.27000_candidates.csv
1.9,0.27,0.52436,0.001,0.00027,0.0060832082572474,0.4,0.65,0.001,0.008,rejected,,-73.95319483034547,8.503791342456102e-17,600.0,exact_log_amplitude_match,-142.9864078411681,6.172790480519851e-16,1200.0,exact_log_amplitude_match,0.5200321057397925,0.0012702561269631,1.846949559852084,137.42621694896872,0.5200321057397924,0.0012702561269631,1.846949559852084,137.42621694896874,0.0348949308503265,0.1386830058686662,0.1716761593080771,7.008882852631282,0.5202775773888968,0.1049892667669284,1.847821377682641,627.6926857760549,True,0.5202775773888968,0.1386830058686662,1.847821377682641,627.6926857760549,0.111275016862717,0.1112750168627168,0.0268966914458417,0.1408312820434916,0.1408312820434916,stage1_too_large;edge_not_decayed;adjacent_jump_too_large,assets/classic_supersonic/scan_M18_M19_alpha_0_03_strict/point_results/M1.90_alpha0.27000_candidates.csv
1.9,0.28,0.7615399999999999,1e-05,2.8000000000000003e-06,1.255805874159916e-08,0.6,0.85,1e-05,0.002,rejected,,-154.44226646034215,7.478691568100471e-16,600.0,exact_log_amplitude_match,-304.2063707482569,3.339675105682916e-15,1200.0,exact_log_amplitude_match,0.6716071924481536,0.3785246128233871,1.351023705563243,370.2666929091969,0.6716071924481534,0.3785246128233872,1.351023705563243,370.2666929091969,0.0107880837114533,0.937775440586984,0.9376952461493238,4.830694400148631,0.167621805479139,0.9556771647090304,0.9581850761767932,70.8553829690769,True,0.6716071924481536,0.9556771647090304,1.351023705563243,370.2666929091969,0.1355008199394015,0.1355008199394016,0.0047507231189447,0.0828893181991566,0.1355008199394016,edge_not_decayed;center_jump_too_large;adjacent_jump_too_large,assets/classic_supersonic/scan_M18_M19_alpha_0_03_strict/point_results/M1.90_alpha0.28000_candidates.csv
1.9,0.28,0.7615399999999999,0.001,0.00028,4.160792369391955e-06,0.6,0.85,0.001,0.008,rejected,,-154.11134036052374,4.238468629308318e-16,600.0,exact_log_amplitude_match,-303.5447389333232,1.939537254213081e-15,1200.0,exact_log_amplitude_match,0.3463493852988401,0.3784884619699457,1.2549255516101057,205.6283029450244,0.3463493852988401,0.3784884619699458,1.2549255516101057,205.6283029450244,0.0055440812237103,0.9377751081868188,0.937695778376908,8.532458713977544,0.0861260285938776,0.9555648301699478,0.9580734837427436,39.1750888680825,True,0.3463493852988401,0.9555648301699478,1.2549255516101057,205.6283029450244,0.1198778970514442,0.1198778970514442,0.0039375574436829,0.0729876025748618,0.1198778970514442,edge_not_decayed;center_jump_too_large;adjacent_jump_too_large,assets/classic_supersonic/scan_M18_M19_alpha_0_03_strict/point_results/M1.90_alpha0.28000_candidates.csv
1.9,0.28,0.761344,0.005,0.0014,0.0001038395152607,0.6,0.85,0.005,0.02,rejected,,-152.75116491706228,4.342797402509531e-16,600.0,exact_log_amplitude_match,-300.82509765909106,2.890021764145395e-15,1200.0,exact_log_amplitude_match,0.0240047658682524,0.3743241112002141,0.9423230918058458,55.74986705349792,0.0240047658682524,0.374324111200214,0.9423230918058456,55.74986705349793,0.0003810632556162,0.9367390653196344,0.936662267733867,27.52235723836504,0.0059169428156105,0.95427438107213,0.9567859759596228,10.567309238104434,True,0.0240047658682524,0.95427438107213,0.9567859759596228,55.74986705349793,0.07629734178053,0.0762973417805299,0.0024739896301223,0.0459802614615553,0.07629734178053,edge_not_decayed;center_jump_too_large;adjacent_jump_too_large,assets/classic_supersonic/scan_M18_M19_alpha_0_03_strict/point_results/M1.90_alpha0.28000_candidates.csv
1.9,0.28,0.760384,0.015,0.0042,0.0009292750262855,0.6,0.85,0.015,0.06,rejected,,-149.3344136588253,4.4051621213643407e-16,600.0,exact_log_amplitude_match,-292.9849263011451,2.037145271087711e-15,1195.8192872408952,exact_log_amplitude_match,3.1638866403756015e-05,0.3594062339391033,0.4866514184588547,18.62258228612657,3.1638866403756015e-05,0.3594062339391032,0.4866514184588547,18.62258228612657,4.917931000980048e-07,0.9337494891577486,0.9336792747802232,60.77827781743253,7.62861251257262e-06,0.9507479280834176,0.9532677524599856,3.5111551222976125,True,3.1638866403756015e-05,0.9507479280834176,0.9532677524599856,60.77827781743253,0.0285317979483716,0.0285317979483716,0.0009056088680114,0.0169188007945936,0.0285317979483716,center_jump_too_large;adjacent_jump_too_large,assets/classic_supersonic/scan_M18_M19_alpha_0_03_strict/point_results/M1.90_alpha0.28000_candidates.csv
1.9,0.28,0.526216,1.996592e-05,5.5904576e-06,0.0068048398902536,0.4,0.65,1e-05,0.002,rejected,,-78.07280895802438,1.3690802164852804e-16,600.0,exact_log_amplitude_match,-151.22974760969433,8.946132423461102e-16,1200.0,exact_log_amplitude_match,0.98657682484293,0.0017512831810683,1.9965933557782527,255.54242539173435,0.98657682484293,0.0017512831810684,1.996593355778253,255.5424253917344,0.0466235075811183,0.1068648609612125,0.4125242596882645,12.439531266489077,0.9865861265785713,0.119726149126071,1.9966121802459584,1124.6374998161673,True,0.9865861265785713,0.119726149126071,1.9966121802459584,1124.6374998161673,0.1278794351551709,0.127879435155171,0.0403853453149582,0.1605001985097066,0.1605001985097066,stage1_too_large;edge_not_decayed;adjacent_jump_too_large,assets/classic_supersonic/scan_M18_M19_alpha_0_03_strict/point_results/M1.90_alpha0.28000_candidates.csv
1.9,0.28,0.5269839999999999,0.001,0.00028,0.0073811486744501,0.4,0.65,0.001,0.008,rejected,,-78.2464394140739,9.739659684651846e-17,600.0,exact_log_amplitude_match,-151.57827019985086,6.755588373500976e-16,1200.0,exact_log_amplitude_match,0.5076713229122116,0.001406112707648,1.8459037208048892,142.39890651208773,0.5076713229122116,0.001406112707648,1.8459037208048892,142.39890651208773,0.0338046905123478,0.1583707399363632,0.1788960166805157,6.955353263203697,0.5079113015768145,0.1260914454932885,1.8467762883858776,616.4349332998943,True,0.5079113015768145,0.1583707399363632,1.8467762883858776,616.4349332998943,0.1121486780386249,0.1121486780386249,0.0271392150993417,0.1409084440905962,0.1409084440905962,stage1_too_large;edge_not_decayed;adjacent_jump_too_large,assets/classic_supersonic/scan_M18_M19_alpha_0_03_strict/point_results/M1.90_alpha0.28000_candidates.csv
1.9,0.29,0.7615399999999999,1e-05,2.9e-06,1.3021817226608232e-08,0.6,0.85,1e-05,0.002,rejected,,-159.7812541609688,8.099436256319456e-16,600.0,exact_log_amplitude_match,-314.8940764583564,3.4867503531982248e-15,1200.0,exact_log_amplitude_match,0.6656421439056485,0.3862784062274784,1.3385198818012454,379.6035783101251,0.6656421439056484,0.3862784062274783,1.338519881801245,379.6035783101252,0.0111654646606037,0.9364278568622426,0.9363472880729168,4.516430920463141,0.1677652619553065,0.9548569559607144,0.9573601104094296,72.17350874863395,True,0.6656421439056485,0.9548569559607144,1.3385198818012454,379.6035783101252,0.1356813207527221,0.1356813207527221,0.0048141900815304,0.0830392278330692,0.1356813207527221,edge_not_decayed;center_jump_too_large;adjacent_jump_too_large,assets/classic_supersonic/scan_M18_M19_alpha_0_03_strict/point_results/M1.90_alpha0.29000_candidates.csv
1.9,0.29,0.7615399999999999,0.001,0.00029,4.314830921297036e-06,0.6,0.85,0.001,0.008,rejected,,-159.43850358388363,4.503498429175144e-16,600.0,exact_log_amplitude_match,-314.20880924821,2.0428004346155296e-15,1200.0,exact_log_amplitude_match,0.3353111052114189,0.3861284553284429,1.242545975416509,206.9875729868268,0.335311105211419,0.3861284553284431,1.242545975416509,206.9875729868268,0.0056070007664302,0.9364263821480576,0.9363466176477692,8.119709300518887,0.0842324214781286,0.9547560830053105,0.9572599332266336,39.20034605367351,True,0.335311105211419,0.9547560830053105,1.242545975416509,206.9875729868268,0.1200662022063508,0.1200662022063508,0.0040726072095841,0.0731533671344665,0.1200662022063508,edge_not_decayed;center_jump_too_large;adjacent_jump_too_large,assets/classic_supersonic/scan_M18_M19_alpha_0_03_strict/point_results/M1.90_alpha0.29000_candidates.csv
1.9,0.29,0.761344,0.005,0.00145,0.0001077070427528,0.6,0.85,0.005,0.02,rejected,,-158.02972759440368,4.4145971580732753e-16,600.0,exact_log_amplitude_match,-311.3920150579857,2.032288276708556e-15,1200.0,exact_log_amplitude_match,0.0211258825603666,0.3818812282510486,0.9290335548376863,55.21264797698282,0.0211258825603666,0.3818812282510485,0.9290335548376862,55.21264797698283,0.0003501945159303,0.9354481057818502,0.9353710606444176,26.679299864269847,0.0052581887051322,0.9535154768709306,0.9560223658793412,10.398070683916291,True,0.0211258825603666,0.9535154768709306,0.9560223658793412,55.21264797698283,0.0762468932729683,0.0762468932729683,0.0025517611798302,0.0459606209306348,0.0762468932729683,edge_not_decayed;center_jump_too_large;adjacent_jump_too_large,assets/classic_supersonic/scan_M18_M19_alpha_0_03_strict/point_results/M1.90_alpha0.29000_candidates.csv
1.9,0.29,0.760384,0.015,0.00435,0.0009644062176038,0.6,0.85,0.015,0.06,rejected,,-154.4908932420624,4.521928187929055e-16,600.0,exact_log_amplitude_match,-292.97503188618225,1.9909540822777047e-15,1154.5841394050026,exact_log_amplitude_match,3.139768886532074e-05,0.3667158561477665,0.4747171150830056,18.44356374719178,3.1397688865320734e-05,0.3667158561477663,0.4747171150830056,18.443563747191774,5.090548546993e-07,0.9325877910160524,0.932517811883152,59.25477704486056,7.635023103839805e-06,0.9501095586014322,0.9526247401762902,3.4504387117537743,True,3.139768886532074e-05,0.9501095586014322,0.9526247401762902,59.25477704486056,0.01733718922394,0.01733718922394,0.0005452225016251,0.0102738347923253,0.01733718922394,center_jump_too_large;adjacent_jump_too_large,assets/classic_supersonic/scan_M18_M19_alpha_0_03_strict/point_results/M1.90_alpha0.29000_candidates.csv
1.9,0.29,0.5297200000000001,1e-05,2.9e-06,0.0068396473198725,0.4,0.65,1e-05,0.002,rejected,,-83.03129875818364,1.943317543142596e-16,600.0,exact_log_amplitude_match,-161.15388520784464,1.1429236892515457e-15,1200.0,exact_log_amplitude_match,0.9930184010769988,0.0025852158728876,1.9965950291430952,272.56311608552573,0.9930184010769986,0.0025852158728877,1.9965950291430956,272.5631160855257,0.0588239289732916,0.1347801612352999,0.3732613573173255,13.237196401695623,0.9930230896531602,0.1255519393141795,1.9966044561465104,1124.2329042076146,True,0.9930230896531602,0.1347801612352999,1.9966044561465104,1124.2329042076146,0.1302632092800447,0.1302632092800446,0.0665861833757658,0.1624940416575619,0.1624940416575619,stage1_too_large;edge_not_decayed;adjacent_jump_too_large,assets/classic_supersonic/scan_M18_M19_alpha_0_03_strict/point_results/M1.90_alpha0.29000_candidates.csv
1.9,0.29,0.5293840000000001,0.001,0.00029,0.0087368862159005,0.4,0.65,0.001,0.008,rejected,,-82.4652940923121,1.1035945654478351e-16,600.0,exact_log_amplitude_match,-160.02115123843924,7.555189225144944e-16,1200.0,exact_log_amplitude_match,0.4956024652771844,0.0016329095232702,1.8434644165102425,147.00529420256743,0.4956024652771844,0.0016329095232703,1.8434644165102425,147.00529420256746,0.0326411942847332,0.1758959814903129,0.1760440175678908,6.910325940270648,0.4958369647221824,0.147430642306928,1.844336670020352,606.7916207910888,True,0.4958369647221824,0.1758959814903129,1.844336670020352,606.7916207910888,0.1135795960588038,0.1135795960588039,0.0275481640913276,0.1417406540273112,0.1417406540273112,stage1_too_large;edge_not_decayed;adjacent_jump_too_large,assets/classic_supersonic/scan_M18_M19_alpha_0_03_strict/point_results/M1.90_alpha0.29000_candidates.csv
1.9,0.3,0.7615399999999999,1.020696e-05,3.0620880000000004e-06,1.3516441400892644e-08,0.6,0.85,1e-05,0.002,rejected,,-165.12014206140398,1.3867631888626092e-15,600.0,exact_log_amplitude_match,-325.58160819227174,3.408662918877069e-15,1200.0,exact_log_amplitude_match,0.6596675233831016,0.3938670625354558,1.327880356802956,388.67325606075366,0.6596675233831016,0.393867062535456,1.327880356802956,388.6732560607536,0.0115458559764056,0.935190412698218,0.9351094463500376,4.22927575736164,0.1679701023377751,0.9541622344367694,0.9566604394049204,73.47794899507028,True,0.6596675233831016,0.9541622344367694,1.327880356802956,388.67325606075366,0.1375171720427911,0.1375171720427912,0.0048448352512182,0.0842277075664454,0.1375171720427912,edge_not_decayed;center_jump_too_large;adjacent_jump_too_large,assets/classic_supersonic/scan_M18_M19_alpha_0_03_strict/point_results/M1.90_alpha0.30000_candidates.csv
1.9,0.3,0.7615399999999999,0.001,0.0003,4.470395397177199e-06,0.6,0.85,0.001,0.008,rejected,,-164.76564102569955,4.732688384713857e-16,600.0,exact_log_amplitude_match,-324.872853781279,2.122451143475039e-15,1200.0,exact_log_amplitude_match,0.3246494319140288,0.3935912310447068,1.2299037276311682,208.16016992313655,0.3246494319140287,0.3935912310447069,1.2299037276311675,208.16016992313655,0.005662241615225,0.9351462307226222,0.9350662515604472,7.746081246553393,0.0823570879285802,0.9540006297435796,0.9564996412788522,39.182173753260855,True,0.3246494319140288,0.9540006297435796,1.2299037276311682,208.16016992313655,0.1212649149910274,0.1212649149910273,0.0042421232435695,0.0739220432409566,0.1212649149910274,edge_not_decayed;center_jump_too_large;adjacent_jump_too_large,assets/classic_supersonic/scan_M18_M19_alpha_0_03_strict/point_results/M1.90_alpha0.30000_candidates.csv
1.9,0.3,0.761344,0.005,0.0015,0.0001116147697542,0.6,0.85,0.005,0.02,rejected,,-163.3082637745227,4.653799129923443e-16,600.0,exact_log_amplitude_match,-321.95890597790395,2.133147428945242e-15,1200.0,exact_log_amplitude_match,0.0185935509252084,0.3892673451126429,0.9157842408951216,54.6820526122224,0.0185935509252084,0.3892673451126431,0.9157842408951216,54.68205261222239,0.0003213497079969,0.9342258844311968,0.93414881537934,25.89948735232191,0.0046714433869994,0.9528105140372612,0.95531266342381,10.229960397900058,True,0.0185935509252084,0.9528105140372612,0.95531266342381,54.6820526122224,0.0763337726721073,0.0763337726721074,0.002633283473125,0.0460153888395299,0.0763337726721074,center_jump_too_large;adjacent_jump_too_large,assets/classic_supersonic/scan_M18_M19_alpha_0_03_strict/point_results/M1.90_alpha0.30000_candidates.csv
1.9,0.3,0.760384,0.015,0.0045,0.0009999442076219,0.6,0.85,0.015,0.06,rejected,,-159.64734468242773,5.285336022841255e-16,600.0,exact_log_amplitude_match,-292.9651093441361,2.889335959530824e-15,1116.0980014248355,exact_log_amplitude_match,3.115984531171503e-05,0.3738734129728927,0.4633709351518918,18.26803516956691,3.1159845311715025e-05,0.3738734129728928,0.4633709351518918,18.26803516956691,5.261407569232506e-07,0.931495173789032,0.9314256620298488,57.83616158159213,7.639232308454223e-06,0.949527086798921,0.9520375970220716,3.3903732267350426,True,3.115984531171503e-05,0.949527086798921,0.9520375970220716,57.83616158159213,0.0030350378997439,0.0030350378997439,9.571884574742233e-05,0.0017969291056231,0.0030350378997439,center_jump_too_large;adjacent_jump_too_large,assets/classic_supersonic/scan_M18_M19_alpha_0_03_strict/point_results/M1.90_alpha0.30000_candidates.csv
1.9,0.3,0.531,1e-05,3e-06,0.0083960493695473,0.4,0.65,1e-05,0.002,rejected,,-86.5869416163212,2.1843462647067162e-16,600.0,exact_log_amplitude_match,-168.2685022849805,1.1954219480022917e-15,1200.0,exact_log_amplitude_match,0.9927793591897546,0.0031092207763483,1.9982298118367092,283.9273919226761,0.9927793591897546,0.0031092207763485,1.9982298118367092,283.92739192267607,0.0561333984410213,0.1500393800160476,0.3784998531759203,13.471136317786192,0.9927840526996888,0.1521599402712913,1.9982392599791232,1140.1677156738665,True,0.9927840526996888,0.1521599402712913,1.9982392599791232,1140.1677156738665,0.1328683219847348,0.1328683219847348,0.0639175666467523,0.1648684919326589,0.1648684919326589,stage1_too_large;edge_not_decayed;adjacent_jump_too_large,assets/classic_supersonic/scan_M18_M19_alpha_0_03_strict/point_results/M1.90_alpha0.30000_candidates.csv
1.9,0.3,0.532216,0.001,0.0003,0.0101472074522862,0.4,0.65,0.001,0.008,rejected,,-87.03938791360959,1.2565153611821083e-16,600.0,exact_log_amplitude_match,-169.1753845778184,8.277071598150759e-16,1200.0,exact_log_amplitude_match,0.4838382400651143,0.001702904295281,1.8399460026786572,151.84133502038176,0.4838382400651142,0.0017029042952809,1.8399460026786567,151.8413350203817,0.0318502445819358,0.1950743911790053,0.195210750793322,6.814604009772136,0.4840671595642382,0.1700992277660462,1.8408165414263653,593.849679129081,True,0.4840671595642382,0.1950743911790053,1.8408165414263653,593.849679129081,0.1154210535938903,0.1154210535938903,0.0279514382125936,0.1430010291030337,0.1430010291030337,stage1_too_large;edge_not_decayed;adjacent_jump_too_large,assets/classic_supersonic/scan_M18_M19_alpha_0_03_strict/point_results/M1.90_alpha0.30000_candidates.csv
