origin	article_label	field	relation	manifest_value	resolved_path	kind	exists	tracked	size_bytes
FIGURE_MANIFEST	Main 1	canonical_source	direct	assets/article_sources/Fig_supersonic_branch_tracking_cr_ci.png	Part_II/assets/article_sources/Fig_supersonic_branch_tracking_cr_ci.png	FILE	True	True	840119
FIGURE_MANIFEST	Main 1	source_data	direct	assets/classic_supersonic/csv/modal_reconstruction/dense_kappa_q_campaign_v1_FINAL_FULL_BRANCH_ASSETS/table_classical_supersonic_final_reference.csv	Part_II/assets/classic_supersonic/csv/modal_reconstruction/dense_kappa_q_campaign_v1_FINAL_FULL_BRANCH_ASSETS/table_classical_supersonic_final_reference.csv	FILE	True	True	930403
FIGURE_MANIFEST	Main 1	plot_script	direct	code/scripts/data_preparation/prepare_build_supersonic_spectral_article_assets.py	Part_II/code/scripts/data_preparation/prepare_build_supersonic_spectral_article_assets.py	FILE	True	True	12692
FIGURE_MANIFEST	Main 2	canonical_source	direct	assets/article_sources/Fig_supersonic_blumen_isolines.png	Part_II/assets/article_sources/Fig_supersonic_blumen_isolines.png	FILE	True	True	390983
FIGURE_MANIFEST	Main 2	source_data	direct	assets/classic_supersonic/csv/blumen_validation	Part_II/assets/classic_supersonic/csv/blumen_validation	DIR	True	False	0
FIGURE_MANIFEST	Main 2	source_data	expanded_source_data	assets/classic_supersonic/csv/blumen_validation	Part_II/assets/classic_supersonic/csv/blumen_validation/blumen/table_supersonic_ci_digitized_points.csv	FILE	True	True	8477
FIGURE_MANIFEST	Main 2	source_data	expanded_source_data	assets/classic_supersonic/csv/blumen_validation	Part_II/assets/classic_supersonic/csv/blumen_validation/blumen/table_supersonic_cr_digitized_points.csv	FILE	True	True	10529
FIGURE_MANIFEST	Main 2	source_data	expanded_source_data	assets/classic_supersonic/csv/blumen_validation	Part_II/assets/classic_supersonic/csv/blumen_validation/point_000/table_evaluations.csv	FILE	True	True	2031
FIGURE_MANIFEST	Main 2	source_data	expanded_source_data	assets/classic_supersonic/csv/blumen_validation	Part_II/assets/classic_supersonic/csv/blumen_validation/point_000/table_solver_attempts.csv	FILE	True	True	1978
FIGURE_MANIFEST	Main 2	source_data	expanded_source_data	assets/classic_supersonic/csv/blumen_validation	Part_II/assets/classic_supersonic/csv/blumen_validation/point_001/table_evaluations.csv	FILE	True	True	2853
FIGURE_MANIFEST	Main 2	source_data	expanded_source_data	assets/classic_supersonic/csv/blumen_validation	Part_II/assets/classic_supersonic/csv/blumen_validation/point_001/table_solver_attempts.csv	FILE	True	True	2767
FIGURE_MANIFEST	Main 2	source_data	expanded_source_data	assets/classic_supersonic/csv/blumen_validation	Part_II/assets/classic_supersonic/csv/blumen_validation/point_002/table_evaluations.csv	FILE	True	True	5783
FIGURE_MANIFEST	Main 2	source_data	expanded_source_data	assets/classic_supersonic/csv/blumen_validation	Part_II/assets/classic_supersonic/csv/blumen_validation/point_002/table_solver_attempts.csv	FILE	True	True	29976
FIGURE_MANIFEST	Main 2	source_data	expanded_source_data	assets/classic_supersonic/csv/blumen_validation	Part_II/assets/classic_supersonic/csv/blumen_validation/point_003/table_evaluations.csv	FILE	True	True	4958
FIGURE_MANIFEST	Main 2	source_data	expanded_source_data	assets/classic_supersonic/csv/blumen_validation	Part_II/assets/classic_supersonic/csv/blumen_validation/point_003/table_solver_attempts.csv	FILE	True	True	47531
FIGURE_MANIFEST	Main 2	source_data	expanded_source_data	assets/classic_supersonic/csv/blumen_validation	Part_II/assets/classic_supersonic/csv/blumen_validation/point_004/table_evaluations.csv	FILE	True	True	5370
FIGURE_MANIFEST	Main 2	source_data	expanded_source_data	assets/classic_supersonic/csv/blumen_validation	Part_II/assets/classic_supersonic/csv/blumen_validation/point_004/table_solver_attempts.csv	FILE	True	True	76134
FIGURE_MANIFEST	Main 2	source_data	expanded_source_data	assets/classic_supersonic/csv/blumen_validation	Part_II/assets/classic_supersonic/csv/blumen_validation/point_005/table_evaluations.csv	FILE	True	True	4528
FIGURE_MANIFEST	Main 2	source_data	expanded_source_data	assets/classic_supersonic/csv/blumen_validation	Part_II/assets/classic_supersonic/csv/blumen_validation/point_005/table_solver_attempts.csv	FILE	True	True	49007
FIGURE_MANIFEST	Main 2	source_data	expanded_source_data	assets/classic_supersonic/csv/blumen_validation	Part_II/assets/classic_supersonic/csv/blumen_validation/point_006/table_evaluations.csv	FILE	True	True	4536
FIGURE_MANIFEST	Main 2	source_data	expanded_source_data	assets/classic_supersonic/csv/blumen_validation	Part_II/assets/classic_supersonic/csv/blumen_validation/point_006/table_solver_attempts.csv	FILE	True	True	40981
FIGURE_MANIFEST	Main 2	source_data	expanded_source_data	assets/classic_supersonic/csv/blumen_validation	Part_II/assets/classic_supersonic/csv/blumen_validation/point_007/table_evaluations.csv	FILE	True	True	4927
FIGURE_MANIFEST	Main 2	source_data	expanded_source_data	assets/classic_supersonic/csv/blumen_validation	Part_II/assets/classic_supersonic/csv/blumen_validation/point_007/table_solver_attempts.csv	FILE	True	True	43573
FIGURE_MANIFEST	Main 2	source_data	expanded_source_data	assets/classic_supersonic/csv/blumen_validation	Part_II/assets/classic_supersonic/csv/blumen_validation/point_008/table_evaluations.csv	FILE	True	True	4932
FIGURE_MANIFEST	Main 2	source_data	expanded_source_data	assets/classic_supersonic/csv/blumen_validation	Part_II/assets/classic_supersonic/csv/blumen_validation/point_008/table_solver_attempts.csv	FILE	True	True	27025
FIGURE_MANIFEST	Main 2	source_data	expanded_source_data	assets/classic_supersonic/csv/blumen_validation	Part_II/assets/classic_supersonic/csv/blumen_validation/point_009/table_evaluations.csv	FILE	True	True	4537
FIGURE_MANIFEST	Main 2	source_data	expanded_source_data	assets/classic_supersonic/csv/blumen_validation	Part_II/assets/classic_supersonic/csv/blumen_validation/point_009/table_solver_attempts.csv	FILE	True	True	4390
FIGURE_MANIFEST	Main 2	source_data	expanded_source_data	assets/classic_supersonic/csv/blumen_validation	Part_II/assets/classic_supersonic/csv/blumen_validation/point_010/table_evaluations.csv	FILE	True	True	4544
FIGURE_MANIFEST	Main 2	source_data	expanded_source_data	assets/classic_supersonic/csv/blumen_validation	Part_II/assets/classic_supersonic/csv/blumen_validation/point_010/table_solver_attempts.csv	FILE	True	True	4398
FIGURE_MANIFEST	Main 2	source_data	expanded_source_data	assets/classic_supersonic/csv/blumen_validation	Part_II/assets/classic_supersonic/csv/blumen_validation/point_011/table_evaluations.csv	FILE	True	True	4117
FIGURE_MANIFEST	Main 2	source_data	expanded_source_data	assets/classic_supersonic/csv/blumen_validation	Part_II/assets/classic_supersonic/csv/blumen_validation/point_011/table_solver_attempts.csv	FILE	True	True	3983
FIGURE_MANIFEST	Main 2	source_data	expanded_source_data	assets/classic_supersonic/csv/blumen_validation	Part_II/assets/classic_supersonic/csv/blumen_validation/point_012/table_evaluations.csv	FILE	True	True	4537
FIGURE_MANIFEST	Main 2	source_data	expanded_source_data	assets/classic_supersonic/csv/blumen_validation	Part_II/assets/classic_supersonic/csv/blumen_validation/point_012/table_solver_attempts.csv	FILE	True	True	4390
FIGURE_MANIFEST	Main 2	source_data	expanded_source_data	assets/classic_supersonic/csv/blumen_validation	Part_II/assets/classic_supersonic/csv/blumen_validation/point_013/table_evaluations.csv	FILE	True	True	4968
FIGURE_MANIFEST	Main 2	source_data	expanded_source_data	assets/classic_supersonic/csv/blumen_validation	Part_II/assets/classic_supersonic/csv/blumen_validation/point_013/table_solver_attempts.csv	FILE	True	True	4806
FIGURE_MANIFEST	Main 2	source_data	expanded_source_data	assets/classic_supersonic/csv/blumen_validation	Part_II/assets/classic_supersonic/csv/blumen_validation/point_014/table_evaluations.csv	FILE	True	True	3700
FIGURE_MANIFEST	Main 2	source_data	expanded_source_data	assets/classic_supersonic/csv/blumen_validation	Part_II/assets/classic_supersonic/csv/blumen_validation/point_014/table_solver_attempts.csv	FILE	True	True	3582
FIGURE_MANIFEST	Main 2	source_data	expanded_source_data	assets/classic_supersonic/csv/blumen_validation	Part_II/assets/classic_supersonic/csv/blumen_validation/point_015/table_evaluations.csv	FILE	True	True	3702
FIGURE_MANIFEST	Main 2	source_data	expanded_source_data	assets/classic_supersonic/csv/blumen_validation	Part_II/assets/classic_supersonic/csv/blumen_validation/point_015/table_solver_attempts.csv	FILE	True	True	3585
FIGURE_MANIFEST	Main 2	source_data	expanded_source_data	assets/classic_supersonic/csv/blumen_validation	Part_II/assets/classic_supersonic/csv/blumen_validation/point_016/table_evaluations.csv	FILE	True	True	4558
FIGURE_MANIFEST	Main 2	source_data	expanded_source_data	assets/classic_supersonic/csv/blumen_validation	Part_II/assets/classic_supersonic/csv/blumen_validation/point_016/table_solver_attempts.csv	FILE	True	True	4409
FIGURE_MANIFEST	Main 2	source_data	expanded_source_data	assets/classic_supersonic/csv/blumen_validation	Part_II/assets/classic_supersonic/csv/blumen_validation/point_017/table_evaluations.csv	FILE	True	True	5382
FIGURE_MANIFEST	Main 2	source_data	expanded_source_data	assets/classic_supersonic/csv/blumen_validation	Part_II/assets/classic_supersonic/csv/blumen_validation/point_017/table_solver_attempts.csv	FILE	True	True	5202
FIGURE_MANIFEST	Main 2	source_data	expanded_source_data	assets/classic_supersonic/csv/blumen_validation	Part_II/assets/classic_supersonic/csv/blumen_validation/point_018/table_evaluations.csv	FILE	True	True	3698
FIGURE_MANIFEST	Main 2	source_data	expanded_source_data	assets/classic_supersonic/csv/blumen_validation	Part_II/assets/classic_supersonic/csv/blumen_validation/point_018/table_solver_attempts.csv	FILE	True	True	3579
FIGURE_MANIFEST	Main 2	source_data	expanded_source_data	assets/classic_supersonic/csv/blumen_validation	Part_II/assets/classic_supersonic/csv/blumen_validation/point_019/table_evaluations.csv	FILE	True	True	3700
FIGURE_MANIFEST	Main 2	source_data	expanded_source_data	assets/classic_supersonic/csv/blumen_validation	Part_II/assets/classic_supersonic/csv/blumen_validation/point_019/table_solver_attempts.csv	FILE	True	True	3581
FIGURE_MANIFEST	Main 2	source_data	expanded_source_data	assets/classic_supersonic/csv/blumen_validation	Part_II/assets/classic_supersonic/csv/blumen_validation/point_020/table_evaluations.csv	FILE	True	True	3696
FIGURE_MANIFEST	Main 2	source_data	expanded_source_data	assets/classic_supersonic/csv/blumen_validation	Part_II/assets/classic_supersonic/csv/blumen_validation/point_020/table_solver_attempts.csv	FILE	True	True	3577
FIGURE_MANIFEST	Main 2	source_data	expanded_source_data	assets/classic_supersonic/csv/blumen_validation	Part_II/assets/classic_supersonic/csv/blumen_validation/point_021/table_evaluations.csv	FILE	True	True	3708
FIGURE_MANIFEST	Main 2	source_data	expanded_source_data	assets/classic_supersonic/csv/blumen_validation	Part_II/assets/classic_supersonic/csv/blumen_validation/point_021/table_solver_attempts.csv	FILE	True	True	3590
FIGURE_MANIFEST	Main 2	source_data	expanded_source_data	assets/classic_supersonic/csv/blumen_validation	Part_II/assets/classic_supersonic/csv/blumen_validation/point_022/table_evaluations.csv	FILE	True	True	3696
FIGURE_MANIFEST	Main 2	source_data	expanded_source_data	assets/classic_supersonic/csv/blumen_validation	Part_II/assets/classic_supersonic/csv/blumen_validation/point_022/table_solver_attempts.csv	FILE	True	True	3578
FIGURE_MANIFEST	Main 2	source_data	expanded_source_data	assets/classic_supersonic/csv/blumen_validation	Part_II/assets/classic_supersonic/csv/blumen_validation/point_023/table_evaluations.csv	FILE	True	True	2853
FIGURE_MANIFEST	Main 2	source_data	expanded_source_data	assets/classic_supersonic/csv/blumen_validation	Part_II/assets/classic_supersonic/csv/blumen_validation/point_023/table_solver_attempts.csv	FILE	True	True	2765
FIGURE_MANIFEST	Main 2	source_data	expanded_source_data	assets/classic_supersonic/csv/blumen_validation	Part_II/assets/classic_supersonic/csv/blumen_validation/point_024/table_evaluations.csv	FILE	True	True	2860
FIGURE_MANIFEST	Main 2	source_data	expanded_source_data	assets/classic_supersonic/csv/blumen_validation	Part_II/assets/classic_supersonic/csv/blumen_validation/point_024/table_solver_attempts.csv	FILE	True	True	2774
FIGURE_MANIFEST	Main 2	source_data	expanded_source_data	assets/classic_supersonic/csv/blumen_validation	Part_II/assets/classic_supersonic/csv/blumen_validation/point_025/table_evaluations.csv	FILE	True	True	2027
FIGURE_MANIFEST	Main 2	source_data	expanded_source_data	assets/classic_supersonic/csv/blumen_validation	Part_II/assets/classic_supersonic/csv/blumen_validation/point_025/table_solver_attempts.csv	FILE	True	True	1973
FIGURE_MANIFEST	Main 2	source_data	expanded_source_data	assets/classic_supersonic/csv/blumen_validation	Part_II/assets/classic_supersonic/csv/blumen_validation/point_026/table_evaluations.csv	FILE	True	True	2026
FIGURE_MANIFEST	Main 2	source_data	expanded_source_data	assets/classic_supersonic/csv/blumen_validation	Part_II/assets/classic_supersonic/csv/blumen_validation/point_026/table_solver_attempts.csv	FILE	True	True	1971
FIGURE_MANIFEST	Main 2	source_data	expanded_source_data	assets/classic_supersonic/csv/blumen_validation	Part_II/assets/classic_supersonic/csv/blumen_validation/point_027/table_evaluations.csv	FILE	True	True	4521
FIGURE_MANIFEST	Main 2	source_data	expanded_source_data	assets/classic_supersonic/csv/blumen_validation	Part_II/assets/classic_supersonic/csv/blumen_validation/point_027/table_solver_attempts.csv	FILE	True	True	4375
FIGURE_MANIFEST	Main 2	source_data	expanded_source_data	assets/classic_supersonic/csv/blumen_validation	Part_II/assets/classic_supersonic/csv/blumen_validation/point_028/table_evaluations.csv	FILE	True	True	2449
FIGURE_MANIFEST	Main 2	source_data	expanded_source_data	assets/classic_supersonic/csv/blumen_validation	Part_II/assets/classic_supersonic/csv/blumen_validation/point_028/table_solver_attempts.csv	FILE	True	True	2377
FIGURE_MANIFEST	Main 2	source_data	expanded_source_data	assets/classic_supersonic/csv/blumen_validation	Part_II/assets/classic_supersonic/csv/blumen_validation/point_029/table_evaluations.csv	FILE	True	True	2027
FIGURE_MANIFEST	Main 2	source_data	expanded_source_data	assets/classic_supersonic/csv/blumen_validation	Part_II/assets/classic_supersonic/csv/blumen_validation/point_029/table_solver_attempts.csv	FILE	True	True	1972
FIGURE_MANIFEST	Main 2	source_data	expanded_source_data	assets/classic_supersonic/csv/blumen_validation	Part_II/assets/classic_supersonic/csv/blumen_validation/point_030/table_evaluations.csv	FILE	True	True	2015
FIGURE_MANIFEST	Main 2	source_data	expanded_source_data	assets/classic_supersonic/csv/blumen_validation	Part_II/assets/classic_supersonic/csv/blumen_validation/point_030/table_solver_attempts.csv	FILE	True	True	1960
FIGURE_MANIFEST	Main 2	source_data	expanded_source_data	assets/classic_supersonic/csv/blumen_validation	Part_II/assets/classic_supersonic/csv/blumen_validation/point_031/table_evaluations.csv	FILE	True	True	2016
FIGURE_MANIFEST	Main 2	source_data	expanded_source_data	assets/classic_supersonic/csv/blumen_validation	Part_II/assets/classic_supersonic/csv/blumen_validation/point_031/table_solver_attempts.csv	FILE	True	True	1960
FIGURE_MANIFEST	Main 2	source_data	expanded_source_data	assets/classic_supersonic/csv/blumen_validation	Part_II/assets/classic_supersonic/csv/blumen_validation/point_032/table_evaluations.csv	FILE	True	True	2012
FIGURE_MANIFEST	Main 2	source_data	expanded_source_data	assets/classic_supersonic/csv/blumen_validation	Part_II/assets/classic_supersonic/csv/blumen_validation/point_032/table_solver_attempts.csv	FILE	True	True	1954
FIGURE_MANIFEST	Main 2	source_data	expanded_source_data	assets/classic_supersonic/csv/blumen_validation	Part_II/assets/classic_supersonic/csv/blumen_validation/point_033/table_evaluations.csv	FILE	True	True	2007
FIGURE_MANIFEST	Main 2	source_data	expanded_source_data	assets/classic_supersonic/csv/blumen_validation	Part_II/assets/classic_supersonic/csv/blumen_validation/point_033/table_solver_attempts.csv	FILE	True	True	1951
FIGURE_MANIFEST	Main 2	source_data	expanded_source_data	assets/classic_supersonic/csv/blumen_validation	Part_II/assets/classic_supersonic/csv/blumen_validation/point_034/table_evaluations.csv	FILE	True	True	2433
FIGURE_MANIFEST	Main 2	source_data	expanded_source_data	assets/classic_supersonic/csv/blumen_validation	Part_II/assets/classic_supersonic/csv/blumen_validation/point_034/table_solver_attempts.csv	FILE	True	True	2360
FIGURE_MANIFEST	Main 2	source_data	expanded_source_data	assets/classic_supersonic/csv/blumen_validation	Part_II/assets/classic_supersonic/csv/blumen_validation/point_035/table_evaluations.csv	FILE	True	True	2854
FIGURE_MANIFEST	Main 2	source_data	expanded_source_data	assets/classic_supersonic/csv/blumen_validation	Part_II/assets/classic_supersonic/csv/blumen_validation/point_035/table_solver_attempts.csv	FILE	True	True	2766
FIGURE_MANIFEST	Main 2	source_data	expanded_source_data	assets/classic_supersonic/csv/blumen_validation	Part_II/assets/classic_supersonic/csv/blumen_validation/point_036/table_evaluations.csv	FILE	True	True	2418
FIGURE_MANIFEST	Main 2	source_data	expanded_source_data	assets/classic_supersonic/csv/blumen_validation	Part_II/assets/classic_supersonic/csv/blumen_validation/point_036/table_solver_attempts.csv	FILE	True	True	2348
FIGURE_MANIFEST	Main 2	source_data	expanded_source_data	assets/classic_supersonic/csv/blumen_validation	Part_II/assets/classic_supersonic/csv/blumen_validation/point_037/table_evaluations.csv	FILE	True	True	2021
FIGURE_MANIFEST	Main 2	source_data	expanded_source_data	assets/classic_supersonic/csv/blumen_validation	Part_II/assets/classic_supersonic/csv/blumen_validation/point_037/table_solver_attempts.csv	FILE	True	True	1967
FIGURE_MANIFEST	Main 2	source_data	expanded_source_data	assets/classic_supersonic/csv/blumen_validation	Part_II/assets/classic_supersonic/csv/blumen_validation/point_038/table_evaluations.csv	FILE	True	True	2846
FIGURE_MANIFEST	Main 2	source_data	expanded_source_data	assets/classic_supersonic/csv/blumen_validation	Part_II/assets/classic_supersonic/csv/blumen_validation/point_038/table_solver_attempts.csv	FILE	True	True	2764
FIGURE_MANIFEST	Main 2	source_data	expanded_source_data	assets/classic_supersonic/csv/blumen_validation	Part_II/assets/classic_supersonic/csv/blumen_validation/point_039/table_evaluations.csv	FILE	True	True	2020
FIGURE_MANIFEST	Main 2	source_data	expanded_source_data	assets/classic_supersonic/csv/blumen_validation	Part_II/assets/classic_supersonic/csv/blumen_validation/point_039/table_solver_attempts.csv	FILE	True	True	1967
FIGURE_MANIFEST	Main 2	source_data	expanded_source_data	assets/classic_supersonic/csv/blumen_validation	Part_II/assets/classic_supersonic/csv/blumen_validation/point_040/table_evaluations.csv	FILE	True	True	2018
FIGURE_MANIFEST	Main 2	source_data	expanded_source_data	assets/classic_supersonic/csv/blumen_validation	Part_II/assets/classic_supersonic/csv/blumen_validation/point_040/table_solver_attempts.csv	FILE	True	True	1963
FIGURE_MANIFEST	Main 2	source_data	expanded_source_data	assets/classic_supersonic/csv/blumen_validation	Part_II/assets/classic_supersonic/csv/blumen_validation/point_041/table_evaluations.csv	FILE	True	True	2019
FIGURE_MANIFEST	Main 2	source_data	expanded_source_data	assets/classic_supersonic/csv/blumen_validation	Part_II/assets/classic_supersonic/csv/blumen_validation/point_041/table_solver_attempts.csv	FILE	True	True	169446
FIGURE_MANIFEST	Main 2	source_data	expanded_source_data	assets/classic_supersonic/csv/blumen_validation	Part_II/assets/classic_supersonic/csv/blumen_validation/point_042/table_evaluations.csv	FILE	True	True	4914
FIGURE_MANIFEST	Main 2	source_data	expanded_source_data	assets/classic_supersonic/csv/blumen_validation	Part_II/assets/classic_supersonic/csv/blumen_validation/point_042/table_solver_attempts.csv	FILE	True	True	4755
FIGURE_MANIFEST	Main 2	source_data	expanded_source_data	assets/classic_supersonic/csv/blumen_validation	Part_II/assets/classic_supersonic/csv/blumen_validation/point_043/table_evaluations.csv	FILE	True	True	7062
FIGURE_MANIFEST	Main 2	source_data	expanded_source_data	assets/classic_supersonic/csv/blumen_validation	Part_II/assets/classic_supersonic/csv/blumen_validation/point_043/table_solver_attempts.csv	FILE	True	True	10846
FIGURE_MANIFEST	Main 2	source_data	expanded_source_data	assets/classic_supersonic/csv/blumen_validation	Part_II/assets/classic_supersonic/csv/blumen_validation/point_044/table_evaluations.csv	FILE	True	True	5763
FIGURE_MANIFEST	Main 2	source_data	expanded_source_data	assets/classic_supersonic/csv/blumen_validation	Part_II/assets/classic_supersonic/csv/blumen_validation/point_044/table_solver_attempts.csv	FILE	True	True	5567
FIGURE_MANIFEST	Main 2	source_data	expanded_source_data	assets/classic_supersonic/csv/blumen_validation	Part_II/assets/classic_supersonic/csv/blumen_validation/point_045/table_evaluations.csv	FILE	True	True	6257
FIGURE_MANIFEST	Main 2	source_data	expanded_source_data	assets/classic_supersonic/csv/blumen_validation	Part_II/assets/classic_supersonic/csv/blumen_validation/point_045/table_solver_attempts.csv	FILE	True	True	7667
FIGURE_MANIFEST	Main 2	source_data	expanded_source_data	assets/classic_supersonic/csv/blumen_validation	Part_II/assets/classic_supersonic/csv/blumen_validation/point_046/table_evaluations.csv	FILE	True	True	5776
FIGURE_MANIFEST	Main 2	source_data	expanded_source_data	assets/classic_supersonic/csv/blumen_validation	Part_II/assets/classic_supersonic/csv/blumen_validation/point_046/table_solver_attempts.csv	FILE	True	True	5573
FIGURE_MANIFEST	Main 2	source_data	expanded_source_data	assets/classic_supersonic/csv/blumen_validation	Part_II/assets/classic_supersonic/csv/blumen_validation/point_047/table_evaluations.csv	FILE	True	True	4122
FIGURE_MANIFEST	Main 2	source_data	expanded_source_data	assets/classic_supersonic/csv/blumen_validation	Part_II/assets/classic_supersonic/csv/blumen_validation/point_047/table_solver_attempts.csv	FILE	True	True	3988
FIGURE_MANIFEST	Main 2	source_data	expanded_source_data	assets/classic_supersonic/csv/blumen_validation	Part_II/assets/classic_supersonic/csv/blumen_validation/point_048/table_evaluations.csv	FILE	True	True	4514
FIGURE_MANIFEST	Main 2	source_data	expanded_source_data	assets/classic_supersonic/csv/blumen_validation	Part_II/assets/classic_supersonic/csv/blumen_validation/point_048/table_solver_attempts.csv	FILE	True	True	4362
FIGURE_MANIFEST	Main 2	source_data	expanded_source_data	assets/classic_supersonic/csv/blumen_validation	Part_II/assets/classic_supersonic/csv/blumen_validation/point_049/table_evaluations.csv	FILE	True	True	5341
FIGURE_MANIFEST	Main 2	source_data	expanded_source_data	assets/classic_supersonic/csv/blumen_validation	Part_II/assets/classic_supersonic/csv/blumen_validation/point_049/table_solver_attempts.csv	FILE	True	True	5160
FIGURE_MANIFEST	Main 2	source_data	expanded_source_data	assets/classic_supersonic/csv/blumen_validation	Part_II/assets/classic_supersonic/csv/blumen_validation/point_050/table_evaluations.csv	FILE	True	True	3268
FIGURE_MANIFEST	Main 2	source_data	expanded_source_data	assets/classic_supersonic/csv/blumen_validation	Part_II/assets/classic_supersonic/csv/blumen_validation/point_050/table_solver_attempts.csv	FILE	True	True	3166
FIGURE_MANIFEST	Main 2	source_data	expanded_source_data	assets/classic_supersonic/csv/blumen_validation	Part_II/assets/classic_supersonic/csv/blumen_validation/point_051/table_evaluations.csv	FILE	True	True	5767
FIGURE_MANIFEST	Main 2	source_data	expanded_source_data	assets/classic_supersonic/csv/blumen_validation	Part_II/assets/classic_supersonic/csv/blumen_validation/point_051/table_solver_attempts.csv	FILE	True	True	5567
FIGURE_MANIFEST	Main 2	source_data	expanded_source_data	assets/classic_supersonic/csv/blumen_validation	Part_II/assets/classic_supersonic/csv/blumen_validation/point_052/table_evaluations.csv	FILE	True	True	3273
FIGURE_MANIFEST	Main 2	source_data	expanded_source_data	assets/classic_supersonic/csv/blumen_validation	Part_II/assets/classic_supersonic/csv/blumen_validation/point_052/table_solver_attempts.csv	FILE	True	True	3168
FIGURE_MANIFEST	Main 2	source_data	expanded_source_data	assets/classic_supersonic/csv/blumen_validation	Part_II/assets/classic_supersonic/csv/blumen_validation/point_053/table_evaluations.csv	FILE	True	True	3700
FIGURE_MANIFEST	Main 2	source_data	expanded_source_data	assets/classic_supersonic/csv/blumen_validation	Part_II/assets/classic_supersonic/csv/blumen_validation/point_053/table_solver_attempts.csv	FILE	True	True	3581
FIGURE_MANIFEST	Main 2	source_data	expanded_source_data	assets/classic_supersonic/csv/blumen_validation	Part_II/assets/classic_supersonic/csv/blumen_validation/point_054/table_evaluations.csv	FILE	True	True	44166
FIGURE_MANIFEST	Main 2	source_data	expanded_source_data	assets/classic_supersonic/csv/blumen_validation	Part_II/assets/classic_supersonic/csv/blumen_validation/point_054/table_solver_attempts.csv	FILE	True	True	122747
FIGURE_MANIFEST	Main 2	source_data	expanded_source_data	assets/classic_supersonic/csv/blumen_validation	Part_II/assets/classic_supersonic/csv/blumen_validation/point_055/table_evaluations.csv	FILE	True	True	3255
FIGURE_MANIFEST	Main 2	source_data	expanded_source_data	assets/classic_supersonic/csv/blumen_validation	Part_II/assets/classic_supersonic/csv/blumen_validation/point_055/table_solver_attempts.csv	FILE	True	True	3156
FIGURE_MANIFEST	Main 2	source_data	expanded_source_data	assets/classic_supersonic/csv/blumen_validation	Part_II/assets/classic_supersonic/csv/blumen_validation/point_056/table_evaluations.csv	FILE	True	True	3260
FIGURE_MANIFEST	Main 2	source_data	expanded_source_data	assets/classic_supersonic/csv/blumen_validation	Part_II/assets/classic_supersonic/csv/blumen_validation/point_056/table_solver_attempts.csv	FILE	True	True	3163
FIGURE_MANIFEST	Main 2	source_data	expanded_source_data	assets/classic_supersonic/csv/blumen_validation	Part_II/assets/classic_supersonic/csv/blumen_validation/point_057/table_evaluations.csv	FILE	True	True	3262
FIGURE_MANIFEST	Main 2	source_data	expanded_source_data	assets/classic_supersonic/csv/blumen_validation	Part_II/assets/classic_supersonic/csv/blumen_validation/point_057/table_solver_attempts.csv	FILE	True	True	3164
FIGURE_MANIFEST	Main 2	source_data	expanded_source_data	assets/classic_supersonic/csv/blumen_validation	Part_II/assets/classic_supersonic/csv/blumen_validation/point_058/table_evaluations.csv	FILE	True	True	2849
FIGURE_MANIFEST	Main 2	source_data	expanded_source_data	assets/classic_supersonic/csv/blumen_validation	Part_II/assets/classic_supersonic/csv/blumen_validation/point_058/table_solver_attempts.csv	FILE	True	True	2761
FIGURE_MANIFEST	Main 2	source_data	expanded_source_data	assets/classic_supersonic/csv/blumen_validation	Part_II/assets/classic_supersonic/csv/blumen_validation/point_059/table_evaluations.csv	FILE	True	True	2023
FIGURE_MANIFEST	Main 2	source_data	expanded_source_data	assets/classic_supersonic/csv/blumen_validation	Part_II/assets/classic_supersonic/csv/blumen_validation/point_059/table_solver_attempts.csv	FILE	True	True	1968
FIGURE_MANIFEST	Main 2	source_data	expanded_source_data	assets/classic_supersonic/csv/blumen_validation	Part_II/assets/classic_supersonic/csv/blumen_validation/point_060/table_evaluations.csv	FILE	True	True	2837
FIGURE_MANIFEST	Main 2	source_data	expanded_source_data	assets/classic_supersonic/csv/blumen_validation	Part_II/assets/classic_supersonic/csv/blumen_validation/point_060/table_solver_attempts.csv	FILE	True	True	2754
FIGURE_MANIFEST	Main 2	source_data	expanded_source_data	assets/classic_supersonic/csv/blumen_validation	Part_II/assets/classic_supersonic/csv/blumen_validation/point_061/table_evaluations.csv	FILE	True	True	2841
FIGURE_MANIFEST	Main 2	source_data	expanded_source_data	assets/classic_supersonic/csv/blumen_validation	Part_II/assets/classic_supersonic/csv/blumen_validation/point_061/table_solver_attempts.csv	FILE	True	True	2756
FIGURE_MANIFEST	Main 2	source_data	expanded_source_data	assets/classic_supersonic/csv/blumen_validation	Part_II/assets/classic_supersonic/csv/blumen_validation/point_062/table_evaluations.csv	FILE	True	True	2421
FIGURE_MANIFEST	Main 2	source_data	expanded_source_data	assets/classic_supersonic/csv/blumen_validation	Part_II/assets/classic_supersonic/csv/blumen_validation/point_062/table_solver_attempts.csv	FILE	True	True	2349
FIGURE_MANIFEST	Main 2	source_data	expanded_source_data	assets/classic_supersonic/csv/blumen_validation	Part_II/assets/classic_supersonic/csv/blumen_validation/point_063/table_evaluations.csv	FILE	True	True	2847
FIGURE_MANIFEST	Main 2	source_data	expanded_source_data	assets/classic_supersonic/csv/blumen_validation	Part_II/assets/classic_supersonic/csv/blumen_validation/point_063/table_solver_attempts.csv	FILE	True	True	2765
FIGURE_MANIFEST	Main 2	source_data	expanded_source_data	assets/classic_supersonic/csv/blumen_validation	Part_II/assets/classic_supersonic/csv/blumen_validation/point_064/table_evaluations.csv	FILE	True	True	2840
FIGURE_MANIFEST	Main 2	source_data	expanded_source_data	assets/classic_supersonic/csv/blumen_validation	Part_II/assets/classic_supersonic/csv/blumen_validation/point_064/table_solver_attempts.csv	FILE	True	True	2757
FIGURE_MANIFEST	Main 2	source_data	expanded_source_data	assets/classic_supersonic/csv/blumen_validation	Part_II/assets/classic_supersonic/csv/blumen_validation/point_065/table_evaluations.csv	FILE	True	True	4488
FIGURE_MANIFEST	Main 2	source_data	expanded_source_data	assets/classic_supersonic/csv/blumen_validation	Part_II/assets/classic_supersonic/csv/blumen_validation/point_065/table_solver_attempts.csv	FILE	True	True	4351
FIGURE_MANIFEST	Main 2	source_data	expanded_source_data	assets/classic_supersonic/csv/blumen_validation	Part_II/assets/classic_supersonic/csv/blumen_validation/point_066/table_evaluations.csv	FILE	True	True	3671
FIGURE_MANIFEST	Main 2	source_data	expanded_source_data	assets/classic_supersonic/csv/blumen_validation	Part_II/assets/classic_supersonic/csv/blumen_validation/point_066/table_solver_attempts.csv	FILE	True	True	3559
FIGURE_MANIFEST	Main 2	source_data	expanded_source_data	assets/classic_supersonic/csv/blumen_validation	Part_II/assets/classic_supersonic/csv/blumen_validation/point_067/table_evaluations.csv	FILE	True	True	7094
FIGURE_MANIFEST	Main 2	source_data	expanded_source_data	assets/classic_supersonic/csv/blumen_validation	Part_II/assets/classic_supersonic/csv/blumen_validation/point_067/table_solver_attempts.csv	FILE	True	True	151047
FIGURE_MANIFEST	Main 2	source_data	expanded_source_data	assets/classic_supersonic/csv/blumen_validation	Part_II/assets/classic_supersonic/csv/blumen_validation/point_068/table_evaluations.csv	FILE	True	True	4529
FIGURE_MANIFEST	Main 2	source_data	expanded_source_data	assets/classic_supersonic/csv/blumen_validation	Part_II/assets/classic_supersonic/csv/blumen_validation/point_068/table_solver_attempts.csv	FILE	True	True	4382
FIGURE_MANIFEST	Main 2	source_data	expanded_source_data	assets/classic_supersonic/csv/blumen_validation	Part_II/assets/classic_supersonic/csv/blumen_validation/point_069/table_evaluations.csv	FILE	True	True	7433
FIGURE_MANIFEST	Main 2	source_data	expanded_source_data	assets/classic_supersonic/csv/blumen_validation	Part_II/assets/classic_supersonic/csv/blumen_validation/point_069/table_solver_attempts.csv	FILE	True	True	7185
FIGURE_MANIFEST	Main 2	source_data	expanded_source_data	assets/classic_supersonic/csv/blumen_validation	Part_II/assets/classic_supersonic/csv/blumen_validation/point_070/table_evaluations.csv	FILE	True	True	4518
FIGURE_MANIFEST	Main 2	source_data	expanded_source_data	assets/classic_supersonic/csv/blumen_validation	Part_II/assets/classic_supersonic/csv/blumen_validation/point_070/table_solver_attempts.csv	FILE	True	True	4364
FIGURE_MANIFEST	Main 2	source_data	expanded_source_data	assets/classic_supersonic/csv/blumen_validation	Part_II/assets/classic_supersonic/csv/blumen_validation/point_071/table_evaluations.csv	FILE	True	True	6987
FIGURE_MANIFEST	Main 2	source_data	expanded_source_data	assets/classic_supersonic/csv/blumen_validation	Part_II/assets/classic_supersonic/csv/blumen_validation/point_071/table_solver_attempts.csv	FILE	True	True	6750
FIGURE_MANIFEST	Main 2	source_data	expanded_source_data	assets/classic_supersonic/csv/blumen_validation	Part_II/assets/classic_supersonic/csv/blumen_validation/point_072/table_evaluations.csv	FILE	True	True	5422
FIGURE_MANIFEST	Main 2	source_data	expanded_source_data	assets/classic_supersonic/csv/blumen_validation	Part_II/assets/classic_supersonic/csv/blumen_validation/point_072/table_solver_attempts.csv	FILE	True	True	5236
FIGURE_MANIFEST	Main 2	source_data	expanded_source_data	assets/classic_supersonic/csv/blumen_validation	Part_II/assets/classic_supersonic/csv/blumen_validation/point_073/table_evaluations.csv	FILE	True	True	7427
FIGURE_MANIFEST	Main 2	source_data	expanded_source_data	assets/classic_supersonic/csv/blumen_validation	Part_II/assets/classic_supersonic/csv/blumen_validation/point_073/table_solver_attempts.csv	FILE	True	True	7172
FIGURE_MANIFEST	Main 2	source_data	expanded_source_data	assets/classic_supersonic/csv/blumen_validation	Part_II/assets/classic_supersonic/csv/blumen_validation/point_074/table_evaluations.csv	FILE	True	True	5774
FIGURE_MANIFEST	Main 2	source_data	expanded_source_data	assets/classic_supersonic/csv/blumen_validation	Part_II/assets/classic_supersonic/csv/blumen_validation/point_074/table_solver_attempts.csv	FILE	True	True	5576
FIGURE_MANIFEST	Main 2	source_data	expanded_source_data	assets/classic_supersonic/csv/blumen_validation	Part_II/assets/classic_supersonic/csv/blumen_validation/point_075/table_evaluations.csv	FILE	True	True	4506
FIGURE_MANIFEST	Main 2	source_data	expanded_source_data	assets/classic_supersonic/csv/blumen_validation	Part_II/assets/classic_supersonic/csv/blumen_validation/point_075/table_solver_attempts.csv	FILE	True	True	4354
FIGURE_MANIFEST	Main 2	source_data	expanded_source_data	assets/classic_supersonic/csv/blumen_validation	Part_II/assets/classic_supersonic/csv/blumen_validation/point_076/table_evaluations.csv	FILE	True	True	3668
FIGURE_MANIFEST	Main 2	source_data	expanded_source_data	assets/classic_supersonic/csv/blumen_validation	Part_II/assets/classic_supersonic/csv/blumen_validation/point_076/table_solver_attempts.csv	FILE	True	True	3549
FIGURE_MANIFEST	Main 2	source_data	expanded_source_data	assets/classic_supersonic/csv/blumen_validation	Part_II/assets/classic_supersonic/csv/blumen_validation/point_077/table_evaluations.csv	FILE	True	True	2015
FIGURE_MANIFEST	Main 2	source_data	expanded_source_data	assets/classic_supersonic/csv/blumen_validation	Part_II/assets/classic_supersonic/csv/blumen_validation/point_077/table_solver_attempts.csv	FILE	True	True	1956
FIGURE_MANIFEST	Main 2	source_data	expanded_source_data	assets/classic_supersonic/csv/blumen_validation	Part_II/assets/classic_supersonic/csv/blumen_validation/point_078/table_evaluations.csv	FILE	True	True	2848
FIGURE_MANIFEST	Main 2	source_data	expanded_source_data	assets/classic_supersonic/csv/blumen_validation	Part_II/assets/classic_supersonic/csv/blumen_validation/point_078/table_solver_attempts.csv	FILE	True	True	2758
FIGURE_MANIFEST	Main 2	source_data	expanded_source_data	assets/classic_supersonic/csv/blumen_validation	Part_II/assets/classic_supersonic/csv/blumen_validation/point_079/table_evaluations.csv	FILE	True	True	2846
FIGURE_MANIFEST	Main 2	source_data	expanded_source_data	assets/classic_supersonic/csv/blumen_validation	Part_II/assets/classic_supersonic/csv/blumen_validation/point_079/table_solver_attempts.csv	FILE	True	True	2756
FIGURE_MANIFEST	Main 2	source_data	expanded_source_data	assets/classic_supersonic/csv/blumen_validation	Part_II/assets/classic_supersonic/csv/blumen_validation/point_080/table_evaluations.csv	FILE	True	True	1605
FIGURE_MANIFEST	Main 2	source_data	expanded_source_data	assets/classic_supersonic/csv/blumen_validation	Part_II/assets/classic_supersonic/csv/blumen_validation/point_080/table_solver_attempts.csv	FILE	True	True	1564
FIGURE_MANIFEST	Main 2	source_data	expanded_source_data	assets/classic_supersonic/csv/blumen_validation	Part_II/assets/classic_supersonic/csv/blumen_validation/point_081/table_evaluations.csv	FILE	True	True	2015
FIGURE_MANIFEST	Main 2	source_data	expanded_source_data	assets/classic_supersonic/csv/blumen_validation	Part_II/assets/classic_supersonic/csv/blumen_validation/point_081/table_solver_attempts.csv	FILE	True	True	1960
FIGURE_MANIFEST	Main 2	source_data	expanded_source_data	assets/classic_supersonic/csv/blumen_validation	Part_II/assets/classic_supersonic/csv/blumen_validation/point_082/table_evaluations.csv	FILE	True	True	4524
FIGURE_MANIFEST	Main 2	source_data	expanded_source_data	assets/classic_supersonic/csv/blumen_validation	Part_II/assets/classic_supersonic/csv/blumen_validation/point_082/table_solver_attempts.csv	FILE	True	True	4366
FIGURE_MANIFEST	Main 2	source_data	expanded_source_data	assets/classic_supersonic/csv/blumen_validation	Part_II/assets/classic_supersonic/csv/blumen_validation/point_083/table_evaluations.csv	FILE	True	True	6198
FIGURE_MANIFEST	Main 2	source_data	expanded_source_data	assets/classic_supersonic/csv/blumen_validation	Part_II/assets/classic_supersonic/csv/blumen_validation/point_083/table_solver_attempts.csv	FILE	True	True	5966
FIGURE_MANIFEST	Main 2	source_data	expanded_source_data	assets/classic_supersonic/csv/blumen_validation	Part_II/assets/classic_supersonic/csv/blumen_validation/point_084/table_evaluations.csv	FILE	True	True	7042
FIGURE_MANIFEST	Main 2	source_data	expanded_source_data	assets/classic_supersonic/csv/blumen_validation	Part_II/assets/classic_supersonic/csv/blumen_validation/point_084/table_solver_attempts.csv	FILE	True	True	6781
FIGURE_MANIFEST	Main 2	source_data	expanded_source_data	assets/classic_supersonic/csv/blumen_validation	Part_II/assets/classic_supersonic/csv/blumen_validation/point_085/table_evaluations.csv	FILE	True	True	33677
FIGURE_MANIFEST	Main 2	source_data	expanded_source_data	assets/classic_supersonic/csv/blumen_validation	Part_II/assets/classic_supersonic/csv/blumen_validation/point_085/table_solver_attempts.csv	FILE	True	True	347805
FIGURE_MANIFEST	Main 2	source_data	expanded_source_data	assets/classic_supersonic/csv/blumen_validation	Part_II/assets/classic_supersonic/csv/blumen_validation/point_086/table_evaluations.csv	FILE	True	True	36595
FIGURE_MANIFEST	Main 2	source_data	expanded_source_data	assets/classic_supersonic/csv/blumen_validation	Part_II/assets/classic_supersonic/csv/blumen_validation/point_086/table_solver_attempts.csv	FILE	True	True	304744
FIGURE_MANIFEST	Main 2	source_data	expanded_source_data	assets/classic_supersonic/csv/blumen_validation	Part_II/assets/classic_supersonic/csv/blumen_validation/point_087/table_evaluations.csv	FILE	True	True	3686
FIGURE_MANIFEST	Main 2	source_data	expanded_source_data	assets/classic_supersonic/csv/blumen_validation	Part_II/assets/classic_supersonic/csv/blumen_validation/point_087/table_solver_attempts.csv	FILE	True	True	3572
FIGURE_MANIFEST	Main 2	source_data	expanded_source_data	assets/classic_supersonic/csv/blumen_validation	Part_II/assets/classic_supersonic/csv/blumen_validation/point_088/table_evaluations.csv	FILE	True	True	3269
FIGURE_MANIFEST	Main 2	source_data	expanded_source_data	assets/classic_supersonic/csv/blumen_validation	Part_II/assets/classic_supersonic/csv/blumen_validation/point_088/table_solver_attempts.csv	FILE	True	True	3172
FIGURE_MANIFEST	Main 2	source_data	expanded_source_data	assets/classic_supersonic/csv/blumen_validation	Part_II/assets/classic_supersonic/csv/blumen_validation/point_089/table_evaluations.csv	FILE	True	True	2857
FIGURE_MANIFEST	Main 2	source_data	expanded_source_data	assets/classic_supersonic/csv/blumen_validation	Part_II/assets/classic_supersonic/csv/blumen_validation/point_089/table_solver_attempts.csv	FILE	True	True	2773
FIGURE_MANIFEST	Main 2	source_data	expanded_source_data	assets/classic_supersonic/csv/blumen_validation	Part_II/assets/classic_supersonic/csv/blumen_validation/point_090/table_evaluations.csv	FILE	True	True	2031
FIGURE_MANIFEST	Main 2	source_data	expanded_source_data	assets/classic_supersonic/csv/blumen_validation	Part_II/assets/classic_supersonic/csv/blumen_validation/point_090/table_solver_attempts.csv	FILE	True	True	1977
FIGURE_MANIFEST	Main 2	source_data	expanded_source_data	assets/classic_supersonic/csv/blumen_validation	Part_II/assets/classic_supersonic/csv/blumen_validation/point_091/table_evaluations.csv	FILE	True	True	2017
FIGURE_MANIFEST	Main 2	source_data	expanded_source_data	assets/classic_supersonic/csv/blumen_validation	Part_II/assets/classic_supersonic/csv/blumen_validation/point_091/table_solver_attempts.csv	FILE	True	True	1963
FIGURE_MANIFEST	Main 2	source_data	expanded_source_data	assets/classic_supersonic/csv/blumen_validation	Part_II/assets/classic_supersonic/csv/blumen_validation/point_092/table_evaluations.csv	FILE	True	True	2022
FIGURE_MANIFEST	Main 2	source_data	expanded_source_data	assets/classic_supersonic/csv/blumen_validation	Part_II/assets/classic_supersonic/csv/blumen_validation/point_092/table_solver_attempts.csv	FILE	True	True	1969
FIGURE_MANIFEST	Main 2	source_data	expanded_source_data	assets/classic_supersonic/csv/blumen_validation	Part_II/assets/classic_supersonic/csv/blumen_validation/point_093/table_evaluations.csv	FILE	True	True	2017
FIGURE_MANIFEST	Main 2	source_data	expanded_source_data	assets/classic_supersonic/csv/blumen_validation	Part_II/assets/classic_supersonic/csv/blumen_validation/point_093/table_solver_attempts.csv	FILE	True	True	1962
FIGURE_MANIFEST	Main 2	source_data	expanded_source_data	assets/classic_supersonic/csv/blumen_validation	Part_II/assets/classic_supersonic/csv/blumen_validation/point_094/table_evaluations.csv	FILE	True	True	2842
FIGURE_MANIFEST	Main 2	source_data	expanded_source_data	assets/classic_supersonic/csv/blumen_validation	Part_II/assets/classic_supersonic/csv/blumen_validation/point_094/table_solver_attempts.csv	FILE	True	True	2759
FIGURE_MANIFEST	Main 2	source_data	expanded_source_data	assets/classic_supersonic/csv/blumen_validation	Part_II/assets/classic_supersonic/csv/blumen_validation/point_095/table_evaluations.csv	FILE	True	True	2851
FIGURE_MANIFEST	Main 2	source_data	expanded_source_data	assets/classic_supersonic/csv/blumen_validation	Part_II/assets/classic_supersonic/csv/blumen_validation/point_095/table_solver_attempts.csv	FILE	True	True	2769
FIGURE_MANIFEST	Main 2	source_data	expanded_source_data	assets/classic_supersonic/csv/blumen_validation	Part_II/assets/classic_supersonic/csv/blumen_validation/point_096/table_evaluations.csv	FILE	True	True	2436
FIGURE_MANIFEST	Main 2	source_data	expanded_source_data	assets/classic_supersonic/csv/blumen_validation	Part_II/assets/classic_supersonic/csv/blumen_validation/point_096/table_solver_attempts.csv	FILE	True	True	2364
FIGURE_MANIFEST	Main 2	source_data	expanded_source_data	assets/classic_supersonic/csv/blumen_validation	Part_II/assets/classic_supersonic/csv/blumen_validation/point_097/table_evaluations.csv	FILE	True	True	2023
FIGURE_MANIFEST	Main 2	source_data	expanded_source_data	assets/classic_supersonic/csv/blumen_validation	Part_II/assets/classic_supersonic/csv/blumen_validation/point_097/table_solver_attempts.csv	FILE	True	True	1967
FIGURE_MANIFEST	Main 2	source_data	expanded_source_data	assets/classic_supersonic/csv/blumen_validation	Part_II/assets/classic_supersonic/csv/blumen_validation/point_098/table_evaluations.csv	FILE	True	True	36119
FIGURE_MANIFEST	Main 2	source_data	expanded_source_data	assets/classic_supersonic/csv/blumen_validation	Part_II/assets/classic_supersonic/csv/blumen_validation/point_098/table_solver_attempts.csv	FILE	True	True	270373
FIGURE_MANIFEST	Main 2	source_data	expanded_source_data	assets/classic_supersonic/csv/blumen_validation	Part_II/assets/classic_supersonic/csv/blumen_validation/point_099/table_evaluations.csv	FILE	True	True	2438
FIGURE_MANIFEST	Main 2	source_data	expanded_source_data	assets/classic_supersonic/csv/blumen_validation	Part_II/assets/classic_supersonic/csv/blumen_validation/point_099/table_solver_attempts.csv	FILE	True	True	2366
FIGURE_MANIFEST	Main 2	source_data	expanded_source_data	assets/classic_supersonic/csv/blumen_validation	Part_II/assets/classic_supersonic/csv/blumen_validation/point_100/table_evaluations.csv	FILE	True	True	3661
FIGURE_MANIFEST	Main 2	source_data	expanded_source_data	assets/classic_supersonic/csv/blumen_validation	Part_II/assets/classic_supersonic/csv/blumen_validation/point_100/table_solver_attempts.csv	FILE	True	True	3547
FIGURE_MANIFEST	Main 2	source_data	expanded_source_data	assets/classic_supersonic/csv/blumen_validation	Part_II/assets/classic_supersonic/csv/blumen_validation/point_101/table_evaluations.csv	FILE	True	True	4961
FIGURE_MANIFEST	Main 2	source_data	expanded_source_data	assets/classic_supersonic/csv/blumen_validation	Part_II/assets/classic_supersonic/csv/blumen_validation/point_101/table_solver_attempts.csv	FILE	True	True	4792
FIGURE_MANIFEST	Main 2	source_data	expanded_source_data	assets/classic_supersonic/csv/blumen_validation	Part_II/assets/classic_supersonic/csv/blumen_validation/point_102/table_evaluations.csv	FILE	True	True	3700
FIGURE_MANIFEST	Main 2	source_data	expanded_source_data	assets/classic_supersonic/csv/blumen_validation	Part_II/assets/classic_supersonic/csv/blumen_validation/point_102/table_solver_attempts.csv	FILE	True	True	3586
FIGURE_MANIFEST	Main 2	source_data	expanded_source_data	assets/classic_supersonic/csv/blumen_validation	Part_II/assets/classic_supersonic/csv/blumen_validation/point_103/table_evaluations.csv	FILE	True	True	4098
FIGURE_MANIFEST	Main 2	source_data	expanded_source_data	assets/classic_supersonic/csv/blumen_validation	Part_II/assets/classic_supersonic/csv/blumen_validation/point_103/table_solver_attempts.csv	FILE	True	True	8034
FIGURE_MANIFEST	Main 2	source_data	expanded_source_data	assets/classic_supersonic/csv/blumen_validation	Part_II/assets/classic_supersonic/csv/blumen_validation/point_104/table_evaluations.csv	FILE	True	True	4510
FIGURE_MANIFEST	Main 2	source_data	expanded_source_data	assets/classic_supersonic/csv/blumen_validation	Part_II/assets/classic_supersonic/csv/blumen_validation/point_104/table_solver_attempts.csv	FILE	True	True	4366
FIGURE_MANIFEST	Main 2	source_data	expanded_source_data	assets/classic_supersonic/csv/blumen_validation	Part_II/assets/classic_supersonic/csv/blumen_validation/point_105/table_evaluations.csv	FILE	True	True	4541
FIGURE_MANIFEST	Main 2	source_data	expanded_source_data	assets/classic_supersonic/csv/blumen_validation	Part_II/assets/classic_supersonic/csv/blumen_validation/point_105/table_solver_attempts.csv	FILE	True	True	4394
FIGURE_MANIFEST	Main 2	source_data	expanded_source_data	assets/classic_supersonic/csv/blumen_validation	Part_II/assets/classic_supersonic/csv/blumen_validation/point_106/table_evaluations.csv	FILE	True	True	4104
FIGURE_MANIFEST	Main 2	source_data	expanded_source_data	assets/classic_supersonic/csv/blumen_validation	Part_II/assets/classic_supersonic/csv/blumen_validation/point_106/table_solver_attempts.csv	FILE	True	True	3977
FIGURE_MANIFEST	Main 2	source_data	expanded_source_data	assets/classic_supersonic/csv/blumen_validation	Part_II/assets/classic_supersonic/csv/blumen_validation/point_107/table_evaluations.csv	FILE	True	True	4535
FIGURE_MANIFEST	Main 2	source_data	expanded_source_data	assets/classic_supersonic/csv/blumen_validation	Part_II/assets/classic_supersonic/csv/blumen_validation/point_107/table_solver_attempts.csv	FILE	True	True	4382
FIGURE_MANIFEST	Main 2	source_data	expanded_source_data	assets/classic_supersonic/csv/blumen_validation	Part_II/assets/classic_supersonic/csv/blumen_validation/point_108/table_evaluations.csv	FILE	True	True	4531
FIGURE_MANIFEST	Main 2	source_data	expanded_source_data	assets/classic_supersonic/csv/blumen_validation	Part_II/assets/classic_supersonic/csv/blumen_validation/point_108/table_solver_attempts.csv	FILE	True	True	4389
FIGURE_MANIFEST	Main 2	source_data	expanded_source_data	assets/classic_supersonic/csv/blumen_validation	Part_II/assets/classic_supersonic/csv/blumen_validation/point_109/table_evaluations.csv	FILE	True	True	4547
FIGURE_MANIFEST	Main 2	source_data	expanded_source_data	assets/classic_supersonic/csv/blumen_validation	Part_II/assets/classic_supersonic/csv/blumen_validation/point_109/table_solver_attempts.csv	FILE	True	True	4401
FIGURE_MANIFEST	Main 2	source_data	expanded_source_data	assets/classic_supersonic/csv/blumen_validation	Part_II/assets/classic_supersonic/csv/blumen_validation/point_110/table_evaluations.csv	FILE	True	True	4973
FIGURE_MANIFEST	Main 2	source_data	expanded_source_data	assets/classic_supersonic/csv/blumen_validation	Part_II/assets/classic_supersonic/csv/blumen_validation/point_110/table_solver_attempts.csv	FILE	True	True	4805
FIGURE_MANIFEST	Main 2	source_data	expanded_source_data	assets/classic_supersonic/csv/blumen_validation	Part_II/assets/classic_supersonic/csv/blumen_validation/point_111/table_evaluations.csv	FILE	True	True	6993
FIGURE_MANIFEST	Main 2	source_data	expanded_source_data	assets/classic_supersonic/csv/blumen_validation	Part_II/assets/classic_supersonic/csv/blumen_validation/point_111/table_solver_attempts.csv	FILE	True	True	6759
FIGURE_MANIFEST	Main 2	source_data	expanded_source_data	assets/classic_supersonic/csv/blumen_validation	Part_II/assets/classic_supersonic/csv/blumen_validation/point_112/table_evaluations.csv	FILE	True	True	3685
FIGURE_MANIFEST	Main 2	source_data	expanded_source_data	assets/classic_supersonic/csv/blumen_validation	Part_II/assets/classic_supersonic/csv/blumen_validation/point_112/table_solver_attempts.csv	FILE	True	True	3568
FIGURE_MANIFEST	Main 2	source_data	expanded_source_data	assets/classic_supersonic/csv/blumen_validation	Part_II/assets/classic_supersonic/csv/blumen_validation/point_113/table_evaluations.csv	FILE	True	True	4948
FIGURE_MANIFEST	Main 2	source_data	expanded_source_data	assets/classic_supersonic/csv/blumen_validation	Part_II/assets/classic_supersonic/csv/blumen_validation/point_113/table_solver_attempts.csv	FILE	True	True	4780
FIGURE_MANIFEST	Main 2	source_data	expanded_source_data	assets/classic_supersonic/csv/blumen_validation	Part_II/assets/classic_supersonic/csv/blumen_validation/point_114/table_evaluations.csv	FILE	True	True	4540
FIGURE_MANIFEST	Main 2	source_data	expanded_source_data	assets/classic_supersonic/csv/blumen_validation	Part_II/assets/classic_supersonic/csv/blumen_validation/point_114/table_solver_attempts.csv	FILE	True	True	4385
FIGURE_MANIFEST	Main 2	source_data	expanded_source_data	assets/classic_supersonic/csv/blumen_validation	Part_II/assets/classic_supersonic/csv/blumen_validation/point_115/table_evaluations.csv	FILE	True	True	5358
FIGURE_MANIFEST	Main 2	source_data	expanded_source_data	assets/classic_supersonic/csv/blumen_validation	Part_II/assets/classic_supersonic/csv/blumen_validation/point_115/table_solver_attempts.csv	FILE	True	True	5178
FIGURE_MANIFEST	Main 2	source_data	expanded_source_data	assets/classic_supersonic/csv/blumen_validation	Part_II/assets/classic_supersonic/csv/blumen_validation/point_116/table_evaluations.csv	FILE	True	True	6585
FIGURE_MANIFEST	Main 2	source_data	expanded_source_data	assets/classic_supersonic/csv/blumen_validation	Part_II/assets/classic_supersonic/csv/blumen_validation/point_116/table_solver_attempts.csv	FILE	True	True	6363
FIGURE_MANIFEST	Main 2	source_data	expanded_source_data	assets/classic_supersonic/csv/blumen_validation	Part_II/assets/classic_supersonic/csv/blumen_validation/supersonic/table_ci_datasets.csv	FILE	True	True	7785
FIGURE_MANIFEST	Main 2	source_data	expanded_source_data	assets/classic_supersonic/csv/blumen_validation	Part_II/assets/classic_supersonic/csv/blumen_validation/supersonic/table_cr_datasets.csv	FILE	True	True	9893
FIGURE_MANIFEST	Main 2	source_data	expanded_source_data	assets/classic_supersonic/csv/blumen_validation	Part_II/assets/classic_supersonic/csv/blumen_validation/tables/table_supersonic_blumen_interpolated_comparison.csv	FILE	True	True	21507
FIGURE_MANIFEST	Main 2	plot_script	direct	code/plots/generators/pinn_supersonic/plot_supersonic_blumen_pointwise_2panel.py	Part_II/code/plots/generators/pinn_supersonic/plot_supersonic_blumen_pointwise_2panel.py	FILE	True	True	29014
FIGURE_MANIFEST	Main 3	canonical_source	direct	assets/article_sources/Fig_blumen_cr_independent_validation.png	Part_II/assets/article_sources/Fig_blumen_cr_independent_validation.png	FILE	True	True	423807
FIGURE_MANIFEST	Main 3	source_data	direct	experiments/blumen_cr_validation/results/blumen_cr_validation/results/phase11_final_stratified_cr_validation.csv	Part_II/experiments/blumen_cr_validation/results/blumen_cr_validation/results/phase11_final_stratified_cr_validation.csv	FILE	True	True	6556
FIGURE_MANIFEST	Main 3	plot_script	direct	code/plots/generators/article/build_blumen_cr_independent_validation.py	Part_II/code/plots/generators/article/build_blumen_cr_independent_validation.py	FILE	True	True	16796
FIGURE_MANIFEST	Main 4	canonical_source	direct	assets/article_sources/Fig_supersonic_representative_mode_M140_a018.png	Part_II/assets/article_sources/Fig_supersonic_representative_mode_M140_a018.png	FILE	True	True	604305
FIGURE_MANIFEST	Main 4	source_data	direct	article/tables/table_Tab_supersonic_asymptotic_decay_M140_a018.csv	Part_II/article/tables/table_Tab_supersonic_asymptotic_decay_M140_a018.csv	FILE	True	True	369
FIGURE_MANIFEST	Main 4	plot_script	direct	code/scripts/data_preparation/prepare_build_supersonic_article_assets_final.py	Part_II/code/scripts/data_preparation/prepare_build_supersonic_article_assets_final.py	FILE	True	True	56413
FIGURE_MANIFEST	Main 5	canonical_source	direct	assets/article_sources/Fig_supersonic_farfield_validation_M140_a018.png	Part_II/assets/article_sources/Fig_supersonic_farfield_validation_M140_a018.png	FILE	True	True	249868
FIGURE_MANIFEST	Main 5	source_data	direct	article/tables/table_Tab_supersonic_asymptotic_decay_M140_a018.csv	Part_II/article/tables/table_Tab_supersonic_asymptotic_decay_M140_a018.csv	FILE	True	True	369
FIGURE_MANIFEST	Main 5	plot_script	direct	code/plots/generators/pinn_supersonic/plot_supersonic_farfield_validation_M140_a018.py	Part_II/code/plots/generators/pinn_supersonic/plot_supersonic_farfield_validation_M140_a018.py	FILE	True	True	4981
FIGURE_MANIFEST	Main 6	canonical_source	direct	assets/article_sources/Fig_supersonic_atlas_geometry.png	Part_II/assets/article_sources/Fig_supersonic_atlas_geometry.png	FILE	True	True	88061
FIGURE_MANIFEST	Main 6	source_data	direct	experiments/atlas_12charts	Part_II/experiments/atlas_12charts	DIR	True	False	0
FIGURE_MANIFEST	Main 6	source_data	expanded_source_data	experiments/atlas_12charts	Part_II/experiments/atlas_12charts/legacy/pinn_supersonic/build_supersonic_atlas2d_v1_manifest.py.bak_before_anchor_extrema_patch	FILE	True	True	12086
FIGURE_MANIFEST	Main 6	source_data	expanded_source_data	experiments/atlas_12charts	Part_II/experiments/atlas_12charts/legacy/pinn_supersonic/prepare_atlas2d_budget.py.bak_before_atlas_anchor_metadata_patch	FILE	True	True	10348
FIGURE_MANIFEST	Main 6	source_data	expanded_source_data	experiments/atlas_12charts	Part_II/experiments/atlas_12charts/support/N76/FULL_JOB_ID.txt	FILE	True	True	8
FIGURE_MANIFEST	Main 6	source_data	expanded_source_data	experiments/atlas_12charts	Part_II/experiments/atlas_12charts/support/N76/JOB_ID.txt	FILE	True	True	7
FIGURE_MANIFEST	Main 6	source_data	expanded_source_data	experiments/atlas_12charts	Part_II/experiments/atlas_12charts/support/N76/SMOKE_JOB_ID.txt	FILE	True	True	8
FIGURE_MANIFEST	Main 6	source_data	expanded_source_data	experiments/atlas_12charts	Part_II/experiments/atlas_12charts/support/corrector_benchmark/RESUME_JOB_ID.txt	FILE	True	True	8
FIGURE_MANIFEST	Main 6	source_data	expanded_source_data	experiments/atlas_12charts	Part_II/experiments/atlas_12charts/support/freeze/SHA256SUMS	FILE	True	True	265
FIGURE_MANIFEST	Main 6	source_data	expanded_source_data	experiments/atlas_12charts	Part_II/experiments/atlas_12charts/support/freeze/SHA256SUMS_8304cc77b1	FILE	True	True	862
FIGURE_MANIFEST	Main 6	source_data	expanded_source_data	experiments/atlas_12charts	Part_II/experiments/atlas_12charts/support/freeze/atlas_budget_selection_protocol_v1.sha256	FILE	True	True	155
FIGURE_MANIFEST	Main 6	source_data	expanded_source_data	experiments/atlas_12charts	Part_II/experiments/atlas_12charts/support/logs/full_1051862.out	FILE	True	True	20183
FIGURE_MANIFEST	Main 6	source_data	expanded_source_data	experiments/atlas_12charts	Part_II/experiments/atlas_12charts/support/logs/full_1138162.out	FILE	True	True	20895
FIGURE_MANIFEST	Main 6	source_data	expanded_source_data	experiments/atlas_12charts	Part_II/experiments/atlas_12charts/support/logs/full_1172669.out	FILE	True	True	2998
FIGURE_MANIFEST	Main 6	source_data	expanded_source_data	experiments/atlas_12charts	Part_II/experiments/atlas_12charts/support/logs/full_1173778.out	FILE	True	True	5288
FIGURE_MANIFEST	Main 6	source_data	expanded_source_data	experiments/atlas_12charts	Part_II/experiments/atlas_12charts/support/logs/full_982326.err	FILE	True	True	335
FIGURE_MANIFEST	Main 6	source_data	expanded_source_data	experiments/atlas_12charts	Part_II/experiments/atlas_12charts/support/logs/full_982326.out	FILE	True	True	15015
FIGURE_MANIFEST	Main 6	source_data	expanded_source_data	experiments/atlas_12charts	Part_II/experiments/atlas_12charts/support/logs/smoke_981172.out	FILE	True	True	2714
FIGURE_MANIFEST	Main 6	source_data	expanded_source_data	experiments/atlas_12charts	Part_II/experiments/atlas_12charts/support/logs/smoke_C00_834382.err	FILE	True	True	758
FIGURE_MANIFEST	Main 6	source_data	expanded_source_data	experiments/atlas_12charts	Part_II/experiments/atlas_12charts/support/logs/smoke_C00_834382.out	FILE	True	True	0
FIGURE_MANIFEST	Main 6	source_data	expanded_source_data	experiments/atlas_12charts	Part_II/experiments/atlas_12charts/support/logs/smoke_C00_835191.err	FILE	True	True	958
FIGURE_MANIFEST	Main 6	source_data	expanded_source_data	experiments/atlas_12charts	Part_II/experiments/atlas_12charts/support/logs/smoke_C00_835191.out	FILE	True	True	79
FIGURE_MANIFEST	Main 6	source_data	expanded_source_data	experiments/atlas_12charts	Part_II/experiments/atlas_12charts/support/logs/smoke_C00_835554.err	FILE	True	True	952
FIGURE_MANIFEST	Main 6	source_data	expanded_source_data	experiments/atlas_12charts	Part_II/experiments/atlas_12charts/support/logs/smoke_C00_835554.out	FILE	True	True	81
FIGURE_MANIFEST	Main 6	source_data	expanded_source_data	experiments/atlas_12charts	Part_II/experiments/atlas_12charts/support/logs/smoke_C00_836020.out	FILE	True	True	1474
FIGURE_MANIFEST	Main 6	source_data	expanded_source_data	experiments/atlas_12charts	Part_II/experiments/atlas_12charts/support/logs/train_1129440_0.out	FILE	True	True	9114
FIGURE_MANIFEST	Main 6	source_data	expanded_source_data	experiments/atlas_12charts	Part_II/experiments/atlas_12charts/support/logs/train_1130205_0.out	FILE	True	True	9114
FIGURE_MANIFEST	Main 6	source_data	expanded_source_data	experiments/atlas_12charts	Part_II/experiments/atlas_12charts/support/logs/train_1130205_1.out	FILE	True	True	9111
FIGURE_MANIFEST	Main 6	source_data	expanded_source_data	experiments/atlas_12charts	Part_II/experiments/atlas_12charts/support/logs/train_1130205_10.out	FILE	True	True	9127
FIGURE_MANIFEST	Main 6	source_data	expanded_source_data	experiments/atlas_12charts	Part_II/experiments/atlas_12charts/support/logs/train_1130205_11.out	FILE	True	True	9121
FIGURE_MANIFEST	Main 6	source_data	expanded_source_data	experiments/atlas_12charts	Part_II/experiments/atlas_12charts/support/logs/train_1130205_2.out	FILE	True	True	9112
FIGURE_MANIFEST	Main 6	source_data	expanded_source_data	experiments/atlas_12charts	Part_II/experiments/atlas_12charts/support/logs/train_1130205_3.out	FILE	True	True	9117
FIGURE_MANIFEST	Main 6	source_data	expanded_source_data	experiments/atlas_12charts	Part_II/experiments/atlas_12charts/support/logs/train_1130205_4.out	FILE	True	True	9117
FIGURE_MANIFEST	Main 6	source_data	expanded_source_data	experiments/atlas_12charts	Part_II/experiments/atlas_12charts/support/logs/train_1130205_5.out	FILE	True	True	9119
FIGURE_MANIFEST	Main 6	source_data	expanded_source_data	experiments/atlas_12charts	Part_II/experiments/atlas_12charts/support/logs/train_1130205_6.out	FILE	True	True	9117
FIGURE_MANIFEST	Main 6	source_data	expanded_source_data	experiments/atlas_12charts	Part_II/experiments/atlas_12charts/support/logs/train_1130205_7.out	FILE	True	True	9119
FIGURE_MANIFEST	Main 6	source_data	expanded_source_data	experiments/atlas_12charts	Part_II/experiments/atlas_12charts/support/logs/train_1130205_8.out	FILE	True	True	9117
FIGURE_MANIFEST	Main 6	source_data	expanded_source_data	experiments/atlas_12charts	Part_II/experiments/atlas_12charts/support/logs/train_1130205_9.out	FILE	True	True	9121
FIGURE_MANIFEST	Main 6	source_data	expanded_source_data	experiments/atlas_12charts	Part_II/experiments/atlas_12charts/support/logs/train_827092_0.err	FILE	True	True	758
FIGURE_MANIFEST	Main 6	source_data	expanded_source_data	experiments/atlas_12charts	Part_II/experiments/atlas_12charts/support/logs/train_827092_0.out	FILE	True	True	586
FIGURE_MANIFEST	Main 6	source_data	expanded_source_data	experiments/atlas_12charts	Part_II/experiments/atlas_12charts/support/logs/train_827092_1.err	FILE	True	True	758
FIGURE_MANIFEST	Main 6	source_data	expanded_source_data	experiments/atlas_12charts	Part_II/experiments/atlas_12charts/support/logs/train_827092_1.out	FILE	True	True	586
FIGURE_MANIFEST	Main 6	source_data	expanded_source_data	experiments/atlas_12charts	Part_II/experiments/atlas_12charts/support/logs/train_827092_10.err	FILE	True	True	758
FIGURE_MANIFEST	Main 6	source_data	expanded_source_data	experiments/atlas_12charts	Part_II/experiments/atlas_12charts/support/logs/train_827092_10.out	FILE	True	True	587
FIGURE_MANIFEST	Main 6	source_data	expanded_source_data	experiments/atlas_12charts	Part_II/experiments/atlas_12charts/support/logs/train_827092_11.err	FILE	True	True	758
FIGURE_MANIFEST	Main 6	source_data	expanded_source_data	experiments/atlas_12charts	Part_II/experiments/atlas_12charts/support/logs/train_827092_11.out	FILE	True	True	587
FIGURE_MANIFEST	Main 6	source_data	expanded_source_data	experiments/atlas_12charts	Part_II/experiments/atlas_12charts/support/logs/train_827092_2.err	FILE	True	True	758
FIGURE_MANIFEST	Main 6	source_data	expanded_source_data	experiments/atlas_12charts	Part_II/experiments/atlas_12charts/support/logs/train_827092_2.out	FILE	True	True	586
FIGURE_MANIFEST	Main 6	source_data	expanded_source_data	experiments/atlas_12charts	Part_II/experiments/atlas_12charts/support/logs/train_827092_3.err	FILE	True	True	758
FIGURE_MANIFEST	Main 6	source_data	expanded_source_data	experiments/atlas_12charts	Part_II/experiments/atlas_12charts/support/logs/train_827092_3.out	FILE	True	True	586
FIGURE_MANIFEST	Main 6	source_data	expanded_source_data	experiments/atlas_12charts	Part_II/experiments/atlas_12charts/support/logs/train_827092_4.err	FILE	True	True	758
FIGURE_MANIFEST	Main 6	source_data	expanded_source_data	experiments/atlas_12charts	Part_II/experiments/atlas_12charts/support/logs/train_827092_4.out	FILE	True	True	586
FIGURE_MANIFEST	Main 6	source_data	expanded_source_data	experiments/atlas_12charts	Part_II/experiments/atlas_12charts/support/logs/train_827092_5.err	FILE	True	True	758
FIGURE_MANIFEST	Main 6	source_data	expanded_source_data	experiments/atlas_12charts	Part_II/experiments/atlas_12charts/support/logs/train_827092_5.out	FILE	True	True	586
FIGURE_MANIFEST	Main 6	source_data	expanded_source_data	experiments/atlas_12charts	Part_II/experiments/atlas_12charts/support/logs/train_827092_6.err	FILE	True	True	758
FIGURE_MANIFEST	Main 6	source_data	expanded_source_data	experiments/atlas_12charts	Part_II/experiments/atlas_12charts/support/logs/train_827092_6.out	FILE	True	True	586
FIGURE_MANIFEST	Main 6	source_data	expanded_source_data	experiments/atlas_12charts	Part_II/experiments/atlas_12charts/support/logs/train_827092_7.err	FILE	True	True	758
FIGURE_MANIFEST	Main 6	source_data	expanded_source_data	experiments/atlas_12charts	Part_II/experiments/atlas_12charts/support/logs/train_827092_7.out	FILE	True	True	586
FIGURE_MANIFEST	Main 6	source_data	expanded_source_data	experiments/atlas_12charts	Part_II/experiments/atlas_12charts/support/logs/train_827092_8.err	FILE	True	True	759
FIGURE_MANIFEST	Main 6	source_data	expanded_source_data	experiments/atlas_12charts	Part_II/experiments/atlas_12charts/support/logs/train_827092_8.out	FILE	True	True	587
FIGURE_MANIFEST	Main 6	source_data	expanded_source_data	experiments/atlas_12charts	Part_II/experiments/atlas_12charts/support/logs/train_827092_9.err	FILE	True	True	759
FIGURE_MANIFEST	Main 6	source_data	expanded_source_data	experiments/atlas_12charts	Part_II/experiments/atlas_12charts/support/logs/train_827092_9.out	FILE	True	True	587
FIGURE_MANIFEST	Main 6	source_data	expanded_source_data	experiments/atlas_12charts	Part_II/experiments/atlas_12charts/support/logs/train_839096_0.err	FILE	True	True	236
FIGURE_MANIFEST	Main 6	source_data	expanded_source_data	experiments/atlas_12charts	Part_II/experiments/atlas_12charts/support/logs/train_839096_0.out	FILE	True	True	8329
FIGURE_MANIFEST	Main 6	source_data	expanded_source_data	experiments/atlas_12charts	Part_II/experiments/atlas_12charts/support/logs/train_839096_1.out	FILE	True	True	8322
FIGURE_MANIFEST	Main 6	source_data	expanded_source_data	experiments/atlas_12charts	Part_II/experiments/atlas_12charts/support/logs/train_839096_10.out	FILE	True	True	8339
FIGURE_MANIFEST	Main 6	source_data	expanded_source_data	experiments/atlas_12charts	Part_II/experiments/atlas_12charts/support/logs/train_839096_11.out	FILE	True	True	8334
FIGURE_MANIFEST	Main 6	source_data	expanded_source_data	experiments/atlas_12charts	Part_II/experiments/atlas_12charts/support/logs/train_839096_2.out	FILE	True	True	8325
FIGURE_MANIFEST	Main 6	source_data	expanded_source_data	experiments/atlas_12charts	Part_II/experiments/atlas_12charts/support/logs/train_839096_3.out	FILE	True	True	8330
FIGURE_MANIFEST	Main 6	source_data	expanded_source_data	experiments/atlas_12charts	Part_II/experiments/atlas_12charts/support/logs/train_839096_4.out	FILE	True	True	8334
FIGURE_MANIFEST	Main 6	source_data	expanded_source_data	experiments/atlas_12charts	Part_II/experiments/atlas_12charts/support/logs/train_839096_5.out	FILE	True	True	8333
FIGURE_MANIFEST	Main 6	source_data	expanded_source_data	experiments/atlas_12charts	Part_II/experiments/atlas_12charts/support/logs/train_839096_6.out	FILE	True	True	8327
FIGURE_MANIFEST	Main 6	source_data	expanded_source_data	experiments/atlas_12charts	Part_II/experiments/atlas_12charts/support/logs/train_839096_7.out	FILE	True	True	8334
FIGURE_MANIFEST	Main 6	source_data	expanded_source_data	experiments/atlas_12charts	Part_II/experiments/atlas_12charts/support/logs/train_839096_8.out	FILE	True	True	8332
FIGURE_MANIFEST	Main 6	source_data	expanded_source_data	experiments/atlas_12charts	Part_II/experiments/atlas_12charts/support/logs/train_839096_9.out	FILE	True	True	8336
FIGURE_MANIFEST	Main 6	source_data	expanded_source_data	experiments/atlas_12charts	Part_II/experiments/atlas_12charts/support/spectral_fixed_BASELINE_v1/SHA256SUMS	FILE	True	True	3924
FIGURE_MANIFEST	Main 6	plot_script	direct	code/scripts/data_preparation/prepare_build_supersonic_article_png_assets.py	Part_II/code/scripts/data_preparation/prepare_build_supersonic_article_png_assets.py	FILE	True	True	8045
FIGURE_MANIFEST	Main 7	canonical_source	direct	assets/article_sources/Fig_supersonic_anchor_budget_N76.png	Part_II/assets/article_sources/Fig_supersonic_anchor_budget_N76.png	FILE	True	True	121645
FIGURE_MANIFEST	Main 7	source_data	direct	assets/pinn_supersonic/csv/anchor_budget/atlas2d_v1/table_anchors_N76.csv	Part_II/assets/pinn_supersonic/csv/anchor_budget/atlas2d_v1/table_anchors_N76.csv	FILE	True	True	91555
FIGURE_MANIFEST	Main 7	plot_script	direct	code/scripts/data_preparation/prepare_build_supersonic_article_png_assets.py	Part_II/code/scripts/data_preparation/prepare_build_supersonic_article_png_assets.py	FILE	True	True	8045
FIGURE_MANIFEST	Main 8	canonical_source	direct	assets/article_sources/Fig_supersonic_budget_branch_recovery.png	Part_II/assets/article_sources/Fig_supersonic_budget_branch_recovery.png	FILE	True	True	123070
FIGURE_MANIFEST	Main 8	source_data	direct	assets/article_sources/Fig_supersonic_budget_branch_recovery.png	Part_II/assets/article_sources/Fig_supersonic_budget_branch_recovery.png	FILE	True	True	123070
FIGURE_MANIFEST	Main 8	plot_script	direct	code/scripts/evaluation/make_supersonic_article_result_figures_N76.py	Part_II/code/scripts/evaluation/make_supersonic_article_result_figures_N76.py	FILE	True	True	15937
FIGURE_MANIFEST	Main 9	canonical_source	direct	assets/article_sources/Fig_supersonic_T401_raw_vs_corrected.png	Part_II/assets/article_sources/Fig_supersonic_T401_raw_vs_corrected.png	FILE	True	True	265263
FIGURE_MANIFEST	Main 9	source_data	direct	assets/classic_supersonic/csv/pinn_direct/shooting_T401/table_N76_T401_shooting_401.csv	Part_II/assets/classic_supersonic/csv/pinn_direct/shooting_T401/table_N76_T401_shooting_401.csv	FILE	True	True	133989
FIGURE_MANIFEST	Main 9	plot_script	direct	code/scripts/evaluation/make_supersonic_article_result_figures_N76.py	Part_II/code/scripts/evaluation/make_supersonic_article_result_figures_N76.py	FILE	True	True	15937
FIGURE_MANIFEST	Main 10	canonical_source	direct	assets/article_sources/Fig_T401_matched_seeded_vs_generic.png	Part_II/assets/article_sources/Fig_T401_matched_seeded_vs_generic.png	FILE	True	True	441419
FIGURE_MANIFEST	Main 10	source_data	direct	experiments/matched_branch_localization/results/matched_branch_localization	Part_II/experiments/matched_branch_localization/results/matched_branch_localization	DIR	True	False	0
FIGURE_MANIFEST	Main 10	source_data	expanded_source_data	experiments/matched_branch_localization/results/matched_branch_localization	Part_II/experiments/matched_branch_localization/results/matched_branch_localization/budget_matched/budget_matched_T401/analysis/phase7_by_chart.csv	FILE	True	True	914
FIGURE_MANIFEST	Main 10	source_data	expanded_source_data	experiments/matched_branch_localization/results/matched_branch_localization	Part_II/experiments/matched_branch_localization/results/matched_branch_localization/budget_matched/budget_matched_T401/analysis/phase7_condition_summary.csv	FILE	True	True	416
FIGURE_MANIFEST	Main 10	source_data	expanded_source_data	experiments/matched_branch_localization/results/matched_branch_localization	Part_II/experiments/matched_branch_localization/results/matched_branch_localization/budget_matched/budget_matched_T401/analysis/phase7_failures.csv	FILE	True	True	73626
FIGURE_MANIFEST	Main 10	source_data	expanded_source_data	experiments/matched_branch_localization/results/matched_branch_localization	Part_II/experiments/matched_branch_localization/results/matched_branch_localization/budget_matched/budget_matched_T401/analysis/phase7_paired_T401.csv	FILE	True	True	108836
FIGURE_MANIFEST	Main 10	source_data	expanded_source_data	experiments/matched_branch_localization/results/matched_branch_localization	Part_II/experiments/matched_branch_localization/results/matched_branch_localization/budget_matched/budget_matched_T401/analysis/phase7_summary.json	FILE	True	True	1626
FIGURE_MANIFEST	Main 10	source_data	expanded_source_data	experiments/matched_branch_localization/results/matched_branch_localization	Part_II/experiments/matched_branch_localization/results/matched_branch_localization/budget_matched/budget_matched_T401/generic/generic_candidates_000_051.csv	FILE	True	True	149750
FIGURE_MANIFEST	Main 10	source_data	expanded_source_data	experiments/matched_branch_localization/results/matched_branch_localization	Part_II/experiments/matched_branch_localization/results/matched_branch_localization/budget_matched/budget_matched_T401/generic/generic_candidates_051_101.csv	FILE	True	True	146949
FIGURE_MANIFEST	Main 10	source_data	expanded_source_data	experiments/matched_branch_localization/results/matched_branch_localization	Part_II/experiments/matched_branch_localization/results/matched_branch_localization/budget_matched/budget_matched_T401/generic/generic_candidates_101_151.csv	FILE	True	True	149163
FIGURE_MANIFEST	Main 10	source_data	expanded_source_data	experiments/matched_branch_localization/results/matched_branch_localization	Part_II/experiments/matched_branch_localization/results/matched_branch_localization/budget_matched/budget_matched_T401/generic/generic_candidates_151_201.csv	FILE	True	True	148834
FIGURE_MANIFEST	Main 10	source_data	expanded_source_data	experiments/matched_branch_localization/results/matched_branch_localization	Part_II/experiments/matched_branch_localization/results/matched_branch_localization/budget_matched/budget_matched_T401/generic/generic_candidates_201_251.csv	FILE	True	True	149762
FIGURE_MANIFEST	Main 10	source_data	expanded_source_data	experiments/matched_branch_localization/results/matched_branch_localization	Part_II/experiments/matched_branch_localization/results/matched_branch_localization/budget_matched/budget_matched_T401/generic/generic_candidates_251_301.csv	FILE	True	True	150192
FIGURE_MANIFEST	Main 10	source_data	expanded_source_data	experiments/matched_branch_localization/results/matched_branch_localization	Part_II/experiments/matched_branch_localization/results/matched_branch_localization/budget_matched/budget_matched_T401/generic/generic_candidates_301_351.csv	FILE	True	True	149664
FIGURE_MANIFEST	Main 10	source_data	expanded_source_data	experiments/matched_branch_localization/results/matched_branch_localization	Part_II/experiments/matched_branch_localization/results/matched_branch_localization/budget_matched/budget_matched_T401/generic/generic_candidates_351_401.csv	FILE	True	True	150456
FIGURE_MANIFEST	Main 10	source_data	expanded_source_data	experiments/matched_branch_localization/results/matched_branch_localization	Part_II/experiments/matched_branch_localization/results/matched_branch_localization/budget_matched/budget_matched_T401/generic/generic_metadata_000_051.json	FILE	True	True	990
FIGURE_MANIFEST	Main 10	source_data	expanded_source_data	experiments/matched_branch_localization/results/matched_branch_localization	Part_II/experiments/matched_branch_localization/results/matched_branch_localization/budget_matched/budget_matched_T401/generic/generic_metadata_051_101.json	FILE	True	True	992
FIGURE_MANIFEST	Main 10	source_data	expanded_source_data	experiments/matched_branch_localization/results/matched_branch_localization	Part_II/experiments/matched_branch_localization/results/matched_branch_localization/budget_matched/budget_matched_T401/generic/generic_metadata_101_151.json	FILE	True	True	993
FIGURE_MANIFEST	Main 10	source_data	expanded_source_data	experiments/matched_branch_localization/results/matched_branch_localization	Part_II/experiments/matched_branch_localization/results/matched_branch_localization/budget_matched/budget_matched_T401/generic/generic_metadata_151_201.json	FILE	True	True	993
FIGURE_MANIFEST	Main 10	source_data	expanded_source_data	experiments/matched_branch_localization/results/matched_branch_localization	Part_II/experiments/matched_branch_localization/results/matched_branch_localization/budget_matched/budget_matched_T401/generic/generic_metadata_201_251.json	FILE	True	True	993
FIGURE_MANIFEST	Main 10	source_data	expanded_source_data	experiments/matched_branch_localization/results/matched_branch_localization	Part_II/experiments/matched_branch_localization/results/matched_branch_localization/budget_matched/budget_matched_T401/generic/generic_metadata_251_301.json	FILE	True	True	993
FIGURE_MANIFEST	Main 10	source_data	expanded_source_data	experiments/matched_branch_localization/results/matched_branch_localization	Part_II/experiments/matched_branch_localization/results/matched_branch_localization/budget_matched/budget_matched_T401/generic/generic_metadata_301_351.json	FILE	True	True	993
FIGURE_MANIFEST	Main 10	source_data	expanded_source_data	experiments/matched_branch_localization/results/matched_branch_localization	Part_II/experiments/matched_branch_localization/results/matched_branch_localization/budget_matched/budget_matched_T401/generic/generic_metadata_351_401.json	FILE	True	True	993
FIGURE_MANIFEST	Main 10	source_data	expanded_source_data	experiments/matched_branch_localization/results/matched_branch_localization	Part_II/experiments/matched_branch_localization/results/matched_branch_localization/budget_matched/budget_matched_T401/generic/generic_summary_000_051.csv	FILE	True	True	14352
FIGURE_MANIFEST	Main 10	source_data	expanded_source_data	experiments/matched_branch_localization/results/matched_branch_localization	Part_II/experiments/matched_branch_localization/results/matched_branch_localization/budget_matched/budget_matched_T401/generic/generic_summary_051_101.csv	FILE	True	True	13803
FIGURE_MANIFEST	Main 10	source_data	expanded_source_data	experiments/matched_branch_localization/results/matched_branch_localization	Part_II/experiments/matched_branch_localization/results/matched_branch_localization/budget_matched/budget_matched_T401/generic/generic_summary_101_151.csv	FILE	True	True	13964
FIGURE_MANIFEST	Main 10	source_data	expanded_source_data	experiments/matched_branch_localization/results/matched_branch_localization	Part_II/experiments/matched_branch_localization/results/matched_branch_localization/budget_matched/budget_matched_T401/generic/generic_summary_151_201.csv	FILE	True	True	14002
FIGURE_MANIFEST	Main 10	source_data	expanded_source_data	experiments/matched_branch_localization/results/matched_branch_localization	Part_II/experiments/matched_branch_localization/results/matched_branch_localization/budget_matched/budget_matched_T401/generic/generic_summary_201_251.csv	FILE	True	True	14120
FIGURE_MANIFEST	Main 10	source_data	expanded_source_data	experiments/matched_branch_localization/results/matched_branch_localization	Part_II/experiments/matched_branch_localization/results/matched_branch_localization/budget_matched/budget_matched_T401/generic/generic_summary_251_301.csv	FILE	True	True	14051
FIGURE_MANIFEST	Main 10	source_data	expanded_source_data	experiments/matched_branch_localization/results/matched_branch_localization	Part_II/experiments/matched_branch_localization/results/matched_branch_localization/budget_matched/budget_matched_T401/generic/generic_summary_301_351.csv	FILE	True	True	14117
FIGURE_MANIFEST	Main 10	source_data	expanded_source_data	experiments/matched_branch_localization/results/matched_branch_localization	Part_II/experiments/matched_branch_localization/results/matched_branch_localization/budget_matched/budget_matched_T401/generic/generic_summary_351_401.csv	FILE	True	True	13938
FIGURE_MANIFEST	Main 10	source_data	expanded_source_data	experiments/matched_branch_localization/results/matched_branch_localization	Part_II/experiments/matched_branch_localization/results/matched_branch_localization/budget_matched/budget_matched_T401/phase7_analysis_stdout.txt	FILE	True	True	100479
FIGURE_MANIFEST	Main 10	source_data	expanded_source_data	experiments/matched_branch_localization/results/matched_branch_localization	Part_II/experiments/matched_branch_localization/results/matched_branch_localization/budget_matched/seeded_reference/N76_T401_shooting_401.csv	FILE	True	True	133989
FIGURE_MANIFEST	Main 10	source_data	expanded_source_data	experiments/matched_branch_localization/results/matched_branch_localization	Part_II/experiments/matched_branch_localization/results/matched_branch_localization/generic_vs_seeded/results/analysis/condition_summary.csv	FILE	True	True	684
FIGURE_MANIFEST	Main 10	source_data	expanded_source_data	experiments/matched_branch_localization/results/matched_branch_localization	Part_II/experiments/matched_branch_localization/results/matched_branch_localization/generic_vs_seeded/results/analysis/generic_candidates_combined.csv	FILE	True	True	295673
FIGURE_MANIFEST	Main 10	source_data	expanded_source_data	experiments/matched_branch_localization/results/matched_branch_localization	Part_II/experiments/matched_branch_localization/results/matched_branch_localization/generic_vs_seeded/results/analysis/generic_point_costs.csv	FILE	True	True	2472
FIGURE_MANIFEST	Main 10	source_data	expanded_source_data	experiments/matched_branch_localization/results/matched_branch_localization	Part_II/experiments/matched_branch_localization/results/matched_branch_localization/generic_vs_seeded/results/analysis/generic_summary_combined.csv	FILE	True	True	29399
FIGURE_MANIFEST	Main 10	source_data	expanded_source_data	experiments/matched_branch_localization/results/matched_branch_localization	Part_II/experiments/matched_branch_localization/results/matched_branch_localization/generic_vs_seeded/results/analysis/paired_continuous_summary.csv	FILE	True	True	368
FIGURE_MANIFEST	Main 10	source_data	expanded_source_data	experiments/matched_branch_localization/results/matched_branch_localization	Part_II/experiments/matched_branch_localization/results/matched_branch_localization/generic_vs_seeded/results/analysis/paired_discordances.csv	FILE	True	True	170
FIGURE_MANIFEST	Main 10	source_data	expanded_source_data	experiments/matched_branch_localization/results/matched_branch_localization	Part_II/experiments/matched_branch_localization/results/matched_branch_localization/generic_vs_seeded/results/analysis/paired_point_results.csv	FILE	True	True	11423
FIGURE_MANIFEST	Main 10	source_data	expanded_source_data	experiments/matched_branch_localization/results/matched_branch_localization	Part_II/experiments/matched_branch_localization/results/matched_branch_localization/generic_vs_seeded/results/analysis/phase6_verdict.txt	FILE	True	True	1449
FIGURE_MANIFEST	Main 10	source_data	expanded_source_data	experiments/matched_branch_localization/results/matched_branch_localization	Part_II/experiments/matched_branch_localization/results/matched_branch_localization/generic_vs_seeded/results/analysis/seeded_candidates_combined.csv	FILE	True	True	301053
FIGURE_MANIFEST	Main 10	source_data	expanded_source_data	experiments/matched_branch_localization/results/matched_branch_localization	Part_II/experiments/matched_branch_localization/results/matched_branch_localization/generic_vs_seeded/results/analysis/seeded_point_costs.csv	FILE	True	True	2482
FIGURE_MANIFEST	Main 10	source_data	expanded_source_data	experiments/matched_branch_localization/results/matched_branch_localization	Part_II/experiments/matched_branch_localization/results/matched_branch_localization/generic_vs_seeded/results/analysis/seeded_summary_combined.csv	FILE	True	True	29730
FIGURE_MANIFEST	Main 10	source_data	expanded_source_data	experiments/matched_branch_localization/results/matched_branch_localization	Part_II/experiments/matched_branch_localization/results/matched_branch_localization/generic_vs_seeded/results/analysis/target_failures.csv	FILE	True	True	11255
FIGURE_MANIFEST	Main 10	source_data	expanded_source_data	experiments/matched_branch_localization/results/matched_branch_localization	Part_II/experiments/matched_branch_localization/results/matched_branch_localization/generic_vs_seeded/results/candidates_generic_00_32.csv	FILE	True	True	91881
FIGURE_MANIFEST	Main 10	source_data	expanded_source_data	experiments/matched_branch_localization/results/matched_branch_localization	Part_II/experiments/matched_branch_localization/results/matched_branch_localization/generic_vs_seeded/results/candidates_generic_32_64.csv	FILE	True	True	92775
FIGURE_MANIFEST	Main 10	source_data	expanded_source_data	experiments/matched_branch_localization/results/matched_branch_localization	Part_II/experiments/matched_branch_localization/results/matched_branch_localization/generic_vs_seeded/results/candidates_seeded_00_32.csv	FILE	True	True	94933
FIGURE_MANIFEST	Main 10	source_data	expanded_source_data	experiments/matched_branch_localization/results/matched_branch_localization	Part_II/experiments/matched_branch_localization/results/matched_branch_localization/generic_vs_seeded/results/candidates_seeded_32_64.csv	FILE	True	True	96136
FIGURE_MANIFEST	Main 10	source_data	expanded_source_data	experiments/matched_branch_localization/results/matched_branch_localization	Part_II/experiments/matched_branch_localization/results/matched_branch_localization/generic_vs_seeded/results/metadata_generic_00_32.json	FILE	True	True	925
FIGURE_MANIFEST	Main 10	source_data	expanded_source_data	experiments/matched_branch_localization/results/matched_branch_localization	Part_II/experiments/matched_branch_localization/results/matched_branch_localization/generic_vs_seeded/results/metadata_generic_32_64.json	FILE	True	True	926
FIGURE_MANIFEST	Main 10	source_data	expanded_source_data	experiments/matched_branch_localization/results/matched_branch_localization	Part_II/experiments/matched_branch_localization/results/matched_branch_localization/generic_vs_seeded/results/metadata_seeded_00_32.json	FILE	True	True	924
FIGURE_MANIFEST	Main 10	source_data	expanded_source_data	experiments/matched_branch_localization/results/matched_branch_localization	Part_II/experiments/matched_branch_localization/results/matched_branch_localization/generic_vs_seeded/results/metadata_seeded_32_64.json	FILE	True	True	925
FIGURE_MANIFEST	Main 10	source_data	expanded_source_data	experiments/matched_branch_localization/results/matched_branch_localization	Part_II/experiments/matched_branch_localization/results/matched_branch_localization/generic_vs_seeded/results/phase6_analysis_stdout.txt	FILE	True	True	18417
FIGURE_MANIFEST	Main 10	source_data	expanded_source_data	experiments/matched_branch_localization/results/matched_branch_localization	Part_II/experiments/matched_branch_localization/results/matched_branch_localization/generic_vs_seeded/results/summary_generic_00_32.csv	FILE	True	True	10029
FIGURE_MANIFEST	Main 10	source_data	expanded_source_data	experiments/matched_branch_localization/results/matched_branch_localization	Part_II/experiments/matched_branch_localization/results/matched_branch_localization/generic_vs_seeded/results/summary_generic_32_64.csv	FILE	True	True	10075
FIGURE_MANIFEST	Main 10	source_data	expanded_source_data	experiments/matched_branch_localization/results/matched_branch_localization	Part_II/experiments/matched_branch_localization/results/matched_branch_localization/generic_vs_seeded/results/summary_seeded_00_32.csv	FILE	True	True	10346
FIGURE_MANIFEST	Main 10	source_data	expanded_source_data	experiments/matched_branch_localization/results/matched_branch_localization	Part_II/experiments/matched_branch_localization/results/matched_branch_localization/generic_vs_seeded/results/summary_seeded_32_64.csv	FILE	True	True	10457
FIGURE_MANIFEST	Main 10	plot_script	direct	code/plots/generators/article/build_T401_matched_seeded_vs_generic.py	Part_II/code/plots/generators/article/build_T401_matched_seeded_vs_generic.py	FILE	True	True	9955
FIGURE_MANIFEST	Main 11	canonical_source	direct	assets/article_sources/Fig_T401_failure_basin_map.png	Part_II/assets/article_sources/Fig_T401_failure_basin_map.png	FILE	True	True	427612
FIGURE_MANIFEST	Main 11	source_data	direct	experiments/failure_basin/results/failure_basin	Part_II/experiments/failure_basin/results/failure_basin	DIR	True	False	0
FIGURE_MANIFEST	Main 11	source_data	expanded_source_data	experiments/failure_basin/results/failure_basin	Part_II/experiments/failure_basin/results/failure_basin/analysis/phase8_basin_all_points.csv	FILE	True	True	371848
FIGURE_MANIFEST	Main 11	source_data	expanded_source_data	experiments/failure_basin/results/failure_basin	Part_II/experiments/failure_basin/results/failure_basin/analysis/phase8_nearest_pinn_seed.csv	FILE	True	True	952
FIGURE_MANIFEST	Main 11	source_data	expanded_source_data	experiments/failure_basin/results/failure_basin	Part_II/experiments/failure_basin/results/failure_basin/analysis/phase8_summary.json	FILE	True	True	717
FIGURE_MANIFEST	Main 11	source_data	expanded_source_data	experiments/failure_basin/results/failure_basin	Part_II/experiments/failure_basin/results/failure_basin/analysis/phase8_target_basin_points.csv	FILE	True	True	17264
FIGURE_MANIFEST	Main 11	source_data	expanded_source_data	experiments/failure_basin/results/failure_basin	Part_II/experiments/failure_basin/results/failure_basin/analysis/phase8_target_fraction_by_ci0.csv	FILE	True	True	646
FIGURE_MANIFEST	Main 11	source_data	expanded_source_data	experiments/failure_basin/results/failure_basin	Part_II/experiments/failure_basin/results/failure_basin/analysis/phase8_target_fraction_by_cr0.csv	FILE	True	True	598
FIGURE_MANIFEST	Main 11	source_data	expanded_source_data	experiments/failure_basin/results/failure_basin	Part_II/experiments/failure_basin/results/failure_basin/basin_raw/basin_0000_0097.csv	FILE	True	True	29096
FIGURE_MANIFEST	Main 11	source_data	expanded_source_data	experiments/failure_basin/results/failure_basin	Part_II/experiments/failure_basin/results/failure_basin/basin_raw/basin_0097_0194.csv	FILE	True	True	29611
FIGURE_MANIFEST	Main 11	source_data	expanded_source_data	experiments/failure_basin/results/failure_basin	Part_II/experiments/failure_basin/results/failure_basin/basin_raw/basin_0194_0291.csv	FILE	True	True	29576
FIGURE_MANIFEST	Main 11	source_data	expanded_source_data	experiments/failure_basin/results/failure_basin	Part_II/experiments/failure_basin/results/failure_basin/basin_raw/basin_0291_0388.csv	FILE	True	True	29625
FIGURE_MANIFEST	Main 11	source_data	expanded_source_data	experiments/failure_basin/results/failure_basin	Part_II/experiments/failure_basin/results/failure_basin/basin_raw/basin_0388_0485.csv	FILE	True	True	29585
FIGURE_MANIFEST	Main 11	source_data	expanded_source_data	experiments/failure_basin/results/failure_basin	Part_II/experiments/failure_basin/results/failure_basin/basin_raw/basin_0485_0582.csv	FILE	True	True	29057
FIGURE_MANIFEST	Main 11	source_data	expanded_source_data	experiments/failure_basin/results/failure_basin	Part_II/experiments/failure_basin/results/failure_basin/basin_raw/basin_0582_0679.csv	FILE	True	True	29521
FIGURE_MANIFEST	Main 11	source_data	expanded_source_data	experiments/failure_basin/results/failure_basin	Part_II/experiments/failure_basin/results/failure_basin/basin_raw/basin_0679_0775.csv	FILE	True	True	28788
FIGURE_MANIFEST	Main 11	source_data	expanded_source_data	experiments/failure_basin/results/failure_basin	Part_II/experiments/failure_basin/results/failure_basin/logs/basin_1513522_0.err	FILE	True	True	236
FIGURE_MANIFEST	Main 11	source_data	expanded_source_data	experiments/failure_basin/results/failure_basin	Part_II/experiments/failure_basin/results/failure_basin/logs/basin_1513522_0.out	FILE	True	True	11144
FIGURE_MANIFEST	Main 11	source_data	expanded_source_data	experiments/failure_basin/results/failure_basin	Part_II/experiments/failure_basin/results/failure_basin/logs/basin_1513522_1.err	FILE	True	True	236
FIGURE_MANIFEST	Main 11	source_data	expanded_source_data	experiments/failure_basin/results/failure_basin	Part_II/experiments/failure_basin/results/failure_basin/logs/basin_1513522_1.out	FILE	True	True	10878
FIGURE_MANIFEST	Main 11	source_data	expanded_source_data	experiments/failure_basin/results/failure_basin	Part_II/experiments/failure_basin/results/failure_basin/logs/basin_1513522_2.err	FILE	True	True	236
FIGURE_MANIFEST	Main 11	source_data	expanded_source_data	experiments/failure_basin/results/failure_basin	Part_II/experiments/failure_basin/results/failure_basin/logs/basin_1513522_2.out	FILE	True	True	11013
FIGURE_MANIFEST	Main 11	source_data	expanded_source_data	experiments/failure_basin/results/failure_basin	Part_II/experiments/failure_basin/results/failure_basin/logs/basin_1513522_3.err	FILE	True	True	236
FIGURE_MANIFEST	Main 11	source_data	expanded_source_data	experiments/failure_basin/results/failure_basin	Part_II/experiments/failure_basin/results/failure_basin/logs/basin_1513522_3.out	FILE	True	True	11157
FIGURE_MANIFEST	Main 11	source_data	expanded_source_data	experiments/failure_basin/results/failure_basin	Part_II/experiments/failure_basin/results/failure_basin/logs/basin_1513522_4.err	FILE	True	True	236
FIGURE_MANIFEST	Main 11	source_data	expanded_source_data	experiments/failure_basin/results/failure_basin	Part_II/experiments/failure_basin/results/failure_basin/logs/basin_1513522_4.out	FILE	True	True	11105
FIGURE_MANIFEST	Main 11	source_data	expanded_source_data	experiments/failure_basin/results/failure_basin	Part_II/experiments/failure_basin/results/failure_basin/logs/basin_1513522_5.err	FILE	True	True	236
FIGURE_MANIFEST	Main 11	source_data	expanded_source_data	experiments/failure_basin/results/failure_basin	Part_II/experiments/failure_basin/results/failure_basin/logs/basin_1513522_5.out	FILE	True	True	10842
FIGURE_MANIFEST	Main 11	source_data	expanded_source_data	experiments/failure_basin/results/failure_basin	Part_II/experiments/failure_basin/results/failure_basin/logs/basin_1513522_6.err	FILE	True	True	236
FIGURE_MANIFEST	Main 11	source_data	expanded_source_data	experiments/failure_basin/results/failure_basin	Part_II/experiments/failure_basin/results/failure_basin/logs/basin_1513522_6.out	FILE	True	True	10961
FIGURE_MANIFEST	Main 11	source_data	expanded_source_data	experiments/failure_basin/results/failure_basin	Part_II/experiments/failure_basin/results/failure_basin/logs/basin_1513522_7.err	FILE	True	True	236
FIGURE_MANIFEST	Main 11	source_data	expanded_source_data	experiments/failure_basin/results/failure_basin	Part_II/experiments/failure_basin/results/failure_basin/logs/basin_1513522_7.out	FILE	True	True	10859
FIGURE_MANIFEST	Main 11	source_data	expanded_source_data	experiments/failure_basin/results/failure_basin	Part_II/experiments/failure_basin/results/failure_basin/phase8_basin_analysis_stdout.txt	FILE	True	True	3609
FIGURE_MANIFEST	Main 11	plot_script	direct	code/plots/generators/article/build_T401_failure_basin_map.py	Part_II/code/plots/generators/article/build_T401_failure_basin_map.py	FILE	True	True	15648
FIGURE_MANIFEST	Main 12	canonical_source	direct	assets/article_sources/Fig_supersonic_modal_overlay_M140_a018_real.png	Part_II/assets/article_sources/Fig_supersonic_modal_overlay_M140_a018_real.png	FILE	True	True	1178019
FIGURE_MANIFEST	Main 12	source_data	direct	assets/pinn_supersonic/png/modal_reconstruction/p3-supersonic-results/Fig_supersonic_modal_overlay_M140_a018_real.png	Part_II/assets/pinn_supersonic/png/modal_reconstruction/p3-supersonic-results/Fig_supersonic_modal_overlay_M140_a018_real.png	FILE	True	True	1178019
FIGURE_MANIFEST	Main 13	canonical_source	direct	assets/article_sources/Fig_supersonic_modal_overlay_M140_a018_imag.png	Part_II/assets/article_sources/Fig_supersonic_modal_overlay_M140_a018_imag.png	FILE	True	True	1136237
FIGURE_MANIFEST	Main 13	source_data	direct	assets/pinn_supersonic/png/modal_reconstruction/p3-supersonic-results/Fig_supersonic_modal_overlay_M140_a018_imag.png	Part_II/assets/pinn_supersonic/png/modal_reconstruction/p3-supersonic-results/Fig_supersonic_modal_overlay_M140_a018_imag.png	FILE	True	True	1136237
FIGURE_MANIFEST	Main 14	canonical_source	direct	assets/article_sources/Fig_supersonic_computational_cost_and_robustness.png	Part_II/assets/article_sources/Fig_supersonic_computational_cost_and_robustness.png	FILE	True	True	531590
FIGURE_MANIFEST	Main 14	source_data	direct	experiments/computational_cost	Part_II/experiments/computational_cost	DIR	True	False	0
FIGURE_MANIFEST	Main 14	source_data	expanded_source_data	experiments/computational_cost	Part_II/experiments/computational_cost/legacy/code_review/riccati_residual_search.txt	FILE	True	True	25142
FIGURE_MANIFEST	Main 14	source_data	expanded_source_data	experiments/computational_cost	Part_II/experiments/computational_cost/results/article_compute_cost/gpu_hours_summary.json	FILE	True	True	642
FIGURE_MANIFEST	Main 14	source_data	expanded_source_data	experiments/computational_cost	Part_II/experiments/computational_cost/results/article_compute_cost/training_jobs_clean.csv	FILE	True	True	1921
FIGURE_MANIFEST	Main 14	source_data	expanded_source_data	experiments/computational_cost	Part_II/experiments/computational_cost/results/article_compute_cost/training_jobs_sacct_raw.psv	FILE	True	True	1742
FIGURE_MANIFEST	Main 14	source_data	expanded_source_data	experiments/computational_cost	Part_II/experiments/computational_cost/support/N76/COST500_seed_generation.txt	FILE	True	True	14435
FIGURE_MANIFEST	Main 14	source_data	expanded_source_data	experiments/computational_cost	Part_II/experiments/computational_cost/support/freeze/SHA256SUMS	FILE	True	True	168
FIGURE_MANIFEST	Main 14	source_data	expanded_source_data	experiments/computational_cost	Part_II/experiments/computational_cost/support/provenance/witness_solver_result_schema.md	FILE	True	True	1109
FIGURE_MANIFEST	Main 14	source_data	expanded_source_data	experiments/computational_cost	Part_II/experiments/computational_cost/support/provenance/witness_spectral_calibration.md	FILE	True	True	995
FIGURE_MANIFEST	Main 14	plot_script	direct	code/scripts/data_preparation/prepare_build_computational_cost_asset_N76.py	Part_II/code/scripts/data_preparation/prepare_build_computational_cost_asset_N76.py	FILE	True	True	10558
FIGURE_MANIFEST	Supplementary S2a	canonical_source	direct	assets/article_sources/Fig_S2a_blumen_pointwise_delta_ci.png	Part_II/assets/article_sources/Fig_S2a_blumen_pointwise_delta_ci.png	FILE	True	True	279873
FIGURE_MANIFEST	Supplementary S2a	source_data	direct	article/tables/table_Tab_supersonic_blumen_pointwise_errors.csv	Part_II/article/tables/table_Tab_supersonic_blumen_pointwise_errors.csv	FILE	True	True	46872
FIGURE_MANIFEST	Supplementary S2b	canonical_source	direct	assets/article_sources/Fig_S2b_blumen_fixedM_delta_alpha.png	Part_II/assets/article_sources/Fig_S2b_blumen_fixedM_delta_alpha.png	FILE	True	True	59573
FIGURE_MANIFEST	Supplementary S2b	source_data	direct	article/tables/table_Tab_supersonic_blumen_pointwise_2panel_summary.csv	Part_II/article/tables/table_Tab_supersonic_blumen_pointwise_2panel_summary.csv	FILE	True	True	186
FIGURE_MANIFEST	Supplementary S4a	canonical_source	direct	assets/article_sources/Fig_S4a_spectral_integration_convergence.png	Part_II/assets/article_sources/Fig_S4a_spectral_integration_convergence.png	FILE	True	True	235264
FIGURE_MANIFEST	Supplementary S4a	source_data	direct	article/tables/table_Tab_supersonic_eigenvalue_convergence.csv	Part_II/article/tables/table_Tab_supersonic_eigenvalue_convergence.csv	FILE	True	True	5763
FIGURE_MANIFEST	Supplementary S4b	canonical_source	direct	assets/article_sources/Fig_S4b_spectral_box_convergence.png	Part_II/assets/article_sources/Fig_S4b_spectral_box_convergence.png	FILE	True	True	507038
FIGURE_MANIFEST	Supplementary S4b	source_data	direct	article/tables/table_Tab_supersonic_box_and_matching_robustness.csv	Part_II/article/tables/table_Tab_supersonic_box_and_matching_robustness.csv	FILE	True	True	1984
FIGURE_MANIFEST	Supplementary S4c	canonical_source	direct	assets/article_sources/Fig_S4c_matching_location_sensitivity.png	Part_II/assets/article_sources/Fig_S4c_matching_location_sensitivity.png	FILE	True	True	46981
FIGURE_MANIFEST	Supplementary S4c	source_data	direct	experiments/classical_convergence/legacy_outputs/convergence_tables/table_matching_location_summary.csv	Part_II/experiments/classical_convergence/legacy_outputs/convergence_tables/table_matching_location_summary.csv	FILE	True	True	258
FIGURE_MANIFEST	Supplementary S4d	canonical_source	direct	assets/article_sources/Fig_S4d_modal_convergence.png	Part_II/assets/article_sources/Fig_S4d_modal_convergence.png	FILE	True	True	51649
FIGURE_MANIFEST	Supplementary S4d	source_data	direct	experiments/modal_reconstruction/legacy_outputs/convergence_tables/table_modal_convergence_errors.csv	Part_II/experiments/modal_reconstruction/legacy_outputs/convergence_tables/table_modal_convergence_errors.csv	FILE	True	True	25837
FIGURE_MANIFEST	Supplementary S5	canonical_source	direct	assets/article_sources/Fig_independent_physics_residual_audit.png	Part_II/assets/article_sources/Fig_independent_physics_residual_audit.png	FILE	True	True	1462890
FIGURE_MANIFEST	Supplementary S5	source_data	direct	experiments/physics_residual_audit/results	Part_II/experiments/physics_residual_audit/results	DIR	True	False	0
FIGURE_MANIFEST	Supplementary S5	source_data	expanded_source_data	experiments/physics_residual_audit/results	Part_II/experiments/physics_residual_audit/results/independent/T401_stratified_subset.csv	FILE	True	True	16730
FIGURE_MANIFEST	Supplementary S5	source_data	expanded_source_data	experiments/physics_residual_audit/results	Part_II/experiments/physics_residual_audit/results/independent/physics_residual_audit_metadata.json	FILE	True	True	9935
FIGURE_MANIFEST	Supplementary S5	source_data	expanded_source_data	experiments/physics_residual_audit/results	Part_II/experiments/physics_residual_audit/results/independent/physics_residual_by_chart.csv	FILE	True	True	32863
FIGURE_MANIFEST	Supplementary S5	source_data	expanded_source_data	experiments/physics_residual_audit/results	Part_II/experiments/physics_residual_audit/results/independent/physics_residual_by_spatial_region.csv	FILE	True	True	1012
FIGURE_MANIFEST	Supplementary S5	source_data	expanded_source_data	experiments/physics_residual_audit/results	Part_II/experiments/physics_residual_audit/results/independent/physics_residual_by_xi_region.csv	FILE	True	True	849
FIGURE_MANIFEST	Supplementary S5	source_data	expanded_source_data	experiments/physics_residual_audit/results	Part_II/experiments/physics_residual_audit/results/independent/physics_residual_coordinate_summary.csv	FILE	True	True	238666
FIGURE_MANIFEST	Supplementary S5	source_data	expanded_source_data	experiments/physics_residual_audit/results	Part_II/experiments/physics_residual_audit/results/independent/physics_residual_global_summary.csv	FILE	True	True	4099
FIGURE_MANIFEST	Supplementary S5	source_data	expanded_source_data	experiments/physics_residual_audit/results	Part_II/experiments/physics_residual_audit/results/independent/physics_residual_pointwise.csv	FILE	True	True	11865418
FIGURE_MANIFEST	Supplementary S5	source_data	expanded_source_data	experiments/physics_residual_audit/results	Part_II/experiments/physics_residual_audit/results/independent/physics_residual_worst_coordinates.csv	FILE	True	True	9338
FIGURE_MANIFEST	Supplementary S5	source_data	expanded_source_data	experiments/physics_residual_audit/results	Part_II/experiments/physics_residual_audit/results/stage_comparison/T401_stratified_subset.csv	FILE	True	True	16730
FIGURE_MANIFEST	Supplementary S5	source_data	expanded_source_data	experiments/physics_residual_audit/results	Part_II/experiments/physics_residual_audit/results/stage_comparison/physics_residual_audit_metadata.json	FILE	True	True	19092
FIGURE_MANIFEST	Supplementary S5	source_data	expanded_source_data	experiments/physics_residual_audit/results	Part_II/experiments/physics_residual_audit/results/stage_comparison/physics_residual_by_chart.csv	FILE	True	True	65528
FIGURE_MANIFEST	Supplementary S5	source_data	expanded_source_data	experiments/physics_residual_audit/results	Part_II/experiments/physics_residual_audit/results/stage_comparison/physics_residual_coordinate_summary.csv	FILE	True	True	475052
FIGURE_MANIFEST	Supplementary S5	source_data	expanded_source_data	experiments/physics_residual_audit/results	Part_II/experiments/physics_residual_audit/results/stage_comparison/physics_residual_global_summary.csv	FILE	True	True	8122
FIGURE_MANIFEST	Supplementary S5	source_data	expanded_source_data	experiments/physics_residual_audit/results	Part_II/experiments/physics_residual_audit/results/stage_comparison/physics_residual_pointwise.csv	FILE	True	True	23636708
FIGURE_MANIFEST	Supplementary S5	source_data	expanded_source_data	experiments/physics_residual_audit/results	Part_II/experiments/physics_residual_audit/results/stage_comparison/physics_residual_worst_coordinates.csv	FILE	True	True	9280
FIGURE_MANIFEST	Supplementary S5	source_data	expanded_source_data	experiments/physics_residual_audit/results	Part_II/experiments/physics_residual_audit/results/stage_comparison/stage2_vs_stage3_by_chart.csv	FILE	True	True	11389
FIGURE_MANIFEST	Supplementary S5	source_data	expanded_source_data	experiments/physics_residual_audit/results	Part_II/experiments/physics_residual_audit/results/stage_comparison/stage2_vs_stage3_paired_coordinates.csv	FILE	True	True	192750
FIGURE_MANIFEST	Supplementary S5	source_data	expanded_source_data	experiments/physics_residual_audit/results	Part_II/experiments/physics_residual_audit/results/stage_comparison/stage2_vs_stage3_pointwise_summary.csv	FILE	True	True	1243
FIGURE_MANIFEST	Supplementary S5	source_data	expanded_source_data	experiments/physics_residual_audit/results	Part_II/experiments/physics_residual_audit/results/stage_comparison/stage2_vs_stage3_summary.csv	FILE	True	True	3560
FIGURE_MANIFEST	Supplementary S5	plot_script	direct	code/plots/generators/article/build_independent_physics_residual_audit.py	Part_II/code/plots/generators/article/build_independent_physics_residual_audit.py	FILE	True	True	13229
FIGURE_MANIFEST	Supplementary S6	canonical_source	direct	assets/article_sources/Fig_multiseed_physics_vs_anchors_ablation.png	Part_II/assets/article_sources/Fig_multiseed_physics_vs_anchors_ablation.png	FILE	True	True	636327
FIGURE_MANIFEST	Supplementary S6	source_data	direct	experiments/multiseed_ablation/results/multiseed_ablation	Part_II/experiments/multiseed_ablation/results/multiseed_ablation	DIR	True	False	0
FIGURE_MANIFEST	Supplementary S6	source_data	expanded_source_data	experiments/multiseed_ablation/results/multiseed_ablation	Part_II/experiments/multiseed_ablation/results/multiseed_ablation/N60_fullc_seed1/configs/C00.json	FILE	True	True	1363
FIGURE_MANIFEST	Supplementary S6	source_data	expanded_source_data	experiments/multiseed_ablation/results/multiseed_ablation	Part_II/experiments/multiseed_ablation/results/multiseed_ablation/N60_fullc_seed1/configs/C01.json	FILE	True	True	1362
FIGURE_MANIFEST	Supplementary S6	source_data	expanded_source_data	experiments/multiseed_ablation/results/multiseed_ablation	Part_II/experiments/multiseed_ablation/results/multiseed_ablation/N60_fullc_seed1/configs/C02.json	FILE	True	True	1364
FIGURE_MANIFEST	Supplementary S6	source_data	expanded_source_data	experiments/multiseed_ablation/results/multiseed_ablation	Part_II/experiments/multiseed_ablation/results/multiseed_ablation/N60_fullc_seed1/configs/C10.json	FILE	True	True	1365
FIGURE_MANIFEST	Supplementary S6	source_data	expanded_source_data	experiments/multiseed_ablation/results/multiseed_ablation	Part_II/experiments/multiseed_ablation/results/multiseed_ablation/N60_fullc_seed1/configs/C11.json	FILE	True	True	1375
FIGURE_MANIFEST	Supplementary S6	source_data	expanded_source_data	experiments/multiseed_ablation/results/multiseed_ablation	Part_II/experiments/multiseed_ablation/results/multiseed_ablation/N60_fullc_seed1/configs/C12.json	FILE	True	True	1377
FIGURE_MANIFEST	Supplementary S6	source_data	expanded_source_data	experiments/multiseed_ablation/results/multiseed_ablation	Part_II/experiments/multiseed_ablation/results/multiseed_ablation/N60_fullc_seed1/configs/C20.json	FILE	True	True	1365
FIGURE_MANIFEST	Supplementary S6	source_data	expanded_source_data	experiments/multiseed_ablation/results/multiseed_ablation	Part_II/experiments/multiseed_ablation/results/multiseed_ablation/N60_fullc_seed1/configs/C21.json	FILE	True	True	1375
FIGURE_MANIFEST	Supplementary S6	source_data	expanded_source_data	experiments/multiseed_ablation/results/multiseed_ablation	Part_II/experiments/multiseed_ablation/results/multiseed_ablation/N60_fullc_seed1/configs/C22.json	FILE	True	True	1376
FIGURE_MANIFEST	Supplementary S6	source_data	expanded_source_data	experiments/multiseed_ablation/results/multiseed_ablation	Part_II/experiments/multiseed_ablation/results/multiseed_ablation/N60_fullc_seed1/configs/C30.json	FILE	True	True	1374
FIGURE_MANIFEST	Supplementary S6	source_data	expanded_source_data	experiments/multiseed_ablation/results/multiseed_ablation	Part_II/experiments/multiseed_ablation/results/multiseed_ablation/N60_fullc_seed1/configs/C31.json	FILE	True	True	1385
FIGURE_MANIFEST	Supplementary S6	source_data	expanded_source_data	experiments/multiseed_ablation/results/multiseed_ablation	Part_II/experiments/multiseed_ablation/results/multiseed_ablation/N60_fullc_seed1/configs/C32.json	FILE	True	True	1375
FIGURE_MANIFEST	Supplementary S6	source_data	expanded_source_data	experiments/multiseed_ablation/results/multiseed_ablation	Part_II/experiments/multiseed_ablation/results/multiseed_ablation/N60_fullc_seed1/evaluation/joint/N76_validation_metrics_by_chart.csv	FILE	True	True	4899
FIGURE_MANIFEST	Supplementary S6	source_data	expanded_source_data	experiments/multiseed_ablation/results/multiseed_ablation	Part_II/experiments/multiseed_ablation/results/multiseed_ablation/N60_fullc_seed1/evaluation/joint/N76_validation_metrics_global.json	FILE	True	True	946
FIGURE_MANIFEST	Supplementary S6	source_data	expanded_source_data	experiments/multiseed_ablation/results/multiseed_ablation	Part_II/experiments/multiseed_ablation/results/multiseed_ablation/N60_fullc_seed1/evaluation/joint/N76_validation_predictions_64.csv	FILE	True	True	88924
FIGURE_MANIFEST	Supplementary S6	source_data	expanded_source_data	experiments/multiseed_ablation/results/multiseed_ablation	Part_II/experiments/multiseed_ablation/results/multiseed_ablation/N60_fullc_seed1/evaluation/joint/N76_validation_worst_points.csv	FILE	True	True	3692
FIGURE_MANIFEST	Supplementary S6	source_data	expanded_source_data	experiments/multiseed_ablation/results/multiseed_ablation	Part_II/experiments/multiseed_ablation/results/multiseed_ablation/N60_fullc_seed1/evaluation/joint/reviewer_evaluation_metadata.json	FILE	True	True	561
FIGURE_MANIFEST	Supplementary S6	source_data	expanded_source_data	experiments/multiseed_ablation/results/multiseed_ablation	Part_II/experiments/multiseed_ablation/results/multiseed_ablation/N60_fullc_seed1/shooting_V64/shooting_settings.json	FILE	True	True	1037
FIGURE_MANIFEST	Supplementary S6	source_data	expanded_source_data	experiments/multiseed_ablation/results/multiseed_ablation	Part_II/experiments/multiseed_ablation/results/multiseed_ablation/N60_fullc_seed1/shooting_V64/shooting_summary.json	FILE	True	True	701
FIGURE_MANIFEST	Supplementary S6	source_data	expanded_source_data	experiments/multiseed_ablation/results/multiseed_ablation	Part_II/experiments/multiseed_ablation/results/multiseed_ablation/N60_fullc_seed1/shooting_V64/shooting_validation_64.csv	FILE	True	True	18319
FIGURE_MANIFEST	Supplementary S6	source_data	expanded_source_data	experiments/multiseed_ablation/results/multiseed_ablation	Part_II/experiments/multiseed_ablation/results/multiseed_ablation/N60_fullc_seed1/shooting_V64/shooting_worst_points.csv	FILE	True	True	18319
FIGURE_MANIFEST	Supplementary S6	source_data	expanded_source_data	experiments/multiseed_ablation/results/multiseed_ablation	Part_II/experiments/multiseed_ablation/results/multiseed_ablation/N60_fullc_seed2/configs/C00.json	FILE	True	True	1364
FIGURE_MANIFEST	Supplementary S6	source_data	expanded_source_data	experiments/multiseed_ablation/results/multiseed_ablation	Part_II/experiments/multiseed_ablation/results/multiseed_ablation/N60_fullc_seed2/configs/C01.json	FILE	True	True	1363
FIGURE_MANIFEST	Supplementary S6	source_data	expanded_source_data	experiments/multiseed_ablation/results/multiseed_ablation	Part_II/experiments/multiseed_ablation/results/multiseed_ablation/N60_fullc_seed2/configs/C02.json	FILE	True	True	1365
FIGURE_MANIFEST	Supplementary S6	source_data	expanded_source_data	experiments/multiseed_ablation/results/multiseed_ablation	Part_II/experiments/multiseed_ablation/results/multiseed_ablation/N60_fullc_seed2/configs/C10.json	FILE	True	True	1366
FIGURE_MANIFEST	Supplementary S6	source_data	expanded_source_data	experiments/multiseed_ablation/results/multiseed_ablation	Part_II/experiments/multiseed_ablation/results/multiseed_ablation/N60_fullc_seed2/configs/C11.json	FILE	True	True	1376
FIGURE_MANIFEST	Supplementary S6	source_data	expanded_source_data	experiments/multiseed_ablation/results/multiseed_ablation	Part_II/experiments/multiseed_ablation/results/multiseed_ablation/N60_fullc_seed2/configs/C12.json	FILE	True	True	1378
FIGURE_MANIFEST	Supplementary S6	source_data	expanded_source_data	experiments/multiseed_ablation/results/multiseed_ablation	Part_II/experiments/multiseed_ablation/results/multiseed_ablation/N60_fullc_seed2/configs/C20.json	FILE	True	True	1366
FIGURE_MANIFEST	Supplementary S6	source_data	expanded_source_data	experiments/multiseed_ablation/results/multiseed_ablation	Part_II/experiments/multiseed_ablation/results/multiseed_ablation/N60_fullc_seed2/configs/C21.json	FILE	True	True	1376
FIGURE_MANIFEST	Supplementary S6	source_data	expanded_source_data	experiments/multiseed_ablation/results/multiseed_ablation	Part_II/experiments/multiseed_ablation/results/multiseed_ablation/N60_fullc_seed2/configs/C22.json	FILE	True	True	1377
FIGURE_MANIFEST	Supplementary S6	source_data	expanded_source_data	experiments/multiseed_ablation/results/multiseed_ablation	Part_II/experiments/multiseed_ablation/results/multiseed_ablation/N60_fullc_seed2/configs/C30.json	FILE	True	True	1375
FIGURE_MANIFEST	Supplementary S6	source_data	expanded_source_data	experiments/multiseed_ablation/results/multiseed_ablation	Part_II/experiments/multiseed_ablation/results/multiseed_ablation/N60_fullc_seed2/configs/C31.json	FILE	True	True	1386
FIGURE_MANIFEST	Supplementary S6	source_data	expanded_source_data	experiments/multiseed_ablation/results/multiseed_ablation	Part_II/experiments/multiseed_ablation/results/multiseed_ablation/N60_fullc_seed2/configs/C32.json	FILE	True	True	1376
FIGURE_MANIFEST	Supplementary S6	source_data	expanded_source_data	experiments/multiseed_ablation/results/multiseed_ablation	Part_II/experiments/multiseed_ablation/results/multiseed_ablation/N60_fullc_seed2/evaluation/joint/N76_validation_metrics_by_chart.csv	FILE	True	True	4905
FIGURE_MANIFEST	Supplementary S6	source_data	expanded_source_data	experiments/multiseed_ablation/results/multiseed_ablation	Part_II/experiments/multiseed_ablation/results/multiseed_ablation/N60_fullc_seed2/evaluation/joint/N76_validation_metrics_global.json	FILE	True	True	946
FIGURE_MANIFEST	Supplementary S6	source_data	expanded_source_data	experiments/multiseed_ablation/results/multiseed_ablation	Part_II/experiments/multiseed_ablation/results/multiseed_ablation/N60_fullc_seed2/evaluation/joint/N76_validation_predictions_64.csv	FILE	True	True	88918
FIGURE_MANIFEST	Supplementary S6	source_data	expanded_source_data	experiments/multiseed_ablation/results/multiseed_ablation	Part_II/experiments/multiseed_ablation/results/multiseed_ablation/N60_fullc_seed2/evaluation/joint/N76_validation_worst_points.csv	FILE	True	True	3697
FIGURE_MANIFEST	Supplementary S6	source_data	expanded_source_data	experiments/multiseed_ablation/results/multiseed_ablation	Part_II/experiments/multiseed_ablation/results/multiseed_ablation/N60_fullc_seed2/evaluation/joint/reviewer_evaluation_metadata.json	FILE	True	True	561
FIGURE_MANIFEST	Supplementary S6	source_data	expanded_source_data	experiments/multiseed_ablation/results/multiseed_ablation	Part_II/experiments/multiseed_ablation/results/multiseed_ablation/N60_fullc_seed2/shooting_V64/shooting_settings.json	FILE	True	True	1037
FIGURE_MANIFEST	Supplementary S6	source_data	expanded_source_data	experiments/multiseed_ablation/results/multiseed_ablation	Part_II/experiments/multiseed_ablation/results/multiseed_ablation/N60_fullc_seed2/shooting_V64/shooting_summary.json	FILE	True	True	699
FIGURE_MANIFEST	Supplementary S6	source_data	expanded_source_data	experiments/multiseed_ablation/results/multiseed_ablation	Part_II/experiments/multiseed_ablation/results/multiseed_ablation/N60_fullc_seed2/shooting_V64/shooting_validation_64.csv	FILE	True	True	18268
FIGURE_MANIFEST	Supplementary S6	source_data	expanded_source_data	experiments/multiseed_ablation/results/multiseed_ablation	Part_II/experiments/multiseed_ablation/results/multiseed_ablation/N60_fullc_seed2/shooting_V64/shooting_worst_points.csv	FILE	True	True	18268
FIGURE_MANIFEST	Supplementary S6	source_data	expanded_source_data	experiments/multiseed_ablation/results/multiseed_ablation	Part_II/experiments/multiseed_ablation/results/multiseed_ablation/N60_fullc_seed3/configs/C00.json	FILE	True	True	1364
FIGURE_MANIFEST	Supplementary S6	source_data	expanded_source_data	experiments/multiseed_ablation/results/multiseed_ablation	Part_II/experiments/multiseed_ablation/results/multiseed_ablation/N60_fullc_seed3/configs/C01.json	FILE	True	True	1363
FIGURE_MANIFEST	Supplementary S6	source_data	expanded_source_data	experiments/multiseed_ablation/results/multiseed_ablation	Part_II/experiments/multiseed_ablation/results/multiseed_ablation/N60_fullc_seed3/configs/C02.json	FILE	True	True	1365
FIGURE_MANIFEST	Supplementary S6	source_data	expanded_source_data	experiments/multiseed_ablation/results/multiseed_ablation	Part_II/experiments/multiseed_ablation/results/multiseed_ablation/N60_fullc_seed3/configs/C10.json	FILE	True	True	1366
FIGURE_MANIFEST	Supplementary S6	source_data	expanded_source_data	experiments/multiseed_ablation/results/multiseed_ablation	Part_II/experiments/multiseed_ablation/results/multiseed_ablation/N60_fullc_seed3/configs/C11.json	FILE	True	True	1376
FIGURE_MANIFEST	Supplementary S6	source_data	expanded_source_data	experiments/multiseed_ablation/results/multiseed_ablation	Part_II/experiments/multiseed_ablation/results/multiseed_ablation/N60_fullc_seed3/configs/C12.json	FILE	True	True	1378
FIGURE_MANIFEST	Supplementary S6	source_data	expanded_source_data	experiments/multiseed_ablation/results/multiseed_ablation	Part_II/experiments/multiseed_ablation/results/multiseed_ablation/N60_fullc_seed3/configs/C20.json	FILE	True	True	1366
FIGURE_MANIFEST	Supplementary S6	source_data	expanded_source_data	experiments/multiseed_ablation/results/multiseed_ablation	Part_II/experiments/multiseed_ablation/results/multiseed_ablation/N60_fullc_seed3/configs/C21.json	FILE	True	True	1376
FIGURE_MANIFEST	Supplementary S6	source_data	expanded_source_data	experiments/multiseed_ablation/results/multiseed_ablation	Part_II/experiments/multiseed_ablation/results/multiseed_ablation/N60_fullc_seed3/configs/C22.json	FILE	True	True	1377
FIGURE_MANIFEST	Supplementary S6	source_data	expanded_source_data	experiments/multiseed_ablation/results/multiseed_ablation	Part_II/experiments/multiseed_ablation/results/multiseed_ablation/N60_fullc_seed3/configs/C30.json	FILE	True	True	1375
FIGURE_MANIFEST	Supplementary S6	source_data	expanded_source_data	experiments/multiseed_ablation/results/multiseed_ablation	Part_II/experiments/multiseed_ablation/results/multiseed_ablation/N60_fullc_seed3/configs/C31.json	FILE	True	True	1386
FIGURE_MANIFEST	Supplementary S6	source_data	expanded_source_data	experiments/multiseed_ablation/results/multiseed_ablation	Part_II/experiments/multiseed_ablation/results/multiseed_ablation/N60_fullc_seed3/configs/C32.json	FILE	True	True	1376
FIGURE_MANIFEST	Supplementary S6	source_data	expanded_source_data	experiments/multiseed_ablation/results/multiseed_ablation	Part_II/experiments/multiseed_ablation/results/multiseed_ablation/N60_fullc_seed3/evaluation/joint/N76_validation_metrics_by_chart.csv	FILE	True	True	4923
FIGURE_MANIFEST	Supplementary S6	source_data	expanded_source_data	experiments/multiseed_ablation/results/multiseed_ablation	Part_II/experiments/multiseed_ablation/results/multiseed_ablation/N60_fullc_seed3/evaluation/joint/N76_validation_metrics_global.json	FILE	True	True	948
FIGURE_MANIFEST	Supplementary S6	source_data	expanded_source_data	experiments/multiseed_ablation/results/multiseed_ablation	Part_II/experiments/multiseed_ablation/results/multiseed_ablation/N60_fullc_seed3/evaluation/joint/N76_validation_predictions_64.csv	FILE	True	True	88930
FIGURE_MANIFEST	Supplementary S6	source_data	expanded_source_data	experiments/multiseed_ablation/results/multiseed_ablation	Part_II/experiments/multiseed_ablation/results/multiseed_ablation/N60_fullc_seed3/evaluation/joint/N76_validation_worst_points.csv	FILE	True	True	3687
FIGURE_MANIFEST	Supplementary S6	source_data	expanded_source_data	experiments/multiseed_ablation/results/multiseed_ablation	Part_II/experiments/multiseed_ablation/results/multiseed_ablation/N60_fullc_seed3/evaluation/joint/reviewer_evaluation_metadata.json	FILE	True	True	561
FIGURE_MANIFEST	Supplementary S6	source_data	expanded_source_data	experiments/multiseed_ablation/results/multiseed_ablation	Part_II/experiments/multiseed_ablation/results/multiseed_ablation/N60_fullc_seed3/shooting_V64/shooting_settings.json	FILE	True	True	1037
FIGURE_MANIFEST	Supplementary S6	source_data	expanded_source_data	experiments/multiseed_ablation/results/multiseed_ablation	Part_II/experiments/multiseed_ablation/results/multiseed_ablation/N60_fullc_seed3/shooting_V64/shooting_summary.json	FILE	True	True	700
FIGURE_MANIFEST	Supplementary S6	source_data	expanded_source_data	experiments/multiseed_ablation/results/multiseed_ablation	Part_II/experiments/multiseed_ablation/results/multiseed_ablation/N60_fullc_seed3/shooting_V64/shooting_validation_64.csv	FILE	True	True	18279
FIGURE_MANIFEST	Supplementary S6	source_data	expanded_source_data	experiments/multiseed_ablation/results/multiseed_ablation	Part_II/experiments/multiseed_ablation/results/multiseed_ablation/N60_fullc_seed3/shooting_V64/shooting_worst_points.csv	FILE	True	True	18279
FIGURE_MANIFEST	Supplementary S6	source_data	expanded_source_data	experiments/multiseed_ablation/results/multiseed_ablation	Part_II/experiments/multiseed_ablation/results/multiseed_ablation/N76_anchors_only/configs/C00.json	FILE	True	True	1363
FIGURE_MANIFEST	Supplementary S6	source_data	expanded_source_data	experiments/multiseed_ablation/results/multiseed_ablation	Part_II/experiments/multiseed_ablation/results/multiseed_ablation/N76_anchors_only/configs/C01.json	FILE	True	True	1362
FIGURE_MANIFEST	Supplementary S6	source_data	expanded_source_data	experiments/multiseed_ablation/results/multiseed_ablation	Part_II/experiments/multiseed_ablation/results/multiseed_ablation/N76_anchors_only/configs/C02.json	FILE	True	True	1364
FIGURE_MANIFEST	Supplementary S6	source_data	expanded_source_data	experiments/multiseed_ablation/results/multiseed_ablation	Part_II/experiments/multiseed_ablation/results/multiseed_ablation/N76_anchors_only/configs/C10.json	FILE	True	True	1365
FIGURE_MANIFEST	Supplementary S6	source_data	expanded_source_data	experiments/multiseed_ablation/results/multiseed_ablation	Part_II/experiments/multiseed_ablation/results/multiseed_ablation/N76_anchors_only/configs/C11.json	FILE	True	True	1375
FIGURE_MANIFEST	Supplementary S6	source_data	expanded_source_data	experiments/multiseed_ablation/results/multiseed_ablation	Part_II/experiments/multiseed_ablation/results/multiseed_ablation/N76_anchors_only/configs/C12.json	FILE	True	True	1377
FIGURE_MANIFEST	Supplementary S6	source_data	expanded_source_data	experiments/multiseed_ablation/results/multiseed_ablation	Part_II/experiments/multiseed_ablation/results/multiseed_ablation/N76_anchors_only/configs/C20.json	FILE	True	True	1365
FIGURE_MANIFEST	Supplementary S6	source_data	expanded_source_data	experiments/multiseed_ablation/results/multiseed_ablation	Part_II/experiments/multiseed_ablation/results/multiseed_ablation/N76_anchors_only/configs/C21.json	FILE	True	True	1375
FIGURE_MANIFEST	Supplementary S6	source_data	expanded_source_data	experiments/multiseed_ablation/results/multiseed_ablation	Part_II/experiments/multiseed_ablation/results/multiseed_ablation/N76_anchors_only/configs/C22.json	FILE	True	True	1376
FIGURE_MANIFEST	Supplementary S6	source_data	expanded_source_data	experiments/multiseed_ablation/results/multiseed_ablation	Part_II/experiments/multiseed_ablation/results/multiseed_ablation/N76_anchors_only/configs/C30.json	FILE	True	True	1374
FIGURE_MANIFEST	Supplementary S6	source_data	expanded_source_data	experiments/multiseed_ablation/results/multiseed_ablation	Part_II/experiments/multiseed_ablation/results/multiseed_ablation/N76_anchors_only/configs/C31.json	FILE	True	True	1385
FIGURE_MANIFEST	Supplementary S6	source_data	expanded_source_data	experiments/multiseed_ablation/results/multiseed_ablation	Part_II/experiments/multiseed_ablation/results/multiseed_ablation/N76_anchors_only/configs/C32.json	FILE	True	True	1375
FIGURE_MANIFEST	Supplementary S6	source_data	expanded_source_data	experiments/multiseed_ablation/results/multiseed_ablation	Part_II/experiments/multiseed_ablation/results/multiseed_ablation/N76_anchors_only/evaluation/joint/N76_validation_metrics_by_chart.csv	FILE	True	True	4898
FIGURE_MANIFEST	Supplementary S6	source_data	expanded_source_data	experiments/multiseed_ablation/results/multiseed_ablation	Part_II/experiments/multiseed_ablation/results/multiseed_ablation/N76_anchors_only/evaluation/joint/N76_validation_metrics_global.json	FILE	True	True	946
FIGURE_MANIFEST	Supplementary S6	source_data	expanded_source_data	experiments/multiseed_ablation/results/multiseed_ablation	Part_II/experiments/multiseed_ablation/results/multiseed_ablation/N76_anchors_only/evaluation/joint/N76_validation_predictions_64.csv	FILE	True	True	88953
FIGURE_MANIFEST	Supplementary S6	source_data	expanded_source_data	experiments/multiseed_ablation/results/multiseed_ablation	Part_II/experiments/multiseed_ablation/results/multiseed_ablation/N76_anchors_only/evaluation/joint/N76_validation_worst_points.csv	FILE	True	True	3737
FIGURE_MANIFEST	Supplementary S6	source_data	expanded_source_data	experiments/multiseed_ablation/results/multiseed_ablation	Part_II/experiments/multiseed_ablation/results/multiseed_ablation/N76_anchors_only/evaluation/joint/reviewer_evaluation_metadata.json	FILE	True	True	563
FIGURE_MANIFEST	Supplementary S6	source_data	expanded_source_data	experiments/multiseed_ablation/results/multiseed_ablation	Part_II/experiments/multiseed_ablation/results/multiseed_ablation/N76_anchors_only/shooting_V64/shooting_settings.json	FILE	True	True	1038
FIGURE_MANIFEST	Supplementary S6	source_data	expanded_source_data	experiments/multiseed_ablation/results/multiseed_ablation	Part_II/experiments/multiseed_ablation/results/multiseed_ablation/N76_anchors_only/shooting_V64/shooting_summary.json	FILE	True	True	700
FIGURE_MANIFEST	Supplementary S6	source_data	expanded_source_data	experiments/multiseed_ablation/results/multiseed_ablation	Part_II/experiments/multiseed_ablation/results/multiseed_ablation/N76_anchors_only/shooting_V64/shooting_validation_64.csv	FILE	True	True	18236
FIGURE_MANIFEST	Supplementary S6	source_data	expanded_source_data	experiments/multiseed_ablation/results/multiseed_ablation	Part_II/experiments/multiseed_ablation/results/multiseed_ablation/N76_anchors_only/shooting_V64/shooting_worst_points.csv	FILE	True	True	18236
FIGURE_MANIFEST	Supplementary S6	source_data	expanded_source_data	experiments/multiseed_ablation/results/multiseed_ablation	Part_II/experiments/multiseed_ablation/results/multiseed_ablation/N76_anchors_only_seed2/configs/C00.json	FILE	True	True	1376
FIGURE_MANIFEST	Supplementary S6	source_data	expanded_source_data	experiments/multiseed_ablation/results/multiseed_ablation	Part_II/experiments/multiseed_ablation/results/multiseed_ablation/N76_anchors_only_seed2/configs/C01.json	FILE	True	True	1375
FIGURE_MANIFEST	Supplementary S6	source_data	expanded_source_data	experiments/multiseed_ablation/results/multiseed_ablation	Part_II/experiments/multiseed_ablation/results/multiseed_ablation/N76_anchors_only_seed2/configs/C02.json	FILE	True	True	1377
FIGURE_MANIFEST	Supplementary S6	source_data	expanded_source_data	experiments/multiseed_ablation/results/multiseed_ablation	Part_II/experiments/multiseed_ablation/results/multiseed_ablation/N76_anchors_only_seed2/configs/C10.json	FILE	True	True	1378
FIGURE_MANIFEST	Supplementary S6	source_data	expanded_source_data	experiments/multiseed_ablation/results/multiseed_ablation	Part_II/experiments/multiseed_ablation/results/multiseed_ablation/N76_anchors_only_seed2/configs/C11.json	FILE	True	True	1388
FIGURE_MANIFEST	Supplementary S6	source_data	expanded_source_data	experiments/multiseed_ablation/results/multiseed_ablation	Part_II/experiments/multiseed_ablation/results/multiseed_ablation/N76_anchors_only_seed2/configs/C12.json	FILE	True	True	1390
FIGURE_MANIFEST	Supplementary S6	source_data	expanded_source_data	experiments/multiseed_ablation/results/multiseed_ablation	Part_II/experiments/multiseed_ablation/results/multiseed_ablation/N76_anchors_only_seed2/configs/C20.json	FILE	True	True	1378
FIGURE_MANIFEST	Supplementary S6	source_data	expanded_source_data	experiments/multiseed_ablation/results/multiseed_ablation	Part_II/experiments/multiseed_ablation/results/multiseed_ablation/N76_anchors_only_seed2/configs/C21.json	FILE	True	True	1388
FIGURE_MANIFEST	Supplementary S6	source_data	expanded_source_data	experiments/multiseed_ablation/results/multiseed_ablation	Part_II/experiments/multiseed_ablation/results/multiseed_ablation/N76_anchors_only_seed2/configs/C22.json	FILE	True	True	1389
FIGURE_MANIFEST	Supplementary S6	source_data	expanded_source_data	experiments/multiseed_ablation/results/multiseed_ablation	Part_II/experiments/multiseed_ablation/results/multiseed_ablation/N76_anchors_only_seed2/configs/C30.json	FILE	True	True	1387
FIGURE_MANIFEST	Supplementary S6	source_data	expanded_source_data	experiments/multiseed_ablation/results/multiseed_ablation	Part_II/experiments/multiseed_ablation/results/multiseed_ablation/N76_anchors_only_seed2/configs/C31.json	FILE	True	True	1398
FIGURE_MANIFEST	Supplementary S6	source_data	expanded_source_data	experiments/multiseed_ablation/results/multiseed_ablation	Part_II/experiments/multiseed_ablation/results/multiseed_ablation/N76_anchors_only_seed2/configs/C32.json	FILE	True	True	1388
FIGURE_MANIFEST	Supplementary S6	source_data	expanded_source_data	experiments/multiseed_ablation/results/multiseed_ablation	Part_II/experiments/multiseed_ablation/results/multiseed_ablation/N76_anchors_only_seed2/evaluation/joint/N76_validation_metrics_by_chart.csv	FILE	True	True	4955
FIGURE_MANIFEST	Supplementary S6	source_data	expanded_source_data	experiments/multiseed_ablation/results/multiseed_ablation	Part_II/experiments/multiseed_ablation/results/multiseed_ablation/N76_anchors_only_seed2/evaluation/joint/N76_validation_metrics_global.json	FILE	True	True	950
FIGURE_MANIFEST	Supplementary S6	source_data	expanded_source_data	experiments/multiseed_ablation/results/multiseed_ablation	Part_II/experiments/multiseed_ablation/results/multiseed_ablation/N76_anchors_only_seed2/evaluation/joint/N76_validation_predictions_64.csv	FILE	True	True	88951
FIGURE_MANIFEST	Supplementary S6	source_data	expanded_source_data	experiments/multiseed_ablation/results/multiseed_ablation	Part_II/experiments/multiseed_ablation/results/multiseed_ablation/N76_anchors_only_seed2/evaluation/joint/N76_validation_worst_points.csv	FILE	True	True	3733
FIGURE_MANIFEST	Supplementary S6	source_data	expanded_source_data	experiments/multiseed_ablation/results/multiseed_ablation	Part_II/experiments/multiseed_ablation/results/multiseed_ablation/N76_anchors_only_seed2/evaluation/joint/reviewer_evaluation_metadata.json	FILE	True	True	575
FIGURE_MANIFEST	Supplementary S6	source_data	expanded_source_data	experiments/multiseed_ablation/results/multiseed_ablation	Part_II/experiments/multiseed_ablation/results/multiseed_ablation/N76_anchors_only_seed2/shooting_V64/shooting_settings.json	FILE	True	True	1044
FIGURE_MANIFEST	Supplementary S6	source_data	expanded_source_data	experiments/multiseed_ablation/results/multiseed_ablation	Part_II/experiments/multiseed_ablation/results/multiseed_ablation/N76_anchors_only_seed2/shooting_V64/shooting_summary.json	FILE	True	True	701
FIGURE_MANIFEST	Supplementary S6	source_data	expanded_source_data	experiments/multiseed_ablation/results/multiseed_ablation	Part_II/experiments/multiseed_ablation/results/multiseed_ablation/N76_anchors_only_seed2/shooting_V64/shooting_validation_64.csv	FILE	True	True	18283
FIGURE_MANIFEST	Supplementary S6	source_data	expanded_source_data	experiments/multiseed_ablation/results/multiseed_ablation	Part_II/experiments/multiseed_ablation/results/multiseed_ablation/N76_anchors_only_seed2/shooting_V64/shooting_worst_points.csv	FILE	True	True	18283
FIGURE_MANIFEST	Supplementary S6	source_data	expanded_source_data	experiments/multiseed_ablation/results/multiseed_ablation	Part_II/experiments/multiseed_ablation/results/multiseed_ablation/N76_anchors_only_seed3/configs/C00.json	FILE	True	True	1376
FIGURE_MANIFEST	Supplementary S6	source_data	expanded_source_data	experiments/multiseed_ablation/results/multiseed_ablation	Part_II/experiments/multiseed_ablation/results/multiseed_ablation/N76_anchors_only_seed3/configs/C01.json	FILE	True	True	1375
FIGURE_MANIFEST	Supplementary S6	source_data	expanded_source_data	experiments/multiseed_ablation/results/multiseed_ablation	Part_II/experiments/multiseed_ablation/results/multiseed_ablation/N76_anchors_only_seed3/configs/C02.json	FILE	True	True	1377
FIGURE_MANIFEST	Supplementary S6	source_data	expanded_source_data	experiments/multiseed_ablation/results/multiseed_ablation	Part_II/experiments/multiseed_ablation/results/multiseed_ablation/N76_anchors_only_seed3/configs/C10.json	FILE	True	True	1378
FIGURE_MANIFEST	Supplementary S6	source_data	expanded_source_data	experiments/multiseed_ablation/results/multiseed_ablation	Part_II/experiments/multiseed_ablation/results/multiseed_ablation/N76_anchors_only_seed3/configs/C11.json	FILE	True	True	1388
FIGURE_MANIFEST	Supplementary S6	source_data	expanded_source_data	experiments/multiseed_ablation/results/multiseed_ablation	Part_II/experiments/multiseed_ablation/results/multiseed_ablation/N76_anchors_only_seed3/configs/C12.json	FILE	True	True	1390
FIGURE_MANIFEST	Supplementary S6	source_data	expanded_source_data	experiments/multiseed_ablation/results/multiseed_ablation	Part_II/experiments/multiseed_ablation/results/multiseed_ablation/N76_anchors_only_seed3/configs/C20.json	FILE	True	True	1378
FIGURE_MANIFEST	Supplementary S6	source_data	expanded_source_data	experiments/multiseed_ablation/results/multiseed_ablation	Part_II/experiments/multiseed_ablation/results/multiseed_ablation/N76_anchors_only_seed3/configs/C21.json	FILE	True	True	1388
FIGURE_MANIFEST	Supplementary S6	source_data	expanded_source_data	experiments/multiseed_ablation/results/multiseed_ablation	Part_II/experiments/multiseed_ablation/results/multiseed_ablation/N76_anchors_only_seed3/configs/C22.json	FILE	True	True	1389
FIGURE_MANIFEST	Supplementary S6	source_data	expanded_source_data	experiments/multiseed_ablation/results/multiseed_ablation	Part_II/experiments/multiseed_ablation/results/multiseed_ablation/N76_anchors_only_seed3/configs/C30.json	FILE	True	True	1387
FIGURE_MANIFEST	Supplementary S6	source_data	expanded_source_data	experiments/multiseed_ablation/results/multiseed_ablation	Part_II/experiments/multiseed_ablation/results/multiseed_ablation/N76_anchors_only_seed3/configs/C31.json	FILE	True	True	1398
FIGURE_MANIFEST	Supplementary S6	source_data	expanded_source_data	experiments/multiseed_ablation/results/multiseed_ablation	Part_II/experiments/multiseed_ablation/results/multiseed_ablation/N76_anchors_only_seed3/configs/C32.json	FILE	True	True	1388
FIGURE_MANIFEST	Supplementary S6	source_data	expanded_source_data	experiments/multiseed_ablation/results/multiseed_ablation	Part_II/experiments/multiseed_ablation/results/multiseed_ablation/N76_anchors_only_seed3/evaluation/joint/N76_validation_metrics_by_chart.csv	FILE	True	True	4921
FIGURE_MANIFEST	Supplementary S6	source_data	expanded_source_data	experiments/multiseed_ablation/results/multiseed_ablation	Part_II/experiments/multiseed_ablation/results/multiseed_ablation/N76_anchors_only_seed3/evaluation/joint/N76_validation_metrics_global.json	FILE	True	True	952
FIGURE_MANIFEST	Supplementary S6	source_data	expanded_source_data	experiments/multiseed_ablation/results/multiseed_ablation	Part_II/experiments/multiseed_ablation/results/multiseed_ablation/N76_anchors_only_seed3/evaluation/joint/N76_validation_predictions_64.csv	FILE	True	True	88975
FIGURE_MANIFEST	Supplementary S6	source_data	expanded_source_data	experiments/multiseed_ablation/results/multiseed_ablation	Part_II/experiments/multiseed_ablation/results/multiseed_ablation/N76_anchors_only_seed3/evaluation/joint/N76_validation_worst_points.csv	FILE	True	True	3744
FIGURE_MANIFEST	Supplementary S6	source_data	expanded_source_data	experiments/multiseed_ablation/results/multiseed_ablation	Part_II/experiments/multiseed_ablation/results/multiseed_ablation/N76_anchors_only_seed3/evaluation/joint/reviewer_evaluation_metadata.json	FILE	True	True	575
FIGURE_MANIFEST	Supplementary S6	source_data	expanded_source_data	experiments/multiseed_ablation/results/multiseed_ablation	Part_II/experiments/multiseed_ablation/results/multiseed_ablation/N76_anchors_only_seed3/shooting_V64/shooting_settings.json	FILE	True	True	1044
FIGURE_MANIFEST	Supplementary S6	source_data	expanded_source_data	experiments/multiseed_ablation/results/multiseed_ablation	Part_II/experiments/multiseed_ablation/results/multiseed_ablation/N76_anchors_only_seed3/shooting_V64/shooting_summary.json	FILE	True	True	702
FIGURE_MANIFEST	Supplementary S6	source_data	expanded_source_data	experiments/multiseed_ablation/results/multiseed_ablation	Part_II/experiments/multiseed_ablation/results/multiseed_ablation/N76_anchors_only_seed3/shooting_V64/shooting_validation_64.csv	FILE	True	True	18331
FIGURE_MANIFEST	Supplementary S6	source_data	expanded_source_data	experiments/multiseed_ablation/results/multiseed_ablation	Part_II/experiments/multiseed_ablation/results/multiseed_ablation/N76_anchors_only_seed3/shooting_V64/shooting_worst_points.csv	FILE	True	True	18331
FIGURE_MANIFEST	Supplementary S6	source_data	expanded_source_data	experiments/multiseed_ablation/results/multiseed_ablation	Part_II/experiments/multiseed_ablation/results/multiseed_ablation/N76_fullc_seed1/evaluation/joint/N76_validation_metrics_by_chart.csv	FILE	True	True	4884
FIGURE_MANIFEST	Supplementary S6	source_data	expanded_source_data	experiments/multiseed_ablation/results/multiseed_ablation	Part_II/experiments/multiseed_ablation/results/multiseed_ablation/N76_fullc_seed1/evaluation/joint/N76_validation_metrics_global.json	FILE	True	True	948
FIGURE_MANIFEST	Supplementary S6	source_data	expanded_source_data	experiments/multiseed_ablation/results/multiseed_ablation	Part_II/experiments/multiseed_ablation/results/multiseed_ablation/N76_fullc_seed1/evaluation/joint/N76_validation_predictions_64.csv	FILE	True	True	88948
FIGURE_MANIFEST	Supplementary S6	source_data	expanded_source_data	experiments/multiseed_ablation/results/multiseed_ablation	Part_II/experiments/multiseed_ablation/results/multiseed_ablation/N76_fullc_seed1/evaluation/joint/N76_validation_worst_points.csv	FILE	True	True	3736
FIGURE_MANIFEST	Supplementary S6	source_data	expanded_source_data	experiments/multiseed_ablation/results/multiseed_ablation	Part_II/experiments/multiseed_ablation/results/multiseed_ablation/N76_fullc_seed1/evaluation/joint/reviewer_evaluation_metadata.json	FILE	True	True	567
FIGURE_MANIFEST	Supplementary S6	source_data	expanded_source_data	experiments/multiseed_ablation/results/multiseed_ablation	Part_II/experiments/multiseed_ablation/results/multiseed_ablation/N76_fullc_seed1/evaluation/modal_stage/N76_validation_metrics_by_chart.csv	FILE	True	True	4835
FIGURE_MANIFEST	Supplementary S6	source_data	expanded_source_data	experiments/multiseed_ablation/results/multiseed_ablation	Part_II/experiments/multiseed_ablation/results/multiseed_ablation/N76_fullc_seed1/evaluation/modal_stage/N76_validation_metrics_global.json	FILE	True	True	955
FIGURE_MANIFEST	Supplementary S6	source_data	expanded_source_data	experiments/multiseed_ablation/results/multiseed_ablation	Part_II/experiments/multiseed_ablation/results/multiseed_ablation/N76_fullc_seed1/evaluation/modal_stage/N76_validation_predictions_64.csv	FILE	True	True	88915
FIGURE_MANIFEST	Supplementary S6	source_data	expanded_source_data	experiments/multiseed_ablation/results/multiseed_ablation	Part_II/experiments/multiseed_ablation/results/multiseed_ablation/N76_fullc_seed1/evaluation/modal_stage/N76_validation_worst_points.csv	FILE	True	True	3726
FIGURE_MANIFEST	Supplementary S6	source_data	expanded_source_data	experiments/multiseed_ablation/results/multiseed_ablation	Part_II/experiments/multiseed_ablation/results/multiseed_ablation/N76_fullc_seed1/evaluation/modal_stage/reviewer_evaluation_metadata.json	FILE	True	True	589
FIGURE_MANIFEST	Supplementary S6	source_data	expanded_source_data	experiments/multiseed_ablation/results/multiseed_ablation	Part_II/experiments/multiseed_ablation/results/multiseed_ablation/N76_fullc_seed1/evaluation/spectral_prefit/N76_validation_metrics_by_chart.csv	FILE	True	True	4836
FIGURE_MANIFEST	Supplementary S6	source_data	expanded_source_data	experiments/multiseed_ablation/results/multiseed_ablation	Part_II/experiments/multiseed_ablation/results/multiseed_ablation/N76_fullc_seed1/evaluation/spectral_prefit/N76_validation_metrics_global.json	FILE	True	True	954
FIGURE_MANIFEST	Supplementary S6	source_data	expanded_source_data	experiments/multiseed_ablation/results/multiseed_ablation	Part_II/experiments/multiseed_ablation/results/multiseed_ablation/N76_fullc_seed1/evaluation/spectral_prefit/N76_validation_predictions_64.csv	FILE	True	True	88885
FIGURE_MANIFEST	Supplementary S6	source_data	expanded_source_data	experiments/multiseed_ablation/results/multiseed_ablation	Part_II/experiments/multiseed_ablation/results/multiseed_ablation/N76_fullc_seed1/evaluation/spectral_prefit/N76_validation_worst_points.csv	FILE	True	True	3721
FIGURE_MANIFEST	Supplementary S6	source_data	expanded_source_data	experiments/multiseed_ablation/results/multiseed_ablation	Part_II/experiments/multiseed_ablation/results/multiseed_ablation/N76_fullc_seed1/evaluation/spectral_prefit/reviewer_evaluation_metadata.json	FILE	True	True	587
FIGURE_MANIFEST	Supplementary S6	source_data	expanded_source_data	experiments/multiseed_ablation/results/multiseed_ablation	Part_II/experiments/multiseed_ablation/results/multiseed_ablation/N76_fullc_seed1/production_shooting/JOB_ID.txt	FILE	True	True	8
FIGURE_MANIFEST	Supplementary S6	source_data	expanded_source_data	experiments/multiseed_ablation/results/multiseed_ablation	Part_II/experiments/multiseed_ablation/results/multiseed_ablation/N76_fullc_seed1/production_shooting/shooting_settings.json	FILE	True	True	1028
FIGURE_MANIFEST	Supplementary S6	source_data	expanded_source_data	experiments/multiseed_ablation/results/multiseed_ablation	Part_II/experiments/multiseed_ablation/results/multiseed_ablation/N76_fullc_seed1/production_shooting/shooting_summary.json	FILE	True	True	700
FIGURE_MANIFEST	Supplementary S6	source_data	expanded_source_data	experiments/multiseed_ablation/results/multiseed_ablation	Part_II/experiments/multiseed_ablation/results/multiseed_ablation/N76_fullc_seed1/production_shooting/shooting_validation_64.csv	FILE	True	True	18272
FIGURE_MANIFEST	Supplementary S6	source_data	expanded_source_data	experiments/multiseed_ablation/results/multiseed_ablation	Part_II/experiments/multiseed_ablation/results/multiseed_ablation/N76_fullc_seed1/production_shooting/shooting_worst_points.csv	FILE	True	True	18272
FIGURE_MANIFEST	Supplementary S6	source_data	expanded_source_data	experiments/multiseed_ablation/results/multiseed_ablation	Part_II/experiments/multiseed_ablation/results/multiseed_ablation/N76_fullc_seed2/configs/C00.json	FILE	True	True	1364
FIGURE_MANIFEST	Supplementary S6	source_data	expanded_source_data	experiments/multiseed_ablation/results/multiseed_ablation	Part_II/experiments/multiseed_ablation/results/multiseed_ablation/N76_fullc_seed2/configs/C01.json	FILE	True	True	1363
FIGURE_MANIFEST	Supplementary S6	source_data	expanded_source_data	experiments/multiseed_ablation/results/multiseed_ablation	Part_II/experiments/multiseed_ablation/results/multiseed_ablation/N76_fullc_seed2/configs/C02.json	FILE	True	True	1365
FIGURE_MANIFEST	Supplementary S6	source_data	expanded_source_data	experiments/multiseed_ablation/results/multiseed_ablation	Part_II/experiments/multiseed_ablation/results/multiseed_ablation/N76_fullc_seed2/configs/C10.json	FILE	True	True	1366
FIGURE_MANIFEST	Supplementary S6	source_data	expanded_source_data	experiments/multiseed_ablation/results/multiseed_ablation	Part_II/experiments/multiseed_ablation/results/multiseed_ablation/N76_fullc_seed2/configs/C11.json	FILE	True	True	1376
FIGURE_MANIFEST	Supplementary S6	source_data	expanded_source_data	experiments/multiseed_ablation/results/multiseed_ablation	Part_II/experiments/multiseed_ablation/results/multiseed_ablation/N76_fullc_seed2/configs/C12.json	FILE	True	True	1378
FIGURE_MANIFEST	Supplementary S6	source_data	expanded_source_data	experiments/multiseed_ablation/results/multiseed_ablation	Part_II/experiments/multiseed_ablation/results/multiseed_ablation/N76_fullc_seed2/configs/C20.json	FILE	True	True	1366
FIGURE_MANIFEST	Supplementary S6	source_data	expanded_source_data	experiments/multiseed_ablation/results/multiseed_ablation	Part_II/experiments/multiseed_ablation/results/multiseed_ablation/N76_fullc_seed2/configs/C21.json	FILE	True	True	1376
FIGURE_MANIFEST	Supplementary S6	source_data	expanded_source_data	experiments/multiseed_ablation/results/multiseed_ablation	Part_II/experiments/multiseed_ablation/results/multiseed_ablation/N76_fullc_seed2/configs/C22.json	FILE	True	True	1377
FIGURE_MANIFEST	Supplementary S6	source_data	expanded_source_data	experiments/multiseed_ablation/results/multiseed_ablation	Part_II/experiments/multiseed_ablation/results/multiseed_ablation/N76_fullc_seed2/configs/C30.json	FILE	True	True	1375
FIGURE_MANIFEST	Supplementary S6	source_data	expanded_source_data	experiments/multiseed_ablation/results/multiseed_ablation	Part_II/experiments/multiseed_ablation/results/multiseed_ablation/N76_fullc_seed2/configs/C31.json	FILE	True	True	1386
FIGURE_MANIFEST	Supplementary S6	source_data	expanded_source_data	experiments/multiseed_ablation/results/multiseed_ablation	Part_II/experiments/multiseed_ablation/results/multiseed_ablation/N76_fullc_seed2/configs/C32.json	FILE	True	True	1376
FIGURE_MANIFEST	Supplementary S6	source_data	expanded_source_data	experiments/multiseed_ablation/results/multiseed_ablation	Part_II/experiments/multiseed_ablation/results/multiseed_ablation/N76_fullc_seed2/evaluation/joint/N76_validation_metrics_by_chart.csv	FILE	True	True	4995
FIGURE_MANIFEST	Supplementary S6	source_data	expanded_source_data	experiments/multiseed_ablation/results/multiseed_ablation	Part_II/experiments/multiseed_ablation/results/multiseed_ablation/N76_fullc_seed2/evaluation/joint/N76_validation_metrics_global.json	FILE	True	True	954
FIGURE_MANIFEST	Supplementary S6	source_data	expanded_source_data	experiments/multiseed_ablation/results/multiseed_ablation	Part_II/experiments/multiseed_ablation/results/multiseed_ablation/N76_fullc_seed2/evaluation/joint/N76_validation_predictions_64.csv	FILE	True	True	88936
FIGURE_MANIFEST	Supplementary S6	source_data	expanded_source_data	experiments/multiseed_ablation/results/multiseed_ablation	Part_II/experiments/multiseed_ablation/results/multiseed_ablation/N76_fullc_seed2/evaluation/joint/N76_validation_worst_points.csv	FILE	True	True	3733
FIGURE_MANIFEST	Supplementary S6	source_data	expanded_source_data	experiments/multiseed_ablation/results/multiseed_ablation	Part_II/experiments/multiseed_ablation/results/multiseed_ablation/N76_fullc_seed2/evaluation/joint/reviewer_evaluation_metadata.json	FILE	True	True	561
FIGURE_MANIFEST	Supplementary S6	source_data	expanded_source_data	experiments/multiseed_ablation/results/multiseed_ablation	Part_II/experiments/multiseed_ablation/results/multiseed_ablation/N76_fullc_seed2/evaluation/modal_stage/N76_validation_metrics_by_chart.csv	FILE	True	True	4848
FIGURE_MANIFEST	Supplementary S6	source_data	expanded_source_data	experiments/multiseed_ablation/results/multiseed_ablation	Part_II/experiments/multiseed_ablation/results/multiseed_ablation/N76_fullc_seed2/evaluation/modal_stage/N76_validation_metrics_global.json	FILE	True	True	955
FIGURE_MANIFEST	Supplementary S6	source_data	expanded_source_data	experiments/multiseed_ablation/results/multiseed_ablation	Part_II/experiments/multiseed_ablation/results/multiseed_ablation/N76_fullc_seed2/evaluation/modal_stage/N76_validation_predictions_64.csv	FILE	True	True	88931
FIGURE_MANIFEST	Supplementary S6	source_data	expanded_source_data	experiments/multiseed_ablation/results/multiseed_ablation	Part_II/experiments/multiseed_ablation/results/multiseed_ablation/N76_fullc_seed2/evaluation/modal_stage/N76_validation_worst_points.csv	FILE	True	True	3729
FIGURE_MANIFEST	Supplementary S6	source_data	expanded_source_data	experiments/multiseed_ablation/results/multiseed_ablation	Part_II/experiments/multiseed_ablation/results/multiseed_ablation/N76_fullc_seed2/evaluation/modal_stage/reviewer_evaluation_metadata.json	FILE	True	True	583
FIGURE_MANIFEST	Supplementary S6	source_data	expanded_source_data	experiments/multiseed_ablation/results/multiseed_ablation	Part_II/experiments/multiseed_ablation/results/multiseed_ablation/N76_fullc_seed2/evaluation/spectral_prefit/N76_validation_metrics_by_chart.csv	FILE	True	True	4905
FIGURE_MANIFEST	Supplementary S6	source_data	expanded_source_data	experiments/multiseed_ablation/results/multiseed_ablation	Part_II/experiments/multiseed_ablation/results/multiseed_ablation/N76_fullc_seed2/evaluation/spectral_prefit/N76_validation_metrics_global.json	FILE	True	True	955
FIGURE_MANIFEST	Supplementary S6	source_data	expanded_source_data	experiments/multiseed_ablation/results/multiseed_ablation	Part_II/experiments/multiseed_ablation/results/multiseed_ablation/N76_fullc_seed2/evaluation/spectral_prefit/N76_validation_predictions_64.csv	FILE	True	True	88889
FIGURE_MANIFEST	Supplementary S6	source_data	expanded_source_data	experiments/multiseed_ablation/results/multiseed_ablation	Part_II/experiments/multiseed_ablation/results/multiseed_ablation/N76_fullc_seed2/evaluation/spectral_prefit/N76_validation_worst_points.csv	FILE	True	True	3721
FIGURE_MANIFEST	Supplementary S6	source_data	expanded_source_data	experiments/multiseed_ablation/results/multiseed_ablation	Part_II/experiments/multiseed_ablation/results/multiseed_ablation/N76_fullc_seed2/evaluation/spectral_prefit/reviewer_evaluation_metadata.json	FILE	True	True	581
FIGURE_MANIFEST	Supplementary S6	source_data	expanded_source_data	experiments/multiseed_ablation/results/multiseed_ablation	Part_II/experiments/multiseed_ablation/results/multiseed_ablation/N76_fullc_seed2/shooting_V64/shooting_settings.json	FILE	True	True	1037
FIGURE_MANIFEST	Supplementary S6	source_data	expanded_source_data	experiments/multiseed_ablation/results/multiseed_ablation	Part_II/experiments/multiseed_ablation/results/multiseed_ablation/N76_fullc_seed2/shooting_V64/shooting_summary.json	FILE	True	True	701
FIGURE_MANIFEST	Supplementary S6	source_data	expanded_source_data	experiments/multiseed_ablation/results/multiseed_ablation	Part_II/experiments/multiseed_ablation/results/multiseed_ablation/N76_fullc_seed2/shooting_V64/shooting_validation_64.csv	FILE	True	True	18270
FIGURE_MANIFEST	Supplementary S6	source_data	expanded_source_data	experiments/multiseed_ablation/results/multiseed_ablation	Part_II/experiments/multiseed_ablation/results/multiseed_ablation/N76_fullc_seed2/shooting_V64/shooting_worst_points.csv	FILE	True	True	18270
FIGURE_MANIFEST	Supplementary S6	source_data	expanded_source_data	experiments/multiseed_ablation/results/multiseed_ablation	Part_II/experiments/multiseed_ablation/results/multiseed_ablation/N76_fullc_seed3/configs/C00.json	FILE	True	True	1364
FIGURE_MANIFEST	Supplementary S6	source_data	expanded_source_data	experiments/multiseed_ablation/results/multiseed_ablation	Part_II/experiments/multiseed_ablation/results/multiseed_ablation/N76_fullc_seed3/configs/C01.json	FILE	True	True	1363
FIGURE_MANIFEST	Supplementary S6	source_data	expanded_source_data	experiments/multiseed_ablation/results/multiseed_ablation	Part_II/experiments/multiseed_ablation/results/multiseed_ablation/N76_fullc_seed3/configs/C02.json	FILE	True	True	1365
FIGURE_MANIFEST	Supplementary S6	source_data	expanded_source_data	experiments/multiseed_ablation/results/multiseed_ablation	Part_II/experiments/multiseed_ablation/results/multiseed_ablation/N76_fullc_seed3/configs/C10.json	FILE	True	True	1366
FIGURE_MANIFEST	Supplementary S6	source_data	expanded_source_data	experiments/multiseed_ablation/results/multiseed_ablation	Part_II/experiments/multiseed_ablation/results/multiseed_ablation/N76_fullc_seed3/configs/C11.json	FILE	True	True	1376
FIGURE_MANIFEST	Supplementary S6	source_data	expanded_source_data	experiments/multiseed_ablation/results/multiseed_ablation	Part_II/experiments/multiseed_ablation/results/multiseed_ablation/N76_fullc_seed3/configs/C12.json	FILE	True	True	1378
FIGURE_MANIFEST	Supplementary S6	source_data	expanded_source_data	experiments/multiseed_ablation/results/multiseed_ablation	Part_II/experiments/multiseed_ablation/results/multiseed_ablation/N76_fullc_seed3/configs/C20.json	FILE	True	True	1366
FIGURE_MANIFEST	Supplementary S6	source_data	expanded_source_data	experiments/multiseed_ablation/results/multiseed_ablation	Part_II/experiments/multiseed_ablation/results/multiseed_ablation/N76_fullc_seed3/configs/C21.json	FILE	True	True	1376
FIGURE_MANIFEST	Supplementary S6	source_data	expanded_source_data	experiments/multiseed_ablation/results/multiseed_ablation	Part_II/experiments/multiseed_ablation/results/multiseed_ablation/N76_fullc_seed3/configs/C22.json	FILE	True	True	1377
FIGURE_MANIFEST	Supplementary S6	source_data	expanded_source_data	experiments/multiseed_ablation/results/multiseed_ablation	Part_II/experiments/multiseed_ablation/results/multiseed_ablation/N76_fullc_seed3/configs/C30.json	FILE	True	True	1375
FIGURE_MANIFEST	Supplementary S6	source_data	expanded_source_data	experiments/multiseed_ablation/results/multiseed_ablation	Part_II/experiments/multiseed_ablation/results/multiseed_ablation/N76_fullc_seed3/configs/C31.json	FILE	True	True	1386
FIGURE_MANIFEST	Supplementary S6	source_data	expanded_source_data	experiments/multiseed_ablation/results/multiseed_ablation	Part_II/experiments/multiseed_ablation/results/multiseed_ablation/N76_fullc_seed3/configs/C32.json	FILE	True	True	1376
FIGURE_MANIFEST	Supplementary S6	source_data	expanded_source_data	experiments/multiseed_ablation/results/multiseed_ablation	Part_II/experiments/multiseed_ablation/results/multiseed_ablation/N76_fullc_seed3/evaluation/joint/N76_validation_metrics_by_chart.csv	FILE	True	True	4907
FIGURE_MANIFEST	Supplementary S6	source_data	expanded_source_data	experiments/multiseed_ablation/results/multiseed_ablation	Part_II/experiments/multiseed_ablation/results/multiseed_ablation/N76_fullc_seed3/evaluation/joint/N76_validation_metrics_global.json	FILE	True	True	945
FIGURE_MANIFEST	Supplementary S6	source_data	expanded_source_data	experiments/multiseed_ablation/results/multiseed_ablation	Part_II/experiments/multiseed_ablation/results/multiseed_ablation/N76_fullc_seed3/evaluation/joint/N76_validation_predictions_64.csv	FILE	True	True	88947
FIGURE_MANIFEST	Supplementary S6	source_data	expanded_source_data	experiments/multiseed_ablation/results/multiseed_ablation	Part_II/experiments/multiseed_ablation/results/multiseed_ablation/N76_fullc_seed3/evaluation/joint/N76_validation_worst_points.csv	FILE	True	True	3734
FIGURE_MANIFEST	Supplementary S6	source_data	expanded_source_data	experiments/multiseed_ablation/results/multiseed_ablation	Part_II/experiments/multiseed_ablation/results/multiseed_ablation/N76_fullc_seed3/evaluation/joint/reviewer_evaluation_metadata.json	FILE	True	True	561
FIGURE_MANIFEST	Supplementary S6	source_data	expanded_source_data	experiments/multiseed_ablation/results/multiseed_ablation	Part_II/experiments/multiseed_ablation/results/multiseed_ablation/N76_fullc_seed3/evaluation/modal_stage/N76_validation_metrics_by_chart.csv	FILE	True	True	4855
FIGURE_MANIFEST	Supplementary S6	source_data	expanded_source_data	experiments/multiseed_ablation/results/multiseed_ablation	Part_II/experiments/multiseed_ablation/results/multiseed_ablation/N76_fullc_seed3/evaluation/modal_stage/N76_validation_metrics_global.json	FILE	True	True	949
FIGURE_MANIFEST	Supplementary S6	source_data	expanded_source_data	experiments/multiseed_ablation/results/multiseed_ablation	Part_II/experiments/multiseed_ablation/results/multiseed_ablation/N76_fullc_seed3/evaluation/modal_stage/N76_validation_predictions_64.csv	FILE	True	True	88931
FIGURE_MANIFEST	Supplementary S6	source_data	expanded_source_data	experiments/multiseed_ablation/results/multiseed_ablation	Part_II/experiments/multiseed_ablation/results/multiseed_ablation/N76_fullc_seed3/evaluation/modal_stage/N76_validation_worst_points.csv	FILE	True	True	3728
FIGURE_MANIFEST	Supplementary S6	source_data	expanded_source_data	experiments/multiseed_ablation/results/multiseed_ablation	Part_II/experiments/multiseed_ablation/results/multiseed_ablation/N76_fullc_seed3/evaluation/modal_stage/reviewer_evaluation_metadata.json	FILE	True	True	583
FIGURE_MANIFEST	Supplementary S6	source_data	expanded_source_data	experiments/multiseed_ablation/results/multiseed_ablation	Part_II/experiments/multiseed_ablation/results/multiseed_ablation/N76_fullc_seed3/evaluation/spectral_prefit/N76_validation_metrics_by_chart.csv	FILE	True	True	4870
FIGURE_MANIFEST	Supplementary S6	source_data	expanded_source_data	experiments/multiseed_ablation/results/multiseed_ablation	Part_II/experiments/multiseed_ablation/results/multiseed_ablation/N76_fullc_seed3/evaluation/spectral_prefit/N76_validation_metrics_global.json	FILE	True	True	946
FIGURE_MANIFEST	Supplementary S6	source_data	expanded_source_data	experiments/multiseed_ablation/results/multiseed_ablation	Part_II/experiments/multiseed_ablation/results/multiseed_ablation/N76_fullc_seed3/evaluation/spectral_prefit/N76_validation_predictions_64.csv	FILE	True	True	88885
FIGURE_MANIFEST	Supplementary S6	source_data	expanded_source_data	experiments/multiseed_ablation/results/multiseed_ablation	Part_II/experiments/multiseed_ablation/results/multiseed_ablation/N76_fullc_seed3/evaluation/spectral_prefit/N76_validation_worst_points.csv	FILE	True	True	3709
FIGURE_MANIFEST	Supplementary S6	source_data	expanded_source_data	experiments/multiseed_ablation/results/multiseed_ablation	Part_II/experiments/multiseed_ablation/results/multiseed_ablation/N76_fullc_seed3/evaluation/spectral_prefit/reviewer_evaluation_metadata.json	FILE	True	True	581
FIGURE_MANIFEST	Supplementary S6	source_data	expanded_source_data	experiments/multiseed_ablation/results/multiseed_ablation	Part_II/experiments/multiseed_ablation/results/multiseed_ablation/N76_fullc_seed3/shooting_V64/shooting_settings.json	FILE	True	True	1037
FIGURE_MANIFEST	Supplementary S6	source_data	expanded_source_data	experiments/multiseed_ablation/results/multiseed_ablation	Part_II/experiments/multiseed_ablation/results/multiseed_ablation/N76_fullc_seed3/shooting_V64/shooting_summary.json	FILE	True	True	703
FIGURE_MANIFEST	Supplementary S6	source_data	expanded_source_data	experiments/multiseed_ablation/results/multiseed_ablation	Part_II/experiments/multiseed_ablation/results/multiseed_ablation/N76_fullc_seed3/shooting_V64/shooting_validation_64.csv	FILE	True	True	18335
FIGURE_MANIFEST	Supplementary S6	source_data	expanded_source_data	experiments/multiseed_ablation/results/multiseed_ablation	Part_II/experiments/multiseed_ablation/results/multiseed_ablation/N76_fullc_seed3/shooting_V64/shooting_worst_points.csv	FILE	True	True	18335
FIGURE_MANIFEST	Supplementary S6	source_data	expanded_source_data	experiments/multiseed_ablation/results/multiseed_ablation	Part_II/experiments/multiseed_ablation/results/multiseed_ablation/v64_direct_all.log	FILE	True	False	224030
FIGURE_MANIFEST	Supplementary S6	plot_script	direct	code/plots/generators/article/build_multiseed_physics_vs_anchors_ablation.py	Part_II/code/plots/generators/article/build_multiseed_physics_vs_anchors_ablation.py	FILE	True	True	15741
FIGURE_MANIFEST	Supplementary S7a	canonical_source	direct	assets/article_sources/Fig_routing_boundary_discontinuity.png	Part_II/assets/article_sources/Fig_routing_boundary_discontinuity.png	FILE	True	True	645467
FIGURE_MANIFEST	Supplementary S7a	source_data	direct	experiments/routing_audit/results/routing_audit	Part_II/experiments/routing_audit/results/routing_audit	DIR	True	False	0
FIGURE_MANIFEST	Supplementary S7a	source_data	expanded_source_data	experiments/routing_audit/results/routing_audit	Part_II/experiments/routing_audit/results/routing_audit/results/routing_boundary_audit/all_detected_routing_edges.csv	FILE	True	True	160341
FIGURE_MANIFEST	Supplementary S7a	source_data	expanded_source_data	experiments/routing_audit/results/routing_audit	Part_II/experiments/routing_audit/results/routing_audit/results/routing_boundary_audit/routing_boundaries.csv	FILE	True	True	14176
FIGURE_MANIFEST	Supplementary S7a	source_data	expanded_source_data	experiments/routing_audit/results/routing_audit	Part_II/experiments/routing_audit/results/routing_audit/results/routing_boundary_audit/routing_boundary_results.csv	FILE	True	True	111722
FIGURE_MANIFEST	Supplementary S7a	source_data	expanded_source_data	experiments/routing_audit/results/routing_audit	Part_II/experiments/routing_audit/results/routing_audit/results/routing_boundary_audit/routing_summary.json	FILE	True	True	453
FIGURE_MANIFEST	Supplementary S7a	source_data	expanded_source_data	experiments/routing_audit/results/routing_audit	Part_II/experiments/routing_audit/results/routing_audit/results/routing_boundary_audit/routing_summary_by_eps.csv	FILE	True	True	742
FIGURE_MANIFEST	Supplementary S7a	source_data	expanded_source_data	experiments/routing_audit/results/routing_audit	Part_II/experiments/routing_audit/results/routing_audit/results/routing_boundary_audit/routing_worst_boundaries.csv	FILE	True	True	9103
FIGURE_MANIFEST	Supplementary S7a	source_data	expanded_source_data	experiments/routing_audit/results/routing_audit	Part_II/experiments/routing_audit/results/routing_audit/results/routing_boundary_audit_stdout.txt	FILE	True	True	18360
FIGURE_MANIFEST	Supplementary S7a	plot_script	direct	code/plots/generators/article/build_routing_boundary_discontinuity.py	Part_II/code/plots/generators/article/build_routing_boundary_discontinuity.py	FILE	True	True	16423
FIGURE_MANIFEST	Supplementary S7b	canonical_source	direct	assets/article_sources/Fig_S7_interchart_mismatch.png	Part_II/assets/article_sources/Fig_S7_interchart_mismatch.png	FILE	True	True	379528
FIGURE_MANIFEST	Supplementary S7b	source_data	direct	article/tables/table_S7_interchart_delta_c_by_pair.csv	Part_II/article/tables/table_S7_interchart_delta_c_by_pair.csv	FILE	True	True	3365
FIGURE_MANIFEST	Supplementary S8	canonical_source	direct	assets/article_sources/Fig_COST500_threshold_sensitivity.png	Part_II/assets/article_sources/Fig_COST500_threshold_sensitivity.png	FILE	True	True	540659
FIGURE_MANIFEST	Supplementary S8	source_data	direct	experiments/threshold_sensitivity/results/threshold_sensitivity	Part_II/experiments/threshold_sensitivity/results/threshold_sensitivity	DIR	True	False	0
FIGURE_MANIFEST	Supplementary S8	source_data	expanded_source_data	experiments/threshold_sensitivity/results/threshold_sensitivity	Part_II/experiments/threshold_sensitivity/results/threshold_sensitivity/mismatch_distribution_summary.csv	FILE	True	True	386
FIGURE_MANIFEST	Supplementary S8	source_data	expanded_source_data	experiments/threshold_sensitivity/results/threshold_sensitivity	Part_II/experiments/threshold_sensitivity/results/threshold_sensitivity/mismatch_ecdf.csv	FILE	True	True	43719
FIGURE_MANIFEST	Supplementary S8	source_data	expanded_source_data	experiments/threshold_sensitivity/results/threshold_sensitivity	Part_II/experiments/threshold_sensitivity/results/threshold_sensitivity/per_query_threshold_margin.csv	FILE	True	True	66209
FIGURE_MANIFEST	Supplementary S8	source_data	expanded_source_data	experiments/threshold_sensitivity/results/threshold_sensitivity	Part_II/experiments/threshold_sensitivity/results/threshold_sensitivity/threshold_2D_sensitivity.csv	FILE	True	True	565
FIGURE_MANIFEST	Supplementary S8	source_data	expanded_source_data	experiments/threshold_sensitivity/results/threshold_sensitivity	Part_II/experiments/threshold_sensitivity/results/threshold_sensitivity/threshold_scale_sensitivity.csv	FILE	True	True	423
FIGURE_MANIFEST	Supplementary S8	source_data	expanded_source_data	experiments/threshold_sensitivity/results/threshold_sensitivity	Part_II/experiments/threshold_sensitivity/results/threshold_sensitivity/threshold_sensitivity_metadata.json	FILE	True	True	460
FIGURE_MANIFEST	Supplementary S8	plot_script	direct	code/plots/generators/article/build_COST500_threshold_sensitivity.py	Part_II/code/plots/generators/article/build_COST500_threshold_sensitivity.py	FILE	True	True	13759
CONFIG_MANIFEST	production	canonical_path	direct	code/configs/production/classical/dense_supersonic_campaign_config.json	Part_II/code/configs/production/classical/dense_supersonic_campaign_config.json	FILE	True	True	1871
CONFIG_MANIFEST	validation	canonical_path	direct	code/configs/validation/pointwise/cases.yaml	Part_II/code/configs/validation/pointwise/cases.yaml	FILE	True	True	5812
CONFIG_MANIFEST	validation	canonical_path	direct	code/configs/validation/plotting_ci.yaml	Part_II/code/configs/validation/plotting_ci.yaml	FILE	True	True	259
CONFIG_MANIFEST	validation	canonical_path	direct	code/configs/validation/reference_v2.yaml	Part_II/code/configs/validation/reference_v2.yaml	FILE	True	True	725
CONFIG_MANIFEST	validation	canonical_path	direct	code/configs/validation/witness_M150_a01625.yaml	Part_II/code/configs/validation/witness_M150_a01625.yaml	FILE	True	True	2120
CONFIG_MANIFEST	experiment	canonical_path	direct	code/configs/experiments/fixed_mach/S4M4.json	Part_II/code/configs/experiments/fixed_mach/S4M4.json	FILE	True	True	1394
