cost_id,Mach,alpha,classical_success,classical_cr,classical_ci,classical_omega_i,classical_residual_norm,classical_delta_kappa,classical_delta_q,classical_parameterization,classical_settings_name,classical_best_seed_index,classical_best_seed_cr,classical_best_seed_ci,classical_n_generic_starts,classical_n_accepted_starts,classical_n_solver_attempts,classical_objective_calls,classical_integration_failures,classical_seconds,status,_source_file,_technical_success,mach_index,alpha_index,primary_chart
0,1.018,0.05775,True,3.671068216285564e-10,0.0132062703085101,0.0007626621103164,6.126533856861292e-10,6.118604256068193e-10,-3.116072157249849e-11,linear_ci,nominal,3,0.1,0.002,6,1,37,3163,0,250.1465803750325,COMPLETED,classical_COST500_chunk_000.csv,True,0,0,C00
1,1.018,0.07325,True,4.3003896549682214e-10,0.0177333953504069,0.0012989712094173,3.734908737169666e-12,1.8788382308287943e-12,-3.2279266065637917e-12,linear_ci,nominal,3,0.1,0.002,6,1,37,3533,0,275.0630903629353,COMPLETED,classical_COST500_chunk_000.csv,True,0,1,C00
2,1.018,0.08875,True,9.856090898556547e-10,0.0230556560184707,0.0020461894716392,9.680829569867194e-10,9.067932368531095e-10,-3.3898471529791863e-10,linear_ci,nominal,3,0.1,0.002,6,1,37,3916,0,292.0735376540106,COMPLETED,classical_COST500_chunk_000.csv,True,0,2,C00
3,1.018,0.10425,True,5.47992011934969e-10,0.0295174790301711,0.0030771971888953,4.0036754059498397e-10,3.4535605451802004e-10,-2.0254225033267126e-10,linear_ci,nominal,3,0.1,0.002,6,2,37,3635,0,291.9548273460241,COMPLETED,classical_COST500_chunk_000.csv,True,0,3,C00
4,1.018,0.11975,True,1.529594456974921e-11,0.0376856519610544,0.0045128568223362,4.248208041019843e-13,4.245839790861794e-13,-1.4183099139586376e-14,linear_ci,nominal,3,0.1,0.002,6,1,37,3619,0,298.08286363095976,COMPLETED,classical_COST500_chunk_000.csv,True,0,4,C00
5,1.018,0.13525,True,-1.0400849888592986e-10,0.0486617782665812,0.0065815055105551,2.399505656498567e-12,1.8175495830607961e-12,-1.5665697905564713e-12,linear_ci,nominal,3,0.1,0.002,6,1,37,4157,0,357.01662303402554,COMPLETED,classical_COST500_chunk_001.csv,True,0,5,C01
6,1.018,0.15075,True,-4.682207683022856e-10,0.1860155894387146,0.0280418501078862,5.43735253824824e-12,4.620956395307019e-12,-2.865582771072184e-12,log_ci,nominal,3,0.1,0.002,6,1,36,3247,0,283.3320858000079,COMPLETED,classical_COST500_chunk_001.csv,True,0,6,C01
7,1.018,0.16625,True,0.0119307543085754,0.1154849647526308,0.0191993753901248,2.1181494423426603e-10,-1.9390460764823203e-10,8.524420058719784e-11,log_ci,nominal,3,0.1,0.002,6,1,36,4008,0,350.2755102489609,COMPLETED,classical_COST500_chunk_001.csv,True,0,7,C01
8,1.018,0.18175,True,0.0610563112385991,0.1054711195658456,0.0191693759810924,8.948953766324462e-14,-9.908740494779522e-15,-8.89392726133309e-14,log_ci,nominal,3,0.1,0.002,6,2,33,3731,0,305.2079068060266,COMPLETED,classical_COST500_chunk_001.csv,True,0,8,C01
9,1.018,0.19725,True,0.0844495609235054,0.0956259793065067,0.0188622244182084,3.964896363218188e-16,3.3306690738754696e-16,2.1510571102112408e-16,log_ci,nominal,3,0.1,0.002,6,1,36,3898,0,347.77895017398987,COMPLETED,classical_COST500_chunk_001.csv,True,0,9,C01
10,1.018,0.21275,True,0.1018227602884324,0.0859391788685281,0.0182835603042793,1.9370453959326358e-15,3.3306690738754696e-16,1.908195823574488e-15,log_ci,nominal,3,0.1,0.002,6,1,36,3481,0,300.6411006799899,COMPLETED,classical_COST500_chunk_002.csv,True,0,10,C02
11,1.018,0.2282499999999999,True,0.1159689682091159,0.0764007680987883,0.0174384753185484,1.751332868510077e-14,-1.6653345369377348e-15,1.743397093356691e-14,log_ci,nominal,3,0.1,0.002,6,1,36,3055,0,252.49012974801008,COMPLETED,classical_COST500_chunk_002.csv,True,0,11,C02
12,1.018,0.24375,True,0.1280068734379138,0.0670012412335276,0.0163315525506723,2.98569812841067e-13,-3.1780134079895106e-14,2.968736367847669e-13,log_ci,nominal,3,0.1,0.002,6,2,28,2166,0,171.50420247402508,COMPLETED,classical_COST500_chunk_002.csv,True,0,12,C02
13,1.018,0.25925,True,0.1385241897552438,0.057731557156047,0.0149669061927052,4.232160611057051e-12,-5.860173457605812e-13,4.19139202512131e-12,log_ci,nominal,3,0.1,0.002,6,1,36,2747,0,230.282782437047,COMPLETED,classical_COST500_chunk_002.csv,True,0,13,C02
14,1.018,0.27475,True,0.1478772683130732,0.0485831470936458,0.0133482196639791,4.613998082842354e-11,-8.330849898818826e-12,4.5381656765819394e-11,log_ci,nominal,3,0.1,0.002,6,1,36,2739,0,234.1899643350625,COMPLETED,classical_COST500_chunk_002.csv,True,0,14,C02
15,1.018,0.29025,True,0.1563026306120595,0.0395479150816007,0.0114787823524346,5.36663476097875e-15,-4.066191827689636e-15,-3.5024066979971735e-15,log_ci,nominal,3,0.1,0.002,6,1,36,3001,0,249.56015737599228,COMPLETED,classical_COST500_chunk_003.csv,True,0,15,C02
16,1.018,0.3057499999999999,True,0.1639674270217796,0.0306182332377128,0.0093615248124307,7.685450726627404e-15,-5.551115123125783e-15,5.315192730392937e-15,log_ci,nominal,3,0.1,0.002,6,1,36,2644,0,224.0754964489024,COMPLETED,classical_COST500_chunk_003.csv,True,0,16,C02
17,1.018,0.32125,True,0.1709953781753047,0.021786932251398,0.0069990519857616,1.9536429465986085e-14,-1.85268467234323e-14,-6.19903434140312e-15,log_ci,nominal,3,0.1,0.002,6,1,36,2507,0,213.2290846699616,COMPLETED,classical_COST500_chunk_003.csv,True,0,17,C02
18,1.018,0.33675,True,0.177481376950996,0.0130472864455923,0.0043936737105532,2.6170106213520365e-13,-1.0613732115416497e-13,2.392118621241668e-13,log_ci,nominal,3,0.1,0.002,6,2,36,2614,0,222.92098112695385,COMPLETED,classical_COST500_chunk_003.csv,True,0,18,C02
19,1.018,0.3522499999999999,True,0.1835003033837956,0.0043929996505128,0.0015474341268931,6.376820394175924e-13,2.224054274080345e-13,-5.976405351507119e-13,linear_ci,nominal,0,0.1,0.0001,6,3,32,2355,0,245.3959454150172,COMPLETED,classical_COST500_chunk_003.csv,True,0,19,C02
20,1.054,0.05775,True,7.820567732718137e-10,0.0272463768479186,0.0015734782629673,4.611978739315847e-13,-1.5638358663583318e-13,-4.3387515802351123e-13,log_ci,nominal,3,0.1,0.002,6,1,36,3134,0,255.93327993305863,COMPLETED,classical_COST500_chunk_004.csv,True,1,0,C00
21,1.054,0.07325,True,-1.3822477123447308e-11,0.0367340903118555,0.0026907721153434,7.490091905738548e-11,3.7082925272158285e-11,6.50769108739846e-11,log_ci,nominal,3,0.1,0.002,6,1,36,3248,0,266.25272854510695,COMPLETED,classical_COST500_chunk_004.csv,True,1,1,C00
22,1.054,0.08875,True,1.8881705101118326e-10,0.0482393944245416,0.004281246255178,7.1566260251920635e-12,5.027683130931493e-12,-5.0931030226575294e-12,linear_ci,nominal,3,0.1,0.002,6,1,37,3522,0,284.9020488630049,COMPLETED,classical_COST500_chunk_004.csv,True,1,2,C00
23,1.054,0.10425,True,1.8922410928317955e-10,0.0633669943790796,0.006606009164019,7.565523198498414e-12,5.589868845579105e-12,-5.098088617927488e-12,linear_ci,nominal,3,0.1,0.002,6,2,37,4021,0,310.721621545963,COMPLETED,classical_COST500_chunk_004.csv,True,1,3,C00
24,1.054,0.11975,True,-3.9461907997978124e-10,0.1918115385274641,0.0229694317386638,6.05382990097241e-10,5.450698017939182e-10,-2.6341502590288e-10,log_ci,nominal,3,0.1,0.002,6,1,36,3951,0,334.91332851699553,COMPLETED,classical_COST500_chunk_004.csv,True,1,4,C01
25,1.054,0.13525,True,0.0410922891031144,0.1294874744925034,0.017513180925111,7.007097406567511e-13,9.550693569337909e-14,6.941704155938311e-13,log_ci,nominal,3,0.1,0.002,6,1,36,3638,0,305.1535750529729,COMPLETED,classical_COST500_chunk_005.csv,True,1,5,C01
26,1.054,0.15075,True,0.0764251942273632,0.1196070854818695,0.0180307681363918,1.1086344388470305e-13,4.898859096158503e-15,1.1075515504721525e-13,log_ci,nominal,3,0.1,0.002,6,1,36,3587,0,310.4431453389116,COMPLETED,classical_COST500_chunk_005.csv,True,1,6,C01
27,1.054,0.16625,True,0.098730356603901,0.1098707442531661,0.0182660112320888,3.1165213701798805e-16,-2.1510571102112408e-16,2.255140518769849e-16,log_ci,nominal,3,0.1,0.002,6,1,36,4013,0,352.08752942900173,COMPLETED,classical_COST500_chunk_005.csv,True,1,7,C01
28,1.054,0.18175,True,0.1158946887459505,0.1002701994857771,0.0182241087565399,1.4733700649270497e-11,-8.741618540142326e-13,1.470774543821385e-11,log_ci,nominal,3,0.1,0.002,6,1,36,3041,0,263.4632442680886,COMPLETED,classical_COST500_chunk_005.csv,True,1,8,C01
29,1.054,0.19725,True,0.1300475684090915,0.0907978671772666,0.0179098793007158,2.6869763519770325e-15,2.6367796834847468e-15,-5.169475958410885e-16,log_ci,nominal,3,0.1,0.002,6,1,36,3915,0,347.43125511391554,COMPLETED,classical_COST500_chunk_005.csv,True,1,9,C01
30,1.054,0.21275,True,0.1421539860006032,0.0814467101611013,0.0173277875867743,2.950458159105176e-16,1.9428902930940242e-16,-2.220446049250313e-16,log_ci,nominal,3,0.1,0.002,6,1,36,3452,0,305.2579792329343,COMPLETED,classical_COST500_chunk_006.csv,True,1,10,C02
31,1.054,0.2282499999999999,True,0.15275323600932,0.0722101463090478,0.0164819658950401,1.9304604014008868e-14,7.910339050454239e-16,1.9288390329386118e-14,log_ci,nominal,3,0.1,0.002,6,1,36,3070,0,277.7586026870413,COMPLETED,classical_COST500_chunk_006.csv,True,1,11,C02
32,1.054,0.24375,True,0.1621848920177062,0.0630819846470151,0.0153762337577099,8.272093932318476e-13,-6.210310043996971e-14,8.248748906147796e-13,log_ci,nominal,3,0.1,0.002,6,1,36,2622,0,233.1460286079673,COMPLETED,classical_COST500_chunk_006.csv,True,1,12,C02
33,1.054,0.25925,True,0.1706800732684199,0.0540563781204972,0.0140141160277389,1.9205033519090294e-11,-2.4448915114660967e-12,1.904877471037292e-11,log_ci,nominal,3,0.1,0.002,6,1,36,2667,0,237.68915627000388,COMPLETED,classical_COST500_chunk_006.csv,True,1,13,C02
34,1.054,0.27475,True,0.1784049754781612,0.04512779131073,0.012398860662623,5.282189687296997e-15,-3.386180225106728e-15,-4.054048763357798e-15,log_ci,nominal,3,0.1,0.002,6,1,36,2600,0,230.61674702295568,COMPLETED,classical_COST500_chunk_006.csv,True,1,14,C02
35,1.054,0.29025,True,0.1854841073210956,0.0362909774962221,0.0105334562182784,6.579685174546844e-15,9.15933995315754e-16,6.515621375768888e-15,log_ci,nominal,3,0.1,0.002,6,1,36,2587,0,218.88362975697964,COMPLETED,classical_COST500_chunk_007.csv,True,1,15,C02
36,1.054,0.3057499999999999,True,0.192013766205223,0.0275409634895297,0.0084206495869237,1.4969211450130512e-14,9.298117831235686e-16,1.494030593685025e-14,log_ci,nominal,3,0.1,0.002,6,1,36,2556,0,216.48762013902888,COMPLETED,classical_COST500_chunk_007.csv,True,1,16,C02
37,1.054,0.32125,True,0.1980703529005303,0.0188730392966253,0.0060629638740408,8.81446083942897e-13,-3.262112802104866e-13,8.18861038004437e-13,log_ci,nominal,3,0.1,0.002,6,1,36,2546,0,217.9604476740351,COMPLETED,classical_COST500_chunk_007.csv,True,1,17,C02
38,1.054,0.33675,True,0.2037157671825396,0.0102827517958056,0.0034627166672375,1.2294593992488195e-10,-5.309058748181883e-11,1.1089226151922428e-10,log_ci,nominal,3,0.1,0.002,6,2,36,2552,0,211.65106374397877,COMPLETED,classical_COST500_chunk_007.csv,True,1,18,C02
39,1.054,0.3522499999999999,True,0.2090010050075581,0.0017658740516352,0.0006220291346885,1.0131019962966168e-12,3.0167535136627066e-13,-9.671440623186534e-13,log_ci,nominal,3,0.1,0.002,6,3,32,2183,0,187.51860520394985,COMPLETED,classical_COST500_chunk_007.csv,True,1,19,C02
40,1.09,0.05775,True,3.5584775051059737e-10,0.0436678461321923,0.0025218181141341,6.556185417149393e-13,6.149360534668524e-13,-2.273528587615204e-13,log_ci,nominal,3,0.1,0.002,6,1,36,3034,0,243.6406894630054,COMPLETED,classical_COST500_chunk_008.csv,True,2,0,C00
41,1.09,0.07325,True,1.2950785118989395e-10,0.0608758649991348,0.0044591571111866,9.706198049789597e-13,7.408379465445591e-13,6.271060060125677e-13,log_ci,nominal,3,0.1,0.002,6,1,36,3297,0,265.0452895000344,COMPLETED,classical_COST500_chunk_008.csv,True,2,1,C00
42,1.09,0.08875,True,1.2953454940729518e-10,0.0858385220441438,0.0076181688314177,1.059045517348202e-12,-4.1331348066275813e-13,9.750637797178996e-13,log_ci,nominal,3,0.1,0.002,6,1,36,3476,0,278.7577619859949,COMPLETED,classical_COST500_chunk_008.csv,True,2,2,C00
43,1.09,0.10425,True,0.0337838157128389,0.1407799422662683,0.0146763089812584,1.847672983738192e-09,1.646499526997136e-09,-8.384120481208511e-10,log_ci,nominal,3,0.1,0.002,6,2,36,3674,0,303.138740023016,COMPLETED,classical_COST500_chunk_008.csv,True,2,3,C00
44,1.09,0.11975,True,0.0781483741167476,0.1311137430728666,0.0157008707329757,7.233862298554607e-11,-5.8391104451604995e-12,-7.210257391143671e-11,log_ci,nominal,3,0.1,0.002,6,1,36,3353,0,281.8206586110173,COMPLETED,classical_COST500_chunk_008.csv,True,2,4,C01
45,1.09,0.13525,True,0.1036396204941827,0.1215810098319602,0.0164438315797726,1.046907882231997e-13,-2.4313884239290928e-14,-1.0182826803983859e-13,log_ci,nominal,3,0.1,0.002,6,1,36,2994,0,244.0295712420484,COMPLETED,classical_COST500_chunk_009.csv,True,2,5,C01
46,1.09,0.15075,True,0.1227832421819926,0.112172115962631,0.0169099464813666,1.2042779718297397e-15,9.228728892196614e-16,7.73686670285656e-16,log_ci,nominal,3,0.1,0.002,6,1,36,2904,0,238.26535851100925,COMPLETED,classical_COST500_chunk_009.csv,True,2,6,C01
47,1.09,0.16625,True,0.1383458239042817,0.1028787153490855,0.0171035864267854,5.563883528120019e-11,-5.3608735506305294e-11,1.4892396343890724e-11,log_ci,nominal,3,0.1,0.002,6,1,36,3528,0,296.6119979919167,COMPLETED,classical_COST500_chunk_009.csv,True,2,7,C01
48,1.09,0.18175,True,0.1515198602855892,0.0936935086852458,0.0170287952035434,6.979109685322939e-16,-2.775557561562892e-17,6.9735883734267655e-16,log_ci,nominal,3,0.1,0.002,6,1,36,3433,0,281.2402794380905,COMPLETED,classical_COST500_chunk_009.csv,True,2,8,C01
49,1.09,0.19725,True,0.1629559175531869,0.0846100522058922,0.0166893327976122,8.180547786390616e-14,-7.870787355201969e-14,2.2298135560205878e-14,log_ci,nominal,3,0.1,0.002,6,1,36,2936,0,240.2425052099861,COMPLETED,classical_COST500_chunk_009.csv,True,2,9,C01
50,1.09,0.21275,True,0.1730579096385193,0.0756226009981576,0.016088708362358,4.06767816130323e-12,-3.944004844935733e-12,9.954051471972036e-13,log_ci,nominal,3,0.1,0.002,6,1,36,3487,0,288.6504872139776,COMPLETED,classical_COST500_chunk_010.csv,True,2,10,C02
51,1.09,0.2282499999999999,True,0.1820982193575173,0.066725986207654,0.015230206351897,7.858169644387734e-11,-7.582456884591693e-11,2.063292939280537e-11,log_ci,nominal,3,0.1,0.002,6,1,36,2859,0,235.60397614201065,COMPLETED,classical_COST500_chunk_010.csv,True,2,11,C02
52,1.09,0.24375,True,0.1902713959405828,0.0579155163713442,0.0141169071155151,9.927673319630566e-15,9.06219543850284e-15,4.054048763357798e-15,log_ci,nominal,3,0.1,0.002,6,2,28,1890,0,142.4784235340776,COMPLETED,classical_COST500_chunk_010.csv,True,2,12,C02
53,1.09,0.25925,True,0.1977224010488086,0.049186901918054,0.0127517043222554,2.235102172118358e-15,8.049116928532385e-16,2.085137618124122e-15,log_ci,nominal,3,0.1,0.002,6,1,36,2879,0,232.3670235190075,COMPLETED,classical_COST500_chunk_010.csv,True,2,13,C02
54,1.09,0.27475,True,0.2045628069617228,0.0405361946714899,0.0111373194859918,4.2954108424029916e-14,-2.4022450695326825e-14,3.5608668791375926e-14,log_ci,nominal,3,0.1,0.002,6,1,36,2795,0,223.27456935192455,COMPLETED,classical_COST500_chunk_010.csv,True,2,14,C02
55,1.09,0.29025,True,0.2108807197385295,0.0319597432571131,0.0092763154803771,1.942383431186159e-12,-7.245176680825693e-13,1.802200749745353e-12,log_ci,nominal,3,0.1,0.002,6,1,36,2459,0,214.80338396399748,COMPLETED,classical_COST500_chunk_011.csv,True,2,15,C02
56,1.09,0.3057499999999999,True,0.2167471807604374,0.0234541588255747,0.0071711090609194,9.229447875672256e-11,-3.1840141634376096e-11,8.662837981676663e-11,log_ci,nominal,3,0.1,0.002,6,1,36,2601,0,222.30275768204592,COMPLETED,classical_COST500_chunk_011.csv,True,2,16,C02
57,1.09,0.32125,True,0.2222204728301322,0.0150162889758602,0.004823982833495,1.3848723964518021e-14,1.2628786905111156e-14,-5.683387788169014e-15,log_ci,nominal,3,0.1,0.002,6,1,36,2572,0,223.8522003289545,COMPLETED,classical_COST500_chunk_011.csv,True,2,17,C02
58,1.09,0.33675,True,0.2273491160788052,0.006643199947711,0.0022370975823916,3.482276045475231e-10,-1.5740196646074622e-10,3.106237040587795e-10,log_ci,nominal,3,0.1,0.002,6,3,33,2330,0,199.2095407709712,COMPLETED,classical_COST500_chunk_011.csv,True,2,18,C02
59,1.09,0.3522499999999999,True,0.9051405441507298,4.961880928609225e-06,1.747822557102599e-06,3.6733648442795854e-09,2.965456627575882e-09,-2.167873674630388e-09,linear_ci,strict_L30_y1p5,2,0.9,0.0001,6,1,45,3268,0,291.051477623987,COMPLETED,classical_COST500_chunk_011.csv,True,2,19,C02
60,1.126,0.05775,True,-1.1807619487701494e-10,0.0673112830116466,0.0038872265939225,6.688137505063284e-11,6.49879065492409e-11,1.5801592673225784e-11,log_ci,nominal,3,0.1,0.002,6,1,36,3206,0,254.06172744906507,COMPLETED,classical_COST500_chunk_012.csv,True,3,0,C00
61,1.126,0.07325,True,9.331792878398771e-09,0.1060513809642101,0.0077682636556283,3.939695765443606e-10,1.5195959768288247e-10,-3.6348357310145296e-10,log_ci,nominal,3,0.1,0.002,6,2,32,3191,0,245.1853748750873,COMPLETED,classical_COST500_chunk_012.csv,True,3,1,C00
62,1.126,0.08875,True,0.0642965249314665,0.1407905254518592,0.0124951591338525,4.0325755790075e-14,-3.435793316519664e-14,-2.1111584702637742e-14,log_ci,nominal,3,0.1,0.002,6,1,36,3298,0,264.8287774710916,COMPLETED,classical_COST500_chunk_012.csv,True,3,2,C00
63,1.126,0.10425,True,0.0987998521367962,0.1315321372472227,0.0137122253080229,2.5467902409899253e-13,-2.533251386438451e-13,2.6225549509817373e-14,log_ci,nominal,3,0.1,0.002,6,2,36,3190,0,266.0681486820104,COMPLETED,classical_COST500_chunk_012.csv,True,3,3,C00
64,1.126,0.11975,True,0.1224024966923705,0.1223867280343701,0.0146558106821158,6.369555958289487e-14,-5.863712293496803e-14,2.487593464550741e-14,log_ci,nominal,3,0.1,0.002,6,1,36,3508,0,274.2595031580422,COMPLETED,classical_COST500_chunk_012.csv,True,3,4,C01
65,1.126,0.13525,True,0.140848711335898,0.1133448955731314,0.015329897126266,4.397320575497178e-13,-3.436625983788133e-13,2.7433610938487623e-13,log_ci,nominal,3,0.1,0.002,6,1,36,2871,0,239.93303581897635,COMPLETED,classical_COST500_chunk_013.csv,True,3,5,C01
66,1.126,0.15075,True,0.1560962201887831,0.1043986902183673,0.0157381025504188,3.7572300435123694e-11,-3.437787554627647e-11,1.5160456223739516e-11,log_ci,nominal,3,0.1,0.002,6,1,36,2857,0,238.67040440498383,COMPLETED,classical_COST500_chunk_013.csv,True,3,6,C01
67,1.126,0.16625,True,0.169109137668423,0.0955413656302957,0.0158837520360366,2.993390897671337e-16,-2.0816681711721683e-16,-2.1510571102112408e-16,log_ci,nominal,3,0.1,0.002,6,1,36,3683,0,307.9410798349418,COMPLETED,classical_COST500_chunk_013.csv,True,3,7,C01
68,1.126,0.18175,True,0.1804519141539478,0.0867671712898304,0.0157699333819266,1.5290455745160366e-14,-1.4814538484841933e-14,3.785166624581393e-15,log_ci,nominal,3,0.1,0.002,6,1,36,3584,0,307.26409492001403,COMPLETED,classical_COST500_chunk_013.csv,True,3,8,C01
69,1.126,0.19725,True,0.1904909330032112,0.0780711765750489,0.0153995395794284,5.646031551250703e-13,-5.550004900101159e-13,1.0368789160608573e-13,log_ci,nominal,3,0.1,0.002,6,1,36,3658,0,315.5072456840426,COMPLETED,classical_COST500_chunk_013.csv,True,3,9,C01
70,1.126,0.21275,True,0.1994809538820554,0.0694491265953419,0.014775301683159,6.46500880744364e-12,-6.182582223956956e-12,1.8899777576297798e-12,log_ci,nominal,3,0.1,0.002,6,2,28,2753,0,229.27447453490456,COMPLETED,classical_COST500_chunk_014.csv,True,3,10,C02
71,1.126,0.2282499999999999,True,0.207608038715661,0.0608973230492954,0.0138998139860016,4.268940432649603e-11,-2.4666768627668034e-11,3.484158100919288e-11,log_ci,nominal,3,0.1,0.002,6,1,36,3224,0,281.2728564940626,COMPLETED,classical_COST500_chunk_014.csv,True,3,11,C02
72,1.126,0.24375,True,0.2150131642598285,0.0524125267250837,0.0127755533892391,1.7450395602132093e-15,-6.938893903907228e-16,1.601149768326593e-15,log_ci,nominal,3,0.1,0.002,6,2,28,2276,0,192.92106737394352,COMPLETED,classical_COST500_chunk_014.csv,True,3,12,C02
73,1.126,0.25925,True,0.2218062321776976,0.0439918795591675,0.0114048947757141,3.4448865408854728e-15,-2.858824288409778e-15,-1.9220736113823027e-15,log_ci,nominal,3,0.1,0.002,6,1,36,2787,0,229.44503825204447,COMPLETED,classical_COST500_chunk_014.csv,True,3,13,C02
74,1.126,0.27475,True,0.2280748865074628,0.0356328409313531,0.0097901230458892,6.685665998415148e-13,-1.4142853554943713e-13,6.534365062926817e-13,log_ci,nominal,3,0.1,0.002,6,1,36,2602,0,224.1550944889896,COMPLETED,classical_COST500_chunk_014.csv,True,3,14,C02
75,1.126,0.29025,True,0.2338903278507694,0.0273331387987081,0.007933443536325,3.2813563581774008e-15,-6.245004513516507e-16,3.2213814948889308e-15,log_ci,nominal,3,0.1,0.002,6,1,36,2462,0,211.47574140003417,COMPLETED,classical_COST500_chunk_015.csv,True,3,15,C02
76,1.126,0.3057499999999999,True,0.2393112947997176,0.0190907292983782,0.0058369904829791,3.151026829505855e-14,-1.609823385706477e-14,2.7087707077377843e-14,log_ci,nominal,3,0.1,0.002,6,1,36,2459,0,217.43077275995165,COMPLETED,classical_COST500_chunk_015.csv,True,3,16,C02
77,1.126,0.32125,True,0.2443868836348143,0.0109037691755763,0.0035028358476538,1.930283111557653e-14,1.6903145549918008e-14,-9.32110291729238e-15,log_ci,nominal,3,0.1,0.002,6,1,36,2586,0,227.53299487091132,COMPLETED,classical_COST500_chunk_015.csv,True,3,17,C02
78,1.126,0.33675,True,0.2491585811271476,0.0027705855658777,0.0009329946893093,1.3469394376582609e-12,-1.0952766471561404e-12,7.839737973386329e-13,linear_ci,nominal,0,0.1,0.0001,6,3,32,2339,0,206.74064538895615,COMPLETED,classical_COST500_chunk_015.csv,True,3,18,C02
79,1.126,0.3522499999999999,True,0.9051405604687852,4.93377542301078e-06,1.7379223927555466e-06,3.6470237333896877e-09,2.951579260951813e-09,-2.14218626132902e-09,linear_ci,strict_L30_y1p5,2,0.9,0.0001,6,2,37,2884,0,244.6234806790017,COMPLETED,classical_COST500_chunk_015.csv,True,3,19,C02
80,1.162,0.05775,True,1.7517621252403655e-08,0.1195094298468862,0.0069016695736576,6.479343232626652e-10,-6.438350425713724e-10,-7.276898528196796e-11,log_ci,nominal,3,0.1,0.002,6,1,36,3181,0,247.46113562595565,COMPLETED,classical_COST500_chunk_016.csv,True,4,0,C00
81,1.162,0.07325,True,0.0784712537715186,0.1397175160847077,0.0102343080532048,7.006332008138973e-11,-6.788021533754574e-11,1.735353527543282e-11,log_ci,nominal,3,0.1,0.002,6,1,36,3302,0,264.33136630803347,COMPLETED,classical_COST500_chunk_016.csv,True,4,1,C00
82,1.162,0.08875,True,0.1122217147903223,0.1309556331661565,0.0116223124434963,9.1688371231563e-11,-9.057465194528548e-11,1.4247450441651209e-11,log_ci,nominal,3,0.1,0.002,6,1,36,3447,0,262.0467471779557,COMPLETED,classical_COST500_chunk_016.csv,True,4,2,C00
83,1.162,0.10425,True,0.1361116629032671,0.1222731103028438,0.0127469717490714,1.2928763885893657e-13,-1.200983756888263e-13,4.7871429043055975e-14,log_ci,nominal,3,0.1,0.002,6,2,36,3256,0,265.02264621597715,COMPLETED,classical_COST500_chunk_016.csv,True,4,3,C00
84,1.162,0.11975,True,0.1549527335158827,0.1136636969434528,0.0136112277089784,5.3431922367979006e-11,-5.013744280857324e-11,1.84717935391987e-11,log_ci,nominal,3,0.1,0.002,6,1,36,3321,0,268.8891414810205,COMPLETED,classical_COST500_chunk_016.csv,True,4,4,C01
85,1.162,0.13525,True,0.17056781529641,0.105122065498256,0.0142177593586391,1.6139455535375835e-16,-6.938893903907227e-17,1.457167719820518e-16,log_ci,nominal,3,0.1,0.002,6,1,36,3449,0,292.4493091920158,COMPLETED,classical_COST500_chunk_017.csv,True,4,5,C01
86,1.162,0.15075,True,0.1838952507249416,0.0966437255183459,0.0145690416218906,1.2581087241795926e-15,-1.2351231148954868e-15,-2.3939183968479943e-16,log_ci,nominal,3,0.1,0.002,6,1,36,3566,0,296.9273006799631,COMPLETED,classical_COST500_chunk_017.csv,True,4,6,C01
87,1.162,0.16625,True,0.1954984673553601,0.0882249246685658,0.014667393726149,1.6765759126551124e-15,-1.457167719820518e-15,8.291978215169138e-16,log_ci,nominal,3,0.1,0.002,6,1,36,3688,0,394.2107020249823,COMPLETED,classical_COST500_chunk_017.csv,True,4,7,C01
88,1.162,0.18175,True,0.2057492261226405,0.079862547645964,0.0145150180346539,3.608226498034715e-15,6.106226635438361e-16,3.5561831257524545e-15,log_ci,nominal,3,0.1,0.002,6,1,36,4023,0,449.3475836169673,COMPLETED,classical_COST500_chunk_017.csv,True,4,8,C01
89,1.162,0.19725,True,0.214908981875027,0.0715540212265291,0.0141140306869328,8.533200439735174e-14,4.017619570362285e-15,8.523737271559639e-14,log_ci,nominal,3,0.1,0.002,6,1,36,3826,0,321.1925534330076,COMPLETED,classical_COST500_chunk_017.csv,True,4,9,C01
90,1.162,0.21275,True,0.2231702545047951,0.0632972269920718,0.0134664850425632,2.312706906176125e-12,1.1191048088221579e-13,2.309997679250664e-12,log_ci,nominal,3,0.1,0.002,6,2,28,2451,0,200.50326125393624,COMPLETED,classical_COST500_chunk_018.csv,True,4,10,C02
91,1.162,0.2282499999999999,True,0.2306797887437165,0.0550904239694517,0.0125743892710273,5.3090253875238066e-11,-3.48845952125032e-13,5.3089107762693815e-11,log_ci,nominal,3,0.1,0.002,6,1,36,2824,0,241.0438466980122,COMPLETED,classical_COST500_chunk_018.csv,True,4,11,C02
92,1.162,0.24375,True,0.2375524810758171,0.0469321819986952,0.0114397193621819,6.8754199718556265e-15,-5.5094817597023385e-15,-4.1130293615410104e-15,log_ci,nominal,3,0.1,0.002,6,2,28,1956,0,154.62009514507372,COMPLETED,classical_COST500_chunk_018.csv,True,4,12,C02
93,1.162,0.25925,True,0.2438802399403714,0.0388213267384734,0.0100644289569492,1.2947870160573315e-14,-8.187894806610529e-16,1.2921955172551236e-14,log_ci,nominal,3,0.1,0.002,6,1,36,2333,0,193.97942809411325,COMPLETED,classical_COST500_chunk_018.csv,True,4,13,C02
94,1.162,0.27475,True,0.249737878579037,0.0307568914584916,0.0084504559282205,2.4058419582349216e-12,-5.13769582433099e-13,2.3503438778549324e-12,log_ci,nominal,3,0.1,0.002,6,1,36,2551,0,215.12224763596896,COMPLETED,classical_COST500_chunk_018.csv,True,4,14,C02
95,1.162,0.29025,True,0.2551871833514113,0.0227380796517543,0.0065997276189217,1.0823816025084335e-14,1.3877787807814457e-17,1.0823807128357288e-14,log_ci,nominal,3,0.1,0.002,6,1,36,2489,0,212.05015160189944,COMPLETED,classical_COST500_chunk_019.csv,True,4,15,C02
96,1.162,0.3057499999999999,True,0.2602798087238236,0.0147642353221925,0.0045141649497603,4.3150335202095334e-13,-1.2781442570997117e-13,4.1213907286952183e-13,log_ci,nominal,3,0.1,0.002,6,1,36,2526,0,216.8246780730551,COMPLETED,classical_COST500_chunk_019.csv,True,4,16,C02
97,1.162,0.32125,True,0.2650593911018306,0.0068348171520083,0.0021956850100826,4.201645423906109e-14,-2.003952559448408e-14,3.6929660718332264e-14,linear_ci,nominal,0,0.1,0.0001,6,2,32,2449,0,207.85102358891163,COMPLETED,classical_COST500_chunk_019.csv,True,4,17,C02
98,1.162,0.33675,True,0.9051405245233656,5.023226468975175e-06,1.69157151342739e-06,3.519145807566767e-09,2.778294315360988e-09,-2.159969423891822e-09,linear_ci,strict_L30_y1p5,2,0.9,0.0001,6,1,45,3460,0,302.1771305690054,COMPLETED,classical_COST500_chunk_019.csv,True,4,18,C02
99,1.162,0.3522499999999999,True,0.9051405512261486,5.000835878814737e-06,1.7615444383124906e-06,3.6791077861528917e-09,2.953638201613718e-09,-2.1935941912985887e-09,linear_ci,strict_L30_y1p5,2,0.9,0.0001,6,1,45,3412,0,300.11443270696327,COMPLETED,classical_COST500_chunk_019.csv,True,4,19,C02
100,1.198,0.05775,True,0.0837567812602881,0.1374290085327626,0.007936525242767,4.31011686801002e-11,-4.086794097579727e-11,1.3693872424891396e-11,log_ci,nominal,3,0.1,0.002,6,1,36,3078,0,242.68654332496223,COMPLETED,classical_COST500_chunk_020.csv,True,5,0,C00
101,1.198,0.07325,True,0.1202364508478294,0.1293267658118048,0.0094731855957147,5.887064695949434e-13,-2.8925820072522873e-13,-5.127426261353207e-13,log_ci,nominal,3,0.1,0.002,6,1,36,3090,0,250.1203876649961,COMPLETED,classical_COST500_chunk_020.csv,True,5,1,C00
102,1.198,0.08875,True,0.1458130930462222,0.1212378289121407,0.0107598573159524,2.5632932549187584e-12,-2.398317655583071e-12,9.047346205548481e-13,log_ci,nominal,3,0.1,0.002,6,1,36,3569,0,287.64814692595974,COMPLETED,classical_COST500_chunk_020.csv,True,5,2,C00
103,1.198,0.10425,True,0.1658467678319321,0.1131670821979079,0.0117976683191319,4.536850079977795e-11,-4.243805307169168e-11,1.6040963696228868e-11,log_ci,nominal,3,0.1,0.002,6,2,36,3566,0,287.80686242796946,COMPLETED,classical_COST500_chunk_020.csv,True,5,3,C00
104,1.198,0.11975,True,0.1823535414799055,0.1051175653504559,0.012587828450717,1.073179872665184e-10,-1.0126435454060888e-10,3.55342213986809e-11,log_ci,nominal,3,0.1,0.002,6,1,36,3155,0,257.87186924903654,COMPLETED,classical_COST500_chunk_020.csv,True,5,4,C01
105,1.198,0.13525,True,0.1963681160662042,0.097091255101065,0.013131592252419,6.558012370907001e-11,-5.1223150721035886e-11,4.0950475649337286e-11,log_ci,nominal,3,0.1,0.002,6,1,36,3595,0,313.4363840430742,COMPLETED,classical_COST500_chunk_021.csv,True,5,5,C01
106,1.198,0.15075,True,0.2085105374130913,0.0890895343486264,0.0134302473030554,2.360244132317689e-16,2.1510571102112408e-16,9.714451465470121e-17,log_ci,nominal,3,0.1,0.002,6,1,36,3209,0,282.0159395659575,COMPLETED,classical_COST500_chunk_021.csv,True,5,6,C01
107,1.198,0.16625,True,0.2191892260109393,0.0811134711360244,0.013485114576364,1.494683490070454e-16,-1.3877787807814454e-16,5.551115123125783e-17,log_ci,nominal,3,0.1,0.002,6,1,36,3640,0,318.1399453820195,COMPLETED,classical_COST500_chunk_021.csv,True,5,7,C01
108,1.198,0.18175,True,0.2286909470888324,0.07316398073611,0.013297553498788,4.652141882208491e-15,2.7755575615628914e-16,4.6438547451899126e-15,log_ci,nominal,3,0.1,0.002,6,1,36,3303,0,283.00546034402214,COMPLETED,classical_COST500_chunk_021.csv,True,5,8,C01
109,1.198,0.19725,True,0.2372265098448842,0.0652419165917354,0.0128689680477198,1.5020740268586361e-13,1.5640266859406893e-14,1.493909163041707e-13,log_ci,nominal,3,0.1,0.002,6,1,36,2749,0,237.9817092239391,COMPLETED,classical_COST500_chunk_021.csv,True,5,9,C01
110,1.198,0.21275,True,0.2449563237314103,0.0573481169433174,0.0122008118796907,4.006735205057367e-12,2.0900642327958965e-13,4.00128020994206e-12,log_ci,nominal,3,0.1,0.002,6,2,28,2297,0,184.31571941799484,COMPLETED,classical_COST500_chunk_022.csv,True,5,10,C02
111,1.198,0.2282499999999999,True,0.252005758272452,0.0494834259572004,0.011294591974731,6.761675518108049e-15,-6.661338147750939e-15,-1.160530005428484e-15,log_ci,nominal,3,0.1,0.002,6,1,36,3595,0,291.4597515319474,COMPLETED,classical_COST500_chunk_022.csv,True,5,11,C02
112,1.198,0.24375,True,0.2584749032214842,0.0416486982770194,0.0101518702050234,3.644779522041417e-15,-3.191891195797325e-16,-3.630776235219457e-15,log_ci,nominal,3,0.1,0.002,6,1,36,2668,0,222.8189446430188,COMPLETED,classical_COST500_chunk_022.csv,True,5,12,C02
113,1.198,0.25925,True,0.2644450599025361,0.0338447966459209,0.008774263530455,2.687779148567757e-14,-4.4825254619240695e-15,2.650137054249768e-14,log_ci,nominal,3,0.1,0.002,6,1,36,2510,0,207.19359540205917,COMPLETED,classical_COST500_chunk_022.csv,True,5,13,C02
114,1.198,0.27475,True,0.2699832176043655,0.026072585512108,0.0071634428694516,5.924813098242075e-12,-1.3295892165032797e-12,5.773699227051843e-12,log_ci,nominal,3,0.1,0.002,6,1,36,2477,0,203.5842415189836,COMPLETED,classical_COST500_chunk_022.csv,True,5,14,C02
115,1.198,0.29025,True,0.2751452365966844,0.0183329229847149,0.0053211308963135,1.965065963826421e-14,6.647460359943125e-15,-1.8492152253912764e-14,log_ci,nominal,3,0.1,0.002,6,2,28,2095,0,163.11444457399193,COMPLETED,classical_COST500_chunk_023.csv,True,5,15,C02
116,1.198,0.3057499999999999,True,0.2799781732571654,0.0106266536501401,0.0032490993535303,2.742327302290732e-12,-1.0694500840457977e-12,2.5252001011055736e-12,log_ci,nominal,3,0.1,0.002,6,1,36,2743,0,221.5434003919363,COMPLETED,classical_COST500_chunk_023.csv,True,5,16,C02
117,1.198,0.32125,True,0.2845220143619454,0.0029546062934147,0.0009491672717594,1.6323525687589197e-12,-1.0026701691145945e-12,-1.2881100266287637e-12,linear_ci,nominal,0,0.1,0.0001,6,2,32,2196,0,187.99839216598772,COMPLETED,classical_COST500_chunk_023.csv,True,5,17,C02
118,1.198,0.33675,True,0.9051405679599606,4.985480689053657e-06,1.678860622038819e-06,3.472565552840624e-09,2.7456967622904236e-09,-2.1259964271661408e-09,linear_ci,strict_L30_y1p5,2,0.9,0.0001,6,1,45,3382,0,300.8957744810032,COMPLETED,classical_COST500_chunk_023.csv,True,5,18,C02
119,1.198,0.3522499999999999,True,0.9051405606032172,5.017304732125208e-06,1.7673455918911042e-06,3.6765595227926725e-09,2.943068104995197e-09,-2.203506309044172e-09,linear_ci,strict_L30_y1p5,2,0.9,0.0001,6,1,45,3273,0,281.5033082870068,COMPLETED,classical_COST500_chunk_023.csv,True,5,19,C02
120,1.234,0.05775,True,0.1229597429785505,0.1263772150889115,0.0072982841713846,8.47799689086045e-13,-4.825220084603288e-13,-6.97091689927376e-13,log_ci,nominal,3,0.1,0.002,6,1,36,3121,0,256.7242427940946,COMPLETED,classical_COST500_chunk_024.csv,True,6,0,C10
121,1.234,0.07325,True,0.1517088671056922,0.119109536363797,0.0087247735386481,1.2595819588016297e-12,-1.1615881867488298e-12,4.870930048195278e-13,log_ci,nominal,3,0.1,0.002,6,1,36,3186,0,274.13861514092423,COMPLETED,classical_COST500_chunk_024.csv,True,6,1,C10
122,1.234,0.08875,True,0.1737572434126628,0.1117517460390245,0.0099179674609634,4.235297486965415e-12,-3.9334577262017945e-12,1.5702404654316382e-12,log_ci,nominal,3,0.1,0.002,6,1,36,3324,0,286.80615795904305,COMPLETED,classical_COST500_chunk_024.csv,True,6,2,C10
123,1.234,0.10425,True,0.1916807264763605,0.1043303345839692,0.0108764373803787,2.7000726414769367e-12,-2.445970509468154e-12,1.1435123681291517e-12,log_ci,nominal,3,0.1,0.002,6,2,36,3739,0,310.4343195720576,COMPLETED,classical_COST500_chunk_024.csv,True,6,3,C10
124,1.234,0.11975,True,0.2067457849684599,0.0968639078312881,0.0115994529627967,6.856708795437402e-12,1.5330618718945033e-12,6.683126274609208e-12,log_ci,nominal,3,0.1,0.002,6,1,36,3131,0,273.81287366198376,COMPLETED,classical_COST500_chunk_024.csv,True,6,4,C11
125,1.234,0.13525,True,0.2196924452633747,0.0893660340822557,0.012086756109625,2.2887833992611187e-16,5.551115123125783e-17,2.220446049250313e-16,log_ci,nominal,3,0.1,0.002,6,1,36,3518,0,316.43770442402456,COMPLETED,classical_COST500_chunk_025.csv,True,6,5,C11
126,1.234,0.15075,True,0.2309998093425256,0.0818469763998874,0.012338431692283,4.825431996639834e-16,2.1510571102112408e-16,4.319461455182249e-16,log_ci,nominal,3,0.1,0.002,6,1,36,3246,0,278.48509327392094,COMPLETED,classical_COST500_chunk_025.csv,True,6,6,C11
127,1.234,0.16625,True,0.240999959757097,0.0743147774536673,0.0123548317516721,6.851982059656435e-16,9.714451465470121e-17,6.782768791069317e-16,log_ci,nominal,3,0.1,0.002,6,1,36,2906,0,254.31459343002643,COMPLETED,classical_COST500_chunk_025.csv,True,6,7,C11
128,1.234,0.18175,True,0.2499345466987997,0.0667759517791374,0.0121365292358582,1.3481721879577076e-14,1.2351231148954868e-15,1.3425024980584512e-14,log_ci,nominal,3,0.1,0.002,6,1,36,3280,0,295.61645111697726,COMPLETED,classical_COST500_chunk_025.csv,True,6,8,C11
129,1.234,0.19725,True,0.2579859139136221,0.059235935260363,0.0116842882301066,3.574308614359365e-13,3.8115344214162405e-14,3.553927985233685e-13,log_ci,nominal,3,0.1,0.002,6,1,36,3656,0,339.390359594021,COMPLETED,classical_COST500_chunk_025.csv,True,6,9,C11
130,1.234,0.21275,True,0.2652955618901904,0.0516993806633286,0.0109990432361231,1.0381543600784776e-11,5.298816940779716e-13,1.0368012004491334e-11,log_ci,nominal,3,0.1,0.002,6,2,28,2050,0,168.61063351097982,COMPLETED,classical_COST500_chunk_026.csv,True,6,10,C12
131,1.234,0.2282499999999999,True,0.2719757571893202,0.0441703533359235,0.0100818831489245,4.233544219145709e-15,2.858824288409778e-15,3.1225022567582528e-15,log_ci,nominal,3,0.1,0.002,6,1,36,2994,0,261.2535517219221,COMPLETED,classical_COST500_chunk_026.csv,True,6,11,C12
132,1.234,0.24375,True,0.2781171811080425,0.0366524631063011,0.0089340378821609,1.3576656169811226e-12,-1.3209155991233956e-12,-3.1374815939733125e-13,log_ci,nominal,3,0.1,0.002,6,1,36,2664,0,237.33366882195696,COMPLETED,classical_COST500_chunk_026.csv,True,6,12,C12
133,1.234,0.25925,True,0.283794164653704,0.0291489536202857,0.007556866226059,6.564813409899494e-15,4.815592369311617e-15,-4.461708780212348e-15,log_ci,nominal,3,0.1,0.002,6,1,36,2680,0,231.08520560793116,COMPLETED,classical_COST500_chunk_026.csv,True,6,13,C12
134,1.234,0.27475,True,0.2890683853660379,0.0216627642547114,0.0059518444789819,5.955610918087158e-10,-5.602629193912634e-10,-2.0198632436768668e-10,log_ci,nominal,3,0.1,0.002,6,1,36,2625,0,233.0342521739658,COMPLETED,classical_COST500_chunk_026.csv,True,6,14,C12
135,1.234,0.29025,True,0.2939915569778127,0.0141965735405884,0.0041205554701557,6.64794289842887e-10,-6.143210107278917e-10,-2.540888497867821e-10,log_ci,nominal,3,0.1,0.002,6,1,36,2470,0,206.09542556398085,COMPLETED,classical_COST500_chunk_027.csv,True,6,15,C12
136,1.234,0.3057499999999999,True,0.298607415146577,0.0067528317581911,0.0020646783100669,1.1452285739129787e-09,-1.0386442678145258e-09,-4.824588805719954e-10,linear_ci,nominal,0,0.1,0.0001,6,2,32,2349,0,197.6535191910807,COMPLETED,classical_COST500_chunk_027.csv,True,6,16,C12
137,1.234,0.32125,False,0.9051206371824284,6.173672701623852e-06,1.983292355396662e-06,3.1352625462887074e-08,3.1337498516750546e-08,9.738121629614618e-10,linear_ci,strict_L30_y1p5,2,0.9,0.0001,6,0,45,3734,0,325.75876752694603,COMPLETED,classical_COST500_chunk_027.csv,False,6,17,C12
138,1.234,0.33675,True,0.9051405711166964,5.018448249075579e-06,1.6899624478762011e-06,3.4810227405716242e-09,2.73918332087507e-09,-2.148114069367965e-09,linear_ci,strict_L30_y1p5,2,0.9,0.0001,6,1,45,3511,0,292.4332868580241,COMPLETED,classical_COST500_chunk_027.csv,True,6,18,C12
139,1.234,0.3522499999999999,True,0.9051405765575616,4.994633273171418e-06,1.7593595704746314e-06,3.6525858484599485e-09,2.9292973190708304e-09,-2.181880060144078e-09,linear_ci,strict_L30_y1p5,2,0.9,0.0001,6,1,45,3594,0,310.9017613240285,COMPLETED,classical_COST500_chunk_027.csv,True,6,19,C02
140,1.27,0.05775,True,0.1534264443489852,0.1155130728484815,0.0066708799569998,3.269014712520169e-13,-3.066297216136604e-13,1.1332601523861285e-13,log_ci,nominal,3,0.1,0.002,6,1,36,3122,0,263.0970743489452,COMPLETED,classical_COST500_chunk_028.csv,True,7,0,C10
141,1.27,0.07325,True,0.1785743954675424,0.1091699237752543,0.0079966969165373,6.222399453371191e-13,-5.698184979419096e-13,2.499788570586859e-13,log_ci,nominal,3,0.1,0.002,6,1,36,3274,0,279.6410245979205,COMPLETED,classical_COST500_chunk_028.csv,True,7,1,C10
142,1.27,0.08875,True,0.1985526786017248,0.1025968897793884,0.0091054739679207,3.240577044132981e-13,-1.576828945193398e-13,2.831068712794149e-13,log_ci,nominal,3,0.1,0.002,6,1,36,3380,0,285.0256441460224,COMPLETED,classical_COST500_chunk_028.csv,True,7,2,C10
143,1.27,0.10425,True,0.2150842266419897,0.0958554867882286,0.0099929344976728,5.130558904331626e-12,1.0452333443211614e-12,5.022959478906408e-12,log_ci,nominal,3,0.1,0.002,6,2,36,3385,0,289.57203722698614,COMPLETED,classical_COST500_chunk_028.csv,True,7,3,C10
144,1.27,0.11975,True,0.2291246607490114,0.0889879520463545,0.0106563072575509,2.8702405287153246e-11,5.396308400129613e-12,2.8190564466124e-11,log_ci,nominal,3,0.1,0.002,6,1,36,3253,0,282.5684993299656,COMPLETED,classical_COST500_chunk_028.csv,True,7,4,C11
145,1.27,0.13525,True,0.2412717037899536,0.0820245247122021,0.0110938169673253,3.376789744267131e-16,2.775557561562892e-17,3.3653635433950063e-16,log_ci,nominal,3,0.1,0.002,6,1,36,3558,0,293.7037749760784,COMPLETED,classical_COST500_chunk_029.csv,True,7,5,C11
146,1.27,0.15075,True,0.251929461803164,0.0749876715017265,0.0113043914788852,1.892321734166573e-15,-1.7763568394002505e-15,-6.522560269672796e-16,log_ci,nominal,3,0.1,0.002,6,1,36,3465,0,296.8161421769764,COMPLETED,classical_COST500_chunk_029.csv,True,7,6,C11
147,1.27,0.16625,True,0.2613864484676264,0.0678946476418665,0.0112874851704603,2.4431274059665923e-13,-2.4157759126453016e-13,3.64552138476526e-14,log_ci,nominal,3,0.1,0.002,6,1,36,3098,0,268.21178519295063,COMPLETED,classical_COST500_chunk_029.csv,True,7,7,C11
148,1.27,0.18175,True,0.2698571028790542,0.0607591096600494,0.0110429681807139,5.699534067348502e-10,-5.699127628155941e-10,6.806513686008486e-12,log_ci,nominal,3,0.1,0.002,6,1,36,3629,0,319.20625466294587,COMPLETED,classical_COST500_chunk_029.csv,True,7,8,C11
149,1.27,0.19725,True,0.2775057958708742,0.0535921564441868,0.0105710528586158,2.554415354588297e-12,-2.548385114042873e-12,-1.754169726142507e-13,log_ci,nominal,3,0.1,0.002,6,1,36,3319,0,291.7534193251049,COMPLETED,classical_COST500_chunk_029.csv,True,7,9,C11
150,1.27,0.21275,True,0.2844615843612654,0.0464030198510794,0.0098722424733171,4.11222352512898e-14,-4.100192407818781e-14,-3.1433189384699745e-15,log_ci,nominal,3,0.1,0.002,6,2,28,2033,0,151.5742705889279,COMPLETED,classical_COST500_chunk_030.csv,True,7,10,C12
151,1.27,0.2282499999999999,True,0.2908277944646165,0.0391995288494419,0.0089472924598851,2.370317895454785e-12,-2.323009840043966e-12,-4.712029377795801e-13,log_ci,nominal,3,0.1,0.002,6,1,36,2960,0,251.32804933807347,COMPLETED,classical_COST500_chunk_030.csv,True,7,11,C12
152,1.27,0.24375,True,0.2966884562990876,0.0319884300221577,0.0077971798179009,1.488340740829005e-09,-1.4395596659166896e-09,-3.7792344340786816e-10,linear_ci,nominal,3,0.1,0.002,6,1,37,3005,0,251.8147459391039,COMPLETED,classical_COST500_chunk_030.csv,True,7,12,C12
153,1.27,0.25925,True,0.3021128240988034,0.0247756119208599,0.0064230773904829,6.405678151312275e-10,6.032194604932427e-10,2.1553052745315604e-10,log_ci,strict_L30_y1p5,4,0.5,0.002,6,1,44,3463,0,290.502389880945,COMPLETED,classical_COST500_chunk_030.csv,True,7,13,C12
154,1.27,0.27475,True,0.3071585624484759,0.0175662634255745,0.0048263308761766,3.271860822506629e-14,3.211320098728265e-14,6.264953833490239e-15,log_ci,nominal,4,0.5,0.002,6,1,36,2751,0,226.3469385629287,COMPLETED,classical_COST500_chunk_030.csv,True,7,14,C12
155,1.27,0.29025,True,0.3118741699376106,0.0103649917505272,0.0030084388555905,1.7519605206636125e-12,1.6189133367205957e-12,6.696904315817155e-13,log_ci,nominal,4,0.5,0.002,6,1,36,2723,0,221.29539983707943,COMPLETED,classical_COST500_chunk_031.csv,True,7,15,C12
156,1.27,0.3057499999999999,True,0.3163007318574463,0.0031759054807739,0.0009710331007466,1.1279348710761878e-12,9.729994587814872e-13,-5.705340713757501e-13,log_ci,nominal,4,0.5,0.002,6,2,32,2406,0,212.2299581109546,COMPLETED,classical_COST500_chunk_031.csv,True,7,16,C12
157,1.27,0.32125,False,0.9051206662531848,6.162280101603856e-06,1.9796324826402387e-06,3.1254538476891576e-08,3.1238922496536816e-08,9.878748194289124e-10,linear_ci,strict_L30_y1p5,2,0.9,0.0001,6,0,45,3462,0,294.482515319949,COMPLETED,classical_COST500_chunk_031.csv,False,7,17,C12
158,1.27,0.33675,True,0.905140590602828,4.992960596980008e-06,1.6813794810330177e-06,3.454753141934629e-09,2.7239331686174594e-09,-2.124972320905108e-09,linear_ci,strict_L30_y1p5,2,0.9,0.0001,6,1,45,3349,0,299.1465788630303,COMPLETED,classical_COST500_chunk_031.csv,True,7,18,C12
159,1.27,0.3522499999999999,True,0.7616167850582739,8.703461989782151e-07,3.065794485900762e-07,3.2737037221173876e-09,2.911752470294576e-09,1.4962732410688456e-09,linear_ci,strict_L30,5,0.9,0.002,6,2,39,2823,0,242.24470410496,COMPLETED,classical_COST500_chunk_031.csv,True,7,19,C12
160,1.306,0.05775,True,0.179844894381065,0.1049538384299773,0.0060610841693311,3.414188955628613e-13,-3.1136031253264923e-13,1.400771859616512e-13,log_ci,nominal,3,0.1,0.002,6,1,36,3202,0,266.19578557205386,COMPLETED,classical_COST500_chunk_032.csv,True,8,0,C10
161,1.306,0.07325,True,0.2027785946057373,0.0996123486895771,0.0072966045415115,1.5429055472652005e-12,-4.962003030684059e-13,1.4609390086572917e-12,log_ci,nominal,3,0.1,0.002,6,1,36,3263,0,271.81577525800094,COMPLETED,classical_COST500_chunk_032.csv,True,8,1,C10
162,1.306,0.08875,True,0.2213139564880235,0.0938627256054752,0.0083303168974859,3.0928702188403346e-12,4.749152460181705e-13,3.0561907171655637e-12,log_ci,nominal,3,0.1,0.002,6,1,36,3246,0,271.51952024002094,COMPLETED,classical_COST500_chunk_032.csv,True,8,2,C10
163,1.306,0.10425,True,0.2367985882648791,0.087818027786168,0.009155029396708,5.716723980111435e-12,9.26113352672786e-13,5.641209721574114e-12,log_ci,nominal,3,0.1,0.002,6,2,36,3160,0,264.65945625305176,COMPLETED,classical_COST500_chunk_032.csv,True,8,3,C10
164,1.306,0.11975,True,0.2500281585285061,0.0815530731655032,0.009765980511569,4.45198703620276e-10,-4.117776605805368e-10,1.6923665073498295e-10,log_ci,nominal,3,0.1,0.002,6,1,36,3303,0,279.4321390019031,COMPLETED,classical_COST500_chunk_032.csv,True,8,4,C11
165,1.306,0.13525,True,0.2615194901254761,0.0751199417030548,0.0101599721153381,1.04974634396468e-12,-1.0231537839189286e-12,2.34784414132605e-13,log_ci,nominal,3,0.1,0.002,6,1,36,3183,0,262.85614231205545,COMPLETED,classical_COST500_chunk_033.csv,True,8,5,C11
166,1.306,0.15075,True,0.2716308063406453,0.0685564383676073,0.0103348830839168,8.910080844000585e-16,-8.743006318923109e-16,-1.717376241217039e-16,log_ci,nominal,3,0.1,0.002,6,1,36,3515,0,284.20846951392014,COMPLETED,classical_COST500_chunk_033.csv,True,8,6,C11
167,1.306,0.16625,True,0.2806223827706547,0.0618910041627156,0.0102893794420514,2.1331079185728958e-10,-2.1294684765527092e-10,1.2455279863043955e-11,log_ci,nominal,3,0.1,0.002,6,1,36,3373,0,284.97140213591047,COMPLETED,classical_COST500_chunk_033.csv,True,8,7,C11
168,1.306,0.18175,True,0.2886901515339338,0.0551457136881751,0.0100227334628258,1.0722362819737358e-11,-1.0720202503478047e-11,-2.152271416644425e-13,log_ci,nominal,3,0.1,0.002,6,1,36,3780,0,317.5890163149452,COMPLETED,classical_COST500_chunk_033.csv,True,8,8,C11
169,1.306,0.19725,True,0.2959857176702862,0.0483381701421645,0.0095347040605419,1.1795896891066808e-10,-1.1750352774120287e-10,-1.0355641691384143e-11,linear_ci,nominal,3,0.1,0.002,6,1,37,3993,0,328.774807354901,COMPLETED,classical_COST500_chunk_033.csv,True,8,9,C11
170,1.306,0.21275,True,0.3026289828671376,0.0414827418081669,0.0088254533196875,2.413879466005972e-11,2.3582746866424028e-11,5.151257892466177e-12,log_ci,strict_L30_y1p5,4,0.5,0.002,6,2,36,2999,0,245.3595220509451,COMPLETED,classical_COST500_chunk_034.csv,True,8,10,C12
171,1.306,0.2282499999999999,True,0.3087164522392816,0.0345913892830089,0.0078954846038467,3.832793735631115e-13,3.741451592986778e-13,8.317738858787393e-14,log_ci,nominal,4,0.5,0.002,6,1,36,3177,0,277.8540270079393,COMPLETED,classical_COST500_chunk_034.csv,True,8,11,C12
172,1.306,0.24375,True,0.3143269313531451,0.0276742343194053,0.006745594615355,1.499025742109221e-13,1.4577228313328305e-13,3.4946004423552785e-14,log_ci,nominal,4,0.5,0.002,6,2,28,1834,0,144.18985586904455,COMPLETED,classical_COST500_chunk_034.csv,True,8,12,C12
173,1.306,0.25925,True,0.3195255403927931,0.0207399539604179,0.0053768330642383,1.4506034273801803e-10,1.3761057571226587e-10,4.588935047927789e-11,log_ci,nominal,4,0.5,0.002,6,1,36,2446,0,206.5923702849541,COMPLETED,classical_COST500_chunk_034.csv,True,8,13,C12
174,1.306,0.27475,True,0.3243666310904489,0.0137960658086788,0.0037904690809345,8.772537337170635e-13,8.188449918122842e-13,3.147490948429699e-13,log_ci,nominal,4,0.5,0.002,6,1,36,2439,0,205.3968459450407,COMPLETED,classical_COST500_chunk_034.csv,True,8,14,C12
175,1.306,0.29025,True,0.3288959537447133,0.0068491339059627,0.0019879611162056,1.4595239844564076e-13,1.362243651215067e-13,-5.2392985783189516e-14,log_ci,nominal,4,0.5,0.002,6,3,24,1880,0,154.02267450501677,COMPLETED,classical_COST500_chunk_035.csv,True,8,15,C12
176,1.306,0.3057499999999999,True,0.3339241724658311,4.806586077009565e-05,1.469613693045674e-05,3.9360769447323494e-09,3.9172003557519375e-09,-3.8502348986839305e-10,linear_ci,nominal,4,0.5,0.002,6,1,37,3022,0,267.21082398702856,COMPLETED,classical_COST500_chunk_035.csv,True,8,16,C12
177,1.306,0.32125,False,0.9051206604341048,6.2014145876155855e-06,1.992204436271507e-06,3.1255651896662854e-08,3.1242306282118466e-08,9.132763325876437e-10,linear_ci,strict_L30_y1p5,2,0.9,0.0001,6,0,45,3452,0,303.1741791720269,COMPLETED,classical_COST500_chunk_035.csv,False,8,17,C12
178,1.306,0.33675,True,0.7615787542205668,7.723944921633015e-07,2.601038452359918e-07,1.3795015681802366e-09,1.2035928726628848e-09,6.740836546652335e-10,linear_ci,strict_L30,5,0.9,0.002,6,2,39,2969,0,242.8384667879436,COMPLETED,classical_COST500_chunk_035.csv,True,8,18,C12
179,1.306,0.3522499999999999,True,0.9051406152696752,4.981527319090072e-06,1.7547429981494774e-06,3.614004131920849e-09,2.8947091792124553e-09,-2.16372009126045e-09,linear_ci,strict_L30_y1p5,2,0.9,0.0001,6,1,45,3362,0,298.9560326129431,COMPLETED,classical_COST500_chunk_035.csv,True,8,19,C12
180,1.342,0.05775,True,0.2039317181502934,0.0948307305782584,0.0054764746908944,2.2750605971096958e-12,-1.5097229022487113e-12,1.7019510800686533e-12,log_ci,nominal,3,0.1,0.002,6,1,36,3412,0,269.2871573040029,COMPLETED,classical_COST500_chunk_036.csv,True,9,0,C10
181,1.342,0.07325,True,0.2252393338156118,0.0905387043846577,0.0066319600961761,3.4917135973529642e-12,-9.432003789111576e-13,3.361909708954336e-12,log_ci,nominal,3,0.1,0.002,6,1,36,3199,0,264.19754895207006,COMPLETED,classical_COST500_chunk_036.csv,True,9,1,C10
182,1.342,0.08875,True,0.2426274595705036,0.085626898290756,0.0075993872233045,2.017310359021453e-11,-1.8213482805284894e-11,8.67312818786381e-12,log_ci,nominal,3,0.1,0.002,6,1,36,3077,0,255.94116431800649,COMPLETED,classical_COST500_chunk_036.csv,True,9,2,C10
183,1.342,0.10425,True,0.2572383694045952,0.0802765814663551,0.0083688336178675,1.8231601736250396e-14,-1.754846268298138e-14,4.9439619065339e-15,log_ci,nominal,3,0.1,0.002,6,2,36,3114,0,258.60733118106145,COMPLETED,classical_COST500_chunk_036.csv,True,9,3,C10
184,1.342,0.11975,True,0.2697696606738309,0.074603218712027,0.0089337354407652,4.012379753658429e-10,-3.842544997467723e-10,1.1550061601584004e-10,log_ci,nominal,3,0.1,0.002,6,1,36,3130,0,258.7705129230162,COMPLETED,classical_COST500_chunk_036.csv,True,9,4,C11
185,1.342,0.13525,True,0.2806843708421391,0.0686849563865217,0.009289640351277,7.017365925888848e-13,-6.869713131685273e-13,1.4319448404798154e-13,log_ci,nominal,3,0.1,0.002,6,1,36,3547,0,301.7175112279365,COMPLETED,classical_COST500_chunk_037.csv,True,9,5,C11
186,1.342,0.15075,True,0.2903082939160574,0.0625772794648646,0.0094335248793283,1.0381277678986141e-12,-1.0310780007571909e-12,1.2077838729140924e-13,log_ci,strict_L30,3,0.1,0.002,6,1,38,3871,0,306.74230907601304,COMPLETED,classical_COST500_chunk_037.csv,True,9,6,C11
187,1.342,0.16625,True,0.2988807352271683,0.0563211674354492,0.0093633940861434,4.294365381210552e-11,-4.292285277207597e-11,1.336455252021196e-12,log_ci,nominal,3,0.1,0.002,6,1,36,3286,0,279.2283842599718,COMPLETED,classical_COST500_chunk_037.csv,True,9,7,C11
188,1.342,0.18175,True,0.3065833085996909,0.0499479131123437,0.0090780332081684,4.2670666639366475e-13,4.241260120885215e-13,4.6858350533085513e-14,log_ci,strict_L30_y1p5,4,0.5,0.002,6,1,44,4334,0,375.044614493032,COMPLETED,classical_COST500_chunk_037.csv,True,9,8,C11
189,1.342,0.19725,True,0.3135574072483633,0.0434820982738089,0.0085768438845088,1.3803444952341054e-13,1.3464229731141586e-13,-3.041317198082538e-14,linear_ci,nominal,4,0.5,0.002,6,1,37,3149,0,264.4924393169349,COMPLETED,classical_COST500_chunk_037.csv,True,9,9,C11
190,1.342,0.21275,True,0.319915371453654,0.0369435052664098,0.0078597307454287,8.84048851270302e-16,5.967448757360216e-16,-6.522560269672796e-16,log_ci,nominal,4,0.5,0.002,6,2,28,1869,0,149.47050065395888,COMPLETED,classical_COST500_chunk_038.csv,True,9,10,C12
191,1.342,0.2282499999999999,True,0.3257479320219143,0.0303483781695332,0.0069270173171959,2.1649140200461444e-12,2.1053159215966843e-12,5.044775361340292e-13,log_ci,nominal,4,0.5,0.002,6,1,36,3188,0,280.6740804479923,COMPLETED,classical_COST500_chunk_038.csv,True,9,11,C12
192,1.342,0.24375,True,0.331129357577722,0.0237102809391965,0.0057793809789291,3.901926532824074e-15,3.802513859341161e-15,-8.751679936302993e-16,log_ci,nominal,4,0.5,0.002,6,1,36,3048,0,268.3797475809697,COMPLETED,classical_COST500_chunk_038.csv,True,9,12,C12
193,1.342,0.25925,True,0.3361211207590841,0.0170406943114572,0.0044178000002452,3.0857548505978663e-10,2.914253699470848e-10,1.0144004993634104e-10,log_ci,nominal,4,0.5,0.002,6,1,36,2568,0,216.8839106849628,COMPLETED,classical_COST500_chunk_038.csv,True,9,13,C12
194,1.342,0.27475,True,0.3407745741305036,0.0103494382813892,0.0028435081678116,2.6486902171093794e-11,2.396551013195136e-11,1.1278754839805227e-11,log_ci,nominal,4,0.5,0.002,6,1,36,2763,0,239.79012327594685,COMPLETED,classical_COST500_chunk_038.csv,True,9,14,C12
195,1.342,0.29025,True,0.3451329581506527,0.0036449815381951,0.0010579558914611,6.053017275565305e-13,5.992289997536204e-13,-8.552652943499829e-14,linear_ci,nominal,1,0.5,0.0001,6,2,32,2678,0,229.09027821791824,COMPLETED,classical_COST500_chunk_039.csv,True,9,15,C12
196,1.342,0.3057499999999999,False,0.3536025409274806,3.59816985273527e-05,1.1001404324738084e-05,1.1571228598965764e-08,8.034237358733876e-09,8.327326182698029e-09,linear_ci,nominal,4,0.5,0.002,6,0,45,3415,0,298.6118449399946,COMPLETED,classical_COST500_chunk_039.csv,False,9,16,C12
197,1.342,0.32125,False,0.9051206970083226,6.1382639621577485e-06,1.9719172978431765e-06,3.1115552696246255e-08,3.109837531022427e-08,1.033766248873903e-09,linear_ci,strict_L30_y1p5,2,0.9,0.0001,6,0,45,3387,0,281.0107732301112,COMPLETED,classical_COST500_chunk_039.csv,False,9,17,C12
198,1.342,0.33675,True,0.9051406515962714,4.933215786717264e-06,1.6612604161770386e-06,3.385039769074275e-09,2.677661324473077e-09,-2.0708993383637717e-09,linear_ci,strict_L30_y1p5,2,0.9,0.0001,6,1,45,2909,0,255.2173398860032,COMPLETED,classical_COST500_chunk_039.csv,True,9,18,C12
199,1.342,0.3522499999999999,True,0.9051406398988828,4.9691545092149006e-06,1.7503846758709485e-06,3.588666721849799e-09,2.8735090293911384e-09,-2.149761544571811e-09,linear_ci,strict_L30_y1p5,2,0.9,0.0001,6,1,45,3651,0,302.3014157350408,COMPLETED,classical_COST500_chunk_039.csv,True,9,19,C12
200,1.378,0.05775,True,0.2265076999905168,0.0852797364149298,0.0049249047779622,3.74818244102442e-13,-3.112631680179945e-13,2.0881560369723218e-13,log_ci,nominal,3,0.1,0.002,6,1,36,3039,0,246.4367386320373,COMPLETED,classical_COST500_chunk_040.csv,True,10,0,C10
201,1.378,0.07325,True,0.246443899099589,0.0820406632806694,0.006009478585309,1.70395876707424e-11,-1.4921758273445107e-11,8.227312928155149e-12,log_ci,nominal,3,0.1,0.002,6,1,36,3237,0,266.99333086505067,COMPLETED,classical_COST500_chunk_040.csv,True,10,1,C10
202,1.378,0.08875,True,0.2628226939316668,0.0779507094557024,0.0069181254641935,2.5522619715499674e-11,-2.301678639349269e-11,1.1028674501423195e-11,log_ci,nominal,3,0.1,0.002,6,1,36,3352,0,265.6094171489822,COMPLETED,classical_COST500_chunk_040.csv,True,10,2,C10
203,1.378,0.10425,True,0.2766460832492604,0.0732713686150941,0.0076385401781235,2.3181773870754605e-15,2.255140518769849e-16,-2.3071822230491534e-15,linear_ci,nominal,3,0.1,0.002,6,2,37,3444,0,299.05941486998927,COMPLETED,classical_COST500_chunk_040.csv,True,10,3,C10
204,1.378,0.11975,True,0.2885387796645109,0.0681637523825358,0.0081626093478086,7.036014572489125e-14,-1.6882328868206287e-14,-6.830473686658679e-14,linear_ci,nominal,3,0.1,0.002,6,1,37,3499,0,355.588434516103,COMPLETED,classical_COST500_chunk_040.csv,True,10,4,C11
205,1.378,0.13525,True,0.2989214572665881,0.0627343252960328,0.0084848174962884,4.769055474568118e-10,-4.692903704528462e-10,8.488491853864133e-11,linear_ci,strict_L30,3,0.1,0.002,6,1,39,3918,0,310.3524134119507,COMPLETED,classical_COST500_chunk_041.csv,True,10,5,C11
206,1.378,0.15075,True,0.3080932837540236,0.0570573052058254,0.0086013887597781,2.0337434309616296e-14,2.0282386881120832e-14,1.4953316362920077e-15,log_ci,strict_L30_y1p5,4,0.5,0.002,6,1,44,3596,0,305.22334320796654,COMPLETED,classical_COST500_chunk_041.csv,True,10,6,C11
207,1.378,0.16625,True,0.3162757622672541,0.0511866979266336,0.0085097885303028,2.9181513981744564e-15,2.914335439641036e-15,1.491862189340054e-16,log_ci,strict_L30_y1p5,4,0.5,0.002,6,1,44,4000,0,335.8639110750519,COMPLETED,classical_COST500_chunk_041.csv,True,10,7,C11
208,1.378,0.18175,True,0.3236380426979546,0.0451632176953095,0.0082084148161225,1.2234720717253449e-15,9.992007221626409e-16,7.060324547225605e-16,log_ci,nominal,4,0.5,0.002,6,1,36,4131,0,339.1988218779443,COMPLETED,classical_COST500_chunk_041.csv,True,10,8,C11
209,1.378,0.19725,True,0.3303124349291403,0.039018482737225,0.0076963957199176,7.221155142737167e-13,7.149003611317539e-13,1.0182479859288662e-13,log_ci,nominal,4,0.5,0.002,6,1,36,3190,0,278.13260874908883,COMPLETED,classical_COST500_chunk_041.csv,True,10,9,C11
210,1.378,0.21275,True,0.3364044317338186,0.0327776644868361,0.0069734481195744,1.942352957892031e-15,-1.2490009027033013e-15,-1.4875253806501119e-15,log_ci,nominal,4,0.5,0.002,6,1,36,3238,0,278.5224070249824,COMPLETED,classical_COST500_chunk_042.csv,True,10,10,C12
211,1.378,0.2282499999999999,True,0.3419994527109471,0.0264612215242522,0.0060397738129105,4.292588751371958e-11,4.152636567944512e-11,1.087164993446299e-11,log_ci,nominal,4,0.5,0.002,6,1,36,3568,0,314.99499753210694,COMPLETED,classical_COST500_chunk_042.csv,True,10,11,C12
212,1.378,0.24375,True,0.3471675402872795,0.0200860669364356,0.0048959788157561,8.417461792437863e-13,8.041622923116165e-13,2.487159783681747e-13,log_ci,nominal,4,0.5,0.002,6,1,36,2621,0,223.1637849920662,COMPLETED,classical_COST500_chunk_042.csv,True,10,12,C12
213,1.378,0.25925,True,0.3519667292728728,0.0136663750223304,0.0035430077245391,3.7149624605768494e-14,3.7012060083441156e-14,-3.194059600142296e-15,log_ci,nominal,4,0.5,0.002,6,1,36,2822,0,235.6258159179706,COMPLETED,classical_COST500_chunk_042.csv,True,10,13,C12
214,1.378,0.27475,True,0.3564455255991686,0.0072141533025101,0.0019820886198646,1.1320627400369933e-13,-9.438283488094613e-14,6.251032677595525e-14,log_ci,nominal,4,0.5,0.002,6,2,33,2762,0,232.25475332001224,COMPLETED,classical_COST500_chunk_042.csv,True,10,14,C12
215,1.378,0.29025,True,0.3606449620413099,0.0007400170267263,0.0002147899420073,2.9900661631497864e-11,-1.900682389255337e-11,2.3082248840154e-11,linear_ci,nominal,1,0.5,0.0001,6,3,24,2403,0,189.0810916130431,COMPLETED,classical_COST500_chunk_043.csv,True,10,15,C12
216,1.378,0.3057499999999999,False,0.9051206799206208,6.215835839556125e-06,1.9004918079442847e-06,2.9460105787424325e-08,2.9459427200317985e-08,1.9995508344879657e-10,linear_ci,strict_L30_y1p5,2,0.9,0.0001,6,0,45,3588,0,312.7651672649663,COMPLETED,classical_COST500_chunk_043.csv,False,10,16,C12
217,1.378,0.32125,False,0.9051207155219702,6.130934677719462e-06,1.969562765217377e-06,3.104046576863246e-08,3.1022860189012564e-08,1.045304178994246e-09,linear_ci,strict_L30_y1p5,2,0.9,0.0001,6,0,45,3101,0,270.811636166065,COMPLETED,classical_COST500_chunk_043.csv,False,10,17,C12
218,1.378,0.33675,True,0.90514065288057,4.973352212505835e-06,1.67477635756134e-06,3.397172367419356e-09,2.6720265438061113e-09,-2.0978689766411052e-09,linear_ci,strict_L30_y1p5,2,0.9,0.0001,6,1,45,3282,0,291.9457391699543,COMPLETED,classical_COST500_chunk_043.csv,True,10,18,C12
219,1.378,0.3522499999999999,True,0.905140659539514,4.9625831962634105e-06,1.7480699308837855e-06,3.569155794687008e-09,2.856029254392854e-09,-2.1405536631441972e-09,linear_ci,strict_L30_y1p5,2,0.9,0.0001,6,1,45,3243,0,287.04658576706424,COMPLETED,classical_COST500_chunk_043.csv,True,10,19,C12
220,1.414,0.05775,True,0.2479929851546382,0.0764250834289599,0.0044135485680224,3.1946863710111445e-10,-2.6608707251463137e-10,1.7679898170475106e-10,log_ci,nominal,3,0.1,0.002,6,1,36,3141,0,252.67805359791964,COMPLETED,classical_COST500_chunk_044.csv,True,11,0,C10
221,1.414,0.07325,True,0.2666567735429434,0.0741900449525736,0.005434420792776,1.3246754763943627e-09,-1.1408997756950923e-09,6.73136553441811e-10,log_ci,strict_L30,3,0.1,0.002,6,1,38,3516,0,266.91820439405274,COMPLETED,classical_COST500_chunk_044.csv,True,11,1,C20
222,1.414,0.08875,True,0.2820870993290019,0.0708746524362048,0.0062901254037131,1.3209111915941835e-11,-1.1961270515725708e-11,5.604341643539179e-12,linear_ci,nominal,3,0.1,0.002,6,1,37,3206,0,259.87529007706326,COMPLETED,classical_COST500_chunk_044.csv,True,11,2,C20
223,1.414,0.10425,True,0.2951658615992635,0.0668231677660867,0.0069663152396145,7.871129084396202e-10,-7.384989356151728e-10,2.72334450129863e-10,linear_ci,nominal,3,0.1,0.002,6,2,37,3734,0,303.03358117700554,COMPLETED,classical_COST500_chunk_044.csv,True,11,3,C20
224,1.414,0.11975,True,0.306453075324025,0.062242608908231,0.0074535524167606,9.584077173943041e-13,9.455214389220146e-13,-1.5663512153984985e-13,log_ci,strict_L30_y1p5,4,0.5,0.002,6,1,44,3740,0,311.14810767408926,COMPLETED,classical_COST500_chunk_044.csv,True,11,4,C21
225,1.414,0.13525,True,0.3163308808255911,0.0572674273377818,0.0077454195474349,2.0499940085644562e-15,2.019218126037004e-15,-3.538835890992686e-16,log_ci,strict_L30_y1p5,4,0.5,0.002,6,1,44,3830,0,313.84092483494896,COMPLETED,classical_COST500_chunk_045.csv,True,11,5,C21
226,1.414,0.15075,True,0.3250738079759065,0.0519901230208495,0.007837511045393,4.815504071142166e-12,4.809812270689662e-12,-2.340627691665987e-13,log_ci,nominal,4,0.5,0.002,6,1,36,3335,0,274.6854329169728,COMPLETED,classical_COST500_chunk_045.csv,True,11,6,C21
227,1.414,0.16625,True,0.3328867048908024,0.0464772898504422,0.007726849437636,4.770656606741096e-12,4.7678805348283496e-12,1.6272573566400441e-13,log_ci,nominal,4,0.5,0.002,6,1,36,3447,0,279.88285611302126,COMPLETED,classical_COST500_chunk_045.csv,True,11,7,C21
228,1.414,0.18175,True,0.3399269298993405,0.0407786752820188,0.0074115242325069,9.592565956206732e-16,6.730727086790013e-16,-6.83481049534862e-16,log_ci,nominal,4,0.5,0.002,6,1,36,3320,0,273.0715567920124,COMPLETED,classical_COST500_chunk_045.csv,True,11,8,C21
229,1.414,0.19725,True,0.3463181284224849,0.0349325937118733,0.006890454109667,6.175406457033807e-11,6.078897107908432e-11,1.0874993613962936e-11,log_ci,nominal,4,0.5,0.002,6,1,36,3042,0,252.5611629509367,COMPLETED,classical_COST500_chunk_045.csv,True,11,9,C21
230,1.414,0.21275,True,0.3521592173040674,0.0289693118155165,0.0061632210887511,5.521629707696887e-13,5.356062815486952e-13,1.3420081018677976e-13,log_ci,nominal,4,0.5,0.002,6,1,36,3594,0,309.1470833530184,COMPLETED,classical_COST500_chunk_046.csv,True,11,10,C22
231,1.414,0.2282499999999999,True,0.3575304851670718,0.0229132445037788,0.0052299480579875,6.881904056853545e-15,6.196432256189155e-15,2.994132719535969e-15,log_ci,nominal,4,0.5,0.002,6,1,36,3288,0,291.52599300502334,COMPLETED,classical_COST500_chunk_046.csv,True,11,11,C22
232,1.414,0.24375,True,0.3624978710493147,0.0167844227503057,0.004091203045387,1.539909564322269e-14,-1.4079015731027766e-14,6.2380656196125975e-15,log_ci,nominal,4,0.5,0.002,6,1,36,2588,0,214.7190161079634,COMPLETED,classical_COST500_chunk_046.csv,True,11,12,C22
233,1.414,0.25925,True,0.3671160611908569,0.0105995084071317,0.0027479225545489,4.293473091983744e-12,-1.0365666658351813e-12,4.166466217175868e-12,log_ci,nominal,4,0.5,0.002,6,1,36,2407,0,201.00942587899044,COMPLETED,classical_COST500_chunk_046.csv,True,11,13,C22
234,1.414,0.27475,True,0.3714307800585145,0.0043725056110564,0.0012013459166377,2.6872729159490002e-14,-1.1837753000065732e-14,-2.4124907800626705e-14,log_ci,nominal,4,0.5,0.002,6,2,32,2204,0,185.9741428339621,COMPLETED,classical_COST500_chunk_046.csv,True,11,14,C22
235,1.414,0.29025,False,0.761639912887526,3.077779238388468e-06,8.933254239422528e-07,1.5769371346967072e-08,1.0949204446935613e-08,1.1348479839068821e-08,linear_ci,nominal,2,0.9,0.0001,6,0,45,3311,0,288.38373740704264,COMPLETED,classical_COST500_chunk_047.csv,False,11,15,C22
236,1.414,0.3057499999999999,False,0.7616675007269185,1.3620128598785395e-05,4.164354319078634e-06,2.848514413363013e-08,1.9204618895755324e-08,2.103772918787768e-08,linear_ci,strict_L40,2,0.9,0.0001,6,0,45,2957,0,255.71593237889465,COMPLETED,classical_COST500_chunk_047.csv,False,11,16,C22
237,1.414,0.32125,False,0.9051207093810624,6.172468460203281e-06,1.982905492840304e-06,3.104097855356929e-08,3.1025916367244464e-08,9.668832069596994e-10,linear_ci,strict_L30_y1p5,2,0.9,0.0001,6,0,45,3087,0,271.3242980070645,COMPLETED,classical_COST500_chunk_047.csv,False,11,17,C22
238,1.414,0.33675,True,0.9051406723197498,4.963887962138239e-06,1.6715892712500517e-06,3.377509126115963e-09,2.655856003977615e-09,-2.086623296892056e-09,linear_ci,strict_L30_y1p5,2,0.9,0.0001,6,2,39,2520,0,216.77078155707568,COMPLETED,classical_COST500_chunk_047.csv,True,11,18,C22
239,1.414,0.3522499999999999,True,0.905140674501755,4.976121644260369e-06,1.7528388491907143e-06,3.56127619838495e-09,2.8411485471468347e-09,-2.147222180918545e-09,linear_ci,strict_L30_y1p5,2,0.9,0.0001,6,1,45,3423,0,293.01749594998546,COMPLETED,classical_COST500_chunk_047.csv,True,11,19,C12
240,1.45,0.05775,True,0.2685901511701271,0.0683600245058713,0.003947791415214,2.2501215309386636e-11,-1.814703595726108e-11,1.3303750462378972e-11,log_ci,nominal,3,0.1,0.002,6,1,36,2972,0,239.06026640394705,COMPLETED,classical_COST500_chunk_048.csv,True,12,0,C20
241,1.45,0.07325,True,0.2860155207547926,0.0670307413247374,0.004910001802037,2.3180520334103048e-11,-1.9745143020610808e-11,1.2143551789134399e-11,log_ci,nominal,3,0.1,0.002,6,1,36,3099,0,255.0446428490104,COMPLETED,classical_COST500_chunk_048.csv,True,12,1,C20
242,1.45,0.08875,True,0.3005256356233362,0.0644160389454851,0.0057169234564118,2.8486244841723544e-10,2.6631162552970267e-10,-1.0111741999274669e-10,log_ci,strict_L30_y1p5,4,0.5,0.002,6,1,44,3611,0,295.24260213098023,COMPLETED,classical_COST500_chunk_048.csv,True,12,2,C20
243,1.45,0.10425,True,0.3128842783522401,0.0609338989577648,0.0063523589663469,1.5884123633810092e-12,1.5419575338793125e-12,-3.8134079227702965e-13,log_ci,strict_L30_y1p5,4,0.5,0.002,6,2,44,3783,0,312.1853740819497,COMPLETED,classical_COST500_chunk_048.csv,True,12,3,C20
244,1.45,0.11975,True,0.3235877332818294,0.0568324136796786,0.0068056815381415,5.1136743322143636e-12,5.07504108182566e-12,-6.2739397010958e-13,log_ci,strict_L30_y1p5,4,0.5,0.002,6,1,44,3659,0,306.5481114499271,COMPLETED,classical_COST500_chunk_048.csv,True,12,4,C21
245,1.45,0.13525,True,0.3329802617021977,0.0522711599141889,0.007069674378394,9.863149978057242e-10,9.817450637161771e-10,-9.483619965722223e-11,log_ci,nominal,4,0.5,0.002,6,1,36,3211,0,280.7787482559215,COMPLETED,classical_COST500_chunk_049.csv,True,12,5,C21
246,1.45,0.15075,True,0.3413121383870319,0.0473590911391411,0.0071393829892255,4.0417194613747176e-14,4.0394770861595936e-14,-1.3461454173580025e-15,log_ci,nominal,4,0.5,0.002,6,1,36,2823,0,235.88350325403732,COMPLETED,classical_COST500_chunk_049.csv,True,12,6,C21
247,1.45,0.16625,True,0.34877183182473,0.0421741540420583,0.0070114531094922,3.070402700315578e-10,3.059970610230778e-10,2.528885260921765e-11,log_ci,nominal,4,0.5,0.002,6,1,36,2885,0,251.1512446779525,COMPLETED,classical_COST500_chunk_049.csv,True,12,7,C21
248,1.45,0.18175,True,0.3555050852241136,0.0367742486295087,0.0066837196884132,3.3098544819502747e-12,3.274838733524632e-12,4.801749275973323e-13,log_ci,nominal,4,0.5,0.002,6,1,36,3585,0,326.34272717300337,COMPLETED,classical_COST500_chunk_049.csv,True,12,8,C21
249,1.45,0.19725,True,0.3616270118211789,0.0312037353691675,0.0061549368015683,1.8850180584356023e-14,1.85268467234323e-14,3.4763858458575214e-15,log_ci,nominal,4,0.5,0.002,6,1,36,3848,0,337.6914665700169,COMPLETED,classical_COST500_chunk_049.csv,True,12,9,C21
250,1.45,0.21275,True,0.3672300435183872,0.0254974738642231,0.0054245875646134,4.389025320113507e-15,-4.073130721593543e-15,1.6349768761081409e-15,log_ci,nominal,4,0.5,0.002,6,1,36,3286,0,287.09109038999304,COMPLETED,classical_COST500_chunk_050.csv,True,12,10,C22
251,1.45,0.2282499999999999,True,0.3723894044957853,0.0196834350705309,0.0044927440548486,4.6880133769657565e-11,4.477751502918181e-11,1.3882402172260555e-11,log_ci,nominal,4,0.5,0.002,6,1,36,3404,0,301.015758797992,COMPLETED,classical_COST500_chunk_050.csv,True,12,11,C22
252,1.45,0.24375,True,0.3771669841833728,0.013784441869293,0.0033599577056401,2.3633747953925102e-14,-8.673617379884035e-16,2.3617826444555234e-14,log_ci,nominal,4,0.5,0.002,6,2,33,2565,0,216.1484391760314,COMPLETED,classical_COST500_chunk_050.csv,True,12,12,C22
253,1.45,0.25925,True,0.3816141656483115,0.0078193698022974,0.0020271716212456,3.4078721243805163e-10,-8.877704127385755e-11,3.2902060893499896e-10,log_ci,nominal,4,0.5,0.002,6,2,32,2647,0,218.99043630505912,COMPLETED,classical_COST500_chunk_050.csv,True,12,13,C22
254,1.45,0.27475,True,0.3857739386274479,0.0018039985740004,0.0004956486082066,1.2740742944322005e-12,-1.2554818296095505e-12,-2.1686558798750255e-13,log_ci,nominal,4,0.5,0.002,6,2,32,2438,0,195.48620118689723,COMPLETED,classical_COST500_chunk_050.csv,True,12,14,C22
255,1.45,0.29025,False,0.9051207138057792,6.177069132065449e-06,1.7928943155819968e-06,2.764919597825528e-08,2.7647068600825478e-08,-3.4298108580250764e-10,linear_ci,strict_L30_y1p5,2,0.9,0.0001,6,0,45,3145,0,271.6020455729449,COMPLETED,classical_COST500_chunk_051.csv,False,12,15,C22
256,1.45,0.3057499999999999,False,0.7614990446729869,1.3348644058583238e-06,4.081347920911824e-07,2.6502653585805784e-08,2.1697568020808008e-08,1.5218613244038822e-08,linear_ci,nominal,2,0.9,0.0001,6,0,45,3094,0,265.1856505239848,COMPLETED,classical_COST500_chunk_051.csv,False,12,16,C22
257,1.45,0.32125,False,0.9051207287728896,6.161746500953623e-06,1.9794610634313517e-06,3.096095399033468e-08,3.094526025374932e-08,9.85667195022417e-10,linear_ci,strict_L30_y1p5,2,0.9,0.0001,6,0,45,3112,0,257.8357232110575,COMPLETED,classical_COST500_chunk_051.csv,False,12,17,C22
258,1.45,0.33675,True,0.9051406863707636,4.982437055782328e-06,1.6778356785346987e-06,3.3727340480017358e-09,2.641967764799671e-09,-2.096506925414177e-09,linear_ci,strict_L30_y1p5,2,0.9,0.0001,6,1,45,3512,0,288.2626995460596,COMPLETED,classical_COST500_chunk_051.csv,True,12,18,C22
259,1.45,0.3522499999999999,True,0.90514069755584,4.968574385812165e-06,1.7501803274023346e-06,3.5391123989906156e-09,2.821088124872612e-09,-2.1370021910124103e-09,linear_ci,strict_L30_y1p5,2,0.9,0.0001,6,1,45,2974,0,262.88257880695164,COMPLETED,classical_COST500_chunk_051.csv,True,12,19,C22
260,1.486,0.05775,True,0.2883780179149909,0.0611324171348964,0.0035303970895402,1.163041795604965e-11,-9.256470590024436e-12,7.041617289260671e-12,linear_ci,strict_L30,3,0.1,0.002,6,1,39,3779,0,283.6791518810205,COMPLETED,classical_COST500_chunk_052.csv,True,13,0,C20
261,1.486,0.07325,True,0.3045853209781475,0.0605751967351161,0.0044371331608472,7.801249943622034e-10,6.933581677553978e-10,-3.5756042571222224e-10,log_ci,strict_L30_y1p5,4,0.5,0.002,6,1,44,3832,0,304.09947220399044,COMPLETED,classical_COST500_chunk_052.csv,True,13,1,C20
262,1.486,0.08875,True,0.3181963197681284,0.0585696979831311,0.0051980606960028,8.970057176205272e-10,8.465618241138007e-10,-2.9656758993024113e-10,log_ci,strict_L30_y1p5,4,0.5,0.002,6,1,44,3524,0,290.54130722000264,COMPLETED,classical_COST500_chunk_052.csv,True,13,2,C20
263,1.486,0.10425,True,0.329855034937577,0.0555890071670601,0.005795153997166,1.553749285331239e-13,1.5507040096451877e-13,9.723125082850004e-15,linear_ci,nominal,4,0.5,0.002,6,2,37,3403,0,280.3771176659502,COMPLETED,classical_COST500_chunk_052.csv,True,13,3,C20
264,1.486,0.11975,True,0.33999362376473,0.0519134832063921,0.0062166396139654,2.261145183900694e-11,2.237393256776521e-11,-3.268775874976093e-12,log_ci,nominal,4,0.5,0.002,6,1,36,3317,0,278.1534577719867,COMPLETED,classical_COST500_chunk_052.csv,True,13,4,C21
265,1.486,0.13525,True,0.3489183863564959,0.047723079294241,0.0064545464745461,5.868623616918925e-16,3.8163916471489756e-16,4.458239333260394e-16,log_ci,nominal,4,0.5,0.002,6,1,36,3623,0,291.16449417499825,COMPLETED,classical_COST500_chunk_053.csv,True,13,5,C21
266,1.486,0.15075,True,0.3568554334204726,0.0431403933381742,0.0065034142957297,3.6492804005502455e-11,3.641386497887922e-11,2.398995932462178e-12,log_ci,nominal,4,0.5,0.002,6,1,36,3232,0,278.71478042704985,COMPLETED,classical_COST500_chunk_053.csv,True,13,6,C21
267,1.486,0.16625,True,0.3639769081432293,0.0382529328016607,0.006359550078276,3.0568415583119063e-13,3.0333721645625644e-13,3.780656343543853e-14,log_ci,nominal,4,0.5,0.002,6,1,36,3191,0,271.1888288229238,COMPLETED,classical_COST500_chunk_053.csv,True,13,7,C21
268,1.486,0.18175,True,0.3704170369486704,0.0331255454164748,0.0060205678794443,2.395681540226825e-15,2.0469737016526324e-15,1.2446640940133589e-15,log_ci,nominal,4,0.5,0.002,6,1,36,3768,0,327.03551641793456,COMPLETED,classical_COST500_chunk_053.csv,True,13,8,C21
269,1.486,0.19725,True,0.3762824645735573,0.027807780434429,0.0054850846906911,1.7170643131127037e-15,1.7139067942650854e-15,-1.0408340855860844e-16,log_ci,nominal,4,0.5,0.002,6,1,36,3706,0,324.7608470610576,COMPLETED,classical_COST500_chunk_053.csv,True,13,9,C21
270,1.486,0.21275,True,0.381659201246065,0.022338459035982,0.0047525071599051,1.2924292295946351e-11,4.363946704000199e-12,1.2165249710371915e-11,log_ci,nominal,4,0.5,0.002,6,1,36,3761,0,345.20909648097586,COMPLETED,classical_COST500_chunk_054.csv,True,13,10,C22
271,1.486,0.2282499999999999,True,0.3866174590868444,0.016748622808916,0.003822873156135,1.573435416962247e-13,7.993605777301127e-14,1.3552570524155705e-13,log_ci,nominal,4,0.5,0.002,6,1,36,3617,0,333.18181729502976,COMPLETED,classical_COST500_chunk_054.csv,True,13,11,C22
272,1.486,0.24375,True,0.3912151255873727,0.0110635027679737,0.0026967287996935,2.104494358352615e-13,-7.127631818093505e-14,1.9801174588884865e-13,log_ci,nominal,4,0.5,0.002,6,1,36,2302,0,201.73659553693145,COMPLETED,classical_COST500_chunk_054.csv,True,13,12,C22
273,1.486,0.25925,True,0.395500324407095,0.0053038725500514,0.0013750289586008,1.97146940291216e-13,-1.9115958815874026e-13,4.821750637651334e-14,linear_ci,nominal,1,0.5,0.0001,6,2,32,2333,0,206.7035900290357,COMPLETED,classical_COST500_chunk_054.csv,True,13,13,C22
274,1.486,0.27475,True,0.4004624361146423,5.983909526043756e-05,1.644079142280522e-05,3.294170764499384e-09,3.287798450157808e-09,-2.047983809075956e-10,linear_ci,nominal,1,0.5,0.0001,6,1,41,2835,0,262.1042628249852,COMPLETED,classical_COST500_chunk_054.csv,True,13,14,C22
275,1.486,0.29025,False,0.9051207354359782,6.171702860907965e-06,1.7913367553785368e-06,2.757571373310824e-08,2.7573667273781208e-08,-3.3594786074839936e-10,linear_ci,strict_L30_y1p5,2,0.9,0.0001,6,0,45,3515,0,293.72536869405303,COMPLETED,classical_COST500_chunk_055.csv,False,13,15,C22
276,1.486,0.3057499999999999,False,0.905120740643675,6.168040620231358e-06,1.8858784196357367e-06,2.9221502515188105e-08,2.9220095224059928e-08,2.867827435792394e-10,linear_ci,strict_L30_y1p5,2,0.9,0.0001,6,0,45,3207,0,272.8324280640809,COMPLETED,classical_COST500_chunk_055.csv,False,13,16,C22
277,1.486,0.32125,True,0.7616229835589162,3.3853477391821083e-06,1.0875429612122523e-06,4.490476528628312e-09,3.3086342769020742e-09,3.036003734495474e-09,linear_ci,strict_L30,5,0.9,0.002,6,1,39,2668,0,220.42103304807097,COMPLETED,classical_COST500_chunk_055.csv,True,13,17,C22
278,1.486,0.33675,True,0.905140698779188,4.973557780206757e-06,1.6748455824846257e-06,3.357653524729494e-09,2.631013615478213e-09,-2.086049986768451e-09,linear_ci,strict_L30_y1p5,2,0.9,0.0001,6,1,45,2945,0,258.35116673994344,COMPLETED,classical_COST500_chunk_055.csv,True,13,18,C22
279,1.486,0.3522499999999999,True,0.9051407306687166,4.953426131028558e-06,1.744844354654809e-06,3.507008790795227e-09,2.793563967884056e-09,-2.1201676858340463e-09,linear_ci,strict_L30_y1p5,2,0.9,0.0001,6,1,45,3155,0,264.71205032395665,COMPLETED,classical_COST500_chunk_055.csv,True,13,19,C22
280,1.522,0.05775,True,0.3073720616896682,0.0547410735757245,0.003161296998998,2.9740555403076333e-13,2.43310580017031e-13,-1.710263874965534e-13,log_ci,strict_L30_y1p5,4,0.5,0.002,6,1,44,4011,0,316.10507526795845,COMPLETED,classical_COST500_chunk_056.csv,True,14,0,C20
281,1.522,0.07325,True,0.3223941359506773,0.0548064575416962,0.0040145730149292,1.685993740292412e-11,1.51440006368464e-11,-7.410582564260082e-12,log_ci,strict_L30_y1p5,4,0.5,0.002,6,1,44,4170,0,345.0736246369779,COMPLETED,classical_COST500_chunk_056.csv,True,14,1,C20
282,1.522,0.08875,True,0.3351326959904424,0.0533114835847996,0.0047313941681509,1.5950188940035887e-11,1.5247261786477395e-11,-4.6828981664637226e-12,linear_ci,nominal,4,0.5,0.002,6,1,37,3287,0,272.78655011509545,COMPLETED,classical_COST500_chunk_056.csv,True,14,2,C20
283,1.522,0.10425,True,0.3461144419521946,0.0507611355157644,0.0052918483775184,1.0672025490950884e-12,1.051631004500564e-12,-1.8164116044605552e-13,log_ci,nominal,4,0.5,0.002,6,2,36,3455,0,298.1846297989832,COMPLETED,classical_COST500_chunk_056.csv,True,14,3,C20
284,1.522,0.11975,True,0.3557084278368873,0.0474572575577962,0.0056830065925461,2.896520726705904e-16,2.8796409701215003e-16,3.122502256758253e-17,log_ci,nominal,4,0.5,0.002,6,1,36,3589,0,306.63976164802443,COMPLETED,classical_COST500_chunk_056.csv,True,14,4,C21
285,1.522,0.13525,True,0.3641835720841433,0.0435944894207129,0.0058961546941514,5.154605850317622e-12,5.085865756315755e-12,8.390059480500868e-13,log_ci,nominal,4,0.5,0.002,6,1,36,3425,0,287.70293347898405,COMPLETED,classical_COST500_chunk_057.csv,True,14,5,C21
286,1.522,0.15075,True,0.3717421677024734,0.0393057723438125,0.0059253451808297,3.4292753958888894e-14,3.2463615129429974e-14,1.105018854197226e-14,log_ci,nominal,4,0.5,0.002,6,1,36,3200,0,257.484127665055,COMPLETED,classical_COST500_chunk_057.csv,True,14,6,C21
287,1.522,0.16625,True,0.3785402947833155,0.034686115689718,0.0057665667334156,1.6965027986874756e-15,1.054711873393899e-15,1.3287981825982342e-15,log_ci,nominal,4,0.5,0.002,6,1,36,3632,0,311.9733549930388,COMPLETED,classical_COST500_chunk_057.csv,True,14,7,C21
288,1.522,0.18175,True,0.3847008318997186,0.0298059495765634,0.0054172313355404,1.0097700039153532e-15,-2.498001805406602e-16,-9.783840404509192e-16,log_ci,nominal,4,0.5,0.002,6,1,36,3636,0,317.02040799101815,COMPLETED,classical_COST500_chunk_057.csv,True,14,8,C21
289,1.522,0.19725,True,0.3903220922400608,0.0247190633004862,0.0048758352360209,6.270172492972617e-11,7.591621775659974e-12,6.224044977326537e-11,log_ci,nominal,4,0.5,0.002,6,1,36,3250,0,276.18448227492627,COMPLETED,classical_COST500_chunk_057.csv,True,14,9,C21
290,1.522,0.21275,True,0.3954837654296644,0.0194675474213171,0.0041417207138852,2.2731772213830383e-14,7.924216838262055e-15,2.1305873731947145e-14,log_ci,nominal,4,0.5,0.002,6,1,36,3445,0,283.3340538049815,COMPLETED,classical_COST500_chunk_058.csv,True,14,10,C22
291,1.522,0.2282499999999999,True,0.4002511363915504,0.0140849943858321,0.0032148999685661,1.7222054459251584e-10,-1.764521168068356e-11,1.7131422148930486e-10,log_ci,nominal,4,0.5,0.002,6,1,36,3136,0,269.35068518994376,COMPLETED,classical_COST500_chunk_058.csv,True,14,11,C22
292,1.522,0.24375,True,0.4046781627578141,0.0085986363690517,0.0020959176149563,5.332381966465276e-12,-1.1086687123906813e-12,5.215855742105036e-12,log_ci,nominal,4,0.5,0.002,6,2,32,2808,0,224.34895106905608,COMPLETED,classical_COST500_chunk_058.csv,True,14,12,C22
293,1.522,0.25925,True,0.4088097712136478,0.0030308240743749,0.0007857411412817,1.8460915730299395e-10,-5.583922907392847e-11,1.75961704517065e-10,log_ci,nominal,4,0.5,0.002,6,2,32,2630,0,224.6260287660407,COMPLETED,classical_COST500_chunk_058.csv,True,14,13,C22
294,1.522,0.27475,False,0.7616563816756325,2.17466147235555e-05,5.974882395296874e-06,2.149165721156317e-08,7.739202334627624e-09,2.0049839822877125e-08,linear_ci,nominal,5,0.9,0.002,6,0,45,3194,0,270.8323659170419,COMPLETED,classical_COST500_chunk_058.csv,False,14,14,C22
295,1.522,0.29025,False,0.9051207225572194,6.212257050872384e-06,1.8031076090157092e-06,2.7587422828034124e-08,2.758449176301842e-08,-4.021348886967399e-10,linear_ci,strict_L30_y1p5,2,0.9,0.0001,6,0,45,3292,0,275.88126506400295,COMPLETED,classical_COST500_chunk_059.csv,False,14,15,C22
296,1.522,0.3057499999999999,False,0.7616649265777717,6.250500994638199e-06,1.911090679110629e-06,2.528588300413777e-08,2.0202801792181352e-08,1.520600799173726e-08,linear_ci,strict_L30,5,0.9,0.002,6,0,45,3360,0,292.00025910302065,COMPLETED,classical_COST500_chunk_059.csv,False,14,16,C22
297,1.522,0.32125,False,0.9051207664668212,6.151233417628033e-06,1.976083735413005e-06,3.080656648503023e-08,3.0790311119307016e-08,1.0006396818369163e-09,linear_ci,strict_L30_y1p5,2,0.9,0.0001,6,0,45,3240,0,275.8307667810004,COMPLETED,classical_COST500_chunk_059.csv,False,14,17,C22
298,1.522,0.33675,True,0.9051407208404352,4.984335540656923e-06,1.6784749933162187e-06,3.3446384221536207e-09,2.611660718734701e-09,-2.089457935725056e-09,linear_ci,strict_L30_y1p5,2,0.9,0.0001,6,1,45,3134,0,272.9700253329938,COMPLETED,classical_COST500_chunk_059.csv,True,14,18,C22
299,1.522,0.3522499999999999,True,0.905140725093904,4.993903963925188e-06,1.7591026712926468e-06,3.5240144419432582e-09,2.7932065502888476e-09,-2.148644911205229e-09,linear_ci,strict_L30_y1p5,2,0.9,0.0001,6,1,45,3170,0,278.2852482320741,COMPLETED,classical_COST500_chunk_059.csv,True,14,19,C22
300,1.558,0.05775,True,0.3255646881397028,0.0491433003857204,0.0028380255972753,1.7689208311295489e-13,1.511533953557631e-13,-9.188830252249148e-14,log_ci,strict_L30_y1p5,4,0.5,0.002,6,1,44,3947,0,323.15467312699184,COMPLETED,classical_COST500_chunk_060.csv,True,15,0,C20
301,1.558,0.07325,True,0.3394550701973672,0.04968459227764,0.0036393963843371,3.10029220538827e-14,7.53563877964325e-15,3.0073166179533934e-14,linear_ci,nominal,4,0.5,0.002,6,1,37,3374,0,268.6852867630077,COMPLETED,classical_COST500_chunk_060.csv,True,15,1,C20
302,1.558,0.08875,True,0.3513577982554364,0.0486034585307504,0.0043135569446041,4.6348204217858953e-14,2.7576899097603302e-14,3.725145192312596e-14,log_ci,nominal,4,0.5,0.002,6,1,36,3527,0,285.90983851999044,COMPLETED,classical_COST500_chunk_060.csv,True,15,2,C20
303,1.558,0.10425,True,0.3616907547954789,0.0464142814984568,0.0048386888462141,3.843498995259101e-16,-3.694961003830599e-16,-1.0581813203458523e-16,log_ci,nominal,4,0.5,0.002,6,2,36,3732,0,311.7560252099065,COMPLETED,classical_COST500_chunk_060.csv,True,15,3,C20
304,1.558,0.11975,True,0.3707632877312427,0.0434296560704464,0.0052007013144359,1.6575251965969725e-12,6.185295331473384e-13,1.537794197536968e-12,log_ci,nominal,4,0.5,0.002,6,1,36,3539,0,299.4309005830437,COMPLETED,classical_COST500_chunk_060.csv,True,15,4,C21
305,1.558,0.13525,True,0.3788085532096261,0.0398531760463747,0.0053901420602721,2.2604215389371476e-14,6.186023915333294e-15,2.1741289324417323e-14,log_ci,nominal,4,0.5,0.002,6,1,36,3409,0,287.25507606496103,COMPLETED,classical_COST500_chunk_061.csv,True,15,5,C21
306,1.558,0.15075,True,0.3860059127238607,0.0358247876412902,0.0054005867369245,5.842262544023588e-15,4.767020111984266e-15,3.377506607726844e-15,log_ci,nominal,4,0.5,0.002,6,1,36,3636,0,296.5273893380072,COMPLETED,classical_COST500_chunk_061.csv,True,15,6,C21
307,1.558,0.16625,True,0.3924959170172799,0.0314449207901731,0.0052277180813662,9.545145487079933e-16,-9.228728892196614e-16,-2.437286483747414e-16,log_ci,nominal,4,0.5,0.002,6,1,36,3330,0,280.16740266699344,COMPLETED,classical_COST500_chunk_061.csv,True,15,7,C21
308,1.558,0.18175,True,0.3983904416957971,0.026788211665876,0.0048687574702729,9.470964829486698e-11,1.741613797623387e-11,9.309455203249105e-11,log_ci,nominal,4,0.5,0.002,6,1,36,3671,0,316.8031701450236,COMPLETED,classical_COST500_chunk_061.csv,True,15,8,C21
309,1.558,0.19725,True,0.4037797049000498,0.0219117335480008,0.0043220894423431,2.85897430370736e-12,2.626301953689847e-13,2.8468859214481057e-12,log_ci,nominal,4,0.5,0.002,6,1,36,3474,0,292.595241455012,COMPLETED,classical_COST500_chunk_061.csv,True,15,9,C21
310,1.558,0.21275,True,0.4087372486713316,0.0168601580310443,0.0035869986211046,4.968667842953156e-15,-3.774758283725532e-15,3.2309224740068032e-15,log_ci,nominal,4,0.5,0.002,6,1,36,3518,0,305.3612161919009,COMPLETED,classical_COST500_chunk_062.csv,True,15,10,C22
311,1.558,0.2282499999999999,True,0.4133235623546524,0.0116691081627863,0.0026634739381559,4.047255232655397e-15,-3.462508058049707e-15,2.095545958979983e-15,log_ci,nominal,4,0.5,0.002,6,2,28,1932,0,155.403082346078,COMPLETED,classical_COST500_chunk_062.csv,True,15,11,C22
312,1.558,0.24375,True,0.4175887814214324,0.0063674182840552,0.0015520582067384,1.1591988890712792e-11,3.5512634499745847e-12,-1.1034615278807114e-11,linear_ci,nominal,1,0.5,0.0001,6,2,32,2485,0,271.0396594060585,COMPLETED,classical_COST500_chunk_062.csv,True,15,12,C22
313,1.558,0.25925,True,0.4215747451042497,0.0009788211060984,0.000253759371756,2.4275719867228306e-12,-1.0996759058912176e-12,2.164213171737886e-12,log_ci,nominal,4,0.5,0.002,6,2,34,2298,0,255.33804601093289,COMPLETED,classical_COST500_chunk_062.csv,True,15,13,C22
314,1.558,0.27475,False,0.4300896536148501,2.967299961441579e-05,8.152656644060738e-06,1.2284573973160532e-08,-1.1903648906852473e-08,-3.035440726557368e-09,linear_ci,nominal,4,0.5,0.002,6,0,45,3092,0,347.2077598189935,COMPLETED,classical_COST500_chunk_062.csv,False,15,14,C22
315,1.558,0.29025,False,0.905120758544462,6.176875976954785e-06,1.7928382523111265e-06,2.7473336404518893e-08,2.747120002019822e-08,-3.4261150903663586e-10,linear_ci,strict_L30_y1p5,2,0.9,0.0001,6,0,45,3260,0,277.2313803379657,COMPLETED,classical_COST500_chunk_063.csv,False,15,15,C22
316,1.558,0.3057499999999999,False,0.7616672625040161,6.1342593508555024e-06,1.8755497965240691e-06,2.6748812301880448e-08,2.1482187900571782e-08,1.5937834312282152e-08,linear_ci,strict_L30,5,0.9,0.002,6,0,45,3134,0,266.9895012610359,COMPLETED,classical_COST500_chunk_063.csv,False,15,16,C22
317,1.558,0.32125,False,0.905120780684848,6.167685259595828e-06,1.9813688896451595e-06,3.074911664640346e-08,3.073395522817205e-08,9.654898067003446e-10,linear_ci,strict_L30_y1p5,2,0.9,0.0001,6,0,45,2960,0,259.3369623259641,COMPLETED,classical_COST500_chunk_063.csv,False,15,17,C22
318,1.558,0.33675,True,0.9051407480353753,4.965897280741464e-06,1.672265909289688e-06,3.316447794749499e-09,2.590428211868552e-09,-2.0708712307756628e-09,linear_ci,strict_L30_y1p5,2,0.9,0.0001,6,1,45,2967,0,265.3518237869721,COMPLETED,classical_COST500_chunk_063.csv,True,15,18,C22
319,1.558,0.3522499999999999,True,0.9051407507065165,4.986154620816634e-06,1.7563729651826587e-06,3.499973668990482e-09,2.771188271907197e-09,-2.1378333062403867e-09,linear_ci,strict_L30_y1p5,2,0.9,0.0001,6,2,41,2713,0,236.3667746180436,COMPLETED,classical_COST500_chunk_063.csv,True,15,19,C22
320,1.594,0.05775,True,0.3429488887079665,0.0442688805563265,0.0025565278521278,1.659419696462769e-10,8.924579738417425e-11,1.3989969599448315e-10,log_ci,nominal,4,0.5,0.002,6,1,36,3347,0,276.06702544598375,COMPLETED,classical_COST500_chunk_064.csv,True,16,0,C20
321,1.594,0.07325,True,0.3557792638619346,0.0451549691727989,0.0033076014919075,1.970999657626725e-13,1.153417639176979e-13,1.5982701273564714e-13,log_ci,nominal,4,0.5,0.002,6,1,36,3178,0,271.9701423859224,COMPLETED,classical_COST500_chunk_064.csv,True,16,1,C20
322,1.594,0.08875,True,0.366892048106566,0.0443993983068782,0.0039404465997354,6.886240431179649e-16,-5.04804531509251e-16,-4.683753385137379e-16,log_ci,nominal,4,0.5,0.002,6,1,36,3565,0,289.8244176839944,COMPLETED,classical_COST500_chunk_064.csv,True,16,2,C20
323,1.594,0.10425,True,0.3766094533018349,0.0425077101621799,0.0044314287844072,4.92200754472021e-12,2.553452241316201e-12,4.20785455090833e-12,log_ci,nominal,4,0.5,0.002,6,2,36,3886,0,323.80835908302106,COMPLETED,classical_COST500_chunk_064.csv,True,16,3,C20
324,1.594,0.11975,True,0.3851865296619676,0.0397939777564542,0.0047653288363354,1.2851823383269552e-13,5.81305836799828e-14,1.1462011895169158e-13,log_ci,nominal,4,0.5,0.002,6,1,36,3422,0,286.5834241639823,COMPLETED,classical_COST500_chunk_064.csv,True,16,4,C21
325,1.594,0.13525,True,0.3928232575681673,0.0364656229674493,0.0049319755063475,1.5542076828922296e-15,8.81239525796218e-16,1.2802259252708836e-15,log_ci,nominal,4,0.5,0.002,6,1,36,2982,0,249.95799595699648,COMPLETED,classical_COST500_chunk_065.csv,True,16,5,C21
326,1.594,0.15075,True,0.3996774532705522,0.0326665484546924,0.0049244821795448,8.729227815201125e-16,-5.204170427930421e-16,7.008282842946302e-16,log_ci,nominal,4,0.5,0.002,6,1,36,3440,0,292.45814838504884,COMPLETED,classical_COST500_chunk_065.csv,True,16,6,C21
327,1.594,0.16625,True,0.4058749487935655,0.0285006768696567,0.0047382375295804,1.0190775270698302e-10,2.722005953970097e-11,9.820518530323508e-11,log_ci,nominal,4,0.5,0.002,6,1,36,3339,0,281.55128498596605,COMPLETED,classical_COST500_chunk_065.csv,True,16,7,C21
328,1.594,0.18175,True,0.4115171272109,0.0240455652806448,0.0043702814897572,9.689014258397407e-12,1.765101953488113e-12,9.526878418097962e-12,log_ci,nominal,4,0.5,0.002,6,1,36,3932,0,324.68185759405605,COMPLETED,classical_COST500_chunk_065.csv,True,16,8,C21
329,1.594,0.19725,True,0.4166864529062416,0.0193606778552546,0.0038188937069489,5.2398245395765063e-14,4.7531423241764514e-15,5.2182216880858334e-14,log_ci,nominal,4,0.5,0.002,6,1,36,3780,0,317.6587946739746,COMPLETED,classical_COST500_chunk_065.csv,True,16,9,C21
330,1.594,0.21275,True,0.4214505604684309,0.0144926139995722,0.0030833036284089,4.2609268480483467e-13,-1.6250889522950732e-14,4.257826730080794e-13,log_ci,nominal,4,0.5,0.002,6,1,36,3300,0,290.32247089908924,COMPLETED,classical_COST500_chunk_066.csv,True,16,10,C22
331,1.594,0.2282499999999999,True,0.4258653245780627,0.0094785419688803,0.0021634772043969,6.302567195297116e-15,-4.850286838831153e-15,4.024558464266193e-15,log_ci,nominal,4,0.5,0.002,6,2,32,3123,0,273.07016116101295,COMPLETED,classical_COST500_chunk_066.csv,True,16,11,C22
332,1.594,0.24375,True,0.429977199008761,0.0043485182931473,0.0010599513339546,6.061125758253854e-13,-2.0012463908258842e-13,5.721211265158345e-13,log_ci,nominal,4,0.5,0.002,6,2,32,2331,0,204.364997109049,COMPLETED,classical_COST500_chunk_066.csv,True,16,12,C22
333,1.594,0.25925,True,0.4328745989807156,3.551080923985994e-05,9.20617729543369e-06,5.516520934808429e-09,2.0864174277157588e-09,-5.106747060654523e-09,linear_ci,nominal,4,0.5,0.002,6,1,37,2623,0,223.81370783399325,COMPLETED,classical_COST500_chunk_066.csv,True,16,13,C22
334,1.594,0.27475,False,0.7616500764957604,1.931706252908237e-05,5.307362929865381e-06,1.5423518441971897e-08,7.24193732047374e-09,1.3617608636474206e-08,linear_ci,nominal,5,0.9,0.002,6,0,45,2869,0,246.5666007050313,COMPLETED,classical_COST500_chunk_066.csv,False,16,14,C22
335,1.594,0.29025,False,0.9051207645029482,6.222494767687838e-06,1.806079106321395e-06,2.7450138649464496e-08,2.744683780875332e-08,-4.256831859657873e-10,linear_ci,strict_L30_y1p5,2,0.9,0.0001,6,0,45,2968,0,254.7579618350137,COMPLETED,classical_COST500_chunk_067.csv,False,16,15,C22
336,1.594,0.3057499999999999,False,0.7616696879159707,6.023635755809844e-06,1.8417266323388597e-06,2.829989477098601e-08,2.283413013603344e-08,1.6717851087372765e-08,linear_ci,strict_L30,5,0.9,0.002,6,0,45,2837,0,246.99469775694888,COMPLETED,classical_COST500_chunk_067.csv,False,16,16,C22
337,1.594,0.32125,False,0.7616686894418938,1.5875716372205828e-05,5.100073884571122e-06,3.0093717578129504e-08,1.8331724469418658e-08,2.386586926239097e-08,linear_ci,nominal,5,0.9,0.002,6,0,45,2965,0,263.5816064151004,COMPLETED,classical_COST500_chunk_067.csv,False,16,17,C22
338,1.594,0.33675,False,0.9051208028368828,6.117507545606161e-06,2.0600706659828748e-06,3.233579570585462e-08,3.2284388907845053e-08,1.8226126241684122e-09,linear_ci,strict_L30_y1p5,2,0.9,0.0001,6,0,45,2938,0,260.2070255599683,COMPLETED,classical_COST500_chunk_067.csv,False,16,18,C22
339,1.594,0.3522499999999999,True,0.9051407511337348,5.030024114964417e-06,1.7718259944962152e-06,3.5144641077549683e-09,2.7658137850824093e-09,-2.1683477744462584e-09,linear_ci,strict_L30_y1p5,2,0.9,0.0001,6,1,45,3252,0,283.1115300860256,COMPLETED,classical_COST500_chunk_067.csv,True,16,19,C22
340,1.63,0.05775,True,0.3595287171908169,0.0400345727231776,0.0023119965747635,3.501286470553347e-12,2.029347176413232e-12,2.8532011822623997e-12,log_ci,nominal,4,0.5,0.002,6,1,36,3140,0,263.8803345540073,COMPLETED,classical_COST500_chunk_068.csv,True,17,0,C30
341,1.63,0.07325,True,0.3713820063756708,0.0411560830691017,0.0030146830848117,2.6852936678150003e-16,2.0643209364124002e-16,-1.717376241217039e-16,log_ci,nominal,4,0.5,0.002,6,1,36,3323,0,273.2143947699806,COMPLETED,classical_COST500_chunk_068.csv,True,17,1,C30
342,1.63,0.08875,True,0.3817571152974299,0.0406496068237626,0.0036076526056089,2.108398854936609e-11,1.3762459921684568e-11,1.5972766512217795e-11,log_ci,nominal,4,0.5,0.002,6,1,36,3537,0,288.6825480069965,COMPLETED,classical_COST500_chunk_068.csv,True,17,2,C30
343,1.63,0.10425,True,0.3908958427130859,0.0389991612495956,0.0040656625602703,2.6350825764023096e-13,1.5669757158498498e-13,2.1185483922714357e-13,log_ci,nominal,4,0.5,0.002,6,2,36,3473,0,289.3869435779052,COMPLETED,classical_COST500_chunk_068.csv,True,17,3,C30
344,1.63,0.11975,True,0.3990055309076622,0.0365131556234834,0.0043724503859121,3.0466056044590146e-15,9.15933995315754e-16,2.905661822261152e-15,log_ci,nominal,4,0.5,0.002,6,1,36,4153,0,322.933256526012,COMPLETED,classical_COST500_chunk_068.csv,True,17,4,C31
345,1.63,0.13525,True,0.4062562081125829,0.033398655541822,0.0045171681620314,3.077570078206231e-16,-5.551115123125783e-17,3.0270924655795284e-16,log_ci,nominal,4,0.5,0.002,6,1,36,3260,0,279.7632146679098,COMPLETED,classical_COST500_chunk_069.csv,True,17,5,C31
346,1.63,0.15075,True,0.4127858884399816,0.0298009436959738,0.004492492262168,1.1174178450951178e-10,4.574061615580938e-11,1.0195107865568208e-10,log_ci,nominal,4,0.5,0.002,6,1,36,2922,0,253.8947902779328,COMPLETED,classical_COST500_chunk_069.csv,True,17,6,C31
347,1.63,0.16625,True,0.418706704113907,0.025825763397957,0.0042935331649103,1.0307021460874044e-11,3.0071986567570264e-12,9.858572291854271e-12,log_ci,nominal,4,0.5,0.002,6,1,36,3310,0,295.9131061179796,COMPLETED,classical_COST500_chunk_069.csv,True,17,7,C31
348,1.63,0.18175,True,0.4241101840556519,0.0215524637661841,0.0039171602895039,2.950822086200328e-13,5.393255286811893e-14,2.901116846754093e-13,log_ci,nominal,4,0.5,0.002,6,1,36,3852,0,330.69103663100395,COMPLETED,classical_COST500_chunk_069.csv,True,17,8,C31
349,1.63,0.19725,True,0.4290714611500775,0.0170420979276855,0.0033615538162359,1.1197946645414024e-10,3.105272983194851e-12,1.1193640242143643e-10,log_ci,nominal,4,0.5,0.002,6,1,36,3592,0,321.2692562399898,COMPLETED,classical_COST500_chunk_069.csv,True,17,9,C31
350,1.63,0.21275,True,0.4336525590103503,0.0123426087869616,0.002625890019426,6.370587350313605e-12,-3.3725106041160297e-13,6.36165425893509e-12,log_ci,nominal,4,0.5,0.002,6,1,36,2948,0,256.10765848099254,COMPLETED,classical_COST500_chunk_070.csv,True,17,10,C32
351,1.63,0.2282499999999999,True,0.4379049561517501,0.0074922672292744,0.0017101099950818,9.109562046926761e-14,-1.1657341758564144e-15,9.108816131919717e-14,log_ci,nominal,4,0.5,0.002,6,3,24,1582,0,126.16876639705151,COMPLETED,classical_COST500_chunk_070.csv,True,17,11,C32
352,1.63,0.24375,True,0.4418715921886442,0.0025220141791621,0.0006147409561707,9.298549686554582e-12,-2.1140728057034157e-12,9.055038511542046e-12,linear_ci,strict_L30,1,0.5,0.0001,6,2,33,2374,0,204.685777900042,COMPLETED,classical_COST500_chunk_070.csv,True,17,12,C32
353,1.63,0.25925,False,0.9051207672937746,6.233394284686037e-06,1.6160074683048548e-06,2.419565506944925e-08,2.415154919114317e-08,-1.4602725456423143e-09,linear_ci,strict_L30_y1p5,2,0.9,0.0001,6,0,45,2902,0,249.90140339301436,COMPLETED,classical_COST500_chunk_070.csv,False,17,13,C32
354,1.63,0.27475,False,0.7616513642004098,1.930426427189631e-05,5.303846608703511e-06,1.5917517818140014e-08,7.631697785609332e-09,1.3968699381113851e-08,linear_ci,nominal,5,0.9,0.002,6,0,45,2783,0,238.25899981998373,COMPLETED,classical_COST500_chunk_070.csv,False,17,14,C32
355,1.63,0.29025,False,0.9051208115883798,6.130019123205486e-06,1.7792380505103922e-06,2.7289420194288644e-08,2.7288160712952685e-08,-2.6218208274882347e-10,linear_ci,strict_L30_y1p5,2,0.9,0.0001,6,0,45,3085,0,272.21313132497016,COMPLETED,classical_COST500_chunk_071.csv,False,17,15,C32
356,1.63,0.3057499999999999,False,0.9051208317707656,6.091543632263222e-06,1.86248946556448e-06,2.8870787341131666e-08,2.8867676854250416e-08,4.2378619069434944e-10,linear_ci,strict_L30_y1p5,2,0.9,0.0001,6,0,45,3453,0,296.4040323300287,COMPLETED,classical_COST500_chunk_071.csv,False,17,16,C32
357,1.63,0.32125,False,0.905120812196158,6.130968550911595e-06,1.96957364698035e-06,3.059193625230768e-08,3.0574231873146533e-08,1.0406291521609656e-09,linear_ci,strict_L30_y1p5,2,0.9,0.0001,6,0,45,3092,0,271.0374783149455,COMPLETED,classical_COST500_chunk_071.csv,False,17,17,C32
358,1.63,0.33675,False,0.7616664406093051,2.540193931556304e-05,8.554103064515853e-06,3.181545690171944e-08,1.1419766994771088e-08,2.9695323194912428e-08,linear_ci,nominal,2,0.9,0.0001,6,0,45,2950,0,265.259459360037,COMPLETED,classical_COST500_chunk_071.csv,False,17,18,C32
359,1.63,0.3522499999999999,True,0.9051408017527044,4.958873124373729e-06,1.7467630580606456e-06,3.447100243739806e-09,2.7281691940544022e-09,-2.107034157056688e-09,linear_ci,strict_L30_y1p5,2,0.9,0.0001,6,2,43,2855,0,252.33893246401567,COMPLETED,classical_COST500_chunk_071.csv,True,17,19,C22
360,1.666,0.05775,True,0.3753212634827039,0.0363553988757698,0.0020995242850757,1.0904681260812562e-14,7.02476271596808e-15,8.340550472496489e-15,log_ci,nominal,4,0.5,0.002,6,1,36,3586,0,278.6057955950964,COMPLETED,classical_COST500_chunk_072.csv,True,18,0,C30
361,1.666,0.07325,True,0.3862844748999576,0.0376256134144999,0.0027560761826121,1.0903571772460286e-10,7.219056689239389e-11,8.171480766344663e-11,log_ci,nominal,4,0.5,0.002,6,1,36,3631,0,299.42967940995004,COMPLETED,classical_COST500_chunk_072.csv,True,18,1,C30
362,1.666,0.08875,True,0.3959772167876826,0.0373045428272876,0.0033107781759217,1.3209241605099181e-12,7.365167503659009e-13,1.0965325869527476e-12,log_ci,nominal,4,0.5,0.002,6,1,36,3960,0,330.281538866926,COMPLETED,classical_COST500_chunk_072.csv,True,18,2,C30
363,1.666,0.10425,True,0.4045760294652568,0.0358471882419591,0.0037370693742242,1.4714405951230852e-14,3.930883396563445e-15,1.417962969263442e-14,log_ci,nominal,4,0.5,0.002,6,2,36,3645,0,304.98023172596004,COMPLETED,classical_COST500_chunk_072.csv,True,18,3,C30
364,1.666,0.11975,True,0.4122474743934376,0.0335513398945186,0.0040177729523686,5.305142043651593e-16,4.0939474033052647e-16,-3.37403716077489e-16,log_ci,nominal,4,0.5,0.002,6,1,36,3556,0,297.5226693790173,COMPLETED,classical_COST500_chunk_072.csv,True,18,4,C31
365,1.666,0.13525,True,0.4191351312903411,0.03062055391644,0.0041414299171985,1.5930245986839878e-10,8.733926082360455e-11,1.3322585049047042e-10,log_ci,nominal,4,0.5,0.002,6,1,36,3366,0,295.8296427850146,COMPLETED,classical_COST500_chunk_073.csv,True,18,5,C31
366,1.666,0.15075,True,0.4253591396432948,0.0271994424058806,0.0041003159426865,8.882195227925806e-12,3.647363661096748e-12,8.098773388032221e-12,log_ci,nominal,4,0.5,0.002,6,1,36,3336,0,273.9309403280495,COMPLETED,classical_COST500_chunk_073.csv,True,18,6,C31
367,1.666,0.16625,True,0.4310190743136005,0.023394201406686,0.0038892859838615,8.549460043199037e-14,2.2575691316362168e-14,8.246008043055754e-14,log_ci,nominal,4,0.5,0.002,6,1,36,3288,0,286.0926066469401,COMPLETED,classical_COST500_chunk_073.csv,True,18,7,C31
368,1.666,0.18175,True,0.4361973265636524,0.0192850146192305,0.0035050514070451,6.208765318061573e-15,1.0755285551056204e-15,6.114900252818245e-15,log_ci,nominal,4,0.5,0.002,6,1,36,3476,0,303.2214897220256,COMPLETED,classical_COST500_chunk_073.csv,True,18,8,C31
369,1.666,0.19725,True,0.440962174353432,0.0149338381786684,0.0029456995807423,1.521131360380069e-11,6.62997434730528e-13,1.5196858094840282e-11,log_ci,nominal,4,0.5,0.002,6,1,36,3460,0,308.2562686880119,COMPLETED,classical_COST500_chunk_073.csv,True,18,9,C31
370,1.666,0.21275,True,0.445370364888824,0.0103894521443243,0.002210355943705,9.444356076889338e-11,-6.818282050069513e-12,9.4197118855055e-11,log_ci,nominal,4,0.5,0.002,6,1,36,3427,0,300.9111638449831,COMPLETED,classical_COST500_chunk_074.csv,True,18,10,C32
371,1.666,0.2282499999999999,True,0.4494692241893656,0.0056908416356049,0.0012989346033268,6.643396559825667e-10,-1.2275622879309722e-10,6.528997524915535e-10,log_ci,nominal,4,0.5,0.002,6,3,24,2128,0,162.7281608299818,COMPLETED,classical_COST500_chunk_074.csv,True,18,11,C32
372,1.666,0.24375,True,0.4532982968575273,0.0008693822853503,0.0002119119320541,5.970205966608493e-11,-6.270255148432824e-12,5.937187742312278e-11,log_ci,nominal,4,0.5,0.002,6,2,32,2756,0,249.50736234302167,COMPLETED,classical_COST500_chunk_074.csv,True,18,12,C32
373,1.666,0.25925,False,0.9051208205964728,6.149889492772524e-06,1.5943588510012763e-06,2.4047721549849967e-08,2.4011018357043923e-08,-1.3281224329173114e-09,linear_ci,strict_L30_y1p5,2,0.9,0.0001,6,0,45,3023,0,274.8860026950715,COMPLETED,classical_COST500_chunk_074.csv,False,18,13,C32
374,1.666,0.27475,False,0.7616529074513863,1.9771159752283248e-05,5.432126141939822e-06,1.9081396403468588e-08,6.83237389718248e-09,1.7816238537789154e-08,linear_ci,nominal,5,0.9,0.002,6,0,45,3101,0,286.55393562605605,COMPLETED,classical_COST500_chunk_074.csv,False,18,14,C32
375,1.666,0.29025,False,0.905120818908196,6.149709663779907e-06,1.784953229912118e-06,2.7251170963980872e-08,2.724956942640915e-08,-2.9544032125270186e-10,linear_ci,strict_L30_y1p5,2,0.9,0.0001,6,0,45,3075,0,281.2824988489738,COMPLETED,classical_COST500_chunk_075.csv,False,18,15,C32
376,1.666,0.3057499999999999,False,0.9051208382719506,6.116274586783706e-06,1.8700509549091176e-06,2.883349874801389e-08,2.8831016411846375e-08,3.7834205629722585e-10,linear_ci,strict_L30_y1p5,2,0.9,0.0001,6,0,45,2907,0,272.0467317450093,COMPLETED,classical_COST500_chunk_075.csv,False,18,16,C32
377,1.666,0.32125,False,0.7616668218336334,1.588574812957127e-05,5.103296586624771e-06,2.8264535814484505e-08,1.6892628982164926e-08,2.2661047435615127e-08,linear_ci,nominal,5,0.9,0.002,6,0,45,3349,0,279.8954045060091,COMPLETED,classical_COST500_chunk_075.csv,False,18,17,C32
378,1.666,0.33675,False,0.4624532611562999,8.921712663867574e-06,3.004386739557405e-06,2.167342656573388e-08,-1.5157864232047977e-08,1.5491177199395126e-08,linear_ci,strict_L30_y0p5,4,0.5,0.002,6,0,45,2944,0,272.40645214600954,COMPLETED,classical_COST500_chunk_075.csv,False,18,18,C32
379,1.666,0.3522499999999999,True,0.9051408112433144,4.964894473392612e-06,1.748884078252547e-06,3.439268816940595e-09,2.717891472478988e-09,-2.1075189059664362e-09,linear_ci,strict_L30_y1p5,2,0.9,0.0001,6,1,45,2896,0,270.95812683401164,COMPLETED,classical_COST500_chunk_075.csv,True,18,19,C32
380,1.702,0.05775,True,0.3903544524142552,0.0331516326963307,0.0019145067882131,1.7571089786275976e-15,4.761815941556335e-16,-1.691355389077387e-15,log_ci,nominal,4,0.5,0.002,6,1,36,3147,0,252.01965398702305,COMPLETED,classical_COST500_chunk_076.csv,True,19,0,C30
381,1.702,0.07325,True,0.4005131714449656,0.0345043788963092,0.0025274457541546,8.576783822152403e-12,4.883594396931645e-12,7.050654331208772e-12,log_ci,nominal,4,0.5,0.002,6,1,36,3591,0,299.58703213906847,COMPLETED,classical_COST500_chunk_076.csv,True,19,1,C30
382,1.702,0.08875,True,0.4095790398630602,0.0343172060258745,0.0030456520347963,9.986147719221952e-14,3.5037944767779556e-14,9.351287105774376e-14,log_ci,nominal,4,0.5,0.002,6,1,36,3697,0,307.2246099030599,COMPLETED,classical_COST500_chunk_076.csv,True,19,2,C30
383,1.702,0.10425,True,0.4176770081384579,0.0330126720943686,0.0034415710658379,3.678229973870059e-15,1.6792123247455493e-15,3.2725558374302466e-15,log_ci,nominal,4,0.5,0.002,6,2,36,3651,0,305.2730611920124,COMPLETED,classical_COST500_chunk_076.csv,True,19,3,C30
384,1.702,0.11975,True,0.4249394978127419,0.030874897885995,0.0036972690218479,8.340453236493589e-16,8.309325449928906e-16,-7.199102425303751e-17,log_ci,nominal,4,0.5,0.002,6,1,36,3157,0,272.4589465840254,COMPLETED,classical_COST500_chunk_076.csv,True,19,4,C31
385,1.702,0.13525,True,0.4314871286099462,0.0281017240225262,0.0038007581740466,1.1789963770925449e-11,5.962400712045124e-12,1.0171185942098315e-11,log_ci,nominal,4,0.5,0.002,6,1,36,3514,0,279.33582003309857,COMPLETED,classical_COST500_chunk_077.csv,True,19,5,C31
386,1.702,0.15075,True,0.437424135010487,0.024835559639507,0.0037439606156556,5.5933591475715834e-14,1.7527646001269662e-14,5.3116365472671845e-14,log_ci,nominal,4,0.5,0.002,6,1,36,3224,0,275.9577783619752,COMPLETED,classical_COST500_chunk_077.csv,True,19,6,C31
387,1.702,0.16625,True,0.4428387158089277,0.0211819697560783,0.003521502471948,7.513524740046525e-14,1.983829767127077e-14,7.24689405706691e-14,log_ci,nominal,4,0.5,0.002,6,1,36,2955,0,236.4707217119867,COMPLETED,classical_COST500_chunk_077.csv,True,19,7,C31
388,1.702,0.18175,True,0.4478048768086884,0.0172211996603164,0.0031299530382625,3.5300869690076306e-11,4.983402579483709e-12,3.4947347533204054e-11,log_ci,nominal,4,0.5,0.002,6,1,36,3488,0,288.7507597469957,COMPLETED,classical_COST500_chunk_077.csv,True,19,8,C31
389,1.702,0.19725,True,0.4523845448227282,0.0130155377263373,0.00256731481652,6.1851224963866015e-15,-4.6629367034256575e-15,-4.063589742475671e-15,log_ci,nominal,4,0.5,0.002,6,1,36,2638,0,225.26162853301503,COMPLETED,classical_COST500_chunk_077.csv,True,19,9,C31
390,1.702,0.21275,True,0.4566295439067472,0.0086141684791084,0.0018326643439303,5.481627043774297e-11,1.0714790166233e-11,-5.375887625683196e-11,linear_ci,nominal,1,0.5,0.0001,6,2,32,3244,0,273.2566674730042,COMPLETED,classical_COST500_chunk_078.csv,True,19,10,C32
391,1.702,0.2282499999999999,True,0.4605833098254807,0.0040564606412185,0.0009258871413581,2.563821989239071e-13,-1.1382561559969417e-13,2.297293215033913e-13,log_ci,nominal,4,0.5,0.002,6,2,33,2438,0,211.5094118689885,COMPLETED,classical_COST500_chunk_078.csv,True,19,11,C32
392,1.702,0.24375,False,0.9051208014711676,6.228670902960389e-06,1.5182385325965949e-06,2.251219958313853e-08,2.243529406910805e-08,-1.8592229838584422e-09,linear_ci,strict_L30_y1p5,2,0.9,0.0001,6,0,45,3175,0,273.96959573507775,COMPLETED,classical_COST500_chunk_078.csv,False,19,12,C32
393,1.702,0.25925,False,0.4628883070681936,3.088820624981767e-06,8.00776747026523e-07,2.00522980900907e-08,-1.6978031506769266e-08,1.0669634710195342e-08,linear_ci,strict_L30_y0p5,1,0.5,0.0001,6,0,45,2842,0,243.13997214694973,COMPLETED,classical_COST500_chunk_078.csv,False,19,13,C32
394,1.702,0.27475,False,0.7616530586338764,1.9685325191905744e-05,5.408543096476103e-06,1.877759720997429e-08,6.558219501049024e-09,1.7595110512755946e-08,linear_ci,nominal,5,0.9,0.002,6,0,45,3157,0,265.7739031990059,COMPLETED,classical_COST500_chunk_078.csv,False,19,14,C32
395,1.702,0.29025,False,0.9051208307729658,6.142037334559542e-06,1.7827263363559073e-06,2.7192274898458383e-08,2.7190840533405602e-08,-2.7929418224621245e-10,linear_ci,strict_L30_y1p5,2,0.9,0.0001,6,0,45,3090,0,256.8904064199887,COMPLETED,classical_COST500_chunk_079.csv,False,19,15,C32
396,1.702,0.3057499999999999,True,0.7616060534266174,1.0879491635802626e-06,3.326404567646652e-07,7.297311235840712e-10,5.752046020437971e-10,4.490514207915481e-10,linear_ci,strict_L30,5,0.9,0.002,6,1,39,2291,0,181.3905097770039,COMPLETED,classical_COST500_chunk_079.csv,True,19,16,C32
397,1.702,0.32125,False,0.9051208406503508,6.165358730732736e-06,1.980621492247891e-06,3.047252021261361e-08,3.0457126268619214e-08,9.684769308198238e-10,linear_ci,strict_L30_y1p5,2,0.9,0.0001,6,0,45,2970,0,262.85322946403176,COMPLETED,classical_COST500_chunk_079.csv,False,19,17,C32
398,1.702,0.33675,False,0.7616278577683443,2.3785176814961986e-07,8.009658292438447e-08,1.4010024095665541e-08,1.1844503735891857e-08,7.48254678646067e-09,linear_ci,strict_L40,2,0.9,0.0001,6,0,45,2783,0,238.061232071952,COMPLETED,classical_COST500_chunk_079.csv,False,19,18,C32
399,1.702,0.3522499999999999,True,0.9051408581294512,4.923122126525716e-06,1.7341697690686827e-06,3.3873714331002854e-09,2.6816945284450876e-09,-2.0694926146018406e-09,linear_ci,strict_L30_y1p5,2,0.9,0.0001,6,1,45,2980,0,257.9182024030015,COMPLETED,classical_COST500_chunk_079.csv,True,19,19,C32
400,1.738,0.05775,True,0.404663553151953,0.0303522333019376,0.0017528414731868,6.672069888859909e-11,4.300677002022635e-11,5.1010483163860254e-11,log_ci,nominal,4,0.5,0.002,6,1,36,3300,0,275.4183063519886,COMPLETED,classical_COST500_chunk_080.csv,True,20,0,C30
401,1.738,0.07325,True,0.4140984432762241,0.0317385044197476,0.0023248454487465,7.184743483249675e-13,3.331761949665335e-13,6.365524427009994e-13,log_ci,nominal,4,0.5,0.002,6,1,36,3456,0,290.490433803061,COMPLETED,classical_COST500_chunk_080.csv,True,20,1,C30
402,1.738,0.08875,True,0.4225910575117185,0.0316444765679005,0.0028084472954011,5.771193234190681e-15,7.042977312465837e-16,5.728056917675417e-15,log_ci,nominal,4,0.5,0.002,6,1,36,4072,0,329.9872254449874,COMPLETED,classical_COST500_chunk_080.csv,True,20,2,C30
403,1.738,0.10425,True,0.4302263364113097,0.0304596664195953,0.0031754202242428,6.808099033552841e-17,-4.8572257327350605e-17,4.77048955893622e-17,log_ci,nominal,4,0.5,0.002,6,2,36,3607,0,292.1782327599358,COMPLETED,classical_COST500_chunk_080.csv,True,20,3,C30
404,1.738,0.11975,True,0.4371085516591383,0.0284529512404608,0.0034072409110451,2.4150046406302702e-11,1.3650613625570962e-11,1.9921985068560577e-11,log_ci,nominal,4,0.5,0.002,6,1,36,3301,0,279.084146064939,COMPLETED,classical_COST500_chunk_080.csv,True,20,4,C31
405,1.738,0.13525,True,0.4433386398036462,0.0258150460346381,0.0034914849761848,3.947108576670199e-13,1.1318376791358277e-13,3.781350232934244e-13,log_ci,nominal,4,0.5,0.002,6,1,36,3369,0,318.23711508198176,COMPLETED,classical_COST500_chunk_081.csv,True,20,5,C31
406,1.738,0.15075,True,0.4490068302981237,0.0226850662427441,0.0034197737360936,1.580930831733845e-13,5.173292350058035e-14,1.493891815806947e-13,log_ci,nominal,4,0.5,0.002,6,1,36,2818,0,255.56799005600624,COMPLETED,classical_COST500_chunk_081.csv,True,20,6,C31
407,1.738,0.16625,True,0.4541911104757801,0.0191671330323819,0.0031865358666334,1.0861400996595045e-11,2.528848658256422e-12,1.0562904717570376e-11,log_ci,nominal,4,0.5,0.002,6,1,36,3216,0,292.5241285719676,COMPLETED,classical_COST500_chunk_081.csv,True,20,7,C31
408,1.738,0.18175,True,0.4589578505514928,0.0153409421696145,0.0027882162393274,7.682713194089789e-15,5.277028813921447e-15,5.583641188300348e-15,log_ci,nominal,4,0.5,0.002,6,1,36,3398,0,321.1968084370019,COMPLETED,classical_COST500_chunk_081.csv,True,20,8,C31
409,1.738,0.19725,True,0.4633631344636431,0.0112686532567961,0.002222741854903,2.6855671899283905e-11,1.6390361290419264e-13,2.685517173223184e-11,log_ci,nominal,4,0.5,0.002,6,1,36,3216,0,304.53111936093774,COMPLETED,classical_COST500_chunk_081.csv,True,20,9,C31
410,1.738,0.21275,True,0.467454221808635,0.0069994981767039,0.0014891432370937,1.0066339570569585e-12,1.7844059563287828e-13,-9.906921203534091e-13,linear_ci,strict_L30,1,0.5,0.0001,6,2,33,2599,0,218.27321026299612,COMPLETED,classical_COST500_chunk_082.csv,True,20,10,C32
411,1.738,0.2282499999999999,True,0.47127092714704,0.0025729512284902,0.0005872761179029,2.6234928390271665e-13,-1.7685852782278746e-13,1.937735995966028e-13,linear_ci,nominal,1,0.5,0.0001,6,2,32,2451,0,215.7603651280515,COMPLETED,classical_COST500_chunk_082.csv,True,20,11,C32
412,1.738,0.24375,False,0.905120807586675,6.266246339309966e-06,1.527397545206804e-06,2.2489462290153752e-08,2.2407836073913827e-08,-1.9143658440469972e-09,linear_ci,strict_L30_y1p5,2,0.9,0.0001,6,0,45,3184,0,284.8390940540703,COMPLETED,classical_COST500_chunk_082.csv,False,20,12,C32
413,1.738,0.25925,False,0.9051208235584688,6.188002386103109e-06,1.604239618597231e-06,2.3999390624765133e-08,2.3959633686035383e-08,-1.380834527038972e-09,linear_ci,strict_L30_y1p5,2,0.9,0.0001,6,0,45,3048,0,271.94789057201706,COMPLETED,classical_COST500_chunk_082.csv,False,20,13,C32
414,1.738,0.27475,False,0.7616549212835981,2.017354405977652e-05,5.542681230423599e-06,1.8939213517246367e-08,6.3889282443276284e-09,1.7829060674659228e-08,linear_ci,nominal,5,0.9,0.002,6,0,45,2921,0,254.1131720968988,COMPLETED,classical_COST500_chunk_082.csv,False,20,14,C32
415,1.738,0.29025,False,0.9051208447772174,6.17591775011591e-06,1.792560126971143e-06,2.7146375646742373e-08,2.71442231236678e-08,-3.418505032694985e-10,linear_ci,strict_L30_y1p5,2,0.9,0.0001,6,0,45,3074,0,267.6852171040373,COMPLETED,classical_COST500_chunk_083.csv,False,20,15,C32
416,1.738,0.3057499999999999,False,0.7616581282672482,1.4220948774702e-05,4.348055087865135e-06,2.0305073549808592e-08,1.2355244376932142e-08,1.6113471018046455e-08,linear_ci,nominal,5,0.9,0.002,6,0,45,3011,0,265.90098449599463,COMPLETED,classical_COST500_chunk_083.csv,False,20,16,C32
417,1.738,0.32125,False,0.7616708934301379,5.895642913833201e-06,1.893975286068916e-06,2.9627339915887425e-08,2.33869119184515e-08,1.8188777347862816e-08,linear_ci,strict_L30,2,0.9,0.0001,6,0,45,3082,0,270.4056355128996,COMPLETED,classical_COST500_chunk_083.csv,False,20,17,C32
418,1.738,0.33675,True,0.4622485693255476,1.3382906777335828e-06,4.50669385726784e-07,4.773790268567138e-09,-4.2832800617669355e-09,2.1077441592224e-09,linear_ci,strict_L30_y0p5,4,0.5,0.002,6,1,43,2840,0,250.96695594792251,COMPLETED,classical_COST500_chunk_083.csv,True,20,18,C32
419,1.738,0.3522499999999999,True,0.9051409062056268,4.882583903333761e-06,1.7198901799493167e-06,3.335566461161929e-09,2.644713865862992e-09,-2.0326072381403013e-09,linear_ci,strict_L30_y1p5,2,0.9,0.0001,6,2,43,2731,0,244.9623783199349,COMPLETED,classical_COST500_chunk_083.csv,True,20,19,C32
420,1.7739999999999998,0.05775,True,0.4182878893465938,0.0278958638347187,0.001610986136455,6.306453842592535e-12,3.904391567000065e-12,4.952482868247898e-12,log_ci,nominal,4,0.5,0.002,6,1,36,3291,0,268.48633832798805,COMPLETED,classical_COST500_chunk_084.csv,True,21,0,C30
421,1.7739999999999998,0.07325,True,0.4270728694545256,0.0292802707904425,0.0021447798353999,4.72537969964937e-14,1.9598905831585967e-14,4.2997723437299135e-14,log_ci,nominal,4,0.5,0.002,6,1,36,3460,0,294.3690389780095,COMPLETED,classical_COST500_chunk_084.csv,True,21,1,C30
422,1.7739999999999998,0.08875,True,0.4350426853063284,0.029247690204192,0.002595732505622,1.347833534683869e-15,1.0564465968698757e-15,8.370040771588094e-16,log_ci,nominal,4,0.5,0.002,6,2,32,3409,0,274.1514182310784,COMPLETED,classical_COST500_chunk_084.csv,True,21,2,C30
423,1.7739999999999998,0.10425,True,0.4422516785477499,0.028155753337071,0.0029352372853896,7.265861572927062e-11,4.154463578709411e-11,5.96097112642857e-11,log_ci,nominal,4,0.5,0.002,6,2,36,3511,0,299.99877790594473,COMPLETED,classical_COST500_chunk_084.csv,True,21,3,C30
424,1.7739999999999998,0.11975,True,0.4487811535225299,0.0262575825567541,0.0031443455111713,3.5834925556607127e-12,8.111167987268075e-13,3.490488280355475e-12,log_ci,nominal,4,0.5,0.002,6,1,36,3448,0,295.43780380499084,COMPLETED,classical_COST500_chunk_084.csv,True,21,4,C31
425,1.7739999999999998,0.13525,True,0.454715320106318,0.0237359764197999,0.0032102908107779,5.180869036073917e-13,1.856639841868457e-13,4.836764669335913e-13,log_ci,nominal,4,0.5,0.002,6,1,36,2611,0,222.95733918598853,COMPLETED,classical_COST500_chunk_085.csv,True,21,5,C31
426,1.7739999999999998,0.15075,True,0.4601321668433688,0.0207260323826496,0.0031244493816844,1.7522982224481433e-12,5.120626145327378e-13,1.675810532009159e-12,log_ci,nominal,4,0.5,0.002,6,1,36,3602,0,299.18944654695224,COMPLETED,classical_COST500_chunk_085.csv,True,21,6,C31
427,1.7739999999999998,0.16625,True,0.4651005738938513,0.0173298387065429,0.0028810856849627,3.505129801572109e-11,7.850813749099572e-12,3.4160770132768414e-11,log_ci,nominal,4,0.5,0.002,6,1,36,3365,0,277.1798546978971,COMPLETED,classical_COST500_chunk_085.csv,True,21,7,C31
428,1.7739999999999998,0.18175,True,0.4696799992810068,0.0136260772945366,0.002476539548282,2.8831325197808483e-10,3.151511690502318e-11,2.8658563933428577e-10,log_ci,nominal,4,0.5,0.002,6,1,36,2632,0,228.85318603995256,COMPLETED,classical_COST500_chunk_085.csv,True,21,8,C31
429,1.7739999999999998,0.19725,True,0.4739211778602708,0.0096764090948626,0.0019086716939616,5.92419258870955e-13,3.1086244689504387e-15,5.924111028121626e-13,log_ci,nominal,4,0.5,0.002,6,2,34,3339,0,293.8277994999662,COMPLETED,classical_COST500_chunk_085.csv,True,21,9,C31
430,1.7739999999999998,0.21275,True,0.4778671627923379,0.0055298253010956,0.001176470332808,6.633194565917687e-10,1.5676136083664358e-10,-6.44529733404009e-10,linear_ci,nominal,1,0.5,0.0001,6,2,32,2511,0,218.80480455001816,COMPLETED,classical_COST500_chunk_086.csv,True,21,10,C32
431,1.7739999999999998,0.2282499999999999,True,0.4815544065351885,0.0012256763739226,0.0002797606323478,7.658637690376455e-13,-2.6529473062808506e-13,-7.184469490682799e-13,linear_ci,strict_L30,1,0.5,0.0001,6,2,33,2524,0,219.30581711803097,COMPLETED,classical_COST500_chunk_086.csv,True,21,11,C32
432,1.7739999999999998,0.24375,False,0.9051208086390718,6.311532027245083e-06,1.538435931640989e-06,2.2476941047060017e-08,2.2389587591537755e-08,-1.979708643682169e-09,linear_ci,strict_L30_y1p5,2,0.9,0.0001,6,0,45,3506,0,314.0017827169504,COMPLETED,classical_COST500_chunk_086.csv,False,21,12,C32
433,1.7739999999999998,0.25925,False,0.9051208475064896,6.226547632903902e-06,1.6142324738303363e-06,2.3944965779590764e-08,2.3901253648511388e-08,-1.446188167319016e-09,linear_ci,strict_L30_y1p5,2,0.9,0.0001,6,0,45,3242,0,281.72660266794264,COMPLETED,classical_COST500_chunk_086.csv,False,21,13,C32
434,1.7739999999999998,0.27475,False,0.7616557201291693,2.043037665286025e-05,5.6132459853733545e-06,1.86317535882072e-08,6.139361891799259e-09,1.7591204544692068e-08,linear_ci,nominal,5,0.9,0.002,6,0,45,3113,0,280.0036667530658,COMPLETED,classical_COST500_chunk_086.csv,False,21,14,C32
435,1.7739999999999998,0.29025,True,0.462332507810397,5.024520439290844e-07,1.4583670575041677e-07,5.722467225758148e-09,-5.644894083254876e-09,-9.39043097365739e-10,linear_ci,strict_L30_y0p5,1,0.5,0.0001,6,1,44,3108,0,282.878041176009,COMPLETED,classical_COST500_chunk_087.csv,True,21,15,C32
436,1.7739999999999998,0.3057499999999999,False,0.9051208776303288,6.142730928997102e-06,1.8781399815408635e-06,2.86586027411086e-08,2.8656704114512824e-08,3.2987932026939243e-10,linear_ci,strict_L30_y1p5,2,0.9,0.0001,6,0,45,2985,0,271.58109545800835,COMPLETED,classical_COST500_chunk_087.csv,False,21,16,C32
437,1.7739999999999998,0.32125,False,0.7616581518030272,1.4908309172120607e-05,4.789294321543744e-06,2.15245758839032e-08,1.2235213773191376e-08,1.770895002269235e-08,linear_ci,nominal,5,0.9,0.002,6,0,45,2951,0,264.6873167210724,COMPLETED,classical_COST500_chunk_087.csv,False,21,17,C32
438,1.7739999999999998,0.33675,False,0.9051208934658213,6.096694654434109e-06,2.0530619248806862e-06,3.1920869856441954e-08,3.1867037375842315e-08,1.8530680717592998e-09,linear_ci,strict_L30_y1p5,2,0.9,0.0001,6,0,45,3047,0,274.25979620206635,COMPLETED,classical_COST500_chunk_087.csv,False,21,18,C32
439,1.7739999999999998,0.3522499999999999,True,0.9051408622110806,5.010410561771839e-06,1.7649171203841295e-06,3.413047387490557e-09,2.668203691282173e-09,-2.128281356184916e-09,linear_ci,strict_L30_y1p5,2,0.9,0.0001,6,1,45,2854,0,265.01712533202954,COMPLETED,classical_COST500_chunk_087.csv,True,21,19,C32
440,1.81,0.05775,True,0.4312682790689825,0.0257305655160755,0.0014859401585533,7.600934174832317e-13,4.666059205682416e-13,6.000174315734519e-13,log_ci,nominal,4,0.5,0.002,6,1,36,3126,0,256.5740203480236,COMPLETED,classical_COST500_chunk_088.csv,True,22,0,C30
441,1.81,0.07325,True,0.4394698724155961,0.027088162226233,0.0019842078830715,3.885604205724423e-15,1.7199783264310042e-15,3.484192101499417e-15,log_ci,nominal,4,0.5,0.002,6,1,36,3638,0,289.0811553419335,COMPLETED,classical_COST500_chunk_088.csv,True,22,1,C30
442,1.81,0.08875,True,0.446963506424743,0.0270927094203812,0.0024044779610588,6.3802127774893104e-15,-4.914471607442295e-15,-4.068793912903601e-15,log_ci,nominal,4,0.5,0.002,6,1,36,4039,0,322.6092315139249,COMPLETED,classical_COST500_chunk_088.csv,True,22,2,C30
443,1.81,0.10425,True,0.4537803631147683,0.0260720732745327,0.00271801363887,2.8194972391825222e-11,5.800967345370722e-12,2.7591760473622e-11,log_ci,nominal,4,0.5,0.002,6,2,36,3494,0,281.2771135260118,COMPLETED,classical_COST500_chunk_088.csv,True,22,3,C30
444,1.81,0.11975,True,0.4599831386010073,0.0242638241701772,0.0029055929443787,2.846590727215782e-12,7.657936784699615e-13,2.741648921777973e-12,log_ci,nominal,4,0.5,0.002,6,1,36,3326,0,282.0544958249666,COMPLETED,classical_COST500_chunk_088.csv,True,22,4,C31
445,1.81,0.13525,True,0.4656419076935041,0.0218425043929719,0.0029541987191494,6.860599163542076e-13,2.508097896036787e-13,6.385707934652984e-13,log_ci,nominal,4,0.5,0.002,6,1,36,2809,0,245.33002421201672,COMPLETED,classical_COST500_chunk_089.csv,True,22,5,C31
446,1.81,0.15075,True,0.4708240127249696,0.0189387574041325,0.0028550176786729,1.5603462426653578e-12,4.562461519697081e-13,1.4921527555222802e-12,log_ci,nominal,4,0.5,0.002,6,1,36,2840,0,246.529165860964,COMPLETED,classical_COST500_chunk_089.csv,True,22,6,C31
447,1.81,0.16625,True,0.475590246190265,0.0156522326818825,0.0026021836833629,1.11403155931872e-11,2.3495753953550746e-12,1.0889725753082669e-11,log_ci,nominal,4,0.5,0.002,6,1,36,2816,0,236.4942880430026,COMPLETED,classical_COST500_chunk_089.csv,True,22,7,C31
448,1.81,0.18175,True,0.4799938334413631,0.0120602519594503,0.00219195079363,2.975537400592816e-11,2.732050696785393e-12,2.962968412290046e-11,log_ci,nominal,4,0.5,0.002,6,1,36,3135,0,276.8949950679671,COMPLETED,classical_COST500_chunk_089.csv,True,22,8,C31
449,1.81,0.19725,True,0.4840806336224583,0.0082236983618882,0.0016221245018824,1.0554593228659048e-14,3.6116942769837116e-15,9.917414112159406e-15,log_ci,nominal,4,0.5,0.002,6,2,32,3279,0,291.5800458949525,COMPLETED,classical_COST500_chunk_089.csv,True,22,9,C31
450,1.81,0.21275,True,0.4878898299120977,0.0041910895912589,0.0008916543105403,5.393617461689372e-14,3.6456948571128584e-14,-3.974923688809806e-14,log_ci,nominal,4,0.5,0.002,6,2,33,2603,0,271.001923592994,COMPLETED,classical_COST500_chunk_090.csv,True,22,10,C32
451,1.81,0.2282499999999999,False,0.905120830372821,6.240870270369878e-06,1.424478639211924e-06,2.0853794977427022e-08,2.0736394868009885e-08,-2.2096816147430806e-09,linear_ci,strict_L30_y1p5,2,0.9,0.0001,6,0,45,3286,0,297.0053833760321,COMPLETED,classical_COST500_chunk_090.csv,False,22,11,C32
452,1.81,0.24375,False,0.7616656937941371,3.717211113019253e-06,9.060702087984428e-07,1.2901558965316852e-08,1.0924148429424641e-08,6.863905945410875e-09,linear_ci,nominal,2,0.9,0.0001,6,0,45,3009,0,267.64879226800986,COMPLETED,classical_COST500_chunk_090.csv,False,22,12,C32
453,1.81,0.25925,False,0.9051208594999448,6.182559090592747e-06,1.6028284442361695e-06,2.3878057646140064e-08,2.383876354017302e-08,-1.3693026795071161e-09,linear_ci,strict_L30_y1p5,2,0.9,0.0001,6,0,45,3341,0,288.8892818669556,COMPLETED,classical_COST500_chunk_090.csv,False,22,13,C32
454,1.81,0.27475,True,0.4622654933518476,6.176953712961362e-07,1.6971180326361347e-07,4.3281555323551125e-09,-4.308355999614106e-09,4.1352012386980573e-10,linear_ci,strict_L30_y0p5,1,0.5,0.0001,6,1,44,2738,0,241.13371521804947,COMPLETED,classical_COST500_chunk_090.csv,True,22,14,C32
455,1.81,0.29025,False,0.9051208649785458,6.217094927596944e-06,1.8045118027350127e-06,2.7056773654325248e-08,2.7053631428094856e-08,-4.1234346628403145e-10,linear_ci,strict_L30_y1p5,2,0.9,0.0001,6,0,45,3056,0,275.4622158079874,COMPLETED,classical_COST500_chunk_091.csv,False,22,15,C32
456,1.81,0.3057499999999999,False,0.9051209070722924,6.125132796326618e-06,1.872759352476863e-06,2.8554731728842182e-08,2.8552476503960052e-08,3.5887267513091503e-10,linear_ci,strict_L30_y1p5,2,0.9,0.0001,6,0,45,2991,0,299.8356872270815,COMPLETED,classical_COST500_chunk_091.csv,False,22,16,C32
457,1.81,0.32125,False,0.9051208866081109,6.175568022694077e-06,1.983901227290472e-06,3.0262219730891466e-08,3.0247406234060995e-08,9.467624582993243e-10,linear_ci,strict_L30_y1p5,2,0.9,0.0001,6,0,45,2829,0,330.7602986309212,COMPLETED,classical_COST500_chunk_091.csv,False,22,17,C32
458,1.81,0.33675,False,0.9051209209507928,6.064169951198784e-06,2.04210923106619e-06,3.1801464721037e-08,3.17437037950233e-08,1.915836051749679e-09,linear_ci,strict_L30_y1p5,2,0.9,0.0001,6,0,45,3193,0,375.88417858991306,COMPLETED,classical_COST500_chunk_091.csv,False,22,18,C32
459,1.81,0.3522499999999999,True,0.9051409185790964,4.944888835129146e-06,1.7418370921742411e-06,3.345152400311796e-09,2.6265794224633424e-09,-2.0715031061535743e-09,linear_ci,strict_L30_y1p5,2,0.9,0.0001,6,1,45,2856,0,343.87010145094246,COMPLETED,classical_COST500_chunk_091.csv,True,22,19,C32
460,1.846,0.05775,True,0.4436452631278021,0.0238127852629994,0.0013751883489382,1.4481028603699245e-13,9.484166924034201e-14,1.0943069367330693e-13,log_ci,nominal,4,0.5,0.002,6,1,36,3317,0,284.6238181330264,COMPLETED,classical_COST500_chunk_092.csv,True,23,0,C30
461,1.846,0.07325,True,0.4513226648942477,0.0251264605118264,0.0018405132324912,1.4745358731561718e-15,1.102416768983261e-15,9.792514021889076e-16,log_ci,nominal,4,0.5,0.002,6,1,36,3821,0,319.2234683360439,COMPLETED,classical_COST500_chunk_092.csv,True,23,1,C30
462,1.846,0.08875,True,0.4583826509745827,0.0251497001859663,0.0022320358915045,1.879831915970036e-10,5.7413643284043297e-11,1.7900098851081347e-10,log_ci,nominal,4,0.5,0.002,6,1,36,3550,0,308.2280393659603,COMPLETED,classical_COST500_chunk_092.csv,True,23,2,C30
463,1.846,0.10425,True,0.4648390186170121,0.0241831617538877,0.0025210946128428,1.8421149962103067e-11,2.624504780168735e-12,1.8233231764697155e-11,log_ci,nominal,4,0.5,0.002,6,2,36,3472,0,289.1401488920674,COMPLETED,classical_COST500_chunk_092.csv,True,23,3,C30
464,1.846,0.11975,True,0.4707394496180291,0.0224495104072888,0.0026883288712728,1.666020425361313e-12,5.676917269603621e-13,1.5663173882907169e-12,log_ci,nominal,4,0.5,0.002,6,1,36,3470,0,293.4671069190372,COMPLETED,classical_COST500_chunk_092.csv,True,23,4,C31
465,1.846,0.13525,True,0.4761421124530168,0.0201150127536992,0.0027205554749378,1.813553705355993e-13,7.759765052739453e-14,1.639157559685245e-13,log_ci,nominal,4,0.5,0.002,6,1,36,3404,0,276.140759053058,COMPLETED,classical_COST500_chunk_093.csv,True,23,5,C31
466,1.846,0.15075,True,0.4811051154725322,0.0173056361198296,0.0026088246450643,5.0790850869728686e-14,1.2531642390456454e-14,4.9220610226496937e-14,log_ci,nominal,4,0.5,0.002,6,1,36,2948,0,255.115521546104,COMPLETED,classical_COST500_chunk_093.csv,True,23,6,C31
467,1.846,0.16625,True,0.4856820874661328,0.0141183288554464,0.0023471721722179,5.708496817789357e-14,1.2191636589165e-14,5.57678903057024e-14,log_ci,nominal,4,0.5,0.002,6,1,36,3561,0,295.54498393600807,COMPLETED,classical_COST500_chunk_093.csv,True,23,7,C31
468,1.846,0.18175,True,0.4899206478763237,0.010628807011939,0.0019317856744199,2.915956129391757e-15,2.886579864025407e-15,-4.1286418728248014e-16,log_ci,nominal,4,0.5,0.002,6,1,36,3163,0,271.22032746102195,COMPLETED,classical_COST500_chunk_093.csv,True,23,8,C31
469,1.846,0.19725,True,0.4938622220947293,0.0068969584158518,0.0013604250475267,2.599900498998448e-12,-1.2538234339665166e-13,2.5968754056859837e-12,log_ci,nominal,4,0.5,0.002,6,2,33,3494,0,300.22373984602746,COMPLETED,classical_COST500_chunk_093.csv,True,23,9,C31
470,1.846,0.21275,True,0.497542450573305,0.0029706486572301,0.0006320055018257,3.0911221285468995e-14,2.953887134893307e-14,-9.108165610616226e-15,log_ci,nominal,4,0.5,0.002,6,2,32,2862,0,234.90559336100705,COMPLETED,classical_COST500_chunk_094.csv,True,23,10,C32
471,1.846,0.2282499999999999,False,0.5000339024819729,2.9205723202750567e-05,6.666206321027814e-06,1.5174798392123848e-08,1.2938579409260688e-08,-7.928913488736019e-09,log_ci,nominal,4,0.5,0.002,6,0,45,3034,0,259.7024116779212,COMPLETED,classical_COST500_chunk_094.csv,False,23,11,C32
472,1.846,0.24375,False,0.9051208472410296,6.3129714757500345e-06,1.538786797214071e-06,2.2361990710173945e-08,2.2274349288462788e-08,-1.977875703238982e-09,linear_ci,strict_L30_y1p5,2,0.9,0.0001,6,0,45,3400,0,290.0179436870385,COMPLETED,classical_COST500_chunk_094.csv,False,23,12,C32
473,1.846,0.25925,False,0.9051208735084072,6.203285644096865e-06,1.6082018032321122e-06,2.3832110247196385e-08,2.3790884634800432e-08,-1.4011734825280075e-09,linear_ci,strict_L30_y1p5,2,0.9,0.0001,6,0,45,3114,0,261.412416446954,COMPLETED,classical_COST500_chunk_094.csv,False,23,13,C32
474,1.846,0.27475,True,0.4620888173906948,1.080479629920982e-06,2.968617783207898e-07,3.3889528415572247e-10,-3.372278745135163e-10,-3.3576394596263446e-11,linear_ci,strict_L30_y0p5,4,0.5,0.002,6,1,43,2731,0,233.48374679498372,COMPLETED,classical_COST500_chunk_094.csv,True,23,14,C32
475,1.846,0.29025,False,0.4623546298619336,1.7768262250326502e-06,5.157238118157267e-07,2.554229791137881e-08,-2.545650958124301e-08,2.0916745764360413e-09,linear_ci,strict_L30_y0p5,4,0.5,0.002,6,0,45,3018,0,275.7979635519441,COMPLETED,classical_COST500_chunk_095.csv,False,23,15,C32
476,1.846,0.3057499999999999,False,0.7616586680943381,1.5053497457462404e-05,4.602606847619128e-06,2.0294558870308968e-08,1.1952125642636198e-08,1.6401701508169043e-08,linear_ci,nominal,5,0.9,0.002,6,0,45,2974,0,259.77738973498344,COMPLETED,classical_COST500_chunk_095.csv,False,23,16,C32
477,1.846,0.32125,False,0.905120920127266,6.145430247206927e-06,1.974219466915225e-06,3.013677346448621e-08,3.0120170496584966e-08,1.000222028557961e-09,linear_ci,strict_L30_y1p5,2,0.9,0.0001,6,0,45,2839,0,260.3692472380353,COMPLETED,classical_COST500_chunk_095.csv,False,23,17,C32
478,1.846,0.33675,False,0.9051209547957392,6.0580089487584775e-06,2.040034513494417e-06,3.168038948723786e-08,3.162233430414302e-08,1.9170423104643862e-09,linear_ci,strict_L30_y1p5,2,0.9,0.0001,6,0,45,2673,0,238.4388606530847,COMPLETED,classical_COST500_chunk_095.csv,False,23,18,C32
479,1.846,0.3522499999999999,True,0.9051409431656438,4.935821231624814e-06,1.73864302883984e-06,3.321322348489278e-09,2.6057555085073372e-09,-2.059422339506397e-09,linear_ci,strict_L30_y1p5,2,0.9,0.0001,6,1,45,2835,0,263.143008659943,COMPLETED,classical_COST500_chunk_095.csv,True,23,19,C32
480,1.882,0.05775,True,0.4554579798597892,0.0221062067187444,0.0012766334380074,3.9108284499707086e-14,2.7335772534442526e-14,2.7968079241436072e-14,log_ci,nominal,4,0.5,0.002,6,2,28,2672,0,209.08064775296955,COMPLETED,classical_COST500_chunk_096.csv,True,24,0,C30
481,1.882,0.07325,True,0.4626635191910674,0.0233646341782754,0.0017114594535586,3.8067003737446943e-16,1.795438797635995e-16,-3.356689926015121e-16,log_ci,nominal,4,0.5,0.002,6,1,36,3889,0,311.3160263180034,COMPLETED,classical_COST500_chunk_096.csv,True,24,1,C30
482,1.882,0.08875,True,0.4693283474431795,0.0233927490092334,0.0020761064745694,1.078384629319402e-10,2.848338925831584e-11,1.0400880070399188e-10,log_ci,nominal,4,0.5,0.002,6,1,36,3407,0,283.84432439296506,COMPLETED,classical_COST500_chunk_096.csv,True,24,2,C30
483,1.882,0.10425,True,0.475453303436908,0.0224666754841938,0.0023421509192272,9.646171041924178e-12,1.5000049813362892e-12,9.528829982008435e-12,log_ci,nominal,4,0.5,0.002,6,2,36,3562,0,283.8623088679742,COMPLETED,classical_COST500_chunk_096.csv,True,24,3,C30
484,1.882,0.11975,True,0.4810739824121038,0.0207950600016745,0.0024902084352005,6.832587532273596e-13,1.8124217404658085e-13,6.587820566839042e-13,log_ci,nominal,4,0.5,0.002,6,1,36,3136,0,262.3265392879257,COMPLETED,classical_COST500_chunk_096.csv,True,24,4,C30
485,1.882,0.13525,True,0.4862385361592116,0.0185360890102719,0.0025070060386392,3.700000001799917e-14,1.6984677553288918e-14,3.2871275146284524e-14,log_ci,nominal,4,0.5,0.002,6,1,36,3174,0,264.7938267469872,COMPLETED,classical_COST500_chunk_097.csv,True,24,5,C31
486,1.882,0.15075,True,0.4909970723730392,0.015810988187048,0.0023835064691974,6.7749471697486846e-15,4.989064716909297e-15,-4.583573104399719e-15,log_ci,nominal,4,0.5,0.002,6,1,36,2692,0,239.7897600469878,COMPLETED,classical_COST500_chunk_097.csv,True,24,6,C31
487,1.882,0.16625,True,0.4953968822231863,0.0127138526125903,0.0021136779968431,1.2783897535183722e-14,1.2628786905111156e-14,-1.985391018255456e-15,log_ci,nominal,4,0.5,0.002,6,1,36,3165,0,284.715244264924,COMPLETED,classical_COST500_chunk_097.csv,True,24,7,C31
488,1.882,0.18175,True,0.499480550976216,0.0093186242314936,0.0016936599540739,1.823648346212239e-12,1.1310744008063979e-13,1.820137356806084e-12,log_ci,nominal,4,0.5,0.002,6,2,33,3568,0,307.1256711999886,COMPLETED,classical_COST500_chunk_097.csv,True,24,8,C31
489,1.882,0.19725,True,0.5032854776956431,0.0056840374150773,0.001121176380124,7.503216763096275e-14,6.97393531812196e-14,-2.7681199346596408e-14,linear_ci,nominal,1,0.5,0.0001,6,2,32,3357,0,304.83500102802645,COMPLETED,classical_COST500_chunk_097.csv,True,24,9,C31
490,1.882,0.21275,True,0.5068440692557342,0.0018571608116699,0.0003951109626827,5.579181263642694e-13,-4.874364800677711e-13,2.7143749487673624e-13,linear_ci,nominal,1,0.5,0.0001,6,2,32,2825,0,258.7469025600003,COMPLETED,classical_COST500_chunk_098.csv,True,24,10,C31
491,1.882,0.2282499999999999,False,0.9051208509795802,6.3129922513288295e-06,1.4409404813658048e-06,2.0796125874980362e-08,2.0667729786283542e-08,-2.307335452246977e-09,linear_ci,strict_L30_y1p5,2,0.9,0.0001,6,0,45,3037,0,274.84643321996555,COMPLETED,classical_COST500_chunk_098.csv,False,24,11,C32
492,1.882,0.24375,False,0.9051208865445836,6.209425780875319e-06,1.513547534088359e-06,2.2236180890712798e-08,2.2161755908505352e-08,-1.817777669663965e-09,linear_ci,strict_L30_y1p5,2,0.9,0.0001,6,0,45,3076,0,271.3768268489512,COMPLETED,classical_COST500_chunk_098.csv,False,24,12,C32
493,1.882,0.25925,False,0.9051209114631196,6.134165048635026e-06,1.5902822888586305e-06,2.3712710586797915e-08,2.367763467317632e-08,-1.2892864913729028e-09,linear_ci,strict_L30_y1p5,2,0.9,0.0001,6,0,45,2940,0,255.5393855669536,COMPLETED,classical_COST500_chunk_098.csv,False,24,13,C32
494,1.882,0.27475,False,0.7616680202113123,2.1980697748344467e-05,6.039196706357642e-06,2.4260319335592183e-08,1.2910936482803044e-08,2.0539493990893087e-08,linear_ci,nominal,5,0.9,0.002,6,0,45,3011,0,263.8081537060207,COMPLETED,classical_COST500_chunk_098.csv,False,24,14,C32
495,1.882,0.29025,False,0.9051209216876126,6.161428632622729e-06,1.7883546606187472e-06,2.6855308456336152e-08,2.685345770307689e-08,-3.1528031023235137e-10,linear_ci,strict_L30_y1p5,2,0.9,0.0001,6,0,45,2985,0,268.2092549910303,COMPLETED,classical_COST500_chunk_099.csv,False,24,15,C32
496,1.882,0.3057499999999999,False,0.7616589624539276,2.19351326263781e-05,6.706666800515102e-06,2.1386039663105473e-08,8.899726077353688e-09,1.9446273890388132e-08,linear_ci,nominal,5,0.9,0.002,6,0,45,3181,0,287.6416048059473,COMPLETED,classical_COST500_chunk_099.csv,False,24,16,C32
497,1.882,0.32125,False,0.7616433900591763,1.3199004323596128e-05,4.240180138955256e-06,1.254775365154858e-08,6.38491992073888e-09,1.0801801669430082e-08,linear_ci,nominal,5,0.9,0.002,6,0,45,2826,0,250.43881711293943,COMPLETED,classical_COST500_chunk_099.csv,False,24,17,C32
498,1.882,0.33675,False,0.7616384294384848,2.021941835933437e-06,6.808889132505849e-07,1.0021036047058906e-08,8.222956074832005e-09,5.7274913223712015e-09,linear_ci,strict_L30,5,0.9,0.002,6,0,45,3067,0,281.09455558797345,COMPLETED,classical_COST500_chunk_099.csv,False,24,18,C32
499,1.882,0.3522499999999999,True,0.9051409545974876,4.947065595606782e-06,1.7426038560524884e-06,3.314343948110212e-09,2.593764529678098e-09,-2.063313202341937e-09,linear_ci,strict_L30_y1p5,2,0.9,0.0001,6,1,45,2938,0,265.1178815549938,COMPLETED,classical_COST500_chunk_099.csv,True,24,19,C32
