chart_id,Mach,eta,alpha,technical_success,error,gep_regime,N,ci_ref,ci_pinn,n_admissible,oracle_raw_index,oracle_cr,oracle_ci,naive_central_fallback,pinn_seeded_raw_index,pinn_seeded_cr,pinn_seeded_ci,pinn_seeded_ci_abs_err,pinn_seeded_ci_scaled_err,pinn_seeded_matches_oracle,pinn_seeded_noncentral,pinn_seeded_p_rel_classic,pinn_seeded_rho_rel_classic,pinn_seeded_u_rel_classic,pinn_seeded_v_rel_classic,pinn_seeded_p_overlap_classic,pinn_seeded_p_overlap_defect,pinn_seeded_modal_rel_max,naive_central_growth_raw_index,naive_central_growth_cr,naive_central_growth_ci,naive_central_growth_ci_abs_err,naive_central_growth_ci_scaled_err,naive_central_growth_matches_oracle,naive_central_growth_noncentral,naive_central_growth_p_rel_classic,naive_central_growth_rho_rel_classic,naive_central_growth_u_rel_classic,naive_central_growth_v_rel_classic,naive_central_growth_p_overlap_classic,naive_central_growth_p_overlap_defect,naive_central_growth_modal_rel_max,naive_max_growth_raw_index,naive_max_growth_cr,naive_max_growth_ci,naive_max_growth_ci_abs_err,naive_max_growth_ci_scaled_err,naive_max_growth_matches_oracle,naive_max_growth_noncentral,naive_max_growth_p_rel_classic,naive_max_growth_rho_rel_classic,naive_max_growth_u_rel_classic,naive_max_growth_v_rel_classic,naive_max_growth_p_overlap_classic,naive_max_growth_p_overlap_defect,naive_max_growth_modal_rel_max
ULTRALOW_M002_006_eta002_006,0.02,0.025,0.0249949994998999,True,,longwave_map10_N301,301,0.9560264285421692,0.9552942995984184,1,601,2.2107566044886978e-13,0.9562284713158048,False,601,2.2107566044886978e-13,0.9562284713158048,0.0002020427736356,0.0002113359710607,True,False,1.0248794645411756e-05,1.0248794645405527e-05,0.0007602196058202,0.0001546311466695,0.999999999947481,,,601,2.2107566044886978e-13,0.9562284713158048,0.0002020427736356,0.0002113359710607,True,False,1.0248794645411756e-05,1.0248794645405527e-05,0.0007602196058202,0.0001546311466695,0.999999999947481,,,601,2.2107566044886978e-13,0.9562284713158048,0.0002020427736356,0.0002113359710607,True,False,1.0248794645411756e-05,1.0248794645405527e-05,0.0007602196058202,0.0001546311466695,0.999999999947481,,
ULTRALOW_M002_006_eta002_006,0.02,0.04,0.0399919991998399,True,,longwave_map10_N301,301,0.9308073252554292,0.9221321769658728,1,601,-1.3158845843152781e-14,0.9310093166211754,False,601,-1.3158845843152781e-14,0.9310093166211754,0.0002019913657462,0.0002170066352785,True,False,1.4494327898611426e-05,1.4494327898609485e-05,0.0007820103566636,0.0001571743396529,0.9999999998949576,,,601,-1.3158845843152781e-14,0.9310093166211754,0.0002019913657462,0.0002170066352785,True,False,1.4494327898611426e-05,1.4494327898609485e-05,0.0007820103566636,0.0001571743396529,0.9999999998949576,,,601,-1.3158845843152781e-14,0.9310093166211754,0.0002019913657462,0.0002170066352785,True,False,1.4494327898611426e-05,1.4494327898609485e-05,0.0007820103566636,0.0001571743396529,0.9999999998949576,,
ULTRALOW_M002_006_eta002_006,0.02,0.055,0.0549889988997799,True,,longwave_map10_N301,301,0.9062347129768312,0.8886554745744017,1,601,5.6144949683213037e-14,0.906446643103156,False,601,5.6144949683213037e-14,0.906446643103156,0.0002119301263246,0.0002338578773136,True,False,1.7762331810959643e-05,1.776233181096278e-05,0.0008220390614752,0.0001669572147417,0.9999999998422496,,,601,5.6144949683213037e-14,0.906446643103156,0.0002119301263246,0.0002338578773136,True,False,1.7762331810959643e-05,1.776233181096278e-05,0.0008220390614752,0.0001669572147417,0.9999999998422496,,,601,5.6144949683213037e-14,0.906446643103156,0.0002119301263246,0.0002338578773136,True,False,1.7762331810959643e-05,1.776233181096278e-05,0.0008220390614752,0.0001669572147417,0.9999999998422496,,
LMEDGE_VLOW,0.02,0.06,0.0599879987997599,True,,longwave_map10_N301,301,0.8981789705576851,0.9030195927578332,138,601,4.409693403841688e-14,0.8983997335116688,False,601,4.409693403841688e-14,0.8983997335116688,0.0002207629539836,0.0002457894932082,True,False,1.8780400974015943e-05,1.878040097401353e-05,0.0008382224149555,0.0001741144517568,0.9999999998236482,,,601,4.409693403841688e-14,0.8983997335116688,0.0002207629539836,0.0002457894932082,True,False,1.8780400974015943e-05,1.878040097401353e-05,0.0008382224149555,0.0001741144517568,0.9999999998236482,,,601,4.409693403841688e-14,0.8983997335116688,0.0002207629539836,0.0002457894932082,True,False,1.8780400974015943e-05,1.878040097401353e-05,0.0008382224149555,0.0001741144517568,0.9999999998236482,,
LMEDGE_VLOW,0.02,0.09,0.0899819981996399,True,,longwave_map10_N301,301,0.85127696296673,0.8512805972269415,161,600,6.402406931570945e-14,0.8515214514808228,False,600,6.402406931570945e-14,0.8515214514808228,0.0002444885140927,0.0002872020796154,True,False,2.5346931328777832e-05,2.5346931328778604e-05,0.000906698754956,0.0001975903808248,0.9999999996787664,,,600,6.402406931570945e-14,0.8515214514808228,0.0002444885140927,0.0002872020796154,True,False,2.5346931328777832e-05,2.5346931328778604e-05,0.000906698754956,0.0001975903808248,0.9999999996787664,,,600,6.402406931570945e-14,0.8515214514808228,0.0002444885140927,0.0002872020796154,True,False,2.5346931328777832e-05,2.5346931328778604e-05,0.000906698754956,0.0001975903808248,0.9999999996787664,,
LMEDGE_VLOW,0.02,0.12,0.1199759975995198,True,,longwave_map10_N301,301,0.8066308570431597,0.8109694838349029,151,600,8.408661140480268e-14,0.8068967879228098,False,600,8.408661140480268e-14,0.8068967879228098,0.0002659308796501,0.0003296810149625,True,False,3.368535721401241e-05,3.3685357214008e-05,0.0009782494048743,0.000221185696685,0.9999999994326484,,,600,8.408661140480268e-14,0.8068967879228098,0.0002659308796501,0.0003296810149625,True,False,3.368535721401241e-05,3.3685357214008e-05,0.0009782494048743,0.000221185696685,0.9999999994326484,,,600,8.408661140480268e-14,0.8068967879228098,0.0002659308796501,0.0003296810149625,True,False,3.368535721401241e-05,3.3685357214008e-05,0.0009782494048743,0.000221185696685,0.9999999994326484,,
LMEDGE_LOW,0.02,0.155,0.1549689968993798,True,,standard_N301,301,0.7571662569924461,0.7435237429673394,153,601,6.184440652885107e-14,0.7572212092830393,False,601,6.184440652885107e-14,0.7572212092830393,5.495229059315765e-05,7.257625400719076e-05,True,False,5.849578505845445e-05,5.84957850584557e-05,0.0002768289565096,7.181463927940487e-05,0.9999999982891216,,,601,6.184440652885107e-14,0.7572212092830393,5.495229059315765e-05,7.257625400719076e-05,True,False,5.849578505845445e-05,5.84957850584557e-05,0.0002768289565096,7.181463927940487e-05,0.9999999982891216,,,601,6.184440652885107e-14,0.7572212092830393,5.495229059315765e-05,7.257625400719076e-05,True,False,5.849578505845445e-05,5.84957850584557e-05,0.0002768289565096,7.181463927940487e-05,0.9999999982891216,,
LMEDGE_LOW,0.02,0.26,0.2599479947989597,True,,standard_N301,301,0.6230435077651946,0.6230342076057203,1,601,-3.2651036393327825e-15,0.623103230134125,False,601,-3.2651036393327825e-15,0.623103230134125,5.972236893048155e-05,9.5855856270296e-05,True,False,5.9253214410459226e-05,5.925321441045791e-05,0.0003417462104938,8.087943061243178e-05,0.999999998244528,,,601,-3.2651036393327825e-15,0.623103230134125,5.972236893048155e-05,9.5855856270296e-05,True,False,5.9253214410459226e-05,5.925321441045791e-05,0.0003417462104938,8.087943061243178e-05,0.999999998244528,,,601,-3.2651036393327825e-15,0.623103230134125,5.972236893048155e-05,9.5855856270296e-05,True,False,5.9253214410459226e-05,5.925321441045791e-05,0.0003417462104938,8.087943061243178e-05,0.999999998244528,,
LMEDGE_LOW,0.02,0.365,0.3649269926985396,True,,standard_N301,301,0.5061694866668789,0.5138510309363671,151,601,-4.0572700004059766e-14,0.50624940302243,False,601,-4.0572700004059766e-14,0.50624940302243,7.991635555115728e-05,0.0001578845775105,True,False,5.8070632474298335e-05,5.807063247429909e-05,0.0004547440839388,9.756555471639102e-05,0.9999999983139012,,,601,-4.0572700004059766e-14,0.50624940302243,7.991635555115728e-05,0.0001578845775105,True,False,5.8070632474298335e-05,5.807063247429909e-05,0.0004547440839388,9.756555471639102e-05,0.9999999983139012,,,601,-4.0572700004059766e-14,0.50624940302243,7.991635555115728e-05,0.0001578845775105,True,False,5.8070632474298335e-05,5.807063247429909e-05,0.0004547440839388,9.756555471639102e-05,0.9999999983139012,,
LMEDGE_MID,0.02,0.375,0.3749249924984996,True,,standard_N301,301,0.4957796853448045,0.4918635248315199,145,600,1.7648291522629653e-14,0.4958625496511447,False,600,1.7648291522629653e-14,0.4958625496511447,8.286430634019126e-05,0.000167139374181,True,False,5.700660674848525e-05,5.700660674848529e-05,0.0004686270620695,9.94991556481588e-05,0.9999999983751232,,,600,1.7648291522629653e-14,0.4958625496511447,8.286430634019126e-05,0.000167139374181,True,False,5.700660674848525e-05,5.700660674848529e-05,0.0004686270620695,9.94991556481588e-05,0.9999999983751232,,,600,1.7648291522629653e-14,0.4958625496511447,8.286430634019126e-05,0.000167139374181,True,False,5.700660674848525e-05,5.700660674848529e-05,0.0004686270620695,9.94991556481588e-05,0.9999999983751232,,
LMEDGE_MID,0.02,0.45,0.4499099909981995,True,,standard_N301,301,0.4214283647300583,0.4196852801281311,1,601,8.28138811941885e-15,0.4214794454537478,False,601,8.28138811941885e-15,0.4214794454537478,5.108072368953387e-05,0.0001212085563397,True,False,5.745724779056261e-05,5.74572477905578e-05,0.000513786706607,8.090789030286029e-05,0.9999999983493324,,,601,8.28138811941885e-15,0.4214794454537478,5.108072368953387e-05,0.0001212085563397,True,False,5.745724779056261e-05,5.74572477905578e-05,0.000513786706607,8.090789030286029e-05,0.9999999983493324,,,601,8.28138811941885e-15,0.4214794454537478,5.108072368953387e-05,0.0001212085563397,True,False,5.745724779056261e-05,5.74572477905578e-05,0.000513786706607,8.090789030286029e-05,0.9999999983493324,,
LMEDGE_MID,0.02,0.525,0.5248949894978995,True,,standard_N301,301,0.3525195415657027,0.3491051653484729,136,600,3.237531913980073e-15,0.3525828258776424,False,600,3.237531913980073e-15,0.3525828258776424,6.328431193963757e-05,0.0001795200108866,True,False,6.205170570647802e-05,6.205170570647718e-05,0.0006390425272587,9.441704566461628e-05,0.9999999980747932,,,600,3.237531913980073e-15,0.3525828258776424,6.328431193963757e-05,0.0001795200108866,True,False,6.205170570647802e-05,6.205170570647718e-05,0.0006390425272587,9.441704566461628e-05,0.9999999980747932,,,600,3.237531913980073e-15,0.3525828258776424,6.328431193963757e-05,0.0001795200108866,True,False,6.205170570647802e-05,6.205170570647718e-05,0.0006390425272587,9.441704566461628e-05,0.9999999980747932,,
LMEDGE_HIGH,0.02,0.5625,0.5623874887477495,True,,standard_N301,301,0.3198659270481253,0.3213092716652629,1,601,-4.3662935672106994e-14,0.3199171082566944,False,601,-4.3662935672106994e-14,0.3199171082566944,5.118120856917319e-05,0.0001600083167391,True,False,6.306178343847486e-05,6.306178343847131e-05,0.0006872714493133,8.764879557835992e-05,0.9999999980116056,,,601,-4.3662935672106994e-14,0.3199171082566944,5.118120856917319e-05,0.0001600083167391,True,False,6.306178343847486e-05,6.306178343847131e-05,0.0006872714493133,8.764879557835992e-05,0.9999999980116056,,,601,-4.3662935672106994e-14,0.3199171082566944,5.118120856917319e-05,0.0001600083167391,True,False,6.306178343847486e-05,6.306178343847131e-05,0.0006872714493133,8.764879557835992e-05,0.9999999980116056,,
LMEDGE_HIGH,0.02,0.6000000000000001,0.5998799879975995,True,,standard_N301,301,0.2882790710356141,0.2879768304791742,151,600,-9.580316837422864e-15,0.2883151249241544,False,600,-9.580316837422864e-15,0.2883151249241544,3.6053888540277246e-05,0.000125065924525,True,False,6.370732615125863e-05,6.370732615125695e-05,0.000740515587841,7.967702406281208e-05,0.999999997970688,,,600,-9.580316837422864e-15,0.2883151249241544,3.6053888540277246e-05,0.000125065924525,True,False,6.370732615125863e-05,6.370732615125695e-05,0.000740515587841,7.967702406281208e-05,0.999999997970688,,,600,-9.580316837422864e-15,0.2883151249241544,3.6053888540277246e-05,0.000125065924525,True,False,6.370732615125863e-05,6.370732615125695e-05,0.000740515587841,7.967702406281208e-05,0.999999997970688,,
LMEDGE_HIGH,0.02,0.6375000000000001,0.6373724872474494,True,,standard_N301,301,0.2576552948127834,0.2608439474891131,1,601,-2.009916424340732e-14,0.2576947988077107,False,601,-2.009916424340732e-14,0.2576947988077107,3.95039949273035e-05,0.0001533211066204,True,False,6.508606757194017e-05,6.508606757194388e-05,0.0008285926601691,8.295086492925811e-05,0.999999997881902,,,601,-2.009916424340732e-14,0.2576947988077107,3.95039949273035e-05,0.0001533211066204,True,False,6.508606757194017e-05,6.508606757194388e-05,0.0008285926601691,8.295086492925811e-05,0.999999997881902,,,601,-2.009916424340732e-14,0.2576947988077107,3.95039949273035e-05,0.0001533211066204,True,False,6.508606757194017e-05,6.508606757194388e-05,0.0008285926601691,8.295086492925811e-05,0.999999997881902,,
LMEDGE_NEUTRAL1,0.02,0.6687500000000001,0.6686162366223244,True,,standard_N301,301,0.2328299825969225,0.2291860575697181,1,601,-7.650193292740088e-14,0.2328739767811458,False,601,-7.650193292740088e-14,0.2328739767811458,4.399418422329493e-05,0.0001889541189351,True,False,6.630744359105346e-05,6.630744359104888e-05,0.0009137719090899,8.692373911910561e-05,0.9999999978016614,,,601,-7.650193292740088e-14,0.2328739767811458,4.399418422329493e-05,0.0001889541189351,True,False,6.630744359105346e-05,6.630744359104888e-05,0.0009137719090899,8.692373911910561e-05,0.9999999978016614,,,601,-7.650193292740088e-14,0.2328739767811458,4.399418422329493e-05,0.0001889541189351,True,False,6.630744359105346e-05,6.630744359104888e-05,0.0009137719090899,8.692373911910561e-05,0.9999999978016614,,
LMEDGE_NEUTRAL1,0.02,0.7250000000000001,0.7248549854970994,True,,standard_N301,301,0.1896157809242349,0.1913185882865785,146,600,3.7637581240316943e-14,0.1896609512395194,False,600,3.7637581240316943e-14,0.1896609512395194,4.5170315284420726e-05,0.0002382202317984,True,False,6.80516890366538e-05,6.80516890366509e-05,0.0010847171001453,8.953201775776888e-05,0.9999999976844838,,,600,3.7637581240316943e-14,0.1896609512395194,4.5170315284420726e-05,0.0002382202317984,True,False,6.80516890366538e-05,6.80516890366509e-05,0.0010847171001453,8.953201775776888e-05,0.9999999976844838,,,600,3.7637581240316943e-14,0.1896609512395194,4.5170315284420726e-05,0.0002382202317984,True,False,6.80516890366538e-05,6.80516890366509e-05,0.0010847171001453,8.953201775776888e-05,0.9999999976844838,,
LMEDGE_NEUTRAL1,0.02,0.78125,0.7810937343718742,True,,standard_N301,301,0.1481443714521531,0.1473145070157639,155,600,-1.1490264146539552e-15,0.1481591685981758,False,600,-1.1490264146539552e-15,0.1481591685981758,1.4797146022704766e-05,9.988328194759574e-05,True,False,6.7921663112141e-05,6.792166311213855e-05,0.0012638612500897,7.386885842511341e-05,0.9999999976933238,,,600,-1.1490264146539552e-15,0.1481591685981758,1.4797146022704766e-05,9.988328194759574e-05,True,False,6.7921663112141e-05,6.792166311213855e-05,0.0012638612500897,7.386885842511341e-05,0.9999999976933238,,,600,-1.1490264146539552e-15,0.1481591685981758,1.4797146022704766e-05,9.988328194759574e-05,True,False,6.7921663112141e-05,6.792166311213855e-05,0.0012638612500897,7.386885842511341e-05,0.9999999976933238,,
LMEDGE_NEUTRAL2,0.02,0.8150000000000001,0.8148369836967393,True,,standard_N301,301,0.123975910374665,0.1251281237916472,1,601,-1.022602980765485e-15,0.1240044874597769,False,601,-1.022602980765485e-15,0.1240044874597769,2.8577085111933243e-05,0.0002305051443104,True,False,6.949903241115305e-05,6.94990324111541e-05,0.0014446433841473,8.070064216417418e-05,0.999999997584942,,,601,-1.022602980765485e-15,0.1240044874597769,2.8577085111933243e-05,0.0002305051443104,True,False,6.949903241115305e-05,6.94990324111541e-05,0.0014446433841473,8.070064216417418e-05,0.999999997584942,,,601,-1.022602980765485e-15,0.1240044874597769,2.8577085111933243e-05,0.0002305051443104,True,False,6.949903241115305e-05,6.94990324111541e-05,0.0014446433841473,8.070064216417418e-05,0.999999997584942,,
LMEDGE_NEUTRAL2,0.02,0.8600000000000001,0.8598279827965593,True,,standard_N301,301,0.0925601833506692,0.0925661568327799,1,601,-1.5653258278813025e-15,0.0925971914702277,False,601,-1.5653258278813025e-15,0.0925971914702277,3.700811955857641e-05,0.0003998276388279,True,False,7.153963809419282e-05,7.153963809419758e-05,0.0017350223571586,8.705822242071723e-05,0.99999999744104,,,601,-1.5653258278813025e-15,0.0925971914702277,3.700811955857641e-05,0.0003998276388279,True,False,7.153963809419282e-05,7.153963809419758e-05,0.0017350223571586,8.705822242071723e-05,0.99999999744104,,,601,-1.5653258278813025e-15,0.0925971914702277,3.700811955857641e-05,0.0003998276388279,True,False,7.153963809419282e-05,7.153963809419758e-05,0.0017350223571586,8.705822242071723e-05,0.99999999744104,,
LMEDGE_NEUTRAL2,0.02,0.905,0.9048189818963792,True,,standard_N301,301,0.0620170141514215,0.070347302989223,1,601,9.447193801355079e-14,0.0620346132238824,False,601,9.447193801355079e-14,0.0620346132238824,1.7599072460926235e-05,0.0002837781325291,True,False,7.185709968864711e-05,7.185709968865228e-05,0.0021167882822789,7.690068660406462e-05,0.9999999974182788,,,601,9.447193801355079e-14,0.0620346132238824,1.7599072460926235e-05,0.0002837781325291,True,False,7.185709968864711e-05,7.185709968865228e-05,0.0021167882822789,7.690068660406462e-05,0.9999999974182788,,,601,9.447193801355079e-14,0.0620346132238824,1.7599072460926235e-05,0.0002837781325291,True,False,7.185709968864711e-05,7.185709968865228e-05,0.0021167882822789,7.690068660406462e-05,0.9999999974182788,,
LMEDGE_NEUTRAL3,0.02,0.9275,0.927314481446289,True,,near_neutral_N401,401,0.0470194681746285,0.0393766457668233,209,800,4.8231754515063807e-14,0.0470448976952081,False,800,4.8231754515063807e-14,0.0470448976952081,2.542952057966313e-05,0.0005085904115932,True,False,4.213046161166399e-05,4.2130461611654064e-05,0.0013959054048387,5.325668578901533e-05,0.999999999112512,,,800,4.8231754515063807e-14,0.0470448976952081,2.542952057966313e-05,0.0005085904115932,True,False,4.213046161166399e-05,4.2130461611654064e-05,0.0013959054048387,5.325668578901533e-05,0.999999999112512,,,800,4.8231754515063807e-14,0.0470448976952081,2.542952057966313e-05,0.0005085904115932,True,False,4.213046161166399e-05,4.2130461611654064e-05,0.0013959054048387,5.325668578901533e-05,0.999999999112512,,
LMEDGE_NEUTRAL3,0.02,0.95,0.9498099809961992,True,,near_neutral_N401,401,0.0322443650608169,0.0322273477333043,1,801,2.642671338161153e-13,0.0322325872568464,False,801,2.642671338161153e-13,0.0322325872568464,1.1777803970484946e-05,0.0002355560794096,True,False,4.149669798407467e-05,4.149669798407658e-05,0.0016137492219852,4.380795291792669e-05,0.9999999991390122,,,801,2.642671338161153e-13,0.0322325872568464,1.1777803970484946e-05,0.0002355560794096,True,False,4.149669798407467e-05,4.149669798407658e-05,0.0016137492219852,4.380795291792669e-05,0.9999999991390122,,,801,2.642671338161153e-13,0.0322325872568464,1.1777803970484946e-05,0.0002355560794096,True,False,4.149669798407467e-05,4.149669798407658e-05,0.0016137492219852,4.380795291792669e-05,0.9999999991390122,,
LMEDGE_NEUTRAL3,0.02,0.9725,0.9723054805461092,True,,near_neutral_N401,401,0.0176174660224941,0.0235593416401492,202,802,-2.4806286434378124e-13,0.0172157296706536,False,802,-2.4806286434378124e-13,0.0172157296706536,0.0004017363518405,0.0080347270368111,True,False,0.0001855551928368,0.0001855551928368,0.0025026231901278,0.0005201514159275,0.9999999827846348,,,802,-2.4806286434378124e-13,0.0172157296706536,0.0004017363518405,0.0080347270368111,True,False,0.0001855551928368,0.0001855551928368,0.0025026231901278,0.0005201514159275,0.9999999827846348,,,802,-2.4806286434378124e-13,0.0172157296706536,0.0004017363518405,0.0080347270368111,True,False,0.0001855551928368,0.0001855551928368,0.0025026231901278,0.0005201514159275,0.9999999827846348,,
ULTRALOW_M002_006_eta002_006,0.0399999999999999,0.025,0.0249799919935935,True,,longwave_map10_N301,301,0.9549044700570022,0.9583281375169018,142,601,-1.4727767862620557e-13,0.9551173194304576,False,601,-1.4727767862620557e-13,0.9551173194304576,0.0002128493734553,0.0002229012221951,True,False,1.0225248074233264e-05,1.0225248074236993e-05,0.0007693306866082,0.0001619719026651,0.999999999947722,,,601,-1.4727767862620557e-13,0.9551173194304576,0.0002128493734553,0.0002229012221951,True,False,1.0225248074233264e-05,1.0225248074236993e-05,0.0007693306866082,0.0001619719026651,0.999999999947722,,,601,-1.4727767862620557e-13,0.9551173194304576,0.0002128493734553,0.0002229012221951,True,False,1.0225248074233264e-05,1.0225248074236993e-05,0.0007693306866082,0.0001619719026651,0.999999999947722,,
ULTRALOW_M002_006_eta002_006,0.0399999999999999,0.04,0.0399679871897497,True,,longwave_map10_N301,301,0.9297341662392246,0.9319989086684428,148,601,3.3135828086413305e-14,0.9299464284263252,False,601,3.3135828086413305e-14,0.9299464284263252,0.0002122621871005,0.0002283041699534,True,False,1.4467289071146767e-05,1.4467289071149197e-05,0.0007907865850231,0.0001642007082445,0.9999999998953488,,,601,3.3135828086413305e-14,0.9299464284263252,0.0002122621871005,0.0002283041699534,True,False,1.4467289071146767e-05,1.4467289071149197e-05,0.0007907865850231,0.0001642007082445,0.9999999998953488,,,601,3.3135828086413305e-14,0.9299464284263252,0.0002122621871005,0.0002283041699534,True,False,1.4467289071146767e-05,1.4467289071149197e-05,0.0007907865850231,0.0001642007082445,0.9999999998953488,,
ULTRALOW_M002_006_eta002_006,0.0399999999999999,0.055,0.0549559823859059,True,,longwave_map10_N301,301,0.9052230427309496,0.9024732070095054,1,601,2.6394067831171313e-14,0.9054299512265264,False,601,2.6394067831171313e-14,0.9054299512265264,0.0002069084955769,0.0002285718389941,True,False,1.7779532125909603e-05,1.7779532125896813e-05,0.0008172725718742,0.0001639650516988,0.999999999841944,,,601,2.6394067831171313e-14,0.9054299512265264,0.0002069084955769,0.0002285718389941,True,False,1.7779532125909603e-05,1.7779532125896813e-05,0.0008172725718742,0.0001639650516988,0.999999999841944,,,601,2.6394067831171313e-14,0.9054299512265264,0.0002069084955769,0.0002285718389941,True,False,1.7779532125909603e-05,1.7779532125896813e-05,0.0008172725718742,0.0001639650516988,0.999999999841944,,
LMEDGE_VLOW,0.0399999999999999,0.06,0.0599519807846246,True,,longwave_map10_N301,301,0.8971924727250795,0.8978359658119196,170,600,3.6134898132849725e-14,0.8973979942803968,False,600,3.6134898132849725e-14,0.8973979942803968,0.0002055215553172,0.0002290718675927,True,False,1.8785499182136304e-05,1.878549918213606e-05,0.0008244057531935,0.0001636276118873,0.9999999998235524,,,600,3.6134898132849725e-14,0.8973979942803968,0.0002055215553172,0.0002290718675927,True,False,1.8785499182136304e-05,1.878549918213606e-05,0.0008244057531935,0.0001636276118873,0.9999999998235524,,,600,3.6134898132849725e-14,0.8973979942803968,0.0002055215553172,0.0002290718675927,True,False,1.8785499182136304e-05,1.878549918213606e-05,0.0008244057531935,0.0001636276118873,0.9999999998235524,,
LMEDGE_VLOW,0.0399999999999999,0.09,0.0899279711769369,True,,longwave_map10_N301,301,0.8503510922704711,0.8425085798220306,1,601,7.924666646631672e-14,0.8506049512794277,False,601,7.924666646631672e-14,0.8506049512794277,0.0002538590089565,0.0002985343480641,True,False,2.5377464248304626e-05,2.537746424830366e-05,0.0009160030778337,0.0002045334159342,0.9999999996779922,,,601,7.924666646631672e-14,0.8506049512794277,0.0002538590089565,0.0002985343480641,True,False,2.5377464248304626e-05,2.537746424830366e-05,0.0009160030778337,0.0002045334159342,0.9999999996779922,,,601,7.924666646631672e-14,0.8506049512794277,0.0002538590089565,0.0002985343480641,True,False,2.5377464248304626e-05,2.537746424830366e-05,0.0009160030778337,0.0002045334159342,0.9999999996779922,,
LMEDGE_VLOW,0.0399999999999999,0.12,0.1199039615692492,True,,longwave_map10_N301,301,0.8057932132601049,0.8011437903865386,140,601,6.581353626388718e-14,0.8060583099204788,False,601,6.581353626388718e-14,0.8060583099204788,0.0002650966603738,0.0003289884501525,True,False,3.365395377431516e-05,3.365395377430418e-05,0.0009776171794107,0.0002205034304229,0.9999999994337058,,,601,6.581353626388718e-14,0.8060583099204788,0.0002650966603738,0.0003289884501525,True,False,3.365395377431516e-05,3.365395377430418e-05,0.0009776171794107,0.0002205034304229,0.9999999994337058,,,601,6.581353626388718e-14,0.8060583099204788,0.0002650966603738,0.0003289884501525,True,False,3.365395377431516e-05,3.365395377430418e-05,0.0009776171794107,0.0002205034304229,0.9999999994337058,,
LMEDGE_LOW,0.0399999999999999,0.155,0.1548759503602802,True,,standard_N301,301,0.7564035746774913,0.776134832199556,149,601,2.0545446380902903e-14,0.7564655786146747,False,601,2.0545446380902903e-14,0.7564655786146747,6.200393718336361e-05,8.197203088285286e-05,True,False,5.844029270890952e-05,5.844029270891408e-05,0.000283484382654,7.491637282109542e-05,0.999999998292366,,,601,2.0545446380902903e-14,0.7564655786146747,6.200393718336361e-05,8.197203088285286e-05,True,False,5.844029270890952e-05,5.844029270891408e-05,0.000283484382654,7.491637282109542e-05,0.999999998292366,,,601,2.0545446380902903e-14,0.7564655786146747,6.200393718336361e-05,8.197203088285286e-05,True,False,5.844029270890952e-05,5.844029270891408e-05,0.000283484382654,7.491637282109542e-05,0.999999998292366,,
LMEDGE_LOW,0.0399999999999999,0.26,0.2597919167333734,True,,standard_N301,301,0.6224787252242542,0.6427439351631128,1,601,-9.154999066172778e-15,0.6225507238278152,False,601,-9.154999066172778e-15,0.6225507238278152,7.199860356099652e-05,0.0001156643603121,True,False,5.9251619525553294e-05,5.925161952555317e-05,0.000355158280848,8.762759691689958e-05,0.9999999982446226,,,601,-9.154999066172778e-15,0.6225507238278152,7.199860356099652e-05,0.0001156643603121,True,False,5.9251619525553294e-05,5.925161952555317e-05,0.000355158280848,8.762759691689958e-05,0.9999999982446226,,,601,-9.154999066172778e-15,0.6225507238278152,7.199860356099652e-05,0.0001156643603121,True,False,5.9251619525553294e-05,5.925161952555317e-05,0.000355158280848,8.762759691689958e-05,0.9999999982446226,,
LMEDGE_LOW,0.0399999999999999,0.365,0.3647078831064664,True,,standard_N301,301,0.5057599194432361,0.510454413213687,142,601,2.7929281229226758e-15,0.5058477912962964,False,601,2.7929281229226758e-15,0.5058477912962964,8.787185306036172e-05,0.0001737422236959,True,False,5.8293609429252017e-05,5.8293609429248974e-05,0.0004654985756685,0.0001037022495802,0.9999999983009276,,,601,2.7929281229226758e-15,0.5058477912962964,8.787185306036172e-05,0.0001737422236959,True,False,5.8293609429252017e-05,5.8293609429248974e-05,0.0004654985756685,0.0001037022495802,0.9999999983009276,,,601,2.7929281229226758e-15,0.5058477912962964,8.787185306036172e-05,0.0001737422236959,True,False,5.8293609429252017e-05,5.8293609429248974e-05,0.0004654985756685,0.0001037022495802,0.9999999983009276,,
LMEDGE_MID,0.0399999999999999,0.375,0.3746998799039038,True,,standard_N301,301,0.4953943576175779,0.5066681474258959,157,601,2.0090898108562238e-14,0.4954731762302034,False,601,2.0090898108562238e-14,0.4954731762302034,7.88186126255419e-05,0.0001591027661368,True,False,5.697398141539831e-05,5.69739814153997e-05,0.0004630078103553,9.658428527424191e-05,0.9999999983769828,,,601,2.0090898108562238e-14,0.4954731762302034,7.88186126255419e-05,0.0001591027661368,True,False,5.697398141539831e-05,5.69739814153997e-05,0.0004630078103553,9.658428527424191e-05,0.9999999983769828,,,601,2.0090898108562238e-14,0.4954731762302034,7.88186126255419e-05,0.0001591027661368,True,False,5.697398141539831e-05,5.69739814153997e-05,0.0004630078103553,9.658428527424191e-05,0.9999999983769828,,
LMEDGE_MID,0.0399999999999999,0.45,0.4496398558846847,True,,standard_N301,301,0.4211078344476343,0.4306227593813428,145,601,-1.0796394915241991e-14,0.421172239605261,False,601,-1.0796394915241991e-14,0.421172239605261,6.44051576267346e-05,0.0001529421975993,True,False,5.790254296296168e-05,5.790254296295731e-05,0.0005310248908449,8.993967704336033e-05,0.9999999983236478,,,601,-1.0796394915241991e-14,0.421172239605261,6.44051576267346e-05,0.0001529421975993,True,False,5.790254296296168e-05,5.790254296295731e-05,0.0005310248908449,8.993967704336033e-05,0.9999999983236478,,,601,-1.0796394915241991e-14,0.421172239605261,6.44051576267346e-05,0.0001529421975993,True,False,5.790254296296168e-05,5.790254296295731e-05,0.0005310248908449,8.993967704336033e-05,0.9999999983236478,,
LMEDGE_MID,0.0399999999999999,0.525,0.5245798318654654,True,,standard_N301,301,0.3522749521843578,0.3498192693735943,145,600,1.5371534086283432e-14,0.3523434098454132,False,600,1.5371534086283432e-14,0.3523434098454132,6.845766105545437e-05,0.0001943301975657,True,False,6.23154383066633e-05,6.231543830665547e-05,0.0006464484246842,9.846699905766452e-05,0.999999998058393,,,600,1.5371534086283432e-14,0.3523434098454132,6.845766105545437e-05,0.0001943301975657,True,False,6.23154383066633e-05,6.231543830665547e-05,0.0006464484246842,9.846699905766452e-05,0.999999998058393,,,600,1.5371534086283432e-14,0.3523434098454132,6.845766105545437e-05,0.0001943301975657,True,False,6.23154383066633e-05,6.231543830665547e-05,0.0006464484246842,9.846699905766452e-05,0.999999998058393,,
LMEDGE_HIGH,0.0399999999999999,0.5625,0.5620498198558558,True,,standard_N301,301,0.319651071118171,0.3231618408294013,149,600,-1.4935585049515083e-14,0.3197071570901029,False,600,-1.4935585049515083e-14,0.3197071570901029,5.608597193185183e-05,0.0001754599843374,True,False,6.329851842836364e-05,6.329851842836101e-05,0.0006940026461839,9.115179185879122e-05,0.999999997996649,,,600,-1.4935585049515083e-14,0.3197071570901029,5.608597193185183e-05,0.0001754599843374,True,False,6.329851842836364e-05,6.329851842836101e-05,0.0006940026461839,9.115179185879122e-05,0.999999997996649,,,600,-1.4935585049515083e-14,0.3197071570901029,5.608597193185183e-05,0.0001754599843374,True,False,6.329851842836364e-05,6.329851842836101e-05,0.0006940026461839,9.115179185879122e-05,0.999999997996649,,
LMEDGE_HIGH,0.0399999999999999,0.6000000000000001,0.5995198078462463,True,,standard_N301,301,0.2880842362837764,0.2877614883299345,1,601,-1.7644194544385792e-14,0.2881321052717482,False,601,-1.7644194544385792e-14,0.2881321052717482,4.786898797176642e-05,0.0001661631632097,True,False,6.427107625297825e-05,6.427107625297761e-05,0.000756143057325,8.704216047335667e-05,0.9999999979346142,,,601,-1.7644194544385792e-14,0.2881321052717482,4.786898797176642e-05,0.0001661631632097,True,False,6.427107625297825e-05,6.427107625297761e-05,0.000756143057325,8.704216047335667e-05,0.9999999979346142,,,601,-1.7644194544385792e-14,0.2881321052717482,4.786898797176642e-05,0.0001661631632097,True,False,6.427107625297825e-05,6.427107625297761e-05,0.000756143057325,8.704216047335667e-05,0.9999999979346142,,
LMEDGE_HIGH,0.0399999999999999,0.6375000000000001,0.6369897958366366,True,,standard_N301,301,0.2574978781576966,0.2559157249427551,1,601,-1.950732416666775e-14,0.2575364443641324,False,601,-1.950732416666775e-14,0.2575364443641324,3.856620643577502e-05,0.0001497729096321,True,False,6.499875130047339e-05,6.499875130047323e-05,0.0008271599552432,8.235051716773132e-05,0.9999999978875812,,,601,-1.950732416666775e-14,0.2575364443641324,3.856620643577502e-05,0.0001497729096321,True,False,6.499875130047339e-05,6.499875130047323e-05,0.0008271599552432,8.235051716773132e-05,0.9999999978875812,,,601,-1.950732416666775e-14,0.2575364443641324,3.856620643577502e-05,0.0001497729096321,True,False,6.499875130047339e-05,6.499875130047323e-05,0.0008271599552432,8.235051716773132e-05,0.9999999978875812,,
LMEDGE_NEUTRAL1,0.0399999999999999,0.6687500000000001,0.6682147858286287,True,,standard_N301,301,0.2326952865302601,0.2346961507570343,1,601,-7.869946615426709e-14,0.2327346155307995,False,601,-7.869946615426709e-14,0.2327346155307995,3.932900053943422e-05,0.000169015028735,True,False,6.597829359505702e-05,6.59782935950568e-05,0.0009071618223385,8.378842236723945e-05,0.9999999978234324,,,601,-7.869946615426709e-14,0.2327346155307995,3.932900053943422e-05,0.000169015028735,True,False,6.597829359505702e-05,6.59782935950568e-05,0.0009071618223385,8.378842236723945e-05,0.9999999978234324,,,601,-7.869946615426709e-14,0.2327346155307995,3.932900053943422e-05,0.000169015028735,True,False,6.597829359505702e-05,6.59782935950568e-05,0.0009071618223385,8.378842236723945e-05,0.9999999978234324,,
LMEDGE_NEUTRAL1,0.0399999999999999,0.7250000000000001,0.7244197678142142,True,,standard_N301,301,0.1895103561230998,0.189830699213137,151,601,4.0752787588166556e-14,0.1895526000393528,False,601,4.0752787588166556e-14,0.1895526000393528,4.224391625301527e-05,0.0002229108588956,True,False,6.778955484737104e-05,6.778955484737151e-05,0.0010803281228735,8.739191347829903e-05,0.9999999977022884,,,601,4.0752787588166556e-14,0.1895526000393528,4.224391625301527e-05,0.0002229108588956,True,False,6.778955484737104e-05,6.778955484737151e-05,0.0010803281228735,8.739191347829903e-05,0.9999999977022884,,,601,4.0752787588166556e-14,0.1895526000393528,4.224391625301527e-05,0.0002229108588956,True,False,6.778955484737104e-05,6.778955484737151e-05,0.0010803281228735,8.739191347829903e-05,0.9999999977022884,,
LMEDGE_NEUTRAL1,0.0399999999999999,0.78125,0.7806247497997998,True,,standard_N301,301,0.1480598919572944,0.1414856488856484,1,601,3.50922220901333e-15,0.1480782474593233,False,601,3.50922220901333e-15,0.1480782474593233,1.835550202883285e-05,0.0001239734933355,True,False,6.800064371329244e-05,6.800064371329487e-05,0.0012674521668767,7.511088427876625e-05,0.9999999976879562,,,601,3.50922220901333e-15,0.1480782474593233,1.835550202883285e-05,0.0001239734933355,True,False,6.800064371329244e-05,6.800064371329487e-05,0.0012674521668767,7.511088427876625e-05,0.9999999976879562,,,601,3.50922220901333e-15,0.1480782474593233,1.835550202883285e-05,0.0001239734933355,True,False,6.800064371329244e-05,6.800064371329487e-05,0.0012674521668767,7.511088427876625e-05,0.9999999976879562,,
LMEDGE_NEUTRAL2,0.0399999999999999,0.8150000000000001,0.8143477389911512,True,,standard_N301,301,0.1239185606646685,0.1246081527768315,157,601,7.954571051361032e-15,0.1239385184850104,False,601,7.954571051361032e-15,0.1239385184850104,1.995782034190652e-05,0.0001610559405698,True,False,6.90067758972019e-05,6.900677589720335e-05,0.0014340054787694,7.629794457634926e-05,0.9999999976190322,,,601,7.954571051361032e-15,0.1239385184850104,1.995782034190652e-05,0.0001610559405698,True,False,6.90067758972019e-05,6.900677589720335e-05,0.0014340054787694,7.629794457634926e-05,0.9999999976190322,,,601,7.954571051361032e-15,0.1239385184850104,1.995782034190652e-05,0.0001610559405698,True,False,6.90067758972019e-05,6.900677589720335e-05,0.0014340054787694,7.629794457634926e-05,0.9999999976190322,,
LMEDGE_NEUTRAL2,0.0399999999999999,0.8600000000000001,0.8593117245796197,True,,standard_N301,301,0.0925184211555553,0.0841974606984861,1,601,3.092918887630045e-15,0.0925495966658961,False,601,3.092918887630045e-15,0.0925495966658961,3.117551034080568e-05,0.0003369654383572,True,False,7.103513864992035e-05,7.103513864992395e-05,0.0017276344408041,8.312845973705354e-05,0.9999999974770044,,,601,3.092918887630045e-15,0.0925495966658961,3.117551034080568e-05,0.0003369654383572,True,False,7.103513864992035e-05,7.103513864992395e-05,0.0017276344408041,8.312845973705354e-05,0.9999999974770044,,,601,3.092918887630045e-15,0.0925495966658961,3.117551034080568e-05,0.0003369654383572,True,False,7.103513864992035e-05,7.103513864992395e-05,0.0017276344408041,8.312845973705354e-05,0.9999999974770044,,
LMEDGE_NEUTRAL2,0.0399999999999999,0.905,0.904275710168088,True,,standard_N301,301,0.0619865628351434,0.0584783135386492,147,601,-2.9901644090334764e-14,0.0620037790329113,False,601,-2.9901644090334764e-14,0.0620037790329113,1.72161977678581e-05,0.0002777408034971,True,False,7.17877548313871e-05,7.178775483138825e-05,0.0021152550689012,7.66989191322712e-05,0.999999997423259,,,601,-2.9901644090334764e-14,0.0620037790329113,1.72161977678581e-05,0.0002777408034971,True,False,7.17877548313871e-05,7.178775483138825e-05,0.0021152550689012,7.66989191322712e-05,0.999999997423259,,,601,-2.9901644090334764e-14,0.0620037790329113,1.72161977678581e-05,0.0002777408034971,True,False,7.17877548313871e-05,7.178775483138825e-05,0.0021152550689012,7.66989191322712e-05,0.999999997423259,,
LMEDGE_NEUTRAL3,0.0399999999999999,0.9275,0.9267577029623224,True,,near_neutral_N401,401,0.0470194681746285,0.0446834209319331,192,800,4.136822136641072e-15,0.0470218994979953,False,800,4.136822136641072e-15,0.0470218994979953,2.431323366879068e-06,4.862646733758136e-05,True,False,4.065116222703313e-05,4.065116222703017e-05,0.0013765934062476,4.13740874048954e-05,0.9999999991737416,,,800,4.136822136641072e-15,0.0470218994979953,2.431323366879068e-06,4.862646733758136e-05,True,False,4.065116222703313e-05,4.065116222703017e-05,0.0013765934062476,4.13740874048954e-05,0.9999999991737416,,,800,4.136822136641072e-15,0.0470218994979953,2.431323366879068e-06,4.862646733758136e-05,True,False,4.065116222703313e-05,4.065116222703017e-05,0.0013765934062476,4.13740874048954e-05,0.9999999991737416,,
LMEDGE_NEUTRAL3,0.0399999999999999,0.95,0.9492396957565564,True,,near_neutral_N401,401,0.0322298183567203,0.0278980752836605,1,801,-5.446063582613808e-13,0.032217025318837,False,801,-5.446063582613808e-13,0.032217025318837,1.279303788336017e-05,0.0002558607576672,True,False,4.152175495552033e-05,4.152175495551898e-05,0.0016123235088766,4.421550026545871e-05,0.999999999137972,,,801,-5.446063582613808e-13,0.032217025318837,1.279303788336017e-05,0.0002558607576672,True,False,4.152175495552033e-05,4.152175495551898e-05,0.0016123235088766,4.421550026545871e-05,0.999999999137972,,,801,-5.446063582613808e-13,0.032217025318837,1.279303788336017e-05,0.0002558607576672,True,False,4.152175495552033e-05,4.152175495551898e-05,0.0016123235088766,4.421550026545871e-05,0.999999999137972,,
LMEDGE_NEUTRAL3,0.0399999999999999,0.9725,0.9717216885507908,True,,near_neutral_N401,401,0.0176131877657346,0.0161606173598798,3,804,-1.7424680666423816e-12,0.0172066375431392,False,804,-1.7424680666423816e-12,0.0172066375431392,0.0004065502225954,0.008131004451909,True,False,0.0001873521528619,0.0001873521528619,0.0025111369579387,0.0005264243710453,0.9999999824495854,,,804,-1.7424680666423816e-12,0.0172066375431392,0.0004065502225954,0.008131004451909,True,False,0.0001873521528619,0.0001873521528619,0.0025111369579387,0.0005264243710453,0.9999999824495854,,,804,-1.7424680666423816e-12,0.0172066375431392,0.0004065502225954,0.008131004451909,True,False,0.0001873521528619,0.0001873521528619,0.0025111369579387,0.0005264243710453,0.9999999824495854,,
ETAEDGE_LM,0.05,0.025,0.0249687304442977,True,,longwave_map10_N301,301,0.954095893992024,0.951578749507208,169,601,1.699219506632575e-13,0.954286394802853,False,601,1.699219506632575e-13,0.954286394802853,0.0001905008108289,0.0001996663144957,True,False,1.0236491577622244e-05,1.023649157761688e-05,0.0007509833485466,0.0001472261466734,0.999999999947607,,,601,1.699219506632575e-13,0.954286394802853,0.0001905008108289,0.0001996663144957,True,False,1.0236491577622244e-05,1.023649157761688e-05,0.0007509833485466,0.0001472261466734,0.999999999947607,,,601,1.699219506632575e-13,0.954286394802853,0.0001905008108289,0.0001996663144957,True,False,1.0236491577622244e-05,1.023649157761688e-05,0.0007509833485466,0.0001472261466734,0.999999999947607,,
ETAEDGE_LM,0.05,0.04,0.0399499687108763,True,,longwave_map10_N301,301,0.9289471868117776,0.928480227932896,1,601,-5.2621125499177846e-14,0.9291515033250553,False,601,-5.2621125499177846e-14,0.9291515033250553,0.0002043165132774,0.0002199441649408,True,False,1.4465511763041644e-05,1.44655117630417e-05,0.0007841366107722,0.0001589596829437,0.9999999998953744,,,601,-5.2621125499177846e-14,0.9291515033250553,0.0002043165132774,0.0002199441649408,True,False,1.4465511763041644e-05,1.44655117630417e-05,0.0007841366107722,0.0001589596829437,0.9999999998953744,,,601,-5.2621125499177846e-14,0.9291515033250553,0.0002043165132774,0.0002199441649408,True,False,1.4465511763041644e-05,1.44655117630417e-05,0.0007841366107722,0.0001589596829437,0.9999999998953744,,
ETAEDGE_LM,0.05,0.055,0.0549312069774549,True,,longwave_map10_N301,301,0.9044545452144196,0.9043694929802968,1,601,3.367786777336748e-14,0.9046694902565626,False,601,3.367786777336748e-14,0.9046694902565626,0.000214945042143,0.0002376515694241,True,False,1.7778192767424746e-05,1.777819276742911e-05,0.0008242989776665,0.0001696026080684,0.999999999841968,,,601,3.367786777336748e-14,0.9046694902565626,0.000214945042143,0.0002376515694241,True,False,1.7778192767424746e-05,1.777819276742911e-05,0.0008242989776665,0.0001696026080684,0.999999999841968,,,601,3.367786777336748e-14,0.9046694902565626,0.000214945042143,0.0002376515694241,True,False,1.7778192767424746e-05,1.777819276742911e-05,0.0008242989776665,0.0001696026080684,0.999999999841968,,
LOWM_EXT_VLOW_EXTREME,0.05,0.05875,0.0586765165440996,True,,longwave_map10_N301,301,0.8984360572976507,0.8985509635601611,179,601,5.4010101767535164e-14,0.8986474600525794,False,601,5.4010101767535164e-14,0.8986474600525794,0.0002114027549287,0.0002353008355036,True,False,1.852153995620028e-05,1.852153995620063e-05,0.0008287234639658,0.0001672671731148,0.999999999828476,,,601,5.4010101767535164e-14,0.8986474600525794,0.0002114027549287,0.0002353008355036,True,False,1.852153995620028e-05,1.852153995620063e-05,0.0008287234639658,0.0001672671731148,0.999999999828476,,,601,5.4010101767535164e-14,0.8986474600525794,0.0002114027549287,0.0002353008355036,True,False,1.852153995620028e-05,1.852153995620063e-05,0.0008287234639658,0.0001672671731148,0.999999999828476,,
LOWM_EXT_VLOW_EXTREME,0.05,0.0849999999999999,0.0848936835106122,True,,longwave_map10_N301,301,0.8572944511007865,0.8528581507730342,1,601,-5.998610290091401e-14,0.8575463875854787,False,601,-5.998610290091401e-14,0.8575463875854787,0.0002519364846922,0.0002938739243777,True,False,2.422290949966356e-05,2.42229094996549e-05,0.0009059330402267,0.0002019467930377,0.9999999997066252,,,601,-5.998610290091401e-14,0.8575463875854787,0.0002519364846922,0.0002938739243777,True,False,2.422290949966356e-05,2.42229094996549e-05,0.0009059330402267,0.0002019467930377,0.9999999997066252,,,601,-5.998610290091401e-14,0.8575463875854787,0.0002519364846922,0.0002938739243777,True,False,2.422290949966356e-05,2.42229094996549e-05,0.0009059330402267,0.0002019467930377,0.9999999997066252,,
LOWM_EXT_VLOW_EXTREME,0.05,0.11125,0.1111108504771248,True,,longwave_map10_N301,301,0.817934756658679,0.814575828286109,1,601,2.927367165486686e-14,0.8181867970895986,False,601,2.927367165486686e-14,0.8181867970895986,0.0002520404309196,0.0003081424635251,True,False,3.1031507757608205e-05,3.103150775761596e-05,0.0009489801613097,0.0002090741162423,0.999999999518523,,,601,2.927367165486686e-14,0.8181867970895986,0.0002520404309196,0.0003081424635251,True,False,3.1031507757608205e-05,3.103150775761596e-05,0.0009489801613097,0.0002090741162423,0.999999999518523,,,601,2.927367165486686e-14,0.8181867970895986,0.0002520404309196,0.0003081424635251,True,False,3.1031507757608205e-05,3.103150775761596e-05,0.0009489801613097,0.0002090741162423,0.999999999518523,,
LOWM_EXT_VLOW_MOD,0.05,0.1362499999999999,0.1360795809214225,True,,standard_N301,301,0.7819358787906595,0.7858684775970941,146,600,7.318400518150298e-15,0.7819971031644187,False,600,7.318400518150298e-15,0.7819971031644187,6.122437375921663e-05,7.829845824942338e-05,True,False,5.900628443449738e-05,5.900628443449521e-05,0.0002743164937691,7.379809873376158e-05,0.9999999982591292,,,600,7.318400518150298e-15,0.7819971031644187,6.122437375921663e-05,7.829845824942338e-05,True,False,5.900628443449738e-05,5.900628443449521e-05,0.0002743164937691,7.379809873376158e-05,0.9999999982591292,,,600,7.318400518150298e-15,0.7819971031644187,6.122437375921663e-05,7.829845824942338e-05,True,False,5.900628443449738e-05,5.900628443449521e-05,0.0002743164937691,7.379809873376158e-05,0.9999999982591292,,
LOWM_EXT_VLOW_MOD,0.05,0.185,0.1847686052878031,True,,standard_N301,301,0.7155690732168456,0.7177401195444333,1,601,4.4027688758203946e-15,0.7156349917291377,False,601,4.4027688758203946e-15,0.7156349917291377,6.591851229209578e-05,9.212040424799056e-05,True,False,5.7901260580914384e-05,5.7901260580919696e-05,0.0003017948028557,7.840503921416998e-05,0.9999999983237222,,,601,4.4027688758203946e-15,0.7156349917291377,6.591851229209578e-05,9.212040424799056e-05,True,False,5.7901260580914384e-05,5.7901260580919696e-05,0.0003017948028557,7.840503921416998e-05,0.9999999983237222,,,601,4.4027688758203946e-15,0.7156349917291377,6.591851229209578e-05,9.212040424799056e-05,True,False,5.7901260580914384e-05,5.7901260580919696e-05,0.0003017948028557,7.840503921416998e-05,0.9999999983237222,,
LOWM_EXT_VLOW_MOD,0.05,0.23375,0.2334576296541837,True,,standard_N301,301,0.6537151516728651,0.6586746141854455,153,601,3.109372501299384e-14,0.6537785986529152,False,601,3.109372501299384e-14,0.6537785986529152,6.344698005011917e-05,9.705600350207209e-05,True,False,5.839792840493758e-05,5.839792840493703e-05,0.0003277710217826,8.083376271507322e-05,0.9999999982948408,,,601,3.109372501299384e-14,0.6537785986529152,6.344698005011917e-05,9.705600350207209e-05,True,False,5.839792840493758e-05,5.839792840493703e-05,0.0003277710217826,8.083376271507322e-05,0.9999999982948408,,,601,3.109372501299384e-14,0.6537785986529152,6.344698005011917e-05,9.705600350207209e-05,True,False,5.839792840493758e-05,5.839792840493703e-05,0.0003277710217826,8.083376271507322e-05,0.9999999982948408,,
LOWM_EXT_LOW,0.05,0.26875,0.2684138522762005,True,,standard_N301,301,0.6117769269289385,0.6105019634230185,154,601,3.9233071982511056e-15,0.611830036319127,False,601,3.9233071982511056e-15,0.611830036319127,5.310939018854377e-05,8.681169205767177e-05,True,False,5.952568507178495e-05,5.952568507178526e-05,0.0003409004524886,7.84039192422989e-05,0.9999999982283464,,,601,3.9233071982511056e-15,0.611830036319127,5.310939018854377e-05,8.681169205767177e-05,True,False,5.952568507178495e-05,5.952568507178526e-05,0.0003409004524886,7.84039192422989e-05,0.9999999982283464,,,601,3.9233071982511056e-15,0.611830036319127,5.310939018854377e-05,8.681169205767177e-05,True,False,5.952568507178495e-05,5.952568507178526e-05,0.0003409004524886,7.84039192422989e-05,0.9999999982283464,,
LOWM_EXT_LOW,0.05,0.325,0.3245934957758704,True,,standard_N301,301,0.5481379318840814,0.5472942270703312,149,600,2.2025150235935162e-14,0.5482229598441151,False,600,2.2025150235935162e-14,0.5482229598441151,8.502796003362345e-05,0.0001551214668566,True,False,6.223374498534079e-05,6.223374498534232e-05,0.0004238395513633,0.0001020696227007,0.9999999980634804,,,600,2.2025150235935162e-14,0.5482229598441151,8.502796003362345e-05,0.0001551214668566,True,False,6.223374498534079e-05,6.223374498534232e-05,0.0004238395513633,0.0001020696227007,0.9999999980634804,,,600,2.2025150235935162e-14,0.5482229598441151,8.502796003362345e-05,0.0001551214668566,True,False,6.223374498534079e-05,6.223374498534232e-05,0.0004238395513633,0.0001020696227007,0.9999999980634804,,
LOWM_EXT_MID,0.05,0.375,0.3745309566644658,True,,standard_N301,301,0.4950998670564702,0.4887535539859374,155,601,8.808248745448955e-14,0.4951814289715231,False,601,8.808248745448955e-14,0.4951814289715231,8.156191505287458e-05,0.000164738309339,True,False,5.7086029082984544e-05,5.708602908298232e-05,0.0004670970191462,9.866079126446108e-05,0.9999999983705926,,,601,8.808248745448955e-14,0.4951814289715231,8.156191505287458e-05,0.000164738309339,True,False,5.7086029082984544e-05,5.708602908298232e-05,0.0004670970191462,9.866079126446108e-05,0.9999999983705926,,,601,8.808248745448955e-14,0.4951814289715231,8.156191505287458e-05,0.000164738309339,True,False,5.7086029082984544e-05,5.708602908298232e-05,0.0004670970191462,9.866079126446108e-05,0.9999999983705926,,
LOWM_EXT_LOW,0.05,0.38125,0.3807731392755403,True,,standard_N301,301,0.488681921441822,0.4930330655267597,1,601,-6.625469611912477e-14,0.4887618949028961,False,601,-6.625469611912477e-14,0.4887618949028961,7.997346107413428e-05,0.0001636513600465,True,False,5.6818342386805096e-05,5.681834238680474e-05,0.0004715024705585,9.761962875012052e-05,0.999999998385838,,,601,-6.625469611912477e-14,0.4887618949028961,7.997346107413428e-05,0.0001636513600465,True,False,5.6818342386805096e-05,5.681834238680474e-05,0.0004715024705585,9.761962875012052e-05,0.999999998385838,,,601,-6.625469611912477e-14,0.4887618949028961,7.997346107413428e-05,0.0001636513600465,True,False,5.6818342386805096e-05,5.681834238680474e-05,0.0004715024705585,9.761962875012052e-05,0.999999998385838,,
LOWM_EXT_MID,0.05,0.45,0.449437147997359,True,,standard_N301,301,0.4208740862597067,0.3982411926660449,142,601,-1.3401883171424711e-14,0.4209419977163677,False,601,-1.3401883171424711e-14,0.4209419977163677,6.791145666101839e-05,0.0001613581327007,True,False,5.80181572051149e-05,5.801815720511327e-05,0.0005357835741195,9.25296169812674e-05,0.9999999983169467,,,601,-1.3401883171424711e-14,0.4209419977163677,6.791145666101839e-05,0.0001613581327007,True,False,5.80181572051149e-05,5.801815720511327e-05,0.0005357835741195,9.25296169812674e-05,0.9999999983169467,,,601,-1.3401883171424711e-14,0.4209419977163677,6.791145666101839e-05,0.0001613581327007,True,False,5.80181572051149e-05,5.801815720511327e-05,0.0005357835741195,9.25296169812674e-05,0.9999999983169467,,
LOWM_EXT_MID,0.05,0.525,0.5243433393302522,True,,standard_N301,301,0.3520903470014344,0.3418540626458937,158,601,-6.307468723568985e-15,0.35216393401097,False,601,-6.307468723568985e-15,0.35216393401097,7.358700953563613e-05,0.0002090003607379,True,False,6.260689866188486e-05,6.260689866188632e-05,0.0006539837697502,0.0001026489892918,0.999999998040188,,,601,-6.307468723568985e-15,0.35216393401097,7.358700953563613e-05,0.0002090003607379,True,False,6.260689866188486e-05,6.260689866188632e-05,0.0006539837697502,0.0001026489892918,0.999999998040188,,,601,-6.307468723568985e-15,0.35216393401097,7.358700953563613e-05,0.0002090003607379,True,False,6.260689866188486e-05,6.260689866188632e-05,0.0006539837697502,0.0001026489892918,0.999999998040188,,
LOWM_EXT_HIGH,0.05,0.5625,0.5617964349966987,True,,standard_N301,301,0.3195021300004704,0.3207577003604851,1,601,-5.168794672205775e-15,0.3195497534980971,False,601,-5.168794672205775e-15,0.3195497534980971,4.762349762671425e-05,0.0001490553368975,True,False,6.281053250699343e-05,6.281053250699285e-05,0.0006822917403134,8.520254783818839e-05,0.9999999980274182,,,601,-5.168794672205775e-15,0.3195497534980971,4.762349762671425e-05,0.0001490553368975,True,False,6.281053250699343e-05,6.281053250699285e-05,0.0006822917403134,8.520254783818839e-05,0.9999999980274182,,,601,-5.168794672205775e-15,0.3195497534980971,4.762349762671425e-05,0.0001490553368975,True,False,6.281053250699343e-05,6.281053250699285e-05,0.0006822917403134,8.520254783818839e-05,0.9999999980274182,,
LOWM_EXT_HIGH,0.05,0.6000000000000001,0.5992495306631455,True,,standard_N301,301,0.2879471942205966,0.2854992716916603,1,601,-1.8436735702050435e-14,0.2879948798759382,False,601,-1.8436735702050435e-14,0.2879948798759382,4.768565534157832e-05,0.0001656055565002,True,False,6.423198587438929e-05,6.423198587439109e-05,0.0007557937654922,8.690261443542333e-05,0.999999997937126,,,601,-1.8436735702050435e-14,0.2879948798759382,4.768565534157832e-05,0.0001656055565002,True,False,6.423198587438929e-05,6.423198587439109e-05,0.0007557937654922,8.690261443542333e-05,0.999999997937126,,,601,-1.8436735702050435e-14,0.2879948798759382,4.768565534157832e-05,0.0001656055565002,True,False,6.423198587438929e-05,6.423198587439109e-05,0.0007557937654922,8.690261443542333e-05,0.999999997937126,,
LOWM_EXT_HIGH,0.05,0.6375000000000001,0.6367026263295921,True,,standard_N301,301,0.257380465467869,0.2552294940131366,1,601,-2.4520419053882415e-14,0.2574177023181383,False,601,-2.4520419053882415e-14,0.2574177023181383,3.723685026929546e-05,0.0001446762876957,True,False,6.490214184510697e-05,6.49021418451066e-05,0.000825261096007,8.15316497213908e-05,0.999999997893856,,,601,-2.4520419053882415e-14,0.2574177023181383,3.723685026929546e-05,0.0001446762876957,True,False,6.490214184510697e-05,6.49021418451066e-05,0.000825261096007,8.15316497213908e-05,0.999999997893856,,,601,-2.4520419053882415e-14,0.2574177023181383,3.723685026929546e-05,0.0001446762876957,True,False,6.490214184510697e-05,6.49021418451066e-05,0.000825261096007,8.15316497213908e-05,0.999999997893856,,
LOWM_EXT_NEUTRAL1,0.05,0.6687500000000001,0.6679135393849642,True,,standard_N301,301,0.23259863279876,0.2366451515347038,141,600,7.596250643817587e-15,0.2326301084985897,False,600,7.596250643817587e-15,0.2326301084985897,3.1475699829697223e-05,0.0001353219468702,True,False,6.553233495236421e-05,6.553233495236203e-05,0.0008966167570375,7.9127337455413e-05,0.9999999978527566,,,600,7.596250643817587e-15,0.2326301084985897,3.1475699829697223e-05,0.0001353219468702,True,False,6.553233495236421e-05,6.553233495236203e-05,0.0008966167570375,7.9127337455413e-05,0.9999999978527566,,,600,7.596250643817587e-15,0.2326301084985897,3.1475699829697223e-05,0.0001353219468702,True,False,6.553233495236421e-05,6.553233495236203e-05,0.0008966167570375,7.9127337455413e-05,0.9999999978527566,,
LOWM_EXT_NEUTRAL1,0.05,0.7250000000000001,0.7240931828846341,True,,standard_N301,301,0.1894183768645669,0.1980562239756458,1,601,3.799523023841268e-14,0.1894713384121162,False,601,3.799523023841268e-14,0.1894713384121162,5.296154754932947e-05,0.0002796008942004,True,False,6.862513312119609e-05,6.862513312119641e-05,0.0010950493679419,9.554552988189392e-05,0.9999999976452956,,,601,3.799523023841268e-14,0.1894713384121162,5.296154754932947e-05,0.0002796008942004,True,False,6.862513312119609e-05,6.862513312119641e-05,0.0010950493679419,9.554552988189392e-05,0.9999999976452956,,,601,3.799523023841268e-14,0.1894713384121162,5.296154754932947e-05,0.0002796008942004,True,False,6.862513312119609e-05,6.862513312119641e-05,0.0010950493679419,9.554552988189392e-05,0.9999999976452956,,
LOWM_EXT_NEUTRAL1,0.05,0.78125,0.7802728263843038,True,,standard_N301,301,0.1479828841409716,0.157293739379952,1,601,-7.638321053505359e-15,0.148017551865243,False,601,-7.638321053505359e-15,0.148017551865243,3.4667724271436606e-05,0.0002342684728215,True,False,6.882835883274093e-05,6.88283588327439e-05,0.0012869338235589,8.366057622003116e-05,0.9999999976313284,,,601,-7.638321053505359e-15,0.148017551865243,3.4667724271436606e-05,0.0002342684728215,True,False,6.882835883274093e-05,6.88283588327439e-05,0.0012869338235589,8.366057622003116e-05,0.9999999976313284,,,601,-7.638321053505359e-15,0.148017551865243,3.4667724271436606e-05,0.0002342684728215,True,False,6.882835883274093e-05,6.88283588327439e-05,0.0012869338235589,8.366057622003116e-05,0.9999999976313284,,
LOWM_EXT_NEUTRAL2,0.05,0.8150000000000001,0.8139806124841058,True,,standard_N301,301,0.1238458217766048,0.1177303554807155,1,601,-1.3912547683369302e-15,0.1238890351639207,False,601,-1.3912547683369302e-15,0.1238890351639207,4.321338731590185e-05,0.0003489289077014,True,False,7.051682217546821e-05,7.051682217546889e-05,0.0014614502353997,9.050774440543396e-05,0.999999997513689,,,601,-1.3912547683369302e-15,0.1238890351639207,4.321338731590185e-05,0.0003489289077014,True,False,7.051682217546821e-05,7.051682217546889e-05,0.0014614502353997,9.050774440543396e-05,0.999999997513689,,,601,-1.3912547683369302e-15,0.1238890351639207,4.321338731590185e-05,0.0003489289077014,True,False,7.051682217546821e-05,7.051682217546889e-05,0.0014614502353997,9.050774440543396e-05,0.999999997513689,,
LOWM_EXT_NEUTRAL2,0.05,0.8600000000000001,0.8589243272838418,True,,standard_N301,301,0.092475564929876,0.0827778839206072,154,601,3.590127367252686e-15,0.0925138933685384,False,601,3.590127367252686e-15,0.0925138933685384,3.83284386624716e-05,0.00041447098692,True,False,7.156112527779991e-05,7.156112527780144e-05,0.001734955033955,8.793945569916554e-05,0.9999999974395026,,,601,3.590127367252686e-15,0.0925138933685384,3.83284386624716e-05,0.00041447098692,True,False,7.156112527779991e-05,7.156112527780144e-05,0.001734955033955,8.793945569916554e-05,0.9999999974395026,,,601,3.590127367252686e-15,0.0925138933685384,3.83284386624716e-05,0.00041447098692,True,False,7.156112527779991e-05,7.156112527780144e-05,0.001734955033955,8.793945569916554e-05,0.9999999974395026,,
LOWM_EXT_NEUTRAL2,0.05,0.905,0.9038680420835776,True,,standard_N301,301,0.0619636388551892,0.0572455154954382,1,601,2.1048255923065925e-14,0.0619806472576714,False,601,2.1048255923065925e-14,0.0619806472576714,1.7008402482233953e-05,0.0002744900524964,True,False,7.17394645309832e-05,7.173946453097742e-05,0.002114174319129,7.658108103408502e-05,0.9999999974267244,,,601,2.1048255923065925e-14,0.0619806472576714,1.7008402482233953e-05,0.0002744900524964,True,False,7.17394645309832e-05,7.173946453097742e-05,0.002114174319129,7.658108103408502e-05,0.9999999974267244,,,601,2.1048255923065925e-14,0.0619806472576714,1.7008402482233953e-05,0.0002744900524964,True,False,7.17394645309832e-05,7.173946453097742e-05,0.002114174319129,7.658108103408502e-05,0.9999999974267244,,
LOWM_EXT_NEUTRAL3,0.05,0.9275,0.9263398994834456,True,,near_neutral_N401,401,0.0469861341438837,0.0465463507838204,1,801,8.362119342742972e-14,0.0470046457617614,False,801,8.362119342742972e-14,0.0470046457617614,1.8511617877720044e-05,0.0003702323575544,True,False,4.139489607073647e-05,4.139489607073404e-05,0.0013884709111209,4.8101431631712806e-05,0.999999999143231,,,801,8.362119342742972e-14,0.0470046457617614,1.8511617877720044e-05,0.0003702323575544,True,False,4.139489607073647e-05,4.139489607073404e-05,0.0013884709111209,4.8101431631712806e-05,0.999999999143231,,,801,8.362119342742972e-14,0.0470046457617614,1.8511617877720044e-05,0.0003702323575544,True,False,4.139489607073647e-05,4.139489607073404e-05,0.0013884709111209,4.8101431631712806e-05,0.999999999143231,,
LOWM_EXT_NEUTRAL3,0.05,0.95,0.9488117568833134,True,,near_neutral_N401,401,0.0322195987916337,0.0262302720710681,201,801,1.5979853867512965e-15,0.0322053499700885,False,801,1.5979853867512965e-15,0.0322053499700885,1.4248821545118084e-05,0.0002849764309023,True,False,4.158790151264307e-05,4.158790151263994e-05,0.0016109527712588,4.487767466594027e-05,0.9999999991352232,,,801,1.5979853867512965e-15,0.0322053499700885,1.4248821545118084e-05,0.0002849764309023,True,False,4.158790151264307e-05,4.158790151263994e-05,0.0016109527712588,4.487767466594027e-05,0.9999999991352232,,,801,1.5979853867512965e-15,0.0322053499700885,1.4248821545118084e-05,0.0002849764309023,True,False,4.158790151264307e-05,4.158790151263994e-05,0.0016109527712588,4.487767466594027e-05,0.9999999991352232,,
LOWM_EXT_NEUTRAL3,0.05,0.9725,0.9712836142831814,True,,near_neutral_N401,401,0.017609971649486,0.014534942762344,3,804,-3.419264306316988e-13,0.0171998151479228,False,804,-3.419264306316988e-13,0.0171998151479228,0.0004101565015632,0.0082031300312646,True,False,0.0001886937251773,0.0001886937251773,0.0025175704246552,0.0005311255971281,0.999999982197339,,,804,-3.419264306316988e-13,0.0171998151479228,0.0004101565015632,0.0082031300312646,True,False,0.0001886937251773,0.0001886937251773,0.0025175704246552,0.0005311255971281,0.999999982197339,,,804,-3.419264306316988e-13,0.0171998151479228,0.0004101565015632,0.0082031300312646,True,False,0.0001886937251773,0.0001886937251773,0.0025175704246552,0.0005311255971281,0.999999982197339,,
ULTRALOW_M002_006_eta002_006,0.06,0.025,0.0249549594269355,True,,longwave_map10_N301,301,0.9530818135721772,0.9323685405875636,145,601,1.0536280344797368e-13,0.9532736399602996,False,601,1.0536280344797368e-13,0.9532736399602996,0.0001918263881223,0.0002012695923798,True,False,1.0223184859447555e-05,1.022318485944449e-05,0.0007521236916934,0.0001482152204324,0.9999999999477436,,,601,1.0536280344797368e-13,0.9532736399602996,0.0001918263881223,0.0002012695923798,True,False,1.0223184859447555e-05,1.022318485944449e-05,0.0007521236916934,0.0001482152204324,0.9999999999477436,,,601,1.0536280344797368e-13,0.9532736399602996,0.0001918263881223,0.0002012695923798,True,False,1.0223184859447555e-05,1.022318485944449e-05,0.0007521236916934,0.0001482152204324,0.9999999999477436,,
ULTRALOW_M002_006_eta002_006,0.06,0.04,0.0399279350830968,True,,longwave_map10_N301,301,0.9279754516192188,0.9186393933807404,155,600,1.278247761498258e-14,0.928182519422187,False,600,1.278247761498258e-14,0.928182519422187,0.0002070678029681,0.0002231393110743,True,False,1.4448492090392434e-05,1.4448492090383285e-05,0.0007865490650514,0.0001609272588126,0.9999999998956204,,,600,1.278247761498258e-14,0.928182519422187,0.0002070678029681,0.0002231393110743,True,False,1.4448492090392434e-05,1.4448492090383285e-05,0.0007865490650514,0.0001609272588126,0.9999999998956204,,,600,1.278247761498258e-14,0.928182519422187,0.0002070678029681,0.0002231393110743,True,False,1.4448492090392434e-05,1.4448492090383285e-05,0.0007865490650514,0.0001609272588126,0.9999999998956204,,
ULTRALOW_M002_006_eta002_006,0.06,0.055,0.0549009107392582,True,,longwave_map10_N301,301,0.9035318629666266,0.9016733446252884,1,601,7.40396560739531e-14,0.9037424180613348,False,601,7.40396560739531e-14,0.9037424180613348,0.0002105550947081,0.000233035605426,True,False,1.779850231192807e-05,1.779850231193915e-05,0.0008201479096218,0.0001667732199007,0.9999999998416066,,,601,7.40396560739531e-14,0.9037424180613348,0.0002105550947081,0.000233035605426,True,False,1.779850231192807e-05,1.779850231193915e-05,0.0008201479096218,0.0001667732199007,0.9999999998416066,,,601,7.40396560739531e-14,0.9037424180613348,0.0002105550947081,0.000233035605426,True,False,1.779850231192807e-05,1.779850231193915e-05,0.0008201479096218,0.0001667732199007,0.9999999998416066,,
LMEDGE_VLOW,0.06,0.06,0.0598919026246453,True,,longwave_map10_N301,301,0.895505445943131,0.895499284435561,142,601,7.455819748850502e-14,0.8957351868815062,False,601,7.455819748850502e-14,0.8957351868815062,0.0002297409383752,0.0002565489014232,True,False,1.875780774705032e-05,1.875780774704867e-05,0.0008463625678388,0.000180021086986,0.9999999998240728,,,601,7.455819748850502e-14,0.8957351868815062,0.0002297409383752,0.0002565489014232,True,False,1.875780774705032e-05,1.875780774704867e-05,0.0008463625678388,0.000180021086986,0.9999999998240728,,,601,7.455819748850502e-14,0.8957351868815062,0.0002297409383752,0.0002565489014232,True,False,1.875780774705032e-05,1.875780774704867e-05,0.0008463625678388,0.000180021086986,0.9999999998240728,,
LMEDGE_VLOW,0.06,0.09,0.089837853936968,True,,longwave_map10_N301,301,0.8488286758969625,0.8500408933653207,137,600,8.826451864305769e-14,0.8490831405306751,False,600,8.826451864305769e-14,0.8490831405306751,0.0002544646337125,0.0002997832671518,True,False,2.53844498616756e-05,2.5384449861677786e-05,0.0009166958539853,0.0002052127835056,0.9999999996778148,,,600,8.826451864305769e-14,0.8490831405306751,0.0002544646337125,0.0002997832671518,True,False,2.53844498616756e-05,2.5384449861677786e-05,0.0009166958539853,0.0002052127835056,0.9999999996778148,,,600,8.826451864305769e-14,0.8490831405306751,0.0002544646337125,0.0002997832671518,True,False,2.53844498616756e-05,2.5384449861677786e-05,0.0009166958539853,0.0002052127835056,0.9999999996778148,,
LMEDGE_VLOW,0.06,0.12,0.1197838052492907,True,,longwave_map10_N301,301,0.8043855871989004,0.8170074628716352,1,601,4.69941218372898e-14,0.8046656269309159,False,601,4.69941218372898e-14,0.8046656269309159,0.0002800397320155,0.0003481411607469,True,False,3.376626548594301e-05,3.376626548594076e-05,0.0009936124889758,0.0002316802656976,0.9999999994299196,,,601,4.69941218372898e-14,0.8046656269309159,0.0002800397320155,0.0003481411607469,True,False,3.376626548594301e-05,3.376626548594076e-05,0.0009936124889758,0.0002316802656976,0.9999999994299196,,,601,4.69941218372898e-14,0.8046656269309159,0.0002800397320155,0.0003481411607469,True,False,3.376626548594301e-05,3.376626548594076e-05,0.0009936124889758,0.0002316802656976,0.9999999994299196,,
LMEDGE_LOW,0.06,0.155,0.1547207484470004,True,,standard_N301,301,0.7551364792103629,0.746791469841781,1,601,-1.368601404045204e-14,0.7552100820821585,False,601,-1.368601404045204e-14,0.7552100820821585,7.360287179558611e-05,9.746962810292484e-05,True,False,5.838180844267032e-05,5.838180844267303e-05,0.000294818477778,8.062077400103005e-05,0.9999999982957822,,,601,-1.368601404045204e-14,0.7552100820821585,7.360287179558611e-05,9.746962810292484e-05,True,False,5.838180844267032e-05,5.838180844267303e-05,0.000294818477778,8.062077400103005e-05,0.9999999982957822,,,601,-1.368601404045204e-14,0.7552100820821585,7.360287179558611e-05,9.746962810292484e-05,True,False,5.838180844267032e-05,5.838180844267303e-05,0.000294818477778,8.062077400103005e-05,0.9999999982957822,,
LMEDGE_LOW,0.06,0.26,0.2595315780401298,True,,standard_N301,301,0.621561016884864,0.6215532065949869,1,601,-4.257756156902584e-14,0.6216319283992232,False,601,-4.257756156902584e-14,0.6216319283992232,7.091151435922871e-05,0.0001140861676213,True,False,5.925015709228272e-05,5.925015709228246e-05,0.000353252221542,8.713770591597437e-05,0.9999999982447094,,,601,-4.257756156902584e-14,0.6216319283992232,7.091151435922871e-05,0.0001140861676213,True,False,5.925015709228272e-05,5.925015709228246e-05,0.000353252221542,8.713770591597437e-05,0.9999999982447094,,,601,-4.257756156902584e-14,0.6216319283992232,7.091151435922871e-05,0.0001140861676213,True,False,5.925015709228272e-05,5.925015709228246e-05,0.000353252221542,8.713770591597437e-05,0.9999999982447094,,
LMEDGE_LOW,0.06,0.365,0.3643424076332592,True,,standard_N301,301,0.5051114312452201,0.4986747890980286,149,600,-6.630813595668701e-15,0.5051794642442791,False,600,-6.630813595668701e-15,0.5051794642442791,6.803299905899785e-05,0.0001346890900712,True,False,5.775138819108525e-05,5.775138819108507e-05,0.000439279465637,8.930640739257484e-05,0.9999999983323886,,,600,-6.630813595668701e-15,0.5051794642442791,6.803299905899785e-05,0.0001346890900712,True,False,5.775138819108525e-05,5.775138819108507e-05,0.000439279465637,8.930640739257484e-05,0.9999999983323886,,,600,-6.630813595668701e-15,0.5051794642442791,6.803299905899785e-05,0.0001346890900712,True,False,5.775138819108525e-05,5.775138819108507e-05,0.000439279465637,8.930640739257484e-05,0.9999999983323886,,
LMEDGE_MID,0.06,0.375,0.3743243914040334,True,,standard_N301,301,0.4947524621679489,0.4898566817063013,1,601,-6.081001335522216e-14,0.4948251772702769,False,601,-6.081001335522216e-14,0.4948251772702769,7.27151023279804e-05,0.0001469726942021,True,False,5.690418629312354e-05,5.690418629312349e-05,0.0004555777212436,9.224392257438824e-05,0.9999999983809564,,,601,-6.081001335522216e-14,0.4948251772702769,7.27151023279804e-05,0.0001469726942021,True,False,5.690418629312354e-05,5.690418629312349e-05,0.0004555777212436,9.224392257438824e-05,0.9999999983809564,,,601,-6.081001335522216e-14,0.4948251772702769,7.27151023279804e-05,0.0001469726942021,True,False,5.690418629312354e-05,5.690418629312349e-05,0.0004555777212436,9.224392257438824e-05,0.9999999983809564,,
LMEDGE_MID,0.06,0.45,0.4491892696848401,True,,standard_N301,301,0.4206050700536641,0.4217747947619796,137,600,-7.607924054787491e-15,0.4206607796811175,False,600,-7.607924054787491e-15,0.4206607796811175,5.570962745343744e-05,0.0001324511552995,True,False,5.751149552086139e-05,5.751149552085629e-05,0.0005196214021436,8.385397069351726e-05,0.999999998346214,,,600,-7.607924054787491e-15,0.4206607796811175,5.570962745343744e-05,0.0001324511552995,True,False,5.751149552086139e-05,5.751149552085629e-05,0.0005196214021436,8.385397069351726e-05,0.999999998346214,,,600,-7.607924054787491e-15,0.4206607796811175,5.570962745343744e-05,0.0001324511552995,True,False,5.751149552086139e-05,5.751149552085629e-05,0.0005196214021436,8.385397069351726e-05,0.999999998346214,,
LMEDGE_MID,0.06,0.525,0.5240541479656468,True,,standard_N301,301,0.3518915510866153,0.3498627770460587,1,601,7.227003724582499e-15,0.3519446747881227,False,601,7.227003724582499e-15,0.3519446747881227,5.312370150745149e-05,0.0001509661182356,True,False,6.14148950707784e-05,6.141489507077517e-05,0.0006248253341165,8.696575705772607e-05,0.9999999981141052,,,601,7.227003724582499e-15,0.3519446747881227,5.312370150745149e-05,0.0001509661182356,True,False,6.14148950707784e-05,6.141489507077517e-05,0.0006248253341165,8.696575705772607e-05,0.9999999981141052,,,601,7.227003724582499e-15,0.3519446747881227,5.312370150745149e-05,0.0001509661182356,True,False,6.14148950707784e-05,6.141489507077517e-05,0.0006248253341165,8.696575705772607e-05,0.9999999981141052,,
LMEDGE_HIGH,0.06,0.5625,0.5614865871060502,True,,standard_N301,301,0.319297196237381,0.3159937721177411,154,601,-3.447670688629567e-14,0.3193574407885257,False,601,-3.447670688629567e-14,0.3193574407885257,6.024455114467253e-05,0.0001886786099427,True,False,6.348279023807044e-05,6.348279023807277e-05,0.0006997730010268,9.427077921682488e-05,0.9999999979849676,,,601,-3.447670688629567e-14,0.3193574407885257,6.024455114467253e-05,0.0001886786099427,True,False,6.348279023807044e-05,6.348279023807277e-05,0.0006997730010268,9.427077921682488e-05,0.9999999979849676,,,601,-3.447670688629567e-14,0.3193574407885257,6.024455114467253e-05,0.0001886786099427,True,False,6.348279023807044e-05,6.348279023807277e-05,0.0006997730010268,9.427077921682488e-05,0.9999999979849676,,
LMEDGE_HIGH,0.06,0.6000000000000001,0.5989190262464535,True,,standard_N301,301,0.2877597630575119,0.2842355260140878,1,601,1.4673350861801826e-14,0.2878272056586702,False,601,1.4673350861801826e-14,0.2878272056586702,6.744260115831846e-05,0.0002343712006213,True,False,6.553658216758361e-05,6.553658216758636e-05,0.0007842502390444,0.0001021377354327,0.999999997852478,,,601,1.4673350861801826e-14,0.2878272056586702,6.744260115831846e-05,0.0002343712006213,True,False,6.553658216758361e-05,6.553658216758636e-05,0.0007842502390444,0.0001021377354327,0.999999997852478,,,601,1.4673350861801826e-14,0.2878272056586702,6.744260115831846e-05,0.0002343712006213,True,False,6.553658216758361e-05,6.553658216758636e-05,0.0007842502390444,0.0001021377354327,0.999999997852478,,
LMEDGE_HIGH,0.06,0.6375000000000001,0.6363514653868568,True,,standard_N301,301,0.2572324886595801,0.2547245170956732,156,600,3.5499627559353675e-14,0.2572726007823151,False,600,3.5499627559353675e-14,0.2572726007823151,4.011212273496989e-05,0.0001559372338385,True,False,6.501975716315182e-05,6.501975716315018e-05,0.0008289252234162,8.327505539260446e-05,0.9999999978862156,,,600,3.5499627559353675e-14,0.2572726007823151,4.011212273496989e-05,0.0001559372338385,True,False,6.501975716315182e-05,6.501975716315018e-05,0.0008289252234162,8.327505539260446e-05,0.9999999978862156,,,600,3.5499627559353675e-14,0.2572726007823151,4.011212273496989e-05,0.0001559372338385,True,False,6.501975716315182e-05,6.501975716315018e-05,0.0008289252234162,8.327505539260446e-05,0.9999999978862156,,
LMEDGE_NEUTRAL1,0.06,0.6687500000000001,0.6675451646705263,True,,standard_N301,301,0.2324656988491273,0.2374821126003008,1,601,-2.4616491670013915e-14,0.2325023938273337,False,601,-2.4616491670013915e-14,0.2325023938273337,3.669497820638079e-05,0.0001578511513227,True,False,6.576538403538892e-05,6.576538403538696e-05,0.0009032411499996,8.2104320342581e-05,0.999999997837457,,,601,-2.4616491670013915e-14,0.2325023938273337,3.669497820638079e-05,0.0001578511513227,True,False,6.576538403538892e-05,6.576538403538696e-05,0.0009032411499996,8.2104320342581e-05,0.999999997837457,,,601,-2.4616491670013915e-14,0.2325023938273337,3.669497820638079e-05,0.0001578511513227,True,False,6.576538403538892e-05,6.576538403538696e-05,0.0009032411499996,8.2104320342581e-05,0.999999997837457,,
LMEDGE_NEUTRAL1,0.06,0.7250000000000001,0.7236938233811313,True,,standard_N301,301,0.1893496323553555,0.192854598241427,1,601,2.5433891975550523e-14,0.1893720206853962,False,601,2.5433891975550523e-14,0.1893720206853962,2.2388330040729043e-05,0.0001182380433605,True,False,6.660747159038479e-05,6.660747159038295e-05,0.0010539888341473,7.583364161501321e-05,0.9999999977817224,,,601,2.5433891975550523e-14,0.1893720206853962,2.2388330040729043e-05,0.0001182380433605,True,False,6.660747159038479e-05,6.660747159038295e-05,0.0010539888341473,7.583364161501321e-05,0.9999999977817224,,,601,2.5433891975550523e-14,0.1893720206853962,2.2388330040729043e-05,0.0001182380433605,True,False,6.660747159038479e-05,6.660747159038295e-05,0.0010539888341473,7.583364161501321e-05,0.9999999977817224,,
LMEDGE_NEUTRAL1,0.06,0.78125,0.7798424820917362,True,,standard_N301,301,0.1479240995733802,0.1459633178767218,1,601,-1.218117612381794e-15,0.1479433628279848,False,601,-1.218117612381794e-15,0.1479433628279848,1.926325460463452e-05,0.0001302239098307,True,False,6.796609689530502e-05,6.796609689530595e-05,0.001267646224879,7.541880180050441e-05,0.9999999976903048,,,601,-1.218117612381794e-15,0.1479433628279848,1.926325460463452e-05,0.0001302239098307,True,False,6.796609689530502e-05,6.796609689530595e-05,0.001267646224879,7.541880180050441e-05,0.9999999976903048,,,601,-1.218117612381794e-15,0.1479433628279848,1.926325460463452e-05,0.0001302239098307,True,False,6.796609689530502e-05,6.796609689530595e-05,0.001267646224879,7.541880180050441e-05,0.9999999976903048,,
LMEDGE_NEUTRAL2,0.06,0.8150000000000001,0.8135316773180994,True,,standard_N301,301,0.1237932959917768,0.1226722700166657,1,601,-2.210575964645103e-15,0.123828547865039,False,601,-2.210575964645103e-15,0.123828547865039,3.5251873262212574e-05,0.0002847639929108,True,False,6.982368106061414e-05,6.982368106061428e-05,0.0014509113729734,8.477243955129751e-05,0.9999999975623268,,,601,-2.210575964645103e-15,0.123828547865039,3.5251873262212574e-05,0.0002847639929108,True,False,6.982368106061414e-05,6.982368106061428e-05,0.0014509113729734,8.477243955129751e-05,0.9999999975623268,,,601,-2.210575964645103e-15,0.123828547865039,3.5251873262212574e-05,0.0002847639929108,True,False,6.982368106061414e-05,6.982368106061428e-05,0.0014509113729734,8.477243955129751e-05,0.9999999975623268,,
LMEDGE_NEUTRAL2,0.06,0.8600000000000001,0.8584506042865834,True,,standard_N301,301,0.0924303327660017,0.0819660879836052,1,601,4.112256153290135e-15,0.0924702476203577,False,601,4.112256153290135e-15,0.0924702476203577,3.991485435601849e-05,0.0004318371811672,True,False,7.165282707462489e-05,7.165282707462672e-05,0.0017359424486002,8.906852778451016e-05,0.999999997432936,,,601,4.112256153290135e-15,0.0924702476203577,3.991485435601849e-05,0.0004318371811672,True,False,7.165282707462489e-05,7.165282707462672e-05,0.0017359424486002,8.906852778451016e-05,0.999999997432936,,,601,4.112256153290135e-15,0.0924702476203577,3.991485435601849e-05,0.0004318371811672,True,False,7.165282707462489e-05,7.165282707462672e-05,0.0017359424486002,8.906852778451016e-05,0.999999997432936,,
LMEDGE_NEUTRAL2,0.06,0.905,0.9033695312550674,True,,standard_N301,301,0.0619302345133478,0.0563891170747297,154,601,-3.024123738250578e-14,0.0619523679420372,False,601,-3.024123738250578e-14,0.0619523679420372,2.2133428689431744e-05,0.000357392941644,True,False,7.194007110851584e-05,7.19400711085166e-05,0.0021175817875906,7.883420814113399e-05,0.9999999974123128,,,601,-3.024123738250578e-14,0.0619523679420372,2.2133428689431744e-05,0.000357392941644,True,False,7.194007110851584e-05,7.19400711085166e-05,0.0021175817875906,7.883420814113399e-05,0.9999999974123128,,,601,-3.024123738250578e-14,0.0619523679420372,2.2133428689431744e-05,0.000357392941644,True,False,7.194007110851584e-05,7.19400711085166e-05,0.0021175817875906,7.883420814113399e-05,0.9999999974123128,,
LMEDGE_NEUTRAL3,0.06,0.9275,0.9258289947393092,True,,near_neutral_N401,401,0.0469775440222335,0.0449399885915554,200,801,-3.983543911038948e-14,0.046983551932403,False,801,-3.983543911038948e-14,0.046983551932403,6.007910169525399e-06,0.0001201582033905,True,False,4.06710985336192e-05,4.06710985336151e-05,0.0013778545361174,4.206455942936352e-05,0.9999999991729308,,,801,-3.983543911038948e-14,0.046983551932403,6.007910169525399e-06,0.0001201582033905,True,False,4.06710985336192e-05,4.06710985336151e-05,0.0013778545361174,4.206455942936352e-05,0.9999999991729308,,,801,-3.983543911038948e-14,0.046983551932403,6.007910169525399e-06,0.0001201582033905,True,False,4.06710985336192e-05,4.06710985336151e-05,0.0013778545361174,4.206455942936352e-05,0.9999999991729308,,
LMEDGE_NEUTRAL3,0.06,0.95,0.9482884582235512,True,,near_neutral_N401,401,0.0322086241916243,0.0236675042774515,1,801,3.2943783627368245e-13,0.032191075561461,False,801,3.2943783627368245e-13,0.032191075561461,1.754863016322633e-05,0.0003509726032645,True,False,4.179809055861576e-05,4.179809055861695e-05,0.001608662852919,4.66421226957615e-05,0.9999999991264598,,,801,3.2943783627368245e-13,0.032191075561461,1.754863016322633e-05,0.0003509726032645,True,False,4.179809055861576e-05,4.179809055861695e-05,0.001608662852919,4.66421226957615e-05,0.9999999991264598,,,801,3.2943783627368245e-13,0.032191075561461,1.754863016322633e-05,0.0003509726032645,True,False,4.179809055861576e-05,4.179809055861695e-05,0.001608662852919,4.66421226957615e-05,0.9999999991264598,,
LMEDGE_NEUTRAL3,0.06,0.9725,0.9707479217077932,True,,near_neutral_N401,401,0.0176060323546117,0.013424755289259,3,804,2.023173149251704e-12,0.017191472816424,False,804,2.023173149251704e-12,0.017191472816424,0.0004145595381877,0.0082911907637543,True,False,0.0001903263084413,0.0001903263084413,0.0025254888976269,0.0005368676849789,0.999999981887948,,,804,2.023173149251704e-12,0.017191472816424,0.0004145595381877,0.0082911907637543,True,False,0.0001903263084413,0.0001903263084413,0.0025254888976269,0.0005368676849789,0.999999981887948,,,804,2.023173149251704e-12,0.017191472816424,0.0004145595381877,0.0082911907637543,True,False,0.0001903263084413,0.0001903263084413,0.0025254888976269,0.0005368676849789,0.999999981887948,,
LOWM_EXT_VLOW_EXTREME,0.075,0.05875,0.0585845326083387,True,,longwave_map10_N301,301,0.8958375354982526,0.8970408654812602,1,601,1.0037826150616865e-13,0.8960493447672175,False,601,1.0037826150616865e-13,0.8960493447672175,0.0002118092689649,0.0002364371446515,True,False,1.845322056923657e-05,1.845322056923053e-05,0.0008295532737587,0.0001683883860182,0.9999999998297394,,,601,1.0037826150616865e-13,0.8960493447672175,0.0002118092689649,0.0002364371446515,True,False,1.845322056923657e-05,1.845322056923053e-05,0.0008295532737587,0.0001683883860182,0.9999999998297394,,,601,1.0037826150616865e-13,0.8960493447672175,0.0002118092689649,0.0002364371446515,True,False,1.845322056923657e-05,1.845322056923053e-05,0.0008295532737587,0.0001683883860182,0.9999999998297394,,
LOWM_EXT_VLOW_EXTREME,0.075,0.0849999999999999,0.0847606003695113,True,,longwave_map10_N301,301,0.8549118255313395,0.8462900552362335,178,601,-5.773835377695592e-14,0.8551414595102894,False,601,-5.773835377695592e-14,0.8551414595102894,0.0002296339789499,0.00026860545391,True,False,2.4212380268311e-05,2.421238026830262e-05,0.0008844211600242,0.0001866762111686,0.9999999997068804,,,601,-5.773835377695592e-14,0.8551414595102894,0.0002296339789499,0.00026860545391,True,False,2.4212380268311e-05,2.421238026830262e-05,0.0008844211600242,0.0001866762111686,0.9999999997068804,,,601,-5.773835377695592e-14,0.8551414595102894,0.0002296339789499,0.00026860545391,True,False,2.4212380268311e-05,2.421238026830262e-05,0.0008844211600242,0.0001866762111686,0.9999999997068804,,
LOWM_EXT_VLOW_EXTREME,0.075,0.11125,0.1109366681306839,True,,longwave_map10_N301,301,0.815696226028478,0.8027095545049521,1,601,5.0158748981543857e-14,0.8159608287167903,False,601,5.0158748981543857e-14,0.8159608287167903,0.0002646026883122,0.0003243887612434,True,False,3.109520879112357e-05,3.109520879111645e-05,0.0009625332378222,0.000218544786857,0.999999999516544,,,601,5.0158748981543857e-14,0.8159608287167903,0.0002646026883122,0.0003243887612434,True,False,3.109520879112357e-05,3.109520879111645e-05,0.0009625332378222,0.000218544786857,0.999999999516544,,,601,5.0158748981543857e-14,0.8159608287167903,0.0002646026883122,0.0003243887612434,True,False,3.109520879112357e-05,3.109520879111645e-05,0.0009625332378222,0.000218544786857,0.999999999516544,,
LOWM_EXT_VLOW_MOD,0.075,0.1362499999999999,0.1358662564746578,True,,standard_N301,301,0.7798542107394834,0.7922514196981613,145,600,7.145909691206569e-15,0.7799295866171728,False,600,7.145909691206569e-15,0.7799295866171728,7.53758776894653e-05,9.6653806123572e-05,True,False,5.893128429779719e-05,5.893128429779371e-05,0.0002888783941708,8.059848501383032e-05,0.9999999982635518,,,600,7.145909691206569e-15,0.7799295866171728,7.53758776894653e-05,9.6653806123572e-05,True,False,5.893128429779719e-05,5.893128429779371e-05,0.0002888783941708,8.059848501383032e-05,0.9999999982635518,,,600,7.145909691206569e-15,0.7799295866171728,7.53758776894653e-05,9.6653806123572e-05,True,False,5.893128429779719e-05,5.893128429779371e-05,0.0002888783941708,8.059848501383032e-05,0.9999999982635518,,
LOWM_EXT_VLOW_MOD,0.075,0.185,0.1844789537454069,True,,standard_N301,301,0.7137836646774014,0.7148303541982033,151,600,9.301086496074348e-15,0.713844767976955,False,600,9.301086496074348e-15,0.713844767976955,6.110329955355542e-05,8.560478836563374e-05,True,False,5.791196786050682e-05,5.791196786051114e-05,0.0002971569979146,7.6007246290434e-05,0.9999999983231022,,,600,9.301086496074348e-15,0.713844767976955,6.110329955355542e-05,8.560478836563374e-05,True,False,5.791196786050682e-05,5.791196786051114e-05,0.0002971569979146,7.6007246290434e-05,0.9999999983231022,,,600,9.301086496074348e-15,0.713844767976955,6.110329955355542e-05,8.560478836563374e-05,True,False,5.791196786050682e-05,5.791196786051114e-05,0.0002971569979146,7.6007246290434e-05,0.9999999983231022,,
LOWM_EXT_VLOW_MOD,0.075,0.23375,0.2330916510161561,True,,standard_N301,301,0.6521761383588695,0.645273041974017,145,601,2.138919177088445e-14,0.6522293324956558,False,601,2.138919177088445e-14,0.6522293324956558,5.3194136786394175e-05,8.156406476362574e-05,True,False,5.839869863780403e-05,5.839869863780126e-05,0.0003173969124218,7.57908897786559e-05,0.999999998294796,,,601,2.138919177088445e-14,0.6522293324956558,5.3194136786394175e-05,8.156406476362574e-05,True,False,5.839869863780403e-05,5.839869863780126e-05,0.0003173969124218,7.57908897786559e-05,0.999999998294796,,,601,2.138919177088445e-14,0.6522293324956558,5.3194136786394175e-05,8.156406476362574e-05,True,False,5.839869863780403e-05,5.839869863780126e-05,0.0003173969124218,7.57908897786559e-05,0.999999998294796,,
LOWM_EXT_LOW,0.075,0.26875,0.2679930746977195,True,,standard_N301,301,0.6103755199836588,0.6141021450803793,143,600,1.932427537638198e-14,0.6104343058870043,False,600,1.932427537638198e-14,0.6104343058870043,5.8785903345515145e-05,9.631104364586736e-05,True,False,5.9487634042948415e-05,5.948763404294984e-05,0.0003467905939062,8.118285777168392e-05,0.9999999982306106,,,600,1.932427537638198e-14,0.6104343058870043,5.8785903345515145e-05,9.631104364586736e-05,True,False,5.9487634042948415e-05,5.948763404294984e-05,0.0003467905939062,8.118285777168392e-05,0.9999999982306106,,,600,1.932427537638198e-14,0.6104343058870043,5.8785903345515145e-05,9.631104364586736e-05,True,False,5.9487634042948415e-05,5.948763404294984e-05,0.0003467905939062,8.118285777168392e-05,0.9999999982306106,,
LOWM_EXT_LOW,0.075,0.325,0.3240846484716608,True,,standard_N301,301,0.5469821293011561,0.5434831289418365,1,601,-2.6943726256949884e-15,0.5470446535063881,False,601,-2.6943726256949884e-15,0.5470446535063881,6.25242052320063e-05,0.0001143075831597,True,False,6.18519112617284e-05,6.185191126173456e-05,0.0003960320250248,8.765529903667303e-05,0.9999999980871704,,,601,-2.6943726256949884e-15,0.5470446535063881,6.25242052320063e-05,0.0001143075831597,True,False,6.18519112617284e-05,6.185191126173456e-05,0.0003960320250248,8.765529903667303e-05,0.9999999980871704,,,601,-2.6943726256949884e-15,0.5470446535063881,6.25242052320063e-05,0.0001143075831597,True,False,6.18519112617284e-05,6.185191126173456e-05,0.0003960320250248,8.765529903667303e-05,0.9999999980871704,,
LOWM_EXT_MID,0.075,0.375,0.3739438251596086,True,,standard_N301,301,0.4940872338050986,0.5126923020853413,1,601,-5.840246368436369e-15,0.4941702912733846,False,601,-5.840246368436369e-15,0.4941702912733846,8.305746828601857e-05,0.000168102842177,True,False,5.739109325222083e-05,5.739109325222077e-05,0.0004690733361455,0.0001001266432278,0.999999998353131,,,601,-5.840246368436369e-15,0.4941702912733846,8.305746828601857e-05,0.000168102842177,True,False,5.739109325222083e-05,5.739109325222077e-05,0.0004690733361455,0.0001001266432278,0.999999998353131,,,601,-5.840246368436369e-15,0.4941702912733846,8.305746828601857e-05,0.000168102842177,True,False,5.739109325222083e-05,5.739109325222077e-05,0.0004690733361455,0.0001001266432278,0.999999998353131,,
LOWM_EXT_LOW,0.075,0.38125,0.3801762222456022,True,,standard_N301,301,0.4877072356852591,0.4806573678800765,1,601,4.4589019283343914e-14,0.4877701247358841,False,601,4.4589019283343914e-14,0.4877701247358841,6.288905062507011e-05,0.0001289483649688,True,False,5.627590111418663e-05,5.627590111418794e-05,0.000449294940009,8.547585907631379e-05,0.9999999984165115,,,601,4.4589019283343914e-14,0.4877701247358841,6.288905062507011e-05,0.0001289483649688,True,False,5.627590111418663e-05,5.627590111418794e-05,0.000449294940009,8.547585907631379e-05,0.9999999984165115,,,601,4.4589019283343914e-14,0.4877701247358841,6.288905062507011e-05,0.0001289483649688,True,False,5.627590111418663e-05,5.627590111418794e-05,0.000449294940009,8.547585907631379e-05,0.9999999984165115,,
LOWM_EXT_MID,0.075,0.45,0.4487325901915304,True,,standard_N301,301,0.4200831232626386,0.4277843433848341,1,601,2.3334536451316917e-14,0.4201436241181602,False,601,2.3334536451316917e-14,0.4201436241181602,6.050085552156137e-05,0.000144021152413,True,False,5.761911039435066e-05,5.761911039434985e-05,0.0005258362185182,8.711569162134165e-05,0.9999999983400192,,,601,2.3334536451316917e-14,0.4201436241181602,6.050085552156137e-05,0.000144021152413,True,False,5.761911039435066e-05,5.761911039434985e-05,0.0005258362185182,8.711569162134165e-05,0.9999999983400192,,,601,2.3334536451316917e-14,0.4201436241181602,6.050085552156137e-05,0.000144021152413,True,False,5.761911039435066e-05,5.761911039434985e-05,0.0005258362185182,8.711569162134165e-05,0.9999999983400192,,
LOWM_EXT_MID,0.075,0.525,0.5235213552234522,True,,standard_N301,301,0.3514685196615271,0.3625464144343223,1,601,-8.131744581074481e-15,0.3515413258025839,False,601,-8.131744581074481e-15,0.3515413258025839,7.280614105686922e-05,0.0002071483987441,True,False,6.244375790478693e-05,6.244375790478345e-05,0.0006526832331015,0.0001019934997671,0.9999999980503884,,,601,-8.131744581074481e-15,0.3515413258025839,7.280614105686922e-05,0.0002071483987441,True,False,6.244375790478693e-05,6.244375790478345e-05,0.0006526832331015,0.0001019934997671,0.9999999980503884,,,601,-8.131744581074481e-15,0.3515413258025839,7.280614105686922e-05,0.0002071483987441,True,False,6.244375790478693e-05,6.244375790478345e-05,0.0006526832331015,0.0001019934997671,0.9999999980503884,,
LOWM_EXT_HIGH,0.075,0.5625,0.5609157377394131,True,,standard_N301,301,0.3189409372294113,0.3237347958544831,1,601,-2.2771818411724872e-14,0.3190036098968402,False,601,-2.2771818411724872e-14,0.3190036098968402,6.267266742887578e-05,0.0001965024244717,True,False,6.356716062921324e-05,6.356716062920869e-05,0.0007031332099397,9.614800432268934e-05,0.999999997979608,,,601,-2.2771818411724872e-14,0.3190036098968402,6.267266742887578e-05,0.0001965024244717,True,False,6.356716062921324e-05,6.356716062920869e-05,0.0007031332099397,9.614800432268934e-05,0.999999997979608,,,601,-2.2771818411724872e-14,0.3190036098968402,6.267266742887578e-05,0.0001965024244717,True,False,6.356716062921324e-05,6.356716062920869e-05,0.0007031332099397,9.614800432268934e-05,0.999999997979608,,
LOWM_EXT_HIGH,0.075,0.6000000000000001,0.598310120255374,True,,standard_N301,301,0.2874745623371754,0.2891494936056592,1,601,7.948408098653294e-14,0.2875186638430924,False,601,7.948408098653294e-14,0.2875186638430924,4.410150591693807e-05,0.0001534101158669,True,False,6.393746088202981e-05,6.393746088203705e-05,0.0007505734472877,8.445289060958178e-05,0.9999999979560004,,,601,7.948408098653294e-14,0.2875186638430924,4.410150591693807e-05,0.0001534101158669,True,False,6.393746088202981e-05,6.393746088203705e-05,0.0007505734472877,8.445289060958178e-05,0.9999999979560004,,,601,7.948408098653294e-14,0.2875186638430924,4.410150591693807e-05,0.0001534101158669,True,False,6.393746088202981e-05,6.393746088203705e-05,0.0007505734472877,8.445289060958178e-05,0.9999999979560004,,
LOWM_EXT_HIGH,0.075,0.6375000000000001,0.6357045027713348,True,,standard_N301,301,0.2569733624452948,0.256523530452708,1,601,-2.327297854393477e-14,0.2570055613216953,False,601,-2.327297854393477e-14,0.2570055613216953,3.2198876400435505e-05,0.0001253004439605,True,False,6.45688750268691e-05,6.456887502686613e-05,0.000818234131558,7.863485160862035e-05,0.9999999979154304,,,601,-2.327297854393477e-14,0.2570055613216953,3.2198876400435505e-05,0.0001253004439605,True,False,6.45688750268691e-05,6.456887502686613e-05,0.000818234131558,7.863485160862035e-05,0.9999999979154304,,,601,-2.327297854393477e-14,0.2570055613216953,3.2198876400435505e-05,0.0001253004439605,True,False,6.45688750268691e-05,6.456887502686613e-05,0.000818234131558,7.863485160862035e-05,0.9999999979154304,,
LOWM_EXT_NEUTRAL1,0.075,0.6687500000000001,0.6668664882013022,True,,standard_N301,301,0.2322399645749501,0.2317838319804857,1,601,-3.26105947753349e-14,0.232267329023435,False,601,-3.26105947753349e-14,0.232267329023435,2.7364448484890055e-05,0.0001178283355966,True,False,6.525538427961321e-05,6.525538427962056e-05,0.0008907703918813,7.696896418871822e-05,0.9999999978708672,,,601,-3.26105947753349e-14,0.232267329023435,2.7364448484890055e-05,0.0001178283355966,True,False,6.525538427961321e-05,6.525538427962056e-05,0.0008907703918813,7.696896418871822e-05,0.9999999978708672,,,601,-3.26105947753349e-14,0.232267329023435,2.7364448484890055e-05,0.0001178283355966,True,False,6.525538427961321e-05,6.525538427962056e-05,0.0008907703918813,7.696896418871822e-05,0.9999999978708672,,
LOWM_EXT_NEUTRAL1,0.075,0.7250000000000001,0.7229580619752436,True,,standard_N301,301,0.1891561432592806,0.1848469389797664,139,601,3.987013086734147e-14,0.1891891915607502,False,601,3.987013086734147e-14,0.1891891915607502,3.304830146960702e-05,0.0001747143967949,True,False,6.705703089220475e-05,6.705703089220579e-05,0.0010668555591135,8.12963794674298e-05,0.9999999977516772,,,601,3.987013086734147e-14,0.1891891915607502,3.304830146960702e-05,0.0001747143967949,True,False,6.705703089220475e-05,6.705703089220579e-05,0.0010668555591135,8.12963794674298e-05,0.9999999977516772,,,601,3.987013086734147e-14,0.1891891915607502,3.304830146960702e-05,0.0001747143967949,True,False,6.705703089220475e-05,6.705703089220579e-05,0.0010668555591135,8.12963794674298e-05,0.9999999977516772,,
LOWM_EXT_NEUTRAL1,0.075,0.78125,0.7790496357491847,True,,standard_N301,301,0.1477611175287058,0.1402754972369143,147,600,-7.293052716873409e-16,0.147806771580766,False,600,-7.293052716873409e-16,0.147806771580766,4.565405206022333e-05,0.0003089720274439,True,False,6.95640211150223e-05,6.956402111502259e-05,0.0012998526295263,9.142006992750837e-05,0.9999999975804236,,,600,-7.293052716873409e-16,0.147806771580766,4.565405206022333e-05,0.0003089720274439,True,False,6.95640211150223e-05,6.956402111502259e-05,0.0012998526295263,9.142006992750837e-05,0.9999999975804236,,,600,-7.293052716873409e-16,0.147806771580766,4.565405206022333e-05,0.0003089720274439,True,False,6.95640211150223e-05,6.956402111502259e-05,0.0012998526295263,9.142006992750837e-05,0.9999999975804236,,
LOWM_EXT_NEUTRAL2,0.075,0.8150000000000001,0.8127045800135496,True,,standard_N301,301,0.1236844580426008,0.1311852651963956,158,601,3.918719503952891e-15,0.1237171740955072,False,601,3.918719503952891e-15,0.1237171740955072,3.2716052906361925e-05,0.0002645122388383,True,False,6.956500068872355e-05,6.956500068872972e-05,0.0014467077278796,8.306401072131457e-05,0.9999999975803552,,,601,3.918719503952891e-15,0.1237171740955072,3.2716052906361925e-05,0.0002645122388383,True,False,6.956500068872355e-05,6.956500068872972e-05,0.0014467077278796,8.306401072131457e-05,0.9999999975803552,,,601,3.918719503952891e-15,0.1237171740955072,3.2716052906361925e-05,0.0002645122388383,True,False,6.956500068872355e-05,6.956500068872972e-05,0.0014467077278796,8.306401072131457e-05,0.9999999975803552,,
LOWM_EXT_NEUTRAL2,0.075,0.8600000000000001,0.8575778390327027,True,,standard_N301,301,0.0923784832084747,0.0919850020016102,151,600,4.919652209227402e-15,0.0923898756092574,False,600,4.919652209227402e-15,0.0923898756092574,1.1392400782669898e-05,0.0001233230984856,True,False,6.990125987263423e-05,6.99012598726387e-05,0.0017040900425389,7.375387398497952e-05,0.9999999975569068,,,600,4.919652209227402e-15,0.0923898756092574,1.1392400782669898e-05,0.0001233230984856,True,False,6.990125987263423e-05,6.99012598726387e-05,0.0017040900425389,7.375387398497952e-05,0.9999999975569068,,,600,4.919652209227402e-15,0.0923898756092574,1.1392400782669898e-05,0.0001233230984856,True,False,6.990125987263423e-05,6.99012598726387e-05,0.0017040900425389,7.375387398497952e-05,0.9999999975569068,,
LOWM_EXT_NEUTRAL2,0.075,0.905,0.9024510980518556,True,,standard_N301,301,0.0619012624353627,0.0593300220603242,129,601,3.8544446095325024e-14,0.061900287709002,False,601,3.8544446095325024e-14,0.061900287709002,9.747263607501333e-07,1.5746469819867433e-05,True,False,7.123818917254651e-05,7.123818917254006e-05,0.0020963061911271,7.255629311400643e-05,0.9999999974625604,,,601,3.8544446095325024e-14,0.061900287709002,9.747263607501333e-07,1.5746469819867433e-05,True,False,7.123818917254651e-05,7.123818917254006e-05,0.0020963061911271,7.255629311400643e-05,0.9999999974625604,,,601,3.8544446095325024e-14,0.061900287709002,9.747263607501333e-07,1.5746469819867433e-05,True,False,7.123818917254651e-05,7.123818917254006e-05,0.0020963061911271,7.255629311400643e-05,0.9999999974625604,,
LOWM_EXT_NEUTRAL3,0.075,0.9275,0.924887727561432,True,,near_neutral_N401,401,0.0469411496559694,0.0472673201066667,1,801,-4.851379792630418e-14,0.0469447030307341,False,801,-4.851379792630418e-14,0.0469447030307341,3.553374764687922e-06,7.106749529375844e-05,True,False,4.056552085995533e-05,4.056552085994728e-05,0.0013747193000042,4.145884780552181e-05,0.9999999991772192,,,801,-4.851379792630418e-14,0.0469447030307341,3.553374764687922e-06,7.106749529375844e-05,True,False,4.056552085995533e-05,4.056552085994728e-05,0.0013747193000042,4.145884780552181e-05,0.9999999991772192,,,801,-4.851379792630418e-14,0.0469447030307341,3.553374764687922e-06,7.106749529375844e-05,True,False,4.056552085995533e-05,4.056552085994728e-05,0.0013747193000042,4.145884780552181e-05,0.9999999991772192,,
LOWM_EXT_NEUTRAL3,0.075,0.95,0.9473243570710088,True,,near_neutral_N401,401,0.0321904458404608,0.0266889412443027,1,801,-1.2474941471358458e-13,0.0321647845966732,False,801,-1.2474941471358458e-13,0.0321647845966732,2.566124378759055e-05,0.0005132248757518,True,False,4.253238543612361e-05,4.2532385436122735e-05,0.00160394474875,5.221992627493833e-05,0.9999999990954982,,,801,-1.2474941471358458e-13,0.0321647845966732,2.566124378759055e-05,0.0005132248757518,True,False,4.253238543612361e-05,4.2532385436122735e-05,0.00160394474875,5.221992627493833e-05,0.9999999990954982,,,801,-1.2474941471358458e-13,0.0321647845966732,2.566124378759055e-05,0.0005132248757518,True,False,4.253238543612361e-05,4.2532385436122735e-05,0.00160394474875,5.221992627493833e-05,0.9999999990954982,,
LOWM_EXT_NEUTRAL3,0.075,0.9725,0.9697609865805852,True,,near_neutral_N401,401,0.0175987566146139,0.0140746566635964,182,804,-1.3416536131138384e-12,0.0171761042509259,False,804,-1.3416536131138384e-12,0.0171761042509259,0.000422652363688,0.0084530472737605,True,False,0.0001933114188979,0.0001933114188979,0.0025402229679373,0.000547427994147,0.9999999813153476,,,804,-1.3416536131138384e-12,0.0171761042509259,0.000422652363688,0.0084530472737605,True,False,0.0001933114188979,0.0001933114188979,0.0025402229679373,0.000547427994147,0.9999999813153476,,,804,-1.3416536131138384e-12,0.0171761042509259,0.000422652363688,0.0084530472737605,True,False,0.0001933114188979,0.0001933114188979,0.0025402229679373,0.000547427994147,0.9999999813153476,,
LOWM_EXT_VLOW_EXTREME,0.1,0.05875,0.0584555119300139,True,,longwave_map10_N301,301,0.8922327378454297,0.8941963134800277,1,601,6.208456271912873e-14,0.8924460255333345,False,601,6.208456271912873e-14,0.8924460255333345,0.0002132876879048,0.000239049385724,True,False,1.8426202635126848e-05,1.8426202635128044e-05,0.0008307429266027,0.0001700936723206,0.9999999998302372,,,601,6.208456271912873e-14,0.8924460255333345,0.0002132876879048,0.000239049385724,True,False,1.8426202635126848e-05,1.8426202635128044e-05,0.0008307429266027,0.0001700936723206,0.9999999998302372,,,601,6.208456271912873e-14,0.8924460255333345,0.0002132876879048,0.000239049385724,True,False,1.8426202635126848e-05,1.8426202635128044e-05,0.0008307429266027,0.0001700936723206,0.9999999998302372,,
LOWM_EXT_VLOW_EXTREME,0.1,0.0849999999999999,0.0845739321540626,True,,longwave_map10_N301,301,0.8515733747808982,0.848940677807806,1,601,8.520313710609264e-14,0.8518038959920347,False,601,8.520313710609264e-14,0.8518038959920347,0.0002305212111364,0.0002707003506253,True,False,2.42438872342622e-05,2.424388723425637e-05,0.0008854047386605,0.0001879669869479,0.9999999997061167,,,601,8.520313710609264e-14,0.8518038959920347,0.0002305212111364,0.0002707003506253,True,False,2.42438872342622e-05,2.424388723425637e-05,0.0008854047386605,0.0001879669869479,0.9999999997061167,,,601,8.520313710609264e-14,0.8518038959920347,0.0002305212111364,0.0002707003506253,True,False,2.42438872342622e-05,2.424388723425637e-05,0.0008854047386605,0.0001879669869479,0.9999999997061167,,
LOWM_EXT_VLOW_EXTREME,0.1,0.11125,0.1106923523781114,True,,longwave_map10_N301,301,0.812618650156461,0.8092820321924773,1,601,4.3619014993844287e-14,0.8128697116741508,False,601,4.3619014993844287e-14,0.8128697116741508,0.0002510615176898,0.0003089536742006,True,False,3.100290686058164e-05,3.1002906860573925e-05,0.0009495048885284,0.0002091382273124,0.99999999951941,,,601,4.3619014993844287e-14,0.8128697116741508,0.0002510615176898,0.0003089536742006,True,False,3.100290686058164e-05,3.1002906860573925e-05,0.0009495048885284,0.0002091382273124,0.99999999951941,,,601,4.3619014993844287e-14,0.8128697116741508,0.0002510615176898,0.0003089536742006,True,False,3.100290686058164e-05,3.1002906860573925e-05,0.0009495048885284,0.0002091382273124,0.99999999951941,,
LOWM_EXT_VLOW_MOD,0.1,0.1362499999999999,0.1355670383057769,True,,standard_N301,301,0.7769807252123337,0.778583189591126,151,600,-1.0922597420270248e-14,0.7770568843392726,False,600,-1.0922597420270248e-14,0.7770568843392726,7.615912693881288e-05,9.801932592085869e-05,True,False,5.878802595789807e-05,5.878802595790021e-05,0.0002897280463505,8.129283647811237e-05,0.999999998271984,,,600,-1.0922597420270248e-14,0.7770568843392726,7.615912693881288e-05,9.801932592085869e-05,True,False,5.878802595789807e-05,5.878802595790021e-05,0.0002897280463505,8.129283647811237e-05,0.999999998271984,,,600,-1.0922597420270248e-14,0.7770568843392726,7.615912693881288e-05,9.801932592085869e-05,True,False,5.878802595789807e-05,5.878802595790021e-05,0.0002897280463505,8.129283647811237e-05,0.999999998271984,,
LOWM_EXT_VLOW_MOD,0.1,0.185,0.1840726758647247,True,,standard_N301,301,0.7113007412993849,0.7110142262458825,1,601,-1.0150012852502293e-14,0.7113548206875038,False,601,-1.0150012852502293e-14,0.7113548206875038,5.407938811885504e-05,7.602886511838056e-05,True,False,5.784527648961824e-05,5.784527648961726e-05,0.0002903368331571,7.28637271314325e-05,0.999999998326962,,,601,-1.0150012852502293e-14,0.7113548206875038,5.407938811885504e-05,7.602886511838056e-05,True,False,5.784527648961824e-05,5.784527648961726e-05,0.0002903368331571,7.28637271314325e-05,0.999999998326962,,,601,-1.0150012852502293e-14,0.7113548206875038,5.407938811885504e-05,7.602886511838056e-05,True,False,5.784527648961824e-05,5.784527648961726e-05,0.0002903368331571,7.28637271314325e-05,0.999999998326962,,
LOWM_EXT_VLOW_MOD,0.1,0.23375,0.2325783134236724,True,,standard_N301,301,0.6499933512258345,0.6493816607098499,1,601,5.334660372604948e-15,0.6500725399696626,False,601,5.334660372604948e-15,0.6500725399696626,7.918874382817354e-05,0.0001218300828444,True,False,5.827928673867429e-05,5.827928673867494e-05,0.0003456385158596,8.965242470378942e-05,0.9999999983017624,,,601,5.334660372604948e-15,0.6500725399696626,7.918874382817354e-05,0.0001218300828444,True,False,5.827928673867429e-05,5.827928673867494e-05,0.0003456385158596,8.965242470378942e-05,0.9999999983017624,,,601,5.334660372604948e-15,0.6500725399696626,7.918874382817354e-05,0.0001218300828444,True,False,5.827928673867429e-05,5.827928673867494e-05,0.0003456385158596,8.965242470378942e-05,0.9999999983017624,,
LOW,0.1,0.26875,0.2674028737224041,True,,standard_N301,301,0.6084120179639526,0.6095398357712251,1,601,-7.497293679141473e-15,0.6084900788770127,False,601,-7.497293679141473e-15,0.6084900788770127,7.806091306006291e-05,0.0001283027138768,True,False,5.945586744115511e-05,5.945586744115551e-05,0.0003690194832806,9.22300010595763e-05,0.9999999982325,,,601,-7.497293679141473e-15,0.6084900788770127,7.806091306006291e-05,0.0001283027138768,True,False,5.945586744115511e-05,5.945586744115551e-05,0.0003690194832806,9.22300010595763e-05,0.9999999982325,,,601,-7.497293679141473e-15,0.6084900788770127,7.806091306006291e-05,0.0001283027138768,True,False,5.945586744115511e-05,5.945586744115551e-05,0.0003690194832806,9.22300010595763e-05,0.9999999982325,,
LOW,0.1,0.325,0.3233709170596515,True,,standard_N301,301,0.5453187806837592,0.5445751417665998,1,601,-8.592686813875981e-15,0.5454018390226995,False,601,-8.592686813875981e-15,0.5454018390226995,8.305833894028947e-05,0.0001523115320476,True,False,6.204451669565866e-05,6.204451669565663e-05,0.000421612612015,0.0001008596435299,0.9999999980752392,,,601,-8.592686813875981e-15,0.5454018390226995,8.305833894028947e-05,0.0001523115320476,True,False,6.204451669565866e-05,6.204451669565663e-05,0.000421612612015,0.0001008596435299,0.9999999980752392,,,601,-8.592686813875981e-15,0.5454018390226995,8.305833894028947e-05,0.0001523115320476,True,False,6.204451669565866e-05,6.204451669565663e-05,0.000421612612015,0.0001008596435299,0.9999999980752392,,
LOWM_EXT_MID,0.1,0.375,0.3731202889149825,True,,standard_N301,301,0.4927045469865956,0.4949694647932701,1,601,-4.8164852801965757e-14,0.492759550975315,False,601,-4.8164852801965757e-14,0.492759550975315,5.500398871932655e-05,0.0001116368603775,True,False,5.707759890613391e-05,5.707759890613438e-05,0.0004336908548552,8.117622153569674e-05,0.9999999983710738,,,601,-4.8164852801965757e-14,0.492759550975315,5.500398871932655e-05,0.0001116368603775,True,False,5.707759890613391e-05,5.707759890613438e-05,0.0004336908548552,8.117622153569674e-05,0.9999999983710738,,,601,-4.8164852801965757e-14,0.492759550975315,5.500398871932655e-05,0.0001116368603775,True,False,5.707759890613391e-05,5.707759890613438e-05,0.0004336908548552,8.117622153569674e-05,0.9999999983710738,,
LOW,0.1,0.38125,0.3793389603968989,True,,standard_N301,301,0.4863344013429044,0.4858728704415802,148,600,1.7124697305693522e-14,0.4863862909200031,False,600,1.7124697305693522e-14,0.4863862909200031,5.188957709872932e-05,0.0001066952634965,True,False,5.5977509674894855e-05,5.597750967489094e-05,0.000436034257791,7.872006335438594e-05,0.9999999984332592,,,600,1.7124697305693522e-14,0.4863862909200031,5.188957709872932e-05,0.0001066952634965,True,False,5.5977509674894855e-05,5.597750967489094e-05,0.000436034257791,7.872006335438594e-05,0.9999999984332592,,,600,1.7124697305693522e-14,0.4863862909200031,5.188957709872932e-05,0.0001066952634965,True,False,5.5977509674894855e-05,5.597750967489094e-05,0.000436034257791,7.872006335438594e-05,0.9999999984332592,,
LOWM_EXT_MID,0.1,0.45,0.4477443466979789,True,,standard_N301,301,0.4189864671974794,0.4173914359460389,1,601,-1.1447026402968176e-15,0.4190286949625601,False,601,-1.1447026402968176e-15,0.4190286949625601,4.222776508067128e-05,0.0001007855107185,True,False,5.691304684744335e-05,5.691304684744322e-05,0.0005031048927702,7.559938300213835e-05,0.9999999983804526,,,601,-1.1447026402968176e-15,0.4190286949625601,4.222776508067128e-05,0.0001007855107185,True,False,5.691304684744335e-05,5.691304684744322e-05,0.0005031048927702,7.559938300213835e-05,0.9999999983804526,,,601,-1.1447026402968176e-15,0.4190286949625601,4.222776508067128e-05,0.0001007855107185,True,False,5.691304684744335e-05,5.691304684744322e-05,0.0005031048927702,7.559938300213835e-05,0.9999999983804526,,
LOWM_EXT_MID,0.1,0.525,0.5223684044809755,True,,standard_N301,301,0.3506277381950253,0.3595316916633088,1,601,-1.2715758828855301e-14,0.3506711582950975,False,601,-1.2715758828855301e-14,0.3506711582950975,4.342010007213348e-05,0.0001238353254527,True,False,6.079812269187768e-05,6.079812269187429e-05,0.0006118377757636,8.060749097543934e-05,0.999999998151794,,,601,-1.2715758828855301e-14,0.3506711582950975,4.342010007213348e-05,0.0001238353254527,True,False,6.079812269187768e-05,6.079812269187429e-05,0.0006118377757636,8.060749097543934e-05,0.999999998151794,,,601,-1.2715758828855301e-14,0.3506711582950975,4.342010007213348e-05,0.0001238353254527,True,False,6.079812269187768e-05,6.079812269187429e-05,0.0006118377757636,8.060749097543934e-05,0.999999998151794,,
HIGH_LOWM_COMPACTY,0.1,0.5625,0.5596804333724738,True,,standard_N301,301,0.3181704460725546,0.318270063601134,159,601,-1.5661002393994022e-14,0.3182400385551632,False,601,-1.5661002393994022e-14,0.3182400385551632,6.959248260857143e-05,0.0002187270485603,True,False,6.387628352752058e-05,6.387628352751766e-05,0.0007130229607308,0.0001017466566975,0.99999999795991,,,601,-1.5661002393994022e-14,0.3182400385551632,6.959248260857143e-05,0.0002187270485603,True,False,6.387628352752058e-05,6.387628352751766e-05,0.0007130229607308,0.0001017466566975,0.99999999795991,,,601,-1.5661002393994022e-14,0.3182400385551632,6.959248260857143e-05,0.0002187270485603,True,False,6.387628352752058e-05,6.387628352751766e-05,0.0007130229607308,0.0001017466566975,0.99999999795991,,
HIGH_LOWM_COMPACTY,0.1,0.6000000000000001,0.5969924622639721,True,,standard_N301,301,0.2868131051516879,0.2863671454266714,1,601,1.3582893723616058e-14,0.2868526390403986,False,601,1.3582893723616058e-14,0.2868526390403986,3.953388871064112e-05,0.0001378385017997,True,False,6.35770495495879e-05,6.35770495495914e-05,0.0007440222126638,8.151520333596349e-05,0.9999999979789794,,,601,1.3582893723616058e-14,0.2868526390403986,3.953388871064112e-05,0.0001378385017997,True,False,6.35770495495879e-05,6.35770495495914e-05,0.0007440222126638,8.151520333596349e-05,0.9999999979789794,,,601,1.3582893723616058e-14,0.2868526390403986,3.953388871064112e-05,0.0001378385017997,True,False,6.35770495495879e-05,6.35770495495914e-05,0.0007440222126638,8.151520333596349e-05,0.9999999979789794,,
HIGH_LOWM_COMPACTY,0.1,0.6375000000000001,0.6343044911554703,True,,standard_N301,301,0.2563943832402796,0.2549322615847711,1,601,3.1612012112546843e-14,0.2564289733166399,False,601,3.1612012112546843e-14,0.2564289733166399,3.4590076360307975e-05,0.000134909649436,True,False,6.454615321981315e-05,6.454615321981343e-05,0.0008206589312088,7.985688614607811e-05,0.9999999979168972,,,601,3.1612012112546843e-14,0.2564289733166399,3.4590076360307975e-05,0.000134909649436,True,False,6.454615321981315e-05,6.454615321981343e-05,0.0008206589312088,7.985688614607811e-05,0.9999999979168972,,,601,3.1612012112546843e-14,0.2564289733166399,3.4590076360307975e-05,0.000134909649436,True,False,6.454615321981315e-05,6.454615321981343e-05,0.0008206589312088,7.985688614607811e-05,0.9999999979168972,,
LOWM_EXT_NEUTRAL1,0.1,0.6687500000000001,0.6653978485650521,True,,standard_N301,301,0.2317132859492369,0.2353195923903653,1,601,6.883672348916796e-15,0.2317596766110779,False,601,6.883672348916796e-15,0.2317596766110779,4.639066184095042e-05,0.000200207172631,True,False,6.61504148781417e-05,6.615041487814022e-05,0.0009151692312874,8.84606925431643e-05,0.9999999978120614,,,601,6.883672348916796e-15,0.2317596766110779,4.639066184095042e-05,0.000200207172631,True,False,6.61504148781417e-05,6.615041487814022e-05,0.0009151692312874,8.84606925431643e-05,0.9999999978120614,,,601,6.883672348916796e-15,0.2317596766110779,4.639066184095042e-05,0.000200207172631,True,False,6.61504148781417e-05,6.615041487814022e-05,0.0009151692312874,8.84606925431643e-05,0.9999999978120614,,
LOWM_EXT_NEUTRAL1,0.1,0.7250000000000001,0.7213658919022996,True,,standard_N301,301,0.1887552307715018,0.1901438181104112,1,601,3.522637198685641e-14,0.1887942152400908,False,601,3.522637198685641e-14,0.1887942152400908,3.898446858896509e-05,0.0002065345073067,True,False,6.72746716457839e-05,6.727467164578477e-05,0.0010733546264363,8.497513857460676e-05,0.9999999977370592,,,601,3.522637198685641e-14,0.1887942152400908,3.898446858896509e-05,0.0002065345073067,True,False,6.72746716457839e-05,6.727467164578477e-05,0.0010733546264363,8.497513857460676e-05,0.9999999977370592,,,601,3.522637198685641e-14,0.1887942152400908,3.898446858896509e-05,0.0002065345073067,True,False,6.72746716457839e-05,6.727467164578477e-05,0.0010733546264363,8.497513857460676e-05,0.9999999977370592,,
LOWM_EXT_NEUTRAL1,0.1,0.78125,0.7773339352395469,True,,standard_N301,301,0.1474760398842238,0.1452503279407487,147,601,8.083599494215972e-15,0.1475115958796532,False,601,8.083599494215972e-15,0.1475115958796532,3.555599542945376e-05,0.0002410967602423,True,False,6.861330989656632e-05,6.861330989656265e-05,0.0012847139519072,8.406005055231357e-05,0.9999999976461068,,,601,8.083599494215972e-15,0.1475115958796532,3.555599542945376e-05,0.0002410967602423,True,False,6.861330989656632e-05,6.861330989656265e-05,0.0012847139519072,8.406005055231357e-05,0.9999999976461068,,,601,8.083599494215972e-15,0.1475115958796532,3.555599542945376e-05,0.0002410967602423,True,False,6.861330989656632e-05,6.861330989656265e-05,0.0012847139519072,8.406005055231357e-05,0.9999999976461068,,
LOWM_EXT_NEUTRAL2,0.1,0.8150000000000001,0.8109147612418953,True,,standard_N301,301,0.1234429958129966,0.1242006748257703,1,601,2.70667789545069e-15,0.1234764533463741,False,601,2.70667789545069e-15,0.1234764533463741,3.345753337746782e-05,0.0002710363043048,True,False,6.944681543380938e-05,6.944681543380682e-05,0.0014451686638557,8.342290216390034e-05,0.99999999758857,,,601,2.70667789545069e-15,0.1234764533463741,3.345753337746782e-05,0.0002710363043048,True,False,6.944681543380938e-05,6.944681543380682e-05,0.0014451686638557,8.342290216390034e-05,0.99999999758857,,,601,2.70667789545069e-15,0.1234764533463741,3.345753337746782e-05,0.0002710363043048,True,False,6.944681543380938e-05,6.944681543380682e-05,0.0014451686638557,8.342290216390034e-05,0.99999999758857,,
LOWM_EXT_NEUTRAL2,0.1,0.8600000000000001,0.8556891959116932,True,,standard_N301,301,0.0921927130272345,0.0871301546601912,1,601,1.40569613897068e-14,0.0922161251732743,False,601,1.40569613897068e-14,0.0922161251732743,2.3412146039847315e-05,0.0002539479018578,True,False,7.020729266661509e-05,7.02072926666201e-05,0.00171309268888,7.843142380607935e-05,0.999999997535468,,,601,1.40569613897068e-14,0.0922161251732743,2.3412146039847315e-05,0.0002539479018578,True,False,7.020729266661509e-05,7.02072926666201e-05,0.00171309268888,7.843142380607935e-05,0.999999997535468,,,601,1.40569613897068e-14,0.0922161251732743,2.3412146039847315e-05,0.0002539479018578,True,False,7.020729266661509e-05,7.02072926666201e-05,0.00171309268888,7.843142380607935e-05,0.999999997535468,,
LOWM_EXT_NEUTRAL2,0.1,0.905,0.9004636305814911,True,,standard_N301,301,0.0617641983358106,0.0575838815276595,1,601,1.5555312043696492e-14,0.0617876773674399,False,601,1.5555312043696492e-14,0.0617876773674399,2.3479031629289326e-05,0.0003801398263381,True,False,7.173239782493929e-05,7.173239782493764e-05,0.0021123397009952,7.928111930373883e-05,0.9999999974272316,,,601,1.5555312043696492e-14,0.0617876773674399,2.3479031629289326e-05,0.0003801398263381,True,False,7.173239782493929e-05,7.173239782493764e-05,0.0021123397009952,7.928111930373883e-05,0.9999999974272316,,,601,1.5555312043696492e-14,0.0617876773674399,2.3479031629289326e-05,0.0003801398263381,True,False,7.173239782493929e-05,7.173239782493764e-05,0.0021123397009952,7.928111930373883e-05,0.9999999974272316,,
LOWM_EXT_NEUTRAL3,0.1,0.9275,0.92285084791639,True,,near_neutral_N401,401,0.0468707237244058,0.0466382943134944,1,801,1.2801452811679306e-13,0.0468606944502942,False,801,1.2801452811679306e-13,0.0468606944502942,1.002927411151988e-05,0.0002005854822303,True,False,4.064315953784212e-05,4.0643159537838056e-05,0.001362868634112,4.2517656124363926e-05,0.9999999991740668,,,801,1.2801452811679306e-13,0.0468606944502942,1.002927411151988e-05,0.0002005854822303,True,False,4.064315953784212e-05,4.0643159537838056e-05,0.001362868634112,4.2517656124363926e-05,0.9999999991740668,,,801,1.2801452811679306e-13,0.0468606944502942,1.002927411151988e-05,0.0002005854822303,True,False,4.064315953784212e-05,4.0643159537838056e-05,0.001362868634112,4.2517656124363926e-05,0.9999999991740668,,
LOWM_EXT_NEUTRAL3,0.1,0.95,0.945238065251289,True,,near_neutral_N401,401,0.0321183042999036,0.0270416289916869,192,801,1.1700300697598213e-13,0.0321079251155259,False,801,1.1700300697598213e-13,0.0321079251155259,1.0379184377663777e-05,0.0002075836875532,True,False,4.116726585890857e-05,4.116726585890928e-05,0.001606668714461,4.3052615576988e-05,0.9999999991526282,,,801,1.1700300697598213e-13,0.0321079251155259,1.0379184377663777e-05,0.0002075836875532,True,False,4.116726585890857e-05,4.116726585890928e-05,0.001606668714461,4.3052615576988e-05,0.9999999991526282,,,801,1.1700300697598213e-13,0.0321079251155259,1.0379184377663777e-05,0.0002075836875532,True,False,4.116726585890857e-05,4.116726585890928e-05,0.001606668714461,4.3052615576988e-05,0.9999999991526282,,
LOWM_EXT_NEUTRAL3,0.1,0.9725,0.967625282586188,True,,near_neutral_N401,401,0.0175479378250844,0.0146095392779332,205,803,3.077429383206044e-12,0.0171428513015858,False,803,3.077429383206044e-12,0.0171428513015858,0.0004050865234986,0.008101730469972,True,False,0.0001845038774267,0.0001845038774267,0.0025010208988071,0.0005250557911068,0.9999999829791596,,,803,3.077429383206044e-12,0.0171428513015858,0.0004050865234986,0.008101730469972,True,False,0.0001845038774267,0.0001845038774267,0.0025010208988071,0.0005250557911068,0.9999999829791596,,,803,3.077429383206044e-12,0.0171428513015858,0.0004050865234986,0.008101730469972,True,False,0.0001845038774267,0.0001845038774267,0.0025010208988071,0.0005250557911068,0.9999999829791596,,
ETAEDGE_LM,0.2,0.025,0.0244948974278317,True,,longwave_map10_N301,301,0.9211646975703331,0.9237500783490716,1,601,-4.777730261575233e-13,0.9213768001537878,False,601,-4.777730261575233e-13,0.9213768001537878,0.0002121025834544,0.0002302547894138,True,False,9.815436659635526e-06,9.8154366596361e-06,0.0007714076255369,0.0001656754654653,0.9999999999518284,,,601,-4.777730261575233e-13,0.9213768001537878,0.0002121025834544,0.0002302547894138,True,False,9.815436659635526e-06,9.8154366596361e-06,0.0007714076255369,0.0001656754654653,0.9999999999518284,,,601,-4.777730261575233e-13,0.9213768001537878,0.0002121025834544,0.0002302547894138,True,False,9.815436659635526e-06,9.8154366596361e-06,0.0007714076255369,0.0001656754654653,0.9999999999518284,,
ETAEDGE_LM,0.2,0.04,0.0391918358845308,True,,longwave_map10_N301,301,0.8973901688416213,0.899158108351766,1,601,9.258643443950047e-14,0.8976073850379749,False,601,9.258643443950047e-14,0.8976073850379749,0.0002172161963536,0.0002420532382631,True,False,1.403995033764014e-05,1.40399503376352e-05,0.0007983011440719,0.000171800443528,0.99999999990144,,,601,9.258643443950047e-14,0.8976073850379749,0.0002172161963536,0.0002420532382631,True,False,1.403995033764014e-05,1.40399503376352e-05,0.0007983011440719,0.000171800443528,0.99999999990144,,,601,9.258643443950047e-14,0.8976073850379749,0.0002172161963536,0.0002420532382631,True,False,1.403995033764014e-05,1.40399503376352e-05,0.0007983011440719,0.000171800443528,0.99999999990144,,
ETAEDGE_LM,0.2,0.055,0.0538887743412299,True,,longwave_map10_N301,301,0.8742264301597471,0.873283120056312,166,600,1.1152156023876921e-13,0.8744366108304424,False,600,1.1152156023876921e-13,0.8744366108304424,0.0002101806706953,0.0002404190304071,True,False,1.7438945043019038e-05,1.743894504302055e-05,0.0008257605946878,0.0001702099467792,0.9999999998479416,,,600,1.1152156023876921e-13,0.8744366108304424,0.0002101806706953,0.0002404190304071,True,False,1.7438945043019038e-05,1.743894504302055e-05,0.0008257605946878,0.0001702099467792,0.9999999998479416,,,600,1.1152156023876921e-13,0.8744366108304424,0.0002101806706953,0.0002404190304071,True,False,1.7438945043019038e-05,1.743894504302055e-05,0.0008257605946878,0.0001702099467792,0.9999999998479416,,
HIGH_LOWM_COMPACTY,0.25,0.5625,0.5446382830604181,True,,standard_N301,301,0.3091340671043481,0.309518170278211,1,601,-4.4299512519249576e-14,0.3091678024296656,False,601,-4.4299512519249576e-14,0.3091678024296656,3.373532531747436e-05,0.000109128462073,True,False,6.046212740491095e-05,6.046212740491095e-05,0.0006595966957763,7.589143756481016e-05,0.9999999981721654,,,601,-4.4299512519249576e-14,0.3091678024296656,3.373532531747436e-05,0.000109128462073,True,False,6.046212740491095e-05,6.046212740491095e-05,0.0006595966957763,7.589143756481016e-05,0.9999999981721654,,,601,-4.4299512519249576e-14,0.3091678024296656,3.373532531747436e-05,0.000109128462073,True,False,6.046212740491095e-05,6.046212740491095e-05,0.0006595966957763,7.589143756481016e-05,0.9999999981721654,,
HIGH_LOWM_COMPACTY,0.25,0.6000000000000001,0.5809475019311127,True,,standard_N301,301,0.2788591844955741,0.2788526124053895,1,601,5.1809225144017895e-14,0.2789199761091528,False,601,5.1809225144017895e-14,0.2789199761091528,6.079161357869234e-05,0.0002180011165443,True,False,6.302556046025397e-05,6.302556046025397e-05,0.0007669489689432,9.618009572330738e-05,0.9999999980138892,,,601,5.1809225144017895e-14,0.2789199761091528,6.079161357869234e-05,0.0002180011165443,True,False,6.302556046025397e-05,6.302556046025397e-05,0.0007669489689432,9.618009572330738e-05,0.9999999980138892,,,601,5.1809225144017895e-14,0.2789199761091528,6.079161357869234e-05,0.0002180011165443,True,False,6.302556046025397e-05,6.302556046025397e-05,0.0007669489689432,9.618009572330738e-05,0.9999999980138892,,
HIGH_LOWM_COMPACTY,0.25,0.6375000000000001,0.6172567208018072,True,,standard_N301,301,0.2494992775319295,0.2491847793612313,1,601,-1.5062504723777894e-14,0.2495458293676457,False,601,-1.5062504723777894e-14,0.2495458293676457,4.655183571622423e-05,0.0001865810441485,True,False,6.353170423751594e-05,6.353170423751594e-05,0.000827826622144,8.671636954665143e-05,0.9999999979818612,,,601,-1.5062504723777894e-14,0.2495458293676457,4.655183571622423e-05,0.0001865810441485,True,False,6.353170423751594e-05,6.353170423751594e-05,0.000827826622144,8.671636954665143e-05,0.9999999979818612,,,601,-1.5062504723777894e-14,0.2495458293676457,4.655183571622423e-05,0.0001865810441485,True,False,6.353170423751594e-05,6.353170423751594e-05,0.000827826622144,8.671636954665143e-05,0.9999999979818612,,
NEUTRAL1_LOWM,0.25,0.6687500000000001,0.6475144031940526,True,,standard_N301,301,0.225629544654163,0.2257249403381503,1,601,1.280279323162652e-14,0.2256886191316422,False,601,1.280279323162652e-14,0.2256886191316422,5.9074477479159615e-05,0.00026182066524,True,False,6.525473071894089e-05,6.525473071894089e-05,0.000921703381773,9.782641604674298e-05,0.99999999787091,,,601,1.280279323162652e-14,0.2256886191316422,5.9074477479159615e-05,0.00026182066524,True,False,6.525473071894089e-05,6.525473071894089e-05,0.000921703381773,9.782641604674298e-05,0.99999999787091,,,601,1.280279323162652e-14,0.2256886191316422,5.9074477479159615e-05,0.00026182066524,True,False,6.525473071894089e-05,6.525473071894089e-05,0.000921703381773,9.782641604674298e-05,0.99999999787091,,
NEUTRAL1_LOWM,0.25,0.7250000000000001,0.7019782315000944,True,,standard_N301,301,0.1840195764604268,0.1840452716249509,1,601,8.332626294000769e-14,0.1840565906994603,False,601,8.332626294000769e-14,0.1840565906994603,3.701423903346157e-05,0.0002011429422098,True,False,6.544491038676933e-05,6.544491038676933e-05,0.0010539577558567,8.266677206254832e-05,0.9999999978584818,,,601,8.332626294000769e-14,0.1840565906994603,3.701423903346157e-05,0.0002011429422098,True,False,6.544491038676933e-05,6.544491038676933e-05,0.0010539577558567,8.266677206254832e-05,0.9999999978584818,,,601,8.332626294000769e-14,0.1840565906994603,3.701423903346157e-05,0.0002011429422098,True,False,6.544491038676933e-05,6.544491038676933e-05,0.0010539577558567,8.266677206254832e-05,0.9999999978584818,,
NEUTRAL1_LOWM,0.25,0.78125,0.7564420598061361,True,,standard_N301,301,0.1439449911684363,0.1437694293180056,1,601,-3.0784691733898923e-16,0.1439615155290473,False,601,-3.0784691733898923e-16,0.1439615155290473,1.6524360610947753e-05,0.000114796357114,True,False,6.594970269049076e-05,6.594970269049076e-05,0.0012380926637314,7.284474937960256e-05,0.9999999978253185,,,601,-3.0784691733898923e-16,0.1439615155290473,1.6524360610947753e-05,0.000114796357114,True,False,6.594970269049076e-05,6.594970269049076e-05,0.0012380926637314,7.284474937960256e-05,0.9999999978253185,,,601,-3.0784691733898923e-16,0.1439615155290473,1.6524360610947753e-05,0.000114796357114,True,False,6.594970269049076e-05,6.594970269049076e-05,0.0012380926637314,7.284474937960256e-05,0.9999999978253185,,
NEUTRAL2_LOWM,0.25,0.8150000000000001,0.7891203567897612,True,,standard_N301,301,0.1205485059615295,0.121006749318906,149,600,-4.046380721355257e-15,0.1205769855388406,False,600,-4.046380721355257e-15,0.1205769855388406,2.8479577311155132e-05,0.0002362499400883,True,False,6.72316540111147e-05,6.72316540111147e-05,0.0014093734564292,7.901335868070974e-05,0.9999999977399524,,,600,-4.046380721355257e-15,0.1205769855388406,2.8479577311155132e-05,0.0002362499400883,True,False,6.72316540111147e-05,6.72316540111147e-05,0.0014093734564292,7.901335868070974e-05,0.9999999977399524,,,600,-4.046380721355257e-15,0.1205769855388406,2.8479577311155132e-05,0.0002362499400883,True,False,6.72316540111147e-05,6.72316540111147e-05,0.0014093734564292,7.901335868070974e-05,0.9999999977399524,,
NEUTRAL2_LOWM,0.25,0.8600000000000001,0.8326914194345948,True,,standard_N301,301,0.0900958250320234,0.0900983808423178,153,600,-5.125607070640739e-15,0.0901194233411562,False,600,-5.125607070640739e-15,0.0901194233411562,2.359830913288563e-05,0.0002619245578193,True,False,6.818496326295825e-05,6.818496326295825e-05,0.0016736861687524,7.693048142191844e-05,0.9999999976754056,,,600,-5.125607070640739e-15,0.0901194233411562,2.359830913288563e-05,0.0002619245578193,True,False,6.818496326295825e-05,6.818496326295825e-05,0.0016736861687524,7.693048142191844e-05,0.9999999976754056,,,600,-5.125607070640739e-15,0.0901194233411562,2.359830913288563e-05,0.0002619245578193,True,False,6.818496326295825e-05,6.818496326295825e-05,0.0016736861687524,7.693048142191844e-05,0.9999999976754056,,
NEUTRAL2_LOWM,0.25,0.905,0.8762624820794281,True,,standard_N301,301,0.0604123993733289,0.0602278955417297,1,601,3.397043208104701e-14,0.0604264100183832,False,601,3.397043208104701e-14,0.0604264100183832,1.40106450542965e-05,0.0002319167124569,True,False,6.913039950115213e-05,6.913039950115213e-05,0.0020505922222067,7.327546267297835e-05,0.9999999976104936,,,601,3.397043208104701e-14,0.0604264100183832,1.40106450542965e-05,0.0002319167124569,True,False,6.913039950115213e-05,6.913039950115213e-05,0.0020505922222067,7.327546267297835e-05,0.9999999976104936,,,601,3.397043208104701e-14,0.0604264100183832,1.40106450542965e-05,0.0002319167124569,True,False,6.913039950115213e-05,6.913039950115213e-05,0.0020505922222067,7.327546267297835e-05,0.9999999976104936,,
NEUTRAL3_LOWM,0.25,0.9275,0.8980480134018448,True,,near_neutral_N401,401,0.0458298144702688,0.0451614030365904,1,801,-1.7545096531841558e-13,0.0458443444571608,False,801,-1.7545096531841558e-13,0.0458443444571608,1.452998689202567e-05,0.0002905997378405,True,False,3.957859205693534e-05,3.957859205693534e-05,0.0013442508272408,4.445697002688216e-05,0.9999999992167676,,,801,-1.7545096531841558e-13,0.0458443444571608,1.452998689202567e-05,0.0002905997378405,True,False,3.957859205693534e-05,3.957859205693534e-05,0.0013442508272408,4.445697002688216e-05,0.9999999992167676,,,801,-1.7545096531841558e-13,0.0458443444571608,1.452998689202567e-05,0.0002905997378405,True,False,3.957859205693534e-05,3.957859205693534e-05,0.0013442508272408,4.445697002688216e-05,0.9999999992167676,,
NEUTRAL3_LOWM,0.25,0.95,0.9198335447242616,True,,near_neutral_N401,401,0.0314177422438594,0.0316922748804441,173,801,-7.135718691070047e-13,0.0314192866515773,False,801,-7.135718691070047e-13,0.0314192866515773,1.544407717879448e-06,3.088815435758896e-05,True,False,3.96075036228293e-05,3.96075036228293e-05,0.0015695133006895,4.013981359973057e-05,0.9999999992156224,,,801,-7.135718691070047e-13,0.0314192866515773,1.544407717879448e-06,3.088815435758896e-05,True,False,3.96075036228293e-05,3.96075036228293e-05,0.0015695133006895,4.013981359973057e-05,0.9999999992156224,,,801,-7.135718691070047e-13,0.0314192866515773,1.544407717879448e-06,3.088815435758896e-05,True,False,3.96075036228293e-05,3.96075036228293e-05,0.0015695133006895,4.013981359973057e-05,0.9999999992156224,,
NEUTRAL3_LOWM,0.25,0.9725,0.9416190760466784,True,,near_neutral_N401,401,0.0171997347179922,0.0161140980351742,4,805,-2.067353348913056e-12,0.0167384048475689,False,805,-2.067353348913056e-12,0.0167384048475689,0.0004613298704232,0.0092265974084659,True,False,0.0001927173123069,0.0001927173123069,0.0025726674073066,0.0006020270245046,0.9999999814300188,,,805,-2.067353348913056e-12,0.0167384048475689,0.0004613298704232,0.0092265974084659,True,False,0.0001927173123069,0.0001927173123069,0.0025726674073066,0.0006020270245046,0.9999999814300188,,,805,-2.067353348913056e-12,0.0167384048475689,0.0004613298704232,0.0092265974084659,True,False,0.0001927173123069,0.0001927173123069,0.0025726674073066,0.0006020270245046,0.9999999814300188,,
ETAEDGE_MM,0.3,0.025,0.0238484800354236,True,,longwave_map10_N301,301,0.8816653863598624,0.8726517066655197,164,601,7.997718394461509e-14,0.8818862854971931,False,601,7.997718394461509e-14,0.8818862854971931,0.0002208991373306,0.000250547589537,True,False,9.36497268577285e-06,9.364972685772288e-06,0.0007820276121904,0.0001769121137698,0.9999999999561489,,,601,7.997718394461509e-14,0.8818862854971931,0.0002208991373306,0.000250547589537,True,False,9.36497268577285e-06,9.364972685772288e-06,0.0007820276121904,0.0001769121137698,0.9999999999561489,,,601,7.997718394461509e-14,0.8818862854971931,0.0002208991373306,0.000250547589537,True,False,9.36497268577285e-06,9.364972685772288e-06,0.0007820276121904,0.0001769121137698,0.9999999999561489,,
ETAEDGE_MM,0.3,0.04,0.0381575680566778,True,,longwave_map10_N301,301,0.8594038787441746,0.8551865378097001,1,601,1.2101833735117885e-13,0.8596162828326602,False,601,1.2101833735117885e-13,0.8596162828326602,0.0002124040884856,0.0002471528157355,True,False,1.368808761047339e-05,1.3688087610474814e-05,0.0007975704225345,0.0001735545147455,0.9999999999063182,,,601,1.2101833735117885e-13,0.8596162828326602,0.0002124040884856,0.0002471528157355,True,False,1.368808761047339e-05,1.3688087610474814e-05,0.0007975704225345,0.0001735545147455,0.9999999999063182,,,601,1.2101833735117885e-13,0.8596162828326602,0.0002124040884856,0.0002471528157355,True,False,1.368808761047339e-05,1.3688087610474814e-05,0.0007975704225345,0.0001735545147455,0.9999999999063182,,
ETAEDGE_MM,0.3,0.055,0.052466656077932,True,,longwave_map10_N301,301,0.8376907707326658,0.8251252768969106,139,600,4.119624174157692e-14,0.8378933486753263,False,600,4.119624174157692e-14,0.8378933486753263,0.0002025779426604,0.0002418290253851,True,False,1.726627946502865e-05,1.7266279465028346e-05,0.0008212118938254,0.0001696488034862,0.999999999850938,,,600,4.119624174157692e-14,0.8378933486753263,0.0002025779426604,0.0002418290253851,True,False,1.726627946502865e-05,1.7266279465028346e-05,0.0008212118938254,0.0001696488034862,0.999999999850938,,,600,4.119624174157692e-14,0.8378933486753263,0.0002025779426604,0.0002418290253851,True,False,1.726627946502865e-05,1.7266279465028346e-05,0.0008212118938254,0.0001696488034862,0.999999999850938,,
ETAEDGE_LM,0.35,0.025,0.0234187424939939,True,,longwave_map10_N301,301,0.8581689628452915,0.8600854261557153,1,601,-4.5157017850735016e-14,0.8583821777254269,False,601,-4.5157017850735016e-14,0.8583821777254269,0.0002132148801353,0.0002484532642947,True,False,9.14072198964432e-06,9.140721989634008e-06,0.000776809401242,0.000174601589309,0.9999999999582236,,,601,-4.5157017850735016e-14,0.8583821777254269,0.0002132148801353,0.0002484532642947,True,False,9.14072198964432e-06,9.140721989634008e-06,0.000776809401242,0.000174601589309,0.9999999999582236,,,601,-4.5157017850735016e-14,0.8583821777254269,0.0002132148801353,0.0002484532642947,True,False,9.14072198964432e-06,9.140721989634008e-06,0.000776809401242,0.000174601589309,0.9999999999582236,,
ETAEDGE_LM,0.35,0.04,0.0374699879903903,True,,longwave_map10_N301,301,0.8367185750014722,0.8353745565559857,1,600,-1.5186603143546882e-14,0.8369428412674674,False,600,-1.5186603143546882e-14,0.8369428412674674,0.0002242662659952,0.0002680307007584,True,False,1.3571280802475487e-05,1.357128080248156e-05,0.0008101368074861,0.0001852016021872,0.99999999990791,,,600,-1.5186603143546882e-14,0.8369428412674674,0.0002242662659952,0.0002680307007584,True,False,1.3571280802475487e-05,1.357128080248156e-05,0.0008101368074861,0.0001852016021872,0.99999999990791,,,600,-1.5186603143546882e-14,0.8369428412674674,0.0002242662659952,0.0002680307007584,True,False,1.3571280802475487e-05,1.357128080248156e-05,0.0008101368074861,0.0001852016021872,0.99999999990791,,
ETAEDGE_LM,0.35,0.055,0.0515212334867867,True,,longwave_map10_N301,301,0.81579741277396,0.8191463508047353,161,596,3.752030251135449e-14,0.8160248974754101,False,596,3.752030251135449e-14,0.8160248974754101,0.00022748470145,0.0002788495009766,True,False,1.7602660001866448e-05,1.760266000186433e-05,0.0008475166280652,0.0001907810471727,0.9999999998450732,,,596,3.752030251135449e-14,0.8160248974754101,0.00022748470145,0.0002788495009766,True,False,1.7602660001866448e-05,1.760266000186433e-05,0.0008475166280652,0.0001907810471727,0.9999999998450732,,,596,3.752030251135449e-14,0.8160248974754101,0.00022748470145,0.0002788495009766,True,False,1.7602660001866448e-05,1.760266000186433e-05,0.0008475166280652,0.0001907810471727,0.9999999998450732,,
HIGH_HIM,0.35,0.51875,0.4859389067503754,True,,standard_N301,301,0.3338541371768642,0.3351547594753568,1,601,3.504260464740528e-14,0.3339152526600727,False,601,3.504260464740528e-14,0.3339152526600727,6.111548320847371e-05,0.0001830604338927,True,False,5.747036009686148e-05,5.747036009685761e-05,0.000618334607396,9.149045238343873e-05,0.9999999983485792,,,601,3.504260464740528e-14,0.3339152526600727,6.111548320847371e-05,0.0001830604338927,True,False,5.747036009686148e-05,5.747036009685761e-05,0.000618334607396,9.149045238343873e-05,0.9999999983485792,,,601,3.504260464740528e-14,0.3339152526600727,6.111548320847371e-05,0.0001830604338927,True,False,5.747036009686148e-05,5.747036009685761e-05,0.000618334607396,9.149045238343873e-05,0.9999999983485792,,
HIGH_HIM,0.35,0.575,0.5386310773618618,True,,standard_N301,301,0.289188278950111,0.2892696937455591,1,601,2.402546943292715e-15,0.2892310532934515,False,601,2.402546943292715e-15,0.2892310532934515,4.277434334049035e-05,0.0001479117462705,True,False,5.938026586443428e-05,5.938026586443024e-05,0.0006864557259822,8.074437055249853e-05,0.999999998236992,,,601,2.402546943292715e-15,0.2892310532934515,4.277434334049035e-05,0.0001479117462705,True,False,5.938026586443428e-05,5.938026586443024e-05,0.0006864557259822,8.074437055249853e-05,0.999999998236992,,,601,2.402546943292715e-15,0.2892310532934515,4.277434334049035e-05,0.0001479117462705,True,False,5.938026586443428e-05,5.938026586443024e-05,0.0006864557259822,8.074437055249853e-05,0.999999998236992,,
HIGH_HIM,0.35,0.63125,0.5913232479733483,True,,standard_N301,301,0.246373110362067,0.2458966420082262,147,600,7.958856670174775e-14,0.2464076228450758,False,600,7.958856670174775e-14,0.2464076228450758,3.451248300878618e-05,0.0001400821824998,True,False,6.106382516329075e-05,6.106382516328753e-05,0.0007867607944713,7.760383156637763e-05,0.9999999981356044,,,600,7.958856670174775e-14,0.2464076228450758,3.451248300878618e-05,0.0001400821824998,True,False,6.106382516329075e-05,6.106382516328753e-05,0.0007867607944713,7.760383156637763e-05,0.9999999981356044,,,600,7.958856670174775e-14,0.2464076228450758,3.451248300878618e-05,0.0001400821824998,True,False,6.106382516329075e-05,6.106382516328753e-05,0.0007867607944713,7.760383156637763e-05,0.9999999981356044,,
NEUTRAL1_HIM,0.35,0.6687500000000001,0.6264513617143393,True,,standard_N301,301,0.2187467683401087,0.2189524627854876,1,601,-2.4285170218395416e-13,0.2187935655340011,False,601,-2.4285170218395416e-13,0.2187935655340011,4.6797193892389455e-05,0.000213933189722,True,False,6.258984369059184e-05,6.258984369059324e-05,0.0008895610313377,8.72336369376879e-05,0.9999999980412556,,,601,-2.4285170218395416e-13,0.2187935655340011,4.6797193892389455e-05,0.000213933189722,True,False,6.258984369059184e-05,6.258984369059324e-05,0.0008895610313377,8.72336369376879e-05,0.9999999980412556,,,601,-2.4285170218395416e-13,0.2187935655340011,4.6797193892389455e-05,0.000213933189722,True,False,6.258984369059184e-05,6.258984369059324e-05,0.0008895610313377,8.72336369376879e-05,0.9999999980412556,,
NEUTRAL1_HIM,0.35,0.7250000000000001,0.6791435323258259,True,,standard_N301,301,0.1786072857878007,0.1786270107050556,1,601,2.8364891418050972e-14,0.1786446869467809,False,601,2.8364891418050972e-14,0.1786446869467809,3.740115898021035e-05,0.000209404441791,True,False,6.362372655004097e-05,6.36237265500369e-05,0.0010334357763311,8.19270736521374e-05,0.9999999979760106,,,601,2.8364891418050972e-14,0.1786446869467809,3.740115898021035e-05,0.000209404441791,True,False,6.362372655004097e-05,6.36237265500369e-05,0.0010334357763311,8.19270736521374e-05,0.9999999979760106,,,601,2.8364891418050972e-14,0.1786446869467809,3.740115898021035e-05,0.000209404441791,True,False,6.362372655004097e-05,6.36237265500369e-05,0.0010334357763311,8.19270736521374e-05,0.9999999979760106,,
NEUTRAL1_HIM,0.35,0.78125,0.7318357029373123,True,,standard_N301,301,0.1398450570803511,0.1395026229880061,143,600,2.4121351159921743e-15,0.1398846861337502,False,600,2.4121351159921743e-15,0.1398846861337502,3.96290533991317e-05,0.0002833782918502,True,False,6.501003160054972e-05,6.501003160054288e-05,0.0012355799564141,8.470966377782527e-05,0.999999997886848,,,600,2.4121351159921743e-15,0.1398846861337502,3.96290533991317e-05,0.0002833782918502,True,False,6.501003160054972e-05,6.501003160054288e-05,0.0012355799564141,8.470966377782527e-05,0.999999997886848,,,600,2.4121351159921743e-15,0.1398846861337502,3.96290533991317e-05,0.0002833782918502,True,False,6.501003160054972e-05,6.501003160054288e-05,0.0012355799564141,8.470966377782527e-05,0.999999997886848,,
NEUTRAL2_HIM,0.35,0.8150000000000001,0.7634510053042043,True,,standard_N301,301,0.117225555754765,0.1176299958934273,151,600,-2.147575917977604e-16,0.1172374771135864,False,600,-2.147575917977604e-16,0.1172374771135864,1.192135882138734e-05,0.0001016959036332,True,False,6.477473902063931e-05,6.477473902063443e-05,0.0013560476406184,7.01427389071048e-05,0.9999999979021166,,,600,-2.147575917977604e-16,0.1172374771135864,1.192135882138734e-05,0.0001016959036332,True,False,6.477473902063931e-05,6.477473902063443e-05,0.0013560476406184,7.01427389071048e-05,0.9999999979021166,,,600,-2.147575917977604e-16,0.1172374771135864,1.192135882138734e-05,0.0001016959036332,True,False,6.477473902063931e-05,6.477473902063443e-05,0.0013560476406184,7.01427389071048e-05,0.9999999979021166,,
NEUTRAL2_HIM,0.35,0.8600000000000001,0.8056047417933935,True,,standard_N301,301,0.0876754688282391,0.0876837171424721,156,601,2.8548354452401148e-15,0.0876955863097033,False,601,2.8548354452401148e-15,0.0876955863097033,2.011748146418801e-05,0.0002294539365805,True,False,6.595068659359054e-05,6.595068659358952e-05,0.0016230596200195,7.35596406295058e-05,0.9999999978252534,,,601,2.8548354452401148e-15,0.0876955863097033,2.011748146418801e-05,0.0002294539365805,True,False,6.595068659359054e-05,6.595068659358952e-05,0.0016230596200195,7.35596406295058e-05,0.9999999978252534,,,601,2.8548354452401148e-15,0.0876955863097033,2.011748146418801e-05,0.0002294539365805,True,False,6.595068659359054e-05,6.595068659358952e-05,0.0016230596200195,7.35596406295058e-05,0.9999999978252534,,
NEUTRAL2_HIM,0.35,0.905,0.8477584782825826,True,,standard_N301,301,0.0588383792959479,0.0579272531601812,1,601,4.8005903081220255e-14,0.05884726593296,False,601,4.8005903081220255e-14,0.05884726593296,8.886637012081589e-06,0.0001510347007925,True,False,6.677293699108614e-05,6.677293699109104e-05,0.0019834023341102,6.977041708827897e-05,0.9999999977706872,,,601,4.8005903081220255e-14,0.05884726593296,8.886637012081589e-06,0.0001510347007925,True,False,6.677293699108614e-05,6.677293699109104e-05,0.0019834023341102,6.977041708827897e-05,0.9999999977706872,,,601,4.8005903081220255e-14,0.05884726593296,8.886637012081589e-06,0.0001510347007925,True,False,6.677293699108614e-05,6.677293699109104e-05,0.0019834023341102,6.977041708827897e-05,0.9999999977706872,,
NEUTRAL3_HIM,0.35,0.9275,0.8688353465271772,True,,near_neutral_N401,401,0.0446516114614411,0.0447621503415371,1,801,7.923708919294494e-14,0.0446633892665362,False,801,7.923708919294494e-14,0.0446633892665362,1.177780509513393e-05,0.0002355561019026,True,False,3.807571847921165e-05,3.807571847920701e-05,0.0012999131121615,4.187605045473562e-05,0.99999999927512,,,801,7.923708919294494e-14,0.0446633892665362,1.177780509513393e-05,0.0002355561019026,True,False,3.807571847921165e-05,3.807571847920701e-05,0.0012999131121615,4.187605045473562e-05,0.99999999927512,,,801,7.923708919294494e-14,0.0446633892665362,1.177780509513393e-05,0.0002355561019026,True,False,3.807571847921165e-05,3.807571847920701e-05,0.0012999131121615,4.187605045473562e-05,0.99999999927512,,
NEUTRAL3_HIM,0.35,0.95,0.8899122147717717,True,,near_neutral_N401,401,0.0306294355671315,0.0268380750919819,1,801,5.948054248727263e-13,0.0306173266809474,False,801,5.948054248727263e-13,0.0306173266809474,1.2108886184022257e-05,0.0002421777236804,True,False,3.8462182570292406e-05,3.846218257029759e-05,0.0015127291786326,4.158068426484577e-05,0.99999999926033,,,801,5.948054248727263e-13,0.0306173266809474,1.2108886184022257e-05,0.0002421777236804,True,False,3.8462182570292406e-05,3.846218257029759e-05,0.0015127291786326,4.158068426484577e-05,0.99999999926033,,,801,5.948054248727263e-13,0.0306173266809474,1.2108886184022257e-05,0.0002421777236804,True,False,3.8462182570292406e-05,3.846218257029759e-05,0.0015127291786326,4.158068426484577e-05,0.99999999926033,,
NEUTRAL3_HIM,0.35,0.9725,0.9109890830163664,True,,near_neutral_N401,401,0.016770228571792,0.0141202745262678,2,804,2.085375640549057e-12,0.0162631878009063,False,804,2.085375640549057e-12,0.0162631878009063,0.0005070407708856,0.0101408154177127,True,False,0.0001896637713953,0.0001896637713953,0.0026218335110638,0.0006689439865103,0.9999999820138268,,,804,2.085375640549057e-12,0.0162631878009063,0.0005070407708856,0.0101408154177127,True,False,0.0001896637713953,0.0001896637713953,0.0026218335110638,0.0006689439865103,0.9999999820138268,,,804,2.085375640549057e-12,0.0162631878009063,0.0005070407708856,0.0101408154177127,True,False,0.0001896637713953,0.0001896637713953,0.0026218335110638,0.0006689439865103,0.9999999820138268,,
VLOW_EXTREME_CI_ONLY,0.4,0.05875,0.0538452644157311,True,,longwave_map10_N301,301,0.7871363022579265,0.7867140328949714,1,593,1.6332385687194012e-14,0.7873796256978598,False,593,1.6332385687194012e-14,0.7873796256978598,0.0002433234399332,0.0003091249117024,True,False,1.92434503366918e-05,1.9243450336691917e-05,0.0008675520434491,0.0002065389830902,0.9999999998148448,,,593,1.6332385687194012e-14,0.7873796256978598,0.0002433234399332,0.0003091249117024,True,False,1.92434503366918e-05,1.9243450336691917e-05,0.0008675520434491,0.0002065389830902,0.9999999998148448,,,593,1.6332385687194012e-14,0.7873796256978598,0.0002433234399332,0.0003091249117024,True,False,1.92434503366918e-05,1.9243450336691917e-05,0.0008675520434491,0.0002065389830902,0.9999999998148448,,
VLOW_EXTREME_CI_ONLY,0.4,0.0849999999999999,0.0779037868142492,True,,longwave_map10_N301,301,0.7533045086444834,0.7533267460709145,1,591,-1.7903053566568085e-14,0.7535360413721318,False,591,-1.7903053566568085e-14,0.7535360413721318,0.0002315327276484,0.0003073560890602,True,False,2.6492850118679824e-05,2.6492850118680105e-05,0.0009006996399833,0.0002032371364798,0.9999999996490644,,,591,-1.7903053566568085e-14,0.7535360413721318,0.0002315327276484,0.0003073560890602,True,False,2.6492850118679824e-05,2.6492850118680105e-05,0.0009006996399833,0.0002032371364798,0.9999999996490644,,,591,-1.7903053566568085e-14,0.7535360413721318,0.0002315327276484,0.0003073560890602,True,False,2.6492850118679824e-05,2.6492850118680105e-05,0.0009006996399833,0.0002032371364798,0.9999999996490644,,
VLOW_EXTREME_CI_ONLY,0.4,0.11125,0.1019623092127674,True,,longwave_map10_N301,301,0.7207448000118242,0.7202665367921821,1,590,-2.857203590408036e-15,0.720995554699351,False,590,-2.857203590408036e-15,0.720995554699351,0.0002507546875267,0.0003479105052477,True,False,3.528743467070779e-05,3.5287434670699014e-05,0.0009649087106267,0.0002247496748472,0.9999999993773984,,,590,-2.857203590408036e-15,0.720995554699351,0.0002507546875267,0.0003479105052477,True,False,3.528743467070779e-05,3.5287434670699014e-05,0.0009649087106267,0.0002247496748472,0.9999999993773984,,,590,-2.857203590408036e-15,0.720995554699351,0.0002507546875267,0.0003479105052477,True,False,3.528743467070779e-05,3.5287434670699014e-05,0.0009649087106267,0.0002247496748472,0.9999999993773984,,
VLOW_MOD_QSCALED,0.4,0.1362499999999999,0.1248751876875466,True,,standard_N301,301,0.6908621562504992,0.6911296856998032,154,595,1.992171479143637e-15,0.6909219144843344,False,595,1.992171479143637e-15,0.6909219144843344,5.9758233835194297e-05,8.64980565146582e-05,True,False,5.740867546224309e-05,5.7408675462241095e-05,0.0002751833589873,7.555738510809813e-05,0.9999999983521222,,,595,1.992171479143637e-15,0.6909219144843344,5.9758233835194297e-05,8.64980565146582e-05,True,False,5.740867546224309e-05,5.7408675462241095e-05,0.0002751833589873,7.555738510809813e-05,0.9999999983521222,,,595,1.992171479143637e-15,0.6909219144843344,5.9758233835194297e-05,8.64980565146582e-05,True,False,5.740867546224309e-05,5.7408675462241095e-05,0.0002751833589873,7.555738510809813e-05,0.9999999983521222,,
VLOW_MOD_QSCALED,0.4,0.185,0.169555300713366,True,,standard_N301,301,0.6354351688851714,0.6354546299596626,1,594,-1.3158824545212216e-14,0.6354784399544897,False,594,-1.3158824545212216e-14,0.6354784399544897,4.327106931834024e-05,6.809674918411652e-05,True,False,5.6884864045151e-05,5.688486404515688e-05,0.0002830573477992,6.971660763768684e-05,0.9999999983820556,,,594,-1.3158824545212216e-14,0.6354784399544897,4.327106931834024e-05,6.809674918411652e-05,True,False,5.6884864045151e-05,5.688486404515688e-05,0.0002830573477992,6.971660763768684e-05,0.9999999983820556,,,594,-1.3158824545212216e-14,0.6354784399544897,4.327106931834024e-05,6.809674918411652e-05,True,False,5.6884864045151e-05,5.688486404515688e-05,0.0002830573477992,6.971660763768684e-05,0.9999999983820556,,
VLOW_MOD_QSCALED,0.4,0.23375,0.2142354137391855,True,,standard_N301,301,0.5832851456056853,0.5825262808694801,1,594,-3.81813894489768e-15,0.5833472851803618,False,594,-3.81813894489768e-15,0.5833472851803618,6.213957467648967e-05,0.0001065337856529,True,False,5.60419822346882e-05,5.604198223469067e-05,0.0003290961104825,8.133217712792572e-05,0.999999998429648,,,594,-3.81813894489768e-15,0.5833472851803618,6.213957467648967e-05,0.0001065337856529,True,False,5.60419822346882e-05,5.604198223469067e-05,0.0003290961104825,8.133217712792572e-05,0.999999998429648,,,594,-3.81813894489768e-15,0.5833472851803618,6.213957467648967e-05,0.0001065337856529,True,False,5.60419822346882e-05,5.604198223469067e-05,0.0003290961104825,8.133217712792572e-05,0.999999998429648,,
LOW,0.4,0.26875,0.2463134436038764,True,,standard_N301,301,0.5476471123796948,0.5490481732703828,1,594,-7.788890249746157e-15,0.5477240577652003,False,594,-7.788890249746157e-15,0.5477240577652003,7.694538550551133e-05,0.0001405017643043,True,False,5.633016678897525e-05,5.633016678897605e-05,0.0003707731584012,9.354467834205166e-05,0.999999998413456,,,594,-7.788890249746157e-15,0.5477240577652003,7.694538550551133e-05,0.0001405017643043,True,False,5.633016678897525e-05,5.633016678897605e-05,0.0003707731584012,9.354467834205166e-05,0.999999998413456,,,594,-7.788890249746157e-15,0.5477240577652003,7.694538550551133e-05,0.0001405017643043,True,False,5.633016678897525e-05,5.633016678897605e-05,0.0003707731584012,9.354467834205166e-05,0.999999998413456,,
LOW,0.4,0.325,0.2978674201721296,True,,standard_N301,301,0.4932064076336067,0.4928422050399935,1,596,-4.785703688198821e-15,0.4932647522221996,False,596,-4.785703688198821e-15,0.4932647522221996,5.834458859294012e-05,0.0001182964934962,True,False,5.865003736654363e-05,5.865003736654212e-05,0.0003929845672568,8.527724101073289e-05,0.9999999982800865,,,596,-4.785703688198821e-15,0.4932647522221996,5.834458859294012e-05,0.0001182964934962,True,False,5.865003736654363e-05,5.865003736654212e-05,0.0003929845672568,8.527724101073289e-05,0.9999999982800865,,,596,-4.785703688198821e-15,0.4932647522221996,5.834458859294012e-05,0.0001182964934962,True,False,5.865003736654363e-05,5.865003736654212e-05,0.0003929845672568,8.527724101073289e-05,0.9999999982800865,,
MID,0.4,0.375,0.343693177121688,True,,standard_N301,301,0.4473680361977575,0.4478601436393707,1,596,1.2574441442474997e-15,0.4474241215104486,False,596,1.2574441442474997e-15,0.4474241215104486,5.608531269102324e-05,0.0001253672773935,True,False,6.072839623293724e-05,6.072839623293667e-05,0.0004359392778592,8.740929149231142e-05,0.9999999981560312,,,596,1.2574441442474997e-15,0.4474241215104486,5.608531269102324e-05,0.0001253672773935,True,False,6.072839623293724e-05,6.072839623293667e-05,0.0004359392778592,8.740929149231142e-05,0.9999999981560312,,,596,1.2574441442474997e-15,0.4474241215104486,5.608531269102324e-05,0.0001253672773935,True,False,6.072839623293724e-05,6.072839623293667e-05,0.0004359392778592,8.740929149231142e-05,0.9999999981560312,,
LOW,0.4,0.38125,0.3494213967403828,True,,standard_N301,301,0.4417725861664667,0.4416935871535326,145,595,-2.688145800415988e-15,0.441849020879729,False,595,-2.688145800415988e-15,0.441849020879729,7.643471326224116e-05,0.0001730182352995,True,False,6.091839423660977e-05,6.091839423660711e-05,0.0004679999948692,0.0001024159627181,0.9999999981444746,,,595,-2.688145800415988e-15,0.441849020879729,7.643471326224116e-05,0.0001730182352995,True,False,6.091839423660977e-05,6.091839423660711e-05,0.0004679999948692,0.0001024159627181,0.9999999981444746,,,595,-2.688145800415988e-15,0.441849020879729,7.643471326224116e-05,0.0001730182352995,True,False,6.091839423660977e-05,6.091839423660711e-05,0.0004679999948692,0.0001024159627181,0.9999999981444746,,
MID,0.4,0.45,0.4124318125460256,True,,standard_N301,301,0.3825122307329936,0.3825017591903246,1,601,-1.039006446969598e-14,0.3825862239375505,False,601,-1.039006446969598e-14,0.3825862239375505,7.399320455692138e-05,0.0001934401010266,True,False,5.534627968343025e-05,5.534627968342563e-05,0.0005403154254951,9.931808169588954e-05,0.9999999984683944,,,601,-1.039006446969598e-14,0.3825862239375505,7.399320455692138e-05,0.0001934401010266,True,False,5.534627968343025e-05,5.534627968342563e-05,0.0005403154254951,9.931808169588954e-05,0.9999999984683944,,,601,-1.039006446969598e-14,0.3825862239375505,7.399320455692138e-05,0.0001934401010266,True,False,5.534627968343025e-05,5.534627968342563e-05,0.0005403154254951,9.931808169588954e-05,0.9999999984683944,,
MID,0.4,0.525,0.4811704479703632,True,,standard_N301,301,0.3217555394014444,0.3212961892330491,1,601,2.6841601034547256e-14,0.3217988991792761,False,601,2.6841601034547256e-14,0.3217988991792761,4.335977783165301e-05,0.0001347600041706,True,False,5.6089927827839256e-05,5.608992782783725e-05,0.00060080631262,7.814125443147633e-05,0.99999999842696,,,601,2.6841601034547256e-14,0.3217988991792761,4.335977783165301e-05,0.0001347600041706,True,False,5.6089927827839256e-05,5.608992782783725e-05,0.00060080631262,7.814125443147633e-05,0.99999999842696,,,601,2.6841601034547256e-14,0.3217988991792761,4.335977783165301e-05,0.0001347600041706,True,False,5.6089927827839256e-05,5.608992782783725e-05,0.00060080631262,7.814125443147633e-05,0.99999999842696,,
HIGH_LOWM_COMPACTY,0.4,0.5625,0.515539765682532,True,,standard_N301,301,0.2926877091957561,0.292330865067586,1,601,8.103317440421524e-15,0.2927309064064071,False,601,8.103317440421524e-15,0.2927309064064071,4.319721065104698e-05,0.0001475880581721,True,False,5.770022430898705e-05,5.770022430898446e-05,0.0006601757910153,7.98937673426509e-05,0.999999998335342,,,601,8.103317440421524e-15,0.2927309064064071,4.319721065104698e-05,0.0001475880581721,True,False,5.770022430898705e-05,5.770022430898446e-05,0.0006601757910153,7.98937673426509e-05,0.999999998335342,,,601,8.103317440421524e-15,0.2927309064064071,4.319721065104698e-05,0.0001475880581721,True,False,5.770022430898705e-05,5.770022430898446e-05,0.0006601757910153,7.98937673426509e-05,0.999999998335342,,
HIGH_LOWM_COMPACTY,0.4,0.6000000000000001,0.5499090833947009,True,,standard_N301,301,0.264397232550993,0.2650867949225134,1,601,8.981992442101903e-14,0.2644589232592544,False,601,8.981992442101903e-14,0.2644589232592544,6.169070826139711e-05,0.0002333258471209,True,False,5.9693271108255744e-05,5.969327110825246e-05,0.0007523094914597,9.641713590686663e-05,0.9999999982183568,,,601,8.981992442101903e-14,0.2644589232592544,6.169070826139711e-05,0.0002333258471209,True,False,5.9693271108255744e-05,5.969327110825246e-05,0.0007523094914597,9.641713590686663e-05,0.9999999982183568,,,601,8.981992442101903e-14,0.2644589232592544,6.169070826139711e-05,0.0002333258471209,True,False,5.9693271108255744e-05,5.969327110825246e-05,0.0007523094914597,9.641713590686663e-05,0.9999999982183568,,
HIGH_LOWM_COMPACTY,0.4,0.6375000000000001,0.5842784011068697,True,,standard_N301,301,0.2368809763157907,0.2363381403963195,1,601,2.187732225787311e-13,0.2369249779040642,False,601,2.187732225787311e-13,0.2369249779040642,4.4001588273473446e-05,0.0001857539974624,True,False,6.039165736821128e-05,6.0391657368210246e-05,0.0008042928845116,8.357886723368648e-05,0.9999999981764236,,,601,2.187732225787311e-13,0.2369249779040642,4.4001588273473446e-05,0.0001857539974624,True,False,6.039165736821128e-05,6.0391657368210246e-05,0.0008042928845116,8.357886723368648e-05,0.9999999981764236,,,601,2.187732225787311e-13,0.2369249779040642,4.4001588273473446e-05,0.0001857539974624,True,False,6.039165736821128e-05,6.0391657368210246e-05,0.0008042928845116,8.357886723368648e-05,0.9999999981764236,,
NEUTRAL1_LOWM,0.4,0.6687500000000001,0.6129194992003436,True,,standard_N301,301,0.2144492310880795,0.2146998688887488,1,601,-4.5498615756118096e-14,0.2145056951301972,False,601,-4.5498615756118096e-14,0.2145056951301972,5.646404211770428e-05,0.0002632979462375,True,False,6.179146146426806e-05,6.17914614642658e-05,0.0008923999683208,9.48911049825196e-05,0.999999998090908,,,601,-4.5498615756118096e-14,0.2145056951301972,5.646404211770428e-05,0.0002632979462375,True,False,6.179146146426806e-05,6.17914614642658e-05,0.0008923999683208,9.48911049825196e-05,0.999999998090908,,,601,-4.5498615756118096e-14,0.2145056951301972,5.646404211770428e-05,0.0002632979462375,True,False,6.179146146426806e-05,6.17914614642658e-05,0.0008923999683208,9.48911049825196e-05,0.999999998090908,,
NEUTRAL1_LOWM,0.4,0.7250000000000001,0.6644734757685968,True,,standard_N301,301,0.1752224142379342,0.1752316311661168,1,601,4.6985162311460805e-14,0.1752624418734021,False,601,4.6985162311460805e-14,0.1752624418734021,4.002763546781529e-05,0.0002284390135925,True,False,6.2596033805284e-05,6.259603380528563e-05,0.0010224890764216,8.32587779048701e-05,0.999999998040868,,,601,4.6985162311460805e-14,0.1752624418734021,4.002763546781529e-05,0.0002284390135925,True,False,6.2596033805284e-05,6.259603380528563e-05,0.0010224890764216,8.32587779048701e-05,0.999999998040868,,,601,4.6985162311460805e-14,0.1752624418734021,4.002763546781529e-05,0.0002284390135925,True,False,6.2596033805284e-05,6.259603380528563e-05,0.0010224890764216,8.32587779048701e-05,0.999999998040868,,
NEUTRAL1_LOWM,0.4,0.78125,0.71602745233685,True,,standard_N301,301,0.1372802791830379,0.1370719550820525,143,601,4.810895988480615e-17,0.1373251423703031,False,601,4.810895988480615e-17,0.1373251423703031,4.486318726523719e-05,0.0003267999419306,True,False,6.406134609480499e-05,6.406134609480938e-05,0.0012220812749255,8.831562379828409e-05,0.999999997948072,,,601,4.810895988480615e-17,0.1373251423703031,4.486318726523719e-05,0.0003267999419306,True,False,6.406134609480499e-05,6.406134609480938e-05,0.0012220812749255,8.831562379828409e-05,0.999999997948072,,,601,4.810895988480615e-17,0.1373251423703031,4.486318726523719e-05,0.0003267999419306,True,False,6.406134609480499e-05,6.406134609480938e-05,0.0012220812749255,8.831562379828409e-05,0.999999997948072,,
NEUTRAL2_LOWM,0.4,0.8150000000000001,0.746959838277802,True,,standard_N301,301,0.1151041382894652,0.1158106105816813,1,601,-5.759939390093912e-15,0.1151354448365567,False,601,-5.759939390093912e-15,0.1151354448365567,3.130654709145031e-05,0.0002719845485721,True,False,6.418954819160038e-05,6.4189548191604e-05,0.0013526181555597,7.871988224370664e-05,0.9999999979398508,,,601,-5.759939390093912e-15,0.1151354448365567,3.130654709145031e-05,0.0002719845485721,True,False,6.418954819160038e-05,6.4189548191604e-05,0.0013526181555597,7.871988224370664e-05,0.9999999979398508,,,601,-5.759939390093912e-15,0.1151354448365567,3.130654709145031e-05,0.0002719845485721,True,False,6.418954819160038e-05,6.4189548191604e-05,0.0013526181555597,7.871988224370664e-05,0.9999999979398508,,
NEUTRAL2_LOWM,0.4,0.8600000000000001,0.7882030195324046,True,,standard_N301,301,0.0861290454282594,0.086144680059979,1,601,7.545761269071447e-15,0.0861649618301486,False,601,7.545761269071447e-15,0.0861649618301486,3.591640188922718e-05,0.0004170068495551,True,False,6.5336003719093e-05,6.533600371910085e-05,0.0016076130424222,8.251652799418773e-05,0.9999999978656032,,,601,7.545761269071447e-15,0.0861649618301486,3.591640188922718e-05,0.0004170068495551,True,False,6.5336003719093e-05,6.533600371910085e-05,0.0016076130424222,8.251652799418773e-05,0.9999999978656032,,,601,7.545761269071447e-15,0.0861649618301486,3.591640188922718e-05,0.0004170068495551,True,False,6.5336003719093e-05,6.533600371910085e-05,0.0016076130424222,8.251652799418773e-05,0.9999999978656032,,
NEUTRAL2_LOWM,0.4,0.905,0.829446200787007,True,,standard_N301,301,0.0578346721923562,0.0571428840830785,1,601,6.152002224627308e-14,0.057846966834106,False,601,6.152002224627308e-14,0.057846966834106,1.22946417498368e-05,0.0002125825440653,True,False,6.555008711332955e-05,6.555008711333247e-05,0.0019451813057377,6.962711581169697e-05,0.9999999978515932,,,601,6.152002224627308e-14,0.057846966834106,1.22946417498368e-05,0.0002125825440653,True,False,6.555008711332955e-05,6.555008711333247e-05,0.0019451813057377,6.962711581169697e-05,0.9999999978515932,,,601,6.152002224627308e-14,0.057846966834106,1.22946417498368e-05,0.0002125825440653,True,False,6.555008711332955e-05,6.555008711333247e-05,0.0019451813057377,6.962711581169697e-05,0.9999999978515932,,
NEUTRAL3_LOWM,0.4,0.9275,0.8500677914143083,True,,near_neutral_N401,401,0.0439123116012218,0.0451820194927363,1,801,-8.004087470361412e-14,0.0439142276633787,False,801,-8.004087470361412e-14,0.0439142276633787,1.91606215693696e-06,3.832124313873919e-05,True,False,3.7107968450905335e-05,3.710796845091538e-05,0.0012663322416405,3.805706463599182e-05,0.9999999993114994,,,801,-8.004087470361412e-14,0.0439142276633787,1.91606215693696e-06,3.832124313873919e-05,True,False,3.7107968450905335e-05,3.710796845091538e-05,0.0012663322416405,3.805706463599182e-05,0.9999999993114994,,,801,-8.004087470361412e-14,0.0439142276633787,1.91606215693696e-06,3.832124313873919e-05,True,False,3.7107968450905335e-05,3.710796845091538e-05,0.0012663322416405,3.805706463599182e-05,0.9999999993114994,,
NEUTRAL3_LOWM,0.4,0.95,0.8706893820416095,True,,near_neutral_N401,401,0.0301352708945431,0.0311938080927454,200,803,1.0514064222008279e-12,0.0301075312706807,False,803,1.0514064222008279e-12,0.0301075312706807,2.773962386239462e-05,0.0005547924772478,True,False,3.85333792044063e-05,3.85333792044008e-05,0.0014757130938502,5.236805858893987e-05,0.9999999992575892,,,803,1.0514064222008279e-12,0.0301075312706807,2.773962386239462e-05,0.0005547924772478,True,False,3.85333792044063e-05,3.85333792044008e-05,0.0014757130938502,5.236805858893987e-05,0.9999999992575892,,,803,1.0514064222008279e-12,0.0301075312706807,2.773962386239462e-05,0.0005547924772478,True,False,3.85333792044063e-05,3.85333792044008e-05,0.0014757130938502,5.236805858893987e-05,0.9999999992575892,,
NEUTRAL3_LOWM,0.4,0.9725,0.8913109726689109,True,,near_neutral_N401,401,0.0164821000381582,0.0155207358227731,3,806,-1.265771987942444e-13,0.0159585596475286,False,806,-1.265771987942444e-13,0.0159585596475286,0.0005235403906296,0.0104708078125932,True,False,0.0001813913392411,0.0001813913392411,0.0026261414790785,0.0006967723174229,0.999999983548591,,,806,-1.265771987942444e-13,0.0159585596475286,0.0005235403906296,0.0104708078125932,True,False,0.0001813913392411,0.0001813913392411,0.0026261414790785,0.0006967723174229,0.999999983548591,,,806,-1.265771987942444e-13,0.0159585596475286,0.0005235403906296,0.0104708078125932,True,False,0.0001813913392411,0.0001813913392411,0.0026261414790785,0.0006967723174229,0.999999983548591,,
ETAEDGE_MM,0.5,0.025,0.0216506350946109,True,,longwave_map10_N301,301,0.7779544564018539,0.7813457309911572,33,592,-9.335186996839795e-13,0.7781763435215854,False,592,-9.335186996839795e-13,0.7781763435215854,0.0002218871197314,0.0002852186498908,True,False,8.750850579288358e-06,8.750850579288358e-06,0.0007884414987348,0.0001918132698406,0.9999999999617112,,,592,-9.335186996839795e-13,0.7781763435215854,0.0002218871197314,0.0002852186498908,True,False,8.750850579288358e-06,8.750850579288358e-06,0.0007884414987348,0.0001918132698406,0.9999999999617112,,,592,-9.335186996839795e-13,0.7781763435215854,0.0002218871197314,0.0002852186498908,True,False,8.750850579288358e-06,8.750850579288358e-06,0.0007884414987348,0.0001918132698406,0.9999999999617112,,
ETAEDGE_MM,0.5,0.04,0.0346410161513775,True,,longwave_map10_N301,301,0.7590628635807988,0.7645233569370348,1,590,-2.350381517702317e-13,0.7593058723669913,False,590,-2.350381517702317e-13,0.7593058723669913,0.0002430087861925,0.0003201431631711,True,False,1.3950050424768628e-05,1.3950050424768628e-05,0.0008329834980582,0.000211227691044,0.999999999902698,,,590,-2.350381517702317e-13,0.7593058723669913,0.0002430087861925,0.0003201431631711,True,False,1.3950050424768628e-05,1.3950050424768628e-05,0.0008329834980582,0.000211227691044,0.999999999902698,,,590,-2.350381517702317e-13,0.7593058723669913,0.0002430087861925,0.0003201431631711,True,False,1.3950050424768628e-05,1.3950050424768628e-05,0.0008329834980582,0.000211227691044,0.999999999902698,,
ETAEDGE_MM,0.5,0.055,0.0476313972081441,True,,longwave_map10_N301,301,0.7406473035854076,0.7430793019029827,1,587,6.563162560439795e-14,0.7408843662189948,False,587,6.563162560439795e-14,0.7408843662189948,0.0002370626335871,0.0003200749296453,True,False,1.896612032676752e-05,1.896612032676752e-05,0.0008512874440107,0.000209167355918,0.9999999998201432,,,587,6.563162560439795e-14,0.7408843662189948,0.0002370626335871,0.0003200749296453,True,False,1.896612032676752e-05,1.896612032676752e-05,0.0008512874440107,0.000209167355918,0.9999999998201432,,,587,6.563162560439795e-14,0.7408843662189948,0.0002370626335871,0.0003200749296453,True,False,1.896612032676752e-05,1.896612032676752e-05,0.0008512874440107,0.000209167355918,0.9999999998201432,,
HIGH_HIM,0.5249999999999999,0.51875,0.44150928001112,True,,standard_N301,301,0.3051865020547274,0.3059484609613822,110,573,-4.6811653451671825e-14,0.305228345062015,False,573,-4.6811653451671825e-14,0.305228345062015,4.184300728754531e-05,0.0001371063497429,True,False,5.4372812975008094e-05,5.43728129750069e-05,0.0005754061367135,7.721888618689812e-05,0.9999999985217984,,,573,-4.6811653451671825e-14,0.305228345062015,4.184300728754531e-05,0.0001371063497429,True,False,5.4372812975008094e-05,5.43728129750069e-05,0.0005754061367135,7.721888618689812e-05,0.9999999985217984,,,573,-4.6811653451671825e-14,0.305228345062015,4.184300728754531e-05,0.0001371063497429,True,False,5.4372812975008094e-05,5.43728129750069e-05,0.0005754061367135,7.721888618689812e-05,0.9999999985217984,,
HIGH_HIM,0.5249999999999999,0.575,0.4893837802532895,True,,standard_N301,301,0.2650558903325069,0.2649782370517896,118,572,4.458315708118165e-15,0.2650902566030651,False,572,4.458315708118165e-15,0.2650902566030651,3.4366270558194856e-05,0.0001296566943488,True,False,5.419600982019873e-05,5.419600982019976e-05,0.0006501702681875,7.25518436409902e-05,0.9999999985313964,,,572,4.458315708118165e-15,0.2650902566030651,3.4366270558194856e-05,0.0001296566943488,True,False,5.419600982019873e-05,5.419600982019976e-05,0.0006501702681875,7.25518436409902e-05,0.9999999985313964,,,572,4.458315708118165e-15,0.2650902566030651,3.4366270558194856e-05,0.0001296566943488,True,False,5.419600982019873e-05,5.419600982019976e-05,0.0006501702681875,7.25518436409902e-05,0.9999999985313964,,
HIGH_HIM,0.5249999999999999,0.63125,0.5372582804954592,True,,standard_N301,301,0.2263959065913033,0.2259004750706413,124,571,5.302434562204208e-15,0.2264247570870654,False,571,5.302434562204208e-15,0.2264247570870654,2.885049576206722e-05,0.0001274338224416,True,False,5.621327783047017e-05,5.621327783046672e-05,0.0007436178377369,7.13207649563944e-05,0.9999999984200336,,,571,5.302434562204208e-15,0.2264247570870654,2.885049576206722e-05,0.0001274338224416,True,False,5.621327783047017e-05,5.621327783046672e-05,0.0007436178377369,7.13207649563944e-05,0.9999999984200336,,,571,5.302434562204208e-15,0.2264247570870654,2.885049576206722e-05,0.0001274338224416,True,False,5.621327783047017e-05,5.621327783046672e-05,0.0007436178377369,7.13207649563944e-05,0.9999999984200336,,
NEUTRAL1_HIM,0.5249999999999999,0.6687500000000001,0.569174613990239,True,,standard_N301,301,0.2013428015823886,0.2015122189181948,112,570,6.092163572901583e-14,0.2013865697765539,False,570,6.092163572901583e-14,0.2013865697765539,4.376819416532229e-05,0.0002173814699176,True,False,5.751165056609961e-05,5.751165056610007e-05,0.0008386613259673,8.31424595265617e-05,0.9999999983462052,,,570,6.092163572901583e-14,0.2013865697765539,4.376819416532229e-05,0.0002173814699176,True,False,5.751165056609961e-05,5.751165056610007e-05,0.0008386613259673,8.31424595265617e-05,0.9999999983462052,,,570,6.092163572901583e-14,0.2013865697765539,4.376819416532229e-05,0.0002173814699176,True,False,5.751165056609961e-05,5.751165056610007e-05,0.0008386613259673,8.31424595265617e-05,0.9999999983462052,,
NEUTRAL1_HIM,0.5249999999999999,0.7250000000000001,0.6170491142324087,True,,standard_N301,301,0.1648142114076758,0.1648011204046444,156,571,1.7796551815874232e-14,0.1648333466701015,False,571,1.7796551815874232e-14,0.1648333466701015,1.9135262425695743e-05,0.0001161020173094,True,False,5.87834704446741e-05,5.878347044467023e-05,0.0009501934759815,6.865362829717765e-05,0.9999999982722516,,,571,1.7796551815874232e-14,0.1648333466701015,1.9135262425695743e-05,0.0001161020173094,True,False,5.87834704446741e-05,5.878347044467023e-05,0.0009501934759815,6.865362829717765e-05,0.9999999982722516,,,571,1.7796551815874232e-14,0.1648333466701015,1.9135262425695743e-05,0.0001161020173094,True,False,5.87834704446741e-05,5.878347044467023e-05,0.0009501934759815,6.865362829717765e-05,0.9999999982722516,,
NEUTRAL1_HIM,0.5249999999999999,0.78125,0.6649236144745783,True,,standard_N301,301,0.1293453620636714,0.1292218841781284,149,569,-6.611836667322181e-15,0.1293748062394885,False,569,-6.611836667322181e-15,0.1293748062394885,2.944417581710046e-05,0.0002276399814212,True,False,6.006918871640602e-05,6.006918871641195e-05,0.0011379550057091,7.513432818978884e-05,0.9999999981958464,,,569,-6.611836667322181e-15,0.1293748062394885,2.944417581710046e-05,0.0002276399814212,True,False,6.006918871640602e-05,6.006918871641195e-05,0.0011379550057091,7.513432818978884e-05,0.9999999981958464,,,569,-6.611836667322181e-15,0.1293748062394885,2.944417581710046e-05,0.0002276399814212,True,False,6.006918871640602e-05,6.006918871641195e-05,0.0011379550057091,7.513432818978884e-05,0.9999999981958464,,
NEUTRAL2_HIM,0.5249999999999999,0.8150000000000001,0.6936483146198801,True,,standard_N301,301,0.1085502340370502,0.1090927128568547,152,567,3.986220802837607e-15,0.108578829877945,False,567,3.986220802837607e-15,0.108578829877945,2.859584089480449e-05,0.0002634341708102,True,False,6.070242724725535e-05,6.070242724725764e-05,0.0012705572239657,7.497530989944051e-05,0.9999999981576078,,,567,3.986220802837607e-15,0.108578829877945,2.859584089480449e-05,0.0002634341708102,True,False,6.070242724725535e-05,6.070242724725764e-05,0.0012705572239657,7.497530989944051e-05,0.9999999981576078,,,567,3.986220802837607e-15,0.108578829877945,2.859584089480449e-05,0.0002634341708102,True,False,6.070242724725535e-05,6.070242724725764e-05,0.0012705572239657,7.497530989944051e-05,0.9999999981576078,,
NEUTRAL2_HIM,0.5249999999999999,0.8600000000000001,0.7319479148136158,True,,standard_N301,301,0.0813397483200288,0.0813725823849119,116,567,-3.7166587565255584e-14,0.0813650890088987,False,567,-3.7166587565255584e-14,0.0813650890088987,2.5340688869890385e-05,0.0003115412746322,True,False,6.145005962262439e-05,6.14500596226241e-05,0.0014959417928494,7.317314747042983e-05,0.9999999981119452,,,567,-3.7166587565255584e-14,0.0813650890088987,2.5340688869890385e-05,0.0003115412746322,True,False,6.145005962262439e-05,6.14500596226241e-05,0.0014959417928494,7.317314747042983e-05,0.9999999981119452,,,567,-3.7166587565255584e-14,0.0813650890088987,2.5340688869890385e-05,0.0003115412746322,True,False,6.145005962262439e-05,6.14500596226241e-05,0.0014959417928494,7.317314747042983e-05,0.9999999981119452,,
NEUTRAL2_HIM,0.5249999999999999,0.905,0.7702475150073514,True,,standard_N301,301,0.0546984877848238,0.0540629621337566,171,565,7.220349675843893e-14,0.0546938088782313,False,565,7.220349675843893e-14,0.0546938088782313,4.678906592468779e-06,8.55399624734589e-05,True,False,6.203660208169762e-05,6.203660208170165e-05,0.0018022593005306,6.468366016171158e-05,0.99999999807573,,,565,7.220349675843893e-14,0.0546938088782313,4.678906592468779e-06,8.55399624734589e-05,True,False,6.203660208169762e-05,6.203660208170165e-05,0.0018022593005306,6.468366016171158e-05,0.99999999807573,,,565,7.220349675843893e-14,0.0546938088782313,4.678906592468779e-06,8.55399624734589e-05,True,False,6.203660208169762e-05,6.203660208170165e-05,0.0018022593005306,6.468366016171158e-05,0.99999999807573,,
NEUTRAL3_HIM,0.5249999999999999,0.9275,0.7893973151042193,True,,near_neutral_N401,401,0.0415490232981997,0.0427540069583297,151,761,-7.836427615490087e-14,0.0415468886769119,False,761,-7.836427615490087e-14,0.0415468886769119,2.134621287848415e-06,4.26924257569683e-05,True,False,3.5089719345678424e-05,3.5089719345676886e-05,0.0011769246828874,3.6189143551934285e-05,0.9999999993843558,,,761,-7.836427615490087e-14,0.0415468886769119,2.134621287848415e-06,4.26924257569683e-05,True,False,3.5089719345678424e-05,3.5089719345676886e-05,0.0011769246828874,3.6189143551934285e-05,0.9999999993843558,,,761,-7.836427615490087e-14,0.0415468886769119,2.134621287848415e-06,4.26924257569683e-05,True,False,3.5089719345678424e-05,3.5089719345676886e-05,0.0011769246828874,3.6189143551934285e-05,0.9999999993843558,,
NEUTRAL3_HIM,0.5249999999999999,0.95,0.8085471152010871,True,,near_neutral_N401,401,0.0285234784545348,0.0262260073341826,209,759,-1.8472589076360198e-12,0.0284905964474299,False,759,-1.8472589076360198e-12,0.0284905964474299,3.288200710496389e-05,0.0006576401420992,True,False,3.630447422354908e-05,3.630447422355164e-05,0.0013723565143991,5.759996326093625e-05,0.9999999993409928,,,759,-1.8472589076360198e-12,0.0284905964474299,3.288200710496389e-05,0.0006576401420992,True,False,3.630447422354908e-05,3.630447422355164e-05,0.0013723565143991,5.759996326093625e-05,0.9999999993409928,,,759,-1.8472589076360198e-12,0.0284905964474299,3.288200710496389e-05,0.0006576401420992,True,False,3.630447422354908e-05,3.630447422355164e-05,0.0013723565143991,5.759996326093625e-05,0.9999999993409928,,
NEUTRAL3_HIM,0.5249999999999999,0.9725,0.827696915297955,True,,near_neutral_N401,401,0.0156202159484293,0.013264134879433,216,764,-3.064927485872012e-12,0.0149776911289822,False,764,-3.064927485872012e-12,0.0149776911289822,0.0006425248194471,0.0128504963889425,True,False,0.00016970628639,0.00016970628639,0.0028116669611579,0.0008884154144355,0.999999985599888,,,764,-3.064927485872012e-12,0.0149776911289822,0.0006425248194471,0.0128504963889425,True,False,0.00016970628639,0.00016970628639,0.0028116669611579,0.0008884154144355,0.999999985599888,,,764,-3.064927485872012e-12,0.0149776911289822,0.0006425248194471,0.0128504963889425,True,False,0.00016970628639,0.00016970628639,0.0028116669611579,0.0008884154144355,0.999999985599888,,
ETAEDGE_HM1,0.68,0.025,0.0183303027798233,True,,longwave_map10_N301,301,0.6715035322347859,0.6723016846671315,111,591,-1.1018372111901659e-13,0.6717642686575268,False,591,-1.1018372111901659e-13,0.6717642686575268,0.0002607364227409,0.0003882874925068,True,False,2.3891531611800552e-05,2.3891531611791797e-05,0.0008216025096863,0.0002330192894815,0.9999999997145976,,,591,-1.1018372111901659e-13,0.6717642686575268,0.0002607364227409,0.0003882874925068,True,False,2.3891531611800552e-05,2.3891531611791797e-05,0.0008216025096863,0.0002330192894815,0.9999999997145976,,,591,-1.1018372111901659e-13,0.6717642686575268,0.0002607364227409,0.0003882874925068,True,False,2.3891531611800552e-05,2.3891531611791797e-05,0.0008216025096863,0.0002330192894815,0.9999999997145976,,
ETAEDGE_HM1,0.68,0.04,0.0293284844477173,True,,longwave_map10_N301,301,0.6557102144862521,0.6554060729425241,112,587,4.5277084893223857e-14,0.6559887595139754,False,587,4.5277084893223857e-14,0.6559887595139754,0.0002785450277232,0.0004247989760866,True,False,1.6541891376374642e-05,1.6541891376376305e-05,0.0008685940164634,0.0002590643677806,0.999999999863183,,,587,4.5277084893223857e-14,0.6559887595139754,0.0002785450277232,0.0004247989760866,True,False,1.6541891376374642e-05,1.6541891376376305e-05,0.0008685940164634,0.0002590643677806,0.999999999863183,,,587,4.5277084893223857e-14,0.6559887595139754,0.0002785450277232,0.0004247989760866,True,False,1.6541891376374642e-05,1.6541891376376305e-05,0.0008685940164634,0.0002590643677806,0.999999999863183,,
ETAEDGE_HM1,0.68,0.055,0.0403266661156113,True,,longwave_map10_N301,301,0.6403117380812271,0.6408039474193141,117,582,-5.325034094166068e-13,0.6405677085746475,False,582,-5.325034094166068e-13,0.6405677085746475,0.0002559704934204,0.0003997591769712,True,False,2.203791850821092e-05,2.203791850821029e-05,0.0008703843703223,0.0002433443062017,0.999999999757165,,,582,-5.325034094166068e-13,0.6405677085746475,0.0002559704934204,0.0003997591769712,True,False,2.203791850821092e-05,2.203791850821029e-05,0.0008703843703223,0.0002433443062017,0.999999999757165,,,582,-5.325034094166068e-13,0.6405677085746475,0.0002559704934204,0.0003997591769712,True,False,2.203791850821092e-05,2.203791850821029e-05,0.0008703843703223,0.0002433443062017,0.999999999757165,,
ETAEDGE_MM,0.7,0.025,0.0178535710713571,True,,longwave_map10_N301,301,0.6593510117192626,0.6574068114276894,112,590,2.066439817442171e-13,0.6596132946674949,False,590,2.066439817442171e-13,0.6596132946674949,0.0002622829482322,0.0003977895590822,True,False,2.9820813271003556e-05,2.9820813271005786e-05,0.0008209412539734,0.0002336898143729,0.9999999995553596,,,590,2.066439817442171e-13,0.6596132946674949,0.0002622829482322,0.0003977895590822,True,False,2.9820813271003556e-05,2.9820813271005786e-05,0.0008209412539734,0.0002336898143729,0.9999999995553596,,,590,2.066439817442171e-13,0.6596132946674949,0.0002622829482322,0.0003977895590822,True,False,2.9820813271003556e-05,2.9820813271005786e-05,0.0008209412539734,0.0002336898143729,0.9999999995553596,,
ETAEDGE_MM,0.7,0.04,0.0285657137141714,True,,longwave_map10_N301,301,0.643924224337114,0.6425949203117165,114,586,4.374706115331032e-13,0.6441984704037252,False,586,4.374706115331032e-13,0.6441984704037252,0.0002742460666111,0.0004258980424187,True,False,1.6457548400629556e-05,1.6457548400636448e-05,0.0008634822158896,0.0002579666960293,0.9999999998645746,,,586,4.374706115331032e-13,0.6441984704037252,0.0002742460666111,0.0004258980424187,True,False,1.6457548400629556e-05,1.6457548400636448e-05,0.0008634822158896,0.0002579666960293,0.9999999998645746,,,586,4.374706115331032e-13,0.6441984704037252,0.0002742460666111,0.0004258980424187,True,False,1.6457548400629556e-05,1.6457548400636448e-05,0.0008634822158896,0.0002579666960293,0.9999999998645746,,
ETAEDGE_MM,0.7,0.055,0.0392778563569856,True,,longwave_map10_N301,301,0.6288649348642075,0.6286007281593735,152,582,7.167120827682214e-14,0.6291260357764576,False,582,7.167120827682214e-14,0.6291260357764576,0.0002611009122501,0.0004151939435239,True,False,2.254353623049129e-05,2.254353623048436e-05,0.0008746248771842,0.0002501009006687,0.9999999997458944,,,582,7.167120827682214e-14,0.6291260357764576,0.0002611009122501,0.0004151939435239,True,False,2.254353623049129e-05,2.254353623048436e-05,0.0008746248771842,0.0002501009006687,0.9999999997458944,,,582,7.167120827682214e-14,0.6291260357764576,0.0002611009122501,0.0004151939435239,True,False,2.254353623049129e-05,2.254353623048436e-05,0.0008746248771842,0.0002501009006687,0.9999999997458944,,
HM1_VLOW_EXTREME,0.7,0.05875,0.0419558920176892,True,,longwave_map10_N301,301,0.6251493406912112,0.6252297810107509,114,583,3.431803597192982e-14,0.62540827279161,False,583,3.431803597192982e-14,0.62540827279161,0.0002589321003988,0.0004141923913933,True,False,2.413841179317378e-05,2.4138411793174543e-05,0.0008785422737228,0.0002490609721725,0.9999999997086684,,,583,3.431803597192982e-14,0.62540827279161,0.0002589321003988,0.0004141923913933,True,False,2.413841179317378e-05,2.4138411793174543e-05,0.0008785422737228,0.0002490609721725,0.9999999997086684,,,583,3.431803597192982e-14,0.62540827279161,0.0002589321003988,0.0004141923913933,True,False,2.413841179317378e-05,2.4138411793174543e-05,0.0008785422737228,0.0002490609721725,0.9999999997086684,,
HM1_VLOW_EXTREME,0.7,0.0849999999999999,0.0607021416426142,True,,longwave_map10_N301,301,0.599648546668027,0.5974272683259891,172,578,1.642018844992683e-13,0.5999197106424389,False,578,1.642018844992683e-13,0.5999197106424389,0.0002711639744118,0.0004522048388486,True,False,3.819053265543104e-05,3.819053265543312e-05,0.0009388953268395,0.0002659297047154,0.9999999992707418,,,578,1.642018844992683e-13,0.5999197106424389,0.0002711639744118,0.0004522048388486,True,False,3.819053265543104e-05,3.819053265543312e-05,0.0009388953268395,0.0002659297047154,0.9999999992707418,,,578,1.642018844992683e-13,0.5999197106424389,0.0002711639744118,0.0004522048388486,True,False,3.819053265543104e-05,3.819053265543312e-05,0.0009388953268395,0.0002659297047154,0.9999999992707418,,
HM1_VLOW_EXTREME,0.7,0.11125,0.0794483912675392,True,,longwave_map10_N301,301,0.5750292309225415,0.5760072600949899,122,575,3.8698967220138216e-14,0.5753122227679336,False,575,3.8698967220138216e-14,0.5753122227679336,0.000282991845392,0.0004921347127658,True,False,5.315292239408927e-05,5.315292239409909e-05,0.0009985501443796,0.0002833719787523,0.9999999985873836,,,575,3.8698967220138216e-14,0.5753122227679336,0.000282991845392,0.0004921347127658,True,False,5.315292239408927e-05,5.315292239409909e-05,0.0009985501443796,0.0002833719787523,0.9999999985873836,,,575,3.8698967220138216e-14,0.5753122227679336,0.000282991845392,0.0004921347127658,True,False,5.315292239408927e-05,5.315292239409909e-05,0.0009985501443796,0.0002833719787523,0.9999999985873836,,
HM1_VLOW_MOD,0.7,0.1362499999999999,0.0973019623388963,True,,standard_N301,301,0.55233518901408,0.5502233740570431,132,584,2.880478478821275e-13,0.5524082501267688,False,584,2.880478478821275e-13,0.5524082501267688,7.306111268878812e-05,0.0001322767662498,True,False,5.204602451104083e-05,5.204602451104663e-05,0.0002802774028511,9.320753480104656e-05,0.9999999986456056,,,584,2.880478478821275e-13,0.5524082501267688,7.306111268878812e-05,0.0001322767662498,True,False,5.204602451104083e-05,5.204602451104663e-05,0.0002802774028511,9.320753480104656e-05,0.9999999986456056,,,584,2.880478478821275e-13,0.5524082501267688,7.306111268878812e-05,0.0001322767662498,True,False,5.204602451104083e-05,5.204602451104663e-05,0.0002802774028511,9.320753480104656e-05,0.9999999986456056,,
HM1_VLOW_MOD,0.7,0.185,0.1321164259280427,True,,standard_N301,301,0.510014206964444,0.5101410029082932,137,580,2.6228772045544177e-14,0.5100857572767805,False,580,2.6228772045544177e-14,0.5100857572767805,7.155031233652132e-05,0.0001402908220192,True,False,5.258774611151181e-05,5.258774611151517e-05,0.0003021384467821,9.35331413299716e-05,0.9999999986172644,,,580,2.6228772045544177e-14,0.5100857572767805,7.155031233652132e-05,0.0001402908220192,True,False,5.258774611151181e-05,5.258774611151517e-05,0.0003021384467821,9.35331413299716e-05,0.9999999986172644,,,580,2.6228772045544177e-14,0.5100857572767805,7.155031233652132e-05,0.0001402908220192,True,False,5.258774611151181e-05,5.258774611151517e-05,0.0003021384467821,9.35331413299716e-05,0.9999999986172644,,
HM1_VLOW_MOD,0.7,0.23375,0.1669308895171891,True,,standard_N301,301,0.4699212446297719,0.4698525404900607,135,576,7.865557579187713e-14,0.4700051760989247,False,576,7.865557579187713e-14,0.4700051760989247,8.393146915280925e-05,0.0001786075222432,True,False,5.119042639128451e-05,5.1190426391283e-05,0.0003427993568304,0.000104914098669,0.9999999986897702,,,576,7.865557579187713e-14,0.4700051760989247,8.393146915280925e-05,0.0001786075222432,True,False,5.119042639128451e-05,5.1190426391283e-05,0.0003427993568304,0.000104914098669,0.9999999986897702,,,576,7.865557579187713e-14,0.4700051760989247,8.393146915280925e-05,0.0001786075222432,True,False,5.119042639128451e-05,5.1190426391283e-05,0.0003427993568304,0.000104914098669,0.9999999986897702,,
HM1_LOW,0.7,0.26875,0.191925889017089,True,,standard_N301,301,0.4423969596660305,0.4436368199426025,166,575,-3.909870381748419e-14,0.4424513349420127,False,575,-3.909870381748419e-14,0.4424513349420127,5.437527598217695e-05,0.0001229106005231,True,False,5.273830080948879e-05,5.273830080948944e-05,0.0003307141027595,8.270497825353867e-05,0.999999998609336,,,575,-3.909870381748419e-14,0.4424513349420127,5.437527598217695e-05,0.0001229106005231,True,False,5.273830080948879e-05,5.273830080948944e-05,0.0003307141027595,8.270497825353867e-05,0.999999998609336,,,575,-3.909870381748419e-14,0.4424513349420127,5.437527598217695e-05,0.0001229106005231,True,False,5.273830080948879e-05,5.273830080948944e-05,0.0003307141027595,8.270497825353867e-05,0.999999998609336,,
HM1_LOW,0.7,0.325,0.2320964239276426,True,,standard_N301,301,0.3999958133206794,0.3994285095600432,144,573,2.814239634757252e-14,0.4000609867560728,False,573,2.814239634757252e-14,0.4000609867560728,6.517343539341747e-05,0.0001629352938781,True,False,5.214713224292902e-05,5.214713224292701e-05,0.0003793520975342,9.374569276388045e-05,0.999999998640338,,,573,2.814239634757252e-14,0.4000609867560728,6.517343539341747e-05,0.0001629352938781,True,False,5.214713224292902e-05,5.214713224292701e-05,0.0003793520975342,9.374569276388045e-05,0.999999998640338,,,573,2.814239634757252e-14,0.4000609867560728,6.517343539341747e-05,0.0001629352938781,True,False,5.214713224292902e-05,5.214713224292701e-05,0.0003793520975342,9.374569276388045e-05,0.999999998640338,,
HM1_MID,0.7,0.375,0.2678035660703569,True,,standard_N301,301,0.3640605714137844,0.3652514523093882,137,571,-3.158319982166087e-14,0.3641225906725953,False,571,-3.158319982166087e-14,0.3641225906725953,6.201925881083037e-05,0.0001703542313576,True,False,5.29805435275478e-05,5.298054352754458e-05,0.0004133455348154,9.386008867085186e-05,0.999999998596531,,,571,-3.158319982166087e-14,0.3641225906725953,6.201925881083037e-05,0.0001703542313576,True,False,5.29805435275478e-05,5.298054352754458e-05,0.0004133455348154,9.386008867085186e-05,0.999999998596531,,,571,-3.158319982166087e-14,0.3641225906725953,6.201925881083037e-05,0.0001703542313576,True,False,5.29805435275478e-05,5.298054352754458e-05,0.0004133455348154,9.386008867085186e-05,0.999999998596531,,
HM1_LOW,0.7,0.38125,0.2722669588381962,True,,standard_N301,301,0.3596808122688382,0.3615118299667946,135,570,2.7291837741743096e-14,0.3597355129588908,False,570,2.7291837741743096e-14,0.3597355129588908,5.470069005258926e-05,0.0001520812014061,True,False,5.308514849960972e-05,5.308514849960737e-05,0.0004104702032787,8.775413675560566e-05,0.9999999985909837,,,570,2.7291837741743096e-14,0.3597355129588908,5.470069005258926e-05,0.0001520812014061,True,False,5.308514849960972e-05,5.308514849960737e-05,0.0004104702032787,8.775413675560566e-05,0.9999999985909837,,,570,2.7291837741743096e-14,0.3597355129588908,5.470069005258926e-05,0.0001520812014061,True,False,5.308514849960972e-05,5.308514849960737e-05,0.0004104702032787,8.775413675560566e-05,0.9999999985909837,,
HM1_MID,0.7,0.45,0.3213642792844282,True,,standard_N301,301,0.3128241258022765,0.3125584165010567,132,567,-5.719613610761624e-14,0.3128797178126103,False,567,-5.719613610761624e-14,0.3128797178126103,5.559201033383809e-05,0.0001777101116842,True,False,5.48548882028856e-05,5.485488820288575e-05,0.0004722885218165,9.22791404306425e-05,0.9999999984954706,,,567,-5.719613610761624e-14,0.3128797178126103,5.559201033383809e-05,0.0001777101116842,True,False,5.48548882028856e-05,5.485488820288575e-05,0.0004722885218165,9.22791404306425e-05,0.9999999984954706,,,567,-5.719613610761624e-14,0.3128797178126103,5.559201033383809e-05,0.0001777101116842,True,False,5.48548882028856e-05,5.485488820288575e-05,0.0004722885218165,9.22791404306425e-05,0.9999999984954706,,
HIGH_HIM,0.7,0.51875,0.3704615997306603,True,,standard_N301,301,0.2682667955490622,0.2690775559240998,137,564,-1.644719421409976e-13,0.2683374571595182,False,564,-1.644719421409976e-13,0.2683374571595182,7.066161045599095e-05,0.000263400508853,True,False,5.7821775900375925e-05,5.782177590037651e-05,0.000563523893412,0.0001124697338992,0.999999998328321,,,564,-1.644719421409976e-13,0.2683374571595182,7.066161045599095e-05,0.000263400508853,True,False,5.7821775900375925e-05,5.782177590037651e-05,0.000563523893412,0.0001124697338992,0.999999998328321,,,564,-1.644719421409976e-13,0.2683374571595182,7.066161045599095e-05,0.000263400508853,True,False,5.7821775900375925e-05,5.782177590037651e-05,0.000563523893412,0.0001124697338992,0.999999998328321,,
HM1_MID,0.7,0.525,0.3749249924984996,True,,standard_N301,301,0.2643224399621016,0.2640832442021202,167,565,3.2979419119124345e-14,0.264391458056876,False,565,3.2979419119124345e-14,0.264391458056876,6.901809477444232e-05,0.000261113262969,True,False,5.79375826421996e-05,5.793758264220039e-05,0.0005683144496596,0.000111094425035,0.999999998321618,,,565,3.2979419119124345e-14,0.264391458056876,6.901809477444232e-05,0.000261113262969,True,False,5.79375826421996e-05,5.793758264220039e-05,0.0005683144496596,0.000111094425035,0.999999998321618,,,565,3.2979419119124345e-14,0.264391458056876,6.901809477444232e-05,0.000261113262969,True,False,5.79375826421996e-05,5.793758264220039e-05,0.0005683144496596,0.000111094425035,0.999999998321618,,
HM1_HIGH,0.7,0.5625,0.4017053491055353,True,,standard_N301,301,0.2410057568728735,0.2421375830414661,133,564,-2.9716165990649467e-16,0.2410494352091572,False,564,-2.9716165990649467e-16,0.2410494352091572,4.367833628368678e-05,0.0001812335806846,True,False,5.8255885051559375e-05,5.825588505155937e-05,0.0005845721247603,8.718340736138216e-05,0.999999998303126,,,564,-2.9716165990649467e-16,0.2410494352091572,4.367833628368678e-05,0.0001812335806846,True,False,5.8255885051559375e-05,5.825588505155937e-05,0.0005845721247603,8.718340736138216e-05,0.999999998303126,,,564,-2.9716165990649467e-16,0.2410494352091572,4.367833628368678e-05,0.0001812335806846,True,False,5.8255885051559375e-05,5.825588505155937e-05,0.0005845721247603,8.718340736138216e-05,0.999999998303126,,
HIGH_HIM,0.7,0.575,0.4106321346412138,True,,standard_N301,301,0.2333475110870455,0.2333894713608637,135,563,1.8478537664453762e-14,0.2333911527801187,False,563,1.8478537664453762e-14,0.2333911527801187,4.36416930731931e-05,0.0001870244635131,True,False,5.861219231856612e-05,5.8612192318562274e-05,0.00060073382862,8.76607445106856e-05,0.9999999982823052,,,563,1.8478537664453762e-14,0.2333911527801187,4.36416930731931e-05,0.0001870244635131,True,False,5.861219231856612e-05,5.8612192318562274e-05,0.00060073382862,8.76607445106856e-05,0.9999999982823052,,,563,1.8478537664453762e-14,0.2333911527801187,4.36416930731931e-05,0.0001870244635131,True,False,5.861219231856612e-05,5.8612192318562274e-05,0.00060073382862,8.76607445106856e-05,0.9999999982823052,,
HM1_HIGH,0.7,0.6000000000000001,0.428485705712571,True,,standard_N301,301,0.2181908239668069,0.2181899779972302,131,563,-4.5437561391978014e-14,0.2182489834255304,False,563,-4.5437561391978014e-14,0.2182489834255304,5.815945872353345e-05,0.0002665531834298,True,False,5.972683305570584e-05,5.9726833055704494e-05,0.0006522244016016,0.0001034091295211,0.9999999982163528,,,563,-4.5437561391978014e-14,0.2182489834255304,5.815945872353345e-05,0.0002665531834298,True,False,5.972683305570584e-05,5.9726833055704494e-05,0.0006522244016016,0.0001034091295211,0.9999999982163528,,,563,-4.5437561391978014e-14,0.2182489834255304,5.815945872353345e-05,0.0002665531834298,True,False,5.972683305570584e-05,5.9726833055704494e-05,0.0006522244016016,0.0001034091295211,0.9999999982163528,,
HIGH_HIM,0.7,0.63125,0.4508026695517674,True,,standard_N301,301,0.1995882527243164,0.1988562290645168,168,563,3.132778760722542e-13,0.1996334495323549,False,563,3.132778760722542e-13,0.1996334495323549,4.519680803852233e-05,0.0002264502415427,True,False,6.021429128457329e-05,6.021429128457261e-05,0.0006843625335326,9.138718538845917e-05,0.9999999981871196,,,563,3.132778760722542e-13,0.1996334495323549,4.519680803852233e-05,0.0002264502415427,True,False,6.021429128457329e-05,6.021429128457261e-05,0.0006843625335326,9.138718538845917e-05,0.9999999981871196,,,563,3.132778760722542e-13,0.1996334495323549,4.519680803852233e-05,0.0002264502415427,True,False,6.021429128457329e-05,6.021429128457261e-05,0.0006843625335326,9.138718538845917e-05,0.9999999981871196,,
HM1_HIGH,0.7,0.6375000000000001,0.4552660623196067,True,,standard_N301,301,0.1959140468672229,0.1953005185999921,171,562,1.782636455575314e-13,0.1959502480938712,False,562,1.782636455575314e-13,0.1959502480938712,3.620122664826919e-05,0.0001847811692277,True,False,5.934962134030225e-05,5.934962134029988e-05,0.0006849036993187,8.271139738783018e-05,0.9999999982388112,,,562,1.782636455575314e-13,0.1959502480938712,3.620122664826919e-05,0.0001847811692277,True,False,5.934962134030225e-05,5.934962134029988e-05,0.0006849036993187,8.271139738783018e-05,0.9999999982388112,,,562,1.782636455575314e-13,0.1959502480938712,3.620122664826919e-05,0.0001847811692277,True,False,5.934962134030225e-05,5.934962134029988e-05,0.0006849036993187,8.271139738783018e-05,0.9999999982388112,,
HM1_NEUTRAL1,0.7,0.6687500000000001,0.4775830261588031,True,,standard_N301,301,0.1776725405255878,0.1782291500250774,174,561,5.694804191168126e-14,0.1777248064078394,False,561,5.694804191168126e-14,0.1777248064078394,5.226588225154538e-05,0.0002941697242406,True,False,5.781358765509219e-05,5.78135876550934e-05,0.0007545319589678,9.741496008513704e-05,0.9999999983287948,,,561,5.694804191168126e-14,0.1777248064078394,5.226588225154538e-05,0.0002941697242406,True,False,5.781358765509219e-05,5.78135876550934e-05,0.0007545319589678,9.741496008513704e-05,0.9999999983287948,,,561,5.694804191168126e-14,0.1777248064078394,5.226588225154538e-05,0.0002941697242406,True,False,5.781358765509219e-05,5.78135876550934e-05,0.0007545319589678,9.741496008513704e-05,0.9999999983287948,,
HM1_NEUTRAL1,0.7,0.7250000000000001,0.5177535610693567,True,,standard_N301,301,0.1456254359300885,0.1456162902799409,129,560,3.848329324141097e-14,0.1456714097589574,False,560,3.848329324141097e-14,0.1456714097589574,4.5973828868950406e-05,0.0003156991673557,True,False,5.457093552957301e-05,5.45709355295712e-05,0.0008597026801302,8.929187300185243e-05,0.999999998511006,,,560,3.848329324141097e-14,0.1456714097589574,4.5973828868950406e-05,0.0003156991673557,True,False,5.457093552957301e-05,5.45709355295712e-05,0.0008597026801302,8.929187300185243e-05,0.999999998511006,,,560,3.848329324141097e-14,0.1456714097589574,4.5973828868950406e-05,0.0003156991673557,True,False,5.457093552957301e-05,5.45709355295712e-05,0.0008597026801302,8.929187300185243e-05,0.999999998511006,,
HM1_NEUTRAL1,0.7,0.78125,0.5579240959799101,True,,standard_N301,301,0.1144552828763203,0.1140014110627909,128,559,9.551443896597456e-15,0.1144977498581548,False,559,9.551443896597456e-15,0.1144977498581548,4.2466981834590745e-05,0.00037103557623,True,False,5.299838951837399e-05,5.299838951837375e-05,0.0009978711419918,8.51308416606004e-05,0.9999999985955854,,,559,9.551443896597456e-15,0.1144977498581548,4.2466981834590745e-05,0.00037103557623,True,False,5.299838951837399e-05,5.299838951837375e-05,0.0009978711419918,8.51308416606004e-05,0.9999999985955854,,,559,9.551443896597456e-15,0.1144977498581548,4.2466981834590745e-05,0.00037103557623,True,False,5.299838951837399e-05,5.299838951837375e-05,0.0009978711419918,8.51308416606004e-05,0.9999999985955854,,
HM1_NEUTRAL2,0.7,0.8150000000000001,0.5820264169262424,True,,standard_N301,301,0.0961316369159765,0.0977441050896182,126,557,-4.062462549952055e-13,0.0961765652454612,False,557,-4.062462549952055e-13,0.0961765652454612,4.492832948461978e-05,0.0004673625762129,True,False,5.413745787707704e-05,5.413745787707852e-05,0.0011073232030152,8.902475596406151e-05,0.999999998534568,,,557,-4.062462549952055e-13,0.0961765652454612,4.492832948461978e-05,0.0004673625762129,True,False,5.413745787707704e-05,5.413745787707852e-05,0.0011073232030152,8.902475596406151e-05,0.999999998534568,,,557,-4.062462549952055e-13,0.0961765652454612,4.492832948461978e-05,0.0004673625762129,True,False,5.413745787707704e-05,5.413745787707852e-05,0.0011073232030152,8.902475596406151e-05,0.999999998534568,,
HM1_NEUTRAL2,0.7,0.8600000000000001,0.6141628448546852,True,,standard_N301,301,0.0721232115683762,0.0721340347921552,131,555,6.049164890350246e-14,0.0721563006287352,False,555,6.049164890350246e-14,0.0721563006287352,3.308906035900949e-05,0.0004587851766367,True,False,5.468816044516217e-05,5.468816044516206e-05,0.0012812948455277,7.684560867723828e-05,0.9999999985046027,,,555,6.049164890350246e-14,0.0721563006287352,3.308906035900949e-05,0.0004587851766367,True,False,5.468816044516217e-05,5.468816044516206e-05,0.0012812948455277,7.684560867723828e-05,0.9999999985046027,,,555,6.049164890350246e-14,0.0721563006287352,3.308906035900949e-05,0.0004587851766367,True,False,5.468816044516217e-05,5.468816044516206e-05,0.0012812948455277,7.684560867723828e-05,0.9999999985046027,,
HM1_NEUTRAL2,0.7,0.905,0.6462992727831279,True,,standard_N301,301,0.0485442274697872,0.0472287285337129,166,554,1.453784919842487e-13,0.0485572215356941,False,554,1.453784919842487e-13,0.0485572215356941,1.299406590693497e-05,0.0002598813181386,True,False,5.5258345718543296e-05,5.525834571854359e-05,0.0015321841112398,6.128008417837913e-05,0.9999999984732576,,,554,1.453784919842487e-13,0.0485572215356941,1.299406590693497e-05,0.0002598813181386,True,False,5.5258345718543296e-05,5.525834571854359e-05,0.0015321841112398,6.128008417837913e-05,0.9999999984732576,,,554,1.453784919842487e-13,0.0485572215356941,1.299406590693497e-05,0.0002598813181386,True,False,5.5258345718543296e-05,5.525834571854359e-05,0.0015321841112398,6.128008417837913e-05,0.9999999984732576,,
HM1_NEUTRAL3,0.7,0.9275,0.6623674867473494,True,,near_neutral_N401,401,0.0368930826049105,0.0402610488618579,161,746,8.533982247848532e-14,0.0369080491633253,False,746,8.533982247848532e-14,0.0369080491633253,1.4966558414791775e-05,0.0002993311682958,True,False,3.148607968203079e-05,3.148607968203027e-05,0.0010012783937605,4.003916057184977e-05,0.9999999995043132,,,746,8.533982247848532e-14,0.0369080491633253,1.4966558414791775e-05,0.0002993311682958,True,False,3.148607968203079e-05,3.148607968203027e-05,0.0010012783937605,4.003916057184977e-05,0.9999999995043132,,,746,8.533982247848532e-14,0.0369080491633253,1.4966558414791775e-05,0.0002993311682958,True,False,3.148607968203079e-05,3.148607968203027e-05,0.0010012783937605,4.003916057184977e-05,0.9999999995043132,,
HM1_NEUTRAL3,0.7,0.95,0.6784357007115707,True,,near_neutral_N401,401,0.0253434471540011,0.0277797933186169,165,747,1.693347031192498e-13,0.0252869788328062,False,747,1.693347031192498e-13,0.0252869788328062,5.64683211949496e-05,0.0011293664238989,True,False,3.8006552120321645e-05,3.8006552120321686e-05,0.0011639847114992,9.623442323281788e-05,0.9999999992777512,,,747,1.693347031192498e-13,0.0252869788328062,5.64683211949496e-05,0.0011293664238989,True,False,3.8006552120321645e-05,3.8006552120321686e-05,0.0011639847114992,9.623442323281788e-05,0.9999999992777512,,,848,-0.6258430390294821,0.0280658537460869,0.0027224065920857,0.0544481318417153,False,True,0.7040286291460286,0.7040286291460286,2.5586976277857314,0.8595244917349345,0.7101715914782593,,
HM1_NEUTRAL3,0.7,0.9725,0.6945039146757922,True,,near_neutral_N401,401,0.0138942964052464,0.0129638568087565,222,751,2.345211729165172e-11,0.0129495069431595,False,751,2.345211729165172e-11,0.0129495069431595,0.0009447894620868,0.0188957892417367,True,False,0.0003352677589174,0.0003352677589174,0.0034474973881882,0.0015130840952121,0.9999999437977634,,,751,2.345211729165172e-11,0.0129495069431595,0.0009447894620868,0.0188957892417367,True,False,0.0003352677589174,0.0003352677589174,0.0034474973881882,0.0015130840952121,0.9999999437977634,,,809,0.623137378890883,0.027823944948663,0.0139296485434166,0.2785929708683323,False,True,0.7065628730942927,0.7065628730942926,2.447613272282421,0.8531542317092331,0.7076502712249451,,
ETAEDGE_HM1,0.77,0.025,0.0159510971409492,True,,longwave_map10_N301,301,0.6165300877184303,0.6133485536852715,111,590,5.4909521678672404e-14,0.6168381388519463,False,590,5.4909521678672404e-14,0.6168381388519463,0.0003080511335159,0.0004996530415181,True,False,5.1251034409605605e-05,5.125103440960052e-05,0.0008631464751677,0.0002642069371322,0.9999999986866658,,,590,5.4909521678672404e-14,0.6168381388519463,0.0003080511335159,0.0004996530415181,True,False,5.1251034409605605e-05,5.125103440960052e-05,0.0008631464751677,0.0002642069371322,0.9999999986866658,,,590,5.4909521678672404e-14,0.6168381388519463,0.0003080511335159,0.0004996530415181,True,False,5.1251034409605605e-05,5.125103440960052e-05,0.0008631464751677,0.0002642069371322,0.9999999986866658,,
ETAEDGE_HM1,0.77,0.04,0.0255217554255188,True,,longwave_map10_N301,301,0.6024734949367822,0.5943224036895195,153,587,-6.014006916079627e-14,0.6027707455846446,False,587,-6.014006916079627e-14,0.6027707455846446,0.0002972506478624,0.0004933837759844,True,False,1.903610536302212e-05,1.9036105363022776e-05,0.0008823022422678,0.0002867240767895,0.9999999998188134,,,587,-6.014006916079627e-14,0.6027707455846446,0.0002972506478624,0.0004933837759844,True,False,1.903610536302212e-05,1.9036105363022776e-05,0.0008823022422678,0.0002867240767895,0.9999999998188134,,,587,-6.014006916079627e-14,0.6027707455846446,0.0002972506478624,0.0004933837759844,True,False,1.903610536302212e-05,1.9036105363022776e-05,0.0008823022422678,0.0002867240767895,0.9999999998188134,,
ETAEDGE_HM1,0.77,0.055,0.0350924137100884,True,,longwave_map10_N301,301,0.5887025091871301,0.5843987301097323,115,582,4.208106236370356e-13,0.5890072720490892,False,582,4.208106236370356e-13,0.5890072720490892,0.0003047628619591,0.0005176856853896,True,False,2.625661096363204e-05,2.6256610963637457e-05,0.0009137373127308,0.0002972105479316,0.9999999996552954,,,582,4.208106236370356e-13,0.5890072720490892,0.0003047628619591,0.0005176856853896,True,False,2.625661096363204e-05,2.6256610963637457e-05,0.0009137373127308,0.0002972105479316,0.9999999996552954,,,582,4.208106236370356e-13,0.5890072720490892,0.0003047628619591,0.0005176856853896,True,False,2.625661096363204e-05,2.6256610963637457e-05,0.0009137373127308,0.0002972105479316,0.9999999996552954,,
HM1_VLOW_EXTREME,0.7749999999999999,0.05875,0.0371277224380583,True,,longwave_map10_N301,301,0.5824710757437794,0.5911903071660215,168,583,-2.211860211598471e-14,0.5827729475858748,False,583,-2.211860211598471e-14,0.5827729475858748,0.0003018718420954,0.0005182606564796,True,False,2.7997262906499746e-05,2.7997262906494792e-05,0.0009160733575491,0.0002964317685129,0.9999999996080764,,,583,-2.211860211598471e-14,0.5827729475858748,0.0003018718420954,0.0005182606564796,True,False,2.7997262906499746e-05,2.7997262906494792e-05,0.0009160733575491,0.0002964317685129,0.9999999996080764,,,583,-2.211860211598471e-14,0.5827729475858748,0.0003018718420954,0.0005182606564796,True,False,2.7997262906499746e-05,2.7997262906494792e-05,0.0009160733575491,0.0002964317685129,0.9999999996080764,,
HM1_VLOW_EXTREME,0.7749999999999999,0.0849999999999999,0.0537167048039992,True,,longwave_map10_N301,301,0.5592637425490887,0.5589774200089933,117,577,1.5062517881891684e-13,0.559593067129035,False,577,1.5062517881891684e-13,0.559593067129035,0.0003293245799462,0.0005888537998999,True,False,4.65319843252804e-05,4.6531984325279744e-05,0.0009890908033495,0.0003290663845989,0.999999998917387,,,577,1.5062517881891684e-13,0.559593067129035,0.0003293245799462,0.0005888537998999,True,False,4.65319843252804e-05,4.6531984325279744e-05,0.0009890908033495,0.0003290663845989,0.999999998917387,,,577,1.5062517881891684e-13,0.559593067129035,0.0003293245799462,0.0005888537998999,True,False,4.65319843252804e-05,4.6531984325279744e-05,0.0009890908033495,0.0003290663845989,0.999999998917387,,
HM1_VLOW_EXTREME,0.7749999999999999,0.11125,0.0703056871699402,True,,longwave_map10_N301,301,0.5368381374520508,0.5355540488624425,118,574,-5.244036756795013e-14,0.5371402053985351,False,574,-5.244036756795013e-14,0.5371402053985351,0.0003020679464843,0.0005626797453661,True,False,5.7848526218206656e-05,5.78485262182074e-05,0.001004800199024,0.0003124251463367,0.999999998326774,,,574,-5.244036756795013e-14,0.5371402053985351,0.0003020679464843,0.0005626797453661,True,False,5.7848526218206656e-05,5.78485262182074e-05,0.001004800199024,0.0003124251463367,0.999999998326774,,,574,-5.244036756795013e-14,0.5371402053985351,0.0003020679464843,0.0005626797453661,True,False,5.7848526218206656e-05,5.78485262182074e-05,0.001004800199024,0.0003124251463367,0.999999998326774,,
HM1_VLOW_MOD,0.7749999999999999,0.1362499999999999,0.0861047179946459,True,,standard_N301,301,0.516056946216819,0.5168245424248827,137,582,1.448539491036164e-13,0.5161394655767371,False,582,1.448539491036164e-13,0.5161394655767371,8.251935991809844e-05,0.0001599035930492,True,False,4.820826290828188e-05,4.8208262908277177e-05,0.000283378052173,0.0001044581314817,0.9999999988379816,,,582,1.448539491036164e-13,0.5161394655767371,8.251935991809844e-05,0.0001599035930492,True,False,4.820826290828188e-05,4.8208262908277177e-05,0.000283378052173,0.0001044581314817,0.9999999988379816,,,582,1.448539491036164e-13,0.5161394655767371,8.251935991809844e-05,0.0001599035930492,True,False,4.820826290828188e-05,4.8208262908277177e-05,0.000283378052173,0.0001044581314817,0.9999999988379816,,
HM1_VLOW_MOD,0.7749999999999999,0.185,0.116912828102822,True,,standard_N301,301,0.477184422528054,0.4769266920625076,137,580,-9.057157861642825e-14,0.4772507959745402,False,580,-9.057157861642825e-14,0.4772507959745402,6.637344648618981e-05,0.0001390939086706,True,False,5.199981051954613e-05,5.199981051954426e-05,0.0002892065314635,9.375337600905491e-05,0.99999999864801,,,580,-9.057157861642825e-14,0.4772507959745402,6.637344648618981e-05,0.0001390939086706,True,False,5.199981051954613e-05,5.199981051954426e-05,0.0002892065314635,9.375337600905491e-05,0.99999999864801,,,580,-9.057157861642825e-14,0.4772507959745402,6.637344648618981e-05,0.0001390939086706,True,False,5.199981051954613e-05,5.199981051954426e-05,0.0002892065314635,9.375337600905491e-05,0.99999999864801,,
HM1_VLOW_MOD,0.7749999999999999,0.23375,0.147720938210998,True,,standard_N301,301,0.4401678325955266,0.4399439776166752,137,576,2.0078519188877738e-13,0.4402445134880182,False,576,2.0078519188877738e-13,0.4402445134880182,7.668089249157628e-05,0.0001742083060441,True,False,5.093855730497641e-05,5.093855730498208e-05,0.0003231702874985,0.0001042728753664,0.9999999987026316,,,576,2.0078519188877738e-13,0.4402445134880182,7.668089249157628e-05,0.0001742083060441,True,False,5.093855730497641e-05,5.093855730498208e-05,0.0003231702874985,0.0001042728753664,0.9999999987026316,,,576,2.0078519188877738e-13,0.4402445134880182,7.668089249157628e-05,0.0001742083060441,True,False,5.093855730497641e-05,5.093855730498208e-05,0.0003231702874985,0.0001042728753664,0.9999999987026316,,
HM1_LOW,0.7749999999999999,0.26875,0.169839581365586,True,,standard_N301,301,0.4146424744856558,0.4148462088129134,137,574,-2.684637430025718e-14,0.4147093757271937,False,574,-2.684637430025718e-14,0.4147093757271937,6.69012415379644e-05,0.0001613468123856,True,False,5.163865052920558e-05,5.163865052921015e-05,0.0003314495679007,9.71110314272999e-05,0.9999999986667252,,,574,-2.684637430025718e-14,0.4147093757271937,6.69012415379644e-05,0.0001613468123856,True,False,5.163865052920558e-05,5.163865052921015e-05,0.0003314495679007,9.71110314272999e-05,0.9999999986667252,,,574,-2.684637430025718e-14,0.4147093757271937,6.69012415379644e-05,0.0001613468123856,True,False,5.163865052920558e-05,5.163865052921015e-05,0.0003314495679007,9.71110314272999e-05,0.9999999986667252,,
HM1_LOW,0.7749999999999999,0.325,0.2053874007211737,True,,standard_N301,301,0.375215128077374,0.3752265948211171,133,573,1.0032164527411225e-13,0.3752838245404204,False,573,1.0032164527411225e-13,0.3752838245404204,6.869646304635824e-05,0.0001830855365516,True,False,5.191443438467998e-05,5.191443438467812e-05,0.0003667246092933,0.0001017326026292,0.9999999986524458,,,573,1.0032164527411225e-13,0.3752838245404204,6.869646304635824e-05,0.0001830855365516,True,False,5.191443438467998e-05,5.191443438467812e-05,0.0003667246092933,0.0001017326026292,0.9999999986524458,,,573,1.0032164527411225e-13,0.3752838245404204,6.869646304635824e-05,0.0001830855365516,True,False,5.191443438467998e-05,5.191443438467812e-05,0.0003667246092933,0.0001017326026292,0.9999999986524458,,
HM1_MID,0.7749999999999999,0.375,0.2369854623705851,True,,standard_N301,301,0.3416602262056963,0.3420239324446657,134,570,1.1908132596126701e-13,0.3417359410481054,False,570,1.1908132596126701e-13,0.3417359410481054,7.571484240903592e-05,0.0002216085941576,True,False,5.348895288716388e-05,5.3488952887164986e-05,0.00040850949811,0.000112425469363,0.999999998569466,,,570,1.1908132596126701e-13,0.3417359410481054,7.571484240903592e-05,0.0002216085941576,True,False,5.348895288716388e-05,5.3488952887164986e-05,0.00040850949811,0.000112425469363,0.999999998569466,,,570,1.1908132596126701e-13,0.3417359410481054,7.571484240903592e-05,0.0002216085941576,True,False,5.348895288716388e-05,5.3488952887164986e-05,0.00040850949811,0.000112425469363,0.999999998569466,,
HM1_LOW,0.7749999999999999,0.38125,0.2409352200767615,True,,standard_N301,301,0.337548524015846,0.3369818223327839,158,571,1.4199505040004865e-13,0.3376335594985811,False,571,1.4199505040004865e-13,0.3376335594985811,8.503548273508521e-05,0.0002519207660084,True,False,5.492152489220572e-05,5.492152489220627e-05,0.0004248686081555,0.0001237511769287,0.9999999984918132,,,571,1.4199505040004865e-13,0.3376335594985811,8.503548273508521e-05,0.0002519207660084,True,False,5.492152489220572e-05,5.492152489220627e-05,0.0004248686081555,0.0001237511769287,0.9999999984918132,,,571,1.4199505040004865e-13,0.3376335594985811,8.503548273508521e-05,0.0002519207660084,True,False,5.492152489220572e-05,5.492152489220627e-05,0.0004248686081555,0.0001237511769287,0.9999999984918132,,
HM1_MID,0.7749999999999999,0.45,0.2843825548447021,True,,standard_N301,301,0.2936662148053522,0.2937972893081533,133,567,-1.0916228367666969e-13,0.2937324962529672,False,567,-1.0916228367666969e-13,0.2937324962529672,6.628144761500199e-05,0.000225703347111,True,False,5.488464834049994e-05,5.488464834050185e-05,0.0004552412367998,0.0001078451739149,0.9999999984938378,,,567,-1.0916228367666969e-13,0.2937324962529672,6.628144761500199e-05,0.000225703347111,True,False,5.488464834049994e-05,5.488464834050185e-05,0.0004552412367998,0.0001078451739149,0.9999999984938378,,,567,-1.0916228367666969e-13,0.2937324962529672,6.628144761500199e-05,0.000225703347111,True,False,5.488464834049994e-05,5.488464834050185e-05,0.0004552412367998,0.0001078451739149,0.9999999984938378,,
HM1_MID,0.7749999999999999,0.525,0.3317796473188192,True,,standard_N301,301,0.2481167404543542,0.2478427415442409,136,564,2.717296110448528e-13,0.248165560968524,False,564,2.717296110448528e-13,0.248165560968524,4.882051416979505e-05,0.0001967642895855,True,False,5.49991294758786e-05,5.499912947587867e-05,0.0005052888569504,9.287315134224552e-05,0.999999998487548,,,564,2.717296110448528e-13,0.248165560968524,4.882051416979505e-05,0.0001967642895855,True,False,5.49991294758786e-05,5.499912947587867e-05,0.0005052888569504,9.287315134224552e-05,0.999999998487548,,,564,2.717296110448528e-13,0.248165560968524,4.882051416979505e-05,0.0001967642895855,True,False,5.49991294758786e-05,5.499912947587867e-05,0.0005052888569504,9.287315134224552e-05,0.999999998487548,,
HM1_HIGH,0.7749999999999999,0.5625,0.3554781935558777,True,,standard_N301,301,0.2261321123410025,0.2262528698855647,158,562,-2.5294809987774433e-14,0.2261955169154654,False,562,-2.5294809987774433e-14,0.2261955169154654,6.340457446288306e-05,0.0002803873090225,True,False,5.849549155443983e-05,5.8495491554439854e-05,0.0005599275486283,0.0001131507562028,0.9999999982891388,,,562,-2.5294809987774433e-14,0.2261955169154654,6.340457446288306e-05,0.0002803873090225,True,False,5.849549155443983e-05,5.8495491554439854e-05,0.0005599275486283,0.0001131507562028,0.9999999982891388,,,562,-2.5294809987774433e-14,0.2261955169154654,6.340457446288306e-05,0.0002803873090225,True,False,5.849549155443983e-05,5.8495491554439854e-05,0.0005599275486283,0.0001131507562028,0.9999999982891388,,
HM1_HIGH,0.7749999999999999,0.6000000000000001,0.3791767397929362,True,,standard_N301,301,0.2046638590859102,0.2046310619589111,139,562,-1.425091956928727e-13,0.2047227870202804,False,562,-1.425091956928727e-13,0.2047227870202804,5.8927934370178736e-05,0.0002879254531472,True,False,5.89549659600741e-05,5.895496596007357e-05,0.0006002950450229,0.0001099477175887,0.999999998262156,,,562,-1.425091956928727e-13,0.2047227870202804,5.8927934370178736e-05,0.0002879254531472,True,False,5.89549659600741e-05,5.895496596007357e-05,0.0006002950450229,0.0001099477175887,0.999999998262156,,,562,-1.425091956928727e-13,0.2047227870202804,5.8927934370178736e-05,0.0002879254531472,True,False,5.89549659600741e-05,5.895496596007357e-05,0.0006002950450229,0.0001099477175887,0.999999998262156,,
HM1_HIGH,0.7749999999999999,0.6375000000000001,0.4028752860299948,True,,standard_N301,301,0.1836633249802361,0.1835151967270417,130,560,-6.245409952703613e-14,0.1837178250515541,False,560,-6.245409952703613e-14,0.1837178250515541,5.450007131793666e-05,0.0002967389996004,True,False,5.9449882227951297e-05,5.944988222795053e-05,0.0006438019738241,0.0001063397122112,0.9999999982328558,,,560,-6.245409952703613e-14,0.1837178250515541,5.450007131793666e-05,0.0002967389996004,True,False,5.9449882227951297e-05,5.944988222795053e-05,0.0006438019738241,0.0001063397122112,0.9999999982328558,,,560,-6.245409952703613e-14,0.1837178250515541,5.450007131793666e-05,0.0002967389996004,True,False,5.9449882227951297e-05,5.944988222795053e-05,0.0006438019738241,0.0001063397122112,0.9999999982328558,,
HM1_NEUTRAL1,0.7749999999999999,0.6687500000000001,0.4226240745608768,True,,standard_N301,301,0.1664903211638383,0.1669244528763409,171,561,2.5709821694362774e-13,0.1665515349138218,False,561,2.5709821694362774e-13,0.1665515349138218,6.121374998355189e-05,0.0003676715232191,True,False,6.203764181377413e-05,6.203764181377525e-05,0.0006976326161616,0.0001173986652384,0.9999999980756654,,,561,2.5709821694362774e-13,0.1665515349138218,6.121374998355189e-05,0.0003676715232191,True,False,6.203764181377413e-05,6.203764181377525e-05,0.0006976326161616,0.0001173986652384,0.9999999980756654,,,561,2.5709821694362774e-13,0.1665515349138218,6.121374998355189e-05,0.0003676715232191,True,False,6.203764181377413e-05,6.203764181377525e-05,0.0006976326161616,0.0001173986652384,0.9999999980756654,,
HM1_NEUTRAL1,0.7749999999999999,0.7250000000000001,0.4581718939164647,True,,standard_N301,301,0.136329144097524,0.1362592942256083,134,558,8.173930502543974e-15,0.136378064393806,False,558,8.173930502543974e-15,0.136378064393806,4.892029628203454e-05,0.0003588396054701,True,False,6.138873756686804e-05,6.138873756686682e-05,0.0007812392696886,0.0001033248465383,0.9999999981157114,,,558,8.173930502543974e-15,0.136378064393806,4.892029628203454e-05,0.0003588396054701,True,False,6.138873756686804e-05,6.138873756686682e-05,0.0007812392696886,0.0001033248465383,0.9999999981157114,,,558,8.173930502543974e-15,0.136378064393806,4.892029628203454e-05,0.0003588396054701,True,False,6.138873756686804e-05,6.138873756686682e-05,0.0007812392696886,0.0001033248465383,0.9999999981157114,,
HM1_NEUTRAL1,0.7749999999999999,0.78125,0.4937197132720524,True,,standard_N301,301,0.107034357543675,0.1069434711679459,141,556,2.7376615652118263e-14,0.1070718555182488,False,556,2.7376615652118263e-14,0.1070718555182488,3.749797457384962e-05,0.0003503358681678,True,False,6.135176509077713e-05,6.135176509077692e-05,0.0008947870078509,9.065788329946654e-05,0.9999999981179803,,,556,2.7376615652118263e-14,0.1070718555182488,3.749797457384962e-05,0.0003503358681678,True,False,6.135176509077713e-05,6.135176509077692e-05,0.0008947870078509,9.065788329946654e-05,0.9999999981179803,,,556,2.7376615652118263e-14,0.1070718555182488,3.749797457384962e-05,0.0003503358681678,True,False,6.135176509077713e-05,6.135176509077692e-05,0.0008947870078509,9.065788329946654e-05,0.9999999981179803,,
HM1_NEUTRAL2,0.7749999999999999,0.8150000000000001,0.515048404885405,True,,standard_N301,301,0.0898522948919798,0.0899405355277915,169,556,2.7867991174161124e-14,0.0898738018136694,False,556,2.7867991174161124e-14,0.0898738018136694,2.15069216895486e-05,0.0002393586242332,True,False,6.08644827651673e-05,6.086448276516695e-05,0.0009761061343928,7.464197765040607e-05,0.9999999981477574,,,556,2.7867991174161124e-14,0.0898738018136694,2.15069216895486e-05,0.0002393586242332,True,False,6.08644827651673e-05,6.086448276516695e-05,0.0009761061343928,7.464197765040607e-05,0.9999999981477574,,,556,2.7867991174161124e-14,0.0898738018136694,2.15069216895486e-05,0.0002393586242332,True,False,6.08644827651673e-05,6.086448276516695e-05,0.0009761061343928,7.464197765040607e-05,0.9999999981477574,,
HM1_NEUTRAL2,0.7749999999999999,0.8600000000000001,0.5434866603698754,True,,standard_N301,301,0.0673250752897653,0.0675661032297054,181,554,4.8951490400001065e-14,0.0673607767022699,False,554,4.8951490400001065e-14,0.0673607767022699,3.570141250464065e-05,0.0005302840338608,True,False,6.099824212878756e-05,6.099824212878626e-05,0.0011451030340786,8.843843635262334e-05,0.9999999981396076,,,554,4.8951490400001065e-14,0.0673607767022699,3.570141250464065e-05,0.0005302840338608,True,False,6.099824212878756e-05,6.099824212878626e-05,0.0011451030340786,8.843843635262334e-05,0.9999999981396076,,,554,4.8951490400001065e-14,0.0673607767022699,3.570141250464065e-05,0.0005302840338608,True,False,6.099824212878756e-05,6.099824212878626e-05,0.0011451030340786,8.843843635262334e-05,0.9999999981396076,,
HM1_NEUTRAL2,0.7749999999999999,0.905,0.5719249158543455,True,,standard_N301,301,0.0452647790524921,0.0448589332336996,188,552,-1.4112217918787925e-13,0.0452791072123796,False,552,-1.4112217918787925e-13,0.0452791072123796,1.4328159887486149e-05,0.0002865631977497,True,False,5.641280744450425e-05,5.641280744450381e-05,0.0013632256911821,6.395084924594895e-05,0.9999999984087976,,,552,-1.4112217918787925e-13,0.0452791072123796,1.4328159887486149e-05,0.0002865631977497,True,False,5.641280744450425e-05,5.641280744450381e-05,0.0013632256911821,6.395084924594895e-05,0.9999999984087976,,,552,-1.4112217918787925e-13,0.0452791072123796,1.4328159887486149e-05,0.0002865631977497,True,False,5.641280744450425e-05,5.641280744450381e-05,0.0013632256911821,6.395084924594895e-05,0.9999999984087976,,
HM1_NEUTRAL3,0.7749999999999999,0.9275,0.5861440435965806,True,,near_neutral_N401,401,0.0344180595665158,0.0387167416956901,172,745,3.8364444220638784e-13,0.0343993438974487,False,745,3.8364444220638784e-13,0.0343993438974487,1.871566906706812e-05,0.0003743133813413,True,False,3.447771216654189e-05,3.447771216654027e-05,0.0008816267039944,4.826278094270766e-05,0.999999999405644,,,745,3.8364444220638784e-13,0.0343993438974487,1.871566906706812e-05,0.0003743133813413,True,False,3.447771216654189e-05,3.447771216654027e-05,0.0008816267039944,4.826278094270766e-05,0.999999999405644,,,795,0.5226747812602366,0.0355849521938391,0.0011668926273233,0.0233378525464662,False,True,0.7198433482487318,0.7198433482487318,2.0453029506376748,0.7925029955095129,0.6941365528352871,,
HM1_NEUTRAL3,0.7749999999999999,0.95,0.6003631713388157,True,,near_neutral_N401,401,0.0236128626666257,0.0281435894104012,205,745,3.652032947066798e-12,0.0235210641213681,False,745,3.652032947066798e-12,0.0235210641213681,9.179854525766253e-05,0.0018359709051532,True,False,6.95310318969076e-05,6.953103189690978e-05,0.0010593147329909,0.000174001120889,0.9999999975827176,,,745,3.652032947066798e-12,0.0235210641213681,9.179854525766253e-05,0.0018359709051532,True,False,6.95310318969076e-05,6.953103189690978e-05,0.0010593147329909,0.000174001120889,0.9999999975827176,,,794,0.5194675732296153,0.0353206620797175,0.0117077994130917,0.2341559882618346,False,True,0.7193302391201672,0.7193302391201672,1.9726313748840816,0.7887155896367627,0.6946682712542174,,
HM1_NEUTRAL3,0.7749999999999999,0.9725,0.6145822990810508,True,,near_neutral_N401,401,0.0129272658063536,0.0124034456051238,215,748,2.846608655963637e-12,0.0117600677871118,False,748,2.846608655963637e-12,0.0117600677871118,0.0011671980192418,0.0233439603848365,True,False,0.000769591348307,0.000769591348307,0.0040694008520154,0.0021681448829632,0.9999997038645344,,,748,2.846608655963637e-12,0.0117600677871118,0.0011671980192418,0.0233439603848365,True,False,0.000769591348307,0.000769591348307,0.0040694008520154,0.0021681448829632,0.9999997038645344,,,838,-0.5163399383769007,0.0350475055254956,0.0221202397191419,0.4424047943828387,False,True,0.7170021977329469,0.717002197732947,1.9163889516450507,0.7858481177251664,0.6970709063259807,,
ETAEDGE_HM2A,0.84,0.025,0.0135646599662505,True,,longwave_map10_N301,301,0.5735251317446493,0.5592990428124042,108,590,3.770696188582434e-13,0.5739746364758613,False,590,3.770696188582434e-13,0.5739746364758613,0.000449504731212,0.0007837576879058,True,False,0.000139403792451,0.000139403792451,0.0014915123672466,0.0005215435714352,0.9999999902832912,,,590,3.770696188582434e-13,0.5739746364758613,0.000449504731212,0.0007837576879058,True,False,0.000139403792451,0.000139403792451,0.0014915123672466,0.0005215435714352,0.9999999902832912,,,590,3.770696188582434e-13,0.5739746364758613,0.000449504731212,0.0007837576879058,True,False,0.000139403792451,0.000139403792451,0.0014915123672466,0.0005215435714352,0.9999999902832912,,
ETAEDGE_HM2A,0.84,0.04,0.0217034559460008,True,,longwave_map10_N301,301,0.5611212311347018,0.5551931214939789,146,586,3.8896039602547816e-14,0.5614637536472208,False,586,3.8896039602547816e-14,0.5614637536472208,0.0003425225125189,0.0006104251514888,True,False,2.044926645698619e-05,2.0449266456974835e-05,0.0009265288417021,0.0003380470665569,0.9999999997909136,,,586,3.8896039602547816e-14,0.5614637536472208,0.0003425225125189,0.0006104251514888,True,False,2.044926645698619e-05,2.0449266456974835e-05,0.0009265288417021,0.0003380470665569,0.9999999997909136,,,586,3.8896039602547816e-14,0.5614637536472208,0.0003425225125189,0.0006104251514888,True,False,2.044926645698619e-05,2.0449266456974835e-05,0.0009265288417021,0.0003380470665569,0.9999999997909136,,
ETAEDGE_HM2A,0.84,0.055,0.0298422519257511,True,,longwave_map10_N301,301,0.5489703919257064,0.547578269714038,114,583,-2.438548753634307e-13,0.5492910494581416,False,583,-2.438548753634307e-13,0.5492910494581416,0.0003206575324351,0.0005841071525011,True,False,2.6415766703148056e-05,2.641576670315531e-05,0.0009189340427803,0.0003217782883415,0.9999999996511036,,,583,-2.438548753634307e-13,0.5492910494581416,0.0003206575324351,0.0005841071525011,True,False,2.6415766703148056e-05,2.641576670315531e-05,0.0009189340427803,0.0003217782883415,0.9999999996511036,,,583,-2.438548753634307e-13,0.5492910494581416,0.0003206575324351,0.0005841071525011,True,False,2.6415766703148056e-05,2.641576670315531e-05,0.0009189340427803,0.0003217782883415,0.9999999996511036,,
HM1_VLOW_EXTREME,0.85,0.05875,0.0309484828990049,True,,longwave_map10_N301,301,0.5404336653973583,0.5376312794066724,115,582,2.313029723010605e-13,0.5407642516428142,False,582,2.313029723010605e-13,0.5407642516428142,0.0003305862454558,0.0006117054999022,True,False,2.9080329318535667e-05,2.9080329318541074e-05,0.0009324323564095,0.0003334492439742,0.9999999995771672,,,582,2.313029723010605e-13,0.5407642516428142,0.0003305862454558,0.0006117054999022,True,False,2.9080329318535667e-05,2.9080329318541074e-05,0.0009324323564095,0.0003334492439742,0.9999999995771672,,,582,2.313029723010605e-13,0.5407642516428142,0.0003305862454558,0.0006117054999022,True,False,2.9080329318535667e-05,2.9080329318541074e-05,0.0009324323564095,0.0003334492439742,0.9999999995771672,,
HM1_VLOW_EXTREME,0.85,0.0849999999999999,0.0447765284496241,True,,longwave_map10_N301,301,0.5201165045907183,0.5102564671960208,117,578,1.199767437737247e-13,0.5204510587872406,False,578,1.199767437737247e-13,0.5204510587872406,0.0003345541965222,0.0006432293410599,True,False,4.473072031592664e-05,4.473072031591871e-05,0.0009757356496723,0.0003464910037279,0.9999999989995814,,,578,1.199767437737247e-13,0.5204510587872406,0.0003345541965222,0.0006432293410599,True,False,4.473072031592664e-05,4.473072031591871e-05,0.0009757356496723,0.0003464910037279,0.9999999989995814,,,578,1.199767437737247e-13,0.5204510587872406,0.0003345541965222,0.0006432293410599,True,False,4.473072031592664e-05,4.473072031591871e-05,0.0009757356496723,0.0003464910037279,0.9999999989995814,,
HM1_VLOW_EXTREME,0.85,0.11125,0.0586045740002433,True,,longwave_map10_N301,301,0.5002986834751759,0.4945790457917466,118,574,2.6865381263951668e-14,0.5006614271132673,False,574,2.6865381263951668e-14,0.5006614271132673,0.0003627436380914,0.0007250541527947,True,False,6.602870246227404e-05,6.602870246227964e-05,0.0010485686575363,0.0003842630832862,0.9999999978201052,,,574,2.6865381263951668e-14,0.5006614271132673,0.0003627436380914,0.0007250541527947,True,False,6.602870246227404e-05,6.602870246227964e-05,0.0010485686575363,0.0003842630832862,0.9999999978201052,,,574,2.6865381263951668e-14,0.5006614271132673,0.0003627436380914,0.0007250541527947,True,False,6.602870246227404e-05,6.602870246227964e-05,0.0010485686575363,0.0003842630832862,0.9999999978201052,,
HM1_VLOW_MOD,0.85,0.1362499999999999,0.0717741411913092,True,,standard_N301,301,0.4819173519718818,0.4834907124979303,134,585,7.938108115431428e-15,0.4819924107315808,False,585,7.938108115431428e-15,0.4819924107315808,7.505875969898712e-05,0.0001557502741743,True,False,4.810493470672505e-05,4.810493470672456e-05,0.0002690524334186,9.641688824957098e-05,0.9999999988429576,,,585,7.938108115431428e-15,0.4819924107315808,7.505875969898712e-05,0.0001557502741743,True,False,4.810493470672505e-05,4.810493470672456e-05,0.0002690524334186,9.641688824957098e-05,0.9999999988429576,,,585,7.938108115431428e-15,0.4819924107315808,7.505875969898712e-05,0.0001557502741743,True,False,4.810493470672505e-05,4.810493470672456e-05,0.0002690524334186,9.641688824957098e-05,0.9999999988429576,,
HM1_VLOW_MOD,0.85,0.185,0.0974547972138878,True,,standard_N301,301,0.4471840271657513,0.4469640312163797,135,581,-3.1992423867779125e-15,0.4472763780404739,False,581,-3.1992423867779125e-15,0.4472763780404739,9.235087472259096e-05,0.0002065164878716,True,False,4.540808031129534e-05,4.540808031130131e-05,0.0003023626223546,0.0001223787938336,0.999999998969053,,,581,-3.1992423867779125e-15,0.4472763780404739,9.235087472259096e-05,0.0002065164878716,True,False,4.540808031129534e-05,4.540808031130131e-05,0.0003023626223546,0.0001223787938336,0.999999998969053,,,581,-3.1992423867779125e-15,0.4472763780404739,9.235087472259096e-05,0.0002065164878716,True,False,4.540808031129534e-05,4.540808031130131e-05,0.0003023626223546,0.0001223787938336,0.999999998969053,,
HM1_VLOW_MOD,0.85,0.23375,0.1231354532364664,True,,standard_N301,301,0.4138333861558184,0.4123823754662267,139,578,2.0389391693114254e-13,0.4139309777403328,False,578,2.0389391693114254e-13,0.4139309777403328,9.75915845143338e-05,0.0002358233718668,True,False,4.633571747645692e-05,4.633571747646097e-05,0.0003292888035724,0.0001309348195553,0.9999999989265006,,,578,2.0389391693114254e-13,0.4139309777403328,9.75915845143338e-05,0.0002358233718668,True,False,4.633571747645692e-05,4.633571747646097e-05,0.0003292888035724,0.0001309348195553,0.9999999989265006,,,578,2.0389391693114254e-13,0.4139309777403328,9.75915845143338e-05,0.0002358233718668,True,False,4.633571747645692e-05,4.633571747646097e-05,0.0003292888035724,0.0001309348195553,0.9999999989265006,,
HM1_LOW,0.85,0.26875,0.1415728473039587,True,,standard_N301,301,0.3906518060467722,0.3909638437604136,143,577,1.368417714025511e-13,0.3907444038398473,False,577,1.368417714025511e-13,0.3907444038398473,9.259779307513316e-05,0.0002370340841686,True,False,4.825209518219773e-05,4.825209518220068e-05,0.0003398243439074,0.0001296423019215,0.9999999988358677,,,577,1.368417714025511e-13,0.3907444038398473,9.259779307513316e-05,0.0002370340841686,True,False,4.825209518219773e-05,4.825209518220068e-05,0.0003398243439074,0.0001296423019215,0.9999999988358677,,,577,1.368417714025511e-13,0.3907444038398473,9.259779307513316e-05,0.0002370340841686,True,False,4.825209518219773e-05,4.825209518220068e-05,0.0003398243439074,0.0001296423019215,0.9999999988358677,,
HM1_LOW,0.85,0.325,0.171204373483857,True,,standard_N301,301,0.3545805318253715,0.3547554519866609,136,572,-1.5091500889778325e-13,0.3546558933213019,False,572,-1.5091500889778325e-13,0.3546558933213019,7.536149593040387e-05,0.0002125370378978,True,False,5.118507595930758e-05,5.1185075959306863e-05,0.0003471326301156,0.0001164340817069,0.999999998690044,,,572,-1.5091500889778325e-13,0.3546558933213019,7.536149593040387e-05,0.0002125370378978,True,False,5.118507595930758e-05,5.1185075959306863e-05,0.0003471326301156,0.0001164340817069,0.999999998690044,,,572,-1.5091500889778325e-13,0.3546558933213019,7.536149593040387e-05,0.0002125370378978,True,False,5.118507595930758e-05,5.1185075959306863e-05,0.0003471326301156,0.0001164340817069,0.999999998690044,,
HM1_MID,0.85,0.375,0.1975435078659889,True,,standard_N301,301,0.3235703155994289,0.3240154816674302,135,571,6.780749064193384e-15,0.3236660711545425,False,571,6.780749064193384e-15,0.3236660711545425,9.57555551135969e-05,0.0002959343008217,True,False,5.675557659685752e-05,5.675557659685592e-05,0.0003998082055658,0.0001469349127303,0.999999998389402,,,571,6.780749064193384e-15,0.3236660711545425,9.57555551135969e-05,0.0002959343008217,True,False,5.675557659685752e-05,5.675557659685592e-05,0.0003998082055658,0.0001469349127303,0.999999998389402,,,571,6.780749064193384e-15,0.3236660711545425,9.57555551135969e-05,0.0002959343008217,True,False,5.675557659685752e-05,5.675557659685592e-05,0.0003998082055658,0.0001469349127303,0.999999998389402,,
HM1_LOW,0.85,0.38125,0.2008358996637554,True,,standard_N301,301,0.3197778971866921,0.3190948235744868,138,571,-7.440901903961498e-14,0.3198584885186347,False,571,-7.440901903961498e-14,0.3198584885186347,8.059133194254775e-05,0.0002520228341344,True,False,5.44511842999607e-05,5.445118429996175e-05,0.0003841268498735,0.0001285418479897,0.9999999985175342,,,571,-7.440901903961498e-14,0.3198584885186347,8.059133194254775e-05,0.0002520228341344,True,False,5.44511842999607e-05,5.445118429996175e-05,0.0003841268498735,0.0001285418479897,0.9999999985175342,,,571,-7.440901903961498e-14,0.3198584885186347,8.059133194254775e-05,0.0002520228341344,True,False,5.44511842999607e-05,5.445118429996175e-05,0.0003841268498735,0.0001285418479897,0.9999999985175342,,
HM1_MID,0.85,0.45,0.2370522094391866,True,,standard_N301,301,0.2787745959149564,0.2789467122401626,146,568,3.779364088157516e-14,0.2788641059462384,False,568,3.779364088157516e-14,0.2788641059462384,8.951003128199186e-05,0.000321083888538,True,False,6.308552583036856e-05,6.308552583037095e-05,0.0004402177902181,0.0001503065863493,0.999999998010108,,,568,3.779364088157516e-14,0.2788641059462384,8.951003128199186e-05,0.000321083888538,True,False,6.308552583036856e-05,6.308552583037095e-05,0.0004402177902181,0.0001503065863493,0.999999998010108,,,568,3.779364088157516e-14,0.2788641059462384,8.951003128199186e-05,0.000321083888538,True,False,6.308552583036856e-05,6.308552583037095e-05,0.0004402177902181,0.0001503065863493,0.999999998010108,,
HM1_MID,0.85,0.525,0.2765609110123844,True,,standard_N301,301,0.2357806514673578,0.234907432833107,164,567,4.484196698727843e-13,0.2358383899119333,False,567,4.484196698727843e-13,0.2358383899119333,5.77384445754614e-05,0.0002448820300399,True,False,5.819139550851333e-05,5.819139550850925e-05,0.0004566296830235,0.0001140043028052,0.9999999983068806,,,567,4.484196698727843e-13,0.2358383899119333,5.77384445754614e-05,0.0002448820300399,True,False,5.819139550851333e-05,5.819139550850925e-05,0.0004566296830235,0.0001140043028052,0.9999999983068806,,,567,4.484196698727843e-13,0.2358383899119333,5.77384445754614e-05,0.0002448820300399,True,False,5.819139550851333e-05,5.819139550850925e-05,0.0004566296830235,0.0001140043028052,0.9999999983068806,,
HM1_HIGH,0.85,0.5625,0.2963152617989833,True,,standard_N301,301,0.2148507281138696,0.2156844670262365,139,564,-2.9705472867212774e-14,0.2149294607886435,False,564,-2.9705472867212774e-14,0.2149294607886435,7.873267477387369e-05,0.0003664529111213,True,False,7.038641756564562e-05,7.03864175656492e-05,0.000512563796138,0.0001522310496961,0.999999997522876,,,564,-2.9705472867212774e-14,0.2149294607886435,7.873267477387369e-05,0.0003664529111213,True,False,7.038641756564562e-05,7.03864175656492e-05,0.000512563796138,0.0001522310496961,0.999999997522876,,,564,-2.9705472867212774e-14,0.2149294607886435,7.873267477387369e-05,0.0003664529111213,True,False,7.038641756564562e-05,7.03864175656492e-05,0.000512563796138,0.0001522310496961,0.999999997522876,,
HM1_HIGH,0.85,0.6000000000000001,0.3160696125855822,True,,standard_N301,301,0.1943245917248862,0.1943494782791284,135,562,-7.89361741459937e-14,0.1944021682132744,False,562,-7.89361741459937e-14,0.1944021682132744,7.757648838813136e-05,0.0003992108651794,True,False,7.37216067726214e-05,7.372160677262116e-05,0.0005468835748875,0.0001563799435029,0.9999999972825624,,,562,-7.89361741459937e-14,0.1944021682132744,7.757648838813136e-05,0.0003992108651794,True,False,7.37216067726214e-05,7.372160677262116e-05,0.0005468835748875,0.0001563799435029,0.9999999972825624,,,562,-7.89361741459937e-14,0.1944021682132744,7.757648838813136e-05,0.0003992108651794,True,False,7.37216067726214e-05,7.372160677262116e-05,0.0005468835748875,0.0001563799435029,0.9999999972825624,,
HM1_HIGH,0.85,0.6375000000000001,0.3358239633721811,True,,standard_N301,301,0.1742005585856359,0.1732701341631796,135,563,-3.038133125740551e-13,0.1742487827355562,False,563,-3.038133125740551e-13,0.1742487827355562,4.822414992028401e-05,0.0002768312014141,True,False,6.087042421805271e-05,6.087042421805163e-05,0.0005516176196745,0.000110082012295,0.999999998147396,,,563,-3.038133125740551e-13,0.1742487827355562,4.822414992028401e-05,0.0002768312014141,True,False,6.087042421805271e-05,6.087042421805163e-05,0.0005516176196745,0.000110082012295,0.999999998147396,,,563,-3.038133125740551e-13,0.1742487827355562,4.822414992028401e-05,0.0002768312014141,True,False,6.087042421805271e-05,6.087042421805163e-05,0.0005516176196745,0.000110082012295,0.999999998147396,,
HM1_NEUTRAL1,0.85,0.6687500000000001,0.3522859223610135,True,,standard_N301,301,0.157692114641114,0.158108419648735,162,561,-7.03849688142259e-13,0.1577388665423437,False,561,-7.03849688142259e-13,0.1577388665423437,4.675190122974127e-05,0.0002964758341667,True,False,6.201206080995535e-05,6.201206080995717e-05,0.0005865565684397,0.0001105535954372,0.9999999980772524,,,561,-7.03849688142259e-13,0.1577388665423437,4.675190122974127e-05,0.0002964758341667,True,False,6.201206080995535e-05,6.201206080995717e-05,0.0005865565684397,0.0001105535954372,0.9999999980772524,,,561,-7.03849688142259e-13,0.1577388665423437,4.675190122974127e-05,0.0002964758341667,True,False,6.201206080995535e-05,6.201206080995717e-05,0.0005865565684397,0.0001105535954372,0.9999999980772524,,
HM1_NEUTRAL1,0.85,0.7250000000000001,0.3819174485409118,True,,standard_N301,301,0.1286298555016491,0.1287028576032254,136,560,-1.6804256771401014e-14,0.128683224655889,False,560,-1.6804256771401014e-14,0.128683224655889,5.336915423986843e-05,0.000414904875946,True,False,6.971015409785078e-05,6.971015409784791e-05,0.0006725534650652,0.00012774524387,0.9999999975702472,,,560,-1.6804256771401014e-14,0.128683224655889,5.336915423986843e-05,0.000414904875946,True,False,6.971015409785078e-05,6.971015409784791e-05,0.0006725534650652,0.00012774524387,0.9999999975702472,,,560,-1.6804256771401014e-14,0.128683224655889,5.336915423986843e-05,0.000414904875946,True,False,6.971015409785078e-05,6.971015409784791e-05,0.0006725534650652,0.00012774524387,0.9999999975702472,,
HM1_NEUTRAL1,0.85,0.78125,0.4115489747208102,True,,standard_N301,301,0.1004675205768313,0.0999393138556985,135,558,-2.5126157488425265e-14,0.1005115588355001,False,558,-2.5126157488425265e-14,0.1005115588355001,4.403825866879096e-05,0.0004383332883696,True,False,6.783490353305919e-05,6.783490353305766e-05,0.000763587541351,0.000114372689332,0.9999999976992128,,,558,-2.5126157488425265e-14,0.1005115588355001,4.403825866879096e-05,0.0004383332883696,True,False,6.783490353305919e-05,6.783490353305766e-05,0.000763587541351,0.000114372689332,0.9999999976992128,,,558,-2.5126157488425265e-14,0.1005115588355001,4.403825866879096e-05,0.0004383332883696,True,False,6.783490353305919e-05,6.783490353305766e-05,0.000763587541351,0.000114372689332,0.9999999976992128,,
HM1_NEUTRAL2,0.85,0.8150000000000001,0.4293278904287492,True,,standard_N301,301,0.0840038639766038,0.0842947514137521,137,556,-3.348947734041184e-14,0.0840531673504883,False,556,-3.348947734041184e-14,0.0840531673504883,4.930337388443784e-05,0.0005869179291344,True,False,7.426230328716054e-05,7.426230328716298e-05,0.0008434791302899,0.0001272812949978,0.9999999972425552,,,556,-3.348947734041184e-14,0.0840531673504883,4.930337388443784e-05,0.0005869179291344,True,False,7.426230328716054e-05,7.426230328716298e-05,0.0008434791302899,0.0001272812949978,0.9999999972425552,,,556,-3.348947734041184e-14,0.0840531673504883,4.930337388443784e-05,0.0005869179291344,True,False,7.426230328716054e-05,7.426230328716298e-05,0.0008434791302899,0.0001272812949978,0.9999999972425552,,
HM1_NEUTRAL2,0.85,0.8600000000000001,0.4530331113726679,True,,standard_N301,301,0.0626280720342447,0.0626310487999152,170,554,8.625097020997156e-14,0.0626467355021743,False,554,8.625097020997156e-14,0.0626467355021743,1.8663467929586064e-05,0.0002980048295176,True,False,5.961933616338128e-05,5.961933616338075e-05,0.0009526485207404,7.438721513326308e-05,0.9999999982227674,,,554,8.625097020997156e-14,0.0626467355021743,1.8663467929586064e-05,0.0002980048295176,True,False,5.961933616338128e-05,5.961933616338075e-05,0.0009526485207404,7.438721513326308e-05,0.9999999982227674,,,554,8.625097020997156e-14,0.0626467355021743,1.8663467929586064e-05,0.0002980048295176,True,False,5.961933616338128e-05,5.961933616338075e-05,0.0009526485207404,7.438721513326308e-05,0.9999999982227674,,
HM1_NEUTRAL2,0.85,0.905,0.4767383323165865,True,,standard_N301,301,0.0418640709763747,0.0407612963690222,173,554,-2.649825133625091e-13,0.0418430076703567,False,554,-2.649825133625091e-13,0.0418430076703567,2.106330601808065e-05,0.0004212661203616,True,False,6.882699819075947e-05,6.882699819075841e-05,0.0011351600029044,8.283789497185741e-05,0.9999999976314222,,,554,-2.649825133625091e-13,0.0418430076703567,2.106330601808065e-05,0.0004212661203616,True,False,6.882699819075947e-05,6.882699819075841e-05,0.0011351600029044,8.283789497185741e-05,0.9999999976314222,,,621,-0.4368428966789619,0.0511787322954571,0.0093146613190823,0.1862932263816465,False,True,0.7231352134401375,0.7231352134401375,1.5951191246120056,0.8143266311468592,0.6907064956136483,,
HM1_NEUTRAL3,0.85,0.9275,0.4885909427885458,True,,near_neutral_N401,401,0.0316973604073029,0.0332693044890238,180,746,2.1737906419338986e-12,0.0316874725262984,False,746,2.1737906419338986e-12,0.0316874725262984,9.887881004491672e-06,0.0001977576200898,True,False,3.749611204676521e-05,3.749611204676866e-05,0.0007365019470313,4.34272210428865e-05,0.9999999992970208,,,746,2.1737906419338986e-12,0.0316874725262984,9.887881004491672e-06,0.0001977576200898,True,False,3.749611204676521e-05,3.749611204676866e-05,0.0007365019470313,4.34272210428865e-05,0.9999999992970208,,,828,-0.4245007259875292,0.0424984136589536,0.0108010532516506,0.2160210650330128,False,True,0.7348518056158257,0.734851805615826,1.701514516257492,0.8071453359952921,0.6782277079146503,,
HM1_NEUTRAL3,0.85,0.95,0.5004435532605052,True,,near_neutral_N401,401,0.0216870705699768,0.0216856523086743,238,748,-3.2776417773419026e-12,0.0215376686765314,False,748,-3.2776417773419026e-12,0.0215376686765314,0.0001494018934453,0.0029880378689063,True,False,0.0002035120836167,0.0002035120836167,0.0009977838627478,0.0003694914332857,0.9999999792914156,,,748,-3.2776417773419026e-12,0.0215376686765314,0.0001494018934453,0.0029880378689063,True,False,0.0002035120836167,0.0002035120836167,0.0009977838627478,0.0003694914332857,0.9999999792914156,,,828,-0.4211289794059893,0.0422244751985959,0.0205374046286191,0.4107480925723826,False,True,0.7416390893056068,0.7416390893056068,1.6049511722885756,0.8020338496956438,0.6707991213574672,,
HM1_NEUTRAL3,0.85,0.9725,0.5122961637324646,True,,near_neutral_N401,401,0.0118354192896772,0.0105640341100538,174,747,-3.614990714875599e-11,0.0103026777231242,False,747,-3.614990714875599e-11,0.0103026777231242,0.001532741566553,0.0306548313310601,True,False,0.0020407298102574,0.0020407298102574,0.0055168659436241,0.0037634320623696,0.9999979177087528,,,747,-3.614990714875599e-11,0.0103026777231242,0.001532741566553,0.0306548313310601,True,False,0.0020407298102574,0.0020407298102574,0.0055168659436241,0.0037634320623696,0.9999979177087528,,,828,-0.4178394683073859,0.0419421528520637,0.0301067335623864,0.6021346712477297,False,True,0.7471525351686229,0.747152535168623,1.5364635559817867,0.7974507083380626,0.6646526079021279,,
ETAEDGE_HM1,0.86,0.025,0.012757350822173,True,,longwave_map10_N301,301,0.5612680950072376,0.5624493930174994,108,590,2.884563593021788e-13,0.5618199052762979,False,590,2.884563593021788e-13,0.5618199052762979,0.0005518102690602,0.0009831491830176,True,False,0.0003755287923844,0.0003755287923844,0.0020924677672306,0.0007541111101634,0.9999999294890608,,,590,2.884563593021788e-13,0.5618199052762979,0.0005518102690602,0.0009831491830176,True,False,0.0003755287923844,0.0003755287923844,0.0020924677672306,0.0007541111101634,0.9999999294890608,,,590,2.884563593021788e-13,0.5618199052762979,0.0005518102690602,0.0009831491830176,True,False,0.0003755287923844,0.0003755287923844,0.0020924677672306,0.0007541111101634,0.9999999294890608,,
ETAEDGE_HM1,0.86,0.04,0.0204117613154769,True,,longwave_map10_N301,301,0.5494386338497248,0.5484561505270562,116,586,-1.231294812000949e-13,0.549790081482232,False,586,-1.231294812000949e-13,0.549790081482232,0.0003514476325071,0.0006396485628334,True,False,3.080698169172503e-05,3.080698169172498e-05,0.0009484099159324,0.0003521208034727,0.9999999995254648,,,586,-1.231294812000949e-13,0.549790081482232,0.0003514476325071,0.0006396485628334,True,False,3.080698169172503e-05,3.080698169172498e-05,0.0009484099159324,0.0003521208034727,0.9999999995254648,,,586,-1.231294812000949e-13,0.549790081482232,0.0003514476325071,0.0006396485628334,True,False,3.080698169172503e-05,3.080698169172498e-05,0.0009484099159324,0.0003521208034727,0.9999999995254648,,
ETAEDGE_HM1,0.86,0.055,0.0280661718087807,True,,longwave_map10_N301,301,0.5378292002308479,0.5457745288638715,116,584,2.912455378815746e-13,0.5381698915772859,False,584,2.912455378815746e-13,0.5381698915772859,0.0003406913464379,0.0006334563952492,True,False,2.8095280119114226e-05,2.8095280119113355e-05,0.0009356607399283,0.0003432619960827,0.999999999605328,,,584,2.912455378815746e-13,0.5381698915772859,0.0003406913464379,0.0006334563952492,True,False,2.8095280119114226e-05,2.8095280119113355e-05,0.0009356607399283,0.0003432619960827,0.999999999605328,,,584,2.912455378815746e-13,0.5381698915772859,0.0003406913464379,0.0006334563952492,True,False,2.8095280119114226e-05,2.8095280119113355e-05,0.0009356607399283,0.0003432619960827,0.999999999605328,,
ETAEDGE_HM2A,0.885,0.025,0.0116397755562553,True,,extreme_longwave_map20_N301,301,0.5459960989513974,0.5472589475456942,164,585,-4.289923565729675e-14,0.5475023601887704,False,585,-4.289923565729675e-14,0.5475023601887704,0.0015062612373729,0.0027587399255521,True,False,7.036464191081512e-05,7.036464191081985e-05,0.0036561398235853,0.0014637655672873,0.9999999975244084,,,585,-4.289923565729675e-14,0.5475023601887704,0.0015062612373729,0.0027587399255521,True,False,7.036464191081512e-05,7.036464191081985e-05,0.0036561398235853,0.0014637655672873,0.9999999975244084,,,585,-4.289923565729675e-14,0.5475023601887704,0.0015062612373729,0.0027587399255521,True,False,7.036464191081512e-05,7.036464191081985e-05,0.0036561398235853,0.0014637655672873,0.9999999975244084,,
ETAEDGE_HM2A,0.885,0.04,0.0186236408900085,True,,extreme_longwave_map20_N301,301,0.5350169637152192,0.5372509139385248,87,580,7.806551337903597e-14,0.5365246382195686,False,580,7.806551337903597e-14,0.5365246382195686,0.0015076745043494,0.0028179938330925,True,False,0.0001119493723532,0.0001119493723532,0.0037420475792758,0.0014869048737747,0.9999999937336692,,,580,7.806551337903597e-14,0.5365246382195686,0.0015076745043494,0.0028179938330925,True,False,0.0001119493723532,0.0001119493723532,0.0037420475792758,0.0014869048737747,0.9999999937336692,,,580,7.806551337903597e-14,0.5365246382195686,0.0015076745043494,0.0028179938330925,True,False,0.0001119493723532,0.0001119493723532,0.0037420475792758,0.0014869048737747,0.9999999937336692,,
ETAEDGE_HM2A,0.885,0.055,0.0256075062237618,True,,extreme_longwave_map20_N301,301,0.524173871144995,0.5251472409845672,182,575,-6.441931040649214e-14,0.5256986127139959,False,575,-6.441931040649214e-14,0.5256986127139959,0.0015247415690008,0.0029088469550575,True,False,0.0001559236987271,0.0001559236987271,0.0038465036455495,0.0015264747022161,0.9999999878439,,,575,-6.441931040649214e-14,0.5256986127139959,0.0015247415690008,0.0029088469550575,True,False,0.0001559236987271,0.0001559236987271,0.0038465036455495,0.0015264747022161,0.9999999878439,,,575,-6.441931040649214e-14,0.5256986127139959,0.0015247415690008,0.0029088469550575,True,False,0.0001559236987271,0.0001559236987271,0.0038465036455495,0.0015264747022161,0.9999999878439,,
HM2_VLOW_EXTREME,0.915,0.05875,0.0237029130264087,True,,extreme_longwave_map20_N301,301,0.5060109727968841,0.5056482500828796,168,577,1.839632487923089e-14,0.5076404161119228,False,577,1.839632487923089e-14,0.5076404161119228,0.0016294433150386,0.0032201738749502,True,False,0.0001607246660312,0.0001607246660312,0.0039282961677737,0.0016449079628703,0.9999999870837908,,,577,1.839632487923089e-14,0.5076404161119228,0.0016294433150386,0.0032201738749502,True,False,0.0001607246660312,0.0001607246660312,0.0039282961677737,0.0016449079628703,0.9999999870837908,,,577,1.839632487923089e-14,0.5076404161119228,0.0016294433150386,0.0032201738749502,True,False,0.0001607246660312,0.0001607246660312,0.0039282961677737,0.0016449079628703,0.9999999870837908,,
HM2_VLOW_EXTREME,0.915,0.0849999999999999,0.0342935762935276,True,,longwave_map10_N301,301,0.4893796027612521,0.4884455113653099,115,581,-1.535334671871588e-15,0.4897785304970656,False,581,-1.535334671871588e-15,0.4897785304970656,0.0003989277358135,0.0008151703372241,True,False,4.595456703591987e-05,4.5954567035924895e-05,0.0010168249569687,0.0004168053503651,0.9999999989440888,,,581,-1.535334671871588e-15,0.4897785304970656,0.0003989277358135,0.0008151703372241,True,False,4.595456703591987e-05,4.5954567035924895e-05,0.0010168249569687,0.0004168053503651,0.9999999989440888,,,581,-1.535334671871588e-15,0.4897785304970656,0.0003989277358135,0.0008151703372241,True,False,4.595456703591987e-05,4.5954567035924895e-05,0.0010168249569687,0.0004168053503651,0.9999999989440888,,
HM2_VLOW_EXTREME,0.915,0.11125,0.0448842395606464,True,,longwave_map10_N301,301,0.4730517541871806,0.4727571435577971,167,577,1.2249435537719708e-13,0.4734568290877081,False,577,1.2249435537719708e-13,0.4734568290877081,0.0004050749005274,0.0008563014446981,True,False,6.24099552363209e-05,6.240995523632003e-05,0.0010584596718999,0.0004351152539829,0.9999999980524986,,,577,1.2249435537719708e-13,0.4734568290877081,0.0004050749005274,0.0008563014446981,True,False,6.24099552363209e-05,6.240995523632003e-05,0.0010584596718999,0.0004351152539829,0.9999999980524986,,,577,1.2249435537719708e-13,0.4734568290877081,0.0004050749005274,0.0008563014446981,True,False,6.24099552363209e-05,6.240995523632003e-05,0.0010584596718999,0.0004351152539829,0.9999999980524986,,
HM2_VLOW_MOD,0.915,0.1362499999999999,0.054970585529331,True,,standard_N301,301,0.4577754052949758,0.4592434992465773,135,587,1.7318896690432312e-14,0.4578958785497544,False,587,1.7318896690432312e-14,0.4578958785497544,0.0001204732547785,0.0002631710952251,True,False,8.187217312580223e-05,8.187217312579935e-05,0.0002939923759313,8.349042158647928e-05,0.9999999966484736,,,587,1.7318896690432312e-14,0.4578958785497544,0.0001204732547785,0.0002631710952251,True,False,8.187217312580223e-05,8.187217312579935e-05,0.0002939923759313,8.349042158647928e-05,0.9999999966484736,,,587,1.7318896690432312e-14,0.4578958785497544,0.0001204732547785,0.0002631710952251,True,False,8.187217312580223e-05,8.187217312579935e-05,0.0002939923759313,8.349042158647928e-05,0.9999999966484736,,
HM2_VLOW_MOD,0.915,0.185,0.0746389601682659,True,,standard_N301,301,0.4286520448744978,0.4280382115590243,133,582,-1.683292282695877e-13,0.428719083043005,False,582,-1.683292282695877e-13,0.428719083043005,6.703816850717192e-05,0.0001563929749286,True,False,4.948677092090216e-05,4.948677092090487e-05,0.0002689802893752,0.0001006258016436,0.9999999987755298,,,582,-1.683292282695877e-13,0.428719083043005,6.703816850717192e-05,0.0001563929749286,True,False,4.948677092090216e-05,4.948677092090487e-05,0.0002689802893752,0.0001006258016436,0.9999999987755298,,,582,-1.683292282695877e-13,0.428719083043005,6.703816850717192e-05,0.0001563929749286,True,False,4.948677092090216e-05,4.948677092090487e-05,0.0002689802893752,0.0001006258016436,0.9999999987755298,,
HM2_VLOW_MOD,0.915,0.23375,0.0943073348072009,True,,standard_N301,301,0.400272596830112,0.3992202322774156,138,580,2.599222337595461e-13,0.400365895349055,False,580,2.599222337595461e-13,0.400365895349055,9.329851894290808e-05,0.0002330874501071,True,False,4.2408004394926105e-05,4.2408004394917154e-05,0.0002983221734644,0.0001333545748069,0.9999999991007804,,,580,2.599222337595461e-13,0.400365895349055,9.329851894290808e-05,0.0002330874501071,True,False,4.2408004394926105e-05,4.2408004394917154e-05,0.0002983221734644,0.0001333545748069,0.9999999991007804,,,580,2.599222337595461e-13,0.400365895349055,9.329851894290808e-05,0.0002330874501071,True,False,4.2408004394926105e-05,4.2408004394917154e-05,0.0002983221734644,0.0001333545748069,0.9999999991007804,,
HM2_LOW,0.915,0.26875,0.1084282191633593,True,,standard_N301,301,0.3803281255023477,0.3796219657638335,136,579,1.2095050748486738e-13,0.3804248364645663,False,579,1.2095050748486738e-13,0.3804248364645663,9.671096221858244e-05,0.0002542829618263,True,False,4.266614450706934e-05,4.266614450707348e-05,0.0003148507038687,0.0001397490171742,0.9999999990898,,,579,1.2095050748486738e-13,0.3804248364645663,9.671096221858244e-05,0.0002542829618263,True,False,4.266614450706934e-05,4.266614450707348e-05,0.0003148507038687,0.0001397490171742,0.9999999990898,,,579,1.2095050748486738e-13,0.3804248364645663,9.671096221858244e-05,0.0002542829618263,True,False,4.266614450706934e-05,4.266614450707348e-05,0.0003148507038687,0.0001397490171742,0.9999999990898,,
HM2_LOW,0.915,0.325,0.1311224975928997,True,,standard_N301,301,0.3488752599956585,0.3479876804246659,158,577,9.112121322422823e-14,0.3489993474477129,False,577,9.112121322422823e-14,0.3489993474477129,0.0001240874520543,0.0003556785656166,True,False,4.569424653853395e-05,4.569424653853691e-05,0.0003717897925845,0.0001808638691083,0.9999999989560178,,,577,9.112121322422823e-14,0.3489993474477129,0.0001240874520543,0.0003556785656166,True,False,4.569424653853395e-05,4.569424653853691e-05,0.0003717897925845,0.0001808638691083,0.9999999989560178,,,577,9.112121322422823e-14,0.3489993474477129,0.0001240874520543,0.0003556785656166,True,False,4.569424653853395e-05,4.569424653853691e-05,0.0003717897925845,0.0001808638691083,0.9999999989560178,,
HM2_MID,0.915,0.375,0.1512951895302688,True,,standard_N301,301,0.3215071769711018,0.3204115203920191,138,575,2.6245394914771813e-13,0.3216021854803186,False,575,2.6245394914771813e-13,0.3216021854803186,9.50085092168429e-05,0.0002955097615919,True,False,4.882563518745175e-05,4.8825635187454e-05,0.0003522227399529,0.0001524689846524,0.9999999988080286,,,575,2.6245394914771813e-13,0.3216021854803186,9.50085092168429e-05,0.0002955097615919,True,False,4.882563518745175e-05,4.8825635187454e-05,0.0003522227399529,0.0001524689846524,0.9999999988080286,,,575,2.6245394914771813e-13,0.3216021854803186,9.50085092168429e-05,0.0002955097615919,True,False,4.882563518745175e-05,4.8825635187454e-05,0.0003522227399529,0.0001524689846524,0.9999999988080286,,
HM2_LOW,0.915,0.38125,0.15381677602244,True,,standard_N301,301,0.3180955095087754,0.3169096655623553,159,574,-1.1059942731748384e-13,0.3182074795064146,False,574,-1.1059942731748384e-13,0.3182074795064146,0.0001119699976391,0.0003520011892405,True,False,5.1694040324363616e-05,5.16940403243652e-05,0.000378983958856,0.0001764791600602,0.9999999986638632,,,574,-1.1059942731748384e-13,0.3182074795064146,0.0001119699976391,0.0003520011892405,True,False,5.1694040324363616e-05,5.16940403243652e-05,0.000378983958856,0.0001764791600602,0.9999999986638632,,,574,-1.1059942731748384e-13,0.3182074795064146,0.0001119699976391,0.0003520011892405,True,False,5.1694040324363616e-05,5.16940403243652e-05,0.000378983958856,0.0001764791600602,0.9999999986638632,,
HM2_MID,0.915,0.45,0.1815542274363226,True,,standard_N301,301,0.2811269771892938,0.2801178425185494,140,572,2.3595339823582963e-16,0.2812151030993983,False,572,2.3595339823582963e-16,0.2812151030993983,8.812591010443072e-05,0.0003134736871769,True,False,5.550507377186719e-05,5.550507377186614e-05,0.0003783718439965,0.0001574273647295,0.9999999984595936,,,572,2.3595339823582963e-16,0.2812151030993983,8.812591010443072e-05,0.0003134736871769,True,False,5.550507377186719e-05,5.550507377186614e-05,0.0003783718439965,0.0001574273647295,0.9999999984595936,,,572,2.3595339823582963e-16,0.2812151030993983,8.812591010443072e-05,0.0003134736871769,True,False,5.550507377186719e-05,5.550507377186614e-05,0.0003783718439965,0.0001574273647295,0.9999999984595936,,
HM2_MID,0.915,0.525,0.2118132653423764,True,,standard_N301,301,0.2412683014836612,0.2399772336264035,145,571,-2.235284863594413e-14,0.2413635506908879,False,571,-2.235284863594413e-14,0.2413635506908879,9.524920722667196e-05,0.0003947854178976,True,False,6.975933047044626e-05,6.975933047044388e-05,0.000426836360225,0.0001878307062387,0.9999999975668176,,,571,-2.235284863594413e-14,0.2413635506908879,9.524920722667196e-05,0.0003947854178976,True,False,6.975933047044626e-05,6.975933047044388e-05,0.000426836360225,0.0001878307062387,0.9999999975668176,,,571,-2.235284863594413e-14,0.2413635506908879,9.524920722667196e-05,0.0003947854178976,True,False,6.975933047044626e-05,6.975933047044388e-05,0.000426836360225,0.0001878307062387,0.9999999975668176,,
HM2_HIGH,0.915,0.5625,0.2269427842954033,True,,standard_N301,301,0.22143293949696,0.2201170409868617,163,568,-3.8979802422650796e-14,0.2215258416913091,False,568,-3.8979802422650796e-14,0.2215258416913091,9.290219434912594e-05,0.0004195500206978,True,False,7.578425319015364e-05,7.5784253190159e-05,0.0004457355211899,0.0001955301956757,0.9999999971283736,,,568,-3.8979802422650796e-14,0.2215258416913091,9.290219434912594e-05,0.0004195500206978,True,False,7.578425319015364e-05,7.5784253190159e-05,0.0004457355211899,0.0001955301956757,0.9999999971283736,,,568,-3.8979802422650796e-14,0.2215258416913091,9.290219434912594e-05,0.0004195500206978,True,False,7.578425319015364e-05,7.5784253190159e-05,0.0004457355211899,0.0001955301956757,0.9999999971283736,,
HM2_HIGH,0.915,0.6000000000000001,0.2420723032484302,True,,standard_N301,301,0.2015787367541347,0.2003038032578563,138,567,9.333799203177018e-14,0.2016859973564261,False,567,9.333799203177018e-14,0.2016859973564261,0.0001072606022913,0.0005321027605317,True,False,9.575158792849172e-05,9.575158792849174e-05,0.0004926190281628,0.0002385646242511,0.9999999954158167,,,567,9.333799203177018e-14,0.2016859973564261,0.0001072606022913,0.0005321027605317,True,False,9.575158792849172e-05,9.575158792849174e-05,0.0004926190281628,0.0002385646242511,0.9999999954158167,,,567,9.333799203177018e-14,0.2016859973564261,0.0001072606022913,0.0005321027605317,True,False,9.575158792849172e-05,9.575158792849174e-05,0.0004926190281628,0.0002385646242511,0.9999999954158167,,
HM2_HIGH,0.915,0.6375000000000001,0.2572018222014571,True,,standard_N301,301,0.1816991777938361,0.1798907905527917,160,566,1.0605292117596116e-14,0.181800214794562,False,566,1.0605292117596116e-14,0.181800214794562,0.0001010370007258,0.000556067462454,True,False,0.0001011691735494,0.0001011691735494,0.0005104536195921,0.0002419916291055,0.9999999948823992,,,566,1.0605292117596116e-14,0.181800214794562,0.0001010370007258,0.000556067462454,True,False,0.0001011691735494,0.0001011691735494,0.0005104536195921,0.0002419916291055,0.9999999948823992,,,566,1.0605292117596116e-14,0.181800214794562,0.0001010370007258,0.000556067462454,True,False,0.0001011691735494,0.0001011691735494,0.0005104536195921,0.0002419916291055,0.9999999948823992,,
HM2_NEUTRAL1,0.915,0.6687500000000001,0.2698097546623129,True,,standard_N301,301,0.1650683258732564,0.1640649348298896,138,564,1.3545181881108276e-14,0.1651662198054877,False,564,1.3545181881108276e-14,0.1651662198054877,9.78939322312522e-05,0.0005930509788196,True,False,0.0001078323560629,0.0001078323560629,0.0005318548480005,0.000249960830356,0.9999999941860916,,,564,1.3545181881108276e-14,0.1651662198054877,9.78939322312522e-05,0.0005930509788196,True,False,0.0001078323560629,0.0001078323560629,0.0005318548480005,0.000249960830356,0.9999999941860916,,,564,1.3545181881108276e-14,0.1651662198054877,9.78939322312522e-05,0.0005930509788196,True,False,0.0001078323560629,0.0001078323560629,0.0005318548480005,0.000249960830356,0.9999999941860916,,
HM2_NEUTRAL1,0.915,0.7250000000000001,0.2925040330918532,True,,standard_N301,301,0.1349471686690442,0.1343460220376637,139,563,1.9708478678848302e-14,0.1350423111929558,False,563,1.9708478678848302e-14,0.1350423111929558,9.51425239116288e-05,0.0007050353471658,True,False,0.0001248287260273,0.0001248287260273,0.0005822699251571,0.0002727506039942,0.9999999922088946,,,563,1.9708478678848302e-14,0.1350423111929558,9.51425239116288e-05,0.0007050353471658,True,False,0.0001248287260273,0.0001248287260273,0.0005822699251571,0.0002727506039942,0.9999999922088946,,,563,1.9708478678848302e-14,0.1350423111929558,9.51425239116288e-05,0.0007050353471658,True,False,0.0001248287260273,0.0001248287260273,0.0005822699251571,0.0002727506039942,0.9999999922088946,,
HM2_NEUTRAL1,0.915,0.78125,0.3151983115213935,True,,standard_N301,301,0.1046777599382296,0.1033623279639193,144,577,8.852602451652883e-15,0.1047638826723005,False,577,8.852602451652883e-15,0.1047638826723005,8.612273407089532e-05,0.0008227414698376,True,False,0.0001357982512227,0.0001357982512227,0.0006408761135481,0.0002784757307501,0.9999999907794176,,,577,8.852602451652883e-15,0.1047638826723005,8.612273407089532e-05,0.0008227414698376,True,False,0.0001357982512227,0.0001357982512227,0.0006408761135481,0.0002784757307501,0.9999999907794176,,,577,8.852602451652883e-15,0.1047638826723005,8.612273407089532e-05,0.0008227414698376,True,False,0.0001357982512227,0.0001357982512227,0.0006408761135481,0.0002784757307501,0.9999999907794176,,
HM2_NEUTRAL2,0.915,0.8150000000000001,0.3288148785791177,True,,standard_N301,301,0.0866287963681816,0.0866866681798821,137,582,1.703891563352506e-14,0.0866943327269616,False,582,1.703891563352506e-14,0.0866943327269616,6.553635877999675e-05,0.0007565193276085,True,False,0.0001171901985014,0.0001171901985014,0.0006660184654244,0.0002295870101481,0.9999999931332288,,,582,1.703891563352506e-14,0.0866943327269616,6.553635877999675e-05,0.0007565193276085,True,False,0.0001171901985014,0.0001171901985014,0.0006660184654244,0.0002295870101481,0.9999999931332288,,,582,1.703891563352506e-14,0.0866943327269616,6.553635877999675e-05,0.0007565193276085,True,False,0.0001171901985014,0.0001171901985014,0.0006660184654244,0.0002295870101481,0.9999999931332288,,
HM2_NEUTRAL2,0.915,0.8600000000000001,0.34697030132275,True,,standard_N301,301,0.0630826320866409,0.0630114418537751,167,588,-2.791101059235136e-13,0.0631392244791719,False,588,-2.791101059235136e-13,0.0631392244791719,5.6592392531029656e-05,0.0008971152702268,True,False,0.0001183909107909,0.0001183909107909,0.0007485338961312,0.0002153418245999,0.9999999929917962,,,588,-2.791101059235136e-13,0.0631392244791719,5.6592392531029656e-05,0.0008971152702268,True,False,0.0001183909107909,0.0001183909107909,0.0007485338961312,0.0002153418245999,0.9999999929917962,,,588,-2.791101059235136e-13,0.0631392244791719,5.6592392531029656e-05,0.0008971152702268,True,False,0.0001183909107909,0.0001183909107909,0.0007485338961312,0.0002153418245999,0.9999999929917962,,
HM2_NEUTRAL2,0.915,0.905,0.3651257240663823,True,,standard_N301,301,0.0407925422499236,0.036250183185988,134,591,7.587051067632865e-13,0.0408095429153272,False,591,7.587051067632865e-13,0.0408095429153272,1.7000665403561765e-05,0.0003400133080712,True,False,6.566226217876518e-05,6.566226217876723e-05,0.0008676034010377,8.931335906839068e-05,0.9999999978442335,,,591,7.587051067632865e-13,0.0408095429153272,1.7000665403561765e-05,0.0003400133080712,True,False,6.566226217876518e-05,6.566226217876723e-05,0.0008676034010377,8.931335906839068e-05,0.9999999978442335,,,615,-0.3303891325516964,0.059399344791549,0.0186068025416253,0.3721360508325076,False,True,0.6483547668528571,0.6483547668528571,1.382598524123116,0.9205452673028304,0.7613383586153909,,
HM2_NEUTRAL3,0.915,0.9275,0.3742034354381984,True,,near_neutral_N401,401,0.0303361343908431,0.0303826073692417,182,788,-3.660784742544166e-12,0.0303281459145535,False,788,-3.660784742544166e-12,0.0303281459145535,7.98847628959154e-06,0.0001597695257918,True,False,4.1684449894176576e-05,4.168444989417342e-05,0.0005688424116817,4.777645598493348e-05,0.9999999991312036,,,788,-3.660784742544166e-12,0.0303281459145535,7.98847628959154e-06,0.0001597695257918,True,False,4.1684449894176576e-05,4.168444989417342e-05,0.0005688424116817,4.777645598493348e-05,0.9999999991312036,,,755,0.3421316531861349,0.049193347668474,0.0188572132776308,0.3771442655526176,False,True,0.6883632015680252,0.6883632015680253,1.702775758606788,0.9358808104045376,0.725366185265772,,
HM2_NEUTRAL3,0.915,0.95,0.3832811468100145,True,,near_neutral_N401,401,0.0203808632667593,0.0155151081379018,187,790,-1.6416646530167496e-11,0.0201483998487538,False,790,-1.6416646530167496e-11,0.0201483998487538,0.0002324634180054,0.0046492683601095,True,False,0.0005860646440155,0.0005860646440155,0.001211521259959,0.0009272888574645,0.9999998282641016,,,790,-1.6416646530167496e-11,0.0201483998487538,0.0002324634180054,0.0046492683601095,True,False,0.0005860646440155,0.0005860646440155,0.001211521259959,0.0009272888574645,0.9999998282641016,,,822,-0.3388766905671653,0.04896239146652,0.0285815281997607,0.5716305639952147,False,True,0.7041793962207342,0.7041793962207342,1.594474728212225,0.9295191145475846,0.710022096795728,,
HM2_NEUTRAL3,0.915,0.9725,0.3923588581818307,True,,near_neutral_N401,401,0.0109102861930065,0.0083875076383871,231,790,-1.2926612488913158e-10,0.0088528476037699,False,790,-1.2926612488913158e-10,0.0088528476037699,0.0020574385892366,0.0411487717847321,True,False,0.0052618830498114,0.0052618830498114,0.0091082771575715,0.0082220933482269,0.9999861561975596,,,790,-1.2926612488913158e-10,0.0088528476037699,0.0020574385892366,0.0411487717847321,True,False,0.0052618830498114,0.0052618830498114,0.0091082771575715,0.0082220933482269,0.9999861561975596,,,761,0.3356966247661712,0.0487172184816903,0.0378069322886838,0.756138645773677,False,True,0.7187686754274897,0.7187686754274897,1.4965584477497984,0.9199822622748646,0.6952493014913514,,
ETAEDGE_HM2B,0.92,0.025,0.0097979589711327,True,,extreme_longwave_map20_N301,301,0.5248927817134387,0.5291834688362428,86,586,-4.90512184244712e-14,0.5265097553183962,False,586,-4.90512184244712e-14,0.5265097553183962,0.0016169736049574,0.0030805788558934,True,False,0.0001235150471573,0.0001235150471573,0.0037474865819771,0.0015873712898515,0.9999999923720164,,,586,-4.90512184244712e-14,0.5265097553183962,0.0016169736049574,0.0030805788558934,True,False,0.0001235150471573,0.0001235150471573,0.0037474865819771,0.0015873712898515,0.9999999923720164,,,586,-4.90512184244712e-14,0.5265097553183962,0.0016169736049574,0.0030805788558934,True,False,0.0001235150471573,0.0001235150471573,0.0037474865819771,0.0015873712898515,0.9999999923720164,,
ETAEDGE_HM2B,0.92,0.04,0.0156767343538123,True,,extreme_longwave_map20_N301,301,0.5153201701973995,0.506248149367893,88,580,3.377203354523529e-14,0.5169663776138188,False,580,3.377203354523529e-14,0.5169663776138188,0.0016462074164192,0.0031945332467555,True,False,0.0001076865227411,0.0001076865227411,0.0038392052241057,0.0016313457995095,0.9999999942018064,,,580,3.377203354523529e-14,0.5169663776138188,0.0016462074164192,0.0031945332467555,True,False,0.0001076865227411,0.0001076865227411,0.0038392052241057,0.0016313457995095,0.9999999942018064,,,580,3.377203354523529e-14,0.5169663776138188,0.0016462074164192,0.0031945332467555,True,False,0.0001076865227411,0.0001076865227411,0.0038392052241057,0.0016313457995095,0.9999999942018064,,
ETAEDGE_HM2B,0.92,0.055,0.0215555097364919,True,,extreme_longwave_map20_N301,301,0.5058861027256281,0.5152997980411189,89,576,1.65448506118518e-13,0.5075273811824399,False,576,1.65448506118518e-13,0.5075273811824399,0.0016412784568118,0.0032443635987802,True,False,0.0001481109472234,0.0001481109472234,0.0039109423805212,0.0016515734729908,0.9999999890315736,,,576,1.65448506118518e-13,0.5075273811824399,0.0016412784568118,0.0032443635987802,True,False,0.0001481109472234,0.0001481109472234,0.0039109423805212,0.0016515734729908,0.9999999890315736,,,576,1.65448506118518e-13,0.5075273811824399,0.0016412784568118,0.0032443635987802,True,False,0.0001481109472234,0.0001481109472234,0.0039109423805212,0.0016515734729908,0.9999999890315736,,
ETAEDGE_HM2A,0.93,0.025,0.0091889879747445,True,,extreme_longwave_map20_N301,301,0.5189562677907218,0.5192015141071822,166,586,4.8979894807245804e-15,0.5206129176828208,False,586,4.8979894807245804e-15,0.5206129176828208,0.001656649892099,0.0031922726343621,True,False,0.0001853641603953,0.0001853641603953,0.00377299752765,0.0016285110185497,0.999999982820064,,,586,4.8979894807245804e-15,0.5206129176828208,0.001656649892099,0.0031922726343621,True,False,0.0001853641603953,0.0001853641603953,0.00377299752765,0.0016285110185497,0.999999982820064,,,586,4.8979894807245804e-15,0.5206129176828208,0.001656649892099,0.0031922726343621,True,False,0.0001853641603953,0.0001853641603953,0.00377299752765,0.0016285110185497,0.999999982820064,,
ETAEDGE_HM2A,0.93,0.04,0.0147023807595912,True,,extreme_longwave_map20_N301,301,0.5099073496036325,0.510215249257558,85,582,-1.969856614478861e-13,0.511570083778073,False,582,-1.969856614478861e-13,0.511570083778073,0.0016627341744405,0.0032608554784178,True,False,0.0001034672135199,0.0001034672135199,0.0038389481911667,0.0016507470608013,0.999999994647268,,,582,-1.969856614478861e-13,0.511570083778073,0.0016627341744405,0.0032608554784178,True,False,0.0001034672135199,0.0001034672135199,0.0038389481911667,0.0016507470608013,0.999999994647268,,,582,-1.969856614478861e-13,0.511570083778073,0.0016627341744405,0.0032608554784178,True,False,0.0001034672135199,0.0001034672135199,0.0038389481911667,0.0016507470608013,0.999999994647268,,
ETAEDGE_HM2A,0.93,0.055,0.020215773544438,True,,extreme_longwave_map20_N301,301,0.500939327274296,0.501025235692172,89,578,-1.782540163213396e-13,0.5026172621932418,False,578,-1.782540163213396e-13,0.5026172621932418,0.0016779349189457,0.0033495771395623,True,False,0.0001438449515132,0.0001438449515132,0.0039285264686923,0.0016895406924386,0.9999999896543148,,,578,-1.782540163213396e-13,0.5026172621932418,0.0016779349189457,0.0033495771395623,True,False,0.0001438449515132,0.0001438449515132,0.0039285264686923,0.0016895406924386,0.9999999896543148,,,578,-1.782540163213396e-13,0.5026172621932418,0.0016779349189457,0.0033495771395623,True,False,0.0001438449515132,0.0001438449515132,0.0039285264686923,0.0016895406924386,0.9999999896543148,,
ETAEDGE_HM2B,0.95,0.025,0.0078062474979979,True,,extreme_longwave_map20_N301,301,0.5073458063466365,0.4792856242117402,81,587,-2.9251920205646007e-14,0.5090564247312276,False,587,-2.9251920205646007e-14,0.5090564247312276,0.001710618384591,0.0033717010433359,True,False,0.000138192370495,0.000138192370495,0.0039120316235252,0.0017123051565307,0.9999999904514342,,,587,-2.9251920205646007e-14,0.5090564247312276,0.001710618384591,0.0033717010433359,True,False,0.000138192370495,0.000138192370495,0.0039120316235252,0.0017123051565307,0.9999999904514342,,,587,-2.9251920205646007e-14,0.5090564247312276,0.001710618384591,0.0033717010433359,True,False,0.000138192370495,0.000138192370495,0.0039120316235252,0.0017123051565307,0.9999999904514342,,
ETAEDGE_HM2B,0.95,0.04,0.0124899959967968,True,,extreme_longwave_map20_N301,301,0.4994531995021075,0.4530199741011476,85,584,-3.2986433563463205e-14,0.5012025252578339,False,584,-3.2986433563463205e-14,0.5012025252578339,0.0017493257557264,0.0035024818290688,True,False,0.0001061653141858,0.0001061653141858,0.0038884515851762,0.001737457412092,0.9999999943644632,,,584,-3.2986433563463205e-14,0.5012025252578339,0.0017493257557264,0.0035024818290688,True,False,0.0001061653141858,0.0001061653141858,0.0038884515851762,0.001737457412092,0.9999999943644632,,,584,-3.2986433563463205e-14,0.5012025252578339,0.0017493257557264,0.0035024818290688,True,False,0.0001061653141858,0.0001061653141858,0.0038884515851762,0.001737457412092,0.9999999943644632,,
ETAEDGE_HM2B,0.95,0.055,0.0171737444955955,True,,extreme_longwave_map20_N301,301,0.4916688539959756,0.4631561935775827,172,581,2.7649098578899828e-14,0.4934093105476195,False,581,2.7649098578899828e-14,0.4934093105476195,0.0017404565516438,0.0035398958821543,True,False,0.0001304694671398,0.0001304694671398,0.0039434027979768,0.0017527570643649,0.9999999914888592,,,581,2.7649098578899828e-14,0.4934093105476195,0.0017404565516438,0.0035398958821543,True,False,0.0001304694671398,0.0001304694671398,0.0039434027979768,0.0017527570643649,0.9999999914888592,,,581,2.7649098578899828e-14,0.4934093105476195,0.0017404565516438,0.0035398958821543,True,False,0.0001304694671398,0.0001304694671398,0.0039434027979768,0.0017527570643649,0.9999999914888592,,
ETAEDGE_HM2B,0.98,0.025,0.0049749371855331,True,,extreme_longwave_map20_N301,301,0.4911365085840156,0.504111249852665,81,591,-2.650933566925324e-13,0.4929502189773816,False,591,-2.650933566925324e-13,0.4929502189773816,0.001813710393366,0.0036928844866269,True,False,0.0011198539364085,0.0011198539364085,0.0065273955364452,0.0022550987118337,0.999999372963384,,,591,-2.650933566925324e-13,0.4929502189773816,0.001813710393366,0.0036928844866269,True,False,0.0011198539364085,0.0011198539364085,0.0065273955364452,0.0022550987118337,0.999999372963384,,,591,-2.650933566925324e-13,0.4929502189773816,0.001813710393366,0.0036928844866269,True,False,0.0011198539364085,0.0011198539364085,0.0065273955364452,0.0022550987118337,0.999999372963384,,
ETAEDGE_HM2B,0.98,0.04,0.0079598994968529,True,,extreme_longwave_map20_N301,301,0.4859005466353966,0.4858922264311631,82,586,-6.291251115659023e-14,0.4877695482660702,False,586,-6.291251115659023e-14,0.4877695482660702,0.0018690016306736,0.0038464694958988,True,False,0.0002811115227959,0.0002811115227958,0.0040088107407588,0.0018731467820713,0.9999999604881552,,,586,-6.291251115659023e-14,0.4877695482660702,0.0018690016306736,0.0038464694958988,True,False,0.0002811115227959,0.0002811115227958,0.0040088107407588,0.0018731467820713,0.9999999604881552,,,586,-6.291251115659023e-14,0.4877695482660702,0.0018690016306736,0.0038464694958988,True,False,0.0002811115227959,0.0002811115227958,0.0040088107407588,0.0018731467820713,0.9999999604881552,,
ETAEDGE_HM2B,0.98,0.055,0.0109448618081728,True,,extreme_longwave_map20_N301,301,0.4807064800419139,0.4960904791959308,85,585,-6.7290780552477895e-15,0.4825917274902619,False,585,-6.7290780552477895e-15,0.4825917274902619,0.0018852474483479,0.0039218265753013,True,False,9.426599344955768e-05,9.426599344956973e-05,0.0040033778547784,0.0018868124872658,0.9999999955569612,,,585,-6.7290780552477895e-15,0.4825917274902619,0.0018852474483479,0.0039218265753013,True,False,9.426599344955768e-05,9.426599344956973e-05,0.0040033778547784,0.0018868124872658,0.9999999955569612,,,585,-6.7290780552477895e-15,0.4825917274902619,0.0018852474483479,0.0039218265753013,True,False,9.426599344955768e-05,9.426599344956973e-05,0.0040033778547784,0.0018868124872658,0.9999999955569612,,
HM2_VLOW_EXTREME,0.98,0.05875,0.0116911023860027,True,,extreme_longwave_map20_N301,301,0.4794327744056182,0.4834662219844018,86,585,8.75606221697099e-14,0.4813020981025758,False,585,8.75606221697099e-14,0.4813020981025758,0.0018693236969575,0.0038990319326313,True,False,0.0001193398656218,0.0001193398656218,0.00398014187209,0.0018718402054605,0.9999999928789984,,,585,8.75606221697099e-14,0.4813020981025758,0.0018693236969575,0.0038990319326313,True,False,0.0001193398656218,0.0001193398656218,0.00398014187209,0.0018718402054605,0.9999999928789984,,,585,8.75606221697099e-14,0.4813020981025758,0.0018693236969575,0.0038990319326313,True,False,0.0001193398656218,0.0001193398656218,0.00398014187209,0.0018718402054605,0.9999999928789984,,
HM2_VLOW_EXTREME,0.98,0.0849999999999999,0.0169147864308125,True,,longwave_map10_N301,301,0.4704254747051767,0.4709135476048484,113,587,2.1189295920264587e-13,0.4708281584700737,False,587,2.1189295920264587e-13,0.4708281584700737,0.0004026837648969,0.0008559990615927,True,False,0.0005047419403006,0.0005047419403006,0.0016822286651386,0.0005329311050819,0.9999998726177788,,,587,2.1189295920264587e-13,0.4708281584700737,0.0004026837648969,0.0008559990615927,True,False,0.0005047419403006,0.0005047419403006,0.0016822286651386,0.0005329311050819,0.9999998726177788,,,587,2.1189295920264587e-13,0.4708281584700737,0.0004026837648969,0.0008559990615927,True,False,0.0005047419403006,0.0005047419403006,0.0016822286651386,0.0005329311050819,0.9999998726177788,,
HM2_VLOW_EXTREME,0.98,0.11125,0.0221384704756223,True,,longwave_map10_N301,301,0.4614739009275823,0.4612978432336686,115,585,-2.5994184136158e-13,0.46191998249666,False,585,-2.5994184136158e-13,0.46191998249666,0.0004460815690777,0.0009666452819565,True,False,0.0001184815542574,0.0001184815542574,0.001034222360637,0.000476604109941,0.9999999929810608,,,585,-2.5994184136158e-13,0.46191998249666,0.0004460815690777,0.0009666452819565,True,False,0.0001184815542574,0.0001184815542574,0.001034222360637,0.000476604109941,0.9999999929810608,,,585,-2.5994184136158e-13,0.46191998249666,0.0004460815690777,0.0009666452819565,True,False,0.0001184815542574,0.0001184815542574,0.001034222360637,0.000476604109941,0.9999999929810608,,
HM2_VLOW_MOD,0.98,0.1362499999999999,0.0271134076611554,True,,standard_N301,301,0.4530033961069102,0.4528529474843664,133,593,5.198999037268495e-13,0.45756039469629,False,593,5.198999037268495e-13,0.45756039469629,0.0045569985893798,0.0100595241195594,True,False,0.0024610011276984,0.0024610011276984,0.0209402810349599,0.0229902972583236,0.9999969717321396,,,593,5.198999037268495e-13,0.45756039469629,0.0045569985893798,0.0100595241195594,True,False,0.0024610011276984,0.0024610011276984,0.0209402810349599,0.0229902972583236,0.9999969717321396,,,593,5.198999037268495e-13,0.45756039469629,0.0045569985893798,0.0100595241195594,True,False,0.0024610011276984,0.0024610011276984,0.0209402810349599,0.0229902972583236,0.9999969717321396,,
HM2_VLOW_MOD,0.98,0.185,0.0368145351729449,True,,standard_N301,301,0.4366755633422227,0.4366576030916889,132,589,-1.682407399915226e-14,0.4390474748163999,False,589,-1.682407399915226e-14,0.4390474748163999,0.0023719114741772,0.0054317476710239,True,False,0.0012799678249355,0.0012799678249355,0.0035479018992249,0.0043486010751151,0.999999180840848,,,589,-1.682407399915226e-14,0.4390474748163999,0.0023719114741772,0.0054317476710239,True,False,0.0012799678249355,0.0012799678249355,0.0035479018992249,0.0043486010751151,0.999999180840848,,,589,-1.682407399915226e-14,0.4390474748163999,0.0023719114741772,0.0054317476710239,True,False,0.0012799678249355,0.0012799678249355,0.0035479018992249,0.0043486010751151,0.999999180840848,,
HM2_VLOW_MOD,0.98,0.23375,0.0465156626847345,True,,standard_N301,301,0.420514318319167,0.4202854253814276,132,586,1.0610195814399589e-13,0.4209404908388884,False,586,1.0610195814399589e-13,0.4209404908388884,0.0004261725197213,0.0010134554310179,True,False,0.0002785566325304,0.0002785566325304,0.0019160397240951,0.0007085203295292,0.9999999612031006,,,586,1.0610195814399589e-13,0.4209404908388884,0.0004261725197213,0.0010134554310179,True,False,0.0002785566325304,0.0002785566325304,0.0019160397240951,0.0007085203295292,0.9999999612031006,,,586,1.0610195814399589e-13,0.4209404908388884,0.0004261725197213,0.0010134554310179,True,False,0.0002785566325304,0.0002785566325304,0.0019160397240951,0.0007085203295292,0.9999999612031006,,
HM2_LOW,0.98,0.26875,0.0534805747444808,True,,standard_N301,301,0.4090391547026621,0.4089604228535359,160,587,3.7013729974299273e-13,0.4091227327598786,False,587,3.7013729974299273e-13,0.4091227327598786,8.357805721653788e-05,0.0002043277672947,True,False,0.0001789660917909,0.0001789660917909,0.0005189742612394,0.0003484660894092,0.9999999839855692,,,587,3.7013729974299273e-13,0.4091227327598786,8.357805721653788e-05,0.0002043277672947,True,False,0.0001789660917909,0.0001789660917909,0.0005189742612394,0.0003484660894092,0.9999999839855692,,,587,3.7013729974299273e-13,0.4091227327598786,8.357805721653788e-05,0.0002043277672947,True,False,0.0001789660917909,0.0001789660917909,0.0005189742612394,0.0003484660894092,0.9999999839855692,,
HM2_LOW,0.98,0.325,0.0646741834119303,True,,standard_N301,301,0.3907021117404417,0.3912123923260174,134,585,3.351513218718853e-13,0.3907653516161896,False,585,3.351513218718853e-13,0.3907653516161896,6.323987574791134e-05,0.0001618621293501,True,False,9.567810147718512e-05,9.567810147719392e-05,0.0004284763518355,0.0001396248710087,0.9999999954228508,,,585,3.351513218718853e-13,0.3907653516161896,6.323987574791134e-05,0.0001618621293501,True,False,9.567810147718512e-05,9.567810147719392e-05,0.0004284763518355,0.0001396248710087,0.9999999954228508,,,585,3.351513218718853e-13,0.3907653516161896,6.323987574791134e-05,0.0001618621293501,True,False,9.567810147718512e-05,9.567810147719392e-05,0.0004284763518355,0.0001396248710087,0.9999999954228508,,
HM2_MID,0.98,0.375,0.0746240577829965,True,,standard_N301,301,0.3745213091245153,0.3751192048709552,155,582,-2.91838144140222e-13,0.3746201249461459,False,582,-2.91838144140222e-13,0.3746201249461459,9.881582163057125e-05,0.0002638456590402,True,False,4.384076611259068e-05,4.384076611258845e-05,0.0003080616006705,0.0001547167703956,0.9999999990389936,,,582,-2.91838144140222e-13,0.3746201249461459,9.881582163057125e-05,0.0002638456590402,True,False,4.384076611259068e-05,4.384076611258845e-05,0.0003080616006705,0.0001547167703956,0.9999999990389936,,,582,-2.91838144140222e-13,0.3746201249461459,9.881582163057125e-05,0.0002638456590402,True,False,4.384076611259068e-05,4.384076611258845e-05,0.0003080616006705,0.0001547167703956,0.9999999990389936,,
HM2_LOW,0.98,0.38125,0.0758677920793798,True,,standard_N301,301,0.3724812557860409,0.3684245710148457,159,583,6.231155729249444e-14,0.3726069762303207,False,583,6.231155729249444e-14,0.3726069762303207,0.0001257204442798,0.0003375215324983,True,False,3.9007479780065965e-05,3.900747978006263e-05,0.0003405721659749,0.0001845540777645,0.9999999992392083,,,583,6.231155729249444e-14,0.3726069762303207,0.0001257204442798,0.0003375215324983,True,False,3.9007479780065965e-05,3.900747978006263e-05,0.0003405721659749,0.0001845540777645,0.9999999992392083,,,583,6.231155729249444e-14,0.3726069762303207,0.0001257204442798,0.0003375215324983,True,False,3.9007479780065965e-05,3.900747978006263e-05,0.0003405721659749,0.0001845540777645,0.9999999992392083,,
HM2_MID,0.98,0.45,0.0895488693395959,True,,standard_N301,301,0.3503769118336685,0.3502106342221335,136,581,5.663474383089171e-13,0.350511742713289,False,581,5.663474383089171e-13,0.350511742713289,0.0001348308796205,0.0003848166790297,True,False,3.4143067872570325e-05,3.41430678725635e-05,0.0003476522637354,0.0001986499051038,0.9999999994171256,,,581,5.663474383089171e-13,0.350511742713289,0.0001348308796205,0.0003848166790297,True,False,3.4143067872570325e-05,3.41430678725635e-05,0.0003476522637354,0.0001986499051038,0.9999999994171256,,,581,5.663474383089171e-13,0.350511742713289,0.0001348308796205,0.0003848166790297,True,False,3.4143067872570325e-05,3.41430678725635e-05,0.0003476522637354,0.0001986499051038,0.9999999994171256,,
HM2_MID,0.98,0.525,0.1044736808961952,True,,standard_N301,301,0.3263206692658235,0.3264433531191936,138,578,3.43295668562854e-13,0.3264498932120476,False,578,3.43295668562854e-13,0.3264498932120476,0.0001292239462241,0.000396002945553,True,False,3.503857422994397e-05,3.503857422994054e-05,0.0003523672826954,0.0001977950860102,0.9999999993861488,,,578,3.43295668562854e-13,0.3264498932120476,0.0001292239462241,0.000396002945553,True,False,3.503857422994397e-05,3.503857422994054e-05,0.0003523672826954,0.0001977950860102,0.9999999993861488,,,578,3.43295668562854e-13,0.3264498932120476,0.0001292239462241,0.000396002945553,True,False,3.503857422994397e-05,3.503857422994054e-05,0.0003523672826954,0.0001977950860102,0.9999999993861488,,
HM2_HIGH,0.98,0.5625,0.1119360866744948,True,,standard_N301,301,0.314252493414833,0.3149306337545072,138,578,-1.2152660064078027e-14,0.3143972546232281,False,578,-1.2152660064078027e-14,0.3143972546232281,0.000144761208395,0.000460652537143,True,False,3.920114887800684e-05,3.920114887800876e-05,0.0003824396962203,0.0002250225712001,0.9999999992316352,,,578,-1.2152660064078027e-14,0.3143972546232281,0.000144761208395,0.000460652537143,True,False,3.920114887800684e-05,3.920114887800876e-05,0.0003824396962203,0.0002250225712001,0.9999999992316352,,,578,-1.2152660064078027e-14,0.3143972546232281,0.000144761208395,0.000460652537143,True,False,3.920114887800684e-05,3.920114887800876e-05,0.0003824396962203,0.0002250225712001,0.9999999992316352,,
HM2_HIGH,0.98,0.6000000000000001,0.1193984924527945,True,,standard_N301,301,0.302186146351273,0.3021491154903475,138,576,6.5944414001506855e-15,0.3023035115075237,False,576,6.5944414001506855e-15,0.3023035115075237,0.0001173651562506,0.0003883869517771,True,False,3.920395766290885e-05,3.920395766290988e-05,0.0003523855589955,0.0001929244225594,0.9999999992315248,,,576,6.5944414001506855e-15,0.3023035115075237,0.0001173651562506,0.0003883869517771,True,False,3.920395766290885e-05,3.920395766290988e-05,0.0003523855589955,0.0001929244225594,0.9999999992315248,,,576,6.5944414001506855e-15,0.3023035115075237,0.0001173651562506,0.0003883869517771,True,False,3.920395766290885e-05,3.920395766290988e-05,0.0003523855589955,0.0001929244225594,0.9999999992315248,,
HM2_HIGH,0.98,0.6375000000000001,0.1268608982310942,True,,standard_N301,301,0.2900019147302223,0.2901385104005787,154,576,5.08464158750107e-13,0.290144805487135,False,576,5.08464158750107e-13,0.290144805487135,0.0001428907569127,0.0004927234947592,True,False,4.724683982903456e-05,4.724683982902863e-05,0.0003973932868679,0.0002385211205019,0.999999998883868,,,576,5.08464158750107e-13,0.290144805487135,0.0001428907569127,0.0004927234947592,True,False,4.724683982903456e-05,4.724683982902863e-05,0.0003973932868679,0.0002385211205019,0.999999998883868,,,576,5.08464158750107e-13,0.290144805487135,0.0001428907569127,0.0004927234947592,True,False,4.724683982903456e-05,4.724683982902863e-05,0.0003973932868679,0.0002385211205019,0.999999998883868,,
HM2_NEUTRAL1,0.98,0.6687500000000001,0.1330795697130105,True,,standard_N301,301,0.2798233603290963,0.2808343805995896,159,576,1.908839784064047e-15,0.2799429545222534,False,576,1.908839784064047e-15,0.2799429545222534,0.0001195941931571,0.0004273917410485,True,False,4.470424133711435e-05,4.470424133711725e-05,0.0003710531208665,0.0002095771481198,0.9999999990007652,,,576,1.908839784064047e-15,0.2799429545222534,0.0001195941931571,0.0004273917410485,True,False,4.470424133711435e-05,4.470424133711725e-05,0.0003710531208665,0.0002095771481198,0.9999999990007652,,,576,1.908839784064047e-15,0.2799429545222534,0.0001195941931571,0.0004273917410485,True,False,4.470424133711435e-05,4.470424133711725e-05,0.0003710531208665,0.0002095771481198,0.9999999990007652,,
HM2_NEUTRAL1,0.98,0.7250000000000001,0.14427317838046,True,,standard_N301,301,0.2612019551435933,0.2609964284959516,173,574,9.276860867866817e-14,0.2613549657176548,False,574,9.276860867866817e-14,0.2613549657176548,0.0001530105740614,0.0005857941376333,True,False,6.532430115063617e-05,6.532430115063927e-05,0.0004393297726906,0.0002806211108631,0.999999997866368,,,574,9.276860867866817e-14,0.2613549657176548,0.0001530105740614,0.0005857941376333,True,False,6.532430115063617e-05,6.532430115063927e-05,0.0004393297726906,0.0002806211108631,0.999999997866368,,,574,9.276860867866817e-14,0.2613549657176548,0.0001530105740614,0.0005857941376333,True,False,6.532430115063617e-05,6.532430115063927e-05,0.0004393297726906,0.0002806211108631,0.999999997866368,,
HM2_NEUTRAL1,0.98,0.78125,0.1554667870479095,True,,standard_N301,301,0.2422186836032943,0.2435944232572291,170,574,4.598750957158631e-14,0.2423543822522134,False,574,4.598750957158631e-14,0.2423543822522134,0.0001356986489191,0.0005602319643572,True,False,6.648730756652672e-05,6.648730756652909e-05,0.0004256254244463,0.0002694316865321,0.999999997789719,,,574,4.598750957158631e-14,0.2423543822522134,0.0001356986489191,0.0005602319643572,True,False,6.648730756652672e-05,6.648730756652909e-05,0.0004256254244463,0.0002694316865321,0.999999997789719,,,574,4.598750957158631e-14,0.2423543822522134,0.0001356986489191,0.0005602319643572,True,False,6.648730756652672e-05,6.648730756652909e-05,0.0004256254244463,0.0002694316865321,0.999999997789719,,
HM2_NEUTRAL2,0.98,0.8150000000000001,0.1621829522483792,True,,standard_N301,301,0.2305360456680723,0.2295677044918705,138,572,-5.2605839672262253e-14,0.2306760485121127,False,572,-5.2605839672262253e-14,0.2306760485121127,0.0001400028440403,0.0006072926410908,True,False,7.57178330866201e-05,7.571783308661902e-05,0.0004433778843671,0.000291498349268,0.9999999971334048,,,572,-5.2605839672262253e-14,0.2306760485121127,0.0001400028440403,0.0006072926410908,True,False,7.57178330866201e-05,7.571783308661902e-05,0.0004433778843671,0.000291498349268,0.9999999971334048,,,572,-5.2605839672262253e-14,0.2306760485121127,0.0001400028440403,0.0006072926410908,True,False,7.57178330866201e-05,7.571783308661902e-05,0.0004433778843671,0.000291498349268,0.9999999971334048,,
HM2_NEUTRAL2,0.98,0.8600000000000001,0.1711378391823388,True,,standard_N301,301,0.2144969170094844,0.2144843732243467,145,572,1.29502515652976e-13,0.2146585880541236,False,572,1.29502515652976e-13,0.2146585880541236,0.0001616710446392,0.0007537219970024,True,False,0.0001027658489148,0.0001027658489148,0.0005021127827276,0.0003599693934609,0.9999999947195902,,,572,1.29502515652976e-13,0.2146585880541236,0.0001616710446392,0.0007537219970024,True,False,0.0001027658489148,0.0001027658489148,0.0005021127827276,0.0003599693934609,0.9999999947195902,,,572,1.29502515652976e-13,0.2146585880541236,0.0001616710446392,0.0007537219970024,True,False,0.0001027658489148,0.0001027658489148,0.0005021127827276,0.0003599693934609,0.9999999947195902,,
HM2_NEUTRAL2,0.98,0.905,0.1800927261162984,True,,standard_N301,301,0.1977871468214359,0.2022678562146811,165,570,1.96867290663502e-13,0.1979413611199019,False,570,1.96867290663502e-13,0.1979413611199019,0.000154214298466,0.000779698281432,True,False,0.000110076254475,0.000110076254475,0.0005080927240127,0.0003720859455251,0.999999993941609,,,570,1.96867290663502e-13,0.1979413611199019,0.000154214298466,0.000779698281432,True,False,0.000110076254475,0.000110076254475,0.0005080927240127,0.0003720859455251,0.999999993941609,,,570,1.96867290663502e-13,0.1979413611199019,0.000154214298466,0.000779698281432,True,False,0.000110076254475,0.000110076254475,0.0005080927240127,0.0003720859455251,0.999999993941609,,
HM2_NEUTRAL3,0.98,0.9275,0.1845701695832781,True,,near_neutral_N401,401,0.1890471275733052,0.2009790276341205,225,767,-1.0299599608925898e-13,0.1891530197599251,False,767,-1.0299599608925898e-13,0.1891530197599251,0.0001058921866198,0.0005601364484039,True,False,8.449137880407552e-05,8.449137880407037e-05,0.00033582759473,0.0002667027494762,0.9999999964306036,,,767,-1.0299599608925898e-13,0.1891530197599251,0.0001058921866198,0.0005601364484039,True,False,8.449137880407552e-05,8.449137880407037e-05,0.00033582759473,0.0002667027494762,0.9999999964306036,,,767,-1.0299599608925898e-13,0.1891530197599251,0.0001058921866198,0.0005601364484039,True,False,8.449137880407552e-05,8.449137880407037e-05,0.00033582759473,0.0002667027494762,0.9999999964306036,,
HM2_NEUTRAL3,0.98,0.95,0.1890476130502579,True,,near_neutral_N401,401,0.1800078622646489,0.2021005916986178,216,766,-2.320472307584769e-13,0.1801225267848635,False,766,-2.320472307584769e-13,0.1801225267848635,0.0001146645202146,0.0006369972887411,True,False,9.954375960429988e-05,9.95437596042968e-05,0.0003656475376389,0.0003031656292293,0.9999999950455198,,,766,-2.320472307584769e-13,0.1801225267848635,0.0001146645202146,0.0006369972887411,True,False,9.954375960429988e-05,9.95437596042968e-05,0.0003656475376389,0.0003031656292293,0.9999999950455198,,,766,-2.320472307584769e-13,0.1801225267848635,0.0001146645202146,0.0006369972887411,True,False,9.954375960429988e-05,9.95437596042968e-05,0.0003656475376389,0.0003031656292293,0.9999999950455198,,
HM2_NEUTRAL3,0.98,0.9725,0.1935250565172377,True,,near_neutral_N401,401,0.1706017603720829,0.1432632165163299,188,767,-2.4705421006378493e-14,0.1706956312248971,False,767,-2.4705421006378493e-14,0.1706956312248971,9.387085281417629e-05,0.0005502337877958,True,False,8.34047399468521e-05,8.34047399468497e-05,0.0003227924881876,0.0002622360410504,0.9999999965218248,,,767,-2.4705421006378493e-14,0.1706956312248971,9.387085281417629e-05,0.0005502337877958,True,False,8.34047399468521e-05,8.34047399468497e-05,0.0003227924881876,0.0002622360410504,0.9999999965218248,,,767,-2.4705421006378493e-14,0.1706956312248971,9.387085281417629e-05,0.0005502337877958,True,False,8.34047399468521e-05,8.34047399468497e-05,0.0003227924881876,0.0002622360410504,0.9999999965218248,,
