condition,benchmark_id,atlas_chart,Mach,alpha,candidate_index,center_kind,center_index,cr_center,ci_center,requested_cr_half_window,requested_ci_half_window,status,error,retry_index,used_cr_half_window,used_ci_half_window,shoot_cr,shoot_ci,stage1_mismatch,stage2_mismatch,total_mismatch,spectral_success,mode_success,technical_success,delta_center,seconds,t401_row,test_id
generic,201,C12,1.3,0.23,0,generic,3,0.1,0.002,0.015,0.008,COMPLETED,,3,0.080390625,0.042875,0.2606242370605468,0.04491872558593751,0.020842678337363918,8.754430982797611e-22,0.020842678337363918,True,True,True,0.16625932315874425,126.56653992505744,201,201
generic,201,C12,1.3,0.23,1,generic,4,0.5,0.002,0.015,0.015,COMPLETED,,0,0.015,0.015,0.47002929687500006,0.025433496093749994,0.03484255303751002,2.707558310059614e-20,0.03484255303751002,True,True,True,0.03804433972331071,35.32439014699776,201,201
generic,201,C12,1.3,0.23,2,generic,5,0.9,0.002,0.015,0.03,COMPLETED,,2,0.0459375,0.091875,0.8082147216796877,1.578328626342271e-05,0.013540415669244394,1.2501576451867465e-15,0.013540415669245645,True,True,True,0.09180672324129793,135.53613722103182,201,201
generic,201,C12,1.3,0.23,3,generic,0,0.1,0.0001,0.03,0.008,COMPLETED,,2,0.091875,0.0245,0.283570556640625,0.03543837890625001,0.009673214603837101,3.5741119056657115e-22,0.009673214603837101,True,True,True,0.18694103425698333,94.99496603396256,201,201
generic,201,C12,1.3,0.23,4,generic,1,0.5,0.0001,0.03,0.015,COMPLETED,,0,0.03,0.015,0.44005859375000006,0.022585351562499995,0.03241435098973306,1.8335361440932802e-20,0.03241435098973306,True,True,True,0.06402002200965533,35.096031229011714,201,201
generic,201,C12,1.3,0.23,5,generic,2,0.9,0.0001,0.03,0.03,COMPLETED,,1,0.0525,0.0525,0.7951025390625002,1.8936197916666633e-05,0.006062222287383683,7.240174623915438e-17,0.006062222287383755,True,True,True,0.10489749226017901,89.51941520196851,201,201
generic,201,C12,1.3,0.23,6,generic,3,0.1,0.002,0.06,0.008,COMPLETED,,0,0.06,0.008,0.21988281249999997,0.014940332031249998,0.047819656688379585,4.2653354347219376e-21,0.047819656688379585,True,True,True,0.12057918943992427,31.469330719090067,201,201
generic,201,C12,1.3,0.23,7,generic,4,0.5,0.002,0.06,0.015,COMPLETED,,0,0.06,0.015,0.3801171874999999,0.025433496093749994,0.022576631088812745,7.144372080421407e-21,0.022576631088812745,True,True,True,0.12215161673955026,34.1646995570045,201,201
generic,201,C12,1.3,0.23,8,generic,5,0.9,0.002,0.06,0.03,COMPLETED,,0,0.06,0.03,0.7801171875000003,1.1139873488940332e-05,0.001584962253999972,4.55323206898314e-17,0.0015849622540000175,True,True,True,0.11989930899514362,44.197803862043656,201,201
generic,201,C12,1.3,0.23,9,generic,0,0.1,0.0001,0.1,0.008,COMPLETED,,0,0.1,0.008,0.2998046875000002,0.0120921875,0.009637242357995962,1.8257995385978588e-21,0.009637242357995962,True,True,True,0.20016424682746892,33.23238814400975,201,201
generic,201,C12,1.3,0.23,10,generic,1,0.5,0.0001,0.1,0.015,COMPLETED,,0,0.1,0.015,0.3069661458333335,0.022585351562499995,0.0047408984019301674,1.2679494173793762e-22,0.0047408984019301674,True,True,True,0.19433903336521743,33.407084202975966,201,201
generic,201,C12,1.3,0.23,11,generic,2,0.9,0.0001,0.1,0.03,COMPLETED,,0,0.1,0.03,0.7614583333333332,3.3981770833333346e-05,7.568933022538398e-08,4.9087502021295765e-20,7.568933022543307e-08,True,True,True,0.13854168239625356,25.88801805197727,201,201
generic,202,C12,1.3,0.24,0,generic,4,0.5,0.002,0.015,0.008,COMPLETED,,0,0.015,0.008,0.47002929687500006,0.014940332031249998,0.03602438996519064,2.76677574070374e-20,0.03602438996519064,True,True,True,0.032644987959652795,36.184812668012455,202,202
generic,202,C12,1.3,0.24,1,generic,5,0.9,0.002,0.015,0.015,COMPLETED,,2,0.0459375,0.0459375,0.8082147216796877,1.7355217827690997e-05,0.01416405911313926,9.125342973243833e-18,0.014164059113139268,True,True,True,0.09180668928062637,137.56633361801505,202,202
generic,202,C12,1.3,0.24,2,generic,0,0.1,0.0001,0.015,0.03,COMPLETED,,3,0.080390625,0.16078125,0.2606242370605468,0.03647466430664061,0.02397270284800171,1.6642257421880878e-21,0.02397270284800171,True,True,True,0.16469141366417236,126.12108579999767,202,202
generic,202,C12,1.3,0.24,3,generic,1,0.5,0.0001,0.03,0.008,COMPLETED,,0,0.03,0.008,0.44005859375000006,0.0120921875,0.033488243925253326,1.7922789100489908e-20,0.033488243925253326,True,True,True,0.061129246226848635,36.110580927925184,202,202
generic,202,C12,1.3,0.24,4,generic,2,0.9,0.0001,0.03,0.015,COMPLETED,,1,0.0525,0.02625,0.7951025390625002,1.856851761429398e-05,0.0063406392094302174,2.715574537376842e-16,0.006340639209430489,True,True,True,0.1048974925449633,91.09907912905328,202,202
generic,202,C12,1.3,0.24,5,generic,3,0.1,0.002,0.03,0.03,COMPLETED,,2,0.091875,0.091875,0.283570556640625,0.03120570475260417,0.011966101111594586,3.0277055912007525e-22,0.011966101111594586,True,True,True,0.1858793222912253,91.59312857105397,202,202
generic,202,C12,1.3,0.24,6,generic,4,0.5,0.002,0.06,0.008,COMPLETED,,0,0.06,0.008,0.3801171874999999,0.014940332031249998,0.02308428083230145,6.2328503947203435e-21,0.02308428083230145,True,True,True,0.12057918943992439,35.036685930914246,202,202
generic,202,C12,1.3,0.24,7,generic,5,0.9,0.002,0.06,0.015,COMPLETED,,0,0.06,0.015,0.7801171875000003,1.2403778452932106e-05,0.001659406594385893,1.3669834236596221e-16,0.0016594065943860295,True,True,True,0.11989928803646004,44.76573831809219,202,202
generic,202,C12,1.3,0.24,8,generic,0,0.1,0.0001,0.06,0.03,COMPLETED,,0,0.06,0.03,0.21988281249999997,0.045070703124999986,0.045890752460363816,4.153029869036591e-21,0.045890752460363816,True,True,True,0.12804004401931074,29.78317948698532,202,202
generic,202,C12,1.3,0.24,9,generic,1,0.5,0.0001,0.1,0.008,COMPLETED,,0,0.1,0.008,0.3113932291666668,0.0120921875,0.007488777346418745,2.476171974702544e-22,0.007488777346418745,True,True,True,0.18898763601149315,34.351351931924,202,202
generic,202,C12,1.3,0.24,10,generic,2,0.9,0.0001,0.1,0.015,COMPLETED,,0,0.1,0.015,0.7614583333333332,1.770572916666667e-05,7.56950880020181e-08,3.6006913905757757e-20,7.569508800205411e-08,True,True,True,0.13854169110821776,26.494657382951118,202,202
generic,202,C12,1.3,0.24,11,generic,3,0.1,0.002,0.1,0.03,COMPLETED,,0,0.1,0.03,0.2998046875000002,0.032031152343750015,0.004464904816344896,9.770408421508344e-23,0.004464904816344896,True,True,True,0.20204896252657736,31.674623660044745,202,202
generic,203,C12,1.3,0.255,0,generic,5,0.9,0.002,0.015,0.008,COMPLETED,,2,0.0459375,0.0245,0.8082147216796877,1.866741717303241e-05,0.015111876830340059,1.0029243712090005e-15,0.015111876830341061,True,True,True,0.09180666095192098,140.42324758996256,203,203
generic,203,C12,1.3,0.255,1,generic,0,0.1,0.0001,0.015,0.015,COMPLETED,,3,0.080390625,0.080390625,0.2606242370605468,0.03367460021972655,0.02923545794059786,1.2043842380346162e-21,0.02923545794059786,True,True,True,0.1640957016841002,131.4956464690622,203,203
generic,203,C12,1.3,0.255,2,generic,1,0.5,0.0001,0.015,0.03,COMPLETED,,0,0.015,0.03,0.47002929687500006,0.019308984375,0.03756067657502346,4.5059392547691077e-20,0.03756067657502346,True,True,True,0.035598147796281135,36.260334969032556,203,203
generic,203,C12,1.3,0.255,3,generic,2,0.9,0.0001,0.03,0.008,COMPLETED,,1,0.0525,0.014,0.7951025390625002,7.422184244791666e-05,0.006763915457509707,2.2327938502063666e-20,0.006763915457509707,True,True,True,0.10489746410494256,92.38578336301725,203,203
generic,203,C12,1.3,0.255,4,generic,3,0.1,0.002,0.03,0.015,COMPLETED,,2,0.091875,0.0459375,0.283570556640625,0.03203838297526042,0.016042153940461563,2.8015134843628144e-24,0.016042153940461563,True,True,True,0.18601197197255162,95.82172078697477,203,203
generic,203,C12,1.3,0.255,5,generic,4,0.5,0.002,0.03,0.03,COMPLETED,,0,0.03,0.03,0.44005859375000006,0.022103938802083334,0.034458318848092875,3.6531950366025413e-20,0.034458318848092875,True,True,True,0.06322294313447803,35.680470324005,203,203
generic,203,C12,1.3,0.255,6,generic,5,0.9,0.002,0.06,0.008,COMPLETED,,0,0.06,0.008,0.7801171875000003,4.638574218749999e-05,0.0017697947649698198,1.7891649320338427e-22,0.0017697947649698198,True,True,True,0.11989872952445506,45.28878058004193,203,203
generic,203,C12,1.3,0.255,7,generic,0,0.1,0.0001,0.06,0.015,COMPLETED,,1,0.105,0.02625,0.30729980468750007,0.026375634765625003,0.003860930997538618,8.449146230098149e-22,0.003860930997538618,True,True,True,0.20895841214416852,63.80600296193734,203,203
generic,203,C12,1.3,0.255,8,generic,1,0.5,0.0001,0.06,0.03,COMPLETED,,0,0.06,0.03,0.3801171874999999,0.024113671875000003,0.02256971149182371,1.6615782895703114e-20,0.02256971149182371,True,True,True,0.12226424321865467,34.695754687068984,203,203
generic,203,C12,1.3,0.255,9,generic,2,0.9,0.0001,0.1,0.008,COMPLETED,,0,0.1,0.008,0.7614583333333332,1.0110243055555554e-05,7.965085631342072e-08,2.033670375445613e-20,7.965085631344106e-08,True,True,True,0.13854169582817374,27.055411615991034,203,203
generic,203,C12,1.3,0.255,10,generic,3,0.1,0.002,0.1,0.015,COMPLETED,,0,0.1,0.015,0.2998046875000002,0.023552050781250004,0.007199136212148989,8.672360110917561e-23,0.007199136212148989,True,True,True,0.20096368836148065,32.729284421075135,203,203
generic,203,C12,1.3,0.255,11,generic,4,0.5,0.002,0.1,0.03,COMPLETED,,0,0.1,0.03,0.3152994791666668,0.023308496093750002,6.7017133464315926e-06,1.1961684077039834e-21,6.701713346431593e-06,True,True,True,0.18592561523868065,33.71445267798845,203,203
generic,204,C12,1.3,0.26,0,generic,0,0.1,0.0001,0.015,0.008,COMPLETED,,3,0.080390625,0.042875,0.2606242370605468,0.035871036783854185,0.031247479030515852,5.736959822517859e-22,0.031247479030515852,True,True,True,0.16455914621762777,132.9427337180823,204,204
generic,204,C12,1.3,0.26,1,generic,1,0.5,0.0001,0.015,0.015,COMPLETED,,0,0.015,0.015,0.47002929687500006,0.017575585937499992,0.03809470403025215,4.752470490934447e-20,0.03809470403025215,True,True,True,0.03469350298926052,36.51255071000196,204,204
generic,204,C12,1.3,0.26,2,generic,2,0.9,0.0001,0.015,0.03,COMPLETED,,2,0.0459375,0.091875,0.8082147216796877,1e-06,0.011662865507548617,3.140897672736762e-07,0.01166317959731589,True,True,True,0.0917853317112119,138.3148810409475,204,204
generic,204,C12,1.3,0.26,3,generic,3,0.1,0.002,0.03,0.008,COMPLETED,,2,0.091875,0.0245,0.283570556640625,0.026525781250000005,0.017056659645854174,4.067900176177557e-23,0.017056659645854174,True,True,True,0.18520168252818808,98.36373351397924,204,204
generic,204,C12,1.3,0.26,4,generic,4,0.5,0.002,0.03,0.015,COMPLETED,,0,0.03,0.015,0.44005859375000006,0.020075227864583333,0.034868578672109005,3.928945028861501e-20,0.034868578672109005,True,True,True,0.06260739609330628,35.93636930198409,204,204
generic,204,C12,1.3,0.26,5,generic,5,0.9,0.002,0.03,0.03,COMPLETED,,1,0.0525,0.0525,0.8031689453125002,1e-06,0.006465696825217166,6.452173181203876e-08,0.006465761346948979,True,True,True,0.0968516863709331,92.07946586597245,204,204
generic,204,C12,1.3,0.26,6,generic,0,0.1,0.0001,0.06,0.008,COMPLETED,,1,0.105,0.014,0.30729980468750007,0.021086328125000012,0.004477796311553734,5.173110507595188e-22,0.004477796311553734,True,True,True,0.2083593890172599,65.52616070304066,204,204
generic,204,C12,1.3,0.26,7,generic,1,0.5,0.0001,0.06,0.015,COMPLETED,,0,0.06,0.015,0.3801171874999999,0.021804101562500004,0.02257446933590047,1.7973955056620346e-20,0.02257446933590047,True,True,True,0.12183167386827408,35.012082970002666,204,204
generic,204,C12,1.3,0.26,8,generic,2,0.9,0.0001,0.06,0.03,COMPLETED,,0,0.06,0.03,0.7887109375000001,1e-06,0.0016613115723271184,1.5102733888459937e-09,0.0016613130826005071,True,True,True,0.11128910653396805,46.0024324900005,204,204
generic,204,C12,1.3,0.26,9,generic,3,0.1,0.002,0.1,0.008,COMPLETED,,0,0.1,0.008,0.2998046875000002,0.014940332031249998,0.008746697810269032,3.626267363556156e-23,0.008746697810269032,True,True,True,0.2002232887055143,33.6089133520145,204,204
generic,204,C12,1.3,0.26,10,generic,4,0.5,0.002,0.1,0.015,COMPLETED,,0,0.1,0.015,0.3168619791666668,0.02105445963541667,2.8788980346975727e-05,1.5122077713329444e-21,2.8788980346975727e-05,True,True,True,0.18412660618918741,34.0581716359593,204,204
generic,204,C12,1.3,0.26,11,generic,5,0.9,0.002,0.1,0.03,COMPLETED,,0,0.1,0.03,0.7617187499999999,2.5335696373456797e-05,7.11335426618867e-08,1.6039722337795023e-20,7.113354266190274e-08,True,True,True,0.138295348441929,35.095121189020574,204,204
generic,205,C12,1.3,0.27,0,generic,1,0.5,0.0001,0.015,0.008,COMPLETED,,0,0.015,0.008,0.47002929687500006,0.0120921875,0.039158458478352615,5.293188139769696e-20,0.039158458478352615,True,True,True,0.03228088609133953,37.493415653007105,205,205
generic,205,C12,1.3,0.27,1,generic,2,0.9,0.0001,0.015,0.015,COMPLETED,,2,0.0459375,0.0459375,0.8291497802734376,1e-06,0.01838632967455788,6.476023357805656e-07,0.018386977276893663,True,True,True,0.07085028889356897,143.87693299900275,205,205
generic,205,C12,1.3,0.27,2,generic,3,0.1,0.002,0.015,0.03,COMPLETED,,3,0.080390625,0.16078125,0.2606242370605468,0.025465989176432294,0.03484580878434862,1.954992585144371e-21,0.03484580878434862,True,True,True,0.16232928934518004,133.77381007990334,205,205
generic,205,C12,1.3,0.27,3,generic,4,0.5,0.002,0.03,0.008,COMPLETED,,0,0.03,0.008,0.44005859375000006,0.014940332031249998,0.035674327418560886,4.30694353713636e-20,0.035674327418560886,True,True,True,0.06132229917661704,36.86410994594917,205,205
generic,205,C12,1.3,0.27,4,generic,5,0.9,0.002,0.03,0.015,COMPLETED,,0,0.03,0.015,0.8400585937499998,1.0659790039062499e-06,0.03887491448451553,1.077538330519869e-06,0.03887599202284605,True,True,True,0.05997472734784095,48.06489811697975,205,205
generic,205,C12,1.3,0.27,5,generic,0,0.1,0.0001,0.03,0.03,COMPLETED,,2,0.091875,0.091875,0.283570556640625,0.018313500976562508,0.01962170476976231,2.2368302507721683e-22,0.01962170476976231,True,True,True,0.18447189727211072,96.80985587497707,205,205
generic,205,C12,1.3,0.27,6,generic,1,0.5,0.0001,0.06,0.008,COMPLETED,,0,0.06,0.008,0.3801171874999999,0.0120921875,0.022629805768259476,1.653025608572844e-20,0.022629805768259476,True,True,True,0.12048112422261563,36.119109749095514,205,205
generic,205,C12,1.3,0.27,7,generic,2,0.9,0.0001,0.06,0.015,COMPLETED,,0,0.06,0.015,0.7801171875000003,3.4169168354552468e-06,0.0018420178222034991,8.107522191322e-15,0.0018420178222116066,True,True,True,0.11988285140587061,45.92971902200952,205,205
generic,205,C12,1.3,0.27,8,generic,3,0.1,0.002,0.06,0.03,COMPLETED,,1,0.105,0.0525,0.30729980468750007,0.027353125000000006,0.0081477027443787,2.9109571007465575e-21,0.0081477027443787,True,True,True,0.20884441570399076,63.086838965071365,205,205
generic,205,C12,1.3,0.27,9,generic,4,0.5,0.002,0.1,0.008,COMPLETED,,0,0.1,0.008,0.32011718750000007,0.014940332031249998,0.0007507443606572181,1.8536090903731296e-21,0.0007507443606572181,True,True,True,0.18034765988498194,34.994806098984554,205,205
generic,205,C12,1.3,0.27,10,generic,5,0.9,0.002,0.1,0.015,COMPLETED,,0,0.1,0.015,0.7617187499999999,1.4032889660493833e-05,7.199214905960589e-08,9.194799767302975e-21,7.199214905961509e-08,True,True,True,0.13829551029200438,35.8540296839783,205,205
generic,205,C12,1.3,0.27,11,generic,0,0.1,0.0001,0.1,0.03,COMPLETED,,0,0.1,0.03,0.2998046875000002,0.025129296875000005,0.011032917808850443,1.121021682744559e-21,0.011032917808850443,True,True,True,0.201366280317807,32.74603074789047,205,205
generic,206,C12,1.3,0.28,0,generic,2,0.9,0.0001,0.015,0.008,COMPLETED,,2,0.0459375,0.0245,0.8082147216796877,1.7414689429012353e-05,0.016716905043775945,1.8400972532779346e-16,0.01671690504377613,True,True,True,0.09178531547404914,144.71120758296456,206,206
generic,206,C12,1.3,0.28,1,generic,3,0.1,0.002,0.015,0.015,COMPLETED,,3,0.080390625,0.080390625,0.2606242370605468,0.027610570271809888,0.038995711114413675,8.626135812211395e-22,0.038995711114413675,True,True,True,0.1626531488810778,136.90175965894014,206,206
generic,206,C12,1.3,0.28,2,generic,4,0.5,0.002,0.015,0.03,COMPLETED,,0,0.015,0.03,0.47002929687500006,0.010536035156249998,0.04020263658104293,6.206998601257618e-20,0.04020263658104293,True,True,True,0.031162588820501054,37.691379560972564,206,206
generic,206,C12,1.3,0.28,3,generic,5,0.9,0.002,0.03,0.008,COMPLETED,,1,0.0525,0.014,0.7951025390625002,3.5582019193672844e-06,0.0074047849747477254,2.0531042767577845e-12,0.00740478497680083,True,True,True,0.10491645767460618,95.14572591602337,206,206
generic,206,C12,1.3,0.28,4,generic,0,0.1,0.0001,0.03,0.015,COMPLETED,,2,0.091875,0.0459375,0.283570556640625,0.023113610839843757,0.022984993667637066,4.6395718969731196e-23,0.022984993667637066,True,True,True,0.18500750133234245,98.90113421704154,206,206
generic,206,C12,1.3,0.28,5,generic,1,0.5,0.0001,0.03,0.03,COMPLETED,,0,0.03,0.03,0.44005859375000006,0.011926171874999999,0.03645602420621319,4.8903486716165153e-20,0.03645602420621319,True,True,True,0.061096894556471305,37.11374649906065,206,206
generic,206,C12,1.3,0.28,6,generic,2,0.9,0.0001,0.06,0.008,COMPLETED,,0,0.06,0.008,0.7801171875000003,1.1280656225887344e-05,0.0019536212190772824,3.898406958124162e-18,0.0019536212190772863,True,True,True,0.11988284532839576,46.55685308901593,206,206
generic,206,C12,1.3,0.28,7,generic,3,0.1,0.002,0.06,0.015,COMPLETED,,1,0.105,0.02625,0.30729980468750007,0.018894156901041664,0.008865528228248615,1.92697560002749e-21,0.008865528228248615,True,True,True,0.20798707065794422,64.87492739607114,206,206
generic,206,C12,1.3,0.28,8,generic,4,0.5,0.002,0.06,0.03,COMPLETED,,0,0.06,0.03,0.3801171874999999,0.012612858072916669,0.022470561407437504,2.2144636787886144e-20,0.022470561407437504,True,True,True,0.12035165760963183,36.04354757501278,206,206
generic,206,C12,1.3,0.28,9,generic,5,0.9,0.002,0.1,0.008,COMPLETED,,0,0.1,0.008,0.7614583333333332,3.823958333333333e-05,9.454342160289437e-08,4.219979542499232e-21,9.454342160289859e-08,True,True,True,0.1385555553080071,27.14578301704023,206,206
generic,206,C12,1.3,0.28,10,generic,0,0.1,0.0001,0.1,0.015,COMPLETED,,0,0.1,0.015,0.2998046875000002,0.0151146484375,0.0124737446174589,3.4633219036929956e-22,0.0124737446174589,True,True,True,0.20036804339683129,33.538683343096636,206,206
generic,206,C12,1.3,0.28,11,generic,1,0.5,0.0001,0.1,0.03,COMPLETED,,0,0.1,0.03,0.3231119791666668,0.012043359374999996,1.1323999722507936e-05,3.014214323183429e-21,1.132399972250794e-05,True,True,True,0.1772907661089379,35.05064290296286,206,206
generic,207,C12,1.3,0.29,0,generic,3,0.1,0.002,0.015,0.008,COMPLETED,,3,0.080390625,0.042875,0.2606242370605468,0.0299937255859375,0.04366951591559949,1.7454780123179294e-22,0.04366951591559949,True,True,True,0.16304537467669394,140.11375132296234,207,207
generic,207,C12,1.3,0.29,1,generic,4,0.5,0.002,0.015,0.015,COMPLETED,,0,0.015,0.015,0.47002929687500006,0.006960123697916668,0.041242487007990124,6.73794257823268e-20,0.041242487007990124,True,True,True,0.030378378378470367,38.26841426198371,207,207
generic,207,C12,1.3,0.29,2,generic,5,0.9,0.002,0.015,0.03,COMPLETED,,2,0.0459375,0.091875,0.8082147216796877,1.578328626342271e-05,0.017368873890757502,1.3295814741118652e-16,0.017368873890757634,True,True,True,0.09180672324129793,141.09208963403944,207,207
generic,207,C12,1.3,0.29,3,generic,0,0.1,0.0001,0.03,0.008,COMPLETED,,2,0.091875,0.0245,0.283570556640625,0.02462392578124999,0.026788963783985594,5.336392227307807e-22,0.026788963783985594,True,True,True,0.18520143682237775,101.19297669501975,207,207
generic,207,C12,1.3,0.29,4,generic,1,0.5,0.0001,0.03,0.015,COMPLETED,,0,0.03,0.015,0.44005859375000006,0.0078197265625,0.03721987854914767,5.338936698473142e-20,0.03721987854914767,True,True,True,0.0604364654941642,37.85251312307082,207,207
generic,207,C12,1.3,0.29,5,generic,2,0.9,0.0001,0.03,0.03,COMPLETED,,1,0.0525,0.0525,0.7951025390625002,6.576960358796295e-05,0.00776858096071248,1.0752855713984502e-21,0.00776858096071248,True,True,True,0.1048974665225731,92.76563316397369,207,207
generic,207,C12,1.3,0.29,6,generic,3,0.1,0.002,0.06,0.008,COMPLETED,,1,0.105,0.014,0.30729980468750007,0.016015527343750002,0.011095671268006532,2.459663506993672e-21,0.011095671268006532,True,True,True,0.20777305896145218,66.67725438601337,207,207
generic,207,C12,1.3,0.29,7,generic,4,0.5,0.002,0.06,0.015,COMPLETED,,0,0.06,0.015,0.3801171874999999,0.008038378906250003,0.022346503084634782,2.3802911015517585e-20,0.022346503084634782,True,True,True,0.1200347897599926,36.83296527899802,207,207
generic,207,C12,1.3,0.29,8,generic,5,0.9,0.002,0.06,0.03,COMPLETED,,0,0.06,0.03,0.7801171875000003,2.2293734326774695e-05,0.0020308335020218136,1.6356138553499717e-18,0.0020308335020218153,True,True,True,0.11989912449631725,45.84151131694671,207,207
generic,207,C12,1.3,0.29,9,generic,0,0.1,0.0001,0.1,0.008,COMPLETED,,0,0.1,0.008,0.2998046875000002,0.010107812499999997,0.014691856554781975,2.7256228485814094e-22,0.014691856554781975,True,True,True,0.2000551660367907,34.353977040038444,207,207
generic,207,C12,1.3,0.29,10,generic,1,0.5,0.0001,0.1,0.015,COMPLETED,,0,0.1,0.015,0.3261067708333334,0.0075267578125,3.167087316921629e-05,3.828619301821966e-21,3.16708731692163e-05,True,True,True,0.17405175058475097,35.59901613893453,207,207
generic,207,C12,1.3,0.29,11,generic,2,0.9,0.0001,0.1,0.03,COMPLETED,,0,0.1,0.03,0.7614583333333332,3.398177083333334e-05,9.664468597621708e-08,1.2076228857734023e-21,9.664468597621828e-08,True,True,True,0.13854168239625356,26.930189290083945,207,207
generic,208,C12,1.3,0.305,0,generic,4,0.5,0.002,0.015,0.008,COMPLETED,,0,0.015,0.008,0.47002929687500006,0.0015242851562499995,0.042788846535861624,5.06987762498823e-20,0.042788846535861624,True,True,True,0.029974478317719648,40.24494527000934,208,208
generic,208,C12,1.3,0.305,1,generic,5,0.9,0.002,0.015,0.015,COMPLETED,,2,0.0459375,0.0459375,0.8082147216796877,6.642550150553386e-06,0.018308912542199005,1.4258408314425434e-11,0.01830891255645741,True,True,True,0.09180692125466398,146.35700612002984,208,208
generic,208,C12,1.3,0.305,2,generic,0,0.1,0.0001,0.015,0.03,COMPLETED,,3,0.080390625,0.16078125,0.2606242370605468,0.013655450439453123,0.04948965574380632,2.4377759135235118e-21,0.04948965574380632,True,True,True,0.16119521012703578,138.8931465249043,208,208
generic,208,C12,1.3,0.305,3,generic,1,0.5,0.0001,0.03,0.008,COMPLETED,,0,0.03,0.008,0.44005859375000006,0.0016182291666666658,0.038331655955297986,4.114459270686228e-20,0.038331655955297986,True,True,True,0.05996063044223309,39.53947146702558,208,208
generic,208,C12,1.3,0.305,4,generic,2,0.9,0.0001,0.03,0.015,COMPLETED,,1,0.0525,0.02625,0.7951025390625002,7.274470576533565e-06,0.008181502135187252,1.6420564521325004e-13,0.008181502135351458,True,True,True,0.1048975019204848,96.31955192307942,208,208
generic,208,C12,1.3,0.305,5,generic,3,0.1,0.002,0.03,0.03,COMPLETED,,2,0.091875,0.091875,0.283570556640625,0.01582074381510417,0.030962870480790248,1.9439678721852294e-22,0.030962870480790248,True,True,True,0.18409009268548826,101.46401238406543,208,208
generic,208,C12,1.3,0.305,6,generic,4,0.5,0.002,0.06,0.008,COMPLETED,,0,0.06,0.008,0.3801171874999999,0.0011924804687499999,0.02207248597772813,1.2513620631066655e-20,0.02207248597772813,True,True,True,0.11988553215756909,38.690135168028064,208,208
generic,208,C12,1.3,0.305,7,generic,5,0.9,0.002,0.06,0.015,COMPLETED,,0,0.06,0.015,0.7801171875000003,3.932400173611111e-06,0.0021200830533712606,2.6427268984155143e-12,0.0021200830560139873,True,True,True,0.11989942876750155,46.93241345800925,208,208
generic,208,C12,1.3,0.305,8,generic,0,0.1,0.0001,0.06,0.03,COMPLETED,,1,0.105,0.0525,0.30729980468750007,0.008901269531250004,0.014064770000567698,2.356978271821958e-21,0.014064770000567698,True,True,True,0.20748655707981994,65.79706110199913,208,208
generic,208,C12,1.3,0.305,9,generic,1,0.5,0.0001,0.1,0.008,COMPLETED,,0,0.1,0.008,0.3301432291666667,0.00076658203125,2.8885338105155935e-05,4.1621950078752495e-24,2.8885338105155935e-05,True,True,True,0.16985807878794545,37.57004259293899,208,208
generic,208,C12,1.3,0.305,10,generic,2,0.9,0.0001,0.1,0.015,COMPLETED,,0,0.1,0.015,0.7617187499999999,1.2601200810185187e-05,8.183195343672824e-08,9.405159511503774e-23,8.183195343672834e-08,True,True,True,0.13828127761961356,36.67260116105899,208,208
generic,208,C12,1.3,0.305,11,generic,3,0.1,0.002,0.1,0.03,COMPLETED,,0,0.1,0.03,0.2998046875000002,0.016081152343750002,0.020181406363785723,2.854875754682271e-21,0.020181406363785723,True,True,True,0.20030025461366902,33.78088071302045,208,208
generic,209,C12,1.35,0.21,0,generic,5,0.9,0.002,0.015,0.008,COMPLETED,,2,0.0459375,0.0245,0.8082147216796877,8.571750217013888e-06,0.012206677820068875,3.9434335981402395e-15,0.012206677820072818,True,True,True,0.09180687938717466,137.3800358820008,209,209
generic,209,C12,1.35,0.21,1,generic,0,0.1,0.0001,0.015,0.015,COMPLETED,,3,0.080390625,0.080390625,0.2606242370605468,0.04937589416503906,0.0257514795217068,3.8084767248804944e-21,0.0257514795217068,True,True,True,0.16801267594156957,131.31105576700065,209,209
generic,209,C12,1.35,0.21,2,generic,1,0.5,0.0001,0.015,0.03,COMPLETED,,0,0.015,0.03,0.47002929687500006,0.032453515625,0.02981319969885231,1.422849371723773e-20,0.02981319969885231,True,True,True,0.04410207499771411,34.17735436593648,209,209
generic,209,C12,1.35,0.21,3,generic,2,0.9,0.0001,0.03,0.008,COMPLETED,,1,0.0525,0.014,0.7951025390625002,0.00010025627531828705,0.005479867735870648,8.087834171146307e-20,0.005479867735870648,True,True,True,0.10489746093781291,89.32811002305243,209,209
generic,209,C12,1.35,0.21,4,generic,3,0.1,0.002,0.03,0.015,COMPLETED,,1,0.0525,0.02625,0.20489746093749997,0.023530843098958334,0.04847848550980761,2.5503446142162015e-21,0.04847848550980761,True,True,True,0.10708433366130778,64.98731257708278,209,209
generic,209,C12,1.35,0.21,5,generic,4,0.5,0.002,0.03,0.03,COMPLETED,,0,0.03,0.03,0.44005859375000006,0.036537858072916665,0.027028747194723292,1.0675576975677304e-20,0.027028747194723292,True,True,True,0.0691797356419672,33.65919453394599,209,209
generic,209,C12,1.35,0.21,6,generic,5,0.9,0.002,0.06,0.008,COMPLETED,,0,0.06,0.008,0.7801171875000003,6.8186848958333334e-06,0.001417837368977401,6.801130517966877e-16,0.001417837368978081,True,True,True,0.11989938075179947,44.14784355799202,209,209
generic,209,C12,1.35,0.21,7,generic,0,0.1,0.0001,0.06,0.015,COMPLETED,,0,0.06,0.015,0.21988281249999997,0.022585351562499995,0.04429350570038372,3.0351208631994464e-21,0.04429350570038372,True,True,True,0.12197327480968677,31.007047556107864,209,209
generic,209,C12,1.35,0.21,8,generic,1,0.5,0.0001,0.06,0.03,COMPLETED,,0,0.06,0.03,0.3801171874999999,0.03870351562499999,0.016707678405488206,2.3985986530535853e-21,0.016707678405488206,True,True,True,0.12594490919255052,32.9469331499422,209,209
generic,209,C12,1.35,0.21,9,generic,2,0.9,0.0001,0.1,0.008,COMPLETED,,0,0.1,0.008,0.7614583333333332,3.136747685185185e-05,6.775160918886236e-08,8.428659924884926e-20,6.775160918894665e-08,True,True,True,0.13854168366668945,26.065833989996463,209,209
generic,209,C12,1.35,0.21,10,generic,3,0.1,0.002,0.1,0.015,COMPLETED,,0,0.1,0.015,0.2998046875000002,0.025433496093749994,0.010185996990476325,4.580112854405373e-21,0.010185996990476325,True,True,True,0.20117415809727784,31.699380411067978,209,209
generic,209,C12,1.35,0.21,11,generic,4,0.5,0.002,0.1,0.03,COMPLETED,,0,0.1,0.03,0.32259114583333337,0.03714013671874999,7.94699599115887e-06,4.469174738670106e-22,7.94699599115887e-06,True,True,True,0.18085555215514404,32.23251819703728,209,209
generic,210,C12,1.35,0.225,0,generic,0,0.1,0.0001,0.015,0.008,COMPLETED,,3,0.080390625,0.042875,0.2606242370605468,0.046589786783854184,0.03153079935768124,3.469732684588407e-21,0.03153079935768124,True,True,True,0.16721676293509263,136.00640905601904,210,210
generic,210,C12,1.35,0.225,1,generic,1,0.5,0.0001,0.015,0.015,COMPLETED,,0,0.015,0.015,0.47002929687500006,0.022585351562499995,0.0312745311192455,1.759139904717051e-20,0.0312745311192455,True,True,True,0.03746777389565735,35.31400028592907,210,210
generic,210,C12,1.35,0.225,2,generic,2,0.9,0.0001,0.015,0.03,COMPLETED,,2,0.0459375,0.091875,0.8082147216796877,1e-06,0.012160223955673575,6.469238898362103e-08,0.012160288648062558,True,True,True,0.0917853317112119,135.15251143998466,210,210
generic,210,C12,1.35,0.225,3,generic,3,0.1,0.002,0.03,0.008,COMPLETED,,2,0.091875,0.0245,0.283570556640625,0.038075781249999996,0.020156497124529535,2.890913183483058e-21,0.020156497124529535,True,True,True,0.18708183037950737,100.05531654600054,210,210
generic,210,C12,1.35,0.225,4,generic,4,0.5,0.002,0.03,0.015,COMPLETED,,0,0.03,0.015,0.44005859375000006,0.025433496093749994,0.02811732920739042,1.2680094251606894e-20,0.02811732920739042,True,True,True,0.064359155699895,34.78658471698873,210,210
generic,210,C12,1.35,0.225,5,generic,5,0.9,0.002,0.03,0.03,COMPLETED,,1,0.0525,0.0525,0.7951025390625002,1e-06,0.0023788810434924763,8.903413513507411e-10,0.0023788819338338278,True,True,True,0.10491650638547925,89.50473128200974,210,210
generic,210,C12,1.35,0.225,6,generic,0,0.1,0.0001,0.06,0.008,COMPLETED,,1,0.105,0.014,0.30729980468750007,0.021086328125000012,0.009848620738306635,3.039526292423394e-21,0.009848620738306635,True,True,True,0.2083593890172599,65.0564441710012,210,210
generic,210,C12,1.35,0.225,7,generic,1,0.5,0.0001,0.06,0.015,COMPLETED,,0,0.06,0.015,0.3801171874999999,0.022585351562499995,0.01678263365213471,1.792254288832392e-21,0.01678263365213471,True,True,True,0.12197327480968691,34.20815376995597,210,210
generic,210,C12,1.35,0.225,8,generic,2,0.9,0.0001,0.06,0.03,COMPLETED,,0,0.06,0.03,0.7817578125000003,1e-06,0.0004668975736261826,5.510855121451017e-10,0.00046689812471169473,True,True,True,0.11824222894459106,44.7191217119107,210,210
generic,210,C12,1.35,0.225,9,generic,3,0.1,0.002,0.1,0.008,COMPLETED,,0,0.1,0.008,0.2998046875000002,0.014940332031249998,0.014532453660783378,5.465542451328941e-21,0.014532453660783378,True,True,True,0.2002232887055143,32.773610902018845,210,210
generic,210,C12,1.35,0.225,10,generic,4,0.5,0.002,0.1,0.015,COMPLETED,,0,0.1,0.015,0.32832031250000004,0.025433496093749994,0.00209985834981137,3.4818591252237307e-22,0.00209985834981137,True,True,True,0.1732715898215095,33.38302747299895,210,210
generic,210,C12,1.35,0.225,11,generic,5,0.9,0.002,0.1,0.03,COMPLETED,,0,0.1,0.03,0.7617187499999999,2.5335696373456797e-05,6.064346932537426e-08,5.840257279937454e-20,6.064346932543267e-08,True,True,True,0.138295348441929,34.29532748204656,210,210
generic,211,C12,1.35,0.235,0,generic,1,0.5,0.0001,0.015,0.008,COMPLETED,,0,0.015,0.008,0.47002929687500006,0.0120921875,0.03232888508815923,1.6894230129456997e-20,0.03232888508815923,True,True,True,0.03228088609133953,36.281247517094016,211,211
generic,211,C12,1.35,0.235,1,generic,2,0.9,0.0001,0.015,0.015,COMPLETED,,1,0.02625,0.02625,0.8476879882812501,1e-06,0.04874864396767631,1.881805306641988e-08,0.048748662785729376,True,True,True,0.05231210539695975,94.29626417800318,211,211
generic,211,C12,1.35,0.235,2,generic,3,0.1,0.002,0.015,0.03,COMPLETED,,3,0.080390625,0.16078125,0.2606242370605468,0.04421246134440105,0.035692925264792244,3.412577553484493e-21,0.035692925264792244,True,True,True,0.16607840745875213,133.3037127769785,211,211
generic,211,C12,1.35,0.235,3,generic,4,0.5,0.002,0.03,0.008,COMPLETED,,0,0.03,0.008,0.44005859375000006,0.014940332031249998,0.028928592714923946,1.1961083356305065e-20,0.028928592714923946,True,True,True,0.06132229917661704,35.82483791105915,211,211
generic,211,C12,1.35,0.235,4,generic,5,0.9,0.002,0.03,0.015,COMPLETED,,0,0.03,0.015,0.8477148437499998,1e-06,0.04879245110540118,1.8484759319649018e-08,0.0487924695901605,True,True,True,0.05232335582784167,50.08363581204321,211,211
generic,211,C12,1.35,0.235,5,generic,0,0.1,0.0001,0.03,0.03,COMPLETED,,2,0.091875,0.091875,0.283570556640625,0.034642846679687506,0.023330468876125724,2.936073280429088e-21,0.023330468876125724,True,True,True,0.18679228442868115,101.33144569501746,211,211
generic,211,C12,1.35,0.235,6,generic,1,0.5,0.0001,0.06,0.008,COMPLETED,,0,0.06,0.008,0.3801171874999999,0.0120921875,0.017124029265615084,1.2984058065398033e-21,0.017124029265615084,True,True,True,0.12048112422261563,38.115763590089045,211,211
generic,211,C12,1.35,0.235,7,generic,2,0.9,0.0001,0.06,0.015,COMPLETED,,0,0.06,0.015,0.7801171875000003,8.250750506365741e-06,0.0016053112295485376,2.839890200119022e-14,0.0016053112295769366,True,True,True,0.11988284760896734,44.88603016594425,211,211
generic,211,C12,1.35,0.235,8,generic,3,0.1,0.002,0.06,0.03,COMPLETED,,1,0.105,0.0525,0.30729980468750007,0.03641979166666666,0.011568465400095677,2.0201150553937736e-22,0.011568465400095677,True,True,True,0.21013788587937304,63.69034589396324,211,211
generic,211,C12,1.35,0.235,9,generic,4,0.5,0.002,0.1,0.008,COMPLETED,,0,0.1,0.008,0.33235677083333337,0.014940332031249998,0.004781636469295949,4.766887057768171e-22,0.004781636469295949,True,True,True,0.16814191767226427,41.50319141300861,211,211
generic,211,C12,1.35,0.235,10,generic,5,0.9,0.002,0.1,0.015,COMPLETED,,0,0.1,0.015,0.7614583333333332,1.9767361111111115e-05,7.374113172459061e-08,4.398854036748022e-20,7.37411317246346e-08,True,True,True,0.13855581808095224,31.522287738975137,211,211
generic,211,C12,1.35,0.235,11,generic,0,0.1,0.0001,0.1,0.03,COMPLETED,,0,0.1,0.03,0.2998046875000002,0.03512929687500001,0.014939764093836638,8.513293811446952e-22,0.014939764093836638,True,True,True,0.2028520761208266,34.16624633502215,211,211
generic,212,C12,1.35,0.245,0,generic,2,0.9,0.0001,0.015,0.008,COMPLETED,,1,0.02625,0.014,0.8475512695312502,1.0183054606119791e-06,0.04053106653271502,6.78713755618302e-06,0.040537853670271205,True,True,True,0.052448823868218676,101.9257741170004,212,212
generic,212,C12,1.35,0.245,1,generic,3,0.1,0.002,0.015,0.015,COMPLETED,,3,0.080390625,0.080390625,0.2606242370605468,0.042290017700195325,0.04010773899545738,3.2603709819613445e-21,0.04010773899545738,True,True,True,0.16560021454564844,147.69597190397326,212,212
generic,212,C12,1.35,0.245,2,generic,4,0.5,0.002,0.015,0.03,COMPLETED,,0,0.015,0.03,0.47002929687500006,0.020255566406249998,0.03309450067211569,2.996137341721917e-20,0.03309450067211569,True,True,True,0.035092858969025094,43.460030868067406,212,212
generic,212,C12,1.35,0.245,3,generic,5,0.9,0.002,0.03,0.008,COMPLETED,,0,0.03,0.008,0.8400585937499998,1e-06,0.02756052872372013,3.9464622705171695e-06,0.027564475185990648,True,True,True,0.05997472954693139,52.00034087302629,212,212
generic,212,C12,1.35,0.245,4,generic,0,0.1,0.0001,0.03,0.015,COMPLETED,,2,0.091875,0.0459375,0.283570556640625,0.038426110839843756,0.026984852108184743,1.3178082223123922e-21,0.026984852108184743,True,True,True,0.18752877122579595,102.3731424829457,212,212
generic,212,C12,1.35,0.245,5,generic,1,0.5,0.0001,0.03,0.03,COMPLETED,,0,0.03,0.03,0.44005859375000006,0.022433984375000004,0.02937737999282594,2.2026370357078626e-20,0.02937737999282594,True,True,True,0.06396701526013447,35.39718668302521,212,212
generic,212,C12,1.35,0.245,6,generic,2,0.9,0.0001,0.06,0.008,COMPLETED,,0,0.06,0.008,0.7801171875000003,1.9030689380787043e-05,0.0016840648039619644,7.354069425283738e-18,0.0016840648039619717,True,True,True,0.11988283984348787,45.25941702199634,212,212
generic,212,C12,1.35,0.245,7,generic,3,0.1,0.002,0.06,0.015,COMPLETED,,1,0.105,0.02625,0.30729980468750007,0.028277490234374997,0.013386948019762345,4.831875604284985e-22,0.013386948019762345,True,True,True,0.20895864546960805,66.63603683491237,212,212
generic,212,C12,1.35,0.245,8,generic,4,0.5,0.002,0.06,0.03,COMPLETED,,0,0.06,0.03,0.3801171874999999,0.02312158203125,0.016021514710970613,6.0122754642547576e-21,0.016021514710970613,True,True,True,0.12172924858230665,34.6955371099757,212,212
generic,212,C12,1.35,0.245,9,generic,5,0.9,0.002,0.1,0.008,COMPLETED,,0,0.1,0.008,0.7614583333333332,3.823958333333333e-05,8.141056613834831e-08,3.159136569792175e-20,8.14105661383799e-08,True,True,True,0.1385555553080071,26.75632976705674,212,212
generic,212,C12,1.35,0.245,10,generic,0,0.1,0.0001,0.1,0.015,COMPLETED,,0,0.1,0.015,0.2998046875000002,0.022585351562499995,0.0173122759986091,2.3518928665858154e-21,0.0173122759986091,True,True,True,0.20106591999108642,32.93004707398359,212,212
generic,212,C12,1.35,0.245,11,generic,1,0.5,0.0001,0.1,0.03,COMPLETED,,0,0.1,0.03,0.33522135416666676,0.022336328125000002,2.210061360524866e-05,1.1092343897812537e-22,2.210061360524866e-05,True,True,True,0.16627223583975087,33.99870219803415,212,212
generic,213,C12,1.35,0.255,0,generic,3,0.1,0.002,0.015,0.008,COMPLETED,,3,0.080390625,0.042875,0.2606242370605468,0.04118747558593751,0.044781040179740765,2.853974156284578e-21,0.044781040179740765,True,True,True,0.16533542806694876,140.39363370195497,213,213
generic,213,C12,1.35,0.255,1,generic,4,0.5,0.002,0.015,0.015,COMPLETED,,0,0.015,0.015,0.47002929687500006,0.016664420572916665,0.03398629766384434,3.4109263004502395e-20,0.03398629766384434,True,True,True,0.03336597483284825,36.507592228008434,213,213
generic,213,C12,1.35,0.255,2,generic,5,0.9,0.002,0.015,0.03,COMPLETED,,2,0.0459375,0.091875,0.8082147216796877,1.578328626342271e-05,0.01503109846405464,2.3484300944949186e-15,0.015031098464056989,True,True,True,0.09180672324129793,137.5040687690489,213,213
generic,213,C12,1.35,0.255,3,generic,0,0.1,0.0001,0.03,0.008,COMPLETED,,2,0.091875,0.0245,0.283570556640625,0.03279059244791668,0.030385654108432383,1.8066466702951666e-21,0.030385654108432383,True,True,True,0.18645863911319505,113.39107771299314,213,213
generic,213,C12,1.35,0.255,4,generic,1,0.5,0.0001,0.03,0.015,COMPLETED,,0,0.03,0.015,0.44005859375000006,0.018356835937499996,0.029977908403308075,2.5026575319167758e-20,0.029977908403308075,True,True,True,0.06266006895684303,35.87875477899797,213,213
generic,213,C12,1.35,0.255,5,generic,2,0.9,0.0001,0.03,0.03,COMPLETED,,1,0.0525,0.0525,0.7951025390625002,1.760759066358024e-05,0.006720500791818054,1.5917839912991073e-18,0.0067205007918180555,True,True,True,0.1048974932953282,90.78939297399484,213,213
generic,213,C12,1.35,0.255,6,generic,3,0.1,0.002,0.06,0.008,COMPLETED,,1,0.105,0.014,0.30729980468750007,0.021315527343750012,0.01565010950990287,8.855105782286542e-22,0.01565010950990287,True,True,True,0.2081977392289427,68.07329522899818,213,213
generic,213,C12,1.35,0.255,7,generic,4,0.5,0.002,0.06,0.015,COMPLETED,,0,0.06,0.015,0.3801171874999999,0.018699902343750005,0.015686826801960815,7.169769196152037e-21,0.015686826801960815,True,True,True,0.12104038776871531,35.00994894292671,213,213
generic,213,C12,1.35,0.255,8,generic,5,0.9,0.002,0.06,0.03,COMPLETED,,0,0.06,0.03,0.7801171875000003,1.1139873488940332e-05,0.0017547238184025436,2.899632147641171e-17,0.0017547238184025726,True,True,True,0.11989930899514362,44.99126541195437,213,213
generic,213,C12,1.35,0.255,9,generic,0,0.1,0.0001,0.1,0.008,COMPLETED,,0,0.1,0.008,0.2998046875000002,0.0120921875,0.020535734304447578,3.819062792324934e-21,0.020535734304447578,True,True,True,0.20016424682746892,33.74759445292875,213,213
generic,213,C12,1.35,0.255,10,generic,1,0.5,0.0001,0.1,0.015,COMPLETED,,0,0.1,0.015,0.3383463541666667,0.018083398437499995,1.6634902759592148e-05,3.6492237207690667e-22,1.6634902759592148e-05,True,True,True,0.16265086483191732,34.437410781974904,213,213
generic,213,C12,1.35,0.255,11,generic,2,0.9,0.0001,0.1,0.03,COMPLETED,,0,0.1,0.03,0.7614583333333332,3.3981770833333346e-05,8.357881684230049e-08,2.1450713623378805e-20,8.357881684232194e-08,True,True,True,0.13854168239625356,26.490386403980665,213,213
generic,214,C12,1.35,0.27,0,generic,4,0.5,0.002,0.015,0.008,COMPLETED,,0,0.015,0.008,0.47002929687500006,0.011202050781250002,0.03529204055457462,4.266927746041505e-20,0.03529204055457462,True,True,True,0.03135156749490502,37.42811072198674,214,214
generic,214,C12,1.35,0.27,1,generic,5,0.9,0.002,0.015,0.015,COMPLETED,,2,0.0459375,0.0459375,0.8082147216796877,6.369500167281538e-05,0.015984771980049897,5.532168367669606e-19,0.015984771980049897,True,True,True,0.091805700222719,142.3263137319591,214,214
generic,214,C12,1.35,0.27,2,generic,0,0.1,0.0001,0.015,0.03,COMPLETED,,3,0.08039062500000001,0.16078125000000001,0.2606242370605468,0.03785561779785158,0.05227306935758905,2.844255440222138e-21,0.05227306935758905,False,True,False,0.16500191576639403,139.05738373403437,214,214
generic,214,C12,1.35,0.27,3,generic,1,0.5,0.0001,0.03,0.008,COMPLETED,,0,0.03,0.008,0.44005859375000006,0.0120921875,0.030825280652037847,3.0892774126363653e-20,0.030825280652037847,True,True,True,0.061129246226848635,36.99366670695599,214,214
generic,214,C12,1.35,0.27,4,generic,2,0.9,0.0001,0.03,0.015,COMPLETED,,0,0.03,0.015,0.8400585937499998,1e-06,0.03613070731861088,2.202985201202979e-06,0.036132910303812084,True,True,True,0.059941488004783175,47.9234185279347,214,214
generic,214,C12,1.35,0.27,5,generic,3,0.1,0.002,0.03,0.03,COMPLETED,,0,0.03,0.03,0.15857421875000002,6.0699367444701655e-06,0.03651818548745303,2.7291431877026124e-24,0.03651818548745303,True,True,True,0.058608146697110355,37.72060867806431,214,214
generic,214,C12,1.35,0.27,6,generic,4,0.5,0.002,0.06,0.008,COMPLETED,,0,0.06,0.008,0.3801171874999999,0.012104394531250003,0.015074584305476577,8.801537570361447e-21,0.015074584305476577,True,True,True,0.12030788636558011,35.89124820497818,214,214
generic,214,C12,1.35,0.27,7,generic,5,0.9,0.002,0.06,0.015,COMPLETED,,0,0.06,0.015,0.7801171875000003,5.8873336226851875e-06,0.0018463436541291353,6.084980904448015e-16,0.0018463436541297437,True,True,True,0.1198993962379974,45.736595229944214,214,214
generic,214,C12,1.35,0.27,8,generic,0,0.1,0.0001,0.06,0.03,COMPLETED,,1,0.105,0.0525,0.30729980468750007,0.02640126953125,0.020634481919563432,4.401914848614716e-25,0.020634481919563432,True,True,True,0.2089616371548403,66.5897720810026,214,214
generic,214,C12,1.35,0.27,9,generic,1,0.5,0.0001,0.1,0.008,COMPLETED,,0,0.1,0.008,0.34290364583333344,0.01165989583333333,1.6051602912000587e-05,8.667923983171487e-22,1.6051602912000587e-05,True,True,True,0.1575210959971275,35.255269301938824,214,214
generic,214,C12,1.35,0.27,10,generic,2,0.9,0.0001,0.1,0.015,COMPLETED,,0,0.1,0.015,0.7614583333333332,5.668576388888889e-05,9.808071313975524e-08,9.928719587032873e-21,9.808071313976517e-08,True,True,True,0.13854167343763701,26.851144860032946,214,214
generic,214,C12,1.35,0.27,11,generic,3,0.1,0.002,0.1,0.03,COMPLETED,,0,0.1,0.03,0.2998046875000002,0.032031152343750015,0.026027931330255237,2.0237615156243512e-25,0.026027931330255237,True,True,True,0.20204896252657736,32.36546403297689,214,214
generic,215,C12,1.35,0.28,0,generic,5,0.9,0.002,0.015,0.008,COMPLETED,,2,0.0459375,0.0245,0.8082147216796877,8.571750217013888e-06,0.016619853632960455,4.2816811664468913e-14,0.01661985363300327,True,True,True,0.09180687938717466,144.6750192180043,215,215
generic,215,C12,1.35,0.28,1,generic,0,0.1,0.0001,0.015,0.015,COMPLETED,,3,0.08039062500000001,0.08039062500000001,0.2606242370605468,0.03618680725097655,0.0576015349195494,2.72465685684853e-21,0.0576015349195494,False,True,False,0.16462807533604915,142.4486523210071,215,215
generic,215,C12,1.35,0.28,2,generic,1,0.5,0.0001,0.015,0.03,COMPLETED,,0,0.015,0.03,0.47002929687500006,0.007512109375,0.03614339802244613,4.728182386314407e-20,0.03614339802244613,True,True,True,0.03087365237858722,38.07773404591717,215,215
generic,215,C12,1.35,0.28,3,generic,2,0.9,0.0001,0.03,0.008,COMPLETED,,1,0.0525,0.014,0.7951025390625002,3.2599334088863166e-06,0.007371272257057387,1.2363671975965408e-12,0.007371272258293754,True,True,True,0.10489750554600806,94.57225610199384,215,215
generic,215,C12,1.35,0.28,4,generic,3,0.1,0.002,0.03,0.015,COMPLETED,,2,0.091875,0.0459375,0.283570556640625,0.03203838297526042,0.040710575073089575,6.060719916526498e-22,0.040710575073089575,True,True,True,0.18601197197255162,104.70084923901595,215,215
generic,215,C12,1.35,0.28,5,generic,4,0.5,0.002,0.03,0.03,COMPLETED,,0,0.03,0.03,0.44005859375000006,0.008085384114583333,0.03135631526248466,3.412173079964812e-20,0.03135631526248466,True,True,True,0.06024951521007912,37.47165881993715,215,215
generic,215,C12,1.35,0.28,6,generic,5,0.9,0.002,0.06,0.008,COMPLETED,,0,0.06,0.008,0.7801171875000003,1.1667588975694444e-05,0.0019390664310892916,2.5394984235911787e-18,0.0019390664310892942,True,True,True,0.11989930024269045,46.48627758491784,215,215
generic,215,C12,1.35,0.28,7,generic,0,0.1,0.0001,0.06,0.015,COMPLETED,,1,0.105,0.02625,0.30729980468750007,0.026375634765625003,0.02409837827271369,1.0622234232031834e-22,0.02409837827271369,True,True,True,0.20895841214416852,68.28578928206116,215,215
generic,215,C12,1.35,0.28,8,generic,1,0.5,0.0001,0.06,0.03,COMPLETED,,0,0.06,0.03,0.3801171874999999,0.007726953124999999,0.014594687820757818,9.522148837248028e-21,0.014594687820757818,True,True,True,0.12012518115233428,36.41945129795931,215,215
generic,215,C12,1.35,0.28,9,generic,2,0.9,0.0001,0.1,0.008,COMPLETED,,0,0.1,0.008,0.7614583333333332,3.136747685185185e-05,9.144940285702601e-08,4.863387689707268e-21,9.144940285703086e-08,True,True,True,0.13854168366668945,27.349261244991794,215,215
generic,215,C12,1.35,0.28,10,generic,3,0.1,0.002,0.1,0.015,COMPLETED,,0,0.1,0.015,0.2998046875000002,0.021241503906250007,0.02804147663124572,4.439557153198809e-22,0.02804147663124572,True,True,True,0.2007290427903919,33.49678271799348,215,215
generic,215,C12,1.35,0.28,11,generic,4,0.5,0.002,0.1,0.03,COMPLETED,,0,0.1,0.03,0.3457682291666667,0.007379264322916665,2.2166632781398712e-05,1.384865988060064e-21,2.2166632781398712e-05,True,True,True,0.15432555076539217,35.83130860805977,215,215
generic,216,C12,1.35,0.295,0,generic,0,0.1,0.0001,0.015,0.008,COMPLETED,,3,0.08039062500000001,0.042875,0.2606242370605468,0.016206496582031247,0.06842783856375617,7.902025387118915e-21,0.06842783856375617,False,True,False,0.16142975179138982,146.89851168205496,216,216
generic,216,C12,1.35,0.295,1,generic,1,0.5,0.0001,0.015,0.015,COMPLETED,,0,0.015,0.015,0.47002929687500006,0.0019330175781249995,0.03739516567835867,4.031147306347643e-20,0.03739516567835867,True,True,True,0.030026704768399023,39.78682150004897,216,216
generic,216,C12,1.35,0.295,2,generic,2,0.9,0.0001,0.015,0.03,COMPLETED,,2,0.0459375,0.091875,0.8082147216796877,7.518257988823785e-06,0.01755699598851048,7.909330682675783e-13,0.017556995989301414,True,True,True,0.09178532491204576,146.60047137597576,216,216
generic,216,C12,1.35,0.295,3,generic,3,0.1,0.002,0.03,0.008,COMPLETED,,2,0.091875,0.0245,0.283570556640625,0.030925781250000006,0.04760745582415456,2.394673492406713e-22,0.04760745582415456,True,True,True,0.1858355458093843,114.39993006596342,216,216
generic,216,C12,1.35,0.295,4,generic,4,0.5,0.002,0.03,0.015,COMPLETED,,0,0.03,0.015,0.44005859375000006,0.0018730442708333333,0.032104849445891974,2.7811543409242727e-20,0.032104849445891974,True,True,True,0.05994154069578709,40.29530933406204,216,216
generic,216,C12,1.35,0.295,5,generic,5,0.9,0.002,0.03,0.03,COMPLETED,,0,0.03,0.03,0.8400585937499998,1.0821329752604165e-06,0.04877162103765355,4.858895113395821e-10,0.04877162152354306,True,True,True,0.05997472680943762,56.35230002505705,216,216
generic,216,C12,1.35,0.295,6,generic,0,0.1,0.0001,0.06,0.008,COMPLETED,,1,0.105,0.014,0.30729980468750007,0.014113671875,0.0272249454275736,6.361405894138448e-23,0.0272249454275736,True,True,True,0.20777293380730763,84.6422622500686,216,216
generic,216,C12,1.35,0.295,7,generic,1,0.5,0.0001,0.06,0.015,COMPLETED,,0,0.06,0.015,0.3801171874999999,0.0011712363281249998,0.01376978427843597,3.307655128507095e-21,0.01376978427843597,True,True,True,0.11988759852537241,38.96283782995306,216,216
generic,216,C12,1.35,0.295,8,generic,2,0.9,0.0001,0.06,0.03,COMPLETED,,0,0.06,0.03,0.7801171875000003,1.05433364679784e-05,0.0020513057543957106,7.816454633799996e-16,0.002051305754396492,True,True,True,0.1198828458763169,46.39614480105229,216,216
generic,216,C12,1.35,0.295,9,generic,3,0.1,0.002,0.1,0.008,COMPLETED,,0,0.1,0.008,0.2998046875000002,0.01248466796875,0.03254242420791837,9.924264310477186e-22,0.03254242420791837,True,True,True,0.200079587687969,34.73081853392068,216,216
generic,216,C12,1.35,0.295,10,generic,4,0.5,0.002,0.1,0.015,COMPLETED,,0,0.1,0.015,0.34993489583333326,0.0009327994791666668,1.143298146640982e-05,3.458180116201374e-23,1.143298146640982e-05,True,True,True,0.15006889886150362,37.665185809950344,216,216
generic,216,C12,1.35,0.295,11,generic,5,0.9,0.002,0.1,0.03,COMPLETED,,0,0.1,0.03,0.7614583333333332,1e-06,5.209510854901496e-08,1.173301504162281e-21,5.209510854901613e-08,True,True,True,0.13855608757386956,27.330854880972765,216,216
generic,217,C12,1.4,0.22,0,generic,1,0.5,0.0001,0.015,0.008,COMPLETED,,0,0.015,0.008,0.47002929687500006,0.0120921875,0.027916618993282738,6.820217118536784e-21,0.027916618993282738,True,True,True,0.03228088609133953,36.571188551955856,217,217
generic,217,C12,1.4,0.22,1,generic,2,0.9,0.0001,0.015,0.015,COMPLETED,,2,0.0459375,0.0459375,0.8082147216796877,1.554718318986304e-05,0.012783938277563644,2.1763063842016585e-16,0.01278393827756386,True,True,True,0.0917853171733664,147.17521993699484,217,217
generic,217,C12,1.4,0.22,2,generic,3,0.1,0.002,0.015,0.03,COMPLETED,,3,0.080390625,0.16078125,0.2606242370605468,0.048812696411132804,0.040213405072340655,4.7299070326795855e-21,0.040213405072340655,True,True,True,0.16730682615052989,138.68397206102964,217,217
generic,217,C12,1.4,0.22,3,generic,4,0.5,0.002,0.03,0.008,COMPLETED,,0,0.03,0.008,0.44005859375000006,0.014940332031249998,0.02413760640597033,3.47177337288969e-21,0.02413760640597033,True,True,True,0.06132229917661704,38.90939280204475,217,217
generic,217,C12,1.4,0.22,4,generic,5,0.9,0.002,0.03,0.015,COMPLETED,,1,0.0525,0.02625,0.7951025390625002,2.344374668451003e-06,0.005406531965687404,3.5574919784657806e-11,0.005406532001262324,True,True,True,0.10491648077938817,105.12937510595657,217,217
generic,217,C12,1.4,0.22,5,generic,0,0.1,0.0001,0.03,0.03,COMPLETED,,2,0.091875,0.091875,0.283570556640625,0.043615014648437506,0.030089889730216396,4.625305413766514e-21,0.030089889730216396,True,True,True,0.18865764168250024,100.7434113820782,217,217
generic,217,C12,1.4,0.22,6,generic,1,0.5,0.0001,0.06,0.008,COMPLETED,,0,0.06,0.008,0.3801171874999999,0.0120921875,0.011872916924995225,1.8681908165969581e-22,0.011872916924995225,True,True,True,0.12048112422261563,35.071452794014476,217,217
generic,217,C12,1.4,0.22,7,generic,2,0.9,0.0001,0.06,0.015,COMPLETED,,0,0.06,0.015,0.7801171875000003,5.350450303819444e-06,0.0014867821651254457,2.0982945909679122e-15,0.001486782165127544,True,True,True,0.11988284986372054,44.621891072019935,217,217
generic,217,C12,1.4,0.22,8,generic,3,0.1,0.002,0.06,0.03,COMPLETED,,1,0.105,0.0525,0.30729980468750007,0.03641979166666666,0.018548617982601892,3.7541340051771334e-21,0.018548617982601892,True,True,True,0.21013788587937304,65.90405749995261,217,217
generic,217,C12,1.4,0.22,9,generic,4,0.5,0.002,0.1,0.008,COMPLETED,,0,0.1,0.008,0.34941406250000007,0.014940332031249998,0.004882891805233067,2.2309873079307682e-21,0.004882891805233067,True,True,True,0.151140916914755,34.42909747897647,217,217
generic,217,C12,1.4,0.22,10,generic,5,0.9,0.002,0.1,0.015,COMPLETED,,0,0.1,0.015,0.7614583333333332,1.9767361111111115e-05,6.828085351767157e-08,6.856175231988388e-20,6.828085351774012e-08,True,True,True,0.13855581808095224,26.330423288047314,217,217
generic,217,C12,1.4,0.22,11,generic,0,0.1,0.0001,0.1,0.03,COMPLETED,,0,0.1,0.03,0.2998046875000002,0.040129296874999984,0.022294142756661566,3.70455927142267e-21,0.022294142756661566,True,True,True,0.20377501749547128,30.95150376507081,217,217
generic,218,C12,1.4,0.235,0,generic,2,0.9,0.0001,0.015,0.008,COMPLETED,,2,0.0459375,0.0245,0.8082147216796877,8.03486689814815e-06,0.01366754184497717,5.0763175045613175e-12,0.013667541850053488,True,True,True,0.09178532439297095,149.18232201994397,218,218
generic,218,C12,1.4,0.235,1,generic,3,0.1,0.002,0.015,0.015,COMPLETED,,3,0.080390625,0.080390625,0.2606242370605468,0.030968110046386717,0.04838789390892338,5.920482680833955e-21,0.04838789390892338,True,True,True,0.16321549231289997,148.7376185710309,218,218
generic,218,C12,1.4,0.235,2,generic,4,0.5,0.002,0.015,0.03,COMPLETED,,0,0.015,0.03,0.47002929687500006,0.021003222656249997,0.02881155515920071,1.7776596501388362e-20,0.02881155515920071,True,True,True,0.035487540308253185,38.51310373202432,218,218
generic,218,C12,1.4,0.235,3,generic,5,0.9,0.002,0.03,0.008,COMPLETED,,1,0.0525,0.014,0.7951025390625002,9.49371744791667e-05,0.00612610284637631,4.282646968354351e-20,0.00612610284637631,True,True,True,0.10491475861623802,96.0675654798979,218,218
generic,218,C12,1.4,0.235,4,generic,0,0.1,0.0001,0.03,0.015,COMPLETED,,2,0.091875,0.0459375,0.283570556640625,0.038336389160156255,0.036231958852765096,5.0085894655095754e-21,0.036231958852765096,True,True,True,0.18751045496546542,104.05480903701391,218,218
generic,218,C12,1.4,0.235,5,generic,1,0.5,0.0001,0.03,0.03,COMPLETED,,0,0.03,0.03,0.44005859375000006,0.022492578125,0.024498583199108498,1.0893806379702509e-20,0.024498583199108498,True,True,True,0.06398749673421956,39.88451430096757,218,218
generic,218,C12,1.4,0.235,6,generic,2,0.9,0.0001,0.06,0.008,COMPLETED,,0,0.06,0.008,0.7801171875000003,1.2862295645254629e-05,0.001598703605521004,1.269982349837914e-15,0.001598703605522274,True,True,True,0.11988284416833637,50.20152842497919,218,218
generic,218,C12,1.4,0.235,7,generic,3,0.1,0.002,0.06,0.015,COMPLETED,,1,0.105,0.02625,0.30729980468750007,0.035314990234374996,0.023270646181829842,2.7687846598803187e-21,0.023270646181829842,True,True,True,0.20995975232837405,67.86158649402205,218,218
generic,218,C12,1.4,0.235,8,generic,4,0.5,0.002,0.06,0.03,COMPLETED,,0,0.06,0.03,0.3801171874999999,0.022020865885416664,0.009629962486205148,7.77537615508992e-22,0.009629962486205148,True,True,True,0.12154309443037899,34.63107097300235,218,218
generic,218,C12,1.4,0.235,9,generic,5,0.9,0.002,0.1,0.008,COMPLETED,,0,0.1,0.008,0.7614583333333332,3.823958333333333e-05,7.72679984804518e-08,4.561956462891926e-20,7.726799848049742e-08,True,True,True,0.1385555553080071,26.658340725000016,218,218
generic,218,C12,1.4,0.235,10,generic,0,0.1,0.0001,0.1,0.015,COMPLETED,,0,0.1,0.015,0.2998046875000002,0.022585351562499995,0.02797070276628762,7.145873614045622e-21,0.02797070276628762,True,True,True,0.20106591999108642,32.28298757597804,218,218
generic,218,C12,1.4,0.235,11,generic,1,0.5,0.0001,0.1,0.03,COMPLETED,,0,0.1,0.03,0.35384114583333337,0.021555078125,1.0073927021035153e-05,1.392479883401779e-22,1.0073927021035153e-05,True,True,True,0.14772518752285535,34.109787171008065,218,218
generic,219,C12,1.4,0.25,0,generic,3,0.1,0.002,0.015,0.008,COMPLETED,,3,0.08039062500000001,0.042875,0.2606242370605468,0.016918068847656245,0.05858642016323876,3.610559887855505e-21,0.05858642016323876,False,True,False,0.161315511682622,149.5861427729251,219,219
generic,219,C12,1.4,0.25,1,generic,4,0.5,0.002,0.015,0.015,COMPLETED,,0,0.015,0.015,0.47002929687500006,0.01549814453125,0.029878819522966924,2.3367792604418586e-20,0.029878819522966924,True,True,True,0.032870092053314905,36.60804379009642,219,219
generic,219,C12,1.4,0.25,2,generic,5,0.9,0.002,0.015,0.03,COMPLETED,,2,0.0459375,0.091875,0.8082147216796877,1e-06,0.014011551663501466,8.10884562343354e-08,0.0140116327519577,True,True,True,0.09180704394183054,146.79521778703202,219,219
generic,219,C12,1.4,0.25,3,generic,0,0.1,0.0001,0.03,0.008,COMPLETED,,0,0.03,0.008,0.15947265624999996,6.693901909722228e-06,0.037542463318786065,1.8708625228221516e-26,0.037542463318786065,True,True,True,0.05947272944349031,42.43484423193149,219,219
generic,219,C12,1.4,0.25,4,generic,1,0.5,0.0001,0.03,0.015,COMPLETED,,0,0.03,0.015,0.44005859375000006,0.0164134765625,0.025057799165322404,1.4559246535028778e-20,0.025057799165322404,True,True,True,0.062121668528644404,41.541465983958915,219,219
generic,219,C12,1.4,0.25,5,generic,2,0.9,0.0001,0.03,0.03,COMPLETED,,1,0.0525,0.0525,0.7951708984375002,1e-06,0.00259454419252959,2.5925248818830537e-08,0.002594570117778409,True,True,True,0.10482914831000441,102.5631719629746,219,219
generic,219,C12,1.4,0.25,6,generic,3,0.1,0.002,0.06,0.008,COMPLETED,,1,0.105,0.014,0.30729980468750007,0.023934472656249997,0.028075767857269687,4.744089104613889e-21,0.028075767857269687,True,True,True,0.20845702222324738,77.17368754500058,219,219
generic,219,C12,1.4,0.25,7,generic,4,0.5,0.002,0.06,0.015,COMPLETED,,0,0.06,0.015,0.3801171874999999,0.015784212239583335,0.008572691052241654,1.326398634369184e-21,0.008572691052241654,True,True,True,0.12067266981374059,37.10704999091104,219,219
generic,219,C12,1.4,0.25,8,generic,5,0.9,0.002,0.06,0.03,COMPLETED,,0,0.06,0.03,0.7801171875000003,4.559095594618055e-06,0.0016571454268830038,1.3028762048160491e-12,0.00165714542818588,True,True,True,0.1198994183360081,46.96313013799954,219,219
generic,219,C12,1.4,0.25,9,generic,0,0.1,0.0001,0.1,0.008,COMPLETED,,0,0.1,0.008,0.2998046875000002,0.0120921875,0.03471410640089959,8.991366484540697e-21,0.03471410640089959,True,True,True,0.20016424682746892,33.319798639044166,219,219
generic,219,C12,1.4,0.25,10,generic,1,0.5,0.0001,0.1,0.015,COMPLETED,,0,0.1,0.015,0.3585286458333333,0.0155052734375,8.114742769933603e-06,7.209683802740706e-25,8.114742769933603e-06,True,True,True,0.14230764736806867,37.25493781699333,219,219
generic,219,C12,1.4,0.25,11,generic,2,0.9,0.0001,0.1,0.03,COMPLETED,,0,0.1,0.03,0.7614583333333332,3.398177083333332e-05,8.112866323413905e-08,2.7724517223967275e-20,8.112866323416678e-08,True,True,True,0.13854168239625356,26.558581306017004,219,219
generic,220,C12,1.4,0.26,0,generic,4,0.5,0.002,0.015,0.008,COMPLETED,,0,0.015,0.008,0.47002929687500006,0.011782128906249998,0.030561528835518756,2.682886742046812e-20,0.030561528835518756,True,True,True,0.031526704422526836,37.29826407704968,220,220
generic,220,C12,1.4,0.26,1,generic,5,0.9,0.002,0.015,0.015,COMPLETED,,2,0.0459375,0.0459375,0.8113250732421876,1e-06,0.007255269710401445,2.313302625269454e-08,0.0072552928434276975,True,True,True,0.08869745563714551,149.61195220402442,220,220
generic,220,C12,1.4,0.26,2,generic,0,0.1,0.0001,0.015,0.03,COMPLETED,,3,0.08039062500000001,0.16078125000000001,0.2606242370605468,0.04278747375488281,0.061021673573886416,4.154918930383282e-21,0.061021673573886416,False,True,False,0.16619977721662732,146.97684297000524,220,220
generic,220,C12,1.4,0.26,3,generic,1,0.5,0.0001,0.03,0.008,COMPLETED,,0,0.03,0.008,0.44005859375000006,0.0120921875,0.025386037274557245,1.6729089720134184e-20,0.025386037274557245,True,True,True,0.061129246226848635,36.791998278931715,220,220
generic,220,C12,1.4,0.26,4,generic,2,0.9,0.0001,0.03,0.015,COMPLETED,,0,0.03,0.015,0.8400585937499998,1.1305135091145832e-06,0.04526349628574146,1.321641492036366e-06,0.0452648179272335,True,True,True,0.05994148778936776,49.940393308061175,220,220
generic,220,C12,1.4,0.26,5,generic,3,0.1,0.002,0.03,0.03,COMPLETED,,2,0.091875,0.091875,0.283570556640625,0.03526914306640623,0.047629572321199506,4.468636464164594e-21,0.047629572321199506,True,True,True,0.18656094217633531,128.7048918789951,220,220
generic,220,C12,1.4,0.26,6,generic,4,0.5,0.002,0.06,0.008,COMPLETED,,0,0.06,0.008,0.3801171874999999,0.011633886718750002,0.007782233924280326,1.622675298406089e-21,0.007782233924280326,True,True,True,0.12026928330301086,42.455992229050025,220,220
generic,220,C12,1.4,0.26,7,generic,5,0.9,0.002,0.06,0.015,COMPLETED,,0,0.06,0.015,0.7801171875000003,1.8145556037808644e-06,0.001530024867927908,9.597909760953445e-12,0.0015300248775258177,True,True,True,0.1198994640437575,46.26427232497372,220,220
generic,220,C12,1.4,0.26,8,generic,0,0.1,0.0001,0.06,0.03,COMPLETED,,1,0.105,0.0525,0.30729980468750007,0.03077626953124999,0.032009583269076554,2.1998428082217065e-21,0.032009583269076554,True,True,True,0.20955725359869928,68.52036457695067,220,220
generic,220,C12,1.4,0.26,9,generic,1,0.5,0.0001,0.1,0.008,COMPLETED,,0,0.1,0.008,0.36152343750000004,0.011451562499999998,3.762434967280992e-07,4.8253076193855964e-23,3.7624349672809927e-07,True,True,True,0.13894105344716443,35.51883342897054,220,220
generic,220,C12,1.4,0.26,10,generic,2,0.9,0.0001,0.1,0.015,COMPLETED,,0,0.1,0.015,0.7614583333333332,1e-06,1.854044127533488e-08,5.2592808778694046e-20,1.8540441275387472e-08,True,True,True,0.13854170203869234,27.27535805606749,220,220
generic,220,C12,1.4,0.26,11,generic,3,0.1,0.002,0.1,0.03,COMPLETED,,0,0.1,0.03,0.2998046875000002,0.026652180989583323,0.036887089054947135,4.59587490665889e-21,0.036887089054947135,True,True,True,0.20131975356262463,32.97948884696234,220,220
generic,221,C12,1.4,0.27,0,generic,5,0.9,0.002,0.015,0.008,COMPLETED,,2,0.0459375,0.0245,0.8082147216796877,8.571750217013888e-06,0.015887407442103194,6.66967788647182e-14,0.01588740744216989,True,True,True,0.09180687938717466,143.95853582711425,221,221
generic,221,C12,1.4,0.27,1,generic,0,0.1,0.0001,0.015,0.015,COMPLETED,,3,0.08039062500000001,0.08039062500000001,0.2606242370605468,0.03025653778076172,0.06746870944788147,5.978646001418291e-21,0.06746870944788147,False,True,False,0.16343060393391826,147.85600427701138,221,221
generic,221,C12,1.4,0.27,2,generic,1,0.5,0.0001,0.015,0.03,COMPLETED,,0,0.015,0.03,0.47002929687500006,0.008039453124999998,0.031222831267401798,3.05242132627346e-20,0.031222831267401798,True,True,True,0.031004482929585415,37.71266887499951,221,221
generic,221,C12,1.4,0.27,3,generic,2,0.9,0.0001,0.03,0.008,COMPLETED,,1,0.0525,0.014,0.7951025390625002,8.073045066550926e-05,0.007098401887947977,9.911204174666088e-21,0.007098401887947977,True,True,True,0.10489746270739746,94.57198796607554,221,221
generic,221,C12,1.4,0.27,4,generic,3,0.1,0.002,0.03,0.015,COMPLETED,,3,0.16078125,0.080390625,0.3646013895670573,0.013895466105143217,0.0030536290872937347,1.1219139909245862e-21,0.0030536290872937347,True,True,True,0.2648686419240228,142.80931038793642,221,221
generic,221,C12,1.4,0.27,5,generic,4,0.5,0.002,0.03,0.03,COMPLETED,,0,0.03,0.03,0.44005859375000006,0.008272298177083331,0.02567962359079672,1.8995447934679067e-20,0.02567962359079672,True,True,True,0.0602686809848181,37.22483981598634,221,221
generic,221,C12,1.4,0.27,6,generic,5,0.9,0.002,0.06,0.008,COMPLETED,,0,0.06,0.008,0.7801171875000003,9.728027343749998e-06,0.0018490779160942475,3.539531996573957e-18,0.001849077916094251,True,True,True,0.11989933242280894,46.245502159930766,221,221
generic,221,C12,1.4,0.27,7,generic,0,0.1,0.0001,0.06,0.015,COMPLETED,,1,0.105,0.02625,0.30729980468750007,0.027469384765625,0.03570910606649967,2.3828345124880366e-21,0.03570910606649967,True,True,True,0.2090987619425914,69.7780433120206,221,221
generic,221,C12,1.4,0.27,8,generic,1,0.5,0.0001,0.06,0.03,COMPLETED,,0,0.06,0.03,0.3801171874999999,0.0074925781250000005,0.0069253324589830575,1.962146453093763e-21,0.0069253324589830575,True,True,True,0.12011052803249352,36.20120150397997,221,221
generic,221,C12,1.4,0.27,9,generic,2,0.9,0.0001,0.1,0.008,COMPLETED,,0,0.1,0.008,0.7614583333333332,1.0110243055555554e-05,8.342770170659416e-08,1.1074203953733419e-20,8.342770170660523e-08,True,True,True,0.13854169582817374,27.353552710963413,221,221
generic,221,C12,1.4,0.27,10,generic,3,0.1,0.002,0.1,0.015,COMPLETED,,0,0.1,0.015,0.2998046875000002,0.014166829427083333,0.041736886680116526,7.893500747917818e-21,0.041736886680116526,True,True,True,0.20017478583797832,33.76631305902265,221,221
generic,221,C12,1.4,0.27,11,generic,4,0.5,0.002,0.1,0.03,COMPLETED,,0,0.1,0.03,0.3643880208333333,0.007379264322916665,8.240540791536497e-06,2.4842848332442813e-22,8.240540791536497e-06,True,True,True,0.13571862575990165,35.80363117204979,221,221
generic,222,C12,1.4,0.285,0,generic,0,0.1,0.0001,0.015,0.008,COMPLETED,,3,0.08039062500000001,0.042875,0.2606242370605468,0.016206496582031247,0.07903304394977315,4.0156131414157174e-21,0.07903304394977315,False,True,False,0.16142975179138982,151.34696122608148,222,222
generic,222,C12,1.4,0.285,1,generic,1,0.5,0.0001,0.015,0.015,COMPLETED,,0,0.015,0.015,0.47002929687500006,0.0014406162109374995,0.03217900005546998,1.8829819509967874e-20,0.03217900005546998,True,True,True,0.030000671619680612,39.95080887502991,222,222
generic,222,C12,1.4,0.285,2,generic,2,0.9,0.0001,0.015,0.03,COMPLETED,,2,0.0459375,0.091875,0.8082147216796877,1.4036515977647567e-05,0.016848171579148516,2.9150466035701996e-15,0.01684817157915143,True,True,True,0.09178531857578197,144.19472970499191,222,222
generic,222,C12,1.4,0.285,3,generic,3,0.1,0.002,0.03,0.008,COMPLETED,,3,0.16078125,0.042875,0.3703738911946615,0.022531225585937495,0.010408415993555865,8.025672234264162e-21,0.010408415993555865,True,True,True,0.27115230455189443,146.778607504908,222,222
generic,222,C12,1.4,0.285,4,generic,4,0.5,0.002,0.03,0.015,COMPLETED,,0,0.03,0.015,0.4700585937500001,0.00040426367187500005,0.03218911664733537,1.702488000724681e-21,0.03218911664733537,True,True,True,0.02998389872342207,40.65233495098073,222,222
generic,222,C12,1.4,0.285,5,generic,5,0.9,0.002,0.03,0.03,COMPLETED,,0,0.03,0.03,0.8400585937499998,1e-06,0.035503938714425295,3.614534294920802e-08,0.03550397485976824,True,True,True,0.05997472954693139,48.310761046013795,222,222
generic,222,C12,1.4,0.285,6,generic,0,0.1,0.0001,0.06,0.008,COMPLETED,,1,0.105,0.014,0.30729980468750007,0.011752994791666665,0.04117634006588182,6.1567929953212966e-21,0.04117634006588182,True,True,True,0.2076270726834299,72.32519300200511,222,222
generic,222,C12,1.4,0.285,7,generic,1,0.5,0.0001,0.06,0.015,COMPLETED,,0,0.06,0.015,0.3801171874999999,0.0013065527343749995,0.00551883394366334,1.3208970986946501e-22,0.00551883394366334,True,True,True,0.11988888398183965,38.11951657605823,222,222
generic,222,C12,1.4,0.285,8,generic,2,0.9,0.0001,0.06,0.03,COMPLETED,,0,0.06,0.03,0.7801171875000003,5.771668233989199e-06,0.0019434955793675417,1.2590989836858331e-17,0.0019434955793675543,True,True,True,0.1198828495319018,46.13187045103405,222,222
generic,222,C12,1.4,0.285,9,generic,3,0.1,0.002,0.1,0.008,COMPLETED,,0,0.1,0.008,0.2998046875000002,0.0038569726562500007,0.04919770127196662,1.0891210872707594e-20,0.04919770127196662,True,True,True,0.19981331660932614,35.37541855603922,222,222
generic,222,C12,1.4,0.285,10,generic,4,0.5,0.002,0.1,0.015,COMPLETED,,0,0.1,0.015,0.36842447916666676,0.001253721354166667,5.876737511075572e-07,1.1672214407768243e-22,5.876737511075573e-07,True,True,True,0.13157763721233232,37.67920977505855,222,222
generic,222,C12,1.4,0.285,11,generic,5,0.9,0.002,0.1,0.03,COMPLETED,,0,0.1,0.03,0.7614583333333332,1e-06,1.0790970637293004e-08,5.556134927662186e-21,1.079097063729856e-08,True,True,True,0.13855608757386956,27.236036329064518,222,222
generic,223,C20,1.45,0.055,0,generic,1,0.5,0.0001,0.015,0.008,COMPLETED,,0,0.015,0.008,0.5299707031249998,0.0120921875,0.009074365915283126,1.9765980672820115e-20,0.009074365915283126,True,True,True,0.032280886091339424,29.405138956033625,223,223
generic,223,C20,1.45,0.055,1,generic,2,0.9,0.0001,0.015,0.015,COMPLETED,,0,0.015,0.015,0.8700292968749999,0.0076146484375000005,0.03774907811699582,2.0791060059731655e-19,0.03774907811699582,True,True,True,0.03089843016960758,34.12901015102398,223,223
generic,223,C20,1.45,0.055,2,generic,3,0.1,0.002,0.015,0.03,COMPLETED,,0,0.015,0.03,0.129970703125,0.004022230468749999,0.005180393401916118,1.4590771302967834e-24,0.005180393401916118,True,True,True,0.030038849210241483,28.577287034946494,223,223
generic,223,C20,1.45,0.055,3,generic,4,0.5,0.002,0.03,0.008,COMPLETED,,0,0.03,0.008,0.5599414062499999,0.014940332031249998,0.008327390161139361,1.898149549778769e-20,0.008327390161139361,True,True,True,0.06132229917661698,29.233066275017336,223,223
generic,223,C20,1.45,0.055,4,generic,5,0.9,0.002,0.03,0.015,COMPLETED,,0,0.03,0.015,0.8400585937499998,0.0008821276041666668,0.0129111073431685,6.328239581092542e-19,0.0129111073431685,True,True,True,0.05995182917910788,36.0396251429338,223,223
generic,223,C20,1.45,0.055,5,generic,0,0.1,0.0001,0.03,0.03,COMPLETED,,0,0.03,0.03,0.15994140624999997,0.011384658203125,0.004581836967907591,2.0647216192922323e-23,0.004581836967907591,True,True,True,0.06099439067642935,27.87906083103735,223,223
generic,223,C20,1.45,0.055,6,generic,1,0.5,0.0001,0.06,0.008,COMPLETED,,0,0.06,0.008,0.6198828124999999,0.011107812499999998,0.00612051224547921,3.0551530215839635e-20,0.00612051224547921,True,True,True,0.12038712833582037,29.76178938196972,223,223
generic,223,C20,1.45,0.055,7,generic,2,0.9,0.0001,0.06,0.015,COMPLETED,,0,0.06,0.015,0.7801171875000003,5.216129557291668e-05,0.000368148775900355,3.2334768895325143e-19,0.0003681487759003553,True,True,True,0.11988282204491077,36.225497293053195,223,223
generic,223,C20,1.45,0.055,8,generic,3,0.1,0.002,0.06,0.03,COMPLETED,,0,0.06,0.03,0.21988281249999997,0.04791884765624998,0.002419877891056339,6.5485816348017515e-22,0.002419877891056339,True,True,True,0.1283761243494601,25.669787984108552,223,223
generic,223,C20,1.45,0.055,9,generic,4,0.5,0.002,0.1,0.008,COMPLETED,,0,0.1,0.008,0.6998046874999995,0.005059667968750001,0.00206534487432787,1.1396907727570113e-19,0.00206534487432787,True,True,True,0.19982811292471198,30.691082749981433,223,223
generic,223,C20,1.45,0.055,10,generic,5,0.9,0.002,0.1,0.015,COMPLETED,,0,0.1,0.015,0.7614583333333332,6.355787037037038e-05,2.0232967254526038e-08,6.967216401822297e-19,2.023296725522276e-08,True,True,True,0.1385551991478458,21.349789169966243,223,223
generic,223,C20,1.45,0.055,11,generic,0,0.1,0.0001,0.1,0.03,COMPLETED,,0,0.1,0.03,0.2630859375,0.045070703124999986,0.001319574787470304,9.436831953415427e-22,0.001319574787470304,True,True,True,0.1691726548524045,25.64832814305555,223,223
generic,224,C20,1.45,0.065,0,generic,2,0.9,0.0001,0.015,0.008,COMPLETED,,0,0.015,0.008,0.8700292968749999,0.0041078124999999995,0.044627843717620096,3.268490380159986e-19,0.044627843717620096,True,True,True,0.030237486781180257,36.55038903898094,224,224
generic,224,C20,1.45,0.065,1,generic,3,0.1,0.002,0.015,0.015,COMPLETED,,0,0.015,0.015,0.129970703125,0.0006414361979166667,0.007248055129989899,1.9721522630525295e-27,0.007248055129989899,True,True,True,0.03000147898706355,30.43427944497671,224,224
generic,224,C20,1.45,0.065,2,generic,4,0.5,0.002,0.015,0.03,COMPLETED,,0,0.015,0.03,0.5299707031249998,0.04334983723958332,0.010348761457778494,1.0459555575970872e-20,0.010348761457778494,True,True,True,0.051069091293530045,28.373853594064713,224,224
generic,224,C20,1.45,0.065,3,generic,5,0.9,0.002,0.03,0.008,COMPLETED,,0,0.03,0.008,0.8400585937499998,0.0008425214843750002,0.015271540417378982,5.769239279004238e-19,0.015271540417378982,True,True,True,0.059952580759644526,37.58769999304786,224,224
generic,224,C20,1.45,0.065,4,generic,0,0.1,0.0001,0.03,0.015,COMPLETED,,0,0.03,0.015,0.15994140624999997,0.005766982421874999,0.006502464295776489,5.161804048230581e-24,0.006502464295776489,True,True,True,0.060208694330614536,29.172715788008645,224,224
generic,224,C20,1.45,0.065,5,generic,1,0.5,0.0001,0.03,0.03,COMPLETED,,0,0.03,0.03,0.5599414062499999,0.030129296875000017,0.009670245925134234,1.2602203198676202e-20,0.009670245925134234,True,True,True,0.06704275392638948,28.984987447038293,224,224
generic,224,C20,1.45,0.065,6,generic,2,0.9,0.0001,0.06,0.008,COMPLETED,,0,0.06,0.008,0.7801171875000003,3.611239510995371e-05,0.00043472819546455974,4.318331294903682e-18,0.0004347281954645641,True,True,True,0.11988282952339822,37.60226844495628,224,224
generic,224,C20,1.45,0.065,7,generic,3,0.1,0.002,0.06,0.015,COMPLETED,,0,0.06,0.015,0.21988281249999997,0.025433496093749994,0.004353317981350219,2.5437123521413945e-22,0.004353317981350219,True,True,True,0.12215161673955013,27.27004431001842,224,224
generic,224,C20,1.45,0.065,8,generic,4,0.5,0.002,0.06,0.03,COMPLETED,,0,0.06,0.03,0.6198828124999999,0.016081152343750002,0.0071875118893094175,2.0523575032675342e-20,0.0071875118893094175,True,True,True,0.1207069491961338,30.000243655056693,224,224
generic,224,C20,1.45,0.065,9,generic,5,0.9,0.002,0.1,0.008,COMPLETED,,0,0.1,0.008,0.7614583333333332,3.823958333333333e-05,2.1159183437379627e-08,6.391051350854387e-19,2.1159183438018733e-08,True,True,True,0.1385555553080071,22.456197916995734,224,224
generic,224,C20,1.45,0.065,10,generic,0,0.1,0.0001,0.1,0.015,COMPLETED,,0,0.1,0.015,0.26634114583333335,0.022585351562499995,0.0034422014155729053,3.868931359411652e-22,0.0034422014155729053,True,True,True,0.16785400749471396,27.397029259009287,224,224
generic,224,C20,1.45,0.065,11,generic,1,0.5,0.0001,0.1,0.03,COMPLETED,,0,0.1,0.03,0.6998046874999995,0.0011253906249999999,0.0024227632062094203,4.4717243844474345e-19,0.0024227632062094207,True,True,True,0.1998073186169773,32.34853122802451,224,224
generic,225,C20,1.45,0.075,0,generic,3,0.1,0.002,0.015,0.008,COMPLETED,,0,0.015,0.008,0.129970703125,0.000153216796875,0.009653349986763631,3.332937324558775e-27,0.009653349986763631,True,True,True,0.030027548251667657,31.683149344054982,225,225
generic,225,C20,1.45,0.075,1,generic,4,0.5,0.002,0.015,0.015,COMPLETED,,0,0.015,0.015,0.5299707031249998,0.025433496093749994,0.011824373193112444,1.235041846166544e-20,0.011824373193112444,True,True,True,0.03804433972331062,30.0052143370267,225,225
generic,225,C20,1.45,0.075,2,generic,5,0.9,0.002,0.015,0.03,COMPLETED,,1,0.02625,0.0525,0.8475512695312502,0.000974615993923611,0.023375569152429356,5.112498517551427e-19,0.023375569152429356,True,True,True,0.05245875275055144,73.56426538794767,225,225
generic,225,C20,1.45,0.075,3,generic,0,0.1,0.0001,0.03,0.008,COMPLETED,,0,0.03,0.008,0.15994140624999997,0.003145400390625,0.008719715366237382,1.6861460086992204e-24,0.008719715366237382,True,True,True,0.06001871913633908,30.252200060058385,225,225
generic,225,C20,1.45,0.075,4,generic,1,0.5,0.0001,0.03,0.015,COMPLETED,,0,0.03,0.015,0.5599414062499999,0.022585351562499995,0.011028003904920532,1.3445001010476748e-20,0.011028003904920532,True,True,True,0.06402002200965527,30.418979463982396,225,225
generic,225,C20,1.45,0.075,5,generic,2,0.9,0.0001,0.03,0.03,COMPLETED,,0,0.03,0.03,0.8400585937499998,0.0008049306640625002,0.01763796698146102,5.235684603640043e-19,0.01763796698146102,True,True,True,0.0599455512149876,38.50130979495589,225,225
generic,225,C20,1.45,0.075,6,generic,3,0.1,0.002,0.06,0.008,COMPLETED,,0,0.06,0.008,0.21988281249999997,0.014940332031249998,0.006385979502701443,1.0728685331392892e-22,0.006385979502701443,True,True,True,0.12057918943992427,28.655739662004635,225,225
generic,225,C20,1.45,0.075,7,generic,4,0.5,0.002,0.06,0.015,COMPLETED,,0,0.06,0.015,0.6198828124999999,0.014199837239583332,0.008222755835337828,1.9866003186892346e-20,0.008222755835337828,True,True,True,0.12050196994896993,31.206844808068126,225,225
generic,225,C20,1.45,0.075,8,generic,5,0.9,0.002,0.06,0.03,COMPLETED,,0,0.06,0.03,0.7801171875000003,6.475531684027773e-06,0.0004901810424766249,1.235144465772589e-13,0.0004901810426001394,True,True,True,0.119899386456795,38.809070606017485,225,225
generic,225,C20,1.45,0.075,9,generic,0,0.1,0.0001,0.1,0.008,COMPLETED,,0,0.1,0.008,0.2685546875,0.0120921875,0.005367040182412582,1.5184616010542987e-22,0.005367040182412582,True,True,True,0.16898075404985566,28.587123907986097,225,225
generic,225,C20,1.45,0.075,10,generic,1,0.5,0.0001,0.1,0.015,COMPLETED,,0,0.1,0.015,0.6998046874999995,0.0076146484375000005,0.0028157092534239407,4.816776215623351e-20,0.0028157092534239407,True,True,True,0.19994595041688557,33.39088100299705,225,225
generic,225,C20,1.45,0.075,11,generic,2,0.9,0.0001,0.1,0.03,COMPLETED,,0,0.1,0.03,0.7614583333333332,3.3981770833333346e-05,2.4039806989642412e-08,5.832719327327895e-19,2.4039806990225683e-08,True,True,True,0.13854168239625356,22.784014492994174,225,225
generic,226,C20,1.45,0.085,0,generic,4,0.5,0.002,0.015,0.008,COMPLETED,,0,0.015,0.008,0.5299707031249998,0.014940332031249998,0.013311165378399634,1.4540605078940054e-20,0.013311165378399634,True,True,True,0.03264498795965269,31.546714288997464,226,226
generic,226,C20,1.45,0.085,1,generic,5,0.9,0.002,0.015,0.015,COMPLETED,,1,0.02625,0.02625,0.8475512695312502,0.0009186163736979163,0.02652336663828541,4.625547035550896e-19,0.02652336663828541,True,True,True,0.05245987722374887,75.88527068600524,226,226
generic,226,C20,1.45,0.085,2,generic,0,0.1,0.0001,0.015,0.03,COMPLETED,,0,0.015,0.03,0.129912109375,8.001882595486114e-05,0.01235600901677412,4.930380657631324e-26,0.01235600901677412,True,True,True,0.029912116048672967,32.2670284389751,226,226
generic,226,C20,1.45,0.085,3,generic,1,0.5,0.0001,0.03,0.008,COMPLETED,,0,0.03,0.008,0.5599414062499999,0.0120921875,0.012410352693168241,1.7219251144653e-20,0.012410352693168241,True,True,True,0.06112924622684858,32.42873844795395,226,226
generic,226,C20,1.45,0.085,4,generic,2,0.9,0.0001,0.03,0.015,COMPLETED,,0,0.03,0.015,0.8756054687499998,1e-06,0.018350622786839677,4.271462333119331e-05,0.018393337410170872,True,True,True,0.024394732134361267,41.97386651602574,226,226
generic,226,C20,1.45,0.085,5,generic,3,0.1,0.002,0.03,0.03,COMPLETED,,0,0.03,0.03,0.15994140624999997,0.0067135638020833326,0.011218798883330787,1.438995965979568e-23,0.011218798883330787,True,True,True,0.0601264489799942,30.408417385071516,226,226
generic,226,C20,1.45,0.085,6,generic,4,0.5,0.002,0.06,0.008,COMPLETED,,0,0.06,0.008,0.6198828124999999,0.01165966796875,0.009242688987175425,1.949742883768612e-20,0.009242688987175425,True,True,True,0.12027135119460754,32.63485822698567,226,226
generic,226,C20,1.45,0.085,7,generic,5,0.9,0.002,0.06,0.015,COMPLETED,,0,0.06,0.015,0.7801171875000003,1.5662000868055563e-05,0.0005659531043993522,4.8084524096297275e-18,0.000565953104399357,True,True,True,0.11989923406846642,39.38507197110448,226,226
generic,226,C20,1.45,0.085,8,generic,0,0.1,0.0001,0.06,0.03,COMPLETED,,0,0.06,0.03,0.21988281249999997,0.045070703124999986,0.007423555866559389,1.2780674743563466e-21,0.007423555866559389,True,True,True,0.12804004401931074,27.430586667032912,226,226
generic,226,C20,1.45,0.085,9,generic,1,0.5,0.0001,0.1,0.008,COMPLETED,,0,0.1,0.008,0.6998046874999995,0.0041078124999999995,0.0031543376049189558,8.49335105474771e-20,0.0031543376049189558,True,True,True,0.19984487911379564,34.0942303390475,226,226
generic,226,C20,1.45,0.085,10,generic,2,0.9,0.0001,0.1,0.015,COMPLETED,,0,0.1,0.015,0.7614583333333332,5.668576388888889e-05,3.0026585110954366e-08,5.293115848359126e-19,3.0026585111483676e-08,True,True,True,0.13854167343763701,23.310623741010204,226,226
generic,226,C20,1.45,0.085,11,generic,3,0.1,0.002,0.1,0.03,COMPLETED,,0,0.1,0.03,0.29667968750000007,0.04791884765624998,0.0019758527139056648,3.4906388236658694e-21,0.0019758527139056648,True,True,True,0.20196890861015113,27.05406258709263,226,226
generic,227,C20,1.45,0.1,0,generic,5,0.9,0.002,0.015,0.008,COMPLETED,,1,0.02625,0.014,0.8475512695312502,0.0008152695312500001,0.031265448154351956,3.968083043816937e-19,0.031265448154351956,True,True,True,0.05246210931774623,78.53728482499719,227,227
generic,227,C20,1.45,0.1,1,generic,0,0.1,0.0001,0.015,0.015,COMPLETED,,0,0.015,0.015,0.128525390625,1.4051350911458336e-05,0.006334257182718774,1.139115147139141e-27,0.006334257182718774,True,True,True,0.028525520108827435,33.529888656921685,227,227
generic,227,C20,1.45,0.1,2,generic,1,0.5,0.0001,0.015,0.03,COMPLETED,,0,0.015,0.03,0.47002929687500006,0.045070703124999986,0.014790942055389514,6.977792223194201e-21,0.014790942055389514,True,True,True,0.0540426422870289,30.975620893994346,227,227
generic,227,C20,1.45,0.1,3,generic,2,0.9,0.0001,0.03,0.008,COMPLETED,,0,0.03,0.008,0.8400585937499998,0.0006883678385416665,0.023585624209032156,4.051624494569166e-19,0.023585624209032156,True,True,True,0.05994429380634153,39.69494160695467,227,227
generic,227,C20,1.45,0.1,4,generic,3,0.1,0.002,0.03,0.015,COMPLETED,,0,0.03,0.015,0.15994140624999997,0.0013452122395833331,0.015633825214699592,3.7448883778742395e-25,0.015633825214699592,True,True,True,0.05994498252763718,32.142150550032966,227,227
generic,227,C20,1.45,0.1,5,generic,4,0.5,0.002,0.03,0.03,COMPLETED,,0,0.03,0.03,0.44005859375000006,0.04791884765624998,0.013629784367055413,7.398690162187752e-21,0.013629784367055413,True,True,True,0.0755083621415895,29.99647862301208,227,227
generic,227,C20,1.45,0.1,6,generic,5,0.9,0.002,0.06,0.008,COMPLETED,,0,0.06,0.008,0.7801171875000003,9.146158854166665e-06,0.0006633909611137642,5.640106984896991e-17,0.0006633909611138206,True,True,True,0.11989934208296102,39.921573300962336,227,227
generic,227,C20,1.45,0.1,7,generic,0,0.1,0.0001,0.06,0.015,COMPLETED,,0,0.06,0.015,0.21988281249999997,0.022585351562499995,0.011504988785812643,4.432448625029945e-22,0.011504988785812643,True,True,True,0.12197327480968677,29.397935803048313,227,227
generic,227,C20,1.45,0.1,8,generic,1,0.5,0.0001,0.06,0.03,COMPLETED,,0,0.06,0.03,0.3801171874999999,0.045070703124999986,0.009431040309282622,8.160706189968661e-21,0.009431040309282622,True,True,True,0.12804004401931088,29.178530429955572,227,227
generic,227,C20,1.45,0.1,9,generic,2,0.9,0.0001,0.1,0.008,COMPLETED,,0,0.1,0.008,0.7614583333333332,3.136747685185185e-05,3.164068990797721e-08,4.545866986946166e-19,3.1640689908431793e-08,True,True,True,0.13854168366668945,23.7436859899899,227,227
generic,227,C20,1.45,0.1,10,generic,3,0.1,0.002,0.1,0.015,COMPLETED,,0,0.1,0.015,0.2998046875000002,0.025433496093749994,0.00606802061131603,2.502754525126086e-21,0.00606802061131603,True,True,True,0.20117415809727784,28.609845615108497,227,227
generic,227,C20,1.45,0.1,11,generic,4,0.5,0.002,0.1,0.03,COMPLETED,,0,0.1,0.03,0.3095703125000001,0.04791884765624998,0.0020589079723263705,5.181340926922186e-21,0.0020589079723263705,True,True,True,0.19588773941067752,28.11668760108296,227,227
generic,228,C20,1.45,0.11,0,generic,0,0.1,0.0001,0.015,0.008,COMPLETED,,0,0.015,0.008,0.129970703125,0.00011601681857638895,0.020880459812124302,1.8708625228221516e-26,0.020880459812124302,True,True,True,0.029970707404820492,33.601958321989514,228,228
generic,228,C20,1.45,0.11,1,generic,1,0.5,0.0001,0.015,0.015,COMPLETED,,0,0.015,0.015,0.5299707031249998,0.022585351562499995,0.01643836615076701,6.556699631983425e-21,0.01643836615076701,True,True,True,0.03746777389565726,32.6155133129796,228,228
generic,228,C20,1.45,0.11,2,generic,2,0.9,0.0001,0.015,0.03,COMPLETED,,1,0.02625,0.0525,0.8475512695312502,0.0007399713541666666,0.03444201217776735,3.571525282183334e-19,0.03444201217776735,True,True,True,0.05245263473952214,82.52081225800794,228,228
generic,228,C20,1.45,0.11,3,generic,3,0.1,0.002,0.03,0.008,COMPLETED,,0,0.03,0.008,0.15994140624999997,0.0005824960937499998,0.01896689098753547,8.077935669463161e-26,0.01896689098753547,True,True,True,0.05995816458624938,32.84973945200909,228,228
generic,228,C20,1.45,0.11,4,generic,4,0.5,0.002,0.03,0.015,COMPLETED,,0,0.03,0.015,0.5599414062499999,0.025433496093749994,0.015492718277465985,5.2882705808627876e-21,0.015492718277465985,True,True,True,0.06435915569989496,32.50844645500183,228,228
generic,228,C20,1.45,0.11,5,generic,5,0.9,0.002,0.03,0.03,COMPLETED,,0,0.03,0.03,0.8400585937499998,0.0006361616753472225,0.025979493214968938,3.6343159339099767e-19,0.025979493214968938,True,True,True,0.05995691985253543,39.96125613898039,228,228
generic,228,C20,1.45,0.11,6,generic,0,0.1,0.0001,0.06,0.008,COMPLETED,,0,0.06,0.008,0.21988281249999997,0.003145400390625,0.014987876703499017,6.326841164715284e-24,0.014987876703499017,True,True,True,0.11992148763440756,32.09957670606673,228,228
generic,228,C20,1.45,0.11,7,generic,1,0.5,0.0001,0.06,0.015,COMPLETED,,0,0.06,0.015,0.6198828124999999,0.012614648437500004,0.011751029455673263,8.52542945355309e-21,0.011751029455673263,True,True,True,0.1205342489022284,33.25954051094595,228,228
generic,228,C20,1.45,0.11,8,generic,2,0.9,0.0001,0.06,0.03,COMPLETED,,0,0.06,0.03,0.7801171875000003,1.53150047019676e-05,0.0007340556080792661,9.931874679329891e-16,0.0007340556080802594,True,True,True,0.11988284241065746,39.75377757893875,228,228
generic,228,C20,1.45,0.11,9,generic,3,0.1,0.002,0.1,0.008,COMPLETED,,0,0.1,0.008,0.2998046875000002,0.014940332031249998,0.009401875998423057,1.454942644028204e-21,0.009401875998423057,True,True,True,0.2002232887055143,29.521117073018104,228,228
generic,228,C20,1.45,0.11,10,generic,4,0.5,0.002,0.1,0.015,COMPLETED,,0,0.1,0.015,0.6998046874999995,0.002933170572916668,0.004045995677680048,7.319431333783529e-20,0.004045995677680048,True,True,True,0.19980686663448433,34.811183480895124,228,228
generic,228,C20,1.45,0.11,11,generic,5,0.9,0.002,0.1,0.03,COMPLETED,,0,0.1,0.03,0.7614583333333332,3.604340277777777e-05,3.538263063886371e-08,4.078080536631515e-19,3.5382630639271516e-08,True,True,True,0.13855558642037347,23.369266737019643,228,228
generic,229,C20,1.5,0.05,0,generic,1,0.5,0.0001,0.015,0.008,COMPLETED,,0,0.015,0.008,0.5299707031249998,0.0120921875,0.008009013779718997,1.7592105862597284e-20,0.008009013779718997,True,True,True,0.032280886091339424,29.017106666928157,229,229
generic,229,C20,1.5,0.05,1,generic,2,0.9,0.0001,0.015,0.015,COMPLETED,,0,0.015,0.015,0.8700292968749999,0.0076146484375000005,0.03424213989671264,2.0876356127891551e-19,0.03424213989671264,True,True,True,0.03089843016960758,33.75964560499415,229,229
generic,229,C20,1.5,0.05,2,generic,3,0.1,0.002,0.015,0.03,COMPLETED,,0,0.015,0.03,0.12944335937499998,6.488120298032408e-05,0.004563701544171211,4.799429747364636e-27,0.004563701544171211,True,True,True,0.029506882181009532,30.427056676940992,229,229
generic,229,C20,1.5,0.05,3,generic,4,0.5,0.002,0.03,0.008,COMPLETED,,0,0.03,0.008,0.5599414062499999,0.014940332031249998,0.00739053053759647,1.7256333567042525e-20,0.00739053053759647,True,True,True,0.06132229917661698,28.918941111071035,229,229
generic,229,C20,1.5,0.05,4,generic,5,0.9,0.002,0.03,0.015,COMPLETED,,0,0.03,0.015,0.8400585937499998,0.0009327994791666668,0.01170321896842739,6.5375831664560655e-19,0.01170321896842739,True,True,True,0.059950905749448294,35.58816944190767,229,229
generic,229,C20,1.5,0.05,5,generic,0,0.1,0.0001,0.03,0.03,COMPLETED,,0,0.03,0.03,0.15994140624999997,0.002363319335937501,0.0043285218999908354,2.617251156906064e-25,0.0043285218999908354,True,True,True,0.05998412121256728,29.11841522308532,229,229
generic,229,C20,1.5,0.05,6,generic,1,0.5,0.0001,0.06,0.008,COMPLETED,,0,0.06,0.008,0.6198828124999999,0.011607812499999998,0.005479385946738413,2.743629754345419e-20,0.005479385946738413,True,True,True,0.12043387597119543,29.38858352904208,229,229
generic,229,C20,1.5,0.05,7,generic,2,0.9,0.0001,0.06,0.015,COMPLETED,,0,0.06,0.015,0.7801171875000003,1.4051350911458336e-05,0.0003286713558871371,9.572575424400751e-16,0.00032867135588809433,True,True,True,0.11988284330995984,35.941966744023375,229,229
generic,229,C20,1.5,0.05,8,generic,3,0.1,0.002,0.06,0.03,COMPLETED,,0,0.06,0.03,0.21988281249999997,0.012096230468749997,0.0031565785645123333,2.4924565960298115e-23,0.0031565785645123333,True,True,True,0.12030720095899607,27.769663382903673,229,229
generic,229,C20,1.5,0.05,9,generic,4,0.5,0.002,0.1,0.008,COMPLETED,,0,0.1,0.008,0.6998046874999995,0.005059667968750001,0.001861717072046498,1.1094007299462503e-19,0.0018617170720464983,True,True,True,0.19982811292471198,30.35119025595486,229,229
generic,229,C20,1.5,0.05,10,generic,5,0.9,0.002,0.1,0.015,COMPLETED,,0,0.1,0.015,0.7614583333333332,6.355787037037038e-05,1.8301826202898806e-08,7.278899200756692e-19,1.8301826203626696e-08,True,True,True,0.1385551991478458,21.161496374057606,229,229
generic,229,C20,1.5,0.05,11,generic,0,0.1,0.0001,0.1,0.03,COMPLETED,,0,0.1,0.03,0.2861328125,0.045070703124999986,0.0006560939827470145,8.041625853499903e-22,0.0006560939827470145,True,True,True,0.19148834959003913,25.678160337964073,229,229
generic,230,C20,1.5,0.065,0,generic,2,0.9,0.0001,0.015,0.008,COMPLETED,,0,0.015,0.008,0.8700292968749999,0.0041078124999999995,0.04454909649940544,3.0883844375612175e-19,0.04454909649940544,True,True,True,0.030237486781180257,36.604136451962404,230,230
generic,230,C20,1.5,0.065,1,generic,3,0.1,0.002,0.015,0.015,COMPLETED,,0,0.015,0.015,0.129970703125,0.00012025094039351854,0.007941651436143837,1.4164786414148488e-26,0.007941651436143837,True,True,True,0.030029593775706923,31.506987650995143,230,230
generic,230,C20,1.5,0.065,2,generic,4,0.5,0.002,0.015,0.03,COMPLETED,,0,0.015,0.03,0.5299707031249998,0.04511513671875,0.009894971128642962,9.98313338290658e-21,0.009894971128642962,True,True,True,0.05250864747909033,28.45341802504845,230,230
generic,230,C20,1.5,0.065,3,generic,5,0.9,0.002,0.03,0.008,COMPLETED,,0,0.03,0.008,0.8400585937499998,0.0008762949218750002,0.015230604021250444,5.691275483126883e-19,0.015230604021250444,True,True,True,0.05995193821996224,37.64355302602053,230,230
generic,230,C20,1.5,0.065,4,generic,0,0.1,0.0001,0.03,0.015,COMPLETED,,0,0.03,0.015,0.15994140624999997,0.0004374371744791667,0.007262545993964156,5.3043007267060834e-27,0.007262545993964156,True,True,True,0.05994235603539667,31.063383772037923,230,230
generic,230,C20,1.5,0.065,5,generic,1,0.5,0.0001,0.03,0.03,COMPLETED,,0,0.03,0.03,0.5599414062499999,0.03075429687500001,0.00934459176347489,1.2028981189497037e-20,0.00934459176347489,True,True,True,0.06732501838193704,29.15019775601104,230,230
generic,230,C20,1.5,0.065,6,generic,2,0.9,0.0001,0.06,0.008,COMPLETED,,0,0.06,0.008,0.7802734375000002,1e-06,0.00036571669375766956,8.462901570163856e-10,0.0003657175400478266,True,True,True,0.11972660343075953,38.15209195704665,230,230
generic,230,C20,1.5,0.065,7,generic,3,0.1,0.002,0.06,0.015,COMPLETED,,0,0.06,0.015,0.21988281249999997,0.0064785546875000015,0.005599256653360777,1.039474126200675e-23,0.005599256653360777,True,True,True,0.11996643774405855,29.36599927500356,230,230
generic,230,C20,1.5,0.065,8,generic,4,0.5,0.002,0.06,0.03,COMPLETED,,0,0.06,0.03,0.6198828124999999,0.016081152343750002,0.00703859308269456,1.933678419872698e-20,0.00703859308269456,True,True,True,0.1207069491961338,30.069528504973277,230,230
generic,230,C20,1.5,0.065,9,generic,5,0.9,0.002,0.1,0.008,COMPLETED,,0,0.1,0.008,0.7614583333333332,3.823958333333333e-05,2.1050108988545396e-08,6.410023633315871e-19,2.10501089891864e-08,True,True,True,0.1385555553080071,22.45144120499026,230,230
generic,230,C20,1.5,0.065,10,generic,0,0.1,0.0001,0.1,0.015,COMPLETED,,0,0.1,0.015,0.2964192708333334,0.022585351562499995,0.0029153834964780433,4.699642503168778e-22,0.0029153834964780433,True,True,True,0.1977021016316913,27.55653392302338,230,230
generic,230,C20,1.5,0.065,11,generic,1,0.5,0.0001,0.1,0.03,COMPLETED,,0,0.1,0.03,0.6998046874999995,0.0051292968750000015,0.0024060755563529677,8.616851676978957e-20,0.0024060755563529677,True,True,True,0.19986797385781777,31.51166243001353,230,230
generic,231,C20,1.5,0.075,0,generic,3,0.1,0.002,0.015,0.008,COMPLETED,,0,0.015,0.008,0.129970703125,0.000156009765625,0.010558269589468596,1.2433157841097845e-25,0.010558269589468596,True,True,True,0.030027376605214033,32.0639166199835,231,231
generic,231,C20,1.5,0.075,1,generic,4,0.5,0.002,0.015,0.015,COMPLETED,,0,0.015,0.015,0.5299707031249998,0.025433496093749994,0.011305247146020901,1.198557444871997e-20,0.011305247146020901,True,True,True,0.03804433972331062,30.010872708982788,231,231
generic,231,C20,1.5,0.075,2,generic,5,0.9,0.002,0.015,0.03,COMPLETED,,1,0.02625,0.0525,0.8475512695312502,0.0010192090928819442,0.023316731903545204,5.01383316277821e-19,0.023316731903545204,True,True,True,0.05245790005887632,73.55319140094798,231,231
generic,231,C20,1.5,0.075,3,generic,0,0.1,0.0001,0.03,0.008,COMPLETED,,0,0.03,0.008,0.15724609375000004,3.421442780671296e-05,0.008641442142667759,4.209440676349841e-26,0.008641442142667759,True,True,True,0.05724613154943573,32.524645768105984,231,231
generic,231,C20,1.5,0.075,4,generic,1,0.5,0.0001,0.03,0.015,COMPLETED,,0,0.03,0.015,0.5599414062499999,0.022585351562499995,0.010648032436915552,1.3018165605750411e-20,0.010648032436915552,True,True,True,0.06402002200965527,30.452301355078816,231,231
generic,231,C20,1.5,0.075,5,generic,2,0.9,0.0001,0.03,0.03,COMPLETED,,0,0.03,0.03,0.8400585937499998,0.0008379124348958337,0.017588944748396822,5.161847115271286e-19,0.017588944748396822,True,True,True,0.059945948136543296,38.70707747293636,231,231
generic,231,C20,1.5,0.075,6,generic,3,0.1,0.002,0.06,0.008,COMPLETED,,0,0.06,0.008,0.21988281249999997,0.0038569726562500007,0.0075759767328639534,3.4722533158644264e-24,0.0075759767328639534,True,True,True,0.11989719379683667,30.42574786604382,231,231
generic,231,C20,1.5,0.075,7,generic,4,0.5,0.002,0.06,0.015,COMPLETED,,0,0.06,0.015,0.6198828124999999,0.014199837239583332,0.00804642181000619,1.882445728476262e-20,0.00804642181000619,True,True,True,0.12050196994896993,31.182545126997866,231,231
generic,231,C20,1.5,0.075,8,generic,5,0.9,0.002,0.06,0.03,COMPLETED,,0,0.06,0.03,0.7801171875000003,6.0699367444701655e-06,0.0004903657954255936,2.1760862062104746e-13,0.0004903657956432022,True,True,True,0.11989939320116368,38.76040673593525,231,231
generic,231,C20,1.5,0.075,9,generic,0,0.1,0.0001,0.1,0.008,COMPLETED,,0,0.1,0.008,0.29837239583333347,0.0120921875,0.004826976768685783,1.876941682173011e-22,0.004826976768685783,True,True,True,0.1987345465431008,28.717704407987185,231,231
generic,231,C20,1.5,0.075,10,generic,1,0.5,0.0001,0.1,0.015,COMPLETED,,0,0.1,0.015,0.6998046874999995,0.0076146484375000005,0.0027836850239803743,4.423739099630744e-20,0.0027836850239803743,True,True,True,0.19994595041688557,32.879474579007365,231,231
generic,231,C20,1.5,0.075,11,generic,2,0.9,0.0001,0.1,0.03,COMPLETED,,0,0.1,0.03,0.7614583333333332,1e-06,3.526663329801961e-08,4.4180759019809285e-19,3.5266633298461416e-08,True,True,True,0.13854170203869234,22.777757196919993,231,231
generic,232,C20,1.5,0.09,0,generic,4,0.5,0.002,0.015,0.008,COMPLETED,,0,0.015,0.008,0.5299707031249998,0.014940332031249998,0.013346075922073241,1.3196928458037312e-20,0.013346075922073241,True,True,True,0.03264498795965269,31.91598092194181,232,232
generic,232,C20,1.5,0.09,1,generic,5,0.9,0.002,0.015,0.015,COMPLETED,,1,0.02625,0.02625,0.8475512695312502,0.0009186163736979163,0.02802681940407084,4.3199307445001523e-19,0.02802681940407084,True,True,True,0.05245987722374887,75.92988287797198,232,232
generic,232,C20,1.5,0.09,2,generic,0,0.1,0.0001,0.015,0.03,COMPLETED,,0,0.015,0.03,0.129970703125,0.0001865224609375001,0.015169612794848518,1.6837762705399364e-25,0.015169612794848518,True,True,True,0.029970828015640997,32.48913577396888,232,232
generic,232,C20,1.5,0.09,3,generic,1,0.5,0.0001,0.03,0.008,COMPLETED,,0,0.03,0.008,0.5599414062499999,0.0120921875,0.012593214631481662,1.522820698189586e-20,0.012593214631481662,True,True,True,0.06112924622684858,32.813203518046066,232,232
generic,232,C20,1.5,0.09,4,generic,2,0.9,0.0001,0.03,0.015,COMPLETED,,0,0.03,0.015,0.8400585937499998,0.0007652871093749997,0.021138653223413833,4.438833664218616e-19,0.021138653223413833,True,True,True,0.059945098132920475,39.21831461600959,232,232
generic,232,C20,1.5,0.09,5,generic,3,0.1,0.002,0.03,0.03,COMPLETED,,0,0.03,0.03,0.15990234374999998,2.8377658420138895e-05,0.012482847983158522,1.6045509698285902e-25,0.012482847983158522,True,True,True,0.059934781900003425,33.067291006911546,232,232
generic,232,C20,1.5,0.09,6,generic,4,0.5,0.002,0.06,0.008,COMPLETED,,0,0.06,0.008,0.6198828124999999,0.01248466796875,0.009531704123444004,1.5702035760024358e-20,0.009531704123444004,True,True,True,0.12034042128613752,36.485770756029524,232,232
generic,232,C20,1.5,0.09,7,generic,5,0.9,0.002,0.06,0.015,COMPLETED,,0,0.06,0.015,0.8201171875000003,0.00040426367187500005,0.009189068763943842,4.736249662903207e-19,0.009189068763943842,True,True,True,0.07989874909746092,48.303345363005064,232,232
generic,232,C20,1.5,0.09,8,generic,0,0.1,0.0001,0.06,0.03,COMPLETED,,0,0.06,0.03,0.21988281249999997,0.011384658203125,0.010834247892335383,7.025356118157959e-23,0.010834247892335383,True,True,True,0.12041275781108704,36.83571856201161,232,232
generic,232,C20,1.5,0.09,9,generic,1,0.5,0.0001,0.1,0.008,COMPLETED,,0,0.1,0.008,0.6998046874999995,0.0041078124999999995,0.0032950311996085787,6.916261120234161e-20,0.0032950311996085787,True,True,True,0.19984487911379564,41.771137604955584,232,232
generic,232,C20,1.5,0.09,10,generic,2,0.9,0.0001,0.1,0.015,COMPLETED,,0,0.1,0.015,0.7614583333333332,1.7705729166666663e-05,2.750332976222027e-08,5.066850928642006e-19,2.7503329762726954e-08,True,True,True,0.13854169110821776,28.44419111998286,232,232
generic,232,C20,1.5,0.09,11,generic,3,0.1,0.002,0.1,0.03,COMPLETED,,0,0.1,0.03,0.2998046875000002,0.04791884765624998,0.0033228546896937037,2.977268622221691e-21,0.0033228546896937037,True,True,True,0.2050133013173795,33.4548451959854,232,232
generic,233,C20,1.5,0.1,0,generic,5,0.9,0.002,0.015,0.008,COMPLETED,,1,0.02625,0.014,0.8475512695312502,0.0008470976562500002,0.03118005555781878,3.8992649179119807e-19,0.03118005555781878,True,True,True,0.05246140020622587,96.23510915995575,233,233
generic,233,C20,1.5,0.1,1,generic,0,0.1,0.0001,0.015,0.015,COMPLETED,,0,0.015,0.015,0.129951171875,6.886702473958331e-05,0.018616568033426546,5.750795999061176e-26,0.018616568033426546,True,True,True,0.02995118805570054,40.835860542953014,233,233
generic,233,C20,1.5,0.1,2,generic,1,0.5,0.0001,0.015,0.03,COMPLETED,,0,0.015,0.03,0.47002929687500006,0.045070703124999986,0.013491970215072042,7.172175991841205e-21,0.013491970215072042,True,True,True,0.0540426422870289,36.88036155991722,233,233
generic,233,C20,1.5,0.1,3,generic,2,0.9,0.0001,0.03,0.008,COMPLETED,,0,0.03,0.008,0.8400585937499998,0.0007160030381944446,0.02351447777886277,3.995073716352287e-19,0.02351447777886277,True,True,True,0.059944571422028116,48.36981679906603,233,233
generic,233,C20,1.5,0.1,4,generic,3,0.1,0.002,0.03,0.015,COMPLETED,,0,0.03,0.015,0.15978515624999995,1.2403778452932105e-05,0.0108380725912408,1.5461673742331831e-28,0.0108380725912408,True,True,True,0.0598181865871644,34.361423431080766,233,233
generic,233,C20,1.5,0.1,5,generic,4,0.5,0.002,0.03,0.03,COMPLETED,,0,0.03,0.03,0.44005859375000006,0.04791884765624998,0.011962449175918774,7.545482642676065e-21,0.011962449175918774,True,True,True,0.0755083621415895,29.734873319976032,233,233
generic,233,C20,1.5,0.1,6,generic,5,0.9,0.002,0.06,0.008,COMPLETED,,0,0.06,0.008,0.7801171875000003,4.491210937500001e-06,0.0006557803352232213,7.236312682350686e-15,0.0006557803352304576,True,True,True,0.11989941946580612,39.98208574089222,233,233
generic,233,C20,1.5,0.1,7,generic,0,0.1,0.0001,0.06,0.015,COMPLETED,,0,0.06,0.015,0.21988281249999997,0.005766982421874999,0.013590473823887655,1.8289128720347612e-23,0.013590473823887655,True,True,True,0.12001667976860544,31.446968298987485,233,233
generic,233,C20,1.5,0.1,8,generic,1,0.5,0.0001,0.06,0.03,COMPLETED,,0,0.06,0.03,0.3801171874999999,0.045070703124999986,0.006702016144173923,7.699794891622881e-21,0.006702016144173923,True,True,True,0.12804004401931088,28.96781408507377,233,233
generic,233,C20,1.5,0.1,9,generic,2,0.9,0.0001,0.1,0.008,COMPLETED,,0,0.1,0.008,0.7614583333333332,3.136747685185185e-05,3.1423221251605496e-08,4.571605397730751e-19,3.1423221252062656e-08,True,True,True,0.13854168366668945,23.683155594975688,233,233
generic,233,C20,1.5,0.1,10,generic,3,0.1,0.002,0.1,0.015,COMPLETED,,0,0.1,0.015,0.2998046875000002,0.025433496093749994,0.006612858914926583,1.3788569686988704e-21,0.006612858914926583,True,True,True,0.20117415809727784,29.007806329987943,233,233
generic,233,C20,1.5,0.1,11,generic,4,0.5,0.002,0.1,0.03,COMPLETED,,0,0.1,0.03,0.33326822916666665,0.04791884765624998,0.0009829638793666944,5.313231232476334e-21,0.0009829638793666944,True,True,True,0.17293936502513557,28.13965790893417,233,233
generic,234,C20,1.5,0.115,0,generic,0,0.1,0.0001,0.015,0.008,COMPLETED,,0,0.015,0.008,0.129853515625,1.3526584201388893e-05,0.015685785822589237,2.67206121260082e-25,0.015685785822589237,True,True,True,0.02985364086378341,34.44155349198263,234,234
generic,234,C20,1.5,0.115,1,generic,1,0.5,0.0001,0.015,0.015,COMPLETED,,0,0.015,0.015,0.47002929687500006,0.022585351562499995,0.015376147603293571,7.953269835698283e-21,0.015376147603293571,True,True,True,0.03746777389565735,32.48701713909395,234,234
generic,234,C20,1.5,0.115,2,generic,2,0.9,0.0001,0.015,0.03,COMPLETED,,1,0.02625,0.0525,0.8475512695312502,0.0007399713541666664,0.03593244082970045,3.3221883090275656e-19,0.03593244082970045,True,True,True,0.05245263473952214,80.85233507002704,234,234
generic,234,C20,1.5,0.115,3,generic,3,0.1,0.002,0.03,0.008,COMPLETED,,0,0.03,0.008,0.15994140624999997,9.293522135416666e-05,0.02257460169957555,4.461039973461031e-25,0.02257460169957555,True,True,True,0.05997173567020957,34.48172296001576,234,234
generic,234,C20,1.5,0.115,4,generic,4,0.5,0.002,0.03,0.015,COMPLETED,,0,0.03,0.015,0.44005859375000006,0.025433496093749994,0.013652075503987999,8.5216574843692e-21,0.013652075503987999,True,True,True,0.064359155699895,31.748781846021302,234,234
generic,234,C20,1.5,0.115,5,generic,5,0.9,0.002,0.03,0.03,COMPLETED,,0,0.03,0.03,0.8400585937499998,0.0006361616753472225,0.027094355489906796,3.390831003145593e-19,0.027094355489906796,True,True,True,0.05995691985253543,40.299269292037934,234,234
generic,234,C20,1.5,0.115,6,generic,0,0.1,0.0001,0.06,0.008,COMPLETED,,0,0.06,0.008,0.21988281249999997,0.0017460670572916664,0.01817750116438271,9.614762930578527e-25,0.01817750116438271,True,True,True,0.11989411273981407,32.94476578303147,234,234
generic,234,C20,1.5,0.115,7,generic,1,0.5,0.0001,0.06,0.015,COMPLETED,,0,0.06,0.015,0.3801171874999999,0.022585351562499995,0.008438347768067433,9.170968468682865e-21,0.008438347768067433,True,True,True,0.12197327480968691,30.485827289056033,234,234
generic,234,C20,1.5,0.115,8,generic,2,0.9,0.0001,0.06,0.03,COMPLETED,,0,0.06,0.03,0.7801171875000003,2.6767008463541675e-05,0.0007635476442746157,5.555214200846934e-20,0.0007635476442746158,True,True,True,0.11988283486797077,40.049684577970766,234,234
generic,234,C20,1.5,0.115,9,generic,3,0.1,0.002,0.1,0.008,COMPLETED,,0,0.1,0.008,0.2998046875000002,0.014940332031249998,0.010650893210681982,6.633405165813089e-22,0.010650893210681982,True,True,True,0.2002232887055143,30.260720354039222,234,234
generic,234,C20,1.5,0.115,10,generic,4,0.5,0.002,0.1,0.015,COMPLETED,,0,0.1,0.015,0.34446614583333335,0.025433496093749994,0.0052594187053614525,5.7970265423902676e-21,0.0052594187053614525,True,True,True,0.157289251162035,29.431586910039186,234,234
generic,234,C20,1.5,0.115,11,generic,5,0.9,0.002,0.1,0.03,COMPLETED,,0,0.1,0.03,0.7614583333333332,0.00011781134259259261,6.005948499646664e-08,3.8502147105529456e-19,6.005948499685165e-08,True,True,True,0.1385544515232906,23.489761066972278,234,234
generic,235,C20,1.55,0.055,0,generic,1,0.5,0.0001,0.015,0.008,COMPLETED,,0,0.015,0.008,0.5299707031249998,0.0120921875,0.008364753033383288,1.6292680621364855e-20,0.008364753033383288,True,True,True,0.032280886091339424,29.367553889052942,235,235
generic,235,C20,1.55,0.055,1,generic,2,0.9,0.0001,0.015,0.015,COMPLETED,,0,0.015,0.015,0.8700292968749999,0.0076146484375000005,0.03761725017675697,1.7745056296703568e-19,0.03761725017675697,True,True,True,0.03089843016960758,34.30662460695021,235,235
generic,235,C20,1.55,0.055,2,generic,3,0.1,0.002,0.015,0.03,COMPLETED,,0,0.015,0.03,0.129853515625,8.495815248842593e-05,0.006265609447759128,6.1089388500315154e-27,0.006265609447759128,True,True,True,0.029914875571358128,30.792583512025885,235,235
generic,235,C20,1.55,0.055,3,generic,4,0.5,0.002,0.03,0.008,COMPLETED,,0,0.03,0.008,0.5599414062499999,0.014940332031249998,0.00780097020369376,1.6231971192452705e-20,0.00780097020369376,True,True,True,0.06132229917661698,29.444354646024294,235,235
generic,235,C20,1.55,0.055,4,generic,5,0.9,0.002,0.03,0.015,COMPLETED,,0,0.03,0.015,0.8400585937499998,0.0009496901041666668,0.012843344477386644,6.153768771841018e-19,0.012843344477386644,True,True,True,0.05995060745401043,36.30117074691225,235,235
generic,235,C20,1.55,0.055,5,generic,0,0.1,0.0001,0.03,0.03,COMPLETED,,0,0.03,0.03,0.15880859374999998,6.112301974826391e-05,0.005690431139826915,3.783455787530495e-26,0.005690431139826915,True,True,True,0.05880860660032789,31.13760762300808,235,235
generic,235,C20,1.55,0.055,6,generic,1,0.5,0.0001,0.06,0.008,COMPLETED,,0,0.06,0.008,0.6198828124999999,0.011857812499999999,0.00587500056272815,2.4357789879514778e-20,0.00587500056272815,True,True,True,0.1204580212675573,30.016685668029822,235,235
generic,235,C20,1.55,0.055,7,generic,2,0.9,0.0001,0.06,0.015,COMPLETED,,0,0.06,0.015,0.7801171875000003,4.4504503038194446e-05,0.00036432208374313345,7.820118720896136e-20,0.0003643220837431335,True,True,True,0.1198828253448353,36.29097047599498,235,235
generic,235,C20,1.55,0.055,8,generic,3,0.1,0.002,0.06,0.03,COMPLETED,,0,0.06,0.03,0.21988281249999997,0.012096230468749997,0.004597311787258764,2.701525482955187e-23,0.004597311787258764,True,True,True,0.12030720095899607,28.56617846491281,235,235
generic,235,C20,1.55,0.055,9,generic,4,0.5,0.002,0.1,0.008,COMPLETED,,0,0.1,0.008,0.6998046874999995,0.005059667968750001,0.002021234806672589,9.338321109830044e-20,0.002021234806672589,True,True,True,0.19982811292471198,31.012123453081585,235,235
generic,235,C20,1.55,0.055,10,generic,5,0.9,0.002,0.1,0.015,COMPLETED,,0,0.1,0.015,0.7614583333333332,6.355787037037038e-05,1.99832635835675e-08,6.99942862559488e-19,1.9983263584267444e-08,True,True,True,0.1385551991478458,21.496666686958633,235,235
generic,235,C20,1.55,0.055,11,generic,0,0.1,0.0001,0.1,0.03,COMPLETED,,0,0.1,0.03,0.2998046875000002,0.03507070312499999,0.0014321848817592656,5.797749789000836e-22,0.0014321848817592656,True,True,True,0.20284196613134478,26.662089355057105,235,235
generic,236,C20,1.55,0.065,0,generic,2,0.9,0.0001,0.015,0.008,COMPLETED,,0,0.015,0.008,0.8700292968749999,0.0041078124999999995,0.04446774195627137,2.9142932981492476e-19,0.04446774195627137,True,True,True,0.030237486781180257,36.62728960392997,236,236
generic,236,C20,1.55,0.065,1,generic,3,0.1,0.002,0.015,0.015,COMPLETED,,0,0.015,0.015,0.129970703125,2.6805121527777802e-05,0.006573763271819158,6.865062027685855e-26,0.006573763271819158,True,True,True,0.030035587955545562,31.78015512600541,236,236
generic,236,C20,1.55,0.065,2,generic,4,0.5,0.002,0.015,0.03,COMPLETED,,0,0.015,0.03,0.47002929687500006,0.04791884765624998,0.008899792782391646,8.305282581102782e-21,0.008899792782391646,True,True,True,0.05483414644074234,27.91933166095987,236,236
generic,236,C20,1.55,0.065,3,generic,5,0.9,0.002,0.03,0.008,COMPLETED,,0,0.03,0.008,0.8400585937499998,0.0009100683593749997,0.015188263045484386,5.600673436995779e-19,0.015188263045484386,True,True,True,0.059951314699586034,37.55546617496293,236,236
generic,236,C20,1.55,0.065,4,generic,0,0.1,0.0001,0.03,0.015,COMPLETED,,0,0.03,0.015,0.15619140625,0.00014195458984375,0.008140153673332862,3.818086781269697e-28,0.008140153673332862,True,True,True,0.05619142191242492,31.774266763939522,236,236
generic,236,C20,1.55,0.065,5,generic,1,0.5,0.0001,0.03,0.03,COMPLETED,,0,0.03,0.03,0.44005859375000006,0.045070703124999986,0.008001812584609849,7.319754297697975e-21,0.008001812584609849,True,True,True,0.07493554779131474,27.840805744053796,236,236
generic,236,C20,1.55,0.065,6,generic,2,0.9,0.0001,0.06,0.008,COMPLETED,,0,0.06,0.008,0.7801171875000003,6.124511718749995e-06,0.0004130977381364182,4.841883834017778e-13,0.0004130977386206066,True,True,True,0.11988284925508486,38.16090172203258,236,236
generic,236,C20,1.55,0.065,7,generic,3,0.1,0.002,0.06,0.015,COMPLETED,,0,0.06,0.015,0.21988281249999997,0.0035958880208333335,0.006474187135553124,2.1243085433124635e-24,0.006474187135553124,True,True,True,0.11989343431349853,30.225765498005785,236,236
generic,236,C20,1.55,0.065,8,generic,4,0.5,0.002,0.06,0.03,COMPLETED,,0,0.06,0.03,0.3801171874999999,0.04791884765624998,0.00438842962382784,4.5070736115861526e-21,0.00438842962382784,True,True,True,0.12837612434946022,27.19550742104184,236,236
generic,236,C20,1.55,0.065,9,generic,5,0.9,0.002,0.1,0.008,COMPLETED,,0,0.1,0.008,0.7614583333333332,3.823958333333333e-05,2.0869484645170056e-08,6.429821669387863e-19,2.0869484645813036e-08,True,True,True,0.1385555553080071,22.4959488309687,236,236
generic,236,C20,1.55,0.065,10,generic,0,0.1,0.0001,0.1,0.015,COMPLETED,,0,0.1,0.015,0.2998046875000002,0.005766982421874999,0.004008458989625609,1.8349953051583773e-23,0.004008458989625609,True,True,True,0.19988503655036957,29.521429758053273,236,236
generic,236,C20,1.55,0.065,11,generic,1,0.5,0.0001,0.1,0.03,COMPLETED,,0,0.1,0.03,0.32845052083333337,0.045070703124999986,0.00046421235154716874,1.845129697866973e-21,0.00046421235154716874,True,True,True,0.17734595552735752,26.8758579880232,236,236
generic,237,C20,1.55,0.075,0,generic,3,0.1,0.002,0.015,0.008,COMPLETED,,0,0.015,0.008,0.129970703125,0.00016438867187500004,0.011520228951263218,7.099748146989106e-30,0.011520228951263218,True,True,True,0.030026863218705103,32.43656517798081,237,237
generic,237,C20,1.55,0.075,1,generic,4,0.5,0.002,0.015,0.015,COMPLETED,,0,0.015,0.015,0.47002929687500006,0.025433496093749994,0.010367827443867467,1.0251496750492846e-20,0.010367827443867467,True,True,True,0.03804433972331071,29.52853800309822,237,237
generic,237,C20,1.55,0.075,2,generic,5,0.9,0.002,0.015,0.03,COMPLETED,,1,0.02625,0.0525,0.8475512695312502,0.0010489378255208331,0.0232558974245293,4.917001056156796e-19,0.0232558974245293,True,True,True,0.05245735264996983,73.62335608503781,237,237
generic,237,C20,1.55,0.075,3,generic,0,0.1,0.0001,0.03,0.008,COMPLETED,,0,0.03,0.008,0.15994140624999997,0.00013195974392361115,0.010613178702314503,7.731625732071137e-27,0.010613178702314503,True,True,True,0.059941414770196794,32.44012908102013,237,237
generic,237,C20,1.55,0.075,4,generic,1,0.5,0.0001,0.03,0.015,COMPLETED,,0,0.03,0.015,0.44005859375000006,0.022585351562499995,0.009521555351790261,9.355954404048478e-21,0.009521555351790261,True,True,True,0.06402002200965533,29.236860382021405,237,237
generic,237,C20,1.55,0.075,5,generic,2,0.9,0.0001,0.03,0.03,COMPLETED,,0,0.03,0.03,0.8400585937499998,0.0008626487630208335,0.0175382507735986,5.084809259814571e-19,0.0175382507735986,True,True,True,0.05994625773443495,38.70625615201425,237,237
generic,237,C20,1.55,0.075,6,generic,3,0.1,0.002,0.06,0.008,COMPLETED,,0,0.06,0.008,0.21988281249999997,0.0032348066406250003,0.008586689109078716,2.944521147489674e-24,0.008586689109078716,True,True,True,0.11988917165595014,30.778678655042313,237,237
generic,237,C20,1.55,0.075,7,generic,4,0.5,0.002,0.06,0.015,COMPLETED,,0,0.06,0.015,0.3801171874999999,0.025433496093749994,0.005711402944275497,4.68724496160869e-21,0.005711402944275497,True,True,True,0.12215161673955026,28.400773803004995,237,237
generic,237,C20,1.55,0.075,8,generic,5,0.9,0.002,0.06,0.03,COMPLETED,,0,0.06,0.03,0.7801171875000003,4.115389901620371e-05,0.0004958763234935837,2.1490537537784645e-20,0.0004958763234935837,True,True,True,0.11989881488554188,38.451068917056546,237,237
generic,237,C20,1.55,0.075,9,generic,0,0.1,0.0001,0.1,0.008,COMPLETED,,0,0.1,0.008,0.2998046875000002,0.003145400390625,0.005567111940922717,6.0528508396703015e-24,0.005567111940922717,True,True,True,0.19982789497593162,30.549129517981783,237,237
generic,237,C20,1.55,0.075,10,generic,1,0.5,0.0001,0.1,0.015,COMPLETED,,0,0.1,0.015,0.33274739583333335,0.022585351562499995,0.003092818766020626,9.357873248247e-22,0.003092818766020626,True,True,True,0.16875729505837933,28.2036138830008,237,237
generic,237,C20,1.55,0.075,11,generic,2,0.9,0.0001,0.1,0.03,COMPLETED,,0,0.1,0.03,0.7614583333333332,1e-06,3.5202171052674754e-08,5.624681191115503e-19,3.520217105323722e-08,True,True,True,0.13854170203869234,22.88609812001232,237,237
generic,238,C20,1.55,0.09,0,generic,4,0.5,0.002,0.015,0.008,COMPLETED,,0,0.015,0.008,0.47002929687500006,0.014940332031249998,0.012159788890546116,1.2266661332547302e-20,0.012159788890546116,True,True,True,0.032644987959652795,30.908732360927388,238,238
generic,238,C20,1.55,0.09,1,generic,5,0.9,0.002,0.015,0.015,COMPLETED,,1,0.02625,0.02625,0.8475512695312502,0.0009495907660590275,0.027949929076776615,4.2326709339655423e-19,0.027949929076776615,True,True,True,0.052459247872442084,76.02198798302561,238,238
generic,238,C20,1.55,0.09,2,generic,0,0.1,0.0001,0.015,0.03,COMPLETED,,0,0.015,0.03,0.12979492187499997,1.3368164062500091e-05,0.0066980219779373155,2.0702865596620234e-26,0.0066980219779373155,True,True,True,0.029795047820272907,32.956741209025495,238,238
generic,238,C20,1.55,0.09,3,generic,1,0.5,0.0001,0.03,0.008,COMPLETED,,0,0.03,0.008,0.44005859375000006,0.0120921875,0.011188645116414096,1.2098438858656147e-20,0.011188645116414096,True,True,True,0.061129246226848635,30.698078309069388,238,238
generic,238,C20,1.55,0.09,4,generic,2,0.9,0.0001,0.03,0.015,COMPLETED,,0,0.03,0.015,0.8400585937499998,0.0007903457031249998,0.021074580877431345,4.369916428866642e-19,0.021074580877431345,True,True,True,0.05994538147695274,39.18854189105332,238,238
generic,238,C20,1.55,0.09,5,generic,3,0.1,0.002,0.03,0.03,COMPLETED,,0,0.03,0.03,0.15978515624999995,2.2293734326774695e-05,0.013558395549280459,2.9689569028898e-26,0.013558395549280459,True,True,True,0.05981785878740722,33.46152886899654,238,238
generic,238,C20,1.55,0.09,6,generic,4,0.5,0.002,0.06,0.008,COMPLETED,,0,0.06,0.008,0.3801171874999999,0.014940332031249998,0.007214017666259302,5.8839087794831786e-21,0.007214017666259302,True,True,True,0.12057918943992439,29.548204945982434,238,238
generic,238,C20,1.55,0.09,7,generic,5,0.9,0.002,0.06,0.015,COMPLETED,,0,0.06,0.015,0.7801171875000003,6.864800347222218e-06,0.000567176112160512,7.22450701265371e-15,0.0005671761121677364,True,True,True,0.11989937998519506,39.27903166797478,238,238
generic,238,C20,1.55,0.09,8,generic,0,0.1,0.0001,0.06,0.03,COMPLETED,,0,0.06,0.03,0.21988281249999997,0.0050521582031250005,0.01230234734320346,9.857783365345438e-24,0.01230234734320346,True,True,True,0.11998505158468252,31.30378368392121,238,238
generic,238,C20,1.55,0.09,9,generic,1,0.5,0.0001,0.1,0.008,COMPLETED,,0,0.1,0.008,0.33665364583333346,0.0120921875,0.005924988866155902,5.041439651311959e-22,0.005924988866155902,True,True,True,0.1637859700358282,29.437284803949296,238,238
generic,238,C20,1.55,0.09,10,generic,2,0.9,0.0001,0.1,0.015,COMPLETED,,0,0.1,0.015,0.7614583333333332,5.668576388888889e-05,3.133706065484604e-08,5.083580652649695e-19,3.13370606553544e-08,True,True,True,0.13854167343763701,23.287887478014454,238,238
generic,238,C20,1.55,0.09,11,generic,3,0.1,0.002,0.1,0.03,COMPLETED,,0,0.1,0.03,0.2998046875000002,0.012096230468749997,0.007407567611248562,1.7048814630868284e-22,0.007407567611248562,True,True,True,0.20005960865864666,30.185311587993056,238,238
generic,239,C20,1.55,0.1,0,generic,5,0.9,0.002,0.015,0.008,COMPLETED,,1,0.02625,0.014,0.8475512695312502,0.00087362109375,0.031091806316992078,3.8245755508395763e-19,0.031091806316992078,True,True,True,0.052460824023494106,78.98975290707313,239,239
generic,239,C20,1.55,0.1,1,generic,0,0.1,0.0001,0.015,0.015,COMPLETED,,0,0.015,0.015,0.129970703125,7.234738498263887e-05,0.020171188513060913,1.8225842354226257e-26,0.020171188513060913,True,True,True,0.029970715881907157,34.02926914789714,239,239
generic,239,C20,1.55,0.1,2,generic,1,0.5,0.0001,0.015,0.03,COMPLETED,,0,0.015,0.03,0.47002929687500006,0.045070703124999986,0.012108913163432803,7.541471303905678e-21,0.012108913163432803,True,True,True,0.0540426422870289,30.11226580501534,239,239
generic,239,C20,1.55,0.1,3,generic,2,0.9,0.0001,0.03,0.008,COMPLETED,,0,0.03,0.008,0.8400585937499998,0.0007389934895833334,0.023440941013653124,3.934406498692978e-19,0.023440941013653124,True,True,True,0.059944812085011116,39.84946309297811,239,239
generic,239,C20,1.55,0.1,4,generic,3,0.1,0.002,0.03,0.015,COMPLETED,,0,0.03,0.015,0.15951171875,1.2729600694444469e-05,0.00677071296680658,1.139115147139141e-27,0.00677071296680658,True,True,True,0.059544889891736785,33.8940026559867,239,239
generic,239,C20,1.55,0.1,5,generic,4,0.5,0.002,0.03,0.03,COMPLETED,,0,0.03,0.03,0.44005859375000006,0.04791884765624998,0.010173948851730664,7.781532039841282e-21,0.010173948851730664,True,True,True,0.0755083621415895,29.513012371957302,239,239
generic,239,C20,1.55,0.1,6,generic,5,0.9,0.002,0.06,0.008,COMPLETED,,0,0.06,0.008,0.7801171875000003,6.8186848958333334e-06,0.000629967726178965,4.4687362110708605e-17,0.0006299677261790097,True,True,True,0.11989938075179947,39.9627454810543,239,239
generic,239,C20,1.55,0.1,7,generic,0,0.1,0.0001,0.06,0.015,COMPLETED,,0,0.06,0.015,0.21988281249999997,0.0011975478515624995,0.015192562120578451,1.3325517297083854e-25,0.015192562120578451,True,True,True,0.11988783651478835,32.82555313501507,239,239
generic,239,C20,1.55,0.1,8,generic,1,0.5,0.0001,0.06,0.03,COMPLETED,,0,0.06,0.03,0.3801171874999999,0.045070703124999986,0.003700416237635643,6.844591011464723e-21,0.003700416237635643,True,True,True,0.12804004401931088,28.7696075940039,239,239
generic,239,C20,1.55,0.1,9,generic,2,0.9,0.0001,0.1,0.008,COMPLETED,,0,0.1,0.008,0.7614583333333332,3.136747685185185e-05,3.1181717970331735e-08,4.598681222286682e-19,3.11817179707916e-08,True,True,True,0.13854168366668945,23.68962575693149,239,239
generic,239,C20,1.55,0.1,10,generic,3,0.1,0.002,0.1,0.015,COMPLETED,,0,0.1,0.015,0.2998046875000002,0.0064785546875000015,0.009790436934779002,5.623335719414e-23,0.009790436934779002,True,True,True,0.19985487384365103,31.279731280053966,239,239
generic,239,C20,1.55,0.1,11,generic,4,0.5,0.002,0.1,0.03,COMPLETED,,0,0.1,0.03,0.3555338541666667,0.04791884765624998,2.0212637459337936e-05,5.432236838573818e-21,2.0212637459337942e-05,True,True,True,0.15158828405261343,28.25512069207616,239,239
generic,240,C20,1.55,0.115,0,generic,0,0.1,0.0001,0.015,0.008,COMPLETED,,0,0.015,0.008,0.129560546875,2.4914388020833338e-05,0.024536153439279246,1.2924697071141057e-26,0.024536153439279246,True,True,True,0.02956064223588854,34.770765377092175,240,240
generic,240,C20,1.55,0.115,1,generic,1,0.5,0.0001,0.015,0.015,COMPLETED,,0,0.015,0.015,0.47002929687500006,0.022585351562499995,0.013757640471238328,8.501663602777982e-21,0.013757640471238328,True,True,True,0.03746777389565735,32.3860402579885,240,240
generic,240,C20,1.55,0.115,2,generic,2,0.9,0.0001,0.015,0.03,COMPLETED,,1,0.02625,0.0525,0.8475512695312502,0.0007543203124999999,0.03582621401818344,3.2728993784746587e-19,0.03582621401818344,True,True,True,0.052452811772629705,81.07747726794332,240,240
generic,240,C20,1.55,0.115,3,generic,3,0.1,0.002,0.03,0.008,COMPLETED,,0,0.03,0.008,0.15794921875,3.9403320312499996e-05,0.024150704806977594,1.4586038137536508e-27,0.024150704806977594,True,True,True,0.057982375710863676,35.07622005499434,240,240
generic,240,C20,1.55,0.115,4,generic,4,0.5,0.002,0.03,0.015,COMPLETED,,0,0.03,0.015,0.44005859375000006,0.025433496093749994,0.01153833445535116,8.92562737552675e-21,0.01153833445535116,True,True,True,0.064359155699895,31.224549578037113,240,240
generic,240,C20,1.55,0.115,5,generic,5,0.9,0.002,0.03,0.03,COMPLETED,,0,0.03,0.03,0.8400585937499998,0.0006536833767361114,0.027005840426160187,3.3456042436270963e-19,0.027005840426160187,True,True,True,0.05995652384584718,40.51832654105965,240,240
generic,240,C20,1.55,0.115,6,generic,0,0.1,0.0001,0.06,0.008,COMPLETED,,0,0.06,0.008,0.21988281249999997,0.0006965670572916666,0.020057520251495695,1.944463245279272e-26,0.020057520251495695,True,True,True,0.11988429682474679,33.72785454697441,240,240
generic,240,C20,1.55,0.115,7,generic,1,0.5,0.0001,0.06,0.015,COMPLETED,,0,0.06,0.015,0.3801171874999999,0.022585351562499995,0.005486372056568487,7.631363669340983e-21,0.005486372056568487,True,True,True,0.12197327480968691,30.16516445891466,240,240
generic,240,C20,1.55,0.115,8,generic,2,0.9,0.0001,0.06,0.03,COMPLETED,,0,0.06,0.03,0.7801171875000003,2.1041006582754633e-05,0.0007584674146361545,2.1709810467849093e-18,0.0007584674146361567,True,True,True,0.11988283850256776,40.297898959950544,240,240
generic,240,C20,1.55,0.115,9,generic,3,0.1,0.002,0.1,0.008,COMPLETED,,0,0.1,0.008,0.2998046875000002,0.0038569726562500007,0.013401311617996662,2.428137847641793e-23,0.013401311617996662,True,True,True,0.19981331660932614,32.45828173391055,240,240
generic,240,C20,1.55,0.115,10,generic,4,0.5,0.002,0.1,0.015,COMPLETED,,0,0.1,0.015,0.36555989583333337,0.025433496093749994,0.004101509937988363,5.8766893019722996e-21,0.004101509937988363,True,True,True,0.1364671035360536,29.557457901071757,240,240
generic,240,C20,1.55,0.115,11,generic,5,0.9,0.002,0.1,0.03,COMPLETED,,0,0.1,0.03,0.7614583333333332,1e-06,4.279141899272157e-08,3.680725249528498e-19,4.279141899308965e-08,True,True,True,0.13855608757386956,23.57003272708971,240,240
generic,241,C20,1.6,0.05,0,generic,1,0.5,0.0001,0.015,0.008,COMPLETED,,0,0.015,0.008,0.47002929687500006,0.0120921875,0.007249474322916895,8.97840134651525e-21,0.007249474322916895,True,True,True,0.03228088609133953,28.51784951798618,241,241
generic,241,C20,1.6,0.05,1,generic,2,0.9,0.0001,0.015,0.015,COMPLETED,,0,0.015,0.015,0.8700292968749999,0.0076146484375000005,0.03412079876303754,1.7857326891435568e-19,0.03412079876303754,True,True,True,0.03089843016960758,33.88867083599325,241,241
generic,241,C20,1.6,0.05,2,generic,3,0.1,0.002,0.015,0.03,COMPLETED,,0,0.015,0.03,0.129970703125,0.00018059743923611114,0.005839180724417751,2.3003183996244704e-27,0.005839180724417751,True,True,True,0.030025876698024968,30.43151047406718,241,241
generic,241,C20,1.6,0.05,3,generic,4,0.5,0.002,0.03,0.008,COMPLETED,,0,0.03,0.008,0.44005859375000006,0.014940332031249998,0.006589390484955323,6.082033672852678e-21,0.006589390484955323,True,True,True,0.06132229917661704,28.102404110017233,241,241
generic,241,C20,1.6,0.05,4,generic,5,0.9,0.002,0.03,0.015,COMPLETED,,0,0.03,0.015,0.8400585937499998,0.001004938151041667,0.011640797803270495,6.330331135973298e-19,0.011640797803270495,True,True,True,0.0599496649808055,35.55487773497589,241,241
generic,241,C20,1.6,0.05,5,generic,0,0.1,0.0001,0.03,0.03,COMPLETED,,0,0.03,0.03,0.15994140624999997,0.0001349884440104167,0.0054857099934932495,2.279808016088724e-28,0.0054857099934932495,True,True,True,0.059941416461564784,30.7640254519647,241,241
generic,241,C20,1.6,0.05,6,generic,1,0.5,0.0001,0.06,0.008,COMPLETED,,0,0.06,0.008,0.3801171874999999,0.0120921875,0.004283868027272483,8.929795203790349e-22,0.004283868027272483,True,True,True,0.12048112422261563,27.21458457200788,241,241
generic,241,C20,1.6,0.05,7,generic,2,0.9,0.0001,0.06,0.015,COMPLETED,,0,0.06,0.015,0.7801171875000003,9.700900607638887e-06,0.00032573692490687106,8.279153311586542e-14,0.0003257369249896626,True,True,True,0.1198828465079031,35.92269293800928,241,241
generic,241,C20,1.6,0.05,8,generic,3,0.1,0.002,0.06,0.03,COMPLETED,,0,0.06,0.03,0.21988281249999997,0.002510983723958334,0.004555578496139962,3.4675879924709494e-25,0.004555578496139962,True,True,True,0.11988390149338775,29.698164887027815,241,241
generic,241,C20,1.6,0.05,9,generic,4,0.5,0.002,0.1,0.008,COMPLETED,,0,0.1,0.008,0.3340494791666667,0.014940332031249998,0.0016332650535937946,1.1994910977253834e-22,0.0016332650535937946,True,True,True,0.16645428068371682,27.41540651000105,241,241
generic,241,C20,1.6,0.05,10,generic,5,0.9,0.002,0.1,0.015,COMPLETED,,0,0.1,0.015,0.7614583333333332,6.355787037037038e-05,1.8063846027445442e-08,7.308816028116828e-19,1.8063846028176322e-08,True,True,True,0.1385551991478458,21.211842212011106,241,241
generic,241,C20,1.6,0.05,11,generic,0,0.1,0.0001,0.1,0.03,COMPLETED,,0,0.1,0.03,0.2998046875000002,0.011384658203125,0.002459800860187967,3.5422537560362087e-23,0.002459800860187967,True,True,True,0.20012310375799716,28.292880966095254,241,241
generic,242,C20,1.6,0.06,0,generic,2,0.9,0.0001,0.015,0.008,COMPLETED,,0,0.015,0.008,0.8700292968749999,0.0041078124999999995,0.04095191658129674,2.977171697248849e-19,0.04095191658129674,True,True,True,0.030237486781180257,36.016299708979204,242,242
generic,242,C20,1.6,0.06,1,generic,3,0.1,0.002,0.015,0.015,COMPLETED,,0,0.015,0.015,0.128095703125,0.0001554397424768519,0.008223493680354604,9.941619558047801e-26,0.008223493680354604,True,True,True,0.028156188247555235,31.68288143503014,242,242
generic,242,C20,1.6,0.06,2,generic,4,0.5,0.002,0.015,0.03,COMPLETED,,0,0.015,0.03,0.47002929687500006,0.04791884765624998,0.007545678830581324,7.315043762319437e-21,0.007545678830581324,True,True,True,0.05483414644074234,27.612907754955813,242,242
generic,242,C20,1.6,0.06,3,generic,5,0.9,0.002,0.03,0.008,COMPLETED,,0,0.03,0.008,0.8400585937499998,0.0009607285156249997,0.013975600741919284,5.772491407681697e-19,0.013975600741919284,True,True,True,0.05995041508151382,36.891143374028616,242,242
generic,242,C20,1.6,0.06,4,generic,0,0.1,0.0001,0.03,0.015,COMPLETED,,0,0.03,0.015,0.15869140625000006,0.0001280331488715278,0.007681864972367562,1.5272347125078789e-27,0.007681864972367562,True,True,True,0.05869141294482508,31.82615283294581,242,242
generic,242,C20,1.6,0.06,5,generic,1,0.5,0.0001,0.03,0.03,COMPLETED,,0,0.03,0.03,0.44005859375000006,0.045070703124999986,0.006492721587133392,6.034195541439273e-21,0.006492721587133392,True,True,True,0.07493554779131474,27.525489405030385,242,242
generic,242,C20,1.6,0.06,6,generic,2,0.9,0.0001,0.06,0.008,COMPLETED,,0,0.06,0.008,0.7801171875000003,3.421442780671296e-05,0.000394880967527352,7.229212384541199e-18,0.0003948809675273592,True,True,True,0.11988283054988154,37.17116825201083,242,242
generic,242,C20,1.6,0.06,7,generic,3,0.1,0.002,0.06,0.015,COMPLETED,,0,0.06,0.015,0.21988281249999997,0.0013452122395833331,0.0063715360247390985,7.434935145617514e-26,0.0063715360247390985,True,True,True,0.11988460067882505,30.811652777018026,242,242
generic,242,C20,1.6,0.06,8,generic,4,0.5,0.002,0.06,0.03,COMPLETED,,0,0.06,0.03,0.3801171874999999,0.04791884765624998,0.002580270248487692,3.0209473243735545e-21,0.002580270248487692,True,True,True,0.12837612434946022,26.834987908019684,242,242
generic,242,C20,1.6,0.06,9,generic,5,0.9,0.002,0.1,0.008,COMPLETED,,0,0.1,0.008,0.7614583333333332,3.823958333333333e-05,1.9166697540848237e-08,6.734317885088392e-19,1.9166697541521668e-08,True,True,True,0.1385555553080071,22.105290440958925,242,242
generic,242,C20,1.6,0.06,10,generic,0,0.1,0.0001,0.1,0.015,COMPLETED,,0,0.1,0.015,0.2998046875000002,0.005766982421874999,0.003872150130462577,1.1325298151884466e-23,0.003872150130462577,True,True,True,0.19988503655036957,29.572997629991733,242,242
generic,242,C20,1.6,0.06,11,generic,1,0.5,0.0001,0.1,0.03,COMPLETED,,0,0.1,0.03,0.3477213541666667,0.04378164062499998,3.341666158770211e-07,1.5707894025699981e-21,3.3416661587702266e-07,True,True,True,0.15841992205693511,26.75889111403376,242,242
generic,243,C20,1.6,0.07,0,generic,3,0.1,0.002,0.015,0.008,COMPLETED,,0,0.015,0.008,0.129970703125,0.000164388671875,0.010969070731952189,2.3337661020058413e-26,0.010969070731952189,True,True,True,0.030026863218705103,32.28671910299454,243,243
generic,243,C20,1.6,0.07,1,generic,4,0.5,0.002,0.015,0.015,COMPLETED,,0,0.015,0.015,0.47002929687500006,0.025433496093749994,0.008900161880985007,9.352002956386877e-21,0.008900161880985007,True,True,True,0.03804433972331071,29.097757552051917,243,243
generic,243,C20,1.6,0.07,2,generic,5,0.9,0.002,0.015,0.03,COMPLETED,,0,0.015,0.03,0.8700292968749999,0.016081152343750002,0.04809138673715956,4.74356794476126e-20,0.04809138673715956,True,True,True,0.033113772016108205,35.00939515698701,243,243
generic,243,C20,1.6,0.07,3,generic,0,0.1,0.0001,0.03,0.008,COMPLETED,,0,0.03,0.008,0.15994140624999997,0.0001387924262152778,0.010218954658033765,3.5789830408972085e-26,0.010218954658033765,True,True,True,0.05994141880269324,32.40821272798348,243,243
generic,243,C20,1.6,0.07,4,generic,1,0.5,0.0001,0.03,0.015,COMPLETED,,0,0.03,0.015,0.44005859375000006,0.022585351562499995,0.007861536850046614,7.805054452085344e-21,0.007861536850046614,True,True,True,0.06402002200965533,28.945814972976223,243,243
generic,243,C20,1.6,0.07,5,generic,2,0.9,0.0001,0.03,0.03,COMPLETED,,0,0.03,0.03,0.8558398437500001,1e-06,0.011674676853059882,6.279208632144572e-11,0.011674676915851967,True,True,True,0.04416026722093523,40.82279552298132,243,243
generic,243,C20,1.6,0.07,6,generic,3,0.1,0.002,0.06,0.008,COMPLETED,,0,0.06,0.008,0.21988281249999997,0.0005657382812499998,0.008499287148601249,2.3863042382935607e-27,0.008499287148601249,True,True,True,0.11989139184940685,31.803363882005215,243,243
generic,243,C20,1.6,0.07,7,generic,4,0.5,0.002,0.06,0.015,COMPLETED,,0,0.06,0.015,0.3801171874999999,0.025433496093749994,0.003402664196932695,2.501510545121094e-21,0.003402664196932695,True,True,True,0.12215161673955026,28.051889334921725,243,243
generic,243,C20,1.6,0.07,8,generic,5,0.9,0.002,0.06,0.03,COMPLETED,,0,0.06,0.03,0.7801171875000003,2.1076949508101853e-05,0.00045944394685262563,4.452946351233429e-16,0.0004594439468530709,True,True,True,0.11989914457305302,38.52732902998105,243,243
generic,243,C20,1.6,0.07,9,generic,0,0.1,0.0001,0.1,0.008,COMPLETED,,0,0.1,0.008,0.2998046875000002,0.003145400390625,0.005461818299624526,3.538770067392662e-24,0.005461818299624526,True,True,True,0.19982789497593162,30.723707795958035,243,243
generic,243,C20,1.6,0.07,10,generic,1,0.5,0.0001,0.1,0.015,COMPLETED,,0,0.1,0.015,0.35319010416666674,0.022585351562499995,0.0022453533175180265,8.361596238026186e-22,0.0022453533175180265,True,True,True,0.14852183862814042,28.10487496003043,243,243
generic,243,C20,1.6,0.07,11,generic,2,0.9,0.0001,0.1,0.03,COMPLETED,,0,0.1,0.03,0.7614583333333332,1e-06,3.105978579083527e-08,8.3042141724736565e-19,3.1059785791665695e-08,True,True,True,0.13854170203869234,22.587362363934517,243,243
generic,244,C20,1.6,0.08,0,generic,4,0.5,0.002,0.015,0.008,COMPLETED,,0,0.015,0.008,0.47002929687500006,0.014940332031249998,0.010136233704248663,1.1522810684876539e-20,0.010136233704248663,True,True,True,0.032644987959652795,30.28068089100998,244,244
generic,244,C20,1.6,0.08,1,generic,5,0.9,0.002,0.015,0.015,COMPLETED,,1,0.02625,0.02625,0.8475512695312502,0.0010556780598958335,0.024750032290515957,4.564725915933141e-19,0.024750032290515957,True,True,True,0.052457230881072375,75.36376380489673,244,244
generic,244,C20,1.6,0.08,2,generic,0,0.1,0.0001,0.015,0.03,COMPLETED,,0,0.015,0.03,0.12950195312499999,6.112301974826391e-05,0.014013984636389063,1.0984099244297368e-26,0.014013984636389063,True,True,True,0.02950197874057416,33.13663649803493,244,244
generic,244,C20,1.6,0.08,3,generic,1,0.5,0.0001,0.03,0.008,COMPLETED,,0,0.03,0.008,0.44005859375000006,0.0120921875,0.009085661015421785,1.0131168851801726e-20,0.009085661015421785,True,True,True,0.061129246226848635,30.176173485000618,244,244
generic,244,C20,1.6,0.08,4,generic,2,0.9,0.0001,0.03,0.015,COMPLETED,,0,0.03,0.015,0.8400585937499998,0.0008705332031249997,0.018658548156211572,4.745557427193995e-19,0.018658548156211572,True,True,True,0.05994635856033862,38.92945412104018,244,244
generic,244,C20,1.6,0.08,5,generic,3,0.1,0.002,0.03,0.03,COMPLETED,,0,0.03,0.03,0.15947265625,2.8377658420138895e-05,0.011675901870281917,5.879301440521679e-26,0.011675901870281917,True,True,True,0.059505328636085035,33.274171706987545,244,244
generic,244,C20,1.6,0.08,6,generic,4,0.5,0.002,0.06,0.008,COMPLETED,,0,0.06,0.008,0.3801171874999999,0.014940332031249998,0.004938555239617782,2.2449369845978374e-21,0.004938555239617782,True,True,True,0.12057918943992439,28.989774121902883,244,244
generic,244,C20,1.6,0.08,7,generic,5,0.9,0.002,0.06,0.015,COMPLETED,,0,0.06,0.015,0.7801171875000003,1.0774667245370368e-05,0.0005234224284737633,3.285181681548855e-14,0.0005234224285066151,True,True,True,0.11989931505365063,39.28273061197251,244,244
generic,244,C20,1.6,0.08,8,generic,0,0.1,0.0001,0.06,0.03,COMPLETED,,0,0.06,0.03,0.21988281249999997,0.00042564029947916686,0.0109409974436159,1.262177448353619e-29,0.0109409974436159,True,True,True,0.11988325477110968,32.52429909398779,244,244
generic,244,C20,1.6,0.08,9,generic,1,0.5,0.0001,0.1,0.008,COMPLETED,,0,0.1,0.008,0.3546223958333333,0.0120921875,0.004325937030380725,3.746919189834204e-22,0.004325937030380725,True,True,True,0.1458713829175386,29.224710094975308,244,244
generic,244,C20,1.6,0.08,10,generic,2,0.9,0.0001,0.1,0.015,COMPLETED,,0,0.1,0.015,0.7614583333333332,5.668576388888889e-05,2.7687167293711383e-08,5.625027576215562e-19,2.7687167294273886e-08,True,True,True,0.13854167343763701,23.296685329987668,244,244
generic,244,C20,1.6,0.08,11,generic,3,0.1,0.002,0.1,0.03,COMPLETED,,0,0.1,0.03,0.2998046875000002,0.012096230468749997,0.0068167463716499125,1.0189181859476522e-22,0.0068167463716499125,True,True,True,0.20005960865864666,30.147071636049077,244,244
generic,245,C20,1.6,0.095,0,generic,5,0.9,0.002,0.015,0.008,COMPLETED,,1,0.02625,0.014,0.87995361328125,1e-06,0.03608699987759895,7.166416637044168e-06,0.036094166294236,True,True,True,0.020145809030110397,80.64541800506413,245,245
generic,245,C20,1.6,0.095,1,generic,0,0.1,0.0001,0.015,0.015,COMPLETED,,0,0.015,0.015,0.12915039062500003,1.4051350911458336e-05,0.00924756105563767,7.629941561388148e-26,0.00924756105563767,True,True,True,0.029150517332636985,34.24440705799498,245,245
generic,245,C20,1.6,0.095,2,generic,1,0.5,0.0001,0.015,0.03,COMPLETED,,0,0.015,0.03,0.47002929687500006,0.045070703124999986,0.010326598040936044,8.087855615067838e-21,0.010326598040936044,True,True,True,0.0540426422870289,29.638513584039174,245,245
generic,245,C20,1.6,0.095,3,generic,2,0.9,0.0001,0.03,0.008,COMPLETED,,0,0.03,0.008,0.8400585937499998,0.0007895724826388888,0.022185806864509418,4.073090797030665e-19,0.022185806864509418,True,True,True,0.05994537257734226,39.5165527529316,245,245
generic,245,C20,1.6,0.095,4,generic,3,0.1,0.002,0.03,0.015,COMPLETED,,0,0.03,0.015,0.15966796874999997,2.6805121527777802e-05,0.016450506835854167,2.8477878678478526e-28,0.016450506835854167,True,True,True,0.059700586201304605,33.95360585791059,245,245
generic,245,C20,1.6,0.095,5,generic,4,0.5,0.002,0.03,0.03,COMPLETED,,0,0.03,0.03,0.44005859375000006,0.04791884765624998,0.008124582085619494,7.876307621518418e-21,0.008124582085619494,True,True,True,0.0755083621415895,29.10663307493087,245,245
generic,245,C20,1.6,0.095,6,generic,5,0.9,0.002,0.06,0.008,COMPLETED,,0,0.06,0.008,0.7801171875000003,9.728027343749998e-06,0.0006127398857460957,5.0443764382818807e-14,0.0006127398857965395,True,True,True,0.11989933242280894,42.58544521499425,245,245
generic,245,C20,1.6,0.095,7,generic,0,0.1,0.0001,0.06,0.015,COMPLETED,,0,0.06,0.015,0.21988281249999997,0.0003079677734374999,0.015197788909824903,1.33317492982351e-26,0.015197788909824903,True,True,True,0.11988299288683502,33.64803959999699,245,245
generic,245,C20,1.6,0.095,8,generic,1,0.5,0.0001,0.06,0.03,COMPLETED,,0,0.06,0.03,0.3801171874999999,0.04333242187499999,0.0009786752874420962,5.2410972698658664e-21,0.0009786752874420962,True,True,True,0.1274399114645336,28.517485604970716,245,245
generic,245,C20,1.6,0.095,9,generic,2,0.9,0.0001,0.1,0.008,COMPLETED,,0,0.1,0.008,0.7614583333333332,3.136747685185185e-05,2.9441396069041863e-08,4.868269769011207e-19,2.944139606952869e-08,True,True,True,0.13854168366668945,23.736948607955128,245,245
generic,245,C20,1.6,0.095,10,generic,3,0.1,0.002,0.1,0.015,COMPLETED,,0,0.1,0.015,0.2998046875000002,0.0064785546875000015,0.010085063006162678,3.9275125173321625e-23,0.010085063006162678,True,True,True,0.19985487384365103,31.524440679932013,245,245
generic,245,C20,1.6,0.095,11,generic,4,0.5,0.002,0.1,0.03,COMPLETED,,0,0.1,0.03,0.3735026041666667,0.043121386718749995,8.768237232878673e-06,4.798076157503446e-21,8.768237232878678e-06,True,True,True,0.13301338127529877,28.392035131924786,245,245
generic,246,C20,1.6,0.105,0,generic,0,0.1,0.0001,0.015,0.008,COMPLETED,,0,0.015,0.008,0.129482421875,3.041849320023148e-05,0.022804780065996084,1.0110356905674576e-25,0.022804780065996084,True,True,True,0.02948250398459342,34.81579525396228,246,246
generic,246,C20,1.6,0.105,1,generic,1,0.5,0.0001,0.015,0.015,COMPLETED,,0,0.015,0.015,0.47002929687500006,0.022585351562499995,0.01150971638122925,9.771461957869041e-21,0.01150971638122925,True,True,True,0.03746777389565735,31.097827930003405,246,246
generic,246,C20,1.6,0.105,2,generic,2,0.9,0.0001,0.015,0.03,COMPLETED,,1,0.02625,0.0525,0.8475512695312502,0.0008691119791666666,0.03256975443046164,3.545130009034743e-19,0.03256975443046164,True,True,True,0.05245436932248894,79.87598617991898,246,246
generic,246,C20,1.6,0.105,3,generic,3,0.1,0.002,0.03,0.008,COMPLETED,,0,0.03,0.008,0.15869140625000006,9.293522135416666e-05,0.022257957742080094,1.1171059278834748e-26,0.022257957742080094,True,True,True,0.05872238128407683,34.72834619996138,246,246
generic,246,C20,1.6,0.105,4,generic,4,0.5,0.002,0.03,0.015,COMPLETED,,0,0.03,0.015,0.44005859375000006,0.025433496093749994,0.009109748970559335,9.200762423731047e-21,0.009109748970559335,True,True,True,0.064359155699895,30.603668530937284,246,246
generic,246,C20,1.6,0.105,5,generic,5,0.9,0.002,0.03,0.03,COMPLETED,,0,0.03,0.03,0.8400585937499998,0.0007325310329861113,0.02454610522158299,3.666438093756443e-19,0.02454610522158299,True,True,True,0.05995480515196349,43.98489303397946,246,246
generic,246,C20,1.6,0.105,6,generic,0,0.1,0.0001,0.06,0.008,COMPLETED,,0,0.06,0.008,0.21988281249999997,0.00021395193142361116,0.018433545517715904,1.3520760371126054e-25,0.018433545517715904,True,True,True,0.11988286665722013,34.32787949789781,246,246
generic,246,C20,1.6,0.105,7,generic,1,0.5,0.0001,0.06,0.015,COMPLETED,,0,0.06,0.015,0.3801171874999999,0.022585351562499995,0.0036842345761143153,4.278222601735513e-21,0.0036842345761143153,True,True,True,0.12197327480968691,29.57774816697929,246,246
generic,246,C20,1.6,0.105,8,generic,2,0.9,0.0001,0.06,0.03,COMPLETED,,0,0.06,0.03,0.7801171875000003,2.104100658275464e-05,0.0006879144900702887,2.7667567203916795e-17,0.0006879144900703163,True,True,True,0.11988283850256776,40.00699969101697,246,246
generic,246,C20,1.6,0.105,9,generic,3,0.1,0.002,0.1,0.008,COMPLETED,,0,0.1,0.008,0.2998046875000002,0.0038569726562500007,0.012546709399211745,1.37569263934875e-23,0.012546709399211745,True,True,True,0.19981331660932614,32.34964312298689,246,246
generic,246,C20,1.6,0.105,10,generic,4,0.5,0.002,0.1,0.015,COMPLETED,,0,0.1,0.015,0.37962239583333335,0.025433496093749994,0.0030623796649034934,4.504688821960797e-21,0.0030623796649034934,True,True,True,0.12263725504137181,29.319152974057943,246,246
generic,246,C20,1.6,0.105,11,generic,5,0.9,0.002,0.1,0.03,COMPLETED,,0,0.1,0.03,0.7614583333333332,1e-06,3.346258650885431e-08,4.239839180167109e-19,3.3462586509278295e-08,True,True,True,0.13855608757386956,23.363741918001324,246,246
generic,247,C20,1.6,0.115,0,generic,1,0.5,0.0001,0.015,0.008,COMPLETED,,0,0.015,0.008,0.47002929687500006,0.0120921875,0.012567360486709747,1.1239692721665396e-20,0.012567360486709747,True,True,True,0.03228088609133953,32.25988243892789,247,247
generic,247,C20,1.6,0.115,1,generic,2,0.9,0.0001,0.015,0.015,COMPLETED,,1,0.02625,0.02625,0.8475512695312502,0.0007780304361979167,0.03571656555381555,3.207046256774586e-19,0.03571656555381555,True,True,True,0.05245311290148547,81.71833351999521,247,247
generic,247,C20,1.6,0.115,2,generic,3,0.1,0.002,0.015,0.03,COMPLETED,,0,0.015,0.03,0.129970703125,8.495815248842595e-05,0.028699898244464696,4.390137155299766e-25,0.028699898244464696,True,True,True,0.03003182363901009,34.58278448297642,247,247
generic,247,C20,1.6,0.115,3,generic,4,0.5,0.002,0.03,0.008,COMPLETED,,0,0.03,0.008,0.44005859375000006,0.014940332031249998,0.01004035510325741,1.0660898987912655e-20,0.01004035510325741,True,True,True,0.06132229917661704,31.496520859072916,247,247
generic,247,C20,1.6,0.115,4,generic,5,0.9,0.002,0.03,0.015,COMPLETED,,0,0.03,0.015,0.8400585937499998,0.0006738098958333333,0.026914461588721343,3.290432623065872e-19,0.026914461588721343,True,True,True,0.05995607528366041,40.59085652092472,247,247
generic,247,C20,1.6,0.115,5,generic,0,0.1,0.0001,0.03,0.03,COMPLETED,,0,0.03,0.03,0.15900390625,6.112301974826391e-05,0.026460627792047248,3.499039876762111e-25,0.026460627792047248,True,True,True,0.059003919057791246,34.822376463911496,247,247
generic,247,C20,1.6,0.115,6,generic,1,0.5,0.0001,0.06,0.008,COMPLETED,,0,0.06,0.008,0.39027343749999993,0.0120921875,0.006541238296663476,5.9691039215677214e-21,0.006541238296663476,True,True,True,0.11037993965889625,30.364144269027747,247,247
generic,247,C20,1.6,0.115,7,generic,2,0.9,0.0001,0.06,0.015,COMPLETED,,0,0.06,0.015,0.7801171875000003,1.666162109375e-05,0.0007521979527847903,4.90773936558229e-17,0.0007521979527848394,True,True,True,0.11988284146697349,40.7232711649267,247,247
generic,247,C20,1.6,0.115,8,generic,3,0.1,0.002,0.06,0.03,COMPLETED,,0,0.06,0.03,0.21988281249999997,9.225886140046299e-05,0.021969620688743457,1.8863320851735356e-25,0.021969620688743457,True,True,True,0.11989799084706154,34.59486114094034,247,247
generic,247,C20,1.6,0.115,9,generic,4,0.5,0.002,0.1,0.008,COMPLETED,,0,0.1,0.008,0.38834635416666663,0.014940332031249998,0.0057375924273498045,5.7371316660053e-21,0.0057375924273498045,True,True,True,0.11240101788219908,30.037313325097784,247,247
generic,247,C20,1.6,0.115,10,generic,5,0.9,0.002,0.1,0.015,COMPLETED,,0,0.1,0.015,0.7614583333333332,6.355787037037038e-05,4.111909723311817e-08,3.9307638522341126e-19,4.111909723351125e-08,True,True,True,0.1385551991478458,23.914701879955828,247,247
generic,247,C20,1.6,0.115,11,generic,0,0.1,0.0001,0.1,0.03,COMPLETED,,0,0.1,0.03,0.2998046875000002,0.011384658203125,0.014739676548615629,1.8048812185219437e-22,0.014739676548615629,True,True,True,0.20012310375799716,31.692913178005256,247,247
generic,248,C21,1.45,0.125,0,generic,2,0.9,0.0001,0.015,0.008,COMPLETED,,1,0.02625,0.014,0.8475512695312502,0.0006312936197916666,0.039232360387041434,3.0240431199258096e-19,0.039232360387041434,True,True,True,0.052451421341027565,82.8261747979559,248,248
generic,248,C21,1.45,0.125,1,generic,3,0.1,0.002,0.015,0.015,COMPLETED,,0,0.015,0.015,0.129912109375,3.195311294367285e-05,0.026120375144298984,4.9699025889828965e-26,0.026120375144298984,True,True,True,0.029976782612742392,34.59511527197901,248,248
generic,248,C21,1.45,0.125,2,generic,4,0.5,0.002,0.015,0.03,COMPLETED,,0,0.015,0.03,0.47002929687500006,0.04791884765624998,0.01729236243057058,2.584457139380639e-21,0.01729236243057058,True,True,True,0.05483414644074234,31.463289837003686,248,248
generic,248,C21,1.45,0.125,3,generic,5,0.9,0.002,0.03,0.008,COMPLETED,,0,0.03,0.008,0.8400585937499998,0.0005556835937499999,0.02958877118692755,3.0625155169658295e-19,0.02958877118692755,True,True,True,0.05995880446697489,44.433232974028215,248,248
generic,248,C21,1.45,0.125,4,generic,0,0.1,0.0001,0.03,0.015,COMPLETED,,0,0.03,0.015,0.15947265625,1.4051350911458336e-05,0.016997354421807886,1.8709335203036215e-25,0.016997354421807886,True,True,True,0.059472718355569935,42.205505530000664,248,248
generic,248,C21,1.45,0.125,5,generic,1,0.5,0.0001,0.03,0.03,COMPLETED,,0,0.03,0.03,0.44005859375000006,0.045070703124999986,0.015613658851995194,3.948692564890351e-21,0.015613658851995194,True,True,True,0.07493554779131474,34.46027033391874,248,248
generic,248,C21,1.45,0.125,6,generic,2,0.9,0.0001,0.06,0.008,COMPLETED,,0,0.06,0.008,0.8030078125000001,1e-06,0.002654609910289341,5.177490345275199e-08,0.0026546616851927936,True,True,True,0.09699223802467466,42.544184003956616,248,248
generic,248,C21,1.45,0.125,7,generic,3,0.1,0.002,0.06,0.015,COMPLETED,,0,0.06,0.015,0.21988281249999997,0.0064785546875000015,0.01934639738193963,4.97827524308655e-23,0.01934639738193963,True,True,True,0.11996643774405855,32.020206515910104,248,248
generic,248,C21,1.45,0.125,8,generic,4,0.5,0.002,0.06,0.03,COMPLETED,,0,0.06,0.03,0.3801171874999999,0.04791884765624998,0.00925738393467787,6.542036389606817e-21,0.00925738393467787,True,True,True,0.12837612434946022,30.181560048949905,248,248
generic,248,C21,1.45,0.125,9,generic,5,0.9,0.002,0.1,0.008,COMPLETED,,0,0.1,0.008,0.7614583333333332,3.823958333333333e-05,4.050694090752576e-08,3.428982491884913e-19,4.0506940907868654e-08,True,True,True,0.1385555553080071,24.30765519104898,248,248
generic,248,C21,1.45,0.125,10,generic,0,0.1,0.0001,0.1,0.015,COMPLETED,,0,0.1,0.015,0.2998046875000002,0.022585351562499995,0.009549255005571454,3.1047042649539354e-21,0.009549255005571454,True,True,True,0.20106591999108642,29.537800422054715,248,248
generic,248,C21,1.45,0.125,11,generic,1,0.5,0.0001,0.1,0.03,COMPLETED,,0,0.1,0.03,0.3270182291666667,0.045070703124999986,0.0020592000702111856,6.996649808238294e-21,0.0020592000702111856,True,True,True,0.17873180237493477,29.065919509972446,248,248
generic,249,C21,1.45,0.13,0,generic,3,0.1,0.002,0.015,0.008,COMPLETED,,0,0.015,0.008,0.129970703125,4.871321614583333e-05,0.02898520160257515,2.699876448118913e-26,0.02898520160257515,True,True,True,0.030034156654045217,34.77038751996588,249,249
generic,249,C21,1.45,0.13,1,generic,4,0.5,0.002,0.015,0.015,COMPLETED,,0,0.015,0.015,0.47002929687500006,0.025433496093749994,0.018208689540016677,4.1214376895805254e-21,0.018208689540016677,True,True,True,0.03804433972331071,32.52408054494299,249,249
generic,249,C21,1.45,0.13,2,generic,5,0.9,0.002,0.015,0.03,COMPLETED,,1,0.02625,0.0525,0.8475512695312502,0.0005881424696180554,0.04083649492465547,2.8590534358185765e-19,0.04083649492465547,True,True,True,0.052467729791460076,82.62935497204307,249,249
generic,249,C21,1.45,0.13,3,generic,0,0.1,0.0001,0.03,0.008,COMPLETED,,0,0.03,0.008,0.15994140624999997,0.00013879242621527786,0.026616395684354435,2.8588634749571556e-25,0.026616395684354435,True,True,True,0.05994141880269324,34.623275903984904,249,249
generic,249,C21,1.45,0.13,4,generic,1,0.5,0.0001,0.03,0.015,COMPLETED,,0,0.03,0.015,0.44005859375000006,0.022585351562499995,0.01677622191204158,6.3488026744522636e-21,0.01677622191204158,True,True,True,0.06402002200965533,32.58711856591981,249,249
generic,249,C21,1.45,0.13,5,generic,2,0.9,0.0001,0.03,0.03,COMPLETED,,0,0.03,0.03,0.8400585937499998,0.0005245856119791669,0.030797212108396078,2.8884304630872066e-19,0.030797212108396078,True,True,True,0.05994290997415345,41.02722764702048,249,249
generic,249,C21,1.45,0.13,6,generic,3,0.1,0.002,0.06,0.008,COMPLETED,,0,0.06,0.008,0.21988281249999997,0.0038569726562500007,0.021114613021014826,1.6670531293240657e-23,0.021114613021014826,True,True,True,0.11989719379683667,32.59688048204407,249,249
generic,249,C21,1.45,0.13,7,generic,4,0.5,0.002,0.06,0.015,COMPLETED,,0,0.06,0.015,0.3801171874999999,0.025433496093749994,0.01093074418283075,8.521001574925501e-21,0.01093074418283075,True,True,True,0.12215161673955026,31.29350724304095,249,249
generic,249,C21,1.45,0.13,8,generic,5,0.9,0.002,0.06,0.03,COMPLETED,,0,0.06,0.03,0.7801171875000003,1.62098102334105e-05,0.0008688682943224318,8.918706049227594e-17,0.0008688682943225211,True,True,True,0.1198992250034466,40.67713495192584,249,249
generic,249,C21,1.45,0.13,9,generic,0,0.1,0.0001,0.1,0.008,COMPLETED,,0,0.1,0.008,0.2998046875000002,0.0120921875,0.013207578383090302,1.4143053012219723e-21,0.013207578383090302,True,True,True,0.20016424682746892,30.421231739106588,249,249
generic,249,C21,1.45,0.13,10,generic,1,0.5,0.0001,0.1,0.015,COMPLETED,,0,0.1,0.015,0.3335286458333334,0.022585351562499995,0.007310988709595372,7.947726190628628e-21,0.007310988709595372,True,True,True,0.16798304317094914,30.117913010064512,249,249
generic,249,C21,1.45,0.13,11,generic,2,0.9,0.0001,0.1,0.03,COMPLETED,,0,0.1,0.03,0.7614583333333332,3.3981770833333346e-05,4.145035549524912e-08,3.2273383874574165e-19,4.1450355495571854e-08,True,True,True,0.13854168239625356,23.894282961031422,249,249
generic,250,C21,1.45,0.135,0,generic,4,0.5,0.002,0.015,0.008,COMPLETED,,0,0.015,0.008,0.47002929687500006,0.014940332031249998,0.01905303251415329,5.332541571615205e-21,0.01905303251415329,True,True,True,0.032644987959652795,33.31346402398776,250,250
generic,250,C21,1.45,0.135,1,generic,5,0.9,0.002,0.015,0.015,COMPLETED,,1,0.02625,0.02625,0.8502856445312499,1e-06,0.022026672410326464,2.470574606292933e-06,0.02202914298493276,True,True,True,0.04975452884585731,87.31917025300208,250,250
generic,250,C21,1.45,0.135,2,generic,0,0.1,0.0001,0.015,0.03,COMPLETED,,0,0.015,0.03,0.129970703125,0.00012055891927083345,0.031631696337792746,1.4048350544537867e-25,0.031631696337792746,True,True,True,0.0299707101763713,34.18381662503816,250,250
generic,250,C21,1.45,0.135,3,generic,1,0.5,0.0001,0.03,0.008,COMPLETED,,0,0.03,0.008,0.44005859375000006,0.0120921875,0.01772196057224949,7.753664834166754e-21,0.01772196057224949,True,True,True,0.061129246226848635,33.33778754994273,250,250
generic,250,C21,1.45,0.135,4,generic,2,0.9,0.0001,0.03,0.015,COMPLETED,,0,0.03,0.015,0.8502539062499999,1.0195770263671876e-06,0.018491923190289975,5.003728568784313e-07,0.018492423563146853,True,True,True,0.04974619222119355,43.6517795920372,250,250
generic,250,C21,1.45,0.135,5,generic,3,0.1,0.002,0.03,0.03,COMPLETED,,0,0.03,0.03,0.15994140624999997,9.225886140046299e-05,0.02872360042877782,5.970888191617838e-27,0.02872360042877782,True,True,True,0.05997175718185553,34.44036441901699,250,250
generic,250,C21,1.45,0.135,6,generic,4,0.5,0.002,0.06,0.008,COMPLETED,,0,0.06,0.008,0.3801171874999999,0.014940332031249998,0.012233533061684065,9.90430840938311e-21,0.012233533061684065,True,True,True,0.12057918943992439,32.15213997999672,250,250
generic,250,C21,1.45,0.135,7,generic,5,0.9,0.002,0.06,0.015,COMPLETED,,0,0.06,0.015,0.7801171875000003,1e-06,0.0007202542331013884,7.466919569205508e-10,0.0007202549797933453,True,True,True,0.11989947762150635,42.075710471952334,250,250
generic,250,C21,1.45,0.135,8,generic,0,0.1,0.0001,0.06,0.03,COMPLETED,,0,0.06,0.03,0.21988281249999997,0.011384658203125,0.022483999278229274,1.8575230821300906e-22,0.022483999278229274,True,True,True,0.12041275781108704,31.786648974986747,250,250
generic,250,C21,1.45,0.135,9,generic,1,0.5,0.0001,0.1,0.008,COMPLETED,,0,0.1,0.008,0.34212239583333337,0.0120921875,0.010209208486718614,9.46727946789067e-21,0.010209208486718614,True,True,True,0.15833240495376122,30.913560468005016,250,250
generic,250,C21,1.45,0.135,10,generic,2,0.9,0.0001,0.1,0.015,COMPLETED,,0,0.1,0.015,0.7614583333333332,1e-06,3.458733226340615e-08,2.403934591512323e-19,3.458733226364654e-08,True,True,True,0.13854170203869234,24.41770454903599,250,250
generic,250,C21,1.45,0.135,11,generic,3,0.1,0.002,0.1,0.03,COMPLETED,,0,0.1,0.03,0.2998046875000002,0.04791884765624998,0.007419195471983719,6.064314317064927e-21,0.007419195471983719,True,True,True,0.2050133013173795,28.583231262047775,250,250
