chart_id,field_family,sample_region,Mach,eta,alpha,y,ci,compat_real,compat_imag,compat_abs,compat_scale,compat_rel,compat_term_1_abs,compat_term_2_abs,ode_real,ode_imag,ode_abs,ode_scale,ode_rel,ode_term_1_abs,ode_term_2_abs,ode_term_3_abs,p_abs,qraw_abs,qphysical_abs
VLOW_EXTREME_CI_ONLY,pQscaled,full,0.25885645747184755,0.08380488127470016,0.08094845901564421,125.59995889663696,0.8123518883819364,-0.00013579914494798832,-0.00019301094780385127,0.00023599710536518397,0.018556172148846393,0.012717984262710815,0.009344709265663349,0.009211462883183044,-0.0020536613270676074,-0.00026710300695754135,0.0020709584405822455,0.0026055335456616957,0.7948308491480707,0.00026817558113860306,0.0,0.0023373579645230924,0.029366310765478097,0.009211462883183044,0.0007456537256734704
VLOW_EXTREME_CI_ONLY,pQscaled,full,0.6653153181076049,0.09826703846454621,0.07336248334258309,-123.53248119354248,0.6049900407469172,-0.00012217963064795577,-0.0002740998869170756,0.00030009766769041135,0.029038988237605805,0.01033430177507973,0.014457316854254259,0.014581671383351548,-0.0024083349407142923,0.0015927069923756794,0.0028873504723582995,0.0029302491225111933,0.9853600672299327,0.00018688927370000795,0.0,0.0027433598488111853,0.041695223936200246,0.014581671383351548,0.0010697476239681484
VLOW_EXTREME_CI_ONLY,pQscaled,full,0.24975979030132295,0.05697377756237984,0.05516815472738009,-74.56302881240845,0.8551076534601644,-0.00021335621606666938,-4.3954596912710334e-05,0.00021783682315909347,0.034547846863028406,0.00630536612086849,0.017167492738016966,0.017380354125011436,-0.004876395424329949,0.000616955010391819,0.004915268641618039,0.007091329833003463,0.6931377833734285,0.0010906552768068843,0.0,0.0060006745561965785,0.10998000798791102,0.017380354125011436,0.0009588420655852897
VLOW_EXTREME_CI_ONLY,pQscaled,full,0.43062542676925664,0.10759804725646972,0.0971105455214045,64.76033687591553,0.711129337013157,0.00013825424914848134,-0.00016091878140514235,0.00021215346241936837,0.00966608044214556,0.021948240932730352,0.004762961372791882,0.004903119069353679,-0.005131621242333364,-0.0014716740399203711,0.005338479282955265,0.005344610611166845,0.9988528016991564,0.00013917225407419348,0.0,0.005205438357092651,0.0566718070866156,0.004903119069353679,0.00047614456758133687
VLOW_EXTREME_CI_ONLY,pQscaled,full,0.14493442177772523,0.08955375909805298,0.08860818452905313,44.24296855926514,0.8361800998223261,-0.0002235196654049726,0.00030898522794866944,0.000381356672831671,0.08654566637092741,0.004406421359068489,0.04338406364423703,0.043161602726690375,-0.0034363747001626387,-0.00018893938905476567,0.0034415649307624942,0.01247153468679768,0.27595360291990856,0.004515567101471097,0.0,0.007955967585326584,0.09030271425849618,0.043161602726690375,0.0038244712589762635
VLOW_EXTREME_CI_ONLY,pQscaled,full,0.4793290138244629,0.07502243936061859,0.06584234007911649,-40.29566049575806,0.7273029256707357,0.00036949271237406156,-8.212087166893818e-05,0.0003785085231024623,0.21877560964008916,0.0017301221270741816,0.10957392606916094,0.10920168357092822,-0.002550775458246858,0.0032801296606286127,0.004155202284959187,0.018067939167882102,0.2299765483130195,0.007416769708281375,0.0,0.010651169459600728,0.16986263179577515,0.10920168357092822,0.0071900943868891225
VLOW_EXTREME_CI_ONLY,pQscaled,full,0.3602898240089416,0.11631640017032623,0.10850463918439057,-212.79985278844833,0.7308146159557994,0.00031194680464099756,-0.00019193211581295609,0.00036626321956506456,0.0004634905822294358,0.7902279649418692,0.00017104871776144883,0.00029244186446798694,9.78889808253975e-06,-6.090128590228296e-05,6.168297293598907e-05,6.168730527045448e-05,0.9999297694287592,1.5057537429390089e-05,0.0,4.6629767841064396e-05,0.00044836183481032437,0.00029244186446798694,3.173129898650937e-05
VLOW_EXTREME_CI_ONLY,pQscaled,full,0.6202601790428162,0.06575969085097313,0.05158164791618239,201.11732721328735,0.6619188019136796,-0.0004336813544111801,-0.00031704774642335855,0.0005372139151921196,0.010445576535147029,0.051429800297236206,0.005448734158458346,0.004996842376688684,0.0005026277315755357,-0.00011702209898041804,0.0005160705457576042,0.0007045448339448374,0.7324878714501333,0.0005800186593233098,0.0,0.00012452617462152768,0.0025826140359349933,0.004996842376688684,0.0002577453641670157
VLOW_EXTREME_CI_ONLY,pQscaled,full,0.1849920690059662,0.11386146247386932,0.11189621518439415,167.73207187652588,0.7924630575562879,0.00011012556978843733,0.00027780210020879505,0.0002988338133505735,0.005994446639264524,0.04985177637467922,0.0029526725726602204,0.0030417740666043034,-0.0006045178319682337,-7.250185109691948e-05,0.0006088500041718433,0.0006099441783540681,0.9982061076713624,9.491029130887554e-05,0.0,0.0005150338870451925,0.0046551142683027135,0.0030417740666043034,0.0003403630054990648
VLOW_EXTREME_CI_ONLY,pQscaled,full,0.45324449539184575,0.05947745114564896,0.0530173814926497,-191.39218240976334,0.7593797153990554,0.0003538962063964323,0.0006454665748189077,0.0007361179417119506,0.016875919526864264,0.0436194271097428,0.008626201779075806,0.008249717747788458,-9.72764440328163e-05,0.0001357241191885801,0.0001669842600162828,0.0005000236568386033,0.33395271950124455,0.00019341359274345753,0.0,0.0003066100640951457,0.005993766067829153,0.008249717747788458,0.0004373784330411836
VLOW_EXTREME_CI_ONLY,pQscaled,full,0.30714696645736694,0.0881925630569458,0.08392951922656648,-6.691784858703613,0.7885423225530483,0.0018694711384990015,0.0007794524091637191,0.0020254551083230352,1.0338345219530019,0.0019591676088517307,0.5178525789061732,0.5159819430468287,-0.043857064061532836,0.01973144716410813,0.048091288975108434,0.08228979851137037,0.5844137407684052,0.01948180305838451,4.9924645278857676e-06,0.06280300298845798,0.7668942543081194,0.5159819430468287,0.04330611640950994
VLOW_EXTREME_CI_ONLY,pQscaled,full,0.6498030304908752,0.067646444439888,0.0514182409266061,22.616684436798096,0.643623131452589,0.0009065929214548962,0.00022540789363748384,0.0009341945427726554,0.745702976115162,0.0012527703022448225,0.3723924484289751,0.3733105276861869,-0.004091004546739408,-0.013407236159493522,0.014017499764147423,0.03561299813020667,0.3936062814171717,0.01341862592803245,0.0,0.022194372202174222,0.46492939607153366,0.3733105276861869,0.019194970653006814
VLOW_EXTREME_CI_ONLY,pQscaled,full,0.3734149277210236,0.05069500518962741,0.04702795301296545,84.5993161201477,0.8107653778749977,0.00046230764808551095,-3.226829602627241e-05,0.000463432416223548,0.0770192556423162,0.006017098092660947,0.038278730134104856,0.03874052550821134,-0.004660681816113429,-0.0011817702300185285,0.004808173859960601,0.005629743452520959,0.8540662466257402,0.000414157500420905,0.0,0.005215585952100053,0.11331807330102103,0.03874052550821134,0.0018218876132977523
VLOW_EXTREME_CI_ONLY,pQscaled,full,0.564913296699524,0.10514817476272582,0.08676304474010263,-109.92441654205322,0.6491115192997684,0.00017765170238478664,-0.00031248703338878866,0.00035945552353015625,0.013946882195608712,0.025773181309535115,0.007060680194922833,0.006886202000685879,-0.0035351790549065848,0.0014993376815460493,0.0038399875564321946,0.0038879209602135224,0.9876711990104565,0.0005044447043382593,0.0,0.003383476255875263,0.042640015558567536,0.006886202000685879,0.0005974678522748932
VLOW_EXTREME_CI_ONLY,pQscaled,full,0.12001960799098016,0.07643236190080643,0.07587987220825963,-143.15954744815826,0.8609661049065378,-6.762315804454723e-05,-0.00014855477527996004,0.00016322197389566527,0.021856981153010054,0.007467727256249446,0.01089275977571894,0.010964221377291115,-0.0013861370701195941,1.757736675636679e-05,0.001386248513428173,0.0018607091011472747,0.7450108738508752,0.0002372887175818164,0.0,0.0016234203835654582,0.021467995841165887,0.010964221377291115,0.000831963716971918
VLOW_EXTREME_CI_ONLY,pQscaled,full,0.5370951771736145,0.09691092431545258,0.0817464625884751,160.74944019317627,0.6728965216585784,0.00019529843536573565,0.00010029655482019536,0.00021954698304714842,0.00954215837861965,0.023008105120018198,0.00467502201662862,0.004867136361991029,-0.0011729342267060064,-0.00042533806573776325,0.0012476727016104661,0.001271724608918861,0.9810871731663193,0.00027635129132865953,0.0,0.0009953733175902015,0.013130658303489404,0.004867136361991029,0.0003978711805285065
VLOW_EXTREME_CI_ONLY,pQscaled,full,0.10190304573625326,0.062322359383106235,0.06199793006822152,147.54924297332764,0.8870390369769426,0.0004252517729649973,2.6646742567127717e-05,0.0004260858121309748,0.01711406882541049,0.024896815390757866,0.008344494289689633,0.008769574535720857,-0.0012952608620848995,-4.93882963183784e-05,0.0012962021079531343,0.0020136981103060533,0.6436923694366417,0.0003592122261820021,0.0,0.0016544858841240513,0.026740791029127152,0.008769574535720857,0.000543695468793678
VLOW_EXTREME_CI_ONLY,pQscaled,full,0.5177277684211731,0.11294766902923584,0.09663186041766168,-156.546231508255,0.6638650346797254,-0.00023393125557787543,-7.77757791324078e-05,0.00024652160991664473,0.004627183096713731,0.05327682193767411,0.002195196228135584,0.002431986868578147,-0.0004708635888361304,0.0002574100746414247,0.0005366306605278386,0.0007371630044044867,0.7279674336901798,0.00010708514475026365,0.0,0.0006300778596542231,0.00707524779020769,0.002431986868578147,0.00023500741562202957
VLOW_EXTREME_CI_ONLY,pQscaled,full,0.392797178030014,0.07165349543094635,0.06589435494171737,-95.67642331123352,0.7736733356880737,-7.68540243962449e-05,-0.00013296441202457002,0.00015357758928612674,0.02695422168678884,0.005697719306115188,0.013439288508507702,0.013514933178281138,-0.005055733476366751,0.0011479711110306266,0.005184426550334794,0.005198000586511447,0.9973886043391186,0.0003969499590636197,0.0,0.0048010506274478275,0.07527098233318698,0.013514933178281138,0.0008905578038632499
VLOW_EXTREME_CI_ONLY,pQscaled,full,0.5830469608306884,0.08611669778823852,0.06996451681085575,98.65694761276245,0.6616330503456124,-0.00014700735716962482,-2.0159483224133506e-05,0.00014838317905295655,0.021261305893104612,0.006979024703326341,0.010704109348479082,0.010557196544625532,-0.00288825311524586,-0.0019017206406297242,0.0034581132793366593,0.004427881972712907,0.780985875560216,0.0005212096842002141,0.0,0.003906672288512693,0.060330158798199966,0.010557196544625532,0.0007386291551219612
VLOW_EXTREME_CI_ONLY,pQscaled,full,0.28783448934555056,0.1041649580001831,0.09975671461669698,9.38957929611206,0.7744178955748707,0.000763770490913529,0.001650684337854931,0.0018188194374455825,0.8464493034142175,0.00214876358230698,0.422808132361072,0.4236411710531456,-0.02979582524138649,-0.012218749128361017,0.032203866725551256,0.0881848846404796,0.3651857895697535,0.028779179117275275,1.872323069434628e-08,0.05940568679997363,0.6105773306284923,0.4236411710531456,0.042261051400631945
VLOW_EXTREME_CI_ONLY,pQscaled,full,0.6315949082374572,0.05360934130847454,0.041563245628981144,-20.15905499458313,0.6685910392373414,0.0014060619064653612,-0.0011427642130237906,0.0018118830346854319,0.957146981204829,0.0018930039693639167,0.4793008603757381,0.4778461208290909,-0.009640737316975349,0.014526191800124585,0.017434278425817563,0.030480750948475466,0.5719766699740524,0.00828822244539624,0.0,0.022192528503079227,0.5653434435226546,0.4778461208290909,0.019860835692875306
VLOW_EXTREME_CI_ONLY,pQscaled,full,0.20318078100681305,0.09490235030651092,0.09292280507243696,-177.0635998249054,0.8143062956211811,-0.00040009041375171136,5.37442290852303e-05,0.0004036840117418342,0.004742816097269465,0.08511483546119876,0.002171517154929204,0.0025712989423402606,-0.0001138028384056126,6.304410014592442e-05,0.0001300985956587669,0.00042200821239312173,0.30828451162344944,0.00015163029534102592,0.0,0.0002703779170520958,0.002943909641002043,0.0025712989423402606,0.0002389323104020473
VLOW_EXTREME_CI_ONLY,pQscaled,full,0.4725353002548218,0.08037212163209916,0.07083289468004046,181.81661128997803,0.7244717849333191,3.958668293971724e-05,-0.00036595310814436713,0.00036808800962092285,0.009268106695429658,0.03971555590770526,0.0046200327394294105,0.004648073956000248,6.548631906238959e-05,-0.00018482455874864272,0.0001960830831585723,0.0008196581312658548,0.23922544738950435,0.0004254795892083003,0.0,0.0003941785420575545,0.005853770473584732,0.004648073956000248,0.0003292365329904045
VLOW_EXTREME_CI_ONLY,pQscaled,full,0.34210115671157837,0.10229224741458892,0.09612025341816714,215.4726767539978,0.756085895057296,1.8638936666203177e-05,5.136987910994168e-05,5.4646815459061806e-05,0.00014647710267812143,0.3730741150653664,9.860451867255485e-05,4.787258400556659e-05,-1.2015000467342354e-05,1.7527904913221555e-05,2.125059262414047e-05,2.13559874404071e-05,0.9950648586593488,4.83733634720943e-06,0.0,1.651865109319767e-05,0.00017786284969719004,4.787258400556659e-05,4.601524906397555e-06
VLOW_EXTREME_CI_ONLY,pQscaled,full,0.6009694457054138,0.08174503564834595,0.06533651789465703,-198.6347371339798,0.6567770499616683,-0.00022935158914881917,0.00030895567635017863,0.0003847801468294396,0.006413863560231856,0.059991944514566,0.003086030863535463,0.003327832696696393,0.00020102387659748288,9.700658083780953e-05,0.0002232059042411793,0.00033235384658694597,0.671591156633832,0.00024909812636193877,0.0,8.32557202250072e-05,0.0013768791659590344,0.003327832696696393,0.00021742900053812862
VLOW_EXTREME_CI_ONLY,pQscaled,full,0.16424685418605806,0.11046111345291137,0.10896097059676475,-53.60324025154114,0.8022149100506855,-0.00013826582956666215,-9.946665061358101e-05,0.00017032631684517065,0.006781779968691632,0.025115282069233087,0.0033189606459471136,0.003462819322744519,-0.0037181272363489113,0.0001849046755081294,0.003722722106833165,0.006112301909261368,0.6090540294144103,0.001195502627119992,0.0,0.004916799282141377,0.04551908814492952,0.003462819322744519,0.0003773121544074743
VLOW_EXTREME_CI_ONLY,pQscaled,full,0.4975370645523072,0.05607601054012776,0.048642727009983684,30.74882984161377,0.740286467937032,0.0008402927095693125,-0.0010483384918674246,0.0013435421211432871,0.5759402032300716,0.002332780579664761,0.28758276961423185,0.28835743361583965,-0.0037088681634485383,-0.005658550743149851,0.006765715007790668,0.026892678673889704,0.25158204170860426,0.010920014970946556,0.0,0.015972663702943146,0.3417750937433621,0.28835743361583965,0.014026491924674781
VLOW_EXTREME_CI_ONLY,pQscaled,full,0.23037749528884888,0.07303202331066132,0.07106755943710541,78.98146152496338,0.8376641315740129,0.00018373390998823944,-3.9952947805415695e-05,0.0001880276248797201,0.028918126463018085,0.006502068006382695,0.014367349070916422,0.014550777392101661,-0.006153897471268849,-0.0005014073800651623,0.006174290521806772,0.0061772600081598655,0.999519287459263,0.00063248343726615,0.0,0.0055447765708937155,0.0789548012357814,0.014550777392101661,0.0010340882371692743
VLOW_EXTREME_CI_ONLY,pQscaled,full,0.41249169111251827,0.09350954055786133,0.08518357851415576,-60.58587193489075,0.7370145348277126,-9.838021681651647e-05,-0.0001447144275312521,0.00017498837846143613,0.017518848364869007,0.009988577720230889,0.008710619527715482,0.008808228837153523,-0.006681560507842644,0.0014873616271705169,0.006845107408210757,0.006877816986814468,0.9952441917738376,0.0010787878013761862,0.0,0.005799029185438282,0.07122736064382702,0.008808228837153523,0.000750316452720318
VLOW_EXTREME_CI_ONLY,pQscaled,full,0.2769730627536774,0.06479463204741479,0.062259715940252064,-136.6521054506302,0.8332724551738431,-8.381575464233224e-05,-0.0002440019952536596,0.00025799622945700307,0.03369250154307031,0.007657378278285325,0.016803106925988794,0.01688939461708152,-0.0020364852735044025,0.00025138651791491135,0.0020519423604452645,0.0025321004079697134,0.8103716400766158,0.00024067179457105226,0.0,0.002291428613398661,0.03736919036052347,0.01688939461708152,0.001051528911262318
VLOW_EXTREME_CI_ONLY,pQscaled,full,0.6846827983856201,0.1192467576265335,0.08691194753405568,112.2400450706482,0.5750232668741143,0.0006639793357315869,-0.00028084956079294095,0.0007209334463569763,0.01720389286151046,0.04190525087318353,0.0082682643256861,0.008935628535824358,-0.002464535326010974,-0.0017063456302578211,0.0029975906630252203,0.003060344247832789,0.9794945993895211,0.0003122424606105894,0.0,0.0027481017872221995,0.03623288112743406,0.008935628535824358,0.0007766128784893774
VLOW_EXTREME_CI_ONLY,pQscaled,full,0.23520732223987578,0.08888960838317872,0.08639583019903187,122.50274181365967,0.8131110217447349,0.00022748341618483887,-0.00022900591489854853,0.0003227884968483943,0.01683709681932008,0.01917126808215533,0.00830339472812436,0.00853370209119572,-0.0022617241877234675,-0.00023307015221637824,0.002273701386987206,0.0025613537716663586,0.887695175941194,0.0001441309298475211,0.0,0.0024172228418188374,0.028393879409000778,0.00853370209119572,0.0007372762768400686
VLOW_EXTREME_CI_ONLY,pQscaled,full,0.4264118552207947,0.06889754951000214,0.062319839858875466,-126.3963782787323,0.7610568933902245,8.087465444868436e-05,-0.0003427595847404352,0.00035217160967861914,0.040062300946144144,0.008790598676597292,0.020071474818275533,0.019990826127868615,-0.003010588301124664,0.0007852995136138805,0.0031113240340650615,0.003124077133414462,0.9959178026645958,0.00016942294171270285,0.0,0.002954654191701759,0.04917817960542175,0.019990826127868615,0.0012458250829353956
VLOW_EXTREME_CI_ONLY,pQscaled,full,0.26306121349334716,0.11455859959125518,0.11052374772617993,-63.945454359054565,0.7689592930882267,-0.00023485137749165112,-0.000350866636100526,0.00042221151788910847,0.01471271071448366,0.0286970583519639,0.007235866089521838,0.007476844624961821,-0.004931900107209056,0.0004245826844628186,0.00495014233365409,0.004953984257248416,0.9992244780372633,0.0005893518056876858,0.0,0.00436463245156073,0.04039827756845237,0.007476844624961821,0.0008263688891171246
VLOW_EXTREME_CI_ONLY,pQscaled,full,0.6798446655273437,0.060728652179241185,0.044535730060465475,75.57430505752563,0.633226240213172,-0.0005165645366573823,0.000735701557775222,0.0008989414344911154,0.08215043941285101,0.010942624785893588,0.04133014407059852,0.04082029534225249,-0.005783806207359028,-0.0036740433497083965,0.006852080616850718,0.0070779703599401205,0.9680855200569775,0.0013060525666540358,0.0,0.005771917793286085,0.13930452511737795,0.04082029534225249,0.001817961654351033
VLOW_EXTREME_CI_ONLY,pQscaled,full,0.34693072438240047,0.07768533200025558,0.07286035485463985,41.092092990875244,0.7863499514069768,-0.0005192755877053284,0.00028308567652984037,0.000591425934706174,0.17068719298769958,0.003464969599381682,0.08559982745666242,0.08508736553103716,-0.003234024924257981,-0.0016641143672541756,0.0036370584045384265,0.016764225988644566,0.21695355377587847,0.006668629212462159,0.0,0.010095596776182407,0.1424555245582192,0.08508736553103716,0.0061994956462378195
VLOW_EXTREME_CI_ONLY,pQscaled,full,0.6148898959159851,0.09760609209537506,0.0769734301432798,-43.213242292404175,0.6321530309320863,0.0003946883102466381,5.750747488525703e-05,0.0003988558284806992,0.13510103212742747,0.002952278174340646,0.06774721712612772,0.06735381500129975,-0.0018517127156226134,0.0042633379328438905,0.004648106099351013,0.014105204895840918,0.3295312711637026,0.00548714631261312,0.0,0.008618058583227799,0.12318823672263914,0.06735381500129975,0.0051844541738859376
VLOW_EXTREME_CI_ONLY,pQscaled,full,0.15033526420593263,0.05194807894527913,0.051357692840516674,-202.12859198451042,0.8929916747089056,0.0005675501075504885,0.0012040086825102192,0.0013310710094283345,0.012682825070842008,0.10495067163612168,0.006647118308957855,0.006035706761884152,0.00016246327290871264,1.8443969346746405e-05,0.0001635068654505815,0.000452087719592744,0.36167066337876586,0.0003064659961642419,0.0,0.00014562172342850216,0.0028461430081336316,0.006035706761884152,0.00030997997395227587
VLOW_EXTREME_CI_ONLY,pQscaled,full,0.4926986455917358,0.1058434510231018,0.0921049713620052,211.98495388031006,0.6840992623804822,-8.029005795565464e-06,-0.00031641678354090525,0.00031651863427046016,0.00037205503631849887,0.8507306806063888,0.00032965906519448127,4.239597112401762e-05,1.6803121135557634e-05,1.2336309226079367e-05,2.084536891536522e-05,3.823410915164912e-05,0.5452034682582648,2.804040499435229e-05,0.0,1.0193704157296827e-05,0.00011874472424417184,4.239597112401762e-05,3.904879706242042e-06
VLOW_EXTREME_CI_ONLY,pQscaled,full,0.3207887351512909,0.05767812602221966,0.0546298816655743,192.0929455757141,0.8254706327977694,0.00013958173289110084,0.0010858443655451207,0.001094778994291984,0.015133164271895361,0.07234303246976198,0.007530375200896727,0.0076027890709986345,-0.00043424438770979143,-7.683408973296158e-05,0.00044098941665593797,0.00044573042209472254,0.9893635138998954,0.00015365490823086367,0.0,0.0002920755138638589,0.005444321501716676,0.0076027890709986345,0.00041533946727697696
VLOW_EXTREME_CI_ONLY,pQscaled,full,0.6548906445503234,0.10884203433990478,0.0822545000776806,-166.82151019573212,0.5987706586530123,-0.00015854626261205696,0.00014672462020407428,0.00021602090538251428,0.008577792972359471,0.025183739696050086,0.004212497232294461,0.004365295740065011,-0.000541907172265771,0.0003440581168821556,0.0006419029296907586,0.00065229883453035,0.9840626653161278,7.809108127984639e-05,0.0,0.0005742077532505036,0.007857845315093424,0.004365295740065011,0.0003590652187902762
VLOW_EXTREME_CI_ONLY,pQscaled,full,0.17989449501037597,0.08450913220643996,0.08313044266644629,-23.532274961471558,0.835359038137788,0.00034035262282616774,-0.0006429733507802692,0.0007274988918742479,0.3814631017474092,0.0019071278153554427,0.19092022016363366,0.19054288158377555,-0.010246822053359533,0.0007895423653149173,0.010277195110527111,0.03782427320563621,0.27170899106649965,0.013773584609174005,0.0,0.024050688596462203,0.29173521961889165,0.19054288158377555,0.015839914092999518
VLOW_EXTREME_CI_ONLY,pQscaled,full,0.43957159519195554,0.0995109337568283,0.08938147255209203,5.996060371398926,0.7170620843952665,-0.0008725539369793811,0.0005077697882012091,0.001009544714585797,1.03150014363974,0.0009787150499306074,0.5161883699849995,0.5153117736547403,-0.05145638660849672,-0.0316499529050485,0.06041091988783872,0.08228974800010834,0.7341244973524408,0.015324078904362345,2.0747123398238056e-05,0.06694492197234776,0.790433343153692,0.5153117736547403,0.04605932515269104
VLOW_EXTREME_CI_ONLY,pQscaled,full,0.1348570317029953,0.1175585263967514,0.11648463713449936,109.01384830474854,0.7979115373678495,3.3313134136669746e-05,-0.0002447898502101117,0.00024704622173167654,0.00579645846054531,0.04262020049194415,0.0028747016557788,0.00292175680476651,-0.0028151949366465507,-0.00010094554545691504,0.002817004177218765,0.0028171759392083655,0.9999390304356104,0.00034765512472525214,0.0,0.0024695208144831136,0.02133231711226375,0.00292175680476651,0.00034033978119848117
VLOW_EXTREME_CI_ONLY,pQscaled,full,0.5410237908363342,0.06646591320633888,0.055898317381653885,-85.30006289482117,0.7046895635134315,-0.0004615873771138864,6.727651187672068e-05,0.0004664643992430459,0.027046958326341825,0.01724646422768873,0.013292482621164206,0.013754475705177618,-0.0050122350121146915,0.002348326471678904,0.005535082387305201,0.005546335538037527,0.9979710656422837,0.0001381656358886195,0.0,0.005408169902148908,0.10214300503991366,0.013754475705177618,0.0007688520483862661
VLOW_EXTREME_CI_ONLY,pQscaled,full,0.36951115131378176,0.09079577684402465,0.08436982340320068,-160.05372881889343,0.759516277945554,-0.00025517657635788695,-3.4143256811522313e-06,0.0002551994175964935,0.0070023558476395,0.0364447941734514,0.0033736087539691893,0.0036287470936703114,-0.0006863244606170462,0.0001737206204258299,0.0007079690100579366,0.0008119769585104583,0.8719077587576942,5.414484442336319e-05,0.0,0.0007578321140870952,0.009310137194624611,0.0036287470936703114,0.00030615675146784187
VLOW_EXTREME_CI_ONLY,pQscaled,full,0.5500829696655273,0.07572855532169342,0.06324167448687462,144.0751576423645,0.689965227976581,-0.000183761716756832,-2.1266359772501175e-05,0.00018498817963154187,0.019985020652747945,0.009256341679391955,0.010084263865253462,0.009900756787494485,-0.001082533540965663,-0.0007706082876720803,0.0013288024685198896,0.0021232897179068,0.6258224948358542,0.00043163728894754565,0.0,0.0016916524289592543,0.028475683629534076,0.009900756787494485,0.0006261404379284405
VLOW_EXTREME_CI_ONLY,pQscaled,full,0.38762893676757815,0.10920788049697876,0.10066951645129682,157.35607862472534,0.7281706144457175,8.640751557346753e-05,4.8631455294943554e-05,9.91527971954555e-05,0.0031636484814358337,0.03134128136462483,0.0015404241235398286,0.001623224357896005,-0.0010942110975782934,-0.0002175626949811476,0.0011156305178287986,0.0011212258387744336,0.9950096396708339,0.00022688207241661806,0.0,0.0008943437663578154,0.00930425527495189,0.001623224357896005,0.00016340921120135758
VLOW_EXTREME_CI_ONLY,pQscaled,full,0.5694493055343628,0.0553811614215374,0.04552477965250155,-146.53293132781982,0.7016656316087924,0.00021616239654271077,0.00019454849832250442,0.00029081832796202796,0.049290974666914275,0.005900032002354246,0.02475456479621656,0.02453640987069771,-0.0009882953902754016,0.0008549887309928786,0.0013068027810516864,0.002569787687827789,0.5085255825769008,0.0006875958519598883,0.0,0.001882191835867901,0.043461697195983744,0.02453640987069771,0.0011170146528269773
VLOW_EXTREME_CI_ONLY,pQscaled,full,0.11547357551753522,0.1010388559103012,0.10036296177039478,-99.68165159225464,0.8253117938467991,0.00013912226360728464,-0.00022020978465008958,0.0002604752454396648,0.0070148822306152,0.03713180590585811,0.003572488956101508,0.003442393274513692,-0.00299867230887901,4.493083299377671e-05,0.0029990089022527574,0.0039007454982177845,0.7688296772047309,0.00045089080708535657,0.0,0.003449854691132428,0.03451212558845358,0.003442393274513692,0.00034548878460868176
VLOW_EXTREME_CI_ONLY,pQscaled,full,0.5228911638259888,0.081050024330616,0.06908699656279924,94.87496852874756,0.6983261156244127,0.0001380565871719492,9.747131470309457e-05,0.00016899786522768775,0.026795331635823517,0.006306989124991751,0.013328905817370082,0.013466425818453434,-0.0030055363859801424,-0.0016954100770653997,0.0034507483676538167,0.004989026207759721,0.6916677170960768,0.0008102839929542055,0.0,0.0041787422148055154,0.06428485721623638,0.013466425818453434,0.0009303549142326833
VLOW_EXTREME_CI_ONLY,pQscaled,full,0.1992057651281357,0.06409738436341286,0.06281272435441743,19.142756462097168,0.8612368494278182,0.00045037142113074635,0.0008141555556566357,0.0009304212410397204,0.6939631496937936,0.0013407358034072299,0.34673344015727176,0.3472297095365218,-0.015601929003767919,-0.002934557044093109,0.015875509871612032,0.04211072757007638,0.37699443319267145,0.013173011703859103,0.0,0.028937715866217278,0.46436283678426904,0.3472297095365218,0.021810444032781977
VLOW_EXTREME_CI_ONLY,pQscaled,full,0.45778079032897945,0.11799593627452849,0.10490606861592996,-10.199439525604248,0.6868468346336585,0.0010731794846335352,0.0017550966481362125,0.002057201606682551,0.7848432493655946,0.002621162389235596,0.39291622282589844,0.3919270265396961,-0.02376050446737258,0.020392378064403312,0.0313115099550563,0.08400991743897904,0.37271206673663815,0.028400362952251883,3.5748374440620547e-09,0.0556095509118897,0.5671016541837006,0.3919270265396961,0.04111552353861076
VLOW_EXTREME_CI_ONLY,pQscaled,full,0.30260124802589417,0.07233460247516632,0.06894335710431229,-181.01514339447021,0.8121955610634357,-0.00016934631974488412,0.0002699059187467319,0.00031863361559266465,0.00986054664749526,0.032313990996999706,0.004850319100902202,0.005010227546593057,-0.00025395032301142573,8.262685823918835e-05,0.0002670542346791872,0.000565185081339861,0.4725075793684925,0.00015237640535690675,0.0,0.0004128086759829543,0.006108678584104494,0.005010227546593057,0.0003454219069186276
VLOW_EXTREME_CI_ONLY,pQscaled,full,0.6355987668037414,0.09225854396820068,0.07122540091582483,178.08829069137573,0.627319388934479,0.00021005505071770413,-0.0002309210170599378,0.0003121660462830853,0.012291899640089927,0.025396078346177894,0.0060405097576041195,0.006251389882485809,4.5130658200088505e-05,-0.0003144915500982265,0.00031771325341061634,0.000890468855426598,0.35679322356347865,0.0004184982764156783,0.0,0.0004719705790109197,0.0072869914360960825,0.006251389882485809,0.0004452577506611827
VLOW_EXTREME_CI_ONLY,pQscaled,full,0.16852284967899323,0.07041158616542817,0.06940454187078894,197.71074771881104,0.8598266214549181,0.0002514507877508657,-3.152126812878064e-05,0.00025341880160117833,0.006735701068673757,0.03762322570693707,0.00324316791887109,0.003492533149802667,0.00023562229251585697,-6.962161623714709e-05,0.0002456929672943462,0.000473212895404253,0.5192017581945692,0.00034678958583786034,0.0,0.00012642330956639264,0.001832911988115293,0.003492533149802667,0.00024239766323059757
VLOW_EXTREME_CI_ONLY,pQscaled,full,0.5119905948638916,0.08541020631790161,0.07336660314333922,-216.1600138247013,0.6989462182275091,-5.1482513143729954e-05,-7.897917024531672e-05,9.427703056541953e-05,0.00022892654904942535,0.4118221803316208,0.00015447153120204477,7.445501784738059e-05,2.247412641647175e-05,-1.00856618329216e-05,2.4633451499771706e-05,2.9310782144715672e-05,0.840422864799811,2.503442366280359e-05,0.0,4.276358481912082e-06,6.199043565512143e-05,7.445501784738059e-05,5.462511746439009e-06
VLOW_EXTREME_CI_ONLY,pQscaled,full,0.3276193559169769,0.06108061283826828,0.05770956158190431,-30.039677619934082,0.817691655599254,4.9371390627467315e-05,-0.0001142319703186026,0.0001244446754801509,0.4711581761031125,0.0002641250471538379,0.2356071097650133,0.23555106633809916,-0.007380259028823371,0.0027944421978508874,0.007891586059193588,0.02661688334075183,0.296487983140802,0.009451749181731342,0.0,0.017165134159020486,0.3034249694047151,0.23555106633809916,0.01359354876852176
VLOW_EXTREME_CI_ONLY,pQscaled,full,0.5966806292533874,0.11224134027957916,0.09007129621350579,54.5054030418396,0.6252616597394315,-3.350300464384677e-05,0.0001725335831279708,0.00017575633310678174,0.012229534364504014,0.014371465655872221,0.0061332169268901995,0.006096317437613814,-0.0028982633477356873,-0.002794089354125682,0.00402577517400892,0.00764257873956385,0.5267561265896159,0.001999842523265836,0.0,0.005642736216298014,0.0695411388572049,0.006096317437613814,0.0005491032137348744
VLOW_EXTREME_CI_ONLY,pQscaled,full,0.28244457244873045,0.09419825375080108,0.09036284185054015,61.27319097518921,0.7897380481345156,-0.00013540355669976623,-6.968267211906803e-05,0.00015228196859970108,0.009762540296310669,0.015598600771691158,0.00494876376887163,0.004813776527439039,-0.006450291253500367,-0.0007652752475193327,0.006495529498004693,0.006501298314962823,0.9991126669352989,0.0007157953897067582,0.0,0.005785502925256065,0.06545682534698292,0.004813776527439039,0.0004349865270528162
VLOW_EXTREME_CI_ONLY,pQscaled,full,0.6979771852493286,0.07912780493497848,0.05666500336459632,-78.05746555328369,0.606985714135073,-7.075318983216887e-05,1.3783362343171486e-06,7.076661417788586e-05,0.030424862716269797,0.0023259468691059254,0.015177049889325377,0.015247812826944419,-0.0036893349820207116,0.003575180490227474,0.005137422325180685,0.006059702272845657,0.8478011119790455,0.0005259606906224736,0.0,0.005533741582223183,0.10725254033240773,0.015247812826944419,0.0008640173651415404
VLOW_EXTREME_CI_ONLY,pQscaled,full,0.2170896351337433,0.1034610366821289,0.10099366413325571,-113.14222753047943,0.7984778586465537,0.00013835937864726307,-0.0002964328382934699,0.00032713261115085914,0.00905624611830101,0.036122318991505344,0.004593123659918066,0.004463122458382944,-0.0036058493097650534,0.00019674006596663191,0.003611212524663934,0.0036125514741868203,0.9996293618145857,0.000544679771559146,0.0,0.0030678717026276746,0.030814550090738073,0.004463122458382944,0.0004507470905475176
VLOW_EXTREME_CI_ONLY,pQscaled,full,0.407045590877533,0.05236519489437342,0.04783077969648535,135.94295978546143,0.7921231293678901,-0.00031611753261921727,3.623199576531421e-05,0.000318187133533711,0.03925375902513817,0.008105902248239249,0.01978503265128618,0.019468726373851993,-0.0017119889492274297,-0.0005853929505399764,0.0018093067923430615,0.002637625406881624,0.6859604808258166,0.0004234638021019422,0.0,0.0022141616047796817,0.04751265174577785,0.019468726373851993,0.0009312043621588689
VLOW_EXTREME_CI_ONLY,pQscaled,full,0.15459417402744294,0.10546760380268097,0.1041996782944036,133.85775327682495,0.8114835943861257,0.00011283159890374157,-0.0001918774973484422,0.00022259367398889905,0.007074767650336549,0.03146303666641309,0.0034783782522335833,0.0035963893981029666,-0.0014171953517720672,-7.990062538531403e-05,0.0014194459394500792,0.0015037424400675254,0.943942194905485,4.2348905031781656e-05,0.0,0.0014613935350357436,0.014129539149044319,0.0035963893981029666,0.000374742618303733
VLOW_EXTREME_CI_ONLY,pQscaled,full,0.48847649097442625,0.05054658274166286,0.04410578833373558,-115.46215057373047,0.7522218785778243,0.0006605958871373288,-0.0002087217820089121,0.0006927854706817474,0.06767774407049282,0.01023653314980687,0.034170296378391286,0.03350744769210154,-0.003250726445604254,0.0013629334593219901,0.0035248844007556156,0.004037918789167385,0.8729458378934485,0.0002646120804710399,0.0,0.003773306708696345,0.08859810097367574,0.03350744769210154,0.001477872395511547
VLOW_EXTREME_CI_ONLY,pQscaled,full,0.351749312877655,0.09620485424995423,0.09005680965256034,-81.77387952804565,0.7600537902312489,-0.0002902302524976114,-8.177530936407088e-05,0.0003015307624213768,0.0019017840267798712,0.15855152750015358,0.0008038204062436063,0.001097963620536265,-0.004491379565857448,0.0008423878680566478,0.004569694489224729,0.004571452654291397,0.9996154034177211,0.00012201820056973215,0.0,0.004449434453721665,0.051133791984952215,0.001097963620536265,9.887910078007038e-05
VLOW_EXTREME_CI_ONLY,pQscaled,full,0.6100346684455871,0.07730922609567642,0.061257876693162024,57.361812591552734,0.65636178533937,0.0001446239010332237,0.0004178048199335115,0.0004421277420720641,0.03369965757153221,0.013119650878753992,0.01677581336223033,0.016923844209301882,-0.004366035865527409,-0.0035959991692204865,0.005656277857752932,0.008279479181568548,0.6831683169570092,0.0014417045033856416,0.0,0.006837774678182905,0.12037430962655364,0.016923844209301882,0.0010367187617476986
VLOW_EXTREME_CI_ONLY,pQscaled,full,0.2678753316402435,0.059258529245853425,0.05709284232839817,50.379180908203125,0.844953044393472,0.00029923049822089265,2.464087666587014e-05,0.00030024334108916766,0.11252157201455056,0.002668318045275279,0.05611096230113184,0.05641060971341871,-0.00021631198064949245,-0.0007647911135077807,0.0007947932563081907,0.015600197917709637,0.05094763928641669,0.007662440080588686,0.0,0.00793775783712095,0.14087061230895426,0.05641060971341871,0.0032206420460170206
VLOW_EXTREME_CI_ONLY,pQscaled,full,0.6749938011169433,0.11425137877464293,0.08429734065440625,-33.541247844696045,0.5833623418201632,0.00015814140239626961,-0.00013859748513246704,0.00021028068393674036,0.2263401380651308,0.0009290472548719156,0.1132518546757663,0.11308828338936451,-0.004381186275388845,0.007503405875103852,0.008688837258586364,0.0189697729928645,0.45803591122859394,0.005937570069460273,0.0,0.013032202923404226,0.1759768684991169,0.11308828338936451,0.009533041548895293
VLOW_EXTREME_CI_ONLY,pQscaled,full,0.2394797682762146,0.06858953595161438,0.06659367337465845,-218.6947851255536,0.8413204927325539,1.6507498407785546e-05,-0.00014255033583142156,0.00014350294683153413,0.000308597488309728,0.4650165742353749,0.00022483915074953355,8.375833756019447e-05,2.7951527557415675e-05,-1.1044248140386454e-06,2.7973338144791232e-05,3.630630582528823e-05,0.7704815323054993,2.9706442104112542e-05,0.0,6.59986372117569e-06,0.00010031349054434236,8.375833756019447e-05,5.577775373887977e-06
VLOW_EXTREME_CI_ONLY,pQscaled,full,0.42217603921890257,0.08742027819156648,0.07924769447845202,195.84038496017456,0.7401510358553515,0.000294580648363569,0.00040632214525117294,0.0005018719399526297,0.005408012400497585,0.0928015512513308,0.002563337240651817,0.002844675159845768,5.033866548919793e-05,-9.093424046196934e-05,0.00010393756458388194,0.0002720844712064799,0.3820047653690637,0.00014493853737998567,0.0,0.0001271459338264942,0.0016773517734958387,0.002844675159845768,0.00022543394795789912
VLOW_EXTREME_CI_ONLY,pQscaled,full,0.3643960535526276,0.07432705044746399,0.06921662489975842,174.27111625671387,0.783167343629838,4.620032442482613e-05,6.171395316736033e-05,7.709138727836159e-05,0.01564900947463521,0.004926279034038194,0.0078023350644309914,0.007846674410204221,-0.00039050580996233524,-0.00017545449139394397,0.00042811104419840314,0.0008572114291367442,0.499422930734162,0.00022233805387399583,0.0,0.0006348733752627484,0.009444350813497798,0.007846674410204221,0.0005431203193616388
VLOW_EXTREME_CI_ONLY,pQscaled,full,0.5552348136901856,0.0904199379682541,0.07520168684000599,-185.04060178995132,0.6712558060145948,-0.0003788248910928586,0.00037694639633719073,0.0005344126531278153,0.00718785685736012,0.07434937335745334,0.003415028952628591,0.003772827904731529,-0.0001455761391278133,0.000141756064007867,0.00020319250470025448,0.00031178949611262844,0.6516977230904215,6.350705188489173e-05,0.0,0.00024828244422773674,0.0035576165732992037,0.003772827904731529,0.0002837230225928564
VLOW_EXTREME_CI_ONLY,pQscaled,full,0.1302996277809143,0.06608979895710945,0.06552636113637916,-12.18388557434082,0.8755915038378126,-0.0005720442055423547,-0.00046690924538662394,0.0007384028822547285,0.8714744756643,0.0008473029364306567,0.43545949223054753,0.43601498343375256,-0.021054622988219605,0.004596287374056409,0.021550475790593947,0.06019047844914205,0.35803795460444704,0.019558630702373094,6.858450478333699e-11,0.040631847678184445,0.622273146692243,0.43601498343375256,0.028570475265352446
VLOW_EXTREME_CI_ONLY,pQscaled,full,0.5455445647239685,0.11615729689598082,0.09734931815724224,16.936910152435303,0.64708459158778,0.00017694650175081872,0.00033091179045682817,0.00037525015329136944,0.5104812658182307,0.0007350909395076336,0.2551420755164276,0.2553391903018031,-0.012489410833885075,-0.014036927221297478,0.018788845328906404,0.05119424006020799,0.36701092362752785,0.01755256916776084,3.3320202427843153e-15,0.03364167089244382,0.378799107951968,0.2553391903018031,0.02485709607470285
VLOW_EXTREME_CI_ONLY,pQscaled,full,0.1753323167562485,0.09920372128486633,0.09766698705174535,92.4542784690857,0.8155740820969642,0.00037885211141913764,-0.00017462185415722647,0.0004171590994765023,0.015315488731726244,0.027237726904029216,0.007466646371638031,0.007848842360088213,-0.0033965588668355175,-0.0002029817440814249,0.0034026186569037255,0.00408436104188756,0.8330846910955362,0.0003410135921498711,0.0,0.0037433474497376887,0.03867668075025527,0.007848842360088213,0.000766572785153926
VLOW_EXTREME_CI_ONLY,pQscaled,full,0.4440970182418823,0.08303900092840194,0.07440117645029802,-101.45125389099121,0.735159806115621,-0.0005409258700161939,-0.0001190599238273666,0.0005538736880504025,0.019479787990322288,0.028433250316972906,0.009469180910022261,0.010010607080300027,-0.0037229632147782223,0.001246985454082899,0.003926248568453879,0.004528206023590531,0.8670649144493789,0.0003074757301287338,0.0,0.004220730293461797,0.059434586978206576,0.010010607080300027,0.0007448009437560049
VLOW_EXTREME_CI_ONLY,pQscaled,full,0.31568747758865356,0.1073727124929428,0.1018820180683932,-150.77323019504547,0.7598107830680785,-0.00015025048691271695,-0.0001784737759862468,0.00023329830160611443,0.006132672465509541,0.0380418655844067,0.002989112469364755,0.0031435599961447866,-0.00038679846651471064,0.0001389315845433066,0.00041099274796746195,0.0010257477409287212,0.40067623994497564,0.0003141785281871718,0.0,0.0007115692127415494,0.007201936589730323,0.0031435599961447866,0.0003202722363263012
VLOW_EXTREME_CI_ONLY,pQscaled,full,0.6600285410881042,0.05737010464072228,0.043098747474114026,153.75374794006348,0.647981449666217,-0.0001018205718855622,-0.0005116505493988107,0.0005216835377498583,0.0392616330563981,0.013287362168569846,0.01968536256419179,0.01957627049220631,-0.001723323395680316,-0.0008879182207076268,0.0019386186558381542,0.0020216790460184384,0.958915145139344,0.0004909658808724757,0.0,0.0015307131651459626,0.03792178962056695,0.01957627049220631,0.0008437127384285498
VLOW_EXTREME_CI_ONLY,pQscaled,full,0.29749423265457153,0.09277137696743011,0.0885710244110973,139.50587272644043,0.7860984698750075,0.0001014704790813243,-0.00013700752038141203,0.0001704914037893304,0.010970770688169477,0.01554051293526528,0.005433155460248464,0.005537615227921014,-0.0014799648123518297,-0.00023898849290146585,0.001499136866846687,0.0015496868335424226,0.9673805277286905,2.618982914999898e-05,0.0,0.0015234970043924237,0.017621016596486315,0.005537615227921014,0.0004904722535314562
VLOW_EXTREME_CI_ONLY,pQscaled,full,0.6407423853874206,0.07387255072593689,0.05671609020793214,-164.8309862613678,0.6429211566888112,0.00016976674333622245,0.0001589775021163668,0.00023258244414002153,0.02279009909164753,0.010205416097785186,0.011481068017456368,0.011309031074191164,-0.0006684905160046806,0.0005472209655982129,0.0008639041354099682,0.001118353772153452,0.7724784025597745,0.00014527147444782856,0.0,0.0009730822977056234,0.018555077327886707,0.011309031074191164,0.0006414040265681338
VLOW_EXTREME_CI_ONLY,pQscaled,full,0.19464026093482972,0.11953415989875793,0.11724803272611649,-88.25114846229553,0.782024181105168,0.0007127931720354967,-0.0002464377292448457,0.0007541920580964647,0.0034343948546039582,0.21959969369433108,0.0020618931164377427,0.0013725017381662158,-0.003711419032505761,0.00016061109718996363,0.0037148926174771953,0.003715705420215734,0.9997812521050946,0.00048143966514329256,0.0,0.0032342657550724413,0.027946327114035264,0.0013725017381662158,0.00016092312871316425
VLOW_EXTREME_CI_ONLY,pQscaled,full,0.46230978965759273,0.06460994198918343,0.05729082939371832,105.84104776382446,0.7483211109614933,0.00024130383505841652,-0.00018857153975147893,0.0003062462512719839,0.03153807725741418,0.009710365307700784,0.015649306087923066,0.01588877116949111,-0.004208117406133283,-0.0012805853262405813,0.004398653303180942,0.004429010023962345,0.9931459354082777,0.0005693709394999011,0.0,0.003859639084462444,0.07012011873661325,0.01588877116949111,0.0009102808783471456
VLOW_EXTREME_CI_ONLY,pQscaled,full,0.11092192605137825,0.08265606492757797,0.0821460045424778,2.6084160804748535,0.8528986213178047,-0.0017184746269676143,-0.00017291455246246784,0.0017271521316852135,0.9218612117079128,0.001873548978685582,0.46177085383062116,0.4600903578772916,-0.15018899925579016,-0.019484343467996518,0.15144759865324572,0.1814727310072488,0.834547415540884,0.089093934091792,0.015121918136520796,0.077256878778936,0.9431925543513645,0.4600903578772916,0.03779458462813823
VLOW_EXTREME_CI_ONLY,pQscaled,full,0.5274062514305115,0.10148359656333923,0.08622180658837174,-26.268529891967773,0.6722850560445749,0.00023862842524960404,-0.00025364342701110314,0.0003482506473835227,0.3068848915617154,0.0011347924155252467,0.15356819272363484,0.15331669883808058,-0.008559140268728262,0.007621330659242874,0.011460521940875166,0.029400509213170972,0.3898069199339222,0.009505993226001439,0.0,0.01989451598716953,0.24906502486179316,0.15331669883808058,0.013219242753984622
VLOW_EXTREME_CI_ONLY,pQscaled,full,0.3825171649456024,0.055825092121958735,0.051579503719975495,-171.8136179447174,0.7995912619852719,0.0004416388725307068,0.0005184112371251975,0.0006810250395601264,0.02468776032376676,0.027585533504410342,0.012570757529239862,0.012117002794526896,-0.0006202473316121078,0.00016568650636411517,0.0006419959273726633,0.0010657305228363384,0.602399869024976,0.0002135254635973016,0.0,0.0008522050592390367,0.016933608599766076,0.012117002794526896,0.0006249889907152535
VLOW_EXTREME_CI_ONLY,pQscaled,full,0.5745975732803345,0.11081473052501678,0.09069477445157156,187.73850440979004,0.6379122443537517,-0.00011397597983396255,0.00027503836820169875,0.00029771904198785314,0.0027748637830247763,0.10729140789148821,0.001453669573994517,0.0013211942090302594,-0.00019676874543474968,-0.00011080565265172061,0.0002258225671617854,0.00022831100577267447,0.9891006629194811,4.4336877721038696e-05,0.0,0.00018397412805163578,0.0022344432778355155,0.0013211942090302594,0.00011982541079472185
VLOW_EXTREME_CI_ONLY,pQscaled,full,0.22135861217975616,0.053903151229023935,0.052565947499263015,209.1480565071106,0.8695392541980704,-0.000129941759198188,-0.0005232021406752693,0.0005390967823969126,0.004109674898814107,0.1311774764841973,0.0021778762348242235,0.0019317986639898839,0.00019518114729969816,-2.6862635192429445e-05,0.000197021017738484,0.0002841774577672195,0.6933027668215591,0.00023348946544314326,0.0,5.0687992324076254e-05,0.0009723283353174749,0.0019317986639898839,0.00010154682715043867
VLOW_EXTREME_CI_ONLY,pQscaled,full,0.4028132081031799,0.10397386133670806,0.09516542532721715,-205.2007418870926,0.7281396288106325,-0.00023876064307799995,-0.00035759239991246176,0.00042997554483734774,0.0008372564332438206,0.5135529901769281,0.0005224343684863028,0.00031482206475751785,8.633537271691338e-05,7.421611327372744e-06,8.665377601041364e-05,9.769073935515798e-05,0.8870213961139546,7.32383348464343e-05,0.0,2.4452404508723676e-05,0.0002694738086964312,0.00031482206475751785,2.9960175695041887e-05
VLOW_EXTREME_CI_ONLY,pQscaled,full,0.287253075838089,0.07964037090539933,0.07628390541521024,-47.89671540260315,0.8078737332796939,8.309573793076341e-05,0.00039323841857238006,0.0004019220764073112,0.08181120992890317,0.004912799563245606,0.04094579668303526,0.04086541324586791,-0.0022667766923728794,0.0008887067395377888,0.002434764103970818,0.01294091201637097,0.18814470733520675,0.005304093386140385,0.0,0.007636818630230586,0.10210704007843922,0.04086541324586791,0.0031173733188012676
VLOW_EXTREME_CI_ONLY,pQscaled,full,0.693132185935974,0.09573646903038024,0.06900785183836854,36.21417999267578,0.5932039291581971,0.0006978079608055687,0.00010296542139719925,0.0007053636141502685,0.27100347902918065,0.0026027843505076072,0.13515103333090514,0.13585244569827548,-0.0006283944650019753,-0.007183514092900815,0.007210946839808885,0.020801902246107104,0.34664843409492874,0.008658937368872677,0.0,0.012142964877234427,0.19684621857964416,0.13585244569827548,0.009374885444626602
VLOW_EXTREME_CI_ONLY,pQscaled,full,0.3324414134025574,0.11268607258796691,0.10627692920494722,70.48154830932617,0.7464216699759689,-0.00012920060290573,-0.00025925098492851986,0.00028966164567925066,0.006453875440599984,0.044881815328668986,0.003287669654169067,0.003166205786430917,-0.004438464024221836,-0.0008174564113963464,0.004513113989125965,0.004781231118836082,0.9439229932529186,0.00013499075325538708,0.0,0.0046462403655806945,0.04529161484504457,0.003166205786430917,0.0003364946282128128
VLOW_EXTREME_CI_ONLY,pQscaled,full,0.5918219685554504,0.06268666177988053,0.0505297562954764,-68.41408371925354,0.6809089496457006,-5.686117818468062e-06,-8.92873173369362e-05,8.946818972725583e-05,0.05518197450817067,0.0016213299818405033,0.027588704658931987,0.02759326984923868,-0.004631785688432138,0.0031923562531021997,0.005625351287722883,0.007141522066597399,0.7876964091497829,0.0008189080426082056,0.0,0.006322614023989193,0.13285216459549823,0.02759326984923868,0.0013942812008773473
VLOW_EXTREME_CI_ONLY,pQscaled,full,0.1727873742580414,0.08701704800128937,0.0857082374638344,-129.6833735704422,0.8334930754036222,0.0003005043509838722,-0.0001893554690609541,0.0003551877793837116,0.021694987851961695,0.016371881920717063,0.010995288267540157,0.010699699584421535,-0.0020420605579787505,7.965623957067962e-05,0.0020436135737841995,0.002569771972959596,0.7952509387167148,0.00026310663082831605,0.0,0.0023066653421312797,0.027126356880443472,0.010699699584421535,0.000917052392773291
VLOW_EXTREME_CI_ONLY,pQscaled,full,0.5077625751495362,0.0708555257320404,0.06104182639923775,119.8806881904602,0.7174625835473215,0.0006428772528141516,-0.00017187781179036672,0.0006654570943131611,0.034994045736107836,0.019016294924325355,0.01717550544426883,0.017818540291839005,-0.00262538982081974,-0.0011329879879147825,0.0028594288751467647,0.0030270427758601077,0.9446278387440604,8.573428996690021e-05,0.0,0.0029413084858932073,0.05072669970889828,0.017818540291839005,0.0010876762431822598
VLOW_EXTREME_CI_ONLY,pQscaled,full,0.3560204088687897,0.06729791447520256,0.06288843262119975,116.36600494384766,0.796398157833396,-0.00040378444383834533,-0.00019469790999474733,0.00044827352502926665,0.03412203555477121,0.013137361758788234,0.017262968124808358,0.01685906742996285,-0.0031650689151754936,-0.0006569317855102216,0.0032325254227343397,0.0032352780250927875,0.9991491914026182,2.2890647407076407e-05,0.0,0.003212387377685711,0.052402493410793484,0.01685906742996285,0.0010602403261254821
VLOW_EXTREME_CI_ONLY,pQscaled,full,0.6244929909706115,0.1168289577960968,0.09124696902304293,-133.1502664089203,0.6070633188567588,-3.621822024005815e-05,-0.00020523748138732178,0.00020840869282150542,0.015952435174253633,0.013064381114543744,0.007954599843003257,0.007997835331250378,-0.0010872633483101227,0.0008943925226489459,0.0014078634781643014,0.0020562725272885623,0.6846677468480228,0.0003591413392153767,0.0,0.0016971311880731854,0.020895325104306056,0.007997835331250378,0.0007297782327220014
VLOW_EXTREME_CI_ONLY,pQscaled,full,0.1401263564825058,0.07553527235984803,0.07479001337510005,-58.05083632469177,0.8583747019168922,0.00026810064711489147,7.917642378504975e-05,0.00027954760429453395,0.020844546792868852,0.01341106655243602,0.010556071529033388,0.010288475263835466,-0.006785808615241349,0.0001970472414838141,0.006788668954814346,0.006788914340574949,0.999963854933423,0.00024303763382696643,0.0,0.006545876706747983,0.08792760556937886,0.010288475263835466,0.0007694752025916406
VLOW_EXTREME_CI_ONLY,pQscaled,full,0.48417358398437504,0.09109170734882355,0.07970269022812082,80.85153579711914,0.7060992676103641,-5.221205546615364e-05,-0.00013000758604455508,0.0001401002182908117,0.025826173918593036,0.005424737660809608,0.012939382994017262,0.012886790924575772,-0.00516951801365359,-0.0017721087030916557,0.005464822572514331,0.005494079595836142,0.9946748089808882,0.0004558520521415166,0.0,0.005038227543694626,0.06706866511503558,0.012886790924575772,0.0010271119050960216
VLOW_EXTREME_CI_ONLY,pQscaled,full,0.24493786692619324,0.1080419784784317,0.10475088774767335,32.83377408981323,0.7836984501101364,-0.0002902323052488831,-0.0003523861508134968,0.0004565203065529872,0.15194288454019256,0.0030045520587193134,0.07612082237587048,0.0758220621643221,-0.010311767233254195,-0.001050233927587002,0.01036511142127617,0.016242612035762705,0.6381431384591532,0.0029387668970819398,0.0,0.013303845138680766,0.12941578426986344,0.0758220621643221,0.007942428322572016
VLOW_EXTREME_CI_ONLY,pQscaled,full,0.43548390865325926,0.05858062811195851,0.05273407726267711,-51.28304839134216,0.7696408891264728,-0.0006823499821409992,-0.0002758497127925651,0.000735999023216446,0.11945151725724812,0.00616148743955603,0.0593875942705806,0.060063922986667524,0.0007864319273538124,0.002061761676854774,0.002206657288413505,0.016061369068624928,0.1373891153976449,0.008242225599165666,0.0,0.007819143469459262,0.1532134248099619,0.060063922986667524,0.0031674155554784126
VLOW_EXTREME_CI_ONLY,pQscaled,full,0.2545917987823486,0.09987307906150818,0.09658212238043909,-194.91805598139763,0.7917295742047189,-0.0002489708604102046,4.071364495465152e-05,0.00025227780365876624,0.001968330492081244,0.1281684171807896,0.0008581449179012554,0.0011101855741799888,5.756831924606994e-05,6.952173660047181e-05,9.02628563738308e-05,0.00014578416376934443,0.6191540565167604,8.312013153368e-05,0.0,6.266403223566444e-05,0.0006612506823566352,0.0011101855741799888,0.00010722407899044972
VLOW_EXTREME_CI_ONLY,pQscaled,full,0.6695434808731079,0.08424962192773819,0.06257833295461898,219.38379287719727,0.6175613769893189,0.00019853185521417807,0.0001091046496245026,0.00022653635934319428,0.0003201522753033229,0.7075894092222492,5.875076812361365e-05,0.0002614015071797093,-3.961918191793588e-06,-1.4220498052754452e-05,1.476209201390027e-05,2.5693107406691698e-05,0.574554559715418,8.154059151814811e-06,0.0,1.7539048254876887e-05,0.0003078550642740656,0.0002614015071797093,1.6358070551131074e-05
VLOW_EXTREME_CI_ONLY,pQscaled,full,0.12512648478150368,0.09742349028587341,0.09665781938390453,184.2374587059021,0.8287770042112679,-6.193007665838404e-05,-0.0003508099551761041,0.0003562344158634501,0.00237269011134199,0.15013946160121647,0.0012464057290398423,0.0011262843823021478,-3.062991024236527e-05,-2.9907983960367144e-05,4.2809799182300906e-05,0.00036275957264213644,0.11801149414327576,0.00016537707634139452,0.0,0.0001973824963007419,0.0020514379529451353,0.0011262843823021478,0.00010886419239947348
VLOW_EXTREME_CI_ONLY,pQscaled,full,0.5319517016410827,0.0779705771803856,0.06602351185034076,-175.2941483259201,0.697042173500863,-0.000318131899973091,0.0003164496902925024,0.00044871852231294113,0.013486718721271145,0.033271141156463686,0.006590137157744862,0.0068965815635262835,-0.00030155286587051446,0.0002319595698562822,0.0003804462813100319,0.0007610601821439257,0.49988987761545234,0.00020407528697391803,0.0,0.0005569848951700077,0.008963406091320441,0.0068965815635262835,0.0004553365345863192
VLOW_EXTREME_CI_ONLY,pQscaled,full,0.37798056602478025,0.10668613135814667,0.09877146383880644,-15.918906927108765,0.7354886416990936,0.00010753691024995016,0.0005282927723085536,0.0005391265531761194,0.5371448320343089,0.001003689360901612,0.2686096215479818,0.26853521048632706,-0.01683084648847661,0.008383865010640396,0.01880336634848414,0.05679065549283471,0.33109965337266606,0.019381112067392348,2.5746185282173914e-14,0.037409543425416615,0.3954538707095007,0.26853521048632706,0.026523615831996528
VLOW_EXTREME_CI_ONLY,pQscaled,full,0.5603841543197632,0.0512078301049769,0.04241200539364389,12.992067337036133,0.7119575223362745,-0.0022428459805546863,-0.0026031223631717395,0.0034360739413078893,1.027893641100159,0.0033428302344883113,0.5150844478142538,0.512809193285905,-0.01479304602581638,-0.01752901678311325,0.02293688383596577,0.03938854210506755,0.5823237573704128,0.010614158749509934,1.7347607816995494e-11,0.028774383338210013,0.7095652608741868,0.512809193285905,0.021749266271551975
VLOW_EXTREME_CI_ONLY,pQscaled,full,0.3116990506649017,0.06925328612327576,0.06580314824571526,102.47427940368652,0.8128660864345634,-7.521194346412664e-05,-9.072906321534339e-05,0.00011784990178860889,0.021149627666345365,0.005572197470697696,0.010612472220843489,0.010537155445501878,-0.003886776267747831,-0.0006442618447345257,0.003939810030967038,0.003997823545582855,0.985488725564155,2.901514295759327e-05,0.0,0.003968808402625262,0.06155339189208831,0.010537155445501878,0.000693378001868506
VLOW_EXTREME_CI_ONLY,pQscaled,full,0.645287549495697,0.08863650262355804,0.06771294979206018,-91.65111899375916,0.6260821295855434,-0.00077943830636743,-7.38933789770266e-05,0.0007829331420303845,0.020046585945574652,0.039055684801192335,0.009634037969905238,0.010412547975669416,-0.004533759910093361,0.0027095048686544537,0.005281703849671236,0.005382127441049475,0.9813412832604953,0.0006060879101528303,0.0,0.0047760395308966445,0.07743947584781906,0.010412547975669416,0.0007050643382839211
VLOW_EXTREME_CI_ONLY,pQscaled,full,0.1901034027338028,0.059922183454036715,0.0588294469285922,-154.56193625926971,0.8704175882421006,0.0002100810259726884,0.0001141909112736052,0.00023911002005611089,0.023650538621388256,0.010110130001008544,0.011931472871408484,0.011719065749979772,-0.0010021231074276694,6.917782996775532e-05,0.0010045079863293949,0.0017429053855744856,0.5763410880724126,0.000369952027876609,0.0,0.0013729533576978766,0.02349680873769417,0.011719065749979772,0.0006894261565911175
VLOW_EXTREME_CI_ONLY,pQscaled,full,0.44809665679931643,0.11546751141548156,0.1032262364924385,149.755220413208,0.6939364261260046,-3.0884730125200436e-06,-0.00022961187110587795,0.00022963264144779455,0.002716650373316674,0.08452785964040872,0.0013615917005619636,0.0013550586727547106,-0.0006311768237927411,-0.00029243728758539554,0.0006956319070193634,0.0011854370107129031,0.5868147364497175,0.0002542294641623031,0.0,0.0009312075465506,0.009614849154140527,0.0013550586727547106,0.00013987760701490758
VLOW_EXTREME_CI_ONLY,pQscaled,full,0.20829544067382813,0.07897088378667831,0.07723873274949997,164.13692712783813,0.8356700564264989,-9.133514365142637e-05,0.00015753125107134083,0.00018209394149704299,0.012811367320807645,0.014213466598626913,0.0064537007657414205,0.006357666555066224,-0.0011168888036498154,-8.250872566686722e-05,0.0011199322700634563,0.0011215325639244752,0.998573118683562,0.00016023057123996896,0.0,0.0009613019926845062,0.012577000387505092,0.006357666555066224,0.0004910581079571942
VLOW_EXTREME_CI_ONLY,pQscaled,full,0.467383885383606,0.09452624440193176,0.08356634877591178,-140.42315483093262,0.7100808988927317,0.00022397425569208387,-0.00021197244642206018,0.0003083776665956472,0.017709622953837344,0.017413000118606345,0.00896378001767246,0.008745842936164882,-0.0014341575404338688,0.0004907213924877807,0.001515788684424208,0.0015699241140658537,0.9655171678956775,2.820896776581953e-05,0.0,0.001541715146300034,0.019540898153859346,0.008745842936164882,0.0007308581611428987
VLOW_EXTREME_CI_ONLY,pQscaled,full,0.2923923313617706,0.05323349382728339,0.05090710760974374,-104.93215799331665,0.8437254409886048,0.0004897967949946957,-6.388674161628095e-05,0.000493945762347873,0.04585776649674164,0.010771256432276683,0.023174044578783942,0.022683721917957703,-0.0042085169468247235,0.0006271782825563355,0.004254993242041778,0.0047472398744429715,0.8963088772801583,0.00024693359301932995,0.0,0.004500306281423641,0.08965948387653144,0.022683721917957703,0.0011547626726669754
VLOW_EXTREME_CI_ONLY,pQscaled,full,0.6270737051963806,0.10276346147060395,0.0800486184704374,88.95359992980957,0.619879007478977,-0.0002613858800525389,-7.81253511209019e-06,0.0002615026080094,0.02703325778883326,0.009673366415993628,0.013647292688797878,0.013385965100035382,-0.003132652847728487,-0.0022642902900814315,0.0038652974506677303,0.004573203378415858,0.8452056755032111,0.0003850979794534599,0.0,0.004188105398962398,0.05806014520847012,0.013385965100035382,0.0010715280131513227
VLOW_EXTREME_CI_ONLY,pQscaled,full,0.3973594903945923,0.08580868422985077,0.07874345711291683,27.18581199645996,0.7535487454580425,-2.0037073771600467e-05,-7.554596214977283e-05,7.815802404400631e-05,0.3346259683438709,0.000233568316382693,0.16732494367569994,0.16730102466817096,-0.009916010705132079,-0.004509383793843458,0.010893200195740093,0.028808333783389317,0.37812670033769713,0.009102402606561795,0.0,0.019705931176827524,0.2602293790093566,0.16730102466817096,0.013173861060905161
VLOW_EXTREME_CI_ONLY,pQscaled,full,0.5785213947296143,0.0701841652393341,0.05724692217685936,-1.914370059967041,0.6804909861987825,0.0019856447717020442,0.0016027308989443878,0.002551770266661705,0.8341322662709981,0.0030591914134546487,0.41821393268276613,0.415918333588232,-0.13109010095979373,0.028710383656323106,0.13419724549834167,0.25327266641800517,0.5298528554078564,0.14104122691615217,0.05898127479836585,0.05325016470348717,0.9753139286648882,0.415918333588232,0.023810044474854547
VLOW_EXTREME_CI_ONLY,pQscaled,full,0.10700416751205921,0.11147755026817321,0.11083750994751661,-188.44093948602676,0.8115625700841282,-0.00014078169794995465,0.0002840652860579804,0.00031703717955608056,0.001228892127089383,0.2579861751632523,0.0005569999537365973,0.0006718921733527857,-5.0587024498361925e-05,4.381469408060388e-05,6.6923646530765e-05,6.8515209847824e-05,0.9767706568977773,3.4680770156583183e-06,0.0,6.504713283216568e-05,0.0005890696307511171,0.0006718921733527857,7.447085544764794e-05
VLOW_EXTREME_CI_ONLY,pQscaled,full,0.5125900149345398,0.06201513856649399,0.05324827509274188,170.90471506118774,0.7250087353264213,-0.0002227525237417996,0.00023670357413391944,0.0003250342579500088,0.026466763864354845,0.012280846257436058,0.01334824842420585,0.013118515440148996,-0.000646255837902302,-0.00033993462552597505,0.0007302069279692512,0.0010149131644012527,0.719477245523637,0.0001469854404605982,0.0,0.0008679277239406545,0.017073425100022122,0.013118515440148996,0.0006985383189654355
VLOW_EXTREME_CI_ONLY,pQscaled,full,0.2727140188217163,0.11887064337730407,0.11436486862338718,206.21034622192383,0.7600380354048532,-0.0001891518548828714,-0.00044879172937252373,0.0004870240656875298,0.00048744308270079934,0.999140377557171,0.0004583324851554707,2.911059754532862e-05,2.6258658586127153e-05,2.5751210642788034e-05,3.67782816389242e-05,4.123634195247805e-05,0.8918900149074938,2.8811175843049247e-05,0.0,1.2425166109428801e-05,0.00011141192366597363,2.911059754532862e-05,3.329229663819805e-06
VLOW_EXTREME_CI_ONLY,pQscaled,full,0.6889050960540771,0.06339340254664422,0.04595080605606122,-208.3314873278141,0.625581487337358,0.0011537864897851434,0.0008920416274072433,0.0014584106174318967,0.008836456526462644,0.16504473405876438,0.005002704061136651,0.0038337524653259923,0.0006114007398742722,3.2625914114419556e-05,0.0006122706223481647,0.0006693880265122739,0.9146722052052346,0.0006243617565634665,0.0,4.502626994880731e-05,0.001057672142479545,0.0038337524653259923,0.00017616401600114125
VLOW_EXTREME_CI_ONLY,pQscaled,full,0.2255590409040451,0.09210803568363189,0.089734365568776,-37.008934020996094,0.8116447042212908,-3.820285913819221e-05,-6.132773914430774e-05,7.225337386506468e-05,0.1594069285135558,0.0004532636977502532,0.07968515094120567,0.07972177757235015,-0.005601544707044542,0.0005906880946196049,0.005632602908970599,0.016987702339966212,0.33156943748178064,0.005678771222721385,0.0,0.011308931117244828,0.12780274752472343,0.07972177757235015,0.007153783132469916
VLOW_EXTREME_CI_ONLY,pQscaled,full,0.4173467755317688,0.07265618443489075,0.06602611198101825,46.86528444290161,0.760741662781449,-8.799240352000415e-05,0.00028066420824087454,0.0002941344265207734,0.12702436273809814,0.002315574903746821,0.06355363417186308,0.06347072856623508,-0.0016628989189549723,-0.0020975393556357663,0.0026767338610893913,0.014720849255878177,0.1818328422879886,0.0063668745229052285,0.0,0.00835397473297295,0.13128104748127273,0.06347072856623508,0.004190725431831051
VLOW_EXTREME_CI_ONLY,pQscaled,full,0.15943317413330077,0.05460668817162514,0.05390819890321206,67.597496509552,0.8868740069844371,0.0007438979472237164,0.0003066644806652919,0.0008046286470076568,0.044648898573516727,0.018021242913367506,0.02195089302061959,0.02269800555289714,-0.005930894325932899,-0.00029809420541078283,0.005938380895554153,0.007069847907281627,0.8399587902644552,0.0005659447292378336,0.0,0.006503903178043793,0.12118148155066753,0.02269800555289714,0.0012236085980517912
VLOW_EXTREME_CI_ONLY,pQscaled,full,0.5023874998092651,0.11015309154987335,0.0952430538387063,-71.49114608764648,0.6743765601137298,-8.181692589980145e-05,-0.00012509204507825568,0.00014947250284100402,0.014710014558616074,0.010161274976675768,0.007312831871736681,0.007397182686879394,-0.003057345175734181,0.0015737154500457377,0.0034385956204965027,0.005354529566056697,0.6421844492734191,0.001002611427598836,0.0,0.004351918138457861,0.04928318896484786,0.007397182686879394,0.0007045302689012003
VLOW_EXTREME_CI_ONLY,pQscaled,full,0.3378282725811005,0.08143782526254653,0.07664991356016454,-118.84927690029144,0.7852012939067473,3.1534785369559046e-05,-0.00021387761132808997,0.00021618990567488037,0.024021142291169598,0.00899998439101507,0.012025495068857025,0.011995647222312571,-0.0033747627111277738,0.0005575855393701369,0.0034205153106123013,0.003424270709826092,0.9989032995541981,0.00014978882878043847,0.0,0.0032744818810456536,0.043910476692747315,0.011995647222312571,0.0009194653226884865
VLOW_EXTREME_CI_ONLY,pQscaled,full,0.6052056908607483,0.1008221161365509,0.08026137503816712,130.47813415527344,0.6334684151267963,0.00026550701638493237,-0.0002014123152721718,0.0003332580028940423,0.015540351284490397,0.021444689170355892,0.007635828150886905,0.007904523133603491,-0.0013959661476354896,-0.0010049659742185507,0.001720080839577405,0.0022214362351293446,0.7743102468467118,0.000273457793943502,0.0,0.0019479784411858426,0.026723470467889136,0.007904523133603491,0.0006344278957240179
VLOW_EXTREME_CI_ONLY,pQscaled,full,0.18295509219169617,0.05551881633698941,0.05458172930277046,128.9016079902649,0.8791593959643724,0.0002558287249087819,5.9491287629345936e-05,0.0002626548110967145,0.03757287280726433,0.006990543747986481,0.018658781757000257,0.01891409105026407,-0.0019229343656126077,-0.00014057949456499892,0.0019280661733317435,0.0031891843939727844,0.6045640311596429,0.0006311457420734156,0.0,0.0025580386518993686,0.04714232926044693,0.01891409105026407,0.0010323637977134668
VLOW_EXTREME_CI_ONLY,pQscaled,full,0.44116404056549074,0.11098856627941131,0.09960407849902096,-117.21987247467041,0.7022273288721597,0.00014122679142884297,-0.00025367930750958565,0.00029034151903547796,0.01363494270974431,0.021293930250838426,0.006884719559892139,0.006750223149852172,-0.0028199949580868054,0.0007549268075653748,0.0029192954712423083,0.002928298492789871,0.9969255109853208,0.00020874668121831233,0.0,0.002719551811571559,0.02898829537495111,0.006750223149852172,0.0006723497565037843
VLOW_EXTREME_CI_ONLY,pQscaled,full,0.32330137491226196,0.08228142559528351,0.0778625883219602,-69.69725847244263,0.7900679117189962,3.0414594926947425e-05,-1.770159759101723e-05,3.5190824682644236e-05,0.02611133288331411,0.0013477222645011692,0.013070867187081435,0.013040465696232673,-0.0044449647439271656,0.0008927600470870512,0.004533732686918183,0.006410361687728526,0.7072506837792062,0.0009455663129926894,0.0,0.005464795374735837,0.07199846229949756,0.013040465696232673,0.0010153644120324088
VLOW_EXTREME_CI_ONLY,pQscaled,full,0.6571044325828552,0.10172578334808349,0.07668084992034033,65.7490587234497,0.6053910841427723,-5.104004488727838e-05,9.710329211228021e-05,0.00010970020747992327,0.019216151866118095,0.005708750026759797,0.009633238428828347,0.009582913437289746,-0.004630095318703113,-0.0033742343866403055,0.005729157037144501,0.005810009977772342,0.9860838551160183,4.2991944313405895e-05,0.0,0.005767018033458936,0.08402915288646134,0.009582913437289746,0.0007348259470844276
VLOW_EXTREME_CI_ONLY,pQscaled,full,0.37084723114967344,0.11976993799209594,0.11122960896284244,45.231690406799316,0.7224642497222675,0.0003352507853573647,4.372956160298748e-05,0.0003380907624303262,0.04790823408512157,0.007057049145865355,0.02378679228840428,0.024121441796717286,-0.002562395257000374,-0.0012142443665958227,0.002835535017401073,0.008988169388430363,0.3154741410471107,0.0031491498432557915,0.0,0.005839019545174572,0.05495983514763024,0.024121441796717286,0.0026830185386688267
VLOW_EXTREME_CI_ONLY,pQscaled,full,0.553473424911499,0.06423316642642021,0.053497674142131864,-35.429890155792236,0.7003836205825289,-0.0008512141493152714,0.00027353334623555874,0.0008940838995851245,0.4096032440792875,0.002182804732406013,0.20436916197787522,0.20523408210141225,3.2275997838317194e-06,0.005213481275101744,0.005213482274184585,0.024902771891453117,0.20935349273202228,0.011699676865788634,0.0,0.013203095025664482,0.2606760625029528,0.20523408210141225,0.01097954604712089
VLOW_EXTREME_CI_ONLY,pQscaled,full,0.13674135729670525,0.0929388040304184,0.09206580980211435,-206.4872432500124,0.8329749058428472,-0.00023667099175353067,-0.00037391213938418367,0.000442519430439452,0.0009292856496262145,0.4761931173878993,0.0005496855083270058,0.0003796001412992088,9.287940509437993e-05,9.78602459175902e-06,9.339352315870968e-05,0.00011444357049131107,0.8160661429697287,8.902020750448058e-05,0.0,2.542336298683048e-05,0.0002775970522795717,0.0003796001412992088,3.494819440970869e-05
VLOW_EXTREME_CI_ONLY,pQscaled,full,0.5437926173210144,0.07356413871049881,0.0617364693562287,204.41897630691528,0.6955819382539805,1.595798818903281e-05,-0.0004805101494300077,0.00048077506288522255,0.004392234640659314,0.10946024113434649,0.0022343449832505123,0.002157889657408802,0.000220528689829852,-5.775555780987576e-05,0.00022796624200964704,0.00032848338827531584,0.6939962571818846,0.0002586476338613584,0.0,6.983575441395744e-05,0.0012009094749758469,0.002157889657408802,0.00013322048870874136
VLOW_EXTREME_CI_ONLY,pQscaled,full,0.2614332914352417,0.0866440087556839,0.08363066413965227,169.25769329071045,0.8074934853535342,0.00017094169692521977,0.0001851232210362868,0.0002519755359445111,0.011546909707154294,0.02182190233880377,0.005691984752821868,0.0058549249543324265,-0.0007111417907740322,-0.00010876387002123063,0.000719411027165481,0.0007215643696099851,0.9970157306327508,1.67331570490229e-05,0.0,0.0007048312125609623,0.008578554506246722,0.0058549249543324265,0.000489651262418644
VLOW_EXTREME_CI_ONLY,pQscaled,full,0.6767460346221923,0.07109611243009567,0.052342134424798153,-186.8484678864479,0.6255513965012065,0.00026232014529928814,0.0005404032185017928,0.0006007058324978508,0.019062044159583826,0.03151319068767485,0.009673039085557335,0.009389005074026492,-0.0002157016692778799,0.0002516399632241388,0.0003314360891947493,0.00047850830244376436,0.6926443856918173,9.009728819083845e-05,0.0,0.0003884110142529259,0.00805595983575838,0.009389005074026492,0.0004914405656998065
VLOW_EXTREME_CI_ONLY,pQscaled,full,0.23302888572216035,0.11238140106201172,0.10928752014610961,-0.056700706481933594,0.7813898685623701,8.407653614590609e-05,-0.006343829555819219,0.006344386676205649,0.1976171550319708,0.032104432811914725,0.09566829508456023,0.10194885994741058,-0.07496624981562548,-0.008732024021595786,0.07547308695775265,0.5935065056265661,0.12716471722256104,0.22119170201955038,0.2594245886526652,0.11289021495435059,0.9999737206293233,0.10194885994741058,0.01114173808537554
VLOW_EXTREME_CI_ONLY,pQscaled,full,0.4239371418952942,0.06285889327526092,0.056930772506519754,25.381014347076416,0.7699534208861669,0.00039739153520551573,-0.0003797975165083893,0.0005496964487778113,0.5891093116711743,0.000933097538754637,0.29436803776462445,0.2947412739065499,-0.006215091885618022,-0.005718805452969367,0.008445833467194765,0.034594748044833215,0.2441362907528419,0.01366685612689253,0.0,0.020927891917940682,0.3800449104586121,0.2947412739065499,0.016779848413055617
VLOW_EXTREME_CI_ONLY,pQscaled,full,0.1469805583357811,0.07981046617031097,0.07894367512221875,87.36364603042603,0.8502496923979972,-8.168125097506897e-05,-5.306598557525251e-05,9.740547000002163e-05,0.026773959059823764,0.003638067488725815,0.01342773675647015,0.013346222303353614,-0.004712915644902598,-0.00017335633648720466,0.004716102871584539,0.004718277792116069,0.9995390435604732,2.0859349287601817e-05,0.0,0.004697418442828467,0.05982089441437271,0.013346222303353614,0.0010535998376248576
VLOW_EXTREME_CI_ONLY,pQscaled,full,0.4914003133773803,0.09542538881301879,0.08310919912665493,-103.28933238983154,0.6973556983934535,-0.0001968445684433261,-0.00017443359940756114,0.000263011149436515,0.013115362727882269,0.020053669493819544,0.0064580079792841095,0.006657354748598159,-0.0033268407386535556,0.0013446045879731716,0.0035882907906639116,0.00409613903826527,0.8760178199867384,0.00026244791849803356,0.0,0.003833691119767236,0.04915277923839821,0.006657354748598159,0.0005532874214580263
VLOW_EXTREME_CI_ONLY,pQscaled,full,0.3441262602806091,0.054141601696610454,0.05083481576377568,-138.61583292484283,0.8199205710275175,0.00017683566000705614,-0.00039442908546746315,0.000432255889621912,0.047578218714845244,0.009085163364618325,0.0238775997375779,0.02370061897726734,-0.0021159357539774592,0.00040304150264874796,0.0021539792403404263,0.0024975602000755874,0.8624333620767362,0.0001725085682720243,0.0,0.0023250516318035633,0.0466417618416689,0.02370061897726734,0.0012048165991968307
VLOW_EXTREME_CI_ONLY,pQscaled,full,0.6129679322242736,0.10359441339969636,0.08185075265036562,162.27506160736084,0.6262530710378689,0.0001344142003724515,0.00013107542286810785,0.0001877443574167246,0.0104267866598242,0.018005965168552327,0.005148431059831822,0.005278355599992376,-0.001043206226511227,-0.0004918617292061846,0.00115334608495867,0.0011891562756434753,0.9698860516330009,0.00025946399080402436,0.0,0.000929692284839451,0.01256717611321425,0.005278355599992376,0.00043203737861564835
VLOW_EXTREME_CI_ONLY,pQscaled,full,0.32599252462387085,0.06821702450513839,0.06449048854074728,148.16198825836182,0.8083192000090339,0.00019534495671463207,-7.540779930144582e-06,0.00019549044855387784,0.015335706406029156,0.012747404219802938,0.007570160095978937,0.007765546310050218,-0.001224724378458556,-0.00029825432438098905,0.00126051792736266,0.0019169768914540377,0.657555097811536,0.0003335066440179464,0.0,0.0015834702474360914,0.025096466737748804,0.007765546310050218,0.0005008038753209359
VLOW_EXTREME_CI_ONLY,pQscaled,full,0.5935856461524963,0.08766033709049226,0.07054648179522145,-152.91581273078918,0.6544425029068517,0.00010892690367415858,-7.061347925384133e-06,0.0001091555448823501,0.015940070613800417,0.006847870848692797,0.008024379867496722,0.007915690746303695,-0.0007188818596070726,0.0005796725037134801,0.000923477850104472,0.0014682947787090367,0.6289458108107409,0.00030097915181407313,0.0,0.0011673156268949636,0.01794338450373292,0.007915690746303695,0.0005584241331307166
VLOW_EXTREME_CI_ONLY,pQscaled,full,0.16634792238473894,0.058954381346702577,0.05813297713274048,-89.84721302986145,0.8784953031082137,-0.00016425335413914124,-2.5609137129190956e-05,0.0001662377581972876,0.029240104765892543,0.005685265477953974,0.014538068799959527,0.014702035965933016,-0.005806540255411706,0.00024225744119065284,0.005811591727360834,0.0058119556975366575,0.9999373756107262,0.0005138201974779876,0.0,0.00529813550005867,0.09160790650036565,0.014702035965933016,0.0008546731206123123
VLOW_EXTREME_CI_ONLY,pQscaled,full,0.5095168113708496,0.11442308664321899,0.09845656940777495,100.61582326889038,0.6662878914185614,-5.54652831620114e-05,-0.0002612611798225246,0.00026708388517186814,0.008575526126967471,0.03114489784270636,0.004311447561252345,0.004264078565715125,-0.00258181690133506,-0.0011702876488546518,0.0028346695915187578,0.00333633548962754,0.8496356557460666,0.0002612843290139393,0.0,0.0030750511606136006,0.03384059569382115,0.004264078565715125,0.00041982654726553664
VLOW_EXTREME_CI_ONLY,pQscaled,full,0.21373814344406128,0.09637442588806153,0.0941473083013713,11.34845495223999,0.8092557713634762,0.0015645321177738536,0.0008194596546325754,0.0017661469002086094,0.7604283794004262,0.0023225683681100382,0.3794117962280147,0.3810165831724115,-0.02487723538711511,-0.00628945921745367,0.02565997150727072,0.07701815507564098,0.3331678288329486,0.025899311339221593,3.292349076720834e-10,0.051118843407184485,0.5501138570344966,0.3810165831724115,0.035871685723868105
VLOW_EXTREME_CI_ONLY,pQscaled,full,0.40574847459793095,0.07699866950511933,0.07037561189376892,-14.32984471321106,0.7607800741179007,0.0003400385521841742,0.00044190173826900644,0.0005575870902887538,0.7603069168976262,0.0007333710609446312,0.38031316290269424,0.379993753994932,-0.019826170016519953,0.011927938713858695,0.023137690884907334,0.05334763689918052,0.4337153851563134,0.015918876889354273,8.64909901894954e-13,0.03742876000896134,0.5518314242499489,0.379993753994932,0.026742292953203645
VLOW_EXTREME_CI_ONLY,pQscaled,full,0.27964146733283995,0.105705526471138,0.10148835157527406,-173.43318104743958,0.7752651497705992,-0.00032003504036443725,0.0001402301005945104,0.00034940937047224914,0.004500380141837058,0.0776399680604765,0.00209267904686306,0.002407701094973998,-0.00018764959165848934,8.339761112899733e-05,0.00020534734181776315,0.00033829980489051494,0.606998108923195,7.0381016765276e-05,0.0,0.0002679187881252389,0.0027038169069308103,0.002407701094973998,0.00024435361521489346
VLOW_EXTREME_CI_ONLY,pQscaled,full,0.6960585832595825,0.05016766253858805,0.03601962878410088,182.4293565750122,0.635860706257274,-0.0025313017894706587,0.0006777337177575385,0.0026204602156038952,0.03841519050513974,0.0682141668737339,0.02048426651659325,0.017930923988546486,0.0003799176019202145,-0.0004276377810993071,0.000572023999559761,0.0014028103535453237,0.4077700154650226,0.0008233648744171259,0.0,0.0005794454791281977,0.017093296576601393,0.017930923988546486,0.0006458652258233739
VLOW_EXTREME_CI_ONLY,pQscaled,full,0.11853324621915817,0.10706589639186859,0.10631109082797927,217.75360822677612,0.8161339555926462,6.066695041094655e-05,0.00040008355643431716,0.00040465705356671557,0.0005534084219440614,0.7312087014235139,0.0004774310553426613,7.597736660140014e-05,-2.7204752126962347e-05,1.5186031753701712e-05,3.115628505958146e-05,4.375399325440968e-05,0.7120786639579075,2.6110523759609386e-05,0.0,1.7643469494800296e-05,0.00016669882229884786,7.597736660140014e-05,8.077236721632128e-06
VLOW_EXTREME_CI_ONLY,pQscaled,full,0.524480140209198,0.057544480711221695,0.04899467607110167,-193.3424247801304,0.7238956617424789,0.0004149277297673757,0.000729587758032954,0.0008393231306245887,0.01926308770506209,0.04357157811226784,0.00985030368195567,0.009412784023106422,3.5117615594664094e-05,0.00016407293606935107,0.0001677890797265184,0.0005825135640586149,0.2880432149208646,0.0002972434583242564,0.0,0.00028527010573435856,0.006090604207922359,0.009412784023106422,0.0004611763041393402
VLOW_EXTREME_CI_ONLY,pQscaled,full,0.390137928724289,0.09882853746414184,0.09099701097183019,-49.43550229072571,0.7402667769601655,5.6217425331052395e-05,0.0002604727610538687,0.0002664703701387421,0.04220740370207102,0.0063133561121094415,0.02113293549754409,0.02107446820452693,-0.0024663219100480014,0.00142939350318596,0.002850598104070978,0.01004807368107551,0.28369597940346686,0.0037067591816339045,0.0,0.006341314499441604,0.07273613723607142,0.02107446820452693,0.0019177136144328236
VLOW_EXTREME_CI_ONLY,pQscaled,full,0.5716620206832885,0.08328173220157623,0.06833176217337084,31.03909969329834,0.6706352551969893,8.169632923893388e-05,-0.0002951577156455349,0.0003062553955707666,0.35836434979791787,0.000854592248764321,0.17914910310701085,0.17921524669090702,-0.00649717606701797,-0.007166314341736159,0.009673125559528546,0.0236259757398362,0.4094275582962873,0.007555414742858404,0.0,0.016070560996977797,0.252897600239633,0.17921524669090702,0.012246093614725045
VLOW_EXTREME_CI_ONLY,pQscaled,full,0.30393396615982055,0.06632612153887749,0.06318843838951489,79.27173137664795,0.8202617880710332,0.00012288801608440966,4.003318251525516e-05,0.0001292444203803857,0.039925830477522566,0.0032371128874362923,0.01990127293481673,0.020024557542705837,-0.0062699417071055965,-0.0008721364367368785,0.006330307336519005,0.006338916639473531,0.9986418337005512,0.0006860222548243067,0.0,0.005652894384649225,0.09114278342784773,0.020024557542705837,0.0012653205205645636
VLOW_EXTREME_CI_ONLY,pQscaled,full,0.6389878630638122,0.1157799768447876,0.08905990520831561,-56.41813397407532,0.600514546908942,-5.568297987253255e-05,4.503554166659484e-05,7.161560067952e-05,0.012122836085223089,0.005907495587341416,0.006033839019544313,0.006088997065678775,-0.003987847584926202,0.0030101356689691415,0.004996383202497787,0.00607882500686769,0.8219323959569206,0.0005952586528485479,0.0,0.005483566354019142,0.0694272043092964,0.006088997065678775,0.0005422855014830636
VLOW_EXTREME_CI_ONLY,pQscaled,full,0.20108887255191804,0.07449501782655715,0.07297330821174526,-131.3597947359085,0.8445452899607379,0.0003682803606628298,-0.00014812127883382335,0.00039695130342815504,0.028852542602955007,0.013757931454800008,0.014609024630735898,0.014243517972219108,-0.002053579649737121,0.00012539933296921055,0.0020574047658454475,0.002876645321933295,0.7152097445445855,0.00040981212483954757,0.0,0.0024668331970937474,0.03411979024858911,0.014243517972219108,0.001039396627006278
VLOW_EXTREME_CI_ONLY,pQscaled,full,0.4605463981628418,0.09011098563671112,0.07998572168290156,114.52097654342651,0.7187283389185267,-7.960661405458959e-05,-0.00025522697790073885,0.00026735374179087266,0.021365217553534877,0.012513504303008429,0.010721443847674284,0.010643773705860591,-0.0029366999430262444,-0.000962101973527122,0.003090282634781992,0.0030976783067344924,0.9976125113002717,0.00013311644488330678,0.0,0.0029645618618511856,0.03910333772288437,0.010643773705860591,0.0008513499212927511
VLOW_EXTREME_CI_ONLY,pQscaled,full,0.30877265334129333,0.1117181348800659,0.10625912572800579,118.0230188369751,0.7566958945393064,0.0003070768977946805,-0.00026700470407600664,0.00040692472664845584,0.011353227672086406,0.03584220614626911,0.005520395405246889,0.005832832266839517,-0.0020895564648774284,-0.0003578221606453052,0.002119972386272975,0.002273987256541157,0.932271005554071,7.821605208135336e-05,0.0,0.0021957712044598037,0.021302501681881934,0.005832832266839517,0.0006197916571924692
VLOW_EXTREME_CI_ONLY,pQscaled,full,0.652899158000946,0.06164210140705109,0.04669049179374087,-127.87856936454773,0.6476091548763653,0.00010525426489240569,-0.0003273951958283018,0.00034389834912295345,0.0642843134674761,0.005349646446748532,0.032195854835296744,0.03208845863217936,-0.002261968625775781,0.001645038405547254,0.0027969006810609895,0.0029733590818070365,0.9406535181620195,9.123575286091092e-05,0.0,0.0028821233289461254,0.0661379032732085,0.03208845863217936,0.0014982259144395637
VLOW_EXTREME_CI_ONLY,pQscaled,full,0.18716814517974856,0.08598091781139373,0.08446145365962474,-66.76706194877625,0.8313109095207761,1.7269572558381227e-05,-0.00013097616002574584,0.00013210977492766755,0.026155611688841906,0.00505091513436197,0.013086299155436675,0.013069312533405231,-0.005181216143403359,0.0002759534044267276,0.0051885596273029645,0.005675741535998649,0.9141641835510103,0.00024360099689531346,0.0,0.005432140539103335,0.06490624546501914,0.013069312533405231,0.0011038531349033586
VLOW_EXTREME_CI_ONLY,pQscaled,full,0.45571713447570805,0.06987949162721634,0.06220145805855536,68.88907670974731,0.745279286415686,0.00039622938304028493,0.00025832105409661135,0.0004729984048324786,0.03160208204144395,0.014967317792928026,0.015601550147470182,0.016000531893973765,-0.005763504108786441,-0.0020301875107892383,0.006110617067118736,0.006451216041064649,0.9472039113590259,0.00017427100866802727,0.0,0.006276945032396622,0.10522645598241022,0.016000531893973765,0.0009952564135175864
VLOW_EXTREME_CI_ONLY,pQscaled,full,0.12337224632501603,0.05292241126298905,0.05251810855231289,34.406864643096924,0.8976198263191864,-0.00042177213794070134,-7.519453229140258e-05,0.00042842263482406335,0.4359660711982219,0.0009826971939503775,0.21819561178170907,0.21777045941651282,-0.0025698333120023186,0.0003299276612981533,0.002590925609346296,0.025429244664304906,0.10188763541935487,0.011442940631832977,0.0,0.01398630403247193,0.2670035226069655,0.21777045941651282,0.011436892627123472
VLOW_EXTREME_CI_ONLY,pQscaled,full,0.5383911490440368,0.10293355882167815,0.08674160192316839,-46.034849882125854,0.6650715670541356,0.00010069135603012896,0.0002611288931791931,0.0002798696983100826,0.07927885324065706,0.003530193574578025,0.039689246106399484,0.03958960713425758,-0.001975537185436349,0.002864842412765927,0.0034799524739605667,0.011775534914657942,0.29552394003169474,0.004579640611406527,0.0,0.007195894303251415,0.08990186033488275,0.03958960713425758,0.003434065942334399
VLOW_EXTREME_CI_ONLY,pQscaled,full,0.3762168884277344,0.07859143793582916,0.0728174527330114,-203.61078143119812,0.7722843257900045,-0.0006230511963590613,0.00014192949110615225,0.0006390123423926246,0.0026615813231686994,0.24008747612934336,0.0010118645161343923,0.001649716807034307,0.00012553511188835256,3.342420719674928e-05,0.0001299085907226786,0.0001862397954257448,0.6975340067655907,0.0001406815465280119,0.0,4.555824889773288e-05,0.000646405767185037,0.001649716807034307,0.00012012817561907516
VLOW_EXTREME_CI_ONLY,pQscaled,full,0.5668330430984497,0.09476469278335571,0.07807025178073665,207.5052309036255,0.6603076282482364,0.00012147833067865032,-0.00042738613789399893,0.0004443150860463999,0.001347146860357145,0.32981933827803556,0.0007263355683025359,0.000620811292054609,8.459217574940081e-05,-1.936557288492981e-05,8.678053705283831e-05,0.00012593736637175792,0.68907695589342,9.592063864443745e-05,0.0,3.0016727727320457e-05,0.00041691887593861185,0.000620811292054609,4.846689387902776e-05
VLOW_EXTREME_CI_ONLY,pQscaled,full,0.2467012584209442,0.0816116589307785,0.07908917144350447,185.94461679458618,0.8196242886465737,1.753940186600359e-05,-1.5052188866499308e-05,2.3112745563648123e-05,0.004694514894168727,0.004923351205543396,0.0023386673650680856,0.0023558475291006417,-0.0001655989117076458,-6.4278918651846e-05,0.00017763664864494405,0.00037197784178340373,0.4775463177945765,0.00010096175788274525,0.0,0.00027101608390065846,0.003478583296496591,0.0023558475291006417,0.00018632202912379704
VLOW_EXTREME_CI_ONLY,pQscaled,full,0.4290353417396545,0.10051584243774414,0.09079472449453553,-169.9651736021042,0.7206702983602782,-0.00023194743643463944,0.00022241548136429554,0.0003213537919787355,0.006570458927617208,0.0489088807218622,0.003175064234989175,0.003395394692628034,-0.00046415834562274423,0.00014781923675641391,0.00048712780311381494,0.000488599967563127,0.9969869739106292,5.238375490408566e-05,0.0,0.0004362162126590414,0.0050607246476834485,0.003395394692628034,0.00030828392566737046
VLOW_EXTREME_CI_ONLY,pQscaled,full,0.256346321105957,0.05484887704253197,0.05301610185674098,-24.691990613937378,0.8557198102905924,8.878357465741393e-05,-0.0006819221329518489,0.0006876774814828152,0.6525594667737606,0.0010538158075963208,0.32634486191170026,0.3262146048620604,-0.006810883245830471,0.0024437924375781623,0.007236038423495167,0.03552609198901272,0.20368236466124776,0.014250262336041285,0.0,0.021275829652971437,0.4058453271382139,0.3262146048620604,0.017294626718523505
VLOW_EXTREME_CI_ONLY,pQscaled,full,0.6631037473678588,0.10977845013141632,0.08217218897523626,0.9790182113647461,0.5935736623708501,-0.0009345372705804322,9.84298695319713e-05,0.0009397065229740639,0.4643287054900834,0.002023795883957324,0.23260569840409298,0.23172300708599042,-0.05915570599104142,-0.00876649185645844,0.05980174688725978,0.4816781150392808,0.12415292499303798,0.1916419733245506,0.2096093026615398,0.08042683905319042,0.9912788741718811,0.23172300708599042,0.01904118672818002
VLOW_EXTREME_CI_ONLY,pQscaled,full,0.3589559614658355,0.09173125803470611,0.08561778223449558,103.99680614471436,0.7628246738744549,0.00010790555286732673,-0.00022824277775086095,0.00025246459936995594,0.010876849047193455,0.023211189037793446,0.00538251844928355,0.005494330597909906,-0.003469035950285031,-0.0007149610862437587,0.0035419457617548045,0.0035444936000476163,0.9992811841180925,0.00010506704909627036,0.0,0.003439426550951346,0.0415714017446421,0.005494330597909906,0.0004704124006561763
VLOW_EXTREME_CI_ONLY,pQscaled,full,0.616872227191925,0.07289196461439132,0.057370591005297095,-86.45977854728699,0.656919787162049,-0.0004499439939796776,9.393219472454101e-05,0.00045964426997859253,0.025450469971348946,0.018060345074021676,0.012499953725780603,0.012950516245568342,-0.0046078082802547575,0.00282659905282419,0.005405696934994683,0.005427351083344615,0.9960101810224504,0.00015875634865411827,0.0,0.0052685947346904965,0.09879132248629093,0.012950516245568342,0.0007429787708319571
VLOW_EXTREME_CI_ONLY,pQscaled,full,0.14305245876312256,0.11856223344802856,0.11734283362413811,-163.19738566875458,0.7949022996355936,0.00019412068632656447,0.00013874641440239047,0.00023860722614668713,0.0018336181342183764,0.13012918104039709,0.0010212136888767397,0.0008124044453416367,-0.0004041173236457951,3.8527166397011105e-05,0.0004059496937075126,0.0004059870737170578,0.9999079280790273,7.545878210044998e-05,0.0,0.00033052829161660783,0.0028366317578527762,0.0008124044453416367,9.532983966523386e-05
VLOW_EXTREME_CI_ONLY,pQscaled,full,0.4765622615814209,0.06356082752346992,0.05587891186344135,137.92682886123657,0.7422204486720313,0.00012951393754021163,-7.002376989716705e-05,0.0001472317505424059,0.028547579803149058,0.005157416199819634,0.014208787773185783,0.014338792029963276,-0.0017372051445962197,-0.0007193564893615891,0.0018802540980405289,0.002244305221180311,0.8377889425625857,0.00018873391298915044,0.0,0.0020555713081911605,0.038350838276339325,0.014338792029963276,0.0008012360960705332
VLOW_EXTREME_CI_ONLY,pQscaled,full,0.16118511706590652,0.10004745721817015,0.09873925573891083,151.90620183944702,0.8177080201670175,1.562251904340447e-05,-0.000129653427793754,0.0001305912494768762,0.0026990757906022343,0.04838369116256907,0.001341060912087806,0.0013580148785144284,-0.0009187449602684442,-5.7759410904508885e-05,0.0009205587713811111,0.0011038047212608478,0.833986984880256,9.175499489321115e-05,0.0,0.0010120497263676367,0.010329241693634568,0.0013580148785144284,0.00013408937838688207
VLOW_EXTREME_CI_ONLY,pQscaled,full,0.4959457635879516,0.08394280374050139,0.07289202736102673,-148.9785623550415,0.7086820073300605,0.00010910146452411569,-1.4352362434358215e-05,0.00011004144614077939,0.01784770202045708,0.006165580645320514,0.008978159703423359,0.008869542317033722,-0.0007457542849392281,0.0004780340273773784,0.0008858137416160666,0.0017808344109524715,0.49741499612093776,0.0004752315618551578,0.0,0.0013056028490973136,0.018968440880287464,0.008869542317033722,0.0006465189212530065
VLOW_EXTREME_CI_ONLY,pQscaled,full,0.33958966135978697,0.10828470766544342,0.10184974680487467,-99.82106924057007,0.7492857123890777,0.00032378019403201926,-0.00024216901082730374,0.0004043259129124509,0.007336108414283988,0.05511449532632095,0.003825008734482856,0.003511099679801132,-0.0029316957399037175,0.0005737054483937708,0.0029873027722154824,0.003766569390023367,0.7931097141414336,0.0003928372804682925,0.0,0.0033737321095550746,0.03432516818224043,0.003511099679801132,0.00035760461339442176
VLOW_EXTREME_CI_ONLY,pQscaled,full,0.5987545132637023,0.05820544637739659,0.046618639613980904,90.87864398956299,0.681908210380981,-0.0002980170667383347,0.0005213373876842344,0.0006005054902869271,0.06761532536525044,0.008881203884519693,0.03395543556961198,0.033659889795638456,-0.0024523248364605654,-0.0023684412299502327,0.0034093123886275822,0.006121644696095285,0.5569275183190723,0.0015013026215137488,0.0,0.004620342074581536,0.10492345025172403,0.033659889795638456,0.0015691782718291825
VLOW_EXTREME_CI_ONLY,pQscaled,full,0.27563812732696535,0.07515795439481734,0.07224644607782879,15.146431922912598,0.8186128271942121,-0.0005378326311905601,0.0007882093322246382,0.0009542210910367529,0.7228474440599775,0.0013200864150217251,0.3616719995974489,0.36117544446252864,-0.0210036866890378,-0.006469111244865187,0.021977357776350296,0.05222004653720746,0.4208605551642136,0.015356526273903026,1.5613286705643486e-13,0.0368635202631483,0.5191551278421074,0.36117544446252864,0.026093642272997923
VLOW_EXTREME_CI_ONLY,pQscaled,full,0.6812911987304687,0.091328027844429,0.06685325813069787,-10.338857173919678,0.6041481329946435,0.00030547682265874565,-0.002137121572392363,0.002158843371893035,0.9222363216041263,0.0023408787111507054,0.461293332759399,0.4609429888447273,-0.01012268769732946,0.030128126014405662,0.031783215434527265,0.06298308609926041,0.5046309636913834,0.021528025130296086,3.3033488949731095e-09,0.041455057665615434,0.6881699937799514,0.4609429888447273,0.03081554061677194
VLOW_EXTREME_CI_ONLY,pQscaled,full,0.22849202752113343,0.06698896005749702,0.06521681963215945,-183.46077114343643,0.8474782914610804,-4.269249394568599e-05,0.0003544232767450016,0.0003569853052129267,0.010663452454411613,0.03347746020710485,0.005316868932782169,0.005346583521629443,-0.00028591397327432534,5.635846659552572e-05,0.00029141564280338593,0.0005168757564196107,0.5638021114046667,0.00011440570481807325,0.0,0.00040247005160153754,0.006238295366139467,0.005346583521629443,0.0003486871731783833
VLOW_EXTREME_CI_ONLY,pQscaled,full,0.4097240090370178,0.11699692726135254,0.10672571265671159,172.6384139060974,0.7092776692804653,0.00036791491665656576,3.6600413219623146e-05,0.0003697309510255463,0.006466966256683219,0.05717224063809503,0.0030502991364639268,0.003416667120219292,-0.0002071115331166956,-0.00015724424685854653,0.00026004026672817347,0.000520722638193337,0.4993834484136895,0.00014130426499683817,0.0,0.00037941837319649884,0.0037540050640703752,0.003416667120219292,0.0003646462333161583
VLOW_EXTREME_CI_ONLY,pQscaled,full,0.39442622661590576,0.06016224443912506,0.055284747472985056,194.03647899627686,0.7880175912371166,-0.00017845264117462723,0.001114706303841331,0.0011289001235564651,0.015197578273409982,0.07428157981798963,0.007723283394653275,0.007474294878756707,-0.00012291912611991012,-9.95784187413677e-05,0.000158192834999293,0.00034906832660539774,0.45318587491903994,0.00010295058492460911,0.0,0.00024611774168078863,0.004577936749510304,0.007474294878756707,0.00041321450491069004
VLOW_EXTREME_CI_ONLY,pQscaled,full,0.5861444473266602,0.11509499788284301,0.09325072351542206,-216.83633022010326,0.6278877861920549,0.0001684199763896445,0.0003450555483045175,0.000383964347124599,0.0005159595966668321,0.744175221480315,0.0003599709119950418,0.0001559886846717903,-2.196519463382674e-05,-2.6033944939604496e-05,3.40622381005748e-05,3.9151246587631395e-05,0.8700166934439965,2.3460746065150403e-05,0.0,1.5690500522480996e-05,0.00018658666480233824,0.0001559886846717903,1.4546057705863469e-05
VLOW_EXTREME_CI_ONLY,pQscaled,full,0.10408033952116967,0.06942499190568924,0.06904793734624205,-31.947989463806152,0.8750834929488946,-0.0005632119658752766,2.920152674454682e-06,0.0005632195360574204,0.32834386639891744,0.001715334421301914,0.16389061596728888,0.16445325043162856,-0.008588418855116365,-4.515280786256939e-05,0.008588537547625683,0.023169588968582615,0.3706814807665101,0.007298304411759411,0.0,0.015871284556823205,0.2304020206389439,0.16445325043162856,0.011355157732188943
VLOW_EXTREME_CI_ONLY,pQscaled,full,0.5202036261558532,0.08833235681056976,0.07543956592441943,48.73305082321167,0.6914537109548827,-0.000437635441003191,0.0003602660590951556,0.0005668477860572551,0.07700004073249467,0.007361655664917576,0.03871736562190246,0.038282675110592204,-0.0014292779871664229,-0.002839109957153512,0.003178581588288512,0.012606229007427886,0.2521437288197415,0.005282226346857473,0.0,0.007324002660570413,0.10363755695980618,0.038282675110592204,0.002888028392768651
VLOW_EXTREME_CI_ONLY,pQscaled,full,0.20653433799743653,0.10637557685375212,0.10408205057705017,55.50083875656128,0.797410513988059,0.0007961559167366248,-6.673632585378655e-05,0.0007989480464605931,0.00186541081116275,0.42829603092227003,0.0005357205928626372,0.001329690218300113,-0.004363660560173634,-0.000378812846633505,0.004380072220544937,0.005979251076007681,0.7325452911854187,0.000800752689067263,0.0,0.005178498386940417,0.050418774696585636,0.001329690218300113,0.00013839688455292125
VLOW_EXTREME_CI_ONLY,pQscaled,full,0.47383477687835696,0.051377399787306786,0.04524364549508289,-79.96577739715576,0.7589542955624031,0.0005068150755497131,-0.0004657927762340447,0.0006883490620290553,0.049489214443957215,0.013909072305210166,0.02499901512025462,0.024490199323702593,-0.005043034253091004,0.0020270106172857816,0.005435160211110472,0.006200746847920118,0.876533157120156,0.0003936213917336574,0.0,0.005807125456186461,0.13275161411303507,0.024490199323702593,0.001108025896305519
VLOW_EXTREME_CI_ONLY,pQscaled,full,0.2906400978565216,0.09704456806182861,0.09285539162229631,-113.81854474544525,0.7829315289125163,0.00011047281998656424,-0.00029975197861096777,0.00031946125373349103,0.012996033305719617,0.024581443138722115,0.006550748062678114,0.006445285243041504,-0.0036771423949198555,0.00039693528683454625,0.0036985042671938825,0.00370246007529673,0.9989315730561248,0.0004791758463469713,0.0,0.0032232842289497588,0.03555526812297541,0.006445285243041504,0.000598479485360026
VLOW_EXTREME_CI_ONLY,pQscaled,full,0.633515727519989,0.07820850193500518,0.060512249549880236,132.26869106292725,0.6427971000673989,-0.00010639514710578113,-8.271295933915662e-05,0.00013476409377242063,0.027739121937409558,0.004858268191635651,0.013922372943889013,0.013816748993520544,-0.0014239438319600234,-0.0012292861433563199,0.0018811593390313458,0.0025970050019131097,0.7243572259758492,0.00039896201265308544,0.0,0.0021980429892600245,0.03938356666714634,0.013816748993520544,0.0008360825630639717
VLOW_EXTREME_CI_ONLY,pQscaled,full,0.38103569149971006,0.09520863234996796,0.08802612444102981,134.15158987045288,0.7488674738911109,0.0001587881985818081,-0.00019961147126082733,0.0002550655434741585,0.011240304801091172,0.022692048657736802,0.005538762168268073,0.0057015426328231,-0.001604355901520249,-0.00040854838388263223,0.0016555571994697016,0.0018084726827418292,0.9154449582061172,7.799145121576791e-05,0.0,0.0017304812315260612,0.020453222266550376,0.0057015426328231,0.0005018847013027229
VLOW_EXTREME_CI_ONLY,pQscaled,full,0.561977744102478,0.08019827961921691,0.0663361956964985,-111.2979793548584,0.6789869262412128,-5.09583090945228e-05,-0.0003171470951365571,0.00032121492683144303,0.030993912574264273,0.010363806959246599,0.01547241743160955,0.015521495142654723,-0.0038636575514877014,0.0017193355886595749,0.004228943667347593,0.004274955798652609,0.9892368170637605,0.00045250639843378556,0.0,0.0038224494002188237,0.06169019338182223,0.015521495142654723,0.0010296369392853945
VLOW_EXTREME_CI_ONLY,pQscaled,full,0.12763093262910843,0.10453960776329041,0.10368465467463772,-76.47842168807983,0.8181706473360293,0.000275014987868974,-0.0001349706305980663,0.00030634998723129,0.002278485879708709,0.13445331830207577,0.0012665702777741351,0.001011915601934574,-0.003099408131849957,8.20529586576565e-05,0.003100494066403307,0.004672109120173531,0.6636176481871214,0.0007860330670292771,0.0,0.0038860760531442538,0.037669168591847796,0.001011915601934574,0.00010492011974646446
VLOW_EXTREME_CI_ONLY,pQscaled,full,0.5341690659523011,0.05336714409291744,0.04511539205550208,59.639596939086914,0.7237443990192692,-0.0005613461026602595,0.0004177492006805259,0.0006997312638728393,0.06973870962973186,0.010033613578283345,0.0351493550632605,0.03458935456647135,-0.00580633569269692,-0.0030281598092463183,0.006548533118693142,0.0074206067169315494,0.8824794748590032,0.00046485892069799133,0.0,0.006955747796233558,0.1609770335468217,0.03458935456647135,0.0015605122922131263
VLOW_EXTREME_CI_ONLY,pQscaled,full,0.19144066274166108,0.0714177069067955,0.07009677848413215,52.656965255737305,0.8520720629225221,-0.0009086000349020698,0.0003384118856427104,0.0009695754884320754,0.045671906695179565,0.02122914409733641,0.02328909177506478,0.02238281492011478,-0.0026468354884307396,-0.00041000712713287757,0.002678403245800779,0.011672256060715534,0.22946748528035085,0.004505479739651603,0.0,0.007166776321063931,0.10307325324380179,0.02238281492011478,0.001568963219306614
VLOW_EXTREME_CI_ONLY,pQscaled,full,0.4514811038970947,0.08649348378181457,0.07717646456912264,-28.245790004730225,0.7274482755403047,0.0005927350580436086,-0.0001065015434958301,0.0006022270566829045,0.33065753693998406,0.0018213014657283047,0.16562751735128237,0.1650300195887017,-0.009594043457536651,0.00549978521594255,0.011058630443531517,0.026543383909755934,0.41662474088192125,0.007963990422025561,0.0,0.018579393487730373,0.2530287939640388,0.1650300195887017,0.012736433459629052
VLOW_EXTREME_CI_ONLY,pQscaled,full,0.31358669996261596,0.06215492606163025,0.05901980501592901,-214.53061308711767,0.8222190530981519,-0.00016593509528848406,-0.00064185818910923,0.0006629603236808206,0.0013437490450244893,0.49336617289921786,0.0008581782681097797,0.0004855707769147096,0.00013751540840312518,2.291267125583374e-07,0.00013751559928723984,0.00015805536480743956,0.8700470208941233,0.00014031822848856404,0.0,1.7737136318875523e-05,0.0003061758328792823,0.0004855707769147096,2.8658292574939328e-05
VLOW_EXTREME_CI_ONLY,pQscaled,full,0.6480485081672668,0.11325609147548675,0.08625573302034881,196.1342215538025,0.5980194777106931,0.0003143288136351705,0.0003141971850426828,0.0004444350055632877,0.0041441962141373,0.10724275169383653,0.001919553210701062,0.0022246430034362384,8.041414983244111e-05,-9.908292531081932e-05,0.0001276082347712078,0.00022650882228289812,0.563369821470823,0.0001232421786860722,0.0,0.00010326664359682591,0.0013507987522047638,0.0022246430034362384,0.00019188821296998312
VLOW_EXTREME_CI_ONLY,pQscaled,full,0.13849497884511947,0.06516767755150796,0.06453966549544812,176.22642517089844,0.8753377498813245,0.0003256470459742644,7.417969793848864e-06,0.00032573152261890025,0.016396604038349884,0.01986579183451921,0.008035607042565548,0.008360996995784336,-0.00029069808241150843,-6.775900131168587e-05,0.0002984906319744142,0.0009281832104418768,0.32158589879280564,0.0003179885030540238,0.0,0.0006101947073878529,0.009491757557331998,0.008360996995784336,0.0005396159493163677
VLOW_EXTREME_CI_ONLY,pQscaled,full,0.48108325004577634,0.11900616466999053,0.10432971929213739,-179.2078247666359,0.6751637820324797,-0.000398205898005901,-1.1772704404767448e-05,0.00039837988625894257,0.002844589154253831,0.14004830386953057,0.0012236085675380408,0.0016209805867157903,7.260560313215823e-06,9.678386170100664e-05,9.705581704267614e-05,0.00026799067351831844,0.36216117437371004,0.00012269288402902583,0.0,0.00014529778948929264,0.0015003245657139778,0.0016209805867157903,0.00016911644959006255
VLOW_EXTREME_CI_ONLY,pQscaled,full,0.35384093523025517,0.07333670526742936,0.0685922321871327,-8.55661392211914,0.7891761010241382,0.00043958983640424165,-0.0009482449532782862,0.0010451831015126714,1.0095777202647458,0.0010352675980593038,0.505012881981709,0.5045648382830369,-0.023789169746525663,0.01663864628310302,0.029030486516130414,0.07305564635209186,0.39737498695470885,0.024173911138424615,1.1713702297467479e-07,0.04888161807664427,0.7323775088236357,0.5045648382830369,0.03460922854097313
VLOW_EXTREME_CI_ONLY,pQscaled,full,0.622023856639862,0.09333729863166809,0.07308294519964025,17.552802562713623,0.6332688983163425,-6.918192405475088e-05,0.0010269796957691757,0.0010293072593439074,0.6472728782925055,0.0015902215184099813,0.32364218535255496,0.3236306929399505,-0.011752433512953882,-0.01752897529216784,0.021104138652639493,0.044793159807003796,0.47114645949446,0.013763682417047318,1.2142169319371894e-15,0.031029477389955266,0.46593816846363717,0.3236306929399505,0.023651884197052005
VLOW_EXTREME_CI_ONLY,pQscaled,full,0.2512448489665985,0.11029100775718689,0.10675326531239818,93.07017087936401,0.7786021738237164,0.0004477060200836734,-0.00023265858159697442,0.000504549993568406,0.012184465282356375,0.041409284845598165,0.005865516508750947,0.0063189487736054276,-0.003021184220851896,-0.00035671902389369494,0.0030421706984211368,0.003687590048472079,0.8249752978049854,0.0003235300941691209,0.0,0.0033640599543029582,0.03215280473855898,0.0063189487736054276,0.0006745684149241532
VLOW_EXTREME_CI_ONLY,pQscaled,full,0.6682417154312134,0.05638710118830204,0.041948858287718216,-97.82398223876953,0.6443577187128847,0.0009731262053950598,-0.0002362603460922979,0.0010013958072421915,0.07120465650739038,0.014063628087837945,0.036090394883662974,0.03511426162372742,-0.004908188481378523,0.0029772125308984445,0.005740566925215273,0.0059151087359836756,0.9704922058817247,0.0011198684197266866,0.0,0.0047952403162569894,0.12205929649082291,0.03511426162372742,0.0014730031847316038
VLOW_EXTREME_CI_ONLY,pQscaled,full,0.2421393036842346,0.10205379068851471,0.0990168223950015,-144.94045317173004,0.7927993490609331,-0.00012241540268599898,-0.00011613893534610187,0.00016874176459342043,0.010838284147209401,0.015569047858637655,0.005355632688330236,0.005482651458879166,-0.0007441755440176838,0.00011743988045389295,0.0007533852705190355,0.0012752613183463612,0.5907693267885075,0.0002632138290234004,0.0,0.0010120474893229607,0.010401664495733993,0.005482651458879166,0.0005428747257575343
VLOW_EXTREME_CI_ONLY,pQscaled,full,0.4335606932640076,0.08212449193000793,0.07400438082637122,155.70905685424805,0.7413037115076452,0.00012201633877898053,2.67488981453064e-06,0.0001220456552464971,0.010141760760139559,0.012033971036486468,0.005009890134576521,0.0051318706255630364,-0.001393304872477486,-0.0003666406890819112,0.0014407372635425108,0.0014503512514270742,0.9933712692871302,0.00021265753433170103,0.0,0.001237693717095373,0.017479533409814372,0.0051318706255630364,0.00037978090812583476
VLOW_EXTREME_CI_ONLY,pQscaled,full,0.2239265948534012,0.11668890535831451,0.11372570878515956,142.2670555114746,0.7781014836865204,0.00028399241615232685,-0.00016309542335249898,0.000327493220617721,0.005423614452105327,0.060382835747216874,0.002568321727362045,0.002855292724743283,-0.0008281583515645683,-0.0001108973099488116,0.0008355503986116133,0.0011365565918385057,0.7351595200902888,0.00015165451009562013,0.0,0.0009849020817428854,0.008807263137343684,0.002855292724743283,0.00032472018891053936
VLOW_EXTREME_CI_ONLY,pQscaled,full,0.4142527937889099,0.06551963821053505,0.05963347619197138,-158.19275498390198,0.7713153345798537,0.00018485741352118439,7.228803832315666e-05,0.00019848885061471923,0.021393007865091893,0.009278211454248187,0.010789569168873045,0.01060343869621885,-0.0009652045968947129,0.00031417304356631175,0.0010150490703263585,0.0013948285163751918,0.7277231992388956,0.00019560536689698532,0.0,0.0011992231494782064,0.02078732229399968,0.01060343869621885,0.0006323199090439949
VLOW_EXTREME_CI_ONLY,pQscaled,full,0.270531040430069,0.08985789656639098,0.08650720817255317,-83.71100068092346,0.7998813933772724,5.020076595981665e-05,-9.723230769547429e-05,0.00010942686399024546,0.004177062576129221,0.02619708515155709,0.0021133576205080414,0.0020637049556211803,-0.004998881590135884,0.0005234645721454387,0.00502621451099044,0.005028827381857423,0.9994804214444443,0.00041618361469344326,0.0,0.0046126437671639795,0.054372860630220385,0.0020637049556211803,0.00017852535420265106
VLOW_EXTREME_CI_ONLY,pQscaled,full,0.6864350318908691,0.07485074192285537,0.05443079598324268,107.37023591995239,0.6169748736100821,-0.0004047015810304845,-0.00023269429605281495,0.0004668297388814137,0.03901184312869163,0.011966359480669517,0.019709480638928602,0.01930236248976303,-0.003504953472405222,-0.0023080047218689056,0.004196615855650191,0.004334099189382823,0.9682786831299022,0.0006813947389211477,0.0,0.0036527044504616754,0.07323907331310409,0.01930236248976303,0.0010506429546748876
VLOW_EXTREME_CI_ONLY,pQscaled,full,0.3344781041145325,0.056804216355085375,0.053532493545124196,4.137604236602783,0.8206404451477716,0.0035333644776559536,-0.0019230502453940063,0.004022783461519012,1.1762969635267337,0.0034198706502293753,0.5863091971147635,0.5899877664119704,-0.07213249852839101,-0.025856313438802597,0.07662666825977713,0.07959015132686945,0.9627657063381903,0.03069959602256832,0.0009293089128207116,0.04796124639148041,0.913370644188557,0.5899877664119704,0.031583516297151046
VLOW_EXTREME_CI_ONLY,pQscaled,full,0.6039027094841003,0.10790859341621398,0.08600941185573342,-21.728368997573853,0.6260944707691403,1.061267434324109e-05,-0.0003916710778171014,0.0003918148313363413,0.42405185178110383,0.0009239785882095297,0.2120430653632047,0.2120087864178991,-0.00638050385569441,0.012117225464898117,0.013694450789268866,0.039864692588315,0.3435233009493433,0.014857021870576151,0.0,0.02500767071773885,0.3222190599771332,0.2120087864178991,0.018234751028051308
VLOW_EXTREME_CI_ONLY,pQscaled,full,0.15663324743509294,0.08356696486473084,0.08253548411667097,-165.1753866672516,0.8424105503878132,9.220309425081365e-06,0.00011987472719187419,0.0001202287998992775,0.007499793812497909,0.016030947370702462,0.003756494609589014,0.0037432992029088953,-0.0007428172860630835,4.055994870028762e-05,0.0007439238065236887,0.0007440325818299118,0.9998538030334941,7.201589981597245e-05,0.0,0.0006720166820139394,0.00819347241848145,0.0037432992029088953,0.0003089550119056343
VLOW_EXTREME_CI_ONLY,pQscaled,full,0.5004608869552613,0.09864595234394073,0.08540363555707815,190.49968719482422,0.6890216464577463,-3.341079226362254e-05,0.000767897047434016,0.0007686235466712963,0.004179587999434695,0.1838993572512924,0.0021625466400331645,0.00201704135940153,-0.0002977922242790957,-0.00010311085237860881,0.00031513815497228275,0.0003248577061820255,0.970080589054852,0.0001480654975535035,0.0,0.00017679220862852203,0.0022151298010106143,0.00201704135940153,0.0001722626651618818
VLOW_EXTREME_CI_ONLY,pQscaled,full,0.29544838666915896,0.07673917174339294,0.07331343556263731,210.13992547988892,0.8087959946858538,0.00014284952072025756,-0.0004893342391021828,0.0005097587499275707,0.0012267827056417894,0.4155248909062497,0.0007027035112333924,0.000524079194408397,7.245917361285552e-05,-7.246615507880532e-06,7.28206377133364e-05,0.00011446887702437873,0.6361610212851686,8.987106653005224e-05,0.0,2.459781049432649e-05,0.0003423504298801245,0.000524079194408397,3.842204624897889e-05
VLOW_EXTREME_CI_ONLY,pQscaled,full,0.6286707997322082,0.09673655450344085,0.0752292654044289,-200.3381186723709,0.625945690842311,-0.0004382562301048988,2.353835434881817e-05,0.00043888788699531064,0.0031002427623689315,0.14156565167171614,0.0013322716435836446,0.001767971118785287,0.00016878931203813402,5.900157354478286e-05,0.0001788044114082955,0.0002150641427299898,0.8314003865934894,0.00016724096091289773,0.0,4.782318181709207e-05,0.0007012258614540032,0.001767971118785287,0.00013300316852246345
VLOW_EXTREME_CI_ONLY,pQscaled,full,0.2108035385608673,0.051070178644731644,0.049922552508352216,-41.58053994178772,0.8769749578977405,0.0003606863532350235,-0.00018301277546665506,0.0004044605313179377,0.3034026208397338,0.0013330818639552405,0.15188557128633295,0.1515170495534008,-0.001309567802644778,0.0002027394214804192,0.0013251683299664566,0.019676481827998984,0.06734782882175465,0.00917722553046063,0.0,0.010499256297538357,0.21183550550371438,0.1515170495534008,0.007564117862240258
VLOW_EXTREME_CI_ONLY,pQscaled,full,0.46960232257843015,0.10490545392036438,0.0926187230346129,39.51226234436035,0.6962956793833762,-0.00016400799200774752,0.0001927391395442231,0.0002530750824452318,0.12684930492242655,0.0019950845028279575,0.06350545331870552,0.06334385160372102,-0.0036572147279234687,-0.002875362669177862,0.004652196260417435,0.014684614512041564,0.3168075169152385,0.0052547438108906325,0.0,0.00942987070115093,0.1085338779562834,0.06334385160372102,0.005866826647630656
VLOW_EXTREME_CI_ONLY,pQscaled,full,0.1083447875455022,0.0879562509059906,0.08743848564655671,73.77963066101074,0.8453637222001098,-0.00015139356008356687,-0.0001419890156719032,0.00020755936646235106,0.011716553017142235,0.01771505374991019,0.005933769894173422,0.005782783122968813,-0.0055016395729929396,-0.00012024371583833671,0.005502953438138518,0.005503144408316177,0.9999652979889839,0.0001611850368744859,0.0,0.005341959371441691,0.06128709993675187,0.005782783122968813,0.0005056377990948589
VLOW_EXTREME_CI_ONLY,pQscaled,full,0.515975821018219,0.06802375406026841,0.058269361825552236,-62.09790825843811,0.7163286282417287,1.5411369132141417e-06,0.0001482318980798541,0.00014823990930697958,0.04345326095922812,0.003411479507742152,0.02172679492800815,0.021726466031219967,-0.006986562495297143,0.0026936977931024558,0.0074878610631646785,0.007546340900628065,0.9922505704110532,0.000871134542369944,0.0,0.006675206358258121,0.12055106467522828,0.021726466031219967,0.001265987310363726
VLOW_EXTREME_CI_ONLY,pQscaled,full,0.3992483377456665,0.11369350135326385,0.10423907090617236,-124.82075035572052,0.7176553389337341,-0.00012906883114328048,-0.00020876640299640693,0.0002454428124691184,0.014305540336137127,0.017157185726784693,0.007084588047952708,0.00722095228818442,-0.0021481459891278644,0.00047992690405445655,0.0022011045008907292,0.002205541165796444,0.9979884007722276,9.551482192476864e-05,0.0,0.002110026343871675,0.021293272328414603,0.00722095228818442,0.0007527053575781434
VLOW_EXTREME_CI_ONLY,pQscaled,full,0.5812855720520019,0.059786397218704226,0.04864816914387482,120.87255716323853,0.6899349153993897,0.0003603237444860623,-0.0001359956732569815,0.00038513377414228,0.0530212582387128,0.007263761497479474,0.02633067115476474,0.026690587083948062,-0.0024911069696776458,-0.0014294544985108397,0.002872099249275592,0.00304676565237168,0.9426715333487061,8.994306175765161e-05,0.0,0.0029568225906140286,0.06425945152695359,0.026690587083948062,0.001298448195009226
VLOW_EXTREME_CI_ONLY,pQscaled,full,0.13193321377038955,0.07209400743246078,0.0714638054224642,110.59721946716309,0.8655588106483207,-0.00037891544454982974,-0.00024474683428504036,0.00045108527687228285,0.023023062861048868,0.019592757036486164,0.011701030268032589,0.011322032593016278,-0.003988251606292284,-0.0001083820649703723,0.003989723993849728,0.003990108318316983,0.9999036806931499,0.00048791760454389794,0.0,0.0035021907137730854,0.049198853316488274,0.011322032593016278,0.0008091155342141131
VLOW_EXTREME_CI_ONLY,pQscaled,full,0.5486374020576477,0.09263159155845642,0.07744560596826583,-135.06214499473572,0.6720826863261437,-0.00010599501975772259,-0.0002010274725857656,0.00022725973895008493,0.021648823558875777,0.010497556060357315,0.010769018405055309,0.01087980515382047,-0.0014595024471101951,0.000829362405417193,0.0016786868060004643,0.002263699888281664,0.7415677381486121,0.0003103877096366565,0.0,0.0019533121786450077,0.027183777871528498,0.01087980515382047,0.0008425931029542878
VLOW_EXTREME_CI_ONLY,pQscaled,full,0.36657788753509524,0.06392514452338219,0.059475146887798674,-58.72400641441345,0.7961719331120938,-0.0001621409527618814,0.00013114330980017693,0.00020853838080285328,0.037980312269972324,0.005490696846316478,0.01890857303345277,0.019071739236519555,-0.0067147131454535665,0.0015245417288201086,0.006885608187272982,0.0070717738991281,0.9736748212667988,9.402202950575872e-05,0.0,0.006977751869622341,0.12038191088273661,0.019071739236519555,0.0011342944924977937
VLOW_EXTREME_CI_ONLY,pQscaled,full,0.5577060222625733,0.11830061614513397,0.09819407176421666,77.17414617538452,0.639251458966577,0.0002680109760870046,-0.00024696459820712133,0.0003644466985317796,0.011622774311811017,0.03135625701356202,0.005676199751899853,0.005946574559911164,-0.004475915857169822,-0.0019856345044668797,0.0048965872958412265,0.004938523243777514,0.991508403248006,0.0004374949456455304,0.0,0.004501028298131983,0.05049367129002442,0.005946574559911164,0.0005839183690871819
VLOW_EXTREME_CI_ONLY,pQscaled,full,0.31903650164604186,0.10134994447231292,0.09605364249388819,29.156358242034912,0.766475656871375,0.0002285766812936546,0.00015491510614287773,0.00027612676317677,0.20784776269285354,0.001328504861439453,0.10380684116820965,0.10404092152464389,-0.012427714627053277,-0.0025527697387732235,0.012687187402677958,0.021460212591808164,0.5911957930706057,0.004397141312903705,0.0,0.017063071278904458,0.1830152098641741,0.10404092152464389,0.00999350948086282
VLOW_EXTREME_CI_ONLY,pQscaled,full,0.6613326668739319,0.08087992072105407,0.060667440542662286,-51.95621848106384,0.6252057305708972,-0.00039600059994980563,6.820276707457753e-05,0.00040183092538682874,0.0830475291469801,0.004838565692612658,0.04132527266171701,0.041722256485263086,0.0006084664193925209,0.004174598810091234,0.004218709116393722,0.01368336137308691,0.3083094132623883,0.006427359654623331,0.0,0.007256001718463578,0.1307122575081454,0.041722256485263086,0.0025311825146254042
VLOW_EXTREME_CI_ONLY,pQscaled,full,0.17813338339328766,0.10958733677864074,0.10783463531880312,-196.82993292808533,0.8002324629472561,-0.0001465653640948539,-0.00014867051759310265,0.00020876860097643546,0.0010215554043674954,0.2043634638746304,0.0004741027016024332,0.0005474527027650621,6.715307059019799e-05,5.4745749002120084e-05,8.664082134591782e-05,0.00011550696932530356,0.7500917204549256,6.721650678484621e-05,0.0,4.8290462540457345e-05,0.0004523923501423746,0.0005474527027650621,5.9034362556963595e-05
VLOW_EXTREME_CI_ONLY,pQscaled,full,0.4460224866867065,0.05514270260930062,0.04935391844776945,213.6150074005127,0.7686687274289062,0.0001234611155558939,-0.0011276433742115142,0.0011343818697675994,0.002868108530025826,0.3955156710047151,0.0016790751193500144,0.0011890334106758116,0.00018454312914959286,-1.5469861498466146e-05,0.0001851903969732368,0.00023643585093208487,0.7832585297153517,0.00020427932126438163,0.0,3.215652966770323e-05,0.0006729644785790933,0.0011890334106758116,5.868345798216718e-05
VLOW_EXTREME_CI_ONLY,pQscaled,full,0.34869211316108706,0.10328719258308411,0.096804612460563,180.23756742477417,0.7521059062065449,0.00017638150563167388,-0.0005801222853173866,0.0006063433857565889,0.0042142212341720175,0.14388029295659113,0.0020583787358123763,0.0021558424983596416,7.715594661162662e-05,-9.739752916426998e-05,0.0001242550553693531,0.0005724048617034656,0.21707547172035593,0.0003177075039682797,0.0,0.000254697357735186,0.002727359199364218,0.0021558424983596416,0.00020869549757971705
VLOW_EXTREME_CI_ONLY,pQscaled,full,0.6084387183189391,0.052671479023993016,0.041800131086011626,-175.42999923229218,0.6829743886516534,0.0012046137137156875,0.0009891169869286293,0.001558668217775249,0.03507584872985881,0.04443707776765501,0.018156710945656667,0.016919137784202145,-0.00027054687198667577,0.0003764597916860759,0.00046359204555093306,0.0012342260728369268,0.37561355715429146,0.0004293846016026455,0.0,0.0008048414712342812,0.02029963965233243,0.016919137784202145,0.0007072221772419421
VLOW_EXTREME_CI_ONLY,pQscaled,full,0.1520872160792351,0.09395605862140655,0.09286307501694213,-18.367685079574585,0.828336196809279,-0.0001408347933199161,-2.507684528002367e-05,0.00014304994644760176,0.47906831791107896,0.0002986003062597714,0.2394646652647414,0.2396036526463376,-0.015053416387793294,0.0010387030013633504,0.015089209683390477,0.04981069562964591,0.3029311173564447,0.017360776083795385,1.638878377735808e-16,0.03244991954585036,0.3517317915668925,0.2396036526463376,0.022250331970030197
VLOW_EXTREME_CI_ONLY,pQscaled,full,0.4862569093704223,0.07950245261192322,0.06947050677172179,7.545337677001953,0.7186457189706839,-0.0009734167789181569,-0.0006929354591841181,0.0011948639152950032,1.0456086472332897,0.0011427448677443965,0.5232904357045797,0.52231821152871,-0.02548295052237342,-0.026492593014509694,0.036759192754441436,0.07288109778713905,0.5043721056700112,0.022175964557142522,9.480118188756943e-07,0.050704185218177655,0.7693899927230471,0.52231821152871,0.03628571085099887
VLOW_EXTREME_CI_ONLY,pQscaled,full,0.23814029097557068,0.061457396745681764,0.05968931454896922,97.02754974365234,0.8526092809330472,5.133152043248351e-05,0.00017462650106252946,0.00018201466936280735,0.031464093117960605,0.005784837614115339,0.015706448074148824,0.01575764504381178,-0.003423626918490884,-0.000420496157299005,0.0034493533155243194,0.0052271228932193,0.6598952016220481,0.0008911258069999795,0.0,0.00433599708621932,0.07343196411888672,0.01575764504381178,0.0009405630315710873
VLOW_EXTREME_CI_ONLY,pQscaled,full,0.4187890887260437,0.11200555384159089,0.10171039881733451,-94.09989714622498,0.7111056292164185,1.3757134691168467e-05,-0.00026062348803874334,0.0002609863239183079,0.009056522705952814,0.028817497884343214,0.00453190613808777,0.004524616567865044,-0.003598216492208808,0.0009116463211713718,0.0037119079918161704,0.0037177147383860624,0.9984380871102998,0.00011867960217874527,0.0,0.003599035136207317,0.037375300884595994,0.004524616567865044,0.0004602005556130729
VLOW_EXTREME_CI_ONLY,pQscaled,full,0.2659853219985962,0.07072000652551651,0.06817246530426724,-154.69778716564178,0.828673712662798,0.00011083618264093147,4.4135013714352675e-05,0.00011930028842370843,0.016304242788978178,0.0073171314956346776,0.008208108807629323,0.008096133981348853,-0.0008901930163310401,0.00013640613910656686,0.0009005832782760934,0.0015039602667765016,0.598807892848271,0.0003038663323392946,0.0,0.001200093934437207,0.017874780923268357,0.008096133981348853,0.0005519334129422038
VLOW_EXTREME_CI_ONLY,pQscaled,full,0.6722307682037353,0.08524277091026305,0.06310877571320186,145.75535535812378,0.6151513960820622,-0.0002098695178469282,-1.6175720032939752e-05,0.00021049196763745209,0.018589252969496053,0.011323315034921273,0.009399475244942624,0.00918977772455343,-0.0007830816505178106,-0.0009954900530456021,0.0012665770079590243,0.0020677366103065455,0.612542720211892,0.0004750313141472449,0.0,0.0015927052961593007,0.027765096722901395,0.00918977772455343,0.000579955621273021
VLOW_EXTREME_CI_ONLY,pQscaled,full,0.28419909477233884,0.051773711219429974,0.04963883706866024,159.11673784255981,0.8490639030221183,-0.00019917510668236368,9.85937746717325e-05,0.00022224188517458026,0.03184142076918145,0.006979647258381175,0.01602068577800052,0.01582073499118093,-0.0014458158150369724,-0.00015739434254474405,0.0014543577104949514,0.0014592402532647942,0.9966540514770338,0.00011170729141763176,0.0,0.0013475329618471625,0.02750335458675157,0.01582073499118093,0.000785322886533682
VLOW_EXTREME_CI_ONLY,pQscaled,full,0.6915374517440795,0.10615025877952575,0.07667664238309432,-141.5797233581543,0.5826469513226226,0.00023965045398399547,-0.00020882345983300253,0.00031786723245934105,0.020588785220351184,0.015438853193977597,0.01041172384930751,0.010177061371043674,-0.0010750339044980257,0.0009422513986915431,0.001429522855415904,0.0016294151423327948,0.8773226774909526,0.00011414094595610082,0.0,0.001515274196376694,0.022396386706345826,0.010177061371043674,0.0007803428952583194
VLOW_EXTREME_CI_ONLY,pQscaled,full,0.21885301768779755,0.07744260907173156,0.07556523272669276,-108.07938814163208,0.8347382863889198,-0.0002885078318787624,-0.00021642821386790316,0.0003606631958121525,0.0150843420884101,0.02390977304136182,0.007397664200031997,0.007686677888378103,-0.004276920975178472,0.00028689391693665603,0.004286532531953634,0.004287494064761234,0.999775735477811,0.0003172793897897525,0.0,0.003970214674971481,0.05313986290058905,0.007686677888378103,0.0005808456035304146
VLOW_EXTREME_CI_ONLY,pQscaled,full,0.4005969882011413,0.09798126757144929,0.08977576365478726,82.808837890625,0.7367224883419383,-0.00024460267961424857,-0.0001808900401915367,0.00030422307196359465,0.01982429958328926,0.015345968248988415,0.010034037860234227,0.009790261723055036,-0.004777908036082138,-0.0011522771852085871,0.004914890427345303,0.0049248257812566434,0.9979825978922189,0.0002977534268105269,0.0,0.004627072354446117,0.05389462808110217,0.009790261723055036,0.0008789282225674991
VLOW_EXTREME_CI_ONLY,pQscaled,full,0.17144896537065507,0.11493591129779815,0.11323405555228934,21.04104995727539,0.7941460364103566,0.0006847766833383007,-0.00014912889469832769,0.0007008270352075099,0.28636093458231215,0.0024473555941900388,0.1428422029019515,0.14351873168036067,-0.010641387621704749,-0.00046734130097686325,0.010651644868609252,0.04122428279594357,0.25838278185053853,0.015288515856755792,0.0,0.02593576693918778,0.23130204318191655,0.14351873168036067,0.01625120803588807
VLOW_EXTREME_CI_ONLY,pQscaled,full,0.5043792724609375,0.060492337942123414,0.05223405844335045,-5.061600208282471,0.731210971173436,-0.0019614657991656737,0.0013536874339544064,0.0023832368220851868,1.197119646373769,0.0019908092138528678,0.59762385090785,0.5994957954659191,-0.04259416180365364,0.031115845438376442,0.05274901380216277,0.05760625146147876,0.9156821085196939,0.013124514614477271,0.00015538406314060464,0.044326352783860885,0.886803927322124,0.5994957954659191,0.0313140984169097
VLOW_EXTREME_CI_ONLY,pQscaled,full,0.3305549085140228,0.0891985523700714,0.08418441293207124,-189.59750801324844,0.7779140127697994,-0.00023331586681757084,0.00040768254391954767,0.00046972476017935054,0.004440602288614351,0.1057795158516437,0.002115798093230385,0.002324804195383966,-8.30797485953314e-05,7.547736853240187e-05,0.00011224561366592228,0.00018213161671825235,0.6162884604457406,4.164025814616474e-05,0.0,0.0001404913585720876,0.00171720840518228,0.002324804195383966,0.00019571227637041544
VLOW_EXTREME_CI_ONLY,pQscaled,full,0.5890598654747009,0.06872959047555924,0.055539653380568405,165.88452577590942,0.6762181085477732,0.00011226923360077926,0.00028140303472601726,0.00030297202637589895,0.025657999293647538,0.011808092396779619,0.012776451631708883,0.012881547661938657,-0.000812401225875702,-0.0004977363259035816,0.0009527524347532991,0.0011032785554399432,0.863564718135202,7.68614476545874e-05,0.0,0.001026417107785356,0.01971126238635317,0.012881547661938657,0.0007154366921493443
VLOW_EXTREME_CI_ONLY,pQscaled,full,0.196270489692688,0.09055572628974914,0.08879439859096179,199.52826499938965,0.8223124391607238,0.0002698056825557612,-0.0004994168368830581,0.0005676374576273655,0.002531075553055587,0.22426729101075135,0.0012157828057484318,0.001315292747307155,0.00016397582694821158,-5.1074632053506795e-05,0.00017174600392076355,0.0002780403119328037,0.6177018099524132,0.000209123020306573,0.0,6.891729162623074e-05,0.0007843357094158534,0.001315292747307155,0.00011679062846819271
VLOW_EXTREME_CI_ONLY,pQscaled,full,0.46540126800537107,0.07610105842351914,0.06735703175290265,-211.1562404036522,0.7330255044249991,-0.0003086433468289605,-0.0006493823544767898,0.0007189980235352536,0.0015323372824022252,0.46921655681964847,0.0008919011543330675,0.0006404361280691576,0.00017488484105794756,2.620728194514628e-06,0.00017490447635247388,0.00019413236706614695,0.9009547402915992,0.00017128106170610354,0.0,2.2851305360043412e-05,0.0003555497389217796,0.0006404361280691576,4.3137876614060276e-05
VLOW_EXTREME_CI_ONLY,pQscaled,full,0.2996748507022858,0.11738682687282562,0.11199189209408963,-38.487558364868164,0.7526511173494936,-0.00019604750446249736,-0.0001728132378482706,0.0002613408486662119,0.09368327043203434,0.0027896213215123583,0.04674403806760843,0.04693923236442592,-0.004642847351876231,0.0009672394744919867,0.0047425292549271286,0.012575443506295142,0.37712620255126444,0.0039311547362028045,0.0,0.008644288770092337,0.07953058703191437,0.04693923236442592,0.005256813445936187
VLOW_EXTREME_CI_ONLY,pQscaled,full,0.6432103753089904,0.06677005276083947,0.05112512843047351,42.38199472427368,0.6481241883383354,0.00120693526704993,-0.00044784075675141644,0.0012873438088780197,0.2925107000288125,0.004401014420160406,0.1456617249020729,0.14684897512673964,0.0006550793466540746,-0.005191380257066843,0.005232547938038994,0.01876477481615754,0.2788494926959321,0.008777692601261867,0.0,0.009987082214895672,0.21000009085001994,0.14684897512673964,0.007507672713237975
VLOW_EXTREME_CI_ONLY,pQscaled,full,0.38586525917053227,0.08481968045234681,0.07825083288354956,63.11420679092407,0.7599734342342012,-0.00038816477546271475,9.325837614886492e-05,0.0003992104928880789,0.018435039667703303,0.02165498420854817,0.009411352705977444,0.00902368696172586,-0.0063968933537572326,-0.0014577254217982474,0.006560884695275503,0.006572772767688224,0.998191315471701,0.00041222223767281693,0.0,0.006160550530015407,0.08166481021139001,0.00902368696172586,0.0007061110204354753
VLOW_EXTREME_CI_ONLY,pQscaled,full,0.5758981943130493,0.09934137046337127,0.08121369810185347,-72.96977043151855,0.6503053469218113,7.106232170253288e-06,1.3537462508900877e-06,7.234028239462556e-06,0.017517135012215523,0.000412968686626999,0.0087621249791356,0.008755010033079923,-0.0032352491929475767,0.0022871643445554137,0.003962064875727496,0.006005941349169594,0.6596909036208222,0.001103137099345581,0.0,0.004902804249824013,0.0658719986836177,0.008755010033079923,0.0007110267417052511
VLOW_EXTREME_CI_ONLY,pQscaled,full,0.11371934264898301,0.05805703781545162,0.057680416842275574,-121.67403161525726,0.8917277082014254,-0.0001696048856125662,-0.00037298742017708125,0.00040973824917135357,0.04014640150934779,0.010206101512633623,0.019989950644414906,0.020156450864932885,-0.004005318619895922,2.6878829894429716e-05,0.004005408807897325,0.0040057326470186345,0.9999191560820284,0.0005224443941147818,0.0,0.003483288252903853,0.06053364226815063,0.020156450864932885,0.0011626324879501749
VLOW_EXTREME_CI_ONLY,pQscaled,full,0.5293306469917297,0.10860412001609801,0.0921414319393212,123.79605293273926,0.66296445007936,4.885296906154135e-05,-0.00024872312267505356,0.0002534754511572228,0.014327323005453441,0.017691752399295945,0.007137374819288064,0.007189948186165377,-0.0016974532278766442,-0.0008517370060909641,0.0018991586001104901,0.0022670701237497053,0.8377149785596927,0.00019355232488295584,0.0,0.0020735177988667496,0.024428721872869354,0.007189948186165377,0.000662492121442803
VLOW_EXTREME_CI_ONLY,pQscaled,central,0.17250863015651702,0.07857031762599945,0.07739239192099488,24.446357488632202,0.8461208360860636,0.00037774827405798184,-0.0004416465801781646,0.0005811587221550169,0.4013027096363172,0.0014481804089528697,0.2004755292902316,0.20082718034608557,-0.009534586879194343,-0.0006335582681264245,0.00955561316902355,0.036413366997789465,0.2624204778866942,0.013429278909875364,0.0,0.022984088087914103,0.29912775863361885,0.20082718034608557,0.015542495849732576
VLOW_EXTREME_CI_ONLY,pQscaled,central,0.57316974401474,0.09586761772632599,0.07855744075225456,-42.97463200986385,0.6557718402711087,0.0003432665013522046,6.134382379106569e-05,0.0003487046826010405,0.13185254366340626,0.0026446564693603084,0.06609725963799559,0.06575528402541068,-0.0022994138506128112,0.0038063407173603942,0.004446969047905064,0.014079036794797509,0.3158574775192178,0.0053888935534177115,0.0,0.008690143241379797,0.12025356633555435,0.06575528402541068,0.00516556682897387
VLOW_EXTREME_CI_ONLY,pQscaled,central,0.3453819453716278,0.0659636341035366,0.06190437756677378,-11.660249829292297,0.8030038620770161,-0.00030263858284118594,-0.0013806587803379296,0.0014134386366405655,0.9075491197984493,0.0015574238416477832,0.45364205613273717,0.4539070636657121,-0.01949971479559693,0.01165836308140717,0.02271907363532984,0.059021491564303585,0.38492882902793896,0.019279460124195968,2.1087933651870343e-10,0.039742031229228286,0.6573694192167892,0.4539070636657121,0.028098834249387868
VLOW_EXTREME_CI_ONLY,pQscaled,central,0.5494083762168884,0.11716665744781493,0.09789906573727668,30.839781761169434,0.6442799657933412,0.00024095643532846822,-2.5843815051910298e-05,0.00024233841318008095,0.19128180962811087,0.001266918237814844,0.09552092582965689,0.09576088379845397,-0.009835838226579817,-0.006087704497274958,0.011567361828247205,0.018217039692001086,0.6349748380537467,0.003461885669965213,0.0,0.014755154022035873,0.16549950856480025,0.09576088379845397,0.009374901058044558
VLOW_EXTREME_CI_ONLY,pQscaled,central,0.31805354356765747,0.08697013020515443,0.08245401070095723,52.4615615606308,0.7858928625994276,-0.00083356799582795,0.00030244725596832565,0.0008867411946624535,0.029619412292504376,0.02993783893837926,0.015227022498450099,0.014392389794054277,-0.0029749295391017887,-0.0010568061582290392,0.0031570627201072837,0.010019677120533949,0.3150862729535714,0.003477736468926333,0.0,0.006541940651607615,0.08142661668810713,0.014392389794054277,0.001186710262091299
VLOW_EXTREME_CI_ONLY,pQscaled,central,0.42347762584686277,0.06995101362466813,0.06336908231258168,-16.731940507888794,0.7611699988754557,-6.975899080885473e-05,0.0009243803723003631,0.000927008840029494,0.748477343159544,0.001238526254002981,0.3741813207827612,0.3742960223767827,-0.018322203734714944,0.010872398665260064,0.021305215381045812,0.04391293133309602,0.48516951007979114,0.011960687281100738,7.009999993832527e-15,0.03195224405198827,0.5230364945470186,0.3742960223767827,0.023718795451266254
VLOW_EXTREME_CI_ONLY,pQscaled,central,0.20155842006206515,0.10828676044940949,0.1060643365270797,-38.59448194503784,0.7960887734794327,-0.00023855712364696108,-0.00011588957136917332,0.00026521669252677554,0.10282689369942541,0.0025792541521484956,0.05129466331258753,0.051532230386837886,-0.004854977100771,0.00034340849468708504,0.004867107153457178,0.013393008151354425,0.3634065699396211,0.004263378315397887,0.0,0.009129629835956539,0.08718865846559283,0.051532230386837886,0.005465731825740575
VLOW_EXTREME_CI_ONLY,pQscaled,central,0.6914467573165893,0.0573608535528183,0.04143905362491286,2.240458130836487,0.6300569532107814,-0.002635380619865235,0.003166453750906406,0.004119667506995015,0.9846827674167506,0.004183750994041143,0.4939613248468543,0.49072144256989636,-0.11388312346710647,-0.03834752568843311,0.12016612890931144,0.19796349596909815,0.6070115519078785,0.12261436055741562,0.03736880196648883,0.03798033344519371,0.9748304049363621,0.49072144256989636,0.020335032173548533
VLOW_EXTREME_CI_ONLY,pQscaled,central,0.3828251361846924,0.10572658836841584,0.09767242399947472,12.580738067626953,0.7346373258226162,-0.0003248697356272312,0.0006445075112324825,0.0007217549980163598,0.6843235602500529,0.0010546984495939744,0.3423055007851185,0.3420180594649344,-0.02135541310575419,-0.01194206039281462,0.02446766182827958,0.07041548085980445,0.34747560521519455,0.023704237498837422,2.605739966916019e-11,0.04671124333490963,0.49969209200955017,0.3420180594649344,0.03340573291953663
VLOW_EXTREME_CI_ONLY,pQscaled,central,0.5116317868232727,0.05110880935564637,0.04391293510492064,-28.198771625757217,0.7389803631284559,0.00018942524009213368,-0.0009554180578952576,0.0009740151882472409,0.7121949515036741,0.0013676243929991068,0.35622129212049,0.35597365938318404,-0.003297729902219838,0.006888356013446201,0.0076370459652915085,0.02920360471125443,0.2615103868444124,0.012124677766704966,0.0,0.017078926944549468,0.4041340247033324,0.35597365938318404,0.015631848203554885
VLOW_EXTREME_CI_ONLY,pQscaled,central,0.13502505868673326,0.09205926537513733,0.09121620355861275,-26.85740292072296,0.8345763329027341,2.182229858072038e-05,-0.00021340542356075576,0.00021451826850059103,0.2578335798605518,0.0008320028315032206,0.12893268697894805,0.1289008928816037,-0.012041095441115049,0.000299082465551783,0.012044809244784333,0.02754445514704904,0.4372861681409825,0.007753573092751417,0.0,0.01979088205429762,0.21807181835196618,0.1289008928816037,0.0117578500839753
VLOW_EXTREME_CI_ONLY,pQscaled,central,0.6109058499336242,0.07353684544563294,0.058219359833900565,42.280722856521606,0.6595561836301002,0.00030388880839865573,-0.00013416381038973933,0.00033218720006684304,0.23739440401586928,0.001399305099224819,0.11854773461891872,0.11884666939695056,-0.0005089469212226864,-0.004796348382814727,0.004823275316416377,0.0177940840148001,0.27106061275222665,0.007877727510481023,0.0,0.009916356504319079,0.18312579061135156,0.11884666939695056,0.006919177010681683
VLOW_EXTREME_CI_ONLY,pQscaled,central,0.2389647841453552,0.059985759258270266,0.05824786589973663,41.12320363521576,0.8545344217769252,3.965090208857269e-05,0.00011933648559961894,0.00012575130548708288,0.2471432297139538,0.0005088195441672776,0.12354970500856902,0.1235935247053848,-0.002145830495300991,-0.0005758046262011156,0.002221742442795362,0.019108382611665566,0.11627056501574207,0.008460099126965843,0.0,0.010648283484699721,0.18476465139134107,0.1235935247053848,0.007199059053115039
VLOW_EXTREME_CI_ONLY,pQscaled,central,0.6537799596786499,0.11433284759521484,0.08651391868183496,-1.428821086883545,0.5941436959400961,0.0021209878449103825,4.051433927586279e-05,0.002121374754715571,0.5928432484831929,0.003578306340070787,0.29744235103535616,0.2954008974478367,-0.11786872165363813,0.030246588652546157,0.12168768084477227,0.35181700134226623,0.3458834575375963,0.15968564994961684,0.11325515121050551,0.07887620018214389,0.9813658933844203,0.2954008974478367,0.02555628922034321
VLOW_EXTREME_CI_ONLY,pQscaled,central,0.28067962527275087,0.08242924898862838,0.0791157180493114,-53.47292355261743,0.8064422912348116,0.00032226669369717423,0.0002611155482066533,0.0004147736146161776,0.029070665721854676,0.014267771456790443,0.014696872181099798,0.01437379354075488,-0.0037559088038762196,0.0008185368555502719,0.0038440673156084322,0.009427009207181017,0.407771672979817,0.0028093350333977083,0.0,0.006617674173783309,0.08528985916545627,0.01437379354075488,0.0011371929970693765
VLOW_EXTREME_CI_ONLY,pQscaled,central,0.4611770391464234,0.10068418323993683,0.08933789554265877,14.00011122226715,0.7054717493994942,-0.0008233334242319645,0.0005136225812919851,0.0009704051130690595,0.6617281069816567,0.001466471051827271,0.3312604944446377,0.3304676125370191,-0.01862920728563223,-0.014273485451062617,0.023468697258534597,0.06079172306213017,0.38605086476244643,0.019744052666309707,1.4933516656276822e-12,0.041047670394327114,0.48763596052121744,0.3304676125370191,0.02952328104906404
VLOW_EXTREME_CI_ONLY,pQscaled,central,0.25653761625289917,0.05346095934510231,0.05167184810728868,18.176103830337524,0.8576007563584424,0.0007232302159910775,0.0006517354123258545,0.0009735609857641443,0.8404494180244468,0.0011583814146157519,0.4198478135571457,0.42060160446730116,-0.018013823531500488,-0.00520860427574219,0.01875173049948512,0.03713294961808459,0.5049889839710576,0.009423108668509726,4.253561459553744e-16,0.02770984094957444,0.5422006268105146,0.42060160446730116,0.021733262219716293
VLOW_EXTREME_CI_ONLY,pQscaled,central,0.45104250907897947,0.1034345507621765,0.09231559180955788,-50.991499200463295,0.7068440284643049,-9.876273719511275e-05,0.0002012798112806896,0.0002242044617920458,0.03024142675430687,0.007413818918451452,0.015072621435725214,0.015168805318581653,-0.0025601385841998612,0.001777944374967703,0.0031169529625562475,0.009103423507123213,0.3423934918678923,0.003135203915352112,0.0,0.0059682195917711,0.0685488739686364,0.015168805318581653,0.0014003172400288348
VLOW_EXTREME_CI_ONLY,pQscaled,central,0.22326392829418182,0.07589750319719314,0.07398170074798104,-4.100028872489929,0.8356594105822472,0.0018550759494162516,-0.0008976300342829757,0.0020608363488034327,1.0870548030421845,0.0018957980251189405,0.5444242516417732,0.5426305514004114,-0.0877295091345728,0.022878794666394062,0.09066369735666041,0.0947730290168213,0.9566402836039805,0.028708830802791043,0.0009146305441471407,0.06514956766988311,0.89083502546242,0.5426305514004114,0.040144731070417175
VLOW_EXTREME_CI_ONLY,pQscaled,central,0.633446455001831,0.0897757476568222,0.06946726394636885,36.707282066345215,0.631152662541572,0.0005771989006606304,0.00015570513137721977,0.0005978316308636049,0.2587495729527862,0.0023104642223803406,0.12908339734505292,0.12966617560773333,-0.001406583626490373,-0.006148407781608213,0.006307249459728958,0.02057437311177092,0.30655852430907915,0.00854680548928262,0.0,0.0120275676224883,0.18981716656130462,0.12966617560773333,0.009007554445858624
VLOW_EXTREME_CI_ONLY,pQscaled,central,0.10275309644639492,0.11230967462062835,0.1117152073934866,45.00962793827057,0.8109789201748181,0.0004632278452070572,4.025348353083475e-05,0.000464973525602846,0.04699177722594298,0.00989478485495849,0.023264571851812185,0.023727205374130794,-0.0028896350445285785,-0.00010565070059306461,0.0028915657974708936,0.009124396153456865,0.3169048941803481,0.0031169470165304377,0.0,0.006007449136926428,0.05396176504615292,0.023727205374130794,0.0026506896692388713
VLOW_EXTREME_CI_ONLY,pQscaled,central,0.6018700242042541,0.06206844419240952,0.04956749089590593,-22.492884397506714,0.67595238598215,-0.0008426517828002966,-0.0003457060408803732,0.0009108099108802565,0.7753744494689561,0.001174671039913758,0.38727623085686913,0.388098218612087,-0.005037427951355684,0.012198564656400002,0.013197752082891647,0.03559039428891105,0.37082342993327294,0.013437818920620149,0.0,0.022152575368290902,0.47504946226584893,0.388098218612087,0.01923705491777193
VLOW_EXTREME_CI_ONLY,pQscaled,central,0.379941600561142,0.09866959691047669,0.09127041077572982,-32.430784702301025,0.7449116988097535,4.959006628189877e-05,-0.0002489550592067562,0.00025384600878974357,0.20338922338670412,0.0012480799354206964,0.1017240236794215,0.10166519970728262,-0.00941832841516944,0.002941541523281779,0.00986699430775041,0.018922832311676525,0.521433268827403,0.004565167811312016,0.0,0.014357664500364508,0.16383927752113167,0.10166519970728262,0.009279024538880293
VLOW_EXTREME_CI_ONLY,pQscaled,central,0.4761372208595276,0.08452050805091857,0.07432488326575952,10.149039626121521,0.7178282304222895,0.000895435107941267,-0.0012471396619912999,0.0015353049759072503,0.8999035811600139,0.0017060771932123847,0.4495224767770435,0.4503811043829704,-0.019446959851273312,-0.020461176585308664,0.028228425296360757,0.07075203761316273,0.3989768528038695,0.02396623255925896,4.477960583015951e-09,0.0467858005759432,0.6641808825481139,0.4503811043829704,0.033474523008368125
VLOW_EXTREME_CI_ONLY,pQscaled,central,0.18563839197158816,0.09787795662879945,0.09617665461227377,6.846780776977539,0.8148529830495282,-0.001997808766105391,0.002203452325976074,0.0029742968948605177,0.9979818378119494,0.0029803116471353724,0.4999761359987533,0.4980057018131961,-0.04797760038378136,-0.013851651620619023,0.0499371444037884,0.09235620029557523,0.5407015906238053,0.022608563211505794,3.489080073344021e-06,0.06974414800399609,0.7324810682405707,0.4980057018131961,0.04789652237823077
VLOW_EXTREME_CI_ONLY,pQscaled,central,0.6707477569580078,0.07648337692022324,0.05672661503645154,-35.677693486213684,0.6241186414519887,-0.0008923552415960878,0.00013304147337512943,0.0009022183277022461,0.374275660197381,0.002410571735352613,0.18668875217289962,0.1875869080244814,0.0009031290530783932,0.007116858200871927,0.007173932864045514,0.023819908824465864,0.3011738171170903,0.010966153006768767,0.0,0.012853755817697097,0.2470103543008025,0.1875869080244814,0.010641170317382998
VLOW_EXTREME_CI_ONLY,pQscaled,central,0.2941317975521088,0.11918549954891204,0.11391331341632421,-18.97575557231903,0.7523161734715981,-0.00102855613594649,-0.00022549450582505862,0.0010529840914992317,0.34916497671094626,0.003015720824631665,0.17407579610798982,0.17508918060295645,-0.012758610839557073,0.0032884847483912226,0.013175594198959868,0.046807286211334787,0.28148596651111174,0.016865798742109354,6.213502506458657e-17,0.029941487469225373,0.27063492232816344,0.17508918060295645,0.019944988705831973
VLOW_EXTREME_CI_ONLY,pQscaled,central,0.41371002197265627,0.06388520911335946,0.05816165076348592,48.471354246139526,0.7736932463410694,0.000527844684179879,0.00012132980661913942,0.0005416095757934805,0.1398189113286819,0.0038736503570699445,0.06964428783931423,0.07017462348936766,-0.0003141567090651125,-0.0019958660437042713,0.0020204394824548354,0.015873730077561612,0.12728196035730815,0.007621516377178802,0.0,0.008252213700382809,0.14654048270947476,0.07017462348936766,0.0040814719438477184
VLOW_EXTREME_CI_ONLY,pQscaled,central,0.34242584705352785,0.06758606255054474,0.06350013750857639,33.13332140445709,0.8020658352700792,0.0005611706555085083,-0.00035268982227203323,0.0006627990761445939,0.3595554350479383,0.001843384945790695,0.17950644442039895,0.18004899062753937,-0.005909465784438491,-0.0023585944858374977,0.006362763063801157,0.02374618430542004,0.26794886209776464,0.008769475288623034,0.0,0.014976709016797008,0.2415381965507978,0.18004899062753937,0.011433135663129132
VLOW_EXTREME_CI_ONLY,pQscaled,central,0.5134016871452332,0.0892578786611557,0.07659650738377599,-7.7260613441467285,0.6937976816512881,0.0008838400961989068,-0.0005014602374034133,0.0010161868358454465,1.0055554919219722,0.0010105726078857705,0.5032210475771929,0.5023344443447794,-0.026830197003037543,0.028683791968873863,0.039276193717510836,0.07601302106169706,0.5167034959133072,0.022465766346261462,6.426605870327468e-07,0.05354661205484857,0.7456189399412165,0.5023344443447794,0.0384770639753799
VLOW_EXTREME_CI_ONLY,pQscaled,central,0.14031057953834533,0.055004484951496124,0.05446035529831364,-47.63235606253147,0.89089065022432,-0.00024102924049769492,0.0001836443888508215,0.0003030187392411357,0.1646777867102161,0.0018400705116006818,0.08221610433628765,0.08246168237392847,-0.00018954266939807084,-0.00010128073031601435,0.00021490511826359932,0.016946801192733348,0.012681161230341575,0.008380979780816181,0.0,0.008565821411917165,0.15782903718121358,0.08246168237392847,0.004490892520580832
VLOW_EXTREME_CI_ONLY,pQscaled,central,0.5646471858024597,0.11058307886123657,0.09126779687610265,21.587266325950623,0.6431717401799923,4.567670086347286e-05,-0.00033749435710081314,0.00034057128780427506,0.39343610353589714,0.000865633033530694,0.19670511919397854,0.1967309843419186,-0.006837816211275905,-0.010683808896464784,0.012684616788668375,0.04066966405673173,0.3118938177353526,0.015435693191299773,0.0,0.02523397086543196,0.3036129239175505,0.1967309843419186,0.01795520351815396
VLOW_EXTREME_CI_ONLY,pQscaled,central,0.3590760171413422,0.09288073360919952,0.08668636113331518,23.396994471549988,0.7612877655899529,-0.00013229801240177697,-0.0004209873775397506,0.00044128577603777037,0.36612961549245754,0.0012052720057737609,0.18314270502502672,0.18298691046743082,-0.009289776784805913,-0.004256074404734021,0.010218322858970102,0.03788935153917512,0.26968851257337995,0.014012409325797582,0.0,0.02387694221337754,0.28515010243432,0.18298691046743082,0.01586246940344932
VLOW_EXTREME_CI_ONLY,pQscaled,central,0.5348309636116028,0.07271334320306778,0.061439799296384864,-45.79645432531834,0.7012241956846775,-0.0004041903652455131,0.0001825384758348549,0.00044349762853640283,0.1659719733621372,0.002672123609500785,0.08278155737632033,0.08319041598581689,-0.0007053424319233906,0.0033410663099044634,0.0034147081915516923,0.015905494910327556,0.2146873272918059,0.007187332833246928,0.0,0.008718162077080626,0.15030262452852777,0.08319041598581689,0.0051112024615513575
VLOW_EXTREME_CI_ONLY,pQscaled,central,0.1582241863012314,0.10655021786689758,0.10520802756617792,-9.328551292419434,0.8091510250158666,0.0006222825505917129,0.0023050181989617904,0.0023875394175418307,0.8386462407965202,0.002846896941044199,0.41958494973854255,0.4190612910579776,-0.032375609308504354,0.007069239073993624,0.03313841002797497,0.09171346522528401,0.3613254601881419,0.02959275314239173,2.0574432498209435e-08,0.06212069150845977,0.5951074165558226,0.4190612910579776,0.04408861186154582
VLOW_EXTREME_CI_ONLY,pQscaled,central,0.5871567845344543,0.050287480633705854,0.04070636938609052,31.506441235542297,0.6981109887734753,-0.0010604516569063804,-0.0012348940434211454,0.0016277349339227543,0.6881144598501072,0.0023655002603452414,0.34462346523244297,0.3434909946176642,3.7380959453148926e-05,-0.006982415125170724,0.006982515185543282,0.027178649279979657,0.2569117807736931,0.01251432105777724,0.0,0.014664328222202419,0.3777519194353058,0.3434909946176642,0.013982271307702271
VLOW_EXTREME_CI_ONLY,pQscaled,central,0.20646328628063204,0.08160985231399537,0.07985151484869829,50.059577226638794,0.8323085085445968,-0.0010478132264564628,0.00034796687553765476,0.0011040803883814532,0.05206659468378849,0.02120515841465653,0.02655689866231394,0.025509696021474557,-0.002532847046239661,-0.0004672635090993686,0.002575587184814529,0.011545858318753729,0.22307455311754518,0.004497293985057075,0.0,0.007048564333696654,0.08921208543316711,0.025509696021474557,0.0020369878706445552
VLOW_EXTREME_CI_ONLY,pQscaled,central,0.6868301391601562,0.10150107860565186,0.07377280779508705,-17.3614639043808,0.5901397513438013,-0.00012449112446616395,0.0008073578593155994,0.0008168994754983733,0.6462805406385963,0.001264001349462242,0.3230559084594971,0.32322463217909925,-0.009311455866253952,0.0200738956065753,0.022128364041945767,0.04465175061991278,0.4955766287935271,0.013903542001901371,1.854292798537743e-15,0.030748208618009552,0.4690407641508451,0.32322463217909925,0.023845188664386396
VLOW_EXTREME_CI_ONLY,pQscaled,central,0.3137298941612244,0.05916846960783005,0.05618118797167032,-37.50168859958649,0.8264163460854566,-0.0004759152557916868,0.00020378522870001005,0.0005177101024044075,0.33175588686731317,0.001560515194750612,0.16563531881014737,0.1661205680571658,-0.0016073652001701282,0.001329470373112971,0.0020859324916456664,0.02290312615304628,0.09107632197049233,0.01056641922959035,0.0,0.012336706923455931,0.22353109956442846,0.1661205680571658,0.009332850859980283
VLOW_EXTREME_CI_ONLY,pQscaled,central,0.42867546081542973,0.11515183746814728,0.10403491196392649,4.998290538787842,0.7030329286760894,0.0011406699131579767,0.0009755594873209934,0.0015009477552819172,1.0085835980431508,0.0014881738689723378,0.5037309072803925,0.5048526907627583,-0.07750194195073029,-0.03753790662433397,0.08611414192727919,0.09334008544844083,0.9225847770928675,0.013067166856595851,0.0001505113225736823,0.08012240726927129,0.8165522954169651,0.5048526907627583,0.05252230523825498
VLOW_EXTREME_CI_ONLY,pQscaled,central,0.1205985650420189,0.0673319084942341,0.06684047699674546,8.513714671134949,0.875512576788275,-0.0005054861520247256,0.0004514717581818057,0.0006777484771834863,1.0355459567497327,0.0006544842097696319,0.5180236514246863,0.5175223053250465,-0.023788512986820436,-0.0081359230507058,0.025141332383370824,0.07441540929062387,0.3378511604388701,0.025516452305376254,1.2547028421986436e-07,0.048898831514963395,0.7338282649410297,0.5175223053250465,0.034591437744381455
VLOW_EXTREME_CI_ONLY,pQscaled,central,0.6244578719139099,0.11579634487628937,0.09044371838064488,-34.03825759887695,0.6079002902546579,0.00010614959176981353,-0.0002116914897880599,0.0002368143211074582,0.19416448853021004,0.0012196582541951898,0.09713898419143542,0.09702550433877462,-0.005230480877127317,0.0062857243885032265,0.008177301590024597,0.017765909156608042,0.46028050227775374,0.005299086717668438,0.0,0.012466822438939604,0.1547386380598058,0.09702550433877462,0.00877534739015617
VLOW_EXTREME_CI_ONLY,pQscaled,central,0.39667012691497805,0.07994075536727906,0.07338251371608903,-20.662070512771606,0.7612711649898732,-0.00019271234738643672,-0.0001326066419030901,0.00023392855813689155,0.5504129542362993,0.00042500554599313254,0.27511435288444525,0.2752986013518541,-0.01120229727479868,0.006874564292377269,0.013143481214769185,0.04277882019075091,0.30724272329536645,0.015244690724072653,0.0,0.027534129466678256,0.389193362040217,0.2752986013518541,0.02020210338972256
VLOW_EXTREME_CI_ONLY,pQscaled,central,0.4974982619285584,0.09449948310852051,0.08197499156303824,46.81101620197296,0.6954824407752972,-0.0003788043931572463,0.00034359388781816556,0.0005114191314579773,0.0807436554836745,0.0063338615076868705,0.04056024562724461,0.04018340985642989,-0.002102689804005022,-0.0026327831175195606,0.003369399257399261,0.012176834701836819,0.2767056743318476,0.004778045054944113,0.0,0.007398789646892706,0.096253516757759,0.04018340985642989,0.0032940346839549477
VLOW_EXTREME_CI_ONLY,pQscaled,central,0.27621421217918396,0.10692041993141174,0.10276079835919376,34.863879680633545,0.7748261268057194,-0.00023900967489251523,-0.00027950841902693265,0.0003677643008764733,0.14381875295229646,0.0025571373226859866,0.07203160620666697,0.07178714674562947,-0.0077775426705314595,-0.001175515080531255,0.007865876028548506,0.01582178645339641,0.4971547335515866,0.003982062242818393,0.0,0.01183972421057802,0.11796593277222128,0.07178714674562947,0.007376904511509482
VLOW_EXTREME_CI_ONLY,pQscaled,central,0.46594014167785647,0.05872468911111355,0.05196055880711748,-5.915684103965759,0.7537290961144428,-0.0019879329871781426,0.0017519341653100505,0.0026497454370357234,1.1946310317215545,0.002218045042089052,0.5963638059781505,0.5982672257434041,-0.029836300723660628,0.026385456942874967,0.039829601792599194,0.05782644196133915,0.6887783588557601,0.014738104007279776,2.7796944588671705e-05,0.0430605410094707,0.8600889707240333,0.5982672257434041,0.031086299365611175
VLOW_EXTREME_CI_ONLY,pQscaled,central,0.24402085542678834,0.08560590088367462,0.08301803314127534,-49.36876233667135,0.8148514426290032,9.001743329007869e-05,0.00034934799687675764,0.00036075914571627536,0.05337385391402019,0.0067590986833632035,0.02673230140911628,0.02664155250490391,-0.0025922301114959887,0.0006007125120621175,0.002660923236978941,0.011282499668909148,0.23584518635631044,0.004330065936770696,0.0,0.0069524337321384515,0.08503999169106484,0.02664155250490391,0.0022117292887871396
VLOW_EXTREME_CI_ONLY,pQscaled,central,0.649607515335083,0.07131694734096528,0.054220116940303695,19.769309759140015,0.6403764012854242,0.00023686897001007345,0.0008566995132462812,0.0008888424860176566,0.7786248169968519,0.0011415542718583166,0.38917161382761645,0.38945320316923543,-0.009150652318077506,-0.016107700053624895,0.018525453809930936,0.036407333974687706,0.5088385165145762,0.01094299280672565,0.0,0.025464341167962052,0.507558240932773,0.38945320316923543,0.021116198218611798
VLOW_EXTREME_CI_ONLY,pQscaled,central,0.21879851520061494,0.11781923413276672,0.11496448114400823,15.83769142627716,0.7779909331866891,-7.619572484141024e-05,9.175539749518152e-05,0.0001192679397558567,0.46408397355251224,0.00025699646303851774,0.2320770977001367,0.23200687585237553,-0.017621812649647763,-0.0023466005805416615,0.017777368065714463,0.058360262170640526,0.3046142598491908,0.0202968117903959,2.5697100890352895e-14,0.03806345038021893,0.3364973539006672,0.23200687585237553,0.026672550104210685
VLOW_EXTREME_CI_ONLY,pQscaled,central,0.6382095575332641,0.06524897322058677,0.05023275001024919,-51.66487418115139,0.6523717751272115,-0.0010261030322672449,-0.000555612210358792,0.0011668728984460207,0.13011506271753154,0.00896800780843643,0.06455117563206444,0.06556388708546708,0.0026986853325879946,0.003988315090427522,0.004815553943717947,0.016574067140433565,0.29054751033136644,0.008954167429255333,0.0,0.007619899711178232,0.1627021988372165,0.06556388708546708,0.0032934543496644726
VLOW_EXTREME_CI_ONLY,pQscaled,central,0.26159368753433226,0.09651378571987151,0.09315299122108775,-3.057379722595215,0.7939364325512777,0.0021958847196583697,-0.0016061853448032862,0.0027206140968336484,0.938395735181796,0.002899218309327228,0.47021439100600926,0.46818134417578666,-0.13926736334944645,0.02833453845730245,0.14212052829867716,0.15527993705530846,0.9152536444425251,0.06471684092053186,0.006471684097799636,0.08409141203697698,0.9199384944621362,0.46818134417578666,0.043612492643884115
VLOW_EXTREME_CI_ONLY,pQscaled,central,0.4468700647354126,0.07784924805164337,0.06964384964358214,39.52239215373993,0.7400732586650667,-0.00019143756807143975,0.00025728916797822026,0.00032069620893928876,0.20931934234792715,0.0015320906579490035,0.10475144486330591,0.10456789748462125,-0.0026677527717126033,-0.0029601475197834604,0.003984893748879692,0.0185624057660938,0.21467550053013468,0.007676373401231022,0.0,0.010886032364862777,0.16341955608441208,0.10456789748462125,0.007282510929964474
VLOW_EXTREME_CI_ONLY,pQscaled,central,0.36551510691642763,0.05637282192707062,0.05247212748528651,43.896692991256714,0.8069632340978792,0.00026315058239140265,-0.000246567342273127,0.0003606157002801843,0.24735872894263103,0.0014578652704987833,0.1235522653949604,0.12380646354767062,-0.0012281517026148485,-0.001670909802689125,0.002073715547841208,0.01791522514108452,0.11575157618787522,0.008224554616048511,0.0,0.009690670525036006,0.1889376410955784,0.12380646354767062,0.006496388538775851
VLOW_EXTREME_CI_ONLY,pQscaled,central,0.4896892428398132,0.10921270787715912,0.09522223654599085,-25.27085840702057,0.6815712335325876,7.852165535907063e-05,-0.0003236355952906597,0.00033302499740930615,0.2742193967952536,0.0012144472685058074,0.13715700901713937,0.13706238777811422,-0.009175324536277486,0.006776823375070027,0.011406661010256733,0.030601282243997344,0.37275108014449776,0.01000449400174641,0.0,0.020596788242250932,0.2323639535603104,0.13706238777811422,0.013051387110565919
VLOW_EXTREME_CI_ONLY,pQscaled,central,0.11659808829426765,0.06895657330751419,0.06848623301025684,-30.04894196987152,0.8736269341457853,-0.0007992145909131443,-1.918250085498549e-05,0.0007994447639878044,0.3603822652317008,0.002218324376960715,0.17979261481313305,0.18058965041856773,-0.009990611530459017,0.0001588629503751648,0.009991874508296358,0.024852228161140855,0.40205145564853795,0.007434729665071223,0.0,0.01741749849606963,0.2550700487659669,0.18058965041856773,0.012367904877806856
VLOW_EXTREME_CI_ONLY,pQscaled,central,0.5877364993095398,0.0878896689414978,0.0711073487565212,10.758421421051025,0.6572545448253705,0.0005290992567951736,-0.0018097967590554181,0.0018855530574949885,0.8843859055706441,0.0021320478375086126,0.44195565421426086,0.44243025135638325,-0.014717741710532022,-0.025110605115892998,0.029105917101926983,0.06536811806225072,0.4452616652388405,0.022159996879650548,1.3375797873394432e-09,0.04320811984502038,0.658210528946713,0.44243025135638325,0.03146004218363367
VLOW_EXTREME_CI_ONLY,pQscaled,central,0.29903666377067567,0.07507804393768311,0.07164259444585797,0.6313067674636841,0.8097291467178539,-0.0008085377232791291,0.0019330006715535392,0.002095286339904842,0.3885219881487394,0.005392967203448713,0.19517128998248331,0.1933506981662561,-0.04657073503380968,0.06021192039753496,0.07612035680124203,0.5748122051727244,0.13242647966803128,0.23077137288667388,0.2702323784854566,0.07380845380059382,0.9964838394644885,0.1933506981662561,0.013852145654548578
VLOW_EXTREME_CI_ONLY,pQscaled,central,0.40909340381622317,0.0905927014350891,0.08266516182537112,-40.22812679409981,0.7422165659908482,5.853747210493587e-05,2.499546869823353e-05,6.365068024680112e-05,0.14663224661570845,0.0004340837824957818,0.07334509997779479,0.07328714663791366,-0.003833430364080225,0.002239231303361587,0.004439520828446092,0.015535197798063224,0.2857717607560494,0.005687001934762435,0.0,0.009848195863300789,0.12440548757700462,0.07328714663791366,0.006058293836542837
VLOW_EXTREME_CI_ONLY,pQscaled,central,0.18131474256515503,0.05264359902590514,0.051771037621874356,-14.928873777389526,0.8838042081321758,0.0009353915057903617,0.00017782354651457374,0.0009521441502208481,0.90026145373524,0.0010576306985824434,0.45059511689944315,0.4496663368357968,-0.02136200542217825,0.0048997884532897195,0.02191673339127353,0.04156058768497797,0.5273441645579808,0.010108776905093896,2.907287908001016e-13,0.03145181077959335,0.610875373059501,0.4496663368357968,0.023279692841616458
VLOW_EXTREME_CI_ONLY,pQscaled,central,0.6759455919265747,0.10425361573696136,0.07682986156778727,54.29069697856903,0.5927577951662314,-0.0003737409997455407,0.00031756521187386775,0.0004904385778905354,0.025881394542586596,0.0189494649171063,0.013127270759642826,0.012754123782943771,-0.0018987255653792486,-0.0037987068099071476,0.00424680258550591,0.009297185824281694,0.45678366182746694,0.0030476372335762926,0.0,0.006249548590705403,0.09160446439704156,0.012754123782943771,0.0009798975646619934
VLOW_EXTREME_CI_ONLY,pQscaled,central,0.15400465130805968,0.09949099004268647,0.09830407473917725,29.02244806289673,0.8200839449981067,0.00039180472151446877,0.00014803486737136615,0.00041883798987041326,0.19631846925487711,0.0021334619786926015,0.09796087877677327,0.09835759047810384,-0.013003578410839682,-0.0004953339596194383,0.013013009153090154,0.021358818758689016,0.6092569678178563,0.0041748232683595276,0.0,0.01718399549032949,0.17603752993648028,0.09835759047810384,0.009668951925524909
VLOW_EXTREME_CI_ONLY,pQscaled,central,0.5500697731971741,0.08369707673788071,0.06989699399556426,-13.501973748207092,0.6814209128930346,0.0002019911490618309,-6.291976880533345e-06,0.0002020891221030562,0.7881042062550241,0.0002564243668529054,0.39415314217807895,0.39395106407694513,-0.016596407349034527,0.01919993673743787,0.025378697910190418,0.05466267036451403,0.4642784141527357,0.016757174075255496,4.875782406219637e-12,0.03790549628438274,0.5806935785257852,0.39395106407694513,0.027535995160332383
VLOW_EXTREME_CI_ONLY,pQscaled,central,0.32814140319824214,0.11313324570655822,0.10686890115614756,-41.37974761426449,0.7475154228523437,-0.0006314724730615215,-7.256504258105872e-06,0.0006315141653902008,0.07917698296172475,0.007975981677597917,0.03927275285870757,0.03990423010301718,-0.0036529946644714597,0.0010864038237442543,0.003811121001346335,0.011424495725275338,0.33359205456347707,0.0038395068213045737,0.0,0.0075849889039707645,0.07347288846471134,0.03990423010301718,0.004264521222591511
VLOW_EXTREME_CI_ONLY,pQscaled,central,0.5273887276649475,0.061247178316116334,0.052037079425904846,26.067415475845337,0.7179289011335014,0.0005540108064343574,-0.00046604662561805857,0.0007239664570240985,0.6388978911434875,0.0011331489226366934,0.31918677556012665,0.3197111155833608,-0.004277962879177196,-0.008026117758135363,0.009095027908867234,0.032965840896982415,0.27589248935857424,0.013312760349615805,0.0,0.019653080547366607,0.3963243920582229,0.3197111155833608,0.01663683271495599
VLOW_EXTREME_CI_ONLY,pQscaled,central,0.30809949040412904,0.11392468571662902,0.10838272166322883,27.191103100776672,0.7540622590650208,-2.912735666900368e-05,0.00022092834096773583,0.00022284015515449518,0.17744516070337044,0.0012558254858638263,0.08873349354074445,0.08871166716262599,-0.01210725090297147,-0.002435377471883882,0.012349760639707273,0.023620904159975396,0.5228318338733745,0.005651188790820802,0.0,0.017969715369154593,0.17098359626335488,0.08871166716262599,0.00961481193036789
VLOW_EXTREME_CI_ONLY,pQscaled,central,0.4369793653488159,0.060402197986841204,0.05433005747145183,-42.80892685055733,0.7665387030449927,-0.00021907308240651235,-0.00018774550148493736,0.0002885158379758747,0.2533302331005457,0.0011388922452906115,0.12655941314447164,0.12677081995607406,-0.0014979531694024016,0.002511281892360656,0.0029241067765424056,0.018020527988670584,0.1622653219917164,0.008025237438852865,0.0,0.009995290549817721,0.19032227315827388,0.12677081995607406,0.006887465933916576
VLOW_EXTREME_CI_ONLY,pQscaled,central,0.20920077562332154,0.10136123478412629,0.09911838527038051,-12.248939275741577,0.8036476914271482,-0.0006547942919339356,0.0012987231499109256,0.0014544543254649905,0.697217035170761,0.002086085468506615,0.34824547320570737,0.34897156196505363,-0.023452105445608138,0.005256359575874557,0.02403394611425288,0.07424239746407532,0.32372265626096514,0.025241687332433056,4.9933445131298037e-11,0.04900071008170882,0.5008715930903982,0.34897156196505363,0.03458949772725865
VLOW_EXTREME_CI_ONLY,pQscaled,central,0.6850083112716674,0.08174338966608047,0.05955294099431439,27.672049403190613,0.6116204698057334,0.0004560699099584453,-0.00035677297078671837,0.0005790394765933364,0.5079780262269389,0.0011398907958562966,0.2537721706110949,0.2542058556158439,-0.0029261738212303934,-0.011122223782604482,0.011500711069424657,0.029330756078348393,0.39210414619738543,0.010997298436173305,0.0,0.01833345764217509,0.3382540109014429,0.2542058556158439,0.015138706319899557
VLOW_EXTREME_CI_ONLY,pQscaled,central,0.16368982195854187,0.05177757948637009,0.051079196042449,54.01455640792847,0.8898568127886891,-0.0004209957212474996,-0.00028661079542330987,0.0005092967164255869,0.08232144655518736,0.006186683273163317,0.041373769482874134,0.04094767707231323,-0.0010098217685054487,-0.00022924079660545794,0.0010355150153309111,0.013983167818131168,0.07405439373960755,0.006482855664051276,0.0,0.0075003121540798915,0.14749099955938122,0.04094767707231323,0.0020915744246595815
VLOW_EXTREME_CI_ONLY,pQscaled,central,0.5784317374229431,0.10503244698047637,0.08567820116912479,-14.320383667945862,0.6423689075172064,0.0003091831084948704,0.0006768497549452107,0.0007441235014081618,0.6681065301618186,0.0011137797159802214,0.3341892602864326,0.33391726987538606,-0.014348106041683038,0.019458845966009795,0.024176741577646006,0.0576422270617382,0.41942761079913177,0.018989050513614703,8.188344249141301e-13,0.038653176547304664,0.49509006920081816,0.33391726987538606,0.028609431022228262
VLOW_EXTREME_CI_ONLY,pQscaled,central,0.35650329589843754,0.07313749551773072,0.06833192799585043,-40.58305203914642,0.7882672613618468,0.00022045871300234443,-1.220094744965516e-05,0.00022079607618189078,0.19933131980076774,0.0011076838120701597,0.09977603094792897,0.09955528885283875,-0.0032942065223991145,0.0017527032652686098,0.003731456196754842,0.01756287960491211,0.2124626644773648,0.007023874077415275,0.0,0.010539005527496833,0.15855509579625926,0.09955528885283875,0.006802804829498268
VLOW_EXTREME_CI_ONLY,pQscaled,central,0.5370739340782166,0.09248451709747314,0.07801394319792217,1.110450029373169,0.6781230688705655,-0.0011133246340945258,0.0014724994154098059,0.001846008198590659,0.5237176972615468,0.003524815388601913,0.262659772256447,0.26105792500509983,-0.09241810782623827,0.0035286524859696397,0.09248544773394862,0.44086684118261443,0.2097809113651157,0.18861633306834152,0.17531620486556523,0.07693430324870766,0.9891045756881346,0.26105792500509983,0.020366158132715282
VLOW_EXTREME_CI_ONLY,pQscaled,central,0.24657509624958038,0.07036316841840744,0.06819061325039477,11.554821133613586,0.8361853052406774,0.0009668562986506202,-0.0009733891050616502,0.0013719684588550487,0.8761462695835287,0.0015659125724603107,0.43760679037530253,0.43853947920822617,-0.021083316611041385,-0.007986531153019422,0.022545308141153523,0.06402590917101003,0.352127887492172,0.021294889367147584,2.4750594486650446e-10,0.0427310195563565,0.6349179024929154,0.43853947920822617,0.02990427602171769
VLOW_EXTREME_CI_ONLY,pQscaled,central,0.6473094701766967,0.08656625747680663,0.06598316430755911,-30.08330464363098,0.6271514390457975,0.0006584233348272961,-4.454863643497606e-05,0.0006599286846723011,0.3957940100672301,0.0016673538959323926,0.19822694735325788,0.1975670627139722,-0.004897832232823833,0.009191777178721508,0.010415254595263315,0.025063831031082093,0.41554918648897227,0.008471514708650613,0.0,0.01659231632243148,0.2756134700513287,0.1975670627139722,0.013036099960817863
VLOW_EXTREME_CI_ONLY,pQscaled,central,0.27069352865219115,0.056670717075467114,0.05455494856438161,-24.549884796142578,0.8476209770811247,-0.00013729300683995582,-0.0006408478761745738,0.0006553894797176851,0.636021757419098,0.0010304513518172378,0.3179619707473262,0.31805978667177187,-0.007039175859295348,0.0027072167656666335,0.007541818043044588,0.035902240457161935,0.21006538720176354,0.014303521771037983,0.0,0.021598718686123956,0.40103421956701707,0.31805978667177187,0.017351735302276704
VLOW_EXTREME_CI_ONLY,pQscaled,central,0.47464673519134526,0.10896808445453643,0.0959111351545256,43.729626536369324,0.6890273722609427,-0.0003106096522688048,0.00021177204839888477,0.00037593318098514187,0.0806531242310272,0.004661111203929278,0.04048182097257506,0.04017130325845215,-0.0027861807992437676,-0.0023660286531074787,0.0036552558095706827,0.011526174512925305,0.3171265371239742,0.0041619496879017025,0.0,0.007364224825023602,0.08214297442750193,0.04017130325845215,0.003852875296154838
VLOW_EXTREME_CI_ONLY,pQscaled,central,0.3939876854419708,0.09516920387744904,0.0874715111867249,37.85143256187439,0.7432270787942873,1.786305481449313e-05,0.00019345376392259066,0.00019427672918577516,0.15916175397034954,0.0012206244549300893,0.07956997248074556,0.079591781489604,-0.004503251097565751,-0.002310986690469943,0.005061613372360276,0.01683249081216342,0.30070495382077433,0.006005806615601983,0.0,0.010826684196561435,0.12910600100279723,0.079591781489604,0.00696201340493926
VLOW_EXTREME_CI_ONLY,pQscaled,central,0.49933854341506956,0.07924336373806,0.06865700181809915,-2.121601700782776,0.712349590417133,0.003127000049302664,0.0004750405881715908,0.0031628773085197715,0.8387312382146059,0.003771026002623365,0.4209458031683723,0.41778543504623367,-0.1419854934607427,0.03192844202486139,0.14553111613474815,0.22290568421090073,0.6528820323713894,0.12079362944626439,0.03871977309558311,0.06339228166905325,0.9661946557938527,0.41778543504623367,0.02868389537354461
VLOW_EXTREME_CI_ONLY,pQscaled,central,0.12624744921922684,0.11758762001991271,0.11664677572400975,-53.203127942979336,0.7994098339863502,-7.443542986644135e-05,-0.00017229048670493565,0.0001876822981221871,0.004972235252736842,0.03774606159651712,0.0024418986777510203,0.0025303365749858218,-0.003345674504100738,8.541602310235863e-05,0.003346764674187945,0.005600359183427522,0.5975982190734294,0.0011270312483733203,0.0,0.0044733279350542025,0.03855858222493767,0.0025303365749858218,0.00029515560296863007
VLOW_EXTREME_CI_ONLY,pQscaled,central,0.6162090420722961,0.06556857019662857,0.051640667684710734,16.84889554977417,0.664366822731043,0.0013947458267710156,0.0009152287109120694,0.001668220463419908,0.860888628252631,0.00193778894118504,0.42972902041489774,0.43115960783773327,-0.015366193894790905,-0.017697643622519143,0.023437715430519288,0.03606988512131416,0.6497862510981355,0.007903699478936975,6.698350063535196e-15,0.028166185642370486,0.5829779373282659,0.43115960783773327,0.022265370027418588
VLOW_EXTREME_CI_ONLY,pQscaled,central,0.11157192252576352,0.08858509957790375,0.08803200624331593,19.738304018974304,0.8439002391523012,-0.0007540565985349468,-0.00021025917047044589,0.0007828219928955842,0.46742081292113763,0.001674769225622095,0.23409317898526244,0.2333276339358752,-0.013259015201097641,-0.0002231147808442694,0.01326089228929824,0.04647582787368364,0.28532880200305144,0.01661456027846183,0.0,0.02986126759522181,0.3403533240937739,0.2333276339358752,0.020540299727381098
VLOW_EXTREME_CI_ONLY,pQscaled,central,0.596608030796051,0.0682847434282303,0.05480074474595439,-48.56900691986084,0.6725230036370984,-0.0010039349234420292,0.00012404602182914531,0.0010115694469675278,0.15915792759952674,0.0063557591018201616,0.07907560449781113,0.08008232310171562,0.0016684368524710336,0.0037563652176062956,0.004110226414533126,0.016816824895888875,0.24441156044491363,0.008669039912902113,0.0,0.008147784982986761,0.15873656581846662,0.08008232310171562,0.004388570946960164
VLOW_EXTREME_CI_ONLY,pQscaled,central,0.36882021427154543,0.11097842335700989,0.1031545280602064,-6.086107492446899,0.7339120419960548,0.0004426411999375879,0.0020632749115555337,0.002110221455804268,0.9961410754894942,0.002118396186772365,0.4982910837217812,0.497849991767713,-0.05914851358325362,0.027414865080949258,0.06519295580440411,0.09175926111696509,0.7104782123441775,0.01647983997669183,1.6607125195394503e-05,0.07526281401507787,0.7613813447834666,0.497849991767713,0.051355480945576085
VLOW_EXTREME_CI_ONLY,pQscaled,central,0.48847166299819944,0.05458377584815026,0.047628697932079044,35.581496357917786,0.7470294590133919,0.00013687466604853094,0.00022437617138445012,0.0002628294893862578,0.4753637489156314,0.0005529018356696468,0.23760750211402304,0.2377562468016083,0.0006724737448344665,-0.004037083418013454,0.004092708572753609,0.02586852592718975,0.1582118975110148,0.012777839955764817,0.0,0.013090685971424931,0.285418944240738,0.2377562468016083,0.011324020460378637
VLOW_EXTREME_CI_ONLY,pQscaled,central,0.2664917051792145,0.07688699513673783,0.07410654702505948,47.74343729019165,0.8194872539638268,-0.0006427945946072891,0.0003709656387398501,0.0007421592793882012,0.08790409159188486,0.008442829747150405,0.04427167638517478,0.043632415206710094,-0.0023753614883773233,-0.0008202819170263945,0.002513007087906166,0.013207127378221547,0.19027658444864048,0.0053884602074101475,0.0,0.0078186671708114,0.10726639891327816,0.043632415206710094,0.0032334476293329824
VLOW_EXTREME_CI_ONLY,pQscaled,central,0.43754076957702637,0.09746552228927613,0.08764085862819214,-22.336387038230896,0.7205541169096921,0.00020807971092481892,-0.0005301015563881871,0.0005694776783893592,0.3911489314909734,0.0014559100959796456,0.1956940673524193,0.1954548641385541,-0.009253081637603654,0.0067350529656170985,0.01144466942475079,0.039587090942478795,0.2891010466361412,0.014548120781603365,0.0,0.025038970160875428,0.3010710725576651,0.1954548641385541,0.01712983211615952
VLOW_EXTREME_CI_ONLY,pQscaled,central,0.21562155485153198,0.06320361912250519,0.06171688082854897,-33.02369490265846,0.8575124888712256,6.989267720081127e-06,0.00011302651005726076,0.00011324240300782669,0.3733349897831082,0.00030332651936432653,0.18666796111495537,0.18666702866815282,-0.005918669426491342,0.0007252161582793224,0.005962934366259013,0.024248441537550867,0.24591000444398972,0.009144087872063056,0.0,0.015104353665487812,0.24698174345061952,0.18666702866815282,0.01152050676293172
VLOW_EXTREME_CI_ONLY,pQscaled,central,0.6398849010467529,0.119875368475914,0.0921207158640661,6.978815793991089,0.5972287336495923,-0.0006343985126205376,0.0005467243787600638,0.0008374777723293486,0.981950615831126,0.0008528715791073716,0.49129018654942763,0.49066042928169834,-0.029329033336355895,-0.04249673696889255,0.05163491889650176,0.08166227997521888,0.6322982766605424,0.021052434997251415,2.92354233499205e-06,0.060606921435632476,0.7440937641681722,0.49066042928169834,0.04519998999160003
VLOW_EXTREME_CI_ONLY,pQscaled,central,0.3312632620334625,0.06276285573840142,0.059219162452441194,3.5657519102096558,0.8137217108943955,0.0015211881747239087,-0.002516095742398111,0.002940195783928982,1.1076896135214567,0.0026543498720564902,0.5529666912222452,0.5547229222992115,-0.0944606799852917,-0.02835622917932861,0.09862502621826925,0.10451236983225005,0.9436684516538031,0.04804434867438004,0.0027503154712526716,0.053717705686617344,0.9259538606126823,0.5547229222992115,0.03285022685172992
VLOW_EXTREME_CI_ONLY,pQscaled,central,0.5256949305534363,0.1116411679983139,0.09497014614140292,-36.38135626912117,0.6613785006851258,0.0001538093961121617,-0.0001692735208516337,0.0002287156645135972,0.1530838666965289,0.0014940546606847817,0.07662093033404847,0.07646293636248042,-0.004754055757686493,0.003983397152565948,0.006202297882419273,0.016109281732119018,0.38501393082305574,0.005235171624946457,0.0,0.01087411010717256,0.12442335073978082,0.07646293636248042,0.007261696240745557
VLOW_EXTREME_CI_ONLY,pQscaled,central,0.14908820688724517,0.0840955400466919,0.08315567993923455,-18.708505630493164,0.8433101275995241,-1.3277579670845086e-05,3.974263511860934e-05,4.190192320271898e-05,0.5312140396099361,7.887954774969243e-05,0.2655991637479843,0.2656148758619517,-0.015006368800577197,0.0012544347776742096,0.015058708815511882,0.048088465651006246,0.3131459615450781,0.016515827695347932,9.017284795996849e-17,0.03157263795565822,0.38186260406868766,0.2656148758619517,0.022087385604275974
VLOW_EXTREME_CI_ONLY,pQscaled,central,0.5593439936637878,0.09906919717788695,0.08212198845597773,51.31596863269806,0.659079671218022,-0.0006039531152971407,0.00031406344371815646,0.0006807313803235672,0.04027537055489788,0.01690192718141931,0.02043970501793943,0.019835665536958456,-0.001634408057266867,-0.002863085959784675,0.0032967485361754525,0.01057075274614553,0.31187452921718317,0.004124874927957652,0.0,0.006445877818187877,0.08526285490163385,0.019835665536958456,0.0016289442962427376
VLOW_EXTREME_CI_ONLY,pQscaled,central,0.17802806198596954,0.10301786065101623,0.10137219264923045,32.11828827857971,0.8095587374901143,-0.00017804653448243168,-0.0002816483292722091,0.00033320616714435295,0.1657276742337268,0.0020105644315893175,0.08295674284436926,0.08277093138935755,-0.01120732548766831,-0.0005211648105729055,0.011219436587740009,0.017188306895067545,0.6527365758729533,0.0029861544316135756,0.0,0.01420215246345397,0.14145592443744406,0.08277093138935755,0.00839067080255819
VLOW_EXTREME_CI_ONLY,pQscaled,central,0.6772182464599609,0.05386883907020092,0.03963573295271348,-9.601334929466248,0.6420822551163115,0.0050158955398373894,-0.0021854530941618922,0.005471326465615299,1.1438009877942843,0.004783460168334223,0.5743877035319168,0.5694132842623674,-0.0031640973188649217,0.024406854863300076,0.024611096606235217,0.049518131212774416,0.49701182180086134,0.019930184343416056,1.7536592583565995e-08,0.029587929332765772,0.795576982273501,0.5694132842623674,0.022569112874750722
VLOW_EXTREME_CI_ONLY,pQscaled,central,0.30411792993545533,0.09046134412288666,0.08617658755186333,-45.32066881656647,0.7866723002887528,-5.911741957645433e-06,0.0002657544512571885,0.00026582019685491014,0.08466762540512196,0.0031395730727417884,0.04233017426604306,0.042337451139078906,-0.0029782972884791776,0.0009872640514111157,0.0031376655407756755,0.012351383718902114,0.25403352467900814,0.0046473536812669,0.0,0.007704030037635213,0.09162831494537708,0.042337451139078906,0.0036484970648095693
VLOW_EXTREME_CI_ONLY,pQscaled,central,0.4002403259277344,0.07522018045186997,0.06893254171335182,23.038713932037354,0.765609602377607,0.0001079031203354841,-0.00026019661641093,0.0002816830888957138,0.5220289754105123,0.0005395928237014127,0.26096862801605303,0.26106034739445927,-0.008415617978611636,-0.005822246910793892,0.010233336946088526,0.039065164262826114,0.26195555910733426,0.014843810400169041,0.0,0.024221353862657072,0.36397569734752455,0.26106034739445927,0.01799555328647068
VLOW_EXTREME_CI_ONLY,pQscaled,central,0.19536021947860718,0.05803908690810204,0.05692076400365337,21.40511989593506,0.8717364517196424,5.2205066527477584e-05,0.00024037069288042334,0.0002459744681200737,0.699261503953434,0.0003517632055095283,0.34959756933280484,0.34966393462062917,-0.010940723435844468,-0.0021598753638642242,0.011151882840447346,0.039350281917566995,0.28340032896864176,0.014141122644996777,0.0,0.02520915927257022,0.4459725683895338,0.34966393462062917,0.019903138303129713
VLOW_EXTREME_CI_ONLY,pQscaled,central,0.6991462707519531,0.10759774684906005,0.07693009345095196,-46.92987263202667,0.5772350933731587,0.0001349879462110154,0.000311781958881046,0.0003397495187722423,0.09574106992163095,0.003548628807369128,0.04793631140415436,0.047804758517476585,-0.00018112934716876285,0.004495709121560429,0.0044993564368793265,0.012693539706396067,0.35446034289490547,0.005414913691799543,0.0,0.007278626014596523,0.10762586044696053,0.047804758517476585,0.0036776245401496654
VLOW_EXTREME_CI_ONLY,pQscaled,central,0.3225304186344147,0.07173364579677582,0.06790013517717726,-7.772147059440613,0.8048546060117501,0.000384990373474392,-0.0005204186641453618,0.0006473431652985877,1.0509192637151505,0.0006159780181496879,0.5256520033919115,0.5252672603232389,-0.027091035031490532,0.016663021743737544,0.03180535289396609,0.07371722356586333,0.43145077032844587,0.02318968356113956,5.81056070496437e-07,0.05052695894865328,0.7610264900897762,0.5252672603232389,0.035665717980093485
VLOW_EXTREME_CI_ONLY,pQscaled,central,0.4234317779541016,0.08519801437854767,0.07718326621669164,33.92130255699158,0.742310393888959,-4.468883073463492e-05,-0.0001538755673920634,0.0001602335228117334,0.255026910536473,0.0006283004506256499,0.12753884989143133,0.12748806064504167,-0.0065847636976837515,-0.0034615462626361206,0.007439181102964485,0.020757412884383774,0.3583867192120581,0.006800734955936891,0.0,0.013956677928446883,0.18889975526705896,0.12748806064504167,0.00983994492421598
VLOW_EXTREME_CI_ONLY,pQscaled,central,0.35145194530487056,0.11622132122516632,0.10880708930250867,49.47419226169586,0.7344825225858127,0.00027897436845357795,1.6456423214158955e-05,0.00027945932104525724,0.024634949870710982,0.011344018255036512,0.012178178213346012,0.01245677165736497,-0.002290077230693218,-0.0009931049953316835,0.002496139269810934,0.007932944708172882,0.31465481755333896,0.0027738071680356003,0.0,0.005159137540137282,0.04936997882458936,0.01245677165736497,0.0013553850661438692
VLOW_EXTREME_CI_ONLY,pQscaled,central,0.5412510991096496,0.06693230092525482,0.05628076253869253,-20.525786876678467,0.704058128507071,-0.0007954641798010864,0.00024936449238190106,0.0008336341592134396,0.7342660335199782,0.0011353298684090055,0.3667290238923869,0.36753700962759134,-0.009801570286316267,0.012012077213267943,0.015503573106065226,0.0381070013053355,0.4068431672658122,0.012664859194169502,0.0,0.025442142111166,0.4774348042476471,0.36753700962759134,0.020685263163031622
VLOW_EXTREME_CI_ONLY,pQscaled,central,0.168159955739975,0.09380506634712218,0.09246925611349273,-34.76035073399544,0.8248977380305056,-5.429974409970617e-07,-0.00023783140252546346,0.0002378320223885967,0.1743240466971163,0.0013643098981164867,0.08716534675816014,0.08715869993895616,-0.007650066889808866,0.0002586981339649975,0.007654439766767184,0.017722432512270694,0.4319068367994795,0.005035208681107072,0.0,0.012687223831163623,0.1383026862894814,0.08715869993895616,0.008059500147174398
VLOW_EXTREME_CI_ONLY,pQscaled,central,0.5736733555793762,0.0806092682480812,0.06602577575215417,5.160688757896423,0.6724053951394865,0.0026246121492398133,-0.0016795883854648294,0.0031160240818269656,1.1094714287209306,0.0028085663146993484,0.5533864331189595,0.5560849956019711,-0.04845581711773483,-0.03918076240412885,0.062314511593337236,0.06617166959246257,0.9417098280445246,0.01281684939491813,0.0001215352778850645,0.053233284919659375,0.8654752175424788,0.5560849956019711,0.03671594321875338
VLOW_EXTREME_CI_ONLY,pQscaled,central,0.2849735379219055,0.10218266129493714,0.0979456964987012,8.786917924880981,0.7781066215592403,0.00020283215038291447,0.0017511171214949148,0.0017628250209313439,0.8872596428435477,0.001986819794126696,0.4434968952462753,0.4437627475972724,-0.03220675595246171,-0.01340371391148319,0.034884590804570376,0.08968772281888135,0.3889561436966964,0.02836712961793014,6.53465261664338e-08,0.061320527854425044,0.6413472884940457,0.4437627475972724,0.043464651393592194
VLOW_EXTREME_CI_ONLY,pQscaled,central,0.4606552600860596,0.08091999173164367,0.07182289674254587,-31.186167150735855,0.729673719062835,0.0005521706794128223,-4.125744010331431e-05,0.000553709883934806,0.3266271927116968,0.0016952351068441117,0.16359037510145755,0.16303681761023925,-0.008055024534041097,0.004929643106464549,0.009443770507647749,0.02329835071579029,0.4053407308890415,0.00714707216903765,0.0,0.01615127854675264,0.23608467640641248,0.16303681761023925,0.0117097765164535
VLOW_EXTREME_CI_ONLY,pQscaled,central,0.23287658989429474,0.11474822342395782,0.11159336962367525,-23.937146067619324,0.7781647745249219,-6.557788899642925e-05,-0.0003644275209250831,0.000370280809025839,0.22125048247349277,0.001673581927986081,0.11060067934907669,0.11064980312441607,-0.011205575029316087,0.0013785242715436078,0.01129005052711754,0.0320974693069003,0.35174270030971977,0.010406504481477518,0.0,0.021690964825422782,0.1978893820205695,0.11064980312441607,0.01234778437884986
VLOW_EXTREME_CI_ONLY,pQscaled,central,0.6618824481964111,0.05958089873194695,0.04466229731766099,46.11482620239258,0.644588877629902,-0.0003857205958578691,-0.0007334724017123663,0.0008287111331113251,0.29042914233689754,0.0028534021291500436,0.14542158762237137,0.14500755471452617,0.002685052206062538,-0.00472739082411373,0.005436702065884795,0.01855713192615283,0.29297103062692076,0.009709119884461387,0.0,0.008848012041691443,0.21210193013711923,0.14500755471452617,0.006476370521967162
VLOW_EXTREME_CI_ONLY,pQscaled,central,0.13056637793779374,0.07231800287961959,0.07169892967787943,37.167988419532776,0.8654778535479872,0.00014833670690819756,0.0003296789757223158,0.00036151349303958734,0.2308819798188902,0.0015657934557004732,0.11536148897474124,0.11552049084414896,-0.004085674191855437,9.710169781222412e-05,0.004086827907033962,0.02032851660380223,0.2010391602439659,0.008126585451175412,0.0,0.012201931152626818,0.17083906768793355,0.11552049084414896,0.008282695549388751
VLOW_EXTREME_CI_ONLY,pQscaled,central,0.611006486415863,0.09330143749713898,0.07385980543668212,-4.47008490562439,0.6390844778619047,0.0009325276331844101,-0.0016777459769306072,0.0019194893460916513,1.0626820445378393,0.0018062687291629524,0.5317587295684244,0.530923314969415,-0.06558082520367123,0.046669320600354405,0.08049142885856322,0.08160741119095473,0.9863249879379163,0.021656400011075237,0.0004688726424376266,0.059482138537441866,0.8813454833762859,0.530923314969415,0.0392138927454393
VLOW_EXTREME_CI_ONLY,pQscaled,central,0.38907809853553776,0.05096025261096657,0.046944827923073765,-50.3913764283061,0.8028377139299211,-0.00025473224001233696,-0.0006019881859230308,0.0006536652737392468,0.1670722306423298,0.003912471098435385,0.0834170046849055,0.08365522595742429,0.002310199509924782,0.0015079182046021456,0.002758774925112098,0.018143041196733965,0.15205691786714828,0.01010269550119598,0.0,0.008040345695537984,0.17531969752312548,0.08365522595742429,0.003927180187437137
VLOW_EXTREME_CI_ONLY,pQscaled,central,0.5039504408836365,0.1058515453338623,0.09142742732978616,17.888187766075134,0.6786281128080255,-1.943294000139595e-05,0.00026814065343653756,0.00026884391230316373,0.5114676286740756,0.0005256323122542718,0.25573525844297346,0.2557323702311021,-0.012769929774229145,-0.011784033753225167,0.017376264211155804,0.048768313399905144,0.35630234059292937,0.01666619383475283,4.698614115998469e-16,0.03210211956515185,0.3778392319068694,0.2557323702311021,0.023380952695178057
VLOW_EXTREME_CI_ONLY,pQscaled,central,0.3731391429901123,0.0832761099934578,0.0772615256817315,15.24137020111084,0.7676010214200949,-0.0004892528277289365,0.0007644147057530651,0.000907578190467524,0.6858735923284016,0.0013232441088546361,0.3431604129785377,0.34271317934986395,-0.01987061483911544,-0.009706402343518297,0.022114601071209314,0.053326507178328486,0.4147018479432015,0.016093633938921093,1.2555775457036447e-13,0.03723287323928183,0.49849102402016576,0.34271317934986395,0.026478543107807367
VLOW_EXTREME_CI_ONLY,pQscaled,central,0.4832691073417663,0.09988605916500091,0.08744743356241094,-54.838400138542056,0.6958813876333633,4.317689892719724e-05,0.00013214609393993112,0.00013902098670542698,0.016191270666641545,0.008586169026983559,0.008118023657279002,0.008073247009362542,-0.004005197115723609,0.002016647238144264,0.004484246873100946,0.0074284726293719185,0.6036566461011457,0.0015337297454981209,0.0,0.005894742883873798,0.07188855138583242,0.008073247009362542,0.0007059847314841638
VLOW_EXTREME_CI_ONLY,pQscaled,central,0.10666233617812396,0.06194559946656227,0.061592218481259425,-0.32026588916778564,0.8868257075885139,0.0009831006340531578,0.002319750072760529,0.0025194696379889562,0.31776866295466716,0.007928628375631809,0.1601230881470031,0.15764557480766406,-0.03707682825295186,-0.060041454987456874,0.0705667592447726,0.6349749674559815,0.1111331357321019,0.26950393282806134,0.30344071539001405,0.06203031923790616,0.9992435956487482,0.15764557480766406,0.00970974068615737
VLOW_EXTREME_CI_ONLY,pQscaled,central,0.6012199282646179,0.11246019124984741,0.08986509434470229,39.6822988986969,0.622736789665937,-0.00043009260581415576,0.00019773389164944846,0.00047336913870978803,0.13394348341156798,0.00353409607285833,0.0671853004134498,0.06675818299811816,-0.0025327186074832735,-0.004401658203964342,0.005078312563166884,0.014726444607134369,0.3448430832182379,0.005474452187735756,0.0,0.009251992419398614,0.11445951385390703,0.06675818299811816,0.0059992304134067875
VLOW_EXTREME_CI_ONLY,pQscaled,central,0.22990156412124635,0.09128284573554993,0.08883773315997005,41.914023756980896,0.811450232789634,-0.00020174309506227478,0.0002897830817326547,0.00035309277939909854,0.10890702280355005,0.0032421488560569487,0.05455318562016763,0.05435383718338243,-0.0038112644197009554,-0.0006154773633087888,0.0038606409910303748,0.013791201259449291,0.2799350773294766,0.00497431935067771,0.0,0.008816881908771581,0.1006881894490681,0.05435383718338243,0.004828671683917786
VLOW_EXTREME_CI_ONLY,pQscaled,central,0.6258934259414672,0.07439671158790588,0.05802263494109175,-26.39333963394165,0.6505594667736363,-0.0004969976316975822,-0.0004253540996900125,0.0006541656946340939,0.5545378520038311,0.0011796592284372578,0.27703391657537213,0.27750393542845897,-0.0036530733862081503,0.010483325080234045,0.011101578712187128,0.03192298176763014,0.34776133360587375,0.012364949761598878,0.0,0.019558032006031262,0.3636989093817557,0.27750393542845897,0.01610150954008177
VLOW_EXTREME_CI_ONLY,pQscaled,central,0.2527931988239288,0.1038414567708969,0.10046872104132168,-28.49004626274109,0.7869186635123313,-0.00033492406804491726,-0.00012879709563901054,0.00035883537060997874,0.19755550191278015,0.001816377509791666,0.09861288739027543,0.0989426145225047,-0.012552868417471337,0.001580629003876682,0.012651991683298149,0.022239879517663482,0.5688876000092306,0.0047955801866100675,0.0,0.017444299331053414,0.1770212493122879,0.0989426145225047,0.009940637937560547
VLOW_EXTREME_CI_ONLY,pQscaled,central,0.4521137475967407,0.05304747696965933,0.047316242950461745,13.177505135536194,0.7682180292230291,-0.0013485592182573836,-0.0017441800420468691,0.002204716758275671,0.9759813341713635,0.002258974307277648,0.4886825384300128,0.48729879574135065,-0.017542096400255162,-0.013973131416521532,0.022427071759354277,0.043130592629985115,0.519980607541258,0.011910099461315323,1.1074576987284657e-11,0.031220493157595213,0.6812468151208465,0.48729879574135065,0.02305714820876518
VLOW_EXTREME_CI_ONLY,pQscaled,central,0.1440368562936783,0.10961204946041106,0.1084690505009144,2.9462993144989014,0.8077277472721403,0.0018695115306819332,-0.0005823371736676797,0.0019581087679666743,0.9046095862807475,0.0021645898934338405,0.45134688186214816,0.4532627044185993,-0.1569197641545892,-0.024341989433692063,0.15879655170034981,0.17521181382648027,0.9063118989088979,0.0687934198804857,0.0077680109503947435,0.0986503829955998,0.9153598545205754,0.4532627044185993,0.049164975175762085
VLOW_EXTREME_CI_ONLY,pQscaled,central,0.5635211586952209,0.05594757802784443,0.04621838542415069,-38.773271441459656,0.7042932039509288,-0.00077112728851636,-4.484786425877109e-05,0.0007724303373270412,0.41154595169084573,0.0018768993696900518,0.20538916650443287,0.20615678518641284,0.001657139332992278,0.004541637519703166,0.004834519844754556,0.023116424422219395,0.2091378734207524,0.011691388546883077,0.0,0.011425035875336317,0.25975905371077496,0.20615678518641284,0.009528233755549466
VLOW_EXTREME_CI_ONLY,pQscaled,central,0.3357333958148956,0.08722090363502502,0.08215834522017801,-15.947316288948059,0.7784061745367455,0.0002859447812968985,0.0006711064530892201,0.0007294849479796857,0.6309703583317707,0.001156131882182831,0.3156086396265519,0.31536171870521884,-0.018666167983239775,0.007570838939893767,0.020143073981702432,0.053535609130491504,0.3762556232918577,0.016997441148198664,2.7960071667942742e-14,0.03653816798226488,0.45774758489802936,0.31536171870521884,0.02590959695461204
VLOW_EXTREME_CI_ONLY,pQscaled,central,0.5209365487098694,0.06965071052312852,0.059453526326203036,52.412118911743164,0.7118964209793975,0.0002274151299431898,3.1523595469413026e-05,0.00022958958686838805,0.07871633723003948,0.002916670096036584,0.03924421040200082,0.03947212682803867,-0.00014333533000674293,-0.0028973783923563414,0.002900921675144222,0.014060034612789818,0.20632393554033862,0.006634455037762314,0.0,0.007425579575027503,0.13168844058634688,0.03947212682803867,0.002346757131522022
VLOW_EXTREME_CI_ONLY,pQscaled,central,0.290277373790741,0.06457192689180374,0.06179162445466244,29.286393523216248,0.8283526409885416,0.0005221279204152551,-0.0005211715617224732,0.0007377244485750764,0.440142369967943,0.0016761041401872011,0.2198255680990863,0.22031680186885666,-0.008624426323124915,-0.002189659817557271,0.008898052568940851,0.027043311563699567,0.3290296954935319,0.009102320170529614,0.0,0.01794099139316995,0.2952137187623307,0.22031680186885666,0.013613733082132661
VLOW_EXTREME_CI_ONLY,pQscaled,central,0.41437828540802,0.1185050892829895,0.10785204339321669,-10.660768747329712,0.7055896055230095,0.001181760505127083,0.001805912251556966,0.0021582115169282573,0.7493228091415863,0.002880215963798931,0.3752050263121346,0.37411778282945174,-0.023932535864611696,0.016731498076160797,0.029201186633140398,0.08340145029817331,0.35012804368199213,0.02850098970076657,1.3444267544965473e-09,0.054900459252979976,0.5384565412160247,0.37411778282945174,0.04034936734789605
VLOW_EXTREME_CI_ONLY,pQscaled,central,0.19245899021625518,0.07825740158557892,0.07679438082104757,-44.65736463665962,0.8412939668506522,0.00012644462161323644,0.0002629563676817186,0.00029177781553654434,0.11416646701199708,0.0025557225617385756,0.057144545683021006,0.05702192132897607,-0.003101141577671343,0.0003081257879286613,0.003116411491755953,0.013988978021057776,0.22277620903147693,0.005438120783346694,0.0,0.008550857237711082,0.11234309607854263,0.05702192132897607,0.004378963141685204
VLOW_EXTREME_CI_ONLY,pQscaled,central,0.6636706590652466,0.09609735429286956,0.07188321417408024,25.367055535316467,0.6082779477070164,8.589380899154397e-05,-0.0002763959744700468,0.00028943476143394143,0.4358570804066167,0.0006640588726100856,0.2178937875000065,0.21796329290661018,-0.0038459274127159923,-0.011746093741846682,0.012359687530683375,0.033057663384080026,0.37388267244065093,0.012423712888918909,0.0,0.02063395049516112,0.3191098104622408,0.21796329290661018,0.015667902066093642
VLOW_EXTREME_CI_ONLY,pQscaled,central,0.3999395608901978,0.06365222543478012,0.05833990709548994,25.278109908103943,0.7807197394184909,0.00039524097670051717,-0.0003786024031785136,0.000547316370443754,0.5737591978159684,0.0009539130222698476,0.28669401380197335,0.28706518401399506,-0.0066221910600833146,-0.00515903126358027,0.008394582658765474,0.03487820605764875,0.24068275314648813,0.013696002572298352,0.0,0.021182203485350395,0.3742197449247694,0.28706518401399506,0.016747356165726195
VLOW_EXTREME_CI_ONLY,pQscaled,central,0.49598635435104366,0.1195036643743515,0.10376865455388908,-43.91381777822971,0.6677780489311851,-0.0004222032757107558,8.24891074171051e-05,0.00043018607469717465,0.06613029847962554,0.006505128278374726,0.03285425285011799,0.03327604562950754,-0.002539111665749134,0.0022417897043325846,0.00338713878215743,0.010354799818237316,0.3271080891580138,0.0037019802028568386,0.0,0.006652819615380477,0.06937957699433522,0.03327604562950754,0.003453010483847818
VLOW_EXTREME_CI_ONLY,pQscaled,central,0.12260228022933006,0.07732705235481262,0.0767436880706016,-10.773212909698486,0.8590718078250672,-0.0006075536694887806,0.00010330526297830898,0.000616273834158404,0.871810958383376,0.0007068892954743057,0.4356000540933899,0.4362109042899861,-0.023344079965803996,0.005139519044682927,0.02390315304432681,0.07220961649483353,0.331024511756505,0.024419561042586125,1.1621634705979232e-09,0.047790054290083935,0.624974956813737,0.4362109042899861,0.03347643357182574
VLOW_EXTREME_CI_ONLY,pQscaled,central,0.6218679308891296,0.09708528161048889,0.07602963290059966,30.060153603553772,0.6291074521473246,-0.00014625106233923102,-4.5795202582495434e-05,0.00015325329952378002,0.315464774074802,0.0004858016238841329,0.15780654627122384,0.15765822780357813,-0.007135894407534031,-0.008470942050719826,0.011076003260297862,0.02305445589656704,0.48042787520077823,0.006609338607591127,0.0,0.016445117288975915,0.2382778762950287,0.15765822780357813,0.011986697183665162
VLOW_EXTREME_CI_ONLY,pQscaled,central,0.2409159302711487,0.11088014841079712,0.10761428317287462,51.62823557853699,0.7810538440066865,0.00012832874823352335,-6.827528136444023e-06,0.00012851024380817648,0.013910854769687016,0.009238127055154772,0.006891187794357627,0.0070196669753293875,-0.0027444369322391134,-0.0004868642825330522,0.002787287373889614,0.007400146951392583,0.37665297624461497,0.002316132813536398,0.0,0.005084014137856184,0.04813030372050223,0.0070196669753293875,0.0007554164296623729
VLOW_EXTREME_CI_ONLY,pQscaled,central,0.6509543418884277,0.05475895300507546,0.04156844581969499,-15.791179537773132,0.6561202274819257,-4.4606539465197326e-05,-0.0005907960623845274,0.0005924776204145796,0.9954642108434506,0.0005951772187897914,0.4977168277958039,0.4977473830476467,-0.01693737029719195,0.01851304344257379,0.02509197660788852,0.029689391162557567,0.8451495845941357,0.004078799523810466,6.394584380426509e-14,0.025610591638683157,0.6549943282018426,0.4977473830476467,0.020690585124111073
VLOW_EXTREME_CI_ONLY,pQscaled,central,0.27404541373252866,0.08847828805446625,0.08509105181645964,-39.47994530200958,0.800515320091176,-0.0001756531159218533,4.43660530103421e-05,0.00018116943393622586,0.14591191599281506,0.0012416356313568432,0.07286766282323186,0.07304425316958318,-0.0044192243031735716,0.0009246389910623578,0.004514919789492694,0.015878623596816733,0.28433949340532005,0.005696167847221739,0.0,0.010182455749594994,0.12205443720708442,0.07304425316958318,0.006215412331347599
VLOW_EXTREME_CI_ONLY,pQscaled,central,0.4686945915222168,0.06845137149095536,0.06046722251600748,3.018512725830078,0.7404142449549385,-0.0011841687498862496,-0.0012005553177056039,0.0016862943690466284,1.0306588138967125,0.001636132487598966,0.515841666492788,0.5148171474039247,-0.11204085078410359,-0.03738096771069524,0.11811218815775876,0.13380995980607696,0.8826860745562717,0.07119671657588283,0.007893076414756693,0.05472016681543743,0.9435128238760383,0.5148171474039247,0.031129563007129338
VLOW_EXTREME_CI_ONLY,pQscaled,central,0.16030171811580657,0.09002128064632416,0.08885713103310536,13.521597385406494,0.8321270980082156,-0.00015748117108571602,0.0005618620886622197,0.0005835146321407892,0.6849031890591393,0.000851966586609665,0.3425142648742903,0.342388924184849,-0.02244324971295317,-0.0033109917490592917,0.022686165917587556,0.06490932696020452,0.3495054868077159,0.021159449661624048,3.7900124445223394e-12,0.04374987729479045,0.4958239023068689,0.342388924184849,0.0304236975005771
VLOW_EXTREME_CI_ONLY,pQscaled,central,0.5844941735267639,0.07560043156147003,0.06134203182683011,-29.032204151153564,0.6717967478816909,0.00045955010851714273,-0.00015502943085295845,0.00048499528520255726,0.45845383656845606,0.0010578933940934266,0.22946085989504136,0.2289929766734147,-0.005521623333347507,0.008348414331630786,0.010009213060373225,0.02723218145666961,0.3675509094377646,0.00961458974483977,0.0,0.01761759171182984,0.3077485965081804,0.2289929766734147,0.014046894463221169
VLOW_EXTREME_CI_ONLY,pQscaled,central,0.3622727632522583,0.10256924390792846,0.09560193306307534,-26.079453229904175,0.7474141013551188,0.00028325102919971035,-0.0002605879733807324,0.00038488600573854655,0.25406100189356473,0.0015149354008286119,0.12717812686747898,0.12688287502608578,-0.01099395068719242,0.003730829758576664,0.01160973911851166,0.028747289651819358,0.4038550854402656,0.00864396275749463,0.0,0.020103326894324727,0.21852339696656892,0.12688287502608578,0.012130248125094405
VLOW_EXTREME_CI_ONLY,pQscaled,central,0.533392870426178,0.054240549430251125,0.045880324941853214,41.39536440372467,0.7230744191796827,0.00042155547937500204,-0.0005648301618111484,0.000704799357180961,0.3606465491677143,0.0019542661888973245,0.1801258777986498,0.18052067136906452,0.0006331830470294956,-0.003824720133762002,0.0038767776403412645,0.02053272859909703,0.18880966655896442,0.010060042726351581,0.0,0.010472685872745446,0.23847149147379085,0.18052067136906452,0.00828234706113418
VLOW_EXTREME_CI_ONLY,pQscaled,central,0.3117813944816589,0.0842023453116417,0.08000518361308266,40.18412113189697,0.7920975405644759,-0.00032712546528104736,0.0003176265950996754,0.00045595802871531367,0.15456712676705733,0.0029499029855324364,0.0774439984866238,0.07712312828043354,-0.0037750852709010525,-0.0013307889853661368,0.004002782547946604,0.016381682716274295,0.24434501737541325,0.006240863368224675,0.0,0.010140819348049621,0.12986786508521692,0.07712312828043354,0.006170250038891412
VLOW_EXTREME_CI_ONLY,pQscaled,central,0.4312107563018799,0.09890257954597473,0.08923497413393772,-0.5971735715866089,0.7216895830497614,0.001176029220379432,0.0008289270654418812,0.0014388067302484873,0.33694999754268995,0.004270089748453542,0.1691936073282138,0.16775639021447614,-0.04799426918758963,-0.041639567734611346,0.06353977869001513,0.5729222764061361,0.11090470960317958,0.21270648187672536,0.2665533357697816,0.09366245875962917,0.9963607090533959,0.16775639021447614,0.01496973714159154
VLOW_EXTREME_CI_ONLY,pQscaled,central,0.20313920676708222,0.06286112025380135,0.06155045755613683,-54.25265518017113,0.8619645020404699,0.00029620485799319515,0.00013942641610533503,0.00032737905156980787,0.05125671790057969,0.006387046712682787,0.02577576141506242,0.025480956485517268,-0.003354483464493489,0.000456077819549732,0.003385345815577114,0.011245348883784017,0.30104408947763045,0.003936519656262913,0.0,0.007308829227521103,0.11970919660135249,0.025480956485517268,0.0015683645306516
VLOW_EXTREME_CI_ONLY,pQscaled,central,0.6883972644805908,0.1114659970998764,0.08085006176563206,14.887253046035767,0.5789516371128292,-0.0005169287801447542,0.0006420283992228035,0.0008242668434133082,0.6747350028060106,0.0012216156564954263,0.33760845420542285,0.3371265486005877,-0.0103777844524056,-0.023427581710604842,0.02562323154771189,0.052173902309855455,0.49111203903319395,0.016544194084435,2.7364427552016405e-13,0.03562970822514681,0.5021298002636402,0.3371265486005877,0.027256702277191874
VLOW_EXTREME_CI_ONLY,pQscaled,central,0.18405059576034546,0.07330412775278092,0.0720518565326129,17.39638388156891,0.8511945209824862,1.373428354578543e-05,0.0009124907758572623,0.0009125941302512879,0.6582768190404502,0.0013863379415084795,0.3291053894106404,0.32917142962980983,-0.018481117931403175,-0.0029260054133266513,0.018711312826021825,0.04732587911608341,0.3953716904048553,0.014347784057180525,1.5584208414785429e-15,0.03297809505890133,0.4612298599792659,0.32917142962980983,0.02371741262232214
VLOW_EXTREME_CI_ONLY,pQscaled,central,0.6737948179244995,0.09237769722938538,0.06825958907612667,-50.10434590280056,0.6069996013390885,-0.00026091267216320907,0.00031327447395207805,0.0004076963557910439,0.0831490017427664,0.00490320204988523,0.041442266906165405,0.041706734836601,0.00032119424956476763,0.004235337962197858,0.004247499664507082,0.013186617865435929,0.3221068288966145,0.006008532938949611,0.0,0.007178084926486318,0.11666055534761911,0.041706734836601,0.0028468845816533614
VLOW_EXTREME_CI_ONLY,pQscaled,central,0.30040151476860044,0.05195275247097016,0.049553202276005605,-5.039098262786865,0.8421138905766145,0.001641397224733998,0.003730774800448422,0.004075888303305849,1.245231653572291,0.0032731968317806868,0.6235568329146112,0.6216748206576798,-0.043879297466048954,0.020905775508407134,0.04860498118219907,0.0568426227084142,0.8550798479431186,0.013304878269746407,0.00015971369892945543,0.04337803073973834,0.8882116139272453,0.6216748206576798,0.030805978137949518
VLOW_EXTREME_CI_ONLY,pQscaled,central,0.4059698820114136,0.10493418037891387,0.09589792624497666,37.538942694664,0.7255282041951687,0.000145911829236553,6.985615156966814e-05,0.00016177188823550726,0.13813926617595157,0.0011710782365779615,0.06899614496610179,0.06914312120984976,-0.004885854632073038,-0.0023583185332916,0.005425241173460974,0.01556612826240943,0.34852861816398406,0.005175305726886718,0.0,0.01039082253552271,0.11376155908832006,0.06914312120984976,0.006630681938129654
VLOW_EXTREME_CI_ONLY,pQscaled,central,0.32553286552429195,0.10098098576068879,0.0954806247599946,45.787564516067505,0.7644222786972537,-0.00011182292940795091,0.00023611562871671943,0.00026125649784391444,0.06325291035674419,0.004130347463388421,0.03168279311842673,0.03157011723831745,-0.0029282215011738103,-0.0011168961502592643,0.0031339971554550858,0.010820299772155784,0.28964051102538163,0.0038975491677970017,0.0,0.006922750604358782,0.07477872862633471,0.03157011723831745,0.0030143345176608253
VLOW_EXTREME_CI_ONLY,pQscaled,central,0.529410469532013,0.08218345105648041,0.06972163037155711,-23.3782559633255,0.6937276593330985,-0.0005504790679742855,-0.000451539282948157,0.0007119795842039108,0.5057390445611676,0.0014078003109720327,0.2526086245452961,0.25313042001587144,-0.006653913642889536,0.009381015643817082,0.01150121825184499,0.03782451944359308,0.3040677957322485,0.014392768947328655,0.0,0.023431750496264427,0.3579374386900769,0.25313042001587144,0.01764866558014359
VLOW_EXTREME_CI_ONLY,pQscaled,central,0.15251076817512513,0.1135529899597168,0.11222462538983391,-31.48993030190468,0.8002874881120029,-0.0008183174139475141,-0.00044580404792485826,0.0009318715786608884,0.13830767024530308,0.006737670998348215,0.06875070602186775,0.06955696422343532,-0.011457933085479561,0.00031316874881719364,0.01146221205773837,0.01625676775116824,0.7050732490728066,0.0023995521171499565,0.0,0.013857215634018283,0.12443115390852962,0.06955696422343532,0.00780600425322911
VLOW_EXTREME_CI_ONLY,pQscaled,central,0.5533206105232239,0.060850800126791005,0.05068679166878341,9.315595626831055,0.7042301412226708,0.0011689892397717117,-0.0017412020449064935,0.0020972173001118886,1.0716478604456756,0.0019570022742729128,0.5352358334801158,0.5364120269655598,-0.010925239750674727,-0.02277591284124498,0.02526070207578782,0.05883454701989407,0.42935151803320887,0.021908996831796576,2.8425482129152026e-08,0.03692552176261537,0.7674345187586652,0.5364120269655598,0.02718900465943316
VLOW_EXTREME_CI_ONLY,pQscaled,central,0.26317883729934693,0.11741245746612548,0.11327332374532702,5.961304306983948,0.7650967262293364,-0.0009121212231784082,0.003189524511477474,0.0033173832662338094,0.9851508371519027,0.003367386131269453,0.493018685610543,0.4921321515413597,-0.06652234575340261,-0.02148238155141114,0.0699050441789121,0.10066135405876189,0.6944576181451355,0.01790499479375083,2.0757771980631484e-05,0.08273560149303043,0.7475642664166292,0.4921321515413597,0.055745444527028766
VLOW_EXTREME_CI_ONLY,pQscaled,central,0.4435273885726929,0.06566683053970337,0.058854607317400685,-34.89965036511421,0.7565780323544928,-0.00037339447497403144,0.00020521076923356654,0.00042606911851314066,0.36648028495209983,0.0011625976512456297,0.18304832153727982,0.18343196341482002,-0.002548667707580705,0.0035759064069631587,0.004391220071349745,0.02415791019913078,0.18177152059732818,0.010450561848215911,0.0,0.013707348350914868,0.24183972422208488,0.18343196341482002,0.010795816176239042
VLOW_EXTREME_CI_ONLY,pQscaled,central,0.2213152140378952,0.09500257790088654,0.09264673491569335,-19.809094667434692,0.808919426699908,5.0493857266215025e-05,-0.00031963480195993516,0.00032359857268781,0.4328021552313824,0.0007476824428353627,0.21643613977240955,0.21636601545897283,-0.012965760596545198,0.0019455498140685183,0.013110915754665886,0.04610240741163212,0.28438679216039814,0.016504545098160222,0.0,0.0295978623134719,0.32392126170010727,0.21636601545897283,0.020045604878992263
VLOW_EXTREME_CI_ONLY,pQscaled,central,0.6362790822982788,0.07935017317533494,0.061215402200454856,49.41210210323334,0.6402090161352424,0.000678493579951811,0.0001638702879435362,0.000698002155660369,0.11612352962914416,0.006010858935217779,0.05772103228144359,0.05840249734770056,0.0008878897224165816,-0.0041375048977721806,0.004231701187260483,0.014981069699056028,0.2824698951588927,0.007260871021187873,0.0,0.007720198677868154,0.13695523694400139,0.05840249734770056,0.003575132364650488
VLOW_EXTREME_CI_ONLY,pQscaled,central,0.11517801731824875,0.05704242326319218,0.05666279833627846,34.020371437072754,0.8930312807933684,0.000286146147769617,-0.00021130464381907167,0.00035570953091377275,0.400508182522179,0.0008881454772626883,0.20011666929415178,0.2003915132280272,-0.003950965174060643,0.0003085061592223786,0.003962991528746711,0.02474327362468924,0.16016439816566302,0.010409494981230451,0.0,0.014333778643458788,0.25357612357822124,0.2003915132280272,0.011354743902341381
VLOW_EXTREME_CI_ONLY,pQscaled,central,0.5909146666526794,0.10851947605609893,0.08754635839364917,-8.50567638874054,0.6320819146040001,0.0008591208239367432,0.000413190559161886,0.0009533179051618933,0.9284630344319167,0.0010267699087720644,0.4646564022330308,0.46380663219888596,-0.021976820049336314,0.03269209720980421,0.03939230685624033,0.07950956467371274,0.4954411084741357,0.02493302829373475,1.2838064848144004e-07,0.05457640799932951,0.6886531814009856,0.46380663219888596,0.04060458164783509
VLOW_EXTREME_CI_ONLY,pQscaled,central,0.3628338992595672,0.07074342370033264,0.0659225303627959,-46.80059216916561,0.788654509354724,-0.0001282464199195421,0.00032664759686217644,0.0003509213540923585,0.12843908232586188,0.0027322007268943097,0.06415236291848322,0.06428671940737865,-0.0015930334609778277,0.0015222098275157504,0.002203378852304008,0.015020862766655846,0.14668790245492153,0.0066198217529313385,0.0,0.008401041013724507,0.13102050286736558,0.06428671940737865,0.004237943212057459
VLOW_EXTREME_CI_ONLY,pQscaled,central,0.49178479909896855,0.08612618565559388,0.07499151506758378,20.648092031478882,0.7082196670613854,-0.0006634230211716718,7.136629936390151e-05,0.0006672505179506769,0.5413686380913737,0.0012325252535926477,0.2710132280656883,0.2703554100256854,-0.009890483130554859,-0.009790149773081142,0.013916489828083481,0.04250746555119716,0.3273893102688516,0.015220859992681638,0.0,0.02728660555851552,0.3855215547178381,0.2703554100256854,0.02027436180454398
VLOW_EXTREME_CI_ONLY,pQscaled,central,0.13658932074904442,0.10393972337245941,0.10296557526470551,22.45629906654358,0.8173453288403539,-0.00017489240810711348,-0.0002863964187440242,0.00033557452686833606,0.29327572610524333,0.0011442287819889783,0.14673242400824077,0.14654330209700256,-0.01033713631152075,-8.457731715524495e-05,0.010337482306903263,0.03880268217383869,0.26641153981548416,0.01424043844654737,0.0,0.024562243727291322,0.239921704114673,0.14654330209700256,0.015088915401607393
VLOW_EXTREME_CI_ONLY,pQscaled,central,0.6075834870338439,0.0528723081573844,0.041994138426898336,-44.96316932141781,0.6832107229236996,0.00013072029387403705,-0.0002639517209435914,0.0002945476297979635,0.3373506520129098,0.0008731200845187384,0.16874659524916064,0.1686040567637492,0.0025163363925410163,0.004120522724157003,0.004828111055135392,0.019403899370418677,0.24882169109245186,0.010248657012076834,0.0,0.009155242358341842,0.22986844678785043,0.1686040567637492,0.007080382099073509
VLOW_EXTREME_CI_ONLY,pQscaled,central,0.3853621482849121,0.09138964891433715,0.0843312074828928,-10.106540322303772,0.751842554624542,0.00021415183133755011,0.0003381375562149687,0.00040024744070169595,0.8647842237844603,0.00046282925808953466,0.43249319638853573,0.4322910273959246,-0.02380462331119453,0.01613568077558562,0.02875796037759753,0.07668622964325532,0.3750081404625003,0.025528104901687044,4.604076931316825e-09,0.05115812013749134,0.6307768945055771,0.4322910273959246,0.03645562432431862
VLOW_EXTREME_CI_ONLY,pQscaled,central,0.509680426120758,0.0742300918698311,0.06386488369455995,32.391865253448486,0.71269257834374,0.0004943565961429974,-0.0004021785566783436,0.0006372880318992083,0.37278594527445297,0.001709528054846657,0.18615672270784908,0.18662922256660391,-0.0054609618139894785,-0.005464878480718142,0.007725736258950825,0.023771988429194688,0.32499327020800145,0.008507982660772951,0.0,0.015264005768421735,0.2522426691287799,0.18662922256660391,0.011919053593222302
VLOW_EXTREME_CI_ONLY,pQscaled,central,0.27924324870109557,0.06149698480963707,0.0590506590798317,50.99869906902313,0.8372426441952582,6.714955732441824e-05,7.806221848918405e-05,0.00010296976742868967,0.09572287872495706,0.0010757069657772729,0.047827199542719474,0.04789567918223759,-0.0005782665928379992,-0.0008660229896816861,0.0010413395560765347,0.01491266761724502,0.06982919373005493,0.007133047371455883,0.0,0.0077796202457891366,0.13370058832038367,0.04789567918223759,0.0028282714227873046
VLOW_EXTREME_CI_ONLY,pQscaled,central,0.46437094211578367,0.11283190369606018,0.0999285375500616,-18.193176984786987,0.689387708914546,-9.128727931706493e-05,3.064343882213175e-05,9.629323812167478e-05,0.44850765562162287,0.00021469697766521775,0.22420731843828834,0.22430033718333453,-0.01240187308347809,0.00966122737181278,0.015720870532784207,0.04886012425190165,0.32175256967694416,0.017269225065982188,2.460298454815222e-16,0.031590899185919216,0.33798347831538533,0.22430033718333453,0.02241400466671632
VLOW_EXTREME_CI_ONLY,pQscaled,central,0.23629931211471558,0.08283604443073272,0.08049015376863895,-36.72212436795235,0.8213154178112654,-9.247287599932486e-05,2.3209253910031185e-05,9.534097892641342e-05,0.1968048587077434,0.00048444423350337776,0.0983558359378624,0.09844902276988099,-0.0052801774035703564,0.0007005180570401504,0.005326443368835747,0.018813501976858615,0.2831181231111268,0.006746323001751412,0.0,0.012067178975107203,0.15203398704654503,0.09844902276988099,0.007924176981119958
VLOW_EXTREME_CI_ONLY,pQscaled,central,0.6558592081069946,0.10026630818843842,0.07568935513044125,4.1112929582595825,0.607691064588294,0.0011139779933482252,-0.0026648978079501714,0.002888360659003956,1.0391949813426709,0.002779421293270785,0.5189528923915815,0.5202420889510894,-0.07342526977384312,-0.05252471236387314,0.09027799095166687,0.09225961083769932,0.9785212633346277,0.030586242528261177,0.0009549077479334776,0.060718460561504664,0.8942709225606851,0.5202420889510894,0.03937678822442161
VLOW_EXTREME_CI_ONLY,pQscaled,central,0.3481392562389374,0.07815058797597885,0.07326170830613657,7.6821064949035645,0.7852085882087592,-0.0013530335280382833,-1.2312068178406063e-06,0.0013530340882128404,1.0315424874895265,0.0013116610363822535,0.5164477563394317,0.5150947311500949,-0.029443851781626968,-0.01863381019004607,0.03484478856209465,0.07705780273739213,0.4521902691781035,0.02348977698546126,6.887937432250983e-07,0.05356733695818765,0.7519797723443855,0.5150947311500949,0.03773671994354608
VLOW_EXTREME_CI_ONLY,pQscaled,central,0.5472378611564637,0.09626398026943206,0.08057075034083269,-33.09923902153969,0.6685404780029675,0.0002487922712577917,-0.00011248263334326901,0.0002730383435370331,0.24816490845305308,0.0011002294612845523,0.12420914956098378,0.1239557588920693,-0.006421126823878806,0.005720210713862087,0.008599516282868388,0.020294988323607967,0.42372610152551715,0.006219544413376698,0.0,0.014075443910231269,0.1887628589731939,0.1239557588920693,0.009987208503001369
VLOW_EXTREME_CI_ONLY,pQscaled,central,0.17385374009609222,0.06447365403175354,0.06349181600411015,-21.54917299747467,0.8678483043152075,-0.0007939670215388883,-0.00029371098309165233,0.0008465516953382106,0.6142978160971118,0.0013780802619757036,0.30676158686560595,0.30753622923150586,-0.01048187275178657,0.0015265745743713818,0.010592454215891752,0.04115691426831572,0.2573675506097453,0.015296761012768119,0.0,0.025860153255547604,0.4097885734494818,0.30753622923150586,0.01952603368096461
VLOW_EXTREME_CI_ONLY,pQscaled,central,0.5700676798820495,0.11868026852607727,0.097507439968879,47.590683698654175,0.6328752819643736,0.00018583422876344152,0.00020788973633831405,0.00027884135822169,0.048664434545729954,0.0057298797535531125,0.024240067149398647,0.024424367396331303,-0.0016995879035505142,-0.0027216404056613045,0.0032087264669372275,0.009672015605475086,0.33175364865217694,0.003656298265435842,0.0,0.006015717340039244,0.06823371012777486,0.024424367396331303,0.00238155753767562
VLOW_EXTREME_CI_ONLY,pQscaled,central,0.19896676242351533,0.08766095876693725,0.0859082864623334,35.69727122783661,0.8256829477340248,-0.00021545381017812337,1.0721338941933542e-05,0.00021572040104954988,0.1888288409477042,0.0011424123559032647,0.0945219604505865,0.09430688049711769,-0.006370636717440607,-0.00047341443034603167,0.006388202674341374,0.01851965871181279,0.34494170620253245,0.006065753095935293,0.0,0.0124539056158775,0.1464964296439917,0.09430688049711769,0.008101742505115429
VLOW_EXTREME_CI_ONLY,pQscaled,central,0.6934533357620238,0.06927046775817872,0.04990947879137978,-6.856484413146973,0.6178744069623227,-0.0026943031360103786,-0.00023442599971807213,0.0027044823789515024,1.1601051392135873,0.002331239029580386,0.5787020570823362,0.581403082131251,-0.012172440265254759,0.03431354516723139,0.03640862101144211,0.057198531792474,0.6365306917936048,0.018597042048648954,4.3841223997759175e-06,0.038597105621425265,0.8403294586448611,0.581403082131251,0.029017524796872515
VLOW_EXTREME_CI_ONLY,pQscaled,central,0.31654449701309206,0.11006065785884857,0.104401081542726,-48.48344527184963,0.755947613426851,9.002454674763086e-05,0.000114957969939029,0.00014601285515193198,0.03331502292631898,0.0043827931763655,0.016703604324665094,0.01661141860165389,-0.002511294842459977,0.0008358414512040554,0.002646740016948582,0.008736350052419073,0.3029571847588272,0.0030816612440265337,0.0,0.005654688808392538,0.055897313515285166,0.01661141860165389,0.0017342500679716228
VLOW_EXTREME_CI_ONLY,pQscaled,central,0.42674534320831303,0.0555758760124445,0.05026125685154353,18.991419076919556,0.7779911547129331,0.0004741872688405757,0.0004633407778166683,0.0006629768037557873,0.8435394436166384,0.0007859464175300483,0.42152155286990817,0.4220178907467302,-0.015372344791809593,-0.009513255792431891,0.018077915260629872,0.035646128749941726,0.5071494688089885,0.009430269012847353,1.4792003704202447e-16,0.026215859737094227,0.5374973517828481,0.4220178907467302,0.02121114960276804
VLOW_EXTREME_CI_ONLY,pQscaled,central,0.29622907042503355,0.09418532371520996,0.08995799663947998,16.722997426986694,0.7846825345032012,-0.00028112503541144473,0.0004494314153061958,0.0005301130847274158,0.5582045947769676,0.000949675243965385,0.2792287922745835,0.27897580250238413,-0.01791551052793857,-0.005322523437134198,0.018689429451310722,0.05293886370436751,0.35303797897287975,0.017246542552392677,5.263159946004043e-15,0.03569232115196957,0.4065049171561039,0.27897580250238413,0.025096104304005704
VLOW_EXTREME_CI_ONLY,pQscaled,central,0.41102595329284664,0.080169198513031,0.07308413677155887,-52.44276957586408,0.7543375612328741,0.00023112396029147803,0.0002969042464269083,0.00037625844384830357,0.04572371516582023,0.008228956078563922,0.022976880241967302,0.022746834923852925,-0.002593902895195819,0.0017770539950911915,0.0031442412647846884,0.011050863621878286,0.28452448354893434,0.0041070371302418225,0.0,0.006943826491636464,0.0988071250191452,0.022746834923852925,0.001662432794694939
VLOW_EXTREME_CI_ONLY,pQscaled,central,0.18881369829177858,0.11659302532672881,0.1144958579823492,-2.2240012884140015,0.7876308116373892,-0.0068581992648821255,-0.003617269505391728,0.007753678857901366,0.766196078761725,0.010119705742206803,0.37944514823196546,0.38675093052975956,-0.18574897016489497,0.01777092991159515,0.1865971218085688,0.24128708651860015,0.7733406893044994,0.10583207940110244,0.028189268825047246,0.10726573829245047,0.9466812108660361,0.38675093052975956,0.04428137961647675
VLOW_EXTREME_CI_ONLY,pQscaled,central,0.6693294048309326,0.06648369044065476,0.049395106817139094,38.581578731536865,0.6337599544519802,0.0013532594654177,-2.599363803329653e-05,0.0013535090875058079,0.38625086957157656,0.0035042227581444626,0.19245025693256224,0.19380061263901432,0.002375454523433856,-0.006236701308960752,0.0066737716030813585,0.022792184463996366,0.29280965208155035,0.011344374335001874,0.0,0.011447810128994491,0.2501767129571894,0.19380061263901432,0.00957280196253111
VLOW_EXTREME_CI_ONLY,pQscaled,central,0.13837724328041076,0.07156702190637589,0.0708785180391051,43.0096036195755,0.8650554866539276,-0.0004266228207685796,0.00032030619636833264,0.0005334820434021078,0.15078931741146148,0.003537929957905341,0.07560473504035187,0.07518458237110962,-0.0031889170334019074,-6.961281883059045e-05,0.0031896767532880762,0.01570001721484622,0.20316390164666923,0.006255427021100481,0.0,0.009444590193745741,0.13382153501584076,0.07518458237110962,0.005328971777853276
VLOW_EXTREME_CI_ONLY,pQscaled,central,0.5671656012535095,0.08530482590198517,0.07025737677119448,-24.491177797317505,0.670798982402838,-0.00046035831231869273,-0.00045922602973405904,0.000650244817054486,0.4708627030191931,0.001380964796925062,0.23521549486877177,0.23564720815042134,-0.00583311535145691,0.009825128966349236,0.011426215204904775,0.03546341666216179,0.32219724663743615,0.013417082071667879,0.0,0.02204633459049391,0.3376496963877963,0.23564720815042134,0.01655595468810424
VLOW_EXTREME_CI_ONLY,pQscaled,central,0.33908488750457766,0.057863922268152235,0.054435819372215644,-30.880537033081055,0.8171022567452716,8.239059584011499e-05,-5.926410770380926e-05,0.00010149110672772209,0.49342912469431566,0.00020568527808446007,0.24675745408537417,0.24667167060894146,-0.006019172778915517,0.002804358924234542,0.006640396819345321,0.026376334114415943,0.25175586533520466,0.009998838293758746,0.0,0.016377495820657197,0.3070081866034155,0.24667167060894146,0.013427774505511013
VLOW_EXTREME_CI_ONLY,pQscaled,central,0.5149839758872986,0.10769600510597228,0.09231699450621857,11.69745147228241,0.6710677375547948,-0.00015756613596934477,0.00032259629667429415,0.00035902013569196823,0.7477891964784171,0.00048010874907355024,0.37396510710095326,0.3738240893774638,-0.018508931384000574,-0.02032167197065903,0.02748728601846152,0.07136842708977899,0.3851463054367639,0.02423063359652785,1.716905888335167e-10,0.04713779332156055,0.551760434542156,0.3738240893774638,0.03451031640535149
VLOW_EXTREME_CI_ONLY,pQscaled,central,0.2265130490064621,0.050588554767891765,0.049273663663252344,1.4108824729919434,0.8723641761341066,0.006750010958074593,0.002118523798646174,0.007074658367692202,0.7486307042347131,0.009450131189748972,0.3714567810742349,0.37717392316047815,-0.12347034961118358,0.01968188702138901,0.12502921222590593,0.3702970011898218,0.33764575955021936,0.19308350484307282,0.12850698586548798,0.04870651048126093,0.9867398001597754,0.37717392316047815,0.018584741032358784
VLOW_EXTREME_CI_ONLY,pQscaled,central,0.6319554328918456,0.10630014538764954,0.08238311542821447,-41.11511290073395,0.6133717934496437,0.00049653508237886,-1.9907442052845498e-05,0.0004969339938885935,0.140463370234101,0.0035378190987471374,0.07048011135388714,0.06998325888021385,-0.0021287628674634554,0.004646086680563281,0.005110553080557794,0.014482983314204442,0.3528660476702649,0.005447976593351373,0.0,0.009035006720853068,0.12232143592049105,0.06998325888021385,0.0057654388943712736
VLOW_EXTREME_CI_ONLY,pQscaled,central,0.25856221914291383,0.07193775594234467,0.06949148420845142,-13.989738821983337,0.8295831511317147,0.000263518480555891,0.00036101148705337816,0.000446957809394776,0.779240718930633,0.0005735811778523903,0.3897438807876742,0.3894968381429587,-0.021350776855521402,0.006704516738635771,0.022378700074689672,0.05493862973354994,0.4073399752273645,0.016581927774097983,1.692557226680864e-12,0.0383567019577594,0.5601303395938328,0.3894968381429587,0.027066713377053176
VLOW_EXTREME_CI_ONLY,pQscaled,central,0.4484322547912598,0.09374150097370147,0.0837877305722916,53.45899701118469,0.720064225885432,-0.0005257654200515171,0.00027350988913006294,0.000592652458337842,0.022235423790498178,0.026653526549428447,0.01138146412847775,0.010853959662020426,-0.003057844774545761,-0.0019122444415285923,0.0036065348285263814,0.009189741482290216,0.39245226163070407,0.0029143532807474988,0.0,0.006275388201542718,0.07896566840564424,0.010853959662020426,0.0009094286478038884
VLOW_EXTREME_CI_ONLY,pQscaled,central,0.37682093977928166,0.11492339432239532,0.10645194522506403,28.24444591999054,0.7257039383878348,0.00019898897124695503,0.00022224851371069505,0.00029831361438012596,0.1750541483849692,0.0017041219367397746,0.08742407773280858,0.08763007065216061,-0.01217535875458029,-0.0034757886320267747,0.012661771890903005,0.021303627096380534,0.5943481752482466,0.00435281100099026,0.0,0.016950816095390276,0.1666883482643952,0.08763007065216061,0.00932839148113229
VLOW_EXTREME_CI_ONLY,pQscaled,central,0.47750035524368284,0.05948263004422188,0.0522633157752637,-12.616562843322754,0.7467161144484534,-0.00019911246117837456,-0.0017060869717927425,0.001717666593817741,0.9401824854748466,0.0018269502148300703,0.4700099909088841,0.4701724945659625,-0.0172665880162721,0.01575953565206918,0.02337729722813377,0.04800240881317125,0.4870025860393746,0.01414980868784295,3.315226296129176e-11,0.033852600092176034,0.6737061157225436,0.4701724945659625,0.02457277355234435
VLOW_EXTREME_CI_ONLY,pQscaled,central,0.10060060527175665,0.1023492956161499,0.10183006647230743,-42.320454493165016,0.8257998202988627,-0.0006194853856155078,8.654610976396599e-05,0.0006255016963258139,0.0785948791553169,0.00795855535434712,0.0389877242171669,0.03960715493815001,-0.003693453890498328,-4.2618589621104495e-05,0.0036936997692582608,0.011650600339995343,0.31703943672139273,0.003979085078456486,0.0,0.007671515261538857,0.07556910242726284,0.03960715493815001,0.004033199220130796
VLOW_EXTREME_CI_ONLY,pQscaled,central,0.6046087384223937,0.08081317394971847,0.0643695204996936,26.900689005851746,0.6557858733745603,0.00011924736310842121,-0.0002970393785921635,0.0003200817489997365,0.47056039956708146,0.000680213951905459,0.2352295112943986,0.23533088827268286,-0.005070569212169338,-0.009625864352808508,0.01087970296809932,0.030724387254604628,0.35410642620606575,0.011296639353428162,0.0,0.019427747901176465,0.3261039705662954,0.23533088827268286,0.015148136436879565
VLOW_EXTREME_CI_ONLY,pQscaled,central,0.23561272919178008,0.09822098016738892,0.0954557674613152,26.41148805618286,0.800107780622398,-9.846584727163377e-05,5.576697532139099e-05,0.00011316129468779215,0.2431526323042008,0.0004653920198824721,0.1216243037693865,0.1215283285348143,-0.01157491641740414,-0.0014686446648310512,0.01166771645273524,0.028284937512931242,0.4125063542177149,0.008311496173618656,0.0,0.019973441339312586,0.21263600819128117,0.1215283285348143,0.01160057986858155
VLOW_EXTREME_CI_ONLY,pQscaled,central,0.6597319602966308,0.08489221841096878,0.06379658632555045,-41.9218784570694,0.6221933586990734,0.0006163872965903455,-0.0001803771730865115,0.0006422376693784287,0.21059829323544083,0.003049586297740936,0.1056103419906791,0.10498795124476172,-0.0008484762382340158,0.005363995815430778,0.005430687160461985,0.01672781967270847,0.3246500301125381,0.006976788959349649,0.0,0.009751030713358822,0.1676689762034109,0.10498795124476172,0.006697872894729123
VLOW_EXTREME_CI_ONLY,pQscaled,central,0.28633867502212523,0.11186961114406585,0.10718545925765965,-13.188113570213318,0.7646299936294204,0.00014135305564066947,0.0011921976897047402,0.001200548215473362,0.6170047901232943,0.001945768063216267,0.30853656411744995,0.3084682260058444,-0.02119506946316242,0.00680619122935863,0.022261069349851063,0.07094713474480997,0.3137698150872748,0.024557455012715886,6.8752024340414195e-12,0.04638967972521888,0.4443286123592766,0.3084682260058444,0.033063308470831984
VLOW_EXTREME_CI_ONLY,pQscaled,central,0.4575320243835449,0.06244869530200958,0.05552895169065544,28.503814935684204,0.753441573928602,0.00025781982194922337,-0.0006812748320496782,0.0007284273864801122,0.5316019828659739,0.0013702495663259423,0.265693057360945,0.2659089255050289,-0.0062037924001198,-0.005581223077096121,0.008344884132215047,0.02886966377481595,0.28905373465050627,0.01076277715832642,0.0,0.018106886616489532,0.33873207333922967,0.2659089255050289,0.01476564387848285
VLOW_EXTREME_CI_ONLY,pQscaled,central,0.3864698469638824,0.07599576771259307,0.07009105177394767,54.79259788990021,0.7709912667260161,-0.00037594633746280623,0.00035381811086795305,0.0005162585633477331,0.030351172428754614,0.017009509749897747,0.01536253766768605,0.014988634761068565,-0.0036926904516272506,-0.001626827861626174,0.004035161912848388,0.00991123707457027,0.40712999623442603,0.0030090168644747225,0.0,0.006902220210095547,0.10181000110428094,0.014988634761068565,0.0010505691750588488
VLOW_EXTREME_CI_ONLY,pQscaled,central,0.5059724688529968,0.0896005767583847,0.07728494415152315,-15.205860137939453,0.6971073354750672,0.0002374925674324957,0.0007051406616345422,0.0007440605299813171,0.6862309327736185,0.0010842713355604095,0.34321554171274343,0.3430153910608751,-0.01685669144121684,0.015301260123637129,0.022765689265111234,0.05276028099614011,0.4314929495310431,0.016298427151307825,1.395833577014956e-13,0.0364618538446927,0.5024904125885757,0.3430153910608751,0.026509925341252603
VLOW_EXTREME_CI_ONLY,pQscaled,central,0.12907277867197992,0.05356776461005211,0.0531196768651744,-39.64230254292488,0.895490888559863,5.9841236507041096e-05,6.840201462332291e-05,9.08834924022009e-05,0.3096619684871411,0.0002934925875664154,0.1548593108662166,0.1548026576209245,-0.001417164589122253,-0.0003351493218441242,0.0014562556577039007,0.021164141518334383,0.06880768853498447,0.009884962778470365,0.0,0.011279178739864018,0.21294291018933528,0.1548026576209245,0.008223067150693738
VLOW_EXTREME_CI_ONLY,pQscaled,central,0.6142575740814209,0.10326793313026428,0.08148930333449411,0.2771109342575073,0.6259581828974139,-0.0008951209066761223,0.0012507189155197412,0.0015380309630197828,0.25799822146229134,0.005961401417042629,0.12976328370128665,0.1282349377610047,0.03200015685255056,0.019485759492049472,0.037466049452402034,0.6643019551485181,0.05639912567173723,0.2237955745953437,0.34869824408721944,0.09180813646595504,0.9991949850173473,0.1282349377610047,0.010449775741286485
VLOW_EXTREME_CI_ONLY,pQscaled,central,0.32411585450172425,0.055444542169570926,0.05245150138591855,10.6694495677948,0.8271238598867526,0.0009807578794810423,-0.0018989077983396184,0.002137226437408813,1.0144704196907157,0.0021067410108028526,0.5067558978013679,0.5077145218893477,-0.016004394466746123,-0.011402355378054528,0.019650810426408954,0.05757464675162607,0.3413101344968979,0.02050885853103034,1.6910449045026329e-09,0.03706578652955082,0.7193925152951375,0.5077145218893477,0.026630388948530096
VLOW_EXTREME_CI_ONLY,pQscaled,central,0.4200893878936768,0.11020283818244933,0.10000717250407841,-29.305366426706314,0.7126988633884354,-0.00019692249327228628,-0.0001399361208078995,0.00024157935810688932,0.19533966929256935,0.0012367142781687848,0.09757408374051572,0.09776558555205363,-0.011422860244041828,0.004135731857386258,0.012148498431950795,0.020666370737616103,0.5878389866411547,0.0043138060376345065,0.0,0.016352564699981597,0.1726329554410761,0.09776558555205363,0.009777259779266464
VLOW_EXTREME_CI_ONLY,pQscaled,central,0.19787720441818238,0.06803466886281967,0.06668940687748548,-25.383328795433044,0.8554849173550295,-0.00020228829140861437,-0.0005420729121306915,0.0005785875862018341,0.4702819457781445,0.0012302993797571437,0.23505635656156262,0.23522558921658185,-0.008925383780414803,0.0011266873125850073,0.008996215867131672,0.034502073132646,0.26074421187807867,0.012756289176149748,0.0,0.021745783956496248,0.3287827468265941,0.23522558921658185,0.015687055027260886
VLOW_EXTREME_CI_ONLY,pQscaled,central,0.6972160816192626,0.08888617455959319,0.06371903459787923,44.67047929763794,0.598232846108068,0.0002454159395496591,8.1061921167479e-05,0.0002584569953559093,0.17156732172396083,0.0015064465234920857,0.08565993624907847,0.08590738547488237,6.276811635603109e-05,-0.0053225041545320595,0.00532287425283013,0.01541403879475287,0.345326382248501,0.006699012235916617,0.0,0.008715026558836254,0.1518360468315221,0.08590738547488237,0.005473935667287377
VLOW_EXTREME_CI_ONLY,pQscaled,central,0.1667401731014252,0.11907868802547454,0.11741168993320562,38.738587498664856,0.789257426196738,0.0008260725691826981,-0.00011646129308165417,0.0008342416450539703,0.08248924769185131,0.01011333802158531,0.04083138154056682,0.041657866151284494,-0.004624899970777172,-0.0002468064142359728,0.00463148066451785,0.011684414452657315,0.3963810667007325,0.003526848434777113,0.0,0.008157566017880202,0.07014544804676676,0.041657866151284494,0.004891120463833597
VLOW_EXTREME_CI_ONLY,pQscaled,central,0.5768518090248108,0.06405183717608452,0.052320667447112945,-2.9013216495513916,0.6877577738904256,-0.00028846661952763863,-0.0006341187198005555,0.0006966487934269309,1.0578509373570903,0.0006585510007368539,0.5287386475947089,0.5291122897623813,-0.10633535299420321,0.040279528978230755,0.11370860895776509,0.1355157600235658,0.8390803323391413,0.07791346477167962,0.010510834435530811,0.04709146081635537,0.952120157661214,0.5291122897623813,0.027683508154838016
VLOW_EXTREME_CI_ONLY,pQscaled,central,0.34877102375030516,0.09777968168258666,0.09163989666193768,-52.371468748897314,0.7592406579122203,-8.570434979060688e-05,0.00016640176944557458,0.00018717581159874493,0.022403412811643382,0.008354790101509224,0.01116014894108678,0.011243263870556604,-0.003291151088658501,0.0011049882740103462,0.0034716962099351953,0.008532180358750559,0.4068943768136068,0.002568855007438553,0.0,0.005963325351312007,0.06734315738860397,0.011243263870556604,0.0010303315392407048
VLOW_EXTREME_CI_ONLY,pQscaled,central,0.5433469414710999,0.07665855407714844,0.0643554885523446,15.909826159477234,0.6925163661633672,0.0004016174606965017,0.0011136041984423847,0.0011838120186604005,0.7585208398467609,0.001560684896804626,0.3790336941447751,0.3794871457019857,-0.016861145160918793,-0.01628737337237958,0.023443053288956937,0.04494860289728145,0.5215524349562084,0.012133589551212989,3.782342656805345e-14,0.03281501334603063,0.5424740178523112,0.3794871457019857,0.024422080660986067
VLOW_EXTREME_CI_ONLY,pQscaled,central,0.33900254368782046,0.10812013447284699,0.10171785007901912,20.56995153427124,0.7497335920296887,0.0003179113832637026,-0.0002835553524904843,0.00042599446655401945,0.3606645837634227,0.0011811375048497955,0.18018164886115887,0.18048293490226386,-0.010794369582680353,-0.004185387097558933,0.01157738657227561,0.04362168653447952,0.2654043777771989,0.01615857174927664,0.0,0.02746311478520288,0.27973247490735276,0.18048293490226386,0.018358336114209846
VLOW_EXTREME_CI_ONLY,pQscaled,central,0.5194243550300598,0.05746766299009323,0.049107062563794567,-49.50808819383383,0.7267402233769324,-0.0007562385694316887,-0.0002471982527781284,0.0007956153279523004,0.17456515491643915,0.004557698403974977,0.08690800178293627,0.08765715313350289,0.002478984958937282,0.002832361929884487,0.0037639926313020665,0.018027028388141637,0.20879717667599684,0.009895675170692947,0.0,0.00813135321744869,0.17306870753507747,0.08765715313350289,0.004304585303091048
VLOW_EXTREME_CI_ONLY,pQscaled,central,0.14604028761386872,0.08679496765136718,0.08586440785675518,-5.198965668678284,0.8399718053992526,0.0030214051298708133,0.0006562638364976097,0.003091855621128553,1.0719289709761854,0.002884384791198299,0.537483220045636,0.5344457509305495,-0.06907229220699393,0.01696102933568358,0.0711242438754485,0.082974393378369,0.8571830534646613,0.01221925531877967,9.98357056214543e-05,0.07065530235396787,0.8275310398945676,0.5344457509305495,0.04588986793521049
VLOW_EXTREME_CI_ONLY,pQscaled,central,0.5609309315681458,0.07004927396774292,0.05799117430906374,34.80176329612732,0.690141560525652,0.0011976358227130113,-7.400970299618025e-05,0.0011999204140204693,0.38083601322524463,0.0031507535326255457,0.18982185619025327,0.19101415703499136,-0.0014899328331809732,-0.005587881318735849,0.005783106213763307,0.024101406038116002,0.23994891437525928,0.01050199496544373,0.0,0.013599411072672271,0.24910982355889713,0.19101415703499136,0.01107713527611506
VLOW_EXTREME_CI_ONLY,pQscaled,central,0.1893537700176239,0.0663438893854618,0.06514365753873032,46.90999984741211,0.8606097403009239,-0.0003442710053102316,0.00030163279809790843,0.00045771701954995194,0.12606124597577423,0.003630909848677148,0.06320009471036124,0.06286115126541297,-0.0020201124773617804,-0.0003288208019960893,0.0020466991818579743,0.014872316880518457,0.1376180455473589,0.006419117810363636,0.0,0.008453199070154821,0.13072701672604325,0.06286115126541297,0.004095005310524388
VLOW_EXTREME_CI_ONLY,pQscaled,central,0.6650171995162963,0.11672658562660217,0.08717468739520108,-21.39552116394043,0.5865408499884155,-1.7880689654470316e-05,-0.0003279163101135834,0.0003284034492830842,0.4273843412744315,0.0007684030919425053,0.21369317955654932,0.21369116171788213,-0.004806800410345041,0.014148820950223307,0.014943040670036713,0.03988139836855536,0.3746869789254563,0.014936520359942992,0.0,0.024944878008612368,0.3254411826119026,0.21369116171788213,0.018628460221873734
VLOW_EXTREME_CI_ONLY,pQscaled,central,0.28810828924179077,0.07894202381372452,0.07559471109756986,-33.90905499458313,0.8085279877391698,-8.340784543175994e-06,-4.2269871152173996e-05,4.30849242080925e-05,0.2606425563842455,0.00016530272264739314,0.13031803260380087,0.13032452378044462,-0.007032789290947157,0.0015243791327158368,0.007196100120976674,0.021206893342842915,0.3393283497323384,0.00702075205000071,0.0,0.014186141292842205,0.1913951213345408,0.13032452378044462,0.009851844724111086
VLOW_EXTREME_CI_ONLY,pQscaled,central,0.4171324491500854,0.0954190093278885,0.08672115703236083,7.7567654848098755,0.7325062517624974,-0.001093850094347426,0.0006822982880864978,0.001289200908636679,0.973884772137372,0.001323771503077604,0.4874836592249701,0.48640111291240196,-0.03257938162672398,-0.02356174605983822,0.0402066161790323,0.0839386102907706,0.47900026030634774,0.024573630017383385,5.746032398148975e-07,0.059364405670147405,0.7175147293178514,0.48640111291240196,0.04218126729359148
VLOW_EXTREME_CI_ONLY,pQscaled,central,0.10873958021402359,0.08260442197322845,0.08211460013709387,4.506512880325317,0.8533453368566265,0.00030174046654174447,-0.0007227203450358155,0.0007831806983560804,1.0797905860533343,0.0007253079518118677,0.539728675243608,0.5400619108097263,-0.08295527118970913,-0.01843117968237882,0.0849781466180707,0.09080163452117174,0.9358658251714245,0.019672754727397396,0.00040029928842926497,0.07072858050534507,0.8639351015452843,0.5400619108097263,0.04434696785541554
VLOW_EXTREME_CI_ONLY,pQscaled,central,0.5985570311546325,0.10058591663837432,0.08057738581751467,-37.21468389034271,0.6371835996300085,0.0003168570020956052,-3.288596895688247e-05,0.00031855901608845945,0.19414668502883609,0.0016408161490944044,0.09723222869827726,0.09691445633055883,-0.0029376727962605303,0.005199859118344828,0.005972307452611848,0.017947241100365562,0.3327702246386006,0.00674257079631778,0.0,0.011204670304047782,0.15280559667288704,0.09691445633055883,0.007809113539042116
VLOW_EXTREME_CI_ONLY,pQscaled,central,0.37633562088012695,0.06015239149332047,0.05573019251288009,-17.930451035499573,0.796718389861813,-0.0005898783114853257,0.0007837655415078616,0.0009809407965906457,0.798168532897093,0.0012289895631817861,0.39877092751197074,0.39939760538512226,-0.01758066319788597,0.008587384250059107,0.01956586023500284,0.03901157347200958,0.501539889157279,0.010200082360234185,6.936152853859224e-16,0.028811491111774702,0.5303705310984039,0.39939760538512226,0.022258505437296176
VLOW_EXTREME_CI_ONLY,pQscaled,central,0.4818307280540466,0.11422602772712707,0.10009219192587115,50.43050527572632,0.679673905498095,7.357314213607066e-05,0.00012749696456388623,0.00014720218482338948,0.026291762482614812,0.0055987948666706665,0.013110093836766812,0.013181668645847999,-0.0020947857210196126,-0.001873285445387424,0.0028102180657180354,0.008577227054650742,0.3276371311861456,0.0030762407986640425,0.0,0.005500986255986699,0.059079744824250637,0.013181668645847999,0.001319382108003456
VLOW_EXTREME_CI_ONLY,pQscaled,central,0.2508444130420685,0.0916875696182251,0.08875608120662357,31.17910087108612,0.8041400999788558,0.00010704210909746881,-0.00012445056130316184,0.0001641522321770449,0.22310931291617325,0.0007357480063538187,0.11150351750170771,0.11160579541446555,-0.011417366103854912,-0.001390379515291929,0.011501713087449126,0.020101170095049806,0.5721912223548348,0.004300238415244785,0.0,0.015800931679805022,0.18110735535764366,0.11160579541446555,0.009905693040936121
VLOW_EXTREME_CI_ONLY,pQscaled,central,0.454648756980896,0.07398544549942017,0.06589667733528722,-8.769582509994507,0.7408819076293963,0.00010227824622210946,-0.0015869323106852112,0.0015902248263522283,1.006815412512005,0.0015794601538574149,0.5034651638007531,0.5033502487112518,-0.020263163231045597,0.02123103566339689,0.02934881018829262,0.06995406218782416,0.41954404462591494,0.02357765339547219,7.812412215800089e-08,0.04637633066822981,0.7353268052851372,0.5033502487112518,0.03316910892596193
VLOW_EXTREME_CI_ONLY,pQscaled,central,0.22657719850540162,0.10534633934497833,0.1026066192198964,-46.1002953350544,0.7930715128947281,-0.00013985770214535245,0.00016575045973080637,0.00021687183254252222,0.05039003563577249,0.004303863448521981,0.02512606233659141,0.025263973299181085,-0.0027923933208089573,0.0004393016259010643,0.0028267377622655052,0.009891900398121174,0.28576286138125095,0.0035413057933269296,0.0,0.0063505946047942435,0.06287820563885027,0.025263973299181085,0.0025922508882907035
VLOW_EXTREME_CI_ONLY,pQscaled,central,0.6274602651596068,0.051548870746046305,0.04013845515629428,23.925750851631165,0.6735251164360481,-0.0010611702127856226,-0.0010993706367044692,0.00152797186405754,0.8969455544075291,0.0017035279973786485,0.44903173156423537,0.44791382284329373,-0.002275813572402115,-0.011420476826623033,0.011645025477162486,0.0323543726114571,0.3599212266300832,0.013206053071636858,0.0,0.01914831953982024,0.5036123090268316,0.44791382284329373,0.01797856889207989
VLOW_EXTREME_CI_ONLY,pQscaled,central,0.2727910876274109,0.068858300447464,0.06624673191223335,22.290530800819397,0.828874840363039,7.668153408674216e-05,-0.00011135613592966331,0.000135204462496923,0.569056431745165,0.0002375941206433288,0.28449337941243324,0.28456305233273177,-0.009779479156228711,-0.0030095814815506317,0.010232096230059816,0.04031958246695559,0.25377485588908566,0.015127314633690847,0.0,0.025192267833264746,0.38627821576195015,0.28456305233273177,0.01885137224001331
VLOW_EXTREME_CI_ONLY,pQscaled,central,0.4719629526138306,0.08806484818458557,0.07763958896156345,-47.70787313580513,0.7156696222772029,0.00011780138160666365,0.0003656881642480152,0.00038419396010286544,0.0827640683251489,0.0046420381196524895,0.041439620724920426,0.04132444760022848,-0.0017936647805138007,0.0023608390478900036,0.002964927377676863,0.012689893594602212,0.23364477846669857,0.005235477656610413,0.0,0.007454415937991799,0.10142452574507888,0.04132444760022848,0.0032084131257454065
VLOW_EXTREME_CI_ONLY,pQscaled,central,0.24975068867206573,0.056266008317470556,0.05448294831684042,-6.938873529434204,0.8561395038872672,-0.00039280242107375685,0.0016182745236418949,0.001665264596353927,1.1675016957208344,0.0014263487603123055,0.5835757027467675,0.5839259929740669,-0.024043270957611468,0.014507523239438266,0.028081080977839235,0.06548435654845698,0.42882120949084623,0.02135220760150265,3.334435728534033e-06,0.0441288145112258,0.8188594273667323,0.5839259929740669,0.03181400969606581
VLOW_EXTREME_CI_ONLY,pQscaled,central,0.6458914041519165,0.10937933385372162,0.08350338813114022,32.98059403896332,0.6028730397344735,1.6818331231460704e-05,-0.00016261068129685453,0.00016347810231721654,0.2372150473794874,0.0006891557012219823,0.11860227846933806,0.11861276891014934,-0.005574221453919666,-0.007342384824948781,0.009218598577602585,0.01926903681358704,0.47841512094170857,0.005620701695039208,0.0,0.013648335118547834,0.18360917266816945,0.11861276891014934,0.009904568079613442
VLOW_EXTREME_CI_ONLY,pQscaled,central,0.12431439682841301,0.09696239411830901,0.09621024508564345,48.58720779418945,0.8295812558305514,-0.0004827504940302686,0.00020334517093953153,0.0005238294551005086,0.04035516570898587,0.012980480835539347,0.02041988431690233,0.019935281392083542,-0.002786469099011103,-0.0001578052957407443,0.0027909339926102824,0.009795655247511562,0.28491549795193266,0.003503476218915776,0.0,0.006292179028595786,0.06569515693172351,0.019935281392083542,0.0019179783085836247
VLOW_EXTREME_CI_ONLY,pQscaled,central,0.6187277436256409,0.07747754603624343,0.06086678518987359,-19.746211171150208,0.6515040195054325,-0.00038512860692918593,0.0005177473943307163,0.0006452801005853672,0.7021551548087284,0.0009189993068713503,0.3508710801938383,0.35128407461489003,-0.009400328140894088,0.015263162673821572,0.017925688381873243,0.039184505146344084,0.4574687957631541,0.012509691268045482,0.0,0.026674813878298603,0.4734834920094764,0.35128407461489003,0.021381532310208035
VLOW_EXTREME_CI_ONLY,pQscaled,central,0.3906470119953156,0.11825928926467895,0.1088624716849337,-35.59205234050751,0.7159958715777137,0.0001409841135298212,-0.0003667937732804833,0.0003929557130073618,0.12385869765922786,0.003172612989105531,0.06200310947395823,0.06185558818526963,-0.006402138650270645,0.0021493063981305495,0.006753287887417074,0.014554005185105155,0.4640157675859848,0.0039427270185143646,0.0,0.010611278166590792,0.10248849649062142,0.06185558818526963,0.006733752217373835
VLOW_EXTREME_CI_ONLY,pQscaled,central,0.50092111825943,0.06486873045563699,0.05614342838946003,6.099823713302612,0.7278874728978758,0.0017745493235049592,0.0008281814696129708,0.001958292584922439,1.1607859767086333,0.0016870401815803344,0.5795223414912305,0.5812636352174029,-0.031133811146285672,-0.028905582766108474,0.042483489870076926,0.06006290857277529,0.707316559913205,0.014555991434207417,1.8919161154378677e-05,0.04548799797741349,0.848677904083196,0.5812636352174029,0.032634133279225465
VLOW_EXTREME_CI_ONLY,pQscaled,central,0.21245018243789673,0.11324004888534546,0.11065499359979468,9.566598534584045,0.7861462754405228,0.00015558255214315198,0.002304846651305606,0.002310091776654348,0.8022006931100669,0.002879693069945264,0.40096497695387734,0.40123571615618964,-0.031269635060631955,-0.00810801804665038,0.03230371547469287,0.0926625854985432,0.3486165996868354,0.030500844336250287,1.2375276705257661e-08,0.0621617287870162,0.5701320337937839,0.40123571615618964,0.0443987356032722
VLOW_EXTREME_CI_ONLY,pQscaled,central,0.683517575263977,0.06108055859804154,0.044584779804762054,-32.0732581615448,0.6308024187735709,-0.0016158033313062314,0.00014338534537463102,0.0016221528173167032,0.6132926665194501,0.002644989751015158,0.3058355581918614,0.3074571083275887,0.0015806352382113607,0.00866666448033801,0.008809624337679104,0.026982749684206494,0.32649097815392286,0.012529978565722133,0.0,0.014452771118484361,0.34875446747125466,0.3074571083275887,0.013707907474194416
VLOW_EXTREME_CI_ONLY,pQscaled,central,0.3101243793964386,0.09958925664424896,0.09467910714313793,-22.99811601638794,0.7722386849553066,0.00044932250450829825,-0.0005656329078354509,0.0007223789168324317,0.32618775442708103,0.002214610778694693,0.16333395910164245,0.16285379532543856,-0.010420007814736053,0.0031109444011584615,0.010874490237535716,0.03760450969766832,0.2891804819412372,0.01342887839340762,0.0,0.0241756313042607,0.2625393517172815,0.16285379532543856,0.015418851936283852
VLOW_EXTREME_CI_ONLY,pQscaled,central,0.43436939716339107,0.08352190792560577,0.07523109120435102,45.283231139183044,0.7392147833817174,-0.0005109233507603547,0.0003187091705355704,0.0006021778854588233,0.11347005082854729,0.005306932367279099,0.05698829576485741,0.05648175506368988,-0.0025033976759186284,-0.0022715587944363703,0.003380381528818309,0.013774979176098899,0.24540011898410616,0.005453908257107076,0.0,0.008321070918991823,0.11569466375514599,0.05648175506368988,0.0042491840665782685
VLOW_EXTREME_CI_ONLY,pQscaled,central,0.35338292121887205,0.05220353346318007,0.048835296767928416,36.39009118080139,0.8182466358803795,-0.00035398505208822373,0.00035726972441340807,0.0005029384386625614,0.4362627475297395,0.0011528337945661438,0.21829901113102324,0.21796373639871622,-1.7807382641319563e-05,-0.0018663588117756329,0.001866443762123329,0.025290658850903487,0.07379972871116545,0.012492121813860132,0.0,0.012798537037043355,0.26735033445107714,0.21796373639871622,0.010644323751677827
VLOW_EXTREME_CI_ONLY,pQscaled,central,0.5384373545646668,0.10463386476039886,0.08817135233102215,-3.584778904914856,0.6630392587877548,0.0025689374713397384,-0.0016798914674771917,0.0030694421438033463,0.9793474702882201,0.003134170697250093,0.4908904365518492,0.48845703373637095,-0.10504266787490518,0.04900387971551724,0.11591092399532721,0.12094606268546934,0.9583687258738083,0.04500837626355086,0.002505467396498184,0.0734322190254203,0.9031718006034383,0.48845703373637095,0.04306791722013553
VLOW_EXTREME_CI_ONLY,pQscaled,central,0.16153761744499207,0.0746294292807579,0.07364928780513173,-51.3321878015995,0.8549229900331922,0.00022140026604446778,0.00033868669163947897,0.00040463162617157924,0.05178456193432861,0.007813750103452016,0.02600246752696034,0.02578209440736827,-0.0026666414750485985,0.00024370341407306583,0.0026777543036059586,0.011668309332896516,0.22948948534099137,0.004497887715538869,0.0,0.0071704216173576465,0.09794868751244201,0.02578209440736827,0.0018988328912273433
VLOW_EXTREME_CI_ONLY,pQscaled,central,0.5811707377433777,0.09096441388130189,0.07402517080362958,18.721566200256348,0.6572629567212548,-0.0004803795924424037,0.0007046486152279922,0.0008528154687726161,0.6072233724770226,0.0014044509935343214,0.3038307446896527,0.30339262778737,-0.011089262299540376,-0.014685558273525808,0.018402102058002225,0.04392098320309959,0.41898201533665713,0.014325268232561314,1.1259122788029677e-16,0.029595714970538166,0.43358990708332773,0.30339262778737,0.022458691092522076
VLOW_EXTREME_CI_ONLY,pQscaled,central,0.1506521850824356,0.05878822267055511,0.05811726265198308,14.300569891929626,0.8826876496751307,-0.0013975653171988678,0.00020570718218159909,0.0014126231842350124,0.8581311432978624,0.0016461623555651356,0.4297598296478966,0.4283713136499658,-0.021149449386463327,-0.004298928349965163,0.021581936759908927,0.048052524214088205,0.4491322175658227,0.013440862443978893,9.738214995965399e-13,0.034611661769135486,0.598064370835291,0.4283713136499658,0.024895768147970086
VLOW_EXTREME_CI_ONLY,pQscaled,central,0.5560213446617126,0.11559190094470978,0.09607629051906338,-54.00501043535769,0.6424519802718438,-0.00027659095707965875,5.638614336997281e-05,0.00028227992259879334,0.01304243616391645,0.021643189895745985,0.006383666282575168,0.006658769881341282,-0.003197797195480161,0.002306830293885828,0.003943015712397069,0.006959169015003189,0.5665928940504595,0.0016196271059407338,0.0,0.005339541909062455,0.06108915684842523,0.006658769881341282,0.0006397499096193342
VLOW_EXTREME_CI_ONLY,pQscaled,central,0.33379998803138733,0.08123815447092056,0.07657865273208876,-1.0981500148773193,0.7871497011317476,0.0035370930921329036,0.003256050847453479,0.0048075871977133,0.5371472241565456,0.008950222548878294,0.27082820041992633,0.2663190237366193,-0.11048294530246403,-0.029356193834174184,0.11431652251156377,0.44197628562463726,0.2586485434393888,0.19466387403339996,0.17099549394110825,0.07631691765012903,0.9890916045785185,0.2663190237366193,0.020394352034675472
VLOW_EXTREME_CI_ONLY,pQscaled,central,0.5237432837486267,0.10194967865943907,0.08684849961786051,40.56761145591736,0.6735485194014461,-0.000600796678497606,0.00023938338198952272,0.0006467310511074116,0.13172697166139635,0.004909632727076047,0.06616211499069395,0.06556485667070239,-0.0029660800693981438,-0.00346586021610617,0.0045617779445813016,0.014738269009706637,0.3095192482629298,0.005502513900617837,0.0,0.009235755109088799,0.11472115602334343,0.06556485667070239,0.005694209429510576
VLOW_EXTREME_CI_ONLY,pQscaled,central,0.3026812672615051,0.10671685218811035,0.10171096072961722,42.85304069519043,0.7655760553485343,6.152019858227803e-05,0.00015999814942675706,0.0001714180347967792,0.07642788754072277,0.0022428728611063953,0.038183409814374965,0.03824447772634781,-0.003414311775867762,-0.0010022008837044128,0.0035583607903256773,0.011388777565815467,0.31244448930202806,0.00394919758320801,0.0,0.007439579982607457,0.07523172890922768,0.03824447772634781,0.0038898825721492823
VLOW_EXTREME_CI_ONLY,pQscaled,central,0.4034339427947998,0.050180662851780654,0.04591574672059013,-27.224947810173035,0.7967674294243009,0.0007449296601368949,-0.000930145318431632,0.0011916755061475216,0.6985191858713298,0.0017060025411628893,0.34965983207254153,0.34885935379878824,-0.0048361847439509255,0.004879633843886208,0.006870189904800549,0.030669165076685753,0.22400968163372392,0.012512783770446826,0.0,0.018156381306238926,0.40528837438244264,0.34885935379878824,0.016018137730133906
VLOW_EXTREME_CI_ONLY,pQscaled,central,0.17536230385303497,0.09305590450763702,0.09161390720427796,-27.710377126932144,0.8242147623683832,-0.00011482892175436465,-0.0001356458847146134,0.00017772306353222757,0.2444174746250239,0.0007271291212090439,0.1221544170910044,0.12226305753401948,-0.012317541581441976,0.0007121045839090773,0.01233810858879822,0.02541734493636539,0.48542082659253666,0.006540229376685941,0.0,0.01887711555967945,0.207830712867517,0.12226305753401948,0.011200996407432958
VLOW_EXTREME_CI_ONLY,pQscaled,central,0.6792972087860107,0.07261507451534271,0.05328953618752647,12.29040265083313,0.6228249072933619,0.0005280413455521216,-0.0025683519707298593,0.002622071606223684,0.9374292217506519,0.002797087551129414,0.46847721427462974,0.46895200747602217,-0.010539295865103552,-0.02464176227298665,0.026800992616889716,0.048572938466989235,0.5517679898057615,0.01505275341785535,6.72557034091291e-11,0.033520184981878184,0.68417099929338,0.46895200747602217,0.02499023497260667
VLOW_EXTREME_CI_ONLY,pQscaled,central,0.37157723903656004,0.08597760498523713,0.07982178421238033,2.1145862340927124,0.764809930672958,-0.002401203671729857,0.0010723984738315456,0.0026297942048390736,0.8116654584134003,0.0032399976832569078,0.40711221842369955,0.4045532399897008,-0.15620481700516603,-0.026184956426630594,0.15838433255433426,0.2309936468322477,0.685665319052502,0.11924425930048659,0.03704166984475917,0.07470771768700198,0.962506967564776,0.4045532399897008,0.0322921614248772
VLOW_EXTREME_CI_ONLY,pQscaled,central,0.4863008618354797,0.0708683368563652,0.06192414575367922,-37.834147959947586,0.7285576112085875,-0.00025090087526616345,3.8206683417552414e-05,0.00025379322265792675,0.28396686630250356,0.0008937423790406811,0.14185725363690602,0.14210961266559752,-0.0018607972146386965,0.0037093859745287805,0.004149953081908031,0.02123374530133384,0.19544140814608432,0.00927172448869726,0.0,0.011962020812636582,0.20259600436003078,0.14210961266559752,0.00880001636770336
VLOW_EXTREME_CI_ONLY,pQscaled,central,0.1129167452454567,0.1073006772994995,0.10661443075427451,-16.83431386947632,0.8167289549192692,-0.0008602948663767596,0.0002194115100177061,0.0008878336937976934,0.4594824895638078,0.0019322470691767253,0.2293049916435378,0.23017749792027004,-0.01644987242064704,0.0003871247165112379,0.01645442700921846,0.05523456972366336,0.2979008814867088,0.019396775833371092,3.404299221590402e-15,0.03583779389028887,0.33750320663846345,0.23017749792027004,0.024540242913212797
VLOW_EXTREME_CI_ONLY,pQscaled,central,0.5935056805610657,0.05828461937606335,0.04690919856180297,53.19168150424957,0.6847740542384202,0.00043065369163929057,-0.0010525755464708408,0.0011372677271209882,0.12322313115318984,0.00922933637928049,0.06140958554764201,0.061813545605547825,0.00278186874899038,-0.003531241535452489,0.0044953821326238945,0.01670156814761697,0.26915928449899773,0.009214445440755503,0.0,0.0074871227068614675,0.16884581613779207,0.061813545605547825,0.0028996238846197065
VLOW_EXTREME_CI_ONLY,pQscaled,central,0.21302961111068724,0.07976559281349183,0.07793463293203569,30.119680166244507,0.8330753305002492,0.0005066798097742853,-0.00011299657629120375,0.0005191268206194319,0.29294948976945323,0.0017720693797008363,0.14622430388306515,0.14672518588638808,-0.0111757730169817,-0.0010455295141892358,0.011224572797756583,0.023221690032852307,0.4833658868875087,0.005998559945001424,0.0,0.017223130087850883,0.223450614492792,0.14672518588638808,0.01143497350394036
VLOW_EXTREME_CI_ONLY,pQscaled,central,0.6418911933898925,0.09459774136543274,0.07253714441203833,-11.60146415233612,0.6214139626604253,0.0003401042029729795,-0.0008912748518233107,0.0009539610738245822,0.8423175187072336,0.0011325433137003916,0.42134398756789304,0.42097353113934055,-0.012574733022796172,0.026526162014856424,0.029355769140545652,0.06186878854550888,0.47448430510243944,0.020595760801530468,2.396266239573127e-10,0.041273027504351786,0.6282115984095155,0.42097353113934055,0.03053621782190006
VLOW_EXTREME_CI_ONLY,pQscaled,central,0.2649823725223541,0.06716528460383415,0.06476434438842346,-43.771942257881165,0.8343174958786119,0.0002539406638525782,9.702179296574957e-05,0.0002718438689177611,0.17210172614899277,0.001579553412976339,0.08617644263501464,0.08592528351397813,-0.002706742757271582,0.0007653401774651012,0.0028128636549403668,0.016114984607282425,0.1745495713144637,0.0066746768336722355,0.0,0.009440307773610188,0.14788629761902264,0.08592528351397813,0.005564894653172204
VLOW_EXTREME_CI_ONLY,pQscaled,central,0.44080820083618166,0.11590315639972687,0.10403482620302078,24.58906650543213,0.6967555193222349,9.573356026462698e-05,-4.3103457759212545e-05,0.00010498963106774492,0.2402571184763037,0.0004369886383953274,0.12008168827500613,0.12017543020129756,-0.009193127973550904,-0.005527364463253856,0.010726852280502689,0.03155658682953835,0.3399243504516721,0.010705552147277433,0.0,0.02085103468226092,0.21324602305069615,0.12017543020129756,0.012502429994865246
