point_id,Mach,eta,alpha,hybrid_ci,classical_ci,ci_abs_difference
MAP_0000,0.02,0.02,0.019995999599919982,0.9647862017573875,0.9645985163624604,0.00018768539492708403
MAP_0001,0.02,0.06,0.05998799879975994,0.8983997335117742,0.8981789705576855,0.0002207629540886824
MAP_0002,0.02,0.1,0.0999799979995999,0.8364060974929014,0.8361407880149,0.0002653094780014076
MAP_0003,0.02,0.13999999999999999,0.13997199719943984,0.7780992112853774,0.7780371718218407,6.203946353666723e-05
MAP_0004,0.02,0.18,0.17996399639927982,0.7234502938552906,0.7233811447802024,6.914907508814849e-05
MAP_0005,0.02,0.22,0.2199559955991198,0.6718924179516589,0.671822303587635,7.011436402393212e-05
MAP_0006,0.02,0.26,0.25994799479895975,0.6231032301341257,0.6230435077651943,5.972236893136973e-05
MAP_0007,0.02,0.30000000000000004,0.2999399939987997,0.5768021126260188,0.5767322591690569,6.985345696186585e-05
MAP_0008,0.02,0.34,0.3399319931986397,0.5327437530777231,0.5326664491874684,7.730389025473183e-05
MAP_0009,0.02,0.38,0.3799239923984796,0.49071285730900416,0.49065451991249603,5.833739650812353e-05
MAP_0010,0.02,0.42000000000000004,0.4199159915983196,0.450519776099064,0.4504665949303015,5.318116876251722e-05
MAP_0011,0.02,0.46,0.4599079907981596,0.4119968678529689,0.41194849545526363,4.837239770527635e-05
MAP_0012,0.02,0.5,0.4998999899979995,0.37499545744869095,0.3749185786771605,7.687877153045308e-05
MAP_0013,0.02,0.54,0.5398919891978395,0.33938328094986164,0.33931487910407077,6.840184579087749e-05
MAP_0014,0.02,0.5800000000000001,0.5798839883976795,0.3050423285043098,0.3050015250924002,4.080341190959569e-05
MAP_0015,0.02,0.62,0.6198759875975194,0.27186701530208635,0.27180970060433907,5.7314697747279375e-05
MAP_0016,0.02,0.66,0.6598679867973594,0.23976262416801952,0.23972682058029965,3.5803587719873686e-05
MAP_0017,0.02,0.7000000000000001,0.6998599859971993,0.2086439741475408,0.20861311678888844,3.085735865235306e-05
MAP_0018,0.02,0.74,0.7398519851970392,0.17843427795905512,0.17839886369597216,3.54142630829557e-05
MAP_0019,0.02,0.78,0.7798439843968793,0.14906415796768857,0.14901334701930663,5.081094838194078e-05
MAP_0020,0.02,0.8200000000000001,0.8198359835967193,0.1204707957417536,0.1204219184741519,4.887726760169353e-05
MAP_0021,0.02,0.86,0.8598279827965591,0.0925971914702255,0.09256018335066966,3.700811955584249e-05
MAP_0022,0.02,0.9,0.8998199819963991,0.06539110463575937,0.06536846791198632,2.263672377304793e-05
MAP_0023,0.02,0.9400000000000001,0.9398119811962391,0.038798869450762274,0.03879589008248836,2.9793682739115424e-06
MAP_0024,0.02,0.98,0.979803980396079,0.01155005096382429,0.012792266909532387,0.0012422159457080965
MAP_0025,0.04461538461538461,0.02,0.019980084759135746,0.9632923093924748,0.963106022557068,0.00018628683540677926
MAP_0026,0.04461538461538461,0.06,0.059940254277407234,0.8970726424690393,0.8968568197399153,0.00021582272912401557
MAP_0027,0.04461538461538461,0.1,0.09990042379567873,0.8352273438205489,0.8349866943523637,0.000240649468185139
MAP_0028,0.04461538461538461,0.13999999999999999,0.1398605933139502,0.7770524567550995,0.7769728323122269,7.962444287257231e-05
MAP_0029,0.04461538461538461,0.18,0.1798207628322217,0.7225207923433028,0.7224493173756016,7.147496770121275e-05
MAP_0030,0.04461538461538461,0.22,0.2197809323504932,0.6710672769036924,0.6709817875546605,8.548934903185312e-05
MAP_0031,0.04461538461538461,0.26,0.2597411018687647,0.6223711132698754,0.6222771921602416,9.392110963379885e-05
MAP_0032,0.04461538461538461,0.30000000000000004,0.2997012713870362,0.576153065740772,0.5760803718299261,7.269391084585575e-05
MAP_0033,0.04461538461538461,0.34,0.3396614409053077,0.5321690388205331,0.5321093274372364,5.9711383296745524e-05
MAP_0034,0.04461538461538461,0.38,0.37962161042357917,0.49020480372665975,0.4901380833679276,6.672035873217519e-05
MAP_0035,0.04461538461538461,0.42000000000000004,0.4195817799418507,0.4500716407068944,0.45001000221879406,6.163848810036843e-05
MAP_0036,0.04461538461538461,0.46,0.45954194946012217,0.4116027173019866,0.4115446881779274,5.802912405922234e-05
MAP_0037,0.04461538461538461,0.5,0.49950211897839364,0.3746500619565141,0.37460113858368393,4.892337283018966e-05
MAP_0038,0.04461538461538461,0.54,0.5394622884966651,0.33908202223583483,0.3390309408321142,5.1081403720620866e-05
MAP_0039,0.04461538461538461,0.5800000000000001,0.5794224580149366,0.30478111981323436,0.3047326209117602,4.849890147418101e-05
MAP_0040,0.04461538461538461,0.62,0.6193826275332082,0.27164223209352184,0.2715975945536498,4.463753987204999e-05
MAP_0041,0.04461538461538461,0.66,0.6593427970514796,0.23957104413146502,0.23952072762845808,5.031650300693635e-05
MAP_0042,0.04461538461538461,0.7000000000000001,0.6993029665697511,0.20848272531551584,0.2084284422760938,5.428303942203727e-05
MAP_0043,0.04461538461538461,0.74,0.7392631360880226,0.1783007938260662,0.17826417764606164,3.661618000455613e-05
MAP_0044,0.04461538461538461,0.78,0.779223305606294,0.14895613864985824,0.14894087918192217,1.525946793606847e-05
MAP_0045,0.04461538461538461,0.8200000000000001,0.8191834751245656,0.120386174338981,0.12036956456054289,1.6609778438106404e-05
MAP_0046,0.04461538461538461,0.86,0.8591436446428371,0.0925341048686391,0.09249720070958839,3.690415905070743e-05
MAP_0047,0.04461538461538461,0.9,0.8991038141611085,0.06534786507778655,0.06533948133588902,8.383741897530217e-06
MAP_0048,0.04461538461538461,0.9400000000000001,0.93906398367938,0.03877393779206112,0.03878055368209751,6.6158900363932904e-06
MAP_0049,0.04461538461538461,0.98,0.9790241531976516,0.011539728712322663,0.012782317033005936,0.0012425883206832727
MAP_0050,0.06923076923076923,0.02,0.019952013438164242,0.9606764589791834,0.9604937590121967,0.0001826999669867213
MAP_0051,0.06923076923076923,0.06,0.059856040314492716,0.8947473928619575,0.8945265475864302,0.0002208452755272372
MAP_0052,0.06923076923076923,0.1,0.0997600671908212,0.8331607922328282,0.8329125617895938,0.00024823044323440957
MAP_0053,0.06923076923076923,0.13999999999999999,0.13966409406714966,0.775216326258034,0.7751366580412694,7.966821676463898e-05
MAP_0054,0.06923076923076923,0.18,0.17956812094347815,0.7208895261412401,0.720813843774427,7.568236681310125e-05
MAP_0055,0.06923076923076923,0.22,0.21947214781980665,0.6696184993712319,0.6695473756037874,7.11237674444476e-05
MAP_0056,0.06923076923076923,0.26,0.2593761746961351,0.6210851259208228,0.6210138743693348,7.125155148801632e-05
MAP_0057,0.06923076923076923,0.30000000000000004,0.29928020157246366,0.5750125523930318,0.5749497281120435,6.282428098836057e-05
MAP_0058,0.06923076923076923,0.34,0.3391842284487921,0.5311587844985582,0.5310818333023465,7.695119621176083e-05
MAP_0059,0.06923076923076923,0.38,0.3790882553251206,0.4893114360073322,0.489243614783517,6.782122381515654e-05
MAP_0060,0.06923076923076923,0.42000000000000004,0.4189922822014491,0.44928339689281616,0.4492223693654772,6.102752733894157e-05
MAP_0061,0.06923076923076923,0.46,0.45889630907777756,0.41090923780140004,0.41083333150590684,7.590629549319994e-05
MAP_0062,0.06923076923076923,0.5,0.498800335954106,0.37404220863419996,0.37396851342944487,7.369520475508651e-05
MAP_0063,0.06923076923076923,0.54,0.5387043628304345,0.33855171971086667,0.3384985346565285,5.3185054338156235e-05
MAP_0064,0.06923076923076923,0.5800000000000001,0.578608389706763,0.30432121736778833,0.3042541910268789,6.702634090943738e-05
MAP_0065,0.06923076923076923,0.62,0.6185124165830914,0.271246383825241,0.27119697900142387,4.9404823817156274e-05
MAP_0066,0.06923076923076923,0.66,0.65841644345942,0.23923360508992988,0.23919954835540244,3.40567345274434e-05
MAP_0067,0.06923076923076923,0.7000000000000001,0.6983204703357485,0.20819866155396918,0.20815915946327412,3.950209069505939e-05
MAP_0068,0.06923076923076923,0.74,0.7382244972120768,0.178065604507449,0.17803172074068213,3.388376676685678e-05
MAP_0069,0.06923076923076923,0.78,0.7781285240884054,0.14876578857013104,0.14874169534382364,2.40932263073923e-05
MAP_0070,0.06923076923076923,0.8200000000000001,0.8180325509647339,0.1202370354297301,0.12020765290027975,2.9382529450353023e-05
MAP_0071,0.06923076923076923,0.86,0.8579365778410623,0.09242290537613834,0.0923892608204172,3.3644555721148994e-05
MAP_0072,0.06923076923076923,0.9,0.8978406047173908,0.06527163991689422,0.06525702297955253,1.4616937341685454e-05
MAP_0073,0.06923076923076923,0.9400000000000001,0.9377446315937193,0.038729981755595146,0.03873913227736207,9.15052176692771e-06
MAP_0074,0.06923076923076923,0.98,0.9776486584700478,0.011521515811068285,0.012764651698423139,0.001243135887354854
MAP_0075,0.09384615384615384,0.02,0.019911734222897652,0.9569648831718107,0.9567701996690572,0.0001946835027535343
MAP_0076,0.09384615384615384,0.06,0.059735202668692956,0.8914449594220589,0.8912079957753948,0.0002369636466641456
MAP_0077,0.09384615384615384,0.1,0.09955867111448827,0.8302231510224188,0.8299808652412117,0.00024228578120710775
MAP_0078,0.09384615384615384,0.13999999999999999,0.13938213956028356,0.7726040686145789,0.7725467683067152,5.730030786366136e-05
MAP_0079,0.09384615384615384,0.18,0.17920560800607888,0.718566960193988,0.7184866972117516,8.026298223640094e-05
MAP_0080,0.09384615384615384,0.22,0.21902907645187417,0.6675543093277179,0.6674816125518177,7.269677590016066e-05
MAP_0081,0.09384615384615384,0.26,0.2588525448976695,0.6192516919246308,0.6191719715716983,7.972035293246638e-05
MAP_0082,0.09384615384615384,0.30000000000000004,0.29867601334346483,0.5733855536530328,0.5733026999258722,8.285372716054784e-05
MAP_0083,0.09384615384615384,0.34,0.3384994817892601,0.5297168178359678,0.52963086042445,8.59574115178452e-05
MAP_0084,0.09384615384615384,0.38,0.3783229502350554,0.4880356628067387,0.4879905446121628,4.511819457592159e-05
MAP_0085,0.09384615384615384,0.42000000000000004,0.41814641868085073,0.44815722384822304,0.4480985181540759,5.87056941471209e-05
MAP_0086,0.09384615384615384,0.46,0.45796988712664605,0.4099180325269448,0.40985470148815567,6.333103878913837e-05
MAP_0087,0.09384615384615384,0.5,0.4977933555724413,0.3731730488391658,0.37310942247067735,6.362636848844527e-05
MAP_0088,0.09384615384615384,0.54,0.5376168240182366,0.3377931734406073,0.33772387765229317,6.929578831410543e-05
MAP_0089,0.09384615384615384,0.5800000000000001,0.577440292464032,0.3036631513077257,0.3035913461772327,7.180513049298565e-05
MAP_0090,0.09384615384615384,0.62,0.6172637609098273,0.27067979655190005,0.2706184801716715,6.13163802285488e-05
MAP_0091,0.09384615384615384,0.66,0.6570872293556226,0.2387504822672434,0.2387051626548139,4.531961242951188e-05
MAP_0092,0.09384615384615384,0.7000000000000001,0.6969106978014179,0.20779185029108313,0.20773679528367822,5.505500740490832e-05
MAP_0093,0.09384615384615384,0.74,0.7367341662472131,0.17772870436795474,0.17768594299315826,4.2761374796473905e-05
MAP_0094,0.09384615384615384,0.78,0.7765576346930084,0.14849305700353985,0.14845361824622974,3.9438757310106265e-05
MAP_0095,0.09384615384615384,0.8200000000000001,0.8163811031388039,0.12002330566911448,0.1199956737469064,2.7631922208087856e-05
MAP_0096,0.09384615384615384,0.86,0.8562045715845991,0.09226351500318829,0.09225105492426111,1.2460078927176155e-05
MAP_0097,0.09384615384615384,0.9,0.8960280400303944,0.06516236072265501,0.06514279797580709,1.956274684791759e-05
MAP_0098,0.09384615384615384,0.9400000000000001,0.9358515084761897,0.03866695343540872,0.0386509869380185,1.5966497390218493e-05
MAP_0099,0.09384615384615384,0.98,0.9756749769219849,0.011495368803969468,0.012739045907693298,0.0012436771037238302
MAP_0100,0.11846153846153847,0.02,0.019859172831770466,0.9521937939293716,0.9519967895654255,0.0001970043639460961
MAP_0101,0.11846153846153847,0.06,0.0595775184953114,0.8871943992223574,0.8869505081895845,0.0002438910327728916
MAP_0102,0.11846153846153847,0.1,0.09929586415885233,0.8264376419520523,0.8262088517294268,0.00022879022262545234
MAP_0103,0.11846153846153847,0.13999999999999999,0.13901420982239324,0.7692341519961864,0.7691640807769606,7.007121922575354e-05
MAP_0104,0.11846153846153847,0.18,0.1787325554859342,0.715567721370993,0.7154845006948395,8.322067615351703e-05
MAP_0105,0.11846153846153847,0.22,0.21845090114947513,0.6648862295827526,0.6648113668027793,7.486277997326152e-05
MAP_0106,0.11846153846153847,0.26,0.25816924681301606,0.6168798318899695,0.6168084428874827,7.138900248682134e-05
MAP_0107,0.11846153846153847,0.30000000000000004,0.29788759247655705,0.5712790782127343,0.5712340610183664,4.50171943678912e-05
MAP_0108,0.11846153846153847,0.34,0.3376059381400979,0.5278485344513689,0.5277672495268262,8.128492454273495e-05
MAP_0109,0.11846153846153847,0.38,0.37732428380363886,0.4863815908454361,0.486298112970009,8.347787542706264e-05
MAP_0110,0.11846153846153847,0.42000000000000004,0.41704262946717985,0.4466962027490768,0.44661946817462855,7.673457444823395e-05
MAP_0111,0.11846153846153847,0.46,0.4567609751307207,0.40863137099181795,0.4085640660685695,6.730492324846793e-05
MAP_0112,0.11846153846153847,0.5,0.49647932079426166,0.37204421409429467,0.3719957552469014,4.8458847393240134e-05
MAP_0113,0.11846153846153847,0.54,0.5361976664578026,0.33680751795820585,0.3367663610734617,4.1156884744153466e-05
MAP_0114,0.11846153846153847,0.5800000000000001,0.5759160121213436,0.30280767362368777,0.3027533924732854,5.42811504023466e-05
MAP_0115,0.11846153846153847,0.62,0.6156343577848844,0.26994293258069824,0.2698999794445491,4.295313614915974e-05
MAP_0116,0.11846153846153847,0.66,0.6553527034484254,0.23812192358086612,0.23806386868926818,5.80548915979362e-05
MAP_0117,0.11846153846153847,0.7000000000000001,0.6950710491119664,0.20726238604575017,0.20722435530021396,3.803074553621055e-05
MAP_0118,0.11846153846153847,0.74,0.7347893947755072,0.17729008386216036,0.1772443005275401,4.578333462026962e-05
MAP_0119,0.11846153846153847,0.78,0.7745077404390482,0.14813787016437174,0.1481231099652229,1.476019914883886e-05
MAP_0120,0.11846153846153847,0.8200000000000001,0.8142260861025892,0.11974487908383281,0.1197310510941474,1.382798968541099e-05
MAP_0121,0.11846153846153847,0.86,0.85394443176613,0.09205582128421536,0.09204304870345399,1.2772580761363783e-05
MAP_0122,0.11846153846153847,0.9,0.893662777429671,0.06501992887850312,0.06501446830004412,5.460578459001719e-06
MAP_0123,0.11846153846153847,0.9400000000000001,0.933381123093212,0.03858478379600198,0.038596483495851756,1.1699699849779255e-05
MAP_0124,0.11846153846153847,0.98,0.9730994687567528,0.011461224769678695,0.01273850621305765,0.001277281443378955
MAP_0125,0.14307692307692307,0.02,0.019794231423147908,0.9464080568937099,0.9462011497511229,0.00020690714258697618
MAP_0126,0.14307692307692307,0.06,0.059382694269443724,0.8820318837874698,0.881800996615679,0.00023088717179076124
MAP_0127,0.14307692307692307,0.1,0.09897115711573955,0.821833297470467,0.8216003001204507,0.00023299735001625077
MAP_0128,0.14307692307692307,0.13999999999999999,0.13855961996203534,0.7651297569425921,0.7650755585029135,5.4198439678576626e-05
MAP_0129,0.14307692307692307,0.18,0.17814808280833117,0.7119102348019978,0.711829134712573,8.1100089424746e-05
MAP_0130,0.14307692307692307,0.22,0.217736545654627,0.6616288227234365,0.6615608770006515,6.794572278501221e-05
MAP_0131,0.14307692307692307,0.26,0.2573250085009228,0.613980980077347,0.613926346777566,5.463329978105946e-05
MAP_0132,0.14307692307692307,0.30000000000000004,0.2969134713472187,0.5687020340780804,0.5686205469748343,8.148710324606956e-05
MAP_0133,0.14307692307692307,0.34,0.33650193419351443,0.5255608088422886,0.5255030072601924,5.780158209622854e-05
MAP_0134,0.14307692307692307,0.38,0.37609039703981023,0.4843544638420157,0.48428480616608965,6.965767592603811e-05
MAP_0135,0.14307692307692307,0.42000000000000004,0.4156788598861061,0.44490427538405736,0.44484407099758994,6.0204386467421767e-05
MAP_0136,0.14307692307692307,0.46,0.4552673227324019,0.4070521613988948,0.4069740306455688,7.813075332596675e-05
MAP_0137,0.14307692307692307,0.5,0.4948557855786977,0.37065779787588554,0.370590909692048,6.688818383754347e-05
MAP_0138,0.14307692307692307,0.54,0.5344442484249935,0.33559621043098325,0.3355269489464988,6.92614844844397e-05
MAP_0139,0.14307692307692307,0.5800000000000001,0.5740327112712894,0.3017557505499402,0.301711220645083,4.452990485720454e-05
MAP_0140,0.14307692307692307,0.62,0.6136211741175851,0.2690363855928313,0.26897865601020216,5.772958262911798e-05
MAP_0141,0.14307692307692307,0.66,0.653209636963881,0.23734824647369115,0.23728849693751594,5.974953617521317e-05
MAP_0142,0.14307692307692307,0.7000000000000001,0.6927980998101768,0.20661038829554665,0.20656770874911184,4.267954643480398e-05
MAP_0143,0.14307692307692307,0.74,0.7323865626564726,0.17674972800956368,0.17669716546219497,5.256254736871191e-05
MAP_0144,0.14307692307692307,0.78,0.7719750255027684,0.147700130029063,0.14765386960652993,4.626042253305651e-05
MAP_0145,0.14307692307692307,0.8200000000000001,0.8115634883490643,0.11940161610987511,0.1193740057098104,2.7610400064714824e-05
MAP_0146,0.14307692307692307,0.86,0.85115195119536,0.09179967647819452,0.09179506766668247,4.6088115120551665e-06
MAP_0147,0.14307692307692307,0.9,0.8907404140416558,0.0648442149442886,0.0648484365177398,4.221573451201888e-06
MAP_0148,0.14307692307692307,0.9400000000000001,0.9303288768879517,0.03848338222586574,0.03847862954273123,4.752683134510993e-06
MAP_0149,0.14307692307692307,0.98,0.9699173397342474,0.011419000585289909,0.01268773039422477,0.0012687298089348615
MAP_0150,0.16769230769230767,0.02,0.019716787668794616,0.9396596416941467,0.9394482546206467,0.0002113870734999912
MAP_0151,0.16769230769230767,0.06,0.05915036300638384,0.8759995565112799,0.8757662836321013,0.00023327287917862538
MAP_0152,0.16769230769230767,0.1,0.09858393834397308,0.8164441237362395,0.8162000488526192,0.0002440748836203266
MAP_0153,0.16769230769230767,0.13999999999999999,0.1380175136815623,0.7603181677531081,0.7602659495257958,5.221822731227288e-05
MAP_0154,0.16769230769230767,0.18,0.17745108901915152,0.7076162842033127,0.7075491361010058,6.714810230690205e-05
MAP_0155,0.16769230769230767,0.22,0.21688466435674078,0.6577993759200327,0.6577167788746312,8.259704540147794e-05
MAP_0156,0.16769230769230767,0.26,0.25631823969433,0.6105687603591878,0.6104904776086256,7.828275056220857e-05
MAP_0157,0.16769230769230767,0.30000000000000004,0.2957518150319193,0.5656650708242502,0.5656095503084627,5.552051578749939e-05
MAP_0158,0.16769230769230767,0.34,0.3351853903695085,0.5228618844969122,0.5228062436322767,5.564086463549778e-05
MAP_0159,0.16769230769230767,0.38,0.3746189657070977,0.4819605868719381,0.48189452347800193,6.606339393616656e-05
MAP_0160,0.16769230769230767,0.42000000000000004,0.414052541044687,0.44278619277531817,0.44270708965769606,7.910311762210354e-05
MAP_0161,0.16769230769230767,0.46,0.45348611638227615,0.4051839162434847,0.4051168910900331,6.702515345158311e-05
MAP_0162,0.16769230769230767,0.5,0.4929196917198654,0.3690163329311216,0.3689462953344806,7.003759664103715e-05
MAP_0163,0.16769230769230767,0.54,0.5323532670574547,0.33416101591834874,0.33411767703376183,4.33388845869076e-05
MAP_0164,0.16769230769230767,0.5800000000000001,0.571786842395044,0.300508553090383,0.3004626143292479,4.593876113506701e-05
MAP_0165,0.16769230769230767,0.62,0.611220417732633,0.2679608745722269,0.26790707827951976,5.3796292707131155e-05
MAP_0166,0.16769230769230767,0.66,0.6506539930702223,0.23642983397223666,0.23637903199029817,5.080198193849195e-05
MAP_0167,0.16769230769230767,0.7000000000000001,0.6900875684078116,0.20583599881537987,0.20580221328675571,3.378552862415285e-05
MAP_0168,0.16769230769230767,0.74,0.7295211437454008,0.17610761447532516,0.17607613816566045,3.147630966471304e-05
MAP_0169,0.16769230769230767,0.78,0.7689547190829901,0.147179712842156,0.14716487209422105,1.4840747934952159e-05
MAP_0170,0.16769230769230767,0.8200000000000001,0.8083882944205792,0.11899334235677314,0.11895166078883446,4.168156793868394e-05
MAP_0171,0.16769230769230767,0.86,0.8478218697581684,0.09149489653123319,0.09148145951882408,1.3437012409106552e-05
MAP_0172,0.16769230769230767,0.9,0.8872554450957577,0.06463505782155028,0.06463347566332289,1.5821582273894963e-06
MAP_0173,0.16769230769230767,0.9400000000000001,0.926689020433347,0.03836263594915766,0.03834409813462662,1.8537814531038865e-05
MAP_0174,0.16769230769230767,0.98,0.9661225957709362,0.011368591940776947,0.012667475127292563,0.0012988831865156161
MAP_0175,0.1923076923076923,0.02,0.019626693572573958,0.9320059547450622,0.9318149511963358,0.00019100354872636505
MAP_0176,0.1923076923076923,0.06,0.058880080717721876,0.8691442882935049,0.8689177959969939,0.0002264922965109495
MAP_0177,0.1923076923076923,0.1,0.0981334678628698,0.8103081789920836,0.8100413829237287,0.0002667960683548909
MAP_0178,0.1923076923076923,0.13999999999999999,0.1373868550080177,0.7548300956499229,0.7547633982150388,6.669743488407764e-05
MAP_0179,0.1923076923076923,0.18,0.17664024215316562,0.702710518576584,0.7026441562926654,6.636228391854182e-05
MAP_0180,0.1923076923076923,0.22,0.21589362929831354,0.653417544510085,0.6533580112991026,5.953321098239872e-05
MAP_0181,0.1923076923076923,0.26,0.2551470164434615,0.6066587311322109,0.6066037520500034,5.497908220752912e-05
MAP_0182,0.1923076923076923,0.30000000000000004,0.2944004035886094,0.562180398928414,0.56209639621182,8.40027165940338e-05
MAP_0183,0.1923076923076923,0.34,0.33365379073375734,0.5197612474122532,0.5196933397967101,6.790761554309466e-05
MAP_0184,0.1923076923076923,0.38,0.3729071778789052,0.4792072389570729,0.4791255529040439,8.168605302899534e-05
MAP_0185,0.1923076923076923,0.42000000000000004,0.4121605650240532,0.440347455627611,0.440270825730069,7.662989754203542e-05
MAP_0186,0.1923076923076923,0.46,0.45141395216920105,0.4030307123691856,0.40298314906364924,4.756330553634669e-05
MAP_0187,0.1923076923076923,0.5,0.49066733931434897,0.36712276491931223,0.3670666745015419,5.609041777032697e-05
MAP_0188,0.1923076923076923,0.54,0.529920726459497,0.33250399024876703,0.33246165642440895,4.23338243580873e-05
MAP_0189,0.1923076923076923,0.5800000000000001,0.5691741136046449,0.2990674460286563,0.29901943333961806,4.801268903825706e-05
MAP_0190,0.1923076923076923,0.62,0.6084275007497927,0.26671723677535475,0.2666763092064633,4.092756889145788e-05
MAP_0191,0.1923076923076923,0.66,0.6476808878949407,0.2353671301219418,0.23532379844701415,4.333167492764911e-05
MAP_0192,0.1923076923076923,0.7000000000000001,0.6869342750400886,0.20493937858780303,0.20491775918255598,2.1619405247058632e-05
MAP_0193,0.1923076923076923,0.74,0.7261876621852364,0.17536371132538955,0.17532687136464634,3.6839960743217937e-05
MAP_0194,0.1923076923076923,0.78,0.7654410493303844,0.14657646734096114,0.14654679707085383,2.967027010730705e-05
MAP_0195,0.1923076923076923,0.8200000000000001,0.8046944364755324,0.11851984711527523,0.11850736372651975,1.248338875547983e-05
MAP_0196,0.1923076923076923,0.86,0.8439478236206802,0.09114125980545189,0.09111145382397821,2.980598147367397e-05
MAP_0197,0.1923076923076923,0.9,0.8832012107658281,0.06439226371875566,0.06438887013637105,3.3935823846031887e-06
MAP_0198,0.1923076923076923,0.9400000000000001,0.9224545979109762,0.038222409288338456,0.038230531825371505,8.12253703304927e-06
MAP_0199,0.1923076923076923,0.98,0.961707985056124,0.011309872067756997,0.01260786763046365,0.0012979955627066535
MAP_0200,0.2169230769230769,0.02,0.019523774007073783,0.9235081564222061,0.9233234038084284,0.00018475261377770558
MAP_0201,0.2169230769230769,0.06,0.05857132202122135,0.861516402996186,0.8612981017358727,0.00021830126031330277
MAP_0202,0.2169230769230769,0.1,0.09761887003536893,0.8034666171002688,0.8032230650292984,0.00024355207097037646
MAP_0203,0.2169230769230769,0.13999999999999999,0.13666641804951649,0.7486989680123828,0.7486400697795578,5.889823282501094e-05
MAP_0204,0.2169230769230769,0.18,0.17571396606366405,0.6972199287322145,0.6971660560558033,5.387267641121518e-05
MAP_0205,0.2169230769230769,0.22,0.21476151407781163,0.648504970277694,0.6484392469743346,6.572330335941068e-05
MAP_0206,0.2169230769230769,0.26,0.2538090620919592,0.6022681099249578,0.6022163353373439,5.177458761396192e-05
MAP_0207,0.2169230769230769,0.30000000000000004,0.2928566101061068,0.5582615933870227,0.5581924794247984,6.911396222430977e-05
MAP_0208,0.2169230769230769,0.34,0.33190415812025437,0.5162694878372994,0.5161879287976152,8.155903968420919e-05
MAP_0209,0.2169230769230769,0.38,0.3709517061344019,0.47610257710190573,0.47605031947940174,5.2257622503992796e-05
MAP_0210,0.2169230769230769,0.42000000000000004,0.4099992541485495,0.43759424875554587,0.4375265343715871,6.771438395875018e-05
MAP_0211,0.2169230769230769,0.46,0.44904680216269705,0.4005971469187607,0.40053127270930117,6.58742094595266e-05
MAP_0212,0.2169230769230769,0.5,0.4880943501768446,0.3649804233448474,0.3649242222335087,5.62011113387495e-05
MAP_0213,0.2169230769230769,0.54,0.5271418981909922,0.3306274611691586,0.33056250903713563,6.495213202295513e-05
MAP_0214,0.2169230769230769,0.5800000000000001,0.5661894462051398,0.29743397586863224,0.2973909186175985,4.3057251033762345e-05
MAP_0215,0.2169230769230769,0.62,0.6052369942192873,0.26530642004486715,0.2652551386318145,5.128141305266176e-05
MAP_0216,0.2169230769230769,0.66,0.6442845422334349,0.23416063500936823,0.23410009709237198,6.05379169962561e-05
MAP_0217,0.2169230769230769,0.7000000000000001,0.6833320902475825,0.20392070442121873,0.20389039768236664,3.0306738852098336e-05
MAP_0218,0.2169230769230769,0.74,0.72237963826173,0.17451797453506476,0.1744643654482342,5.3609086830552766e-05
MAP_0219,0.2169230769230769,0.78,0.7614271862758776,0.14589021275010097,0.14587276671554206,1.744603455891558e-05
MAP_0220,0.2169230769230769,0.8200000000000001,0.8004747342900252,0.11798088163412197,0.11795978760144367,2.1094032678303787e-05
MAP_0221,0.2169230769230769,0.86,0.8395222823041727,0.09073850558251612,0.09072101772487043,1.7487857645687166e-05
MAP_0222,0.2169230769230769,0.9,0.8785698303183203,0.0641156049138122,0.06410575611436718,9.848799445016931e-06
MAP_0223,0.2169230769230769,0.9400000000000001,0.9176173783324679,0.03806254277205441,0.03804785307767517,1.4689694379239893e-05
MAP_0224,0.2169230769230769,0.98,0.9566649263466154,0.011242690155773836,0.012553475572236461,0.0013107854164626249
MAP_0225,0.24153846153846154,0.02,0.019407824933233845,0.9142295508143949,0.9140302248732045,0.00019932594119043134
MAP_0226,0.24153846153846154,0.06,0.05822347479970153,0.8531684367768582,0.8529480880654025,0.000220348711455709
MAP_0227,0.24153846153846154,0.1,0.09703912466616922,0.795962742175946,0.7957010993964455,0.00026164277950047055
MAP_0228,0.24153846153846154,0.13999999999999999,0.1358547745326369,0.7419602162340411,0.7418813527688418,7.886346519925258e-05
MAP_0229,0.24153846153846154,0.18,0.17467042439910457,0.6911733164776195,0.6911006910884385,7.262538918095807e-05
MAP_0230,0.24153846153846154,0.22,0.21348607426557228,0.6430848903148187,0.6430332588989301,5.1631415888597765e-05
MAP_0231,0.24153846153846154,0.26,0.25230172413204,0.5974154886660742,0.5973373920160279,7.809665004632205e-05
MAP_0232,0.24153846153846154,0.30000000000000004,0.2911173739985077,0.5539233891476864,0.5538662727723851,5.711637530125824e-05
MAP_0233,0.24153846153846154,0.34,0.32993302386497536,0.512398155394763,0.5123303996986093,6.775569615369292e-05
MAP_0234,0.24153846153846154,0.38,0.36874867373144304,0.4726555352993076,0.47258942612619803,6.61091731095631e-05
MAP_0235,0.24153846153846154,0.42000000000000004,0.4075643235979108,0.43453337189667574,0.4344636173042626,6.975459241315152e-05
MAP_0236,0.24153846153846154,0.46,0.4463799734643784,0.3978882908311523,0.39783923290548434,4.90579256679502e-05
MAP_0237,0.24153846153846154,0.5,0.4851956233308461,0.36259299092464087,0.36254134329628995,5.1647628350914854e-05
MAP_0238,0.24153846153846154,0.54,0.5240112731973138,0.3285340085607596,0.3284797630390216,5.424552173799446e-05
MAP_0239,0.24153846153846154,0.5800000000000001,0.5628269230637816,0.2956098582596792,0.2955510368848804,5.8821374798845305e-05
MAP_0240,0.24153846153846154,0.62,0.6016425729302491,0.2637294748557778,0.2636941171565798,3.535769919799092e-05
MAP_0241,0.24153846153846154,0.66,0.6404582227967168,0.23281089963700263,0.232769199141624,4.170049537863263e-05
MAP_0242,0.24153846153846154,0.7000000000000001,0.6792738726631846,0.2027801654595369,0.2027259682869416,5.419717259530499e-05
MAP_0243,0.24153846153846154,0.74,0.7180895225296522,0.17357034538059865,0.17352554967151326,4.479570908538788e-05
MAP_0244,0.24153846153846154,0.78,0.75690517239612,0.14512073661823008,0.14509056856097877,3.0168057251311886e-05
MAP_0245,0.24153846153846154,0.8200000000000001,0.7957208222625877,0.11737615720361415,0.11733734917436535,3.8808029248799114e-05
MAP_0246,0.24153846153846154,0.86,0.8345364721290552,0.09028633235542137,0.09025824461162281,2.8087743798560494e-05
MAP_0247,0.24153846153846154,0.9,0.873352121995523,0.06380481831195169,0.06380279085023022,2.027461721468282e-06
MAP_0248,0.24153846153846154,0.9400000000000001,0.9121677718619907,0.03788285207803618,0.03786816469526931,1.4687382766873092e-05
MAP_0249,0.24153846153846154,0.98,0.9509834217284583,0.01116686941077706,0.012498442111020998,0.0013315727002439388
MAP_0250,0.2661538461538462,0.02,0.019278611258879773,0.9042341164115526,0.9040305318253716,0.00020358458618097153
MAP_0251,0.2661538461538462,0.06,0.05783583377663931,0.8441539835075936,0.843935001489423,0.00021898201817061036
MAP_0252,0.2661538461538462,0.1,0.09639305629439887,0.7878411133885116,0.7875988209321421,0.00024229245636953056
MAP_0253,0.2661538461538462,0.13999999999999999,0.1349502788121584,0.7346505909258614,0.7345964462045064,5.414472135500947e-05
MAP_0254,0.2661538461538462,0.18,0.17350750132991793,0.6846007773183301,0.6845176795970557,8.309772127446102e-05
MAP_0255,0.2661538461538462,0.22,0.2120647238476775,0.6371817514288516,0.6371237485682529,5.800286059864934e-05
MAP_0256,0.2661538461538462,0.26,0.25062194636543705,0.592120550262012,0.5920415180439076,7.903221810445782e-05
MAP_0257,0.2661538461538462,0.30000000000000004,0.2891791688831966,0.5491814758869141,0.5491190057731159,6.247011379822975e-05
MAP_0258,0.2661538461538462,0.34,0.3277363914009562,0.508159612886727,0.5080776168582795,8.19960284474952e-05
MAP_0259,0.2661538461538462,0.38,0.3662936139187157,0.46887572223817714,0.46880453737846733,7.118485970980526e-05
MAP_0260,0.2661538461538462,0.42000000000000004,0.40485083643647524,0.43117216954784465,0.43109636367706544,7.580587077921086e-05
MAP_0261,0.2661538461538462,0.46,0.4434080589542348,0.394909641754201,0.39484396191895965,6.567983524136123e-05
MAP_0262,0.2661538461538462,0.5,0.4819652814719943,0.35996447272264476,0.35990727260766586,5.720011497889477e-05
MAP_0263,0.2661538461538462,0.54,0.5205225039897539,0.32622644467981204,0.3261864716349587,3.997304485336972e-05
MAP_0264,0.2661538461538462,0.5800000000000001,0.5590797265075135,0.29359696559528553,0.2935438523630608,5.3113232224732965e-05
MAP_0265,0.2661538461538462,0.62,0.597636949025273,0.26198754658905843,0.2619384044097877,4.9142179270711406e-05
MAP_0266,0.2661538461538462,0.66,0.6361941715430325,0.23131852100586062,0.2312640994881296,5.442151773102366e-05
MAP_0267,0.2661538461538462,0.7000000000000001,0.6747513940607921,0.20151795982826176,0.20147168764887857,4.627217938318884e-05
MAP_0268,0.2661538461538462,0.74,0.7133086165785516,0.1725207478689661,0.17249618421143978,2.4563657526316396e-05
MAP_0269,0.2661538461538462,0.78,0.7518658390963111,0.14426779259885014,0.14423262809818743,3.516450066270993e-05
MAP_0270,0.2661538461538462,0.8200000000000001,0.7904230616140707,0.11670534310150153,0.11668992724344068,1.541585806084933e-05
MAP_0271,0.2661538461538462,0.86,0.8289802841318302,0.08978439593136775,0.08975429465277056,3.0101278597191583e-05
MAP_0272,0.2661538461538462,0.9,0.8675375066495897,0.06345960380183428,0.06341532693401163,4.427686782265683e-05
MAP_0273,0.2661538461538462,0.9400000000000001,0.9060947291673493,0.03768312680257592,0.037692266886817864,9.140084241944513e-06
MAP_0274,0.2661538461538462,0.98,0.9446519516851088,0.011082204687183007,0.012431528818871216,0.0013493241316882097
MAP_0275,0.2907692307692308,0.02,0.019135864280850966,0.8935852242394972,0.8933877587370016,0.00019746550249555295
MAP_0276,0.2907692307692308,0.06,0.057407592842552896,0.8345266644519727,0.8342930310850819,0.00023363336689075087
MAP_0277,0.2907692307692308,0.1,0.09567932140425484,0.7791467302912648,0.7788879760570736,0.00025875423419119414
MAP_0278,0.2907692307692308,0.13999999999999999,0.13395104996595675,0.7268075279955277,0.7267583147731521,4.921322237561032e-05
MAP_0279,0.2907692307692308,0.18,0.1722227785276587,0.6775332145582011,0.6774536658579873,7.954870021387173e-05
MAP_0280,0.2907692307692308,0.22,0.21049450708936063,0.6308208434835152,0.6307726743274255,4.816915608973904e-05
MAP_0281,0.2907692307692308,0.26,0.2487662356510626,0.5864037963905121,0.5863303567720096,7.343961850247993e-05
MAP_0282,0.2907692307692308,0.30000000000000004,0.28703796421276456,0.5440522994035677,0.5439782358764368,7.406352713090758e-05
MAP_0283,0.2907692307692308,0.34,0.3253096927744665,0.5035668940996261,0.5035082500760745,5.86440235516017e-05
MAP_0284,0.2907692307692308,0.38,0.3635814213361684,0.46477332160156837,0.4646930388918259,8.028270974247409e-05
MAP_0285,0.2907692307692308,0.42000000000000004,0.40185314989787035,0.42751846266602767,0.42745640720383044,6.205546219723024e-05
MAP_0286,0.2907692307692308,0.46,0.44012487845957227,0.3916670784654448,0.39159789217145274,6.918629399205178e-05
MAP_0287,0.2907692307692308,0.5,0.4783966070212742,0.357099166594354,0.357024225442637,7.494115171696736e-05
MAP_0288,0.2907692307692308,0.54,0.5166683355829762,0.3237077955662067,0.32364490964075615,6.288592545056204e-05
MAP_0289,0.2907692307692308,0.5800000000000001,0.5549400641446781,0.291397315636198,0.29135548693868824,4.1828697509738166e-05
MAP_0290,0.2907692307692308,0.62,0.59321179270638,0.26008186866265726,0.2600256060755474,5.626258710983434e-05
MAP_0291,0.2907692307692308,0.66,0.6314835212680819,0.2296841378658387,0.22964219947254724,4.193839329144633e-05
MAP_0292,0.2907692307692308,0.7000000000000001,0.669755249829784,0.20013429174610373,0.2000992178034883,3.5073942615426734e-05
MAP_0293,0.2907692307692308,0.74,0.7080269783914858,0.1713690864355058,0.17133541634841848,3.3670087087323e-05
MAP_0294,0.2907692307692308,0.78,0.7462987069531878,0.1433310983187543,0.14328515080633333,4.5947512420957404e-05
MAP_0295,0.2907692307692308,0.8200000000000001,0.7845704355148897,0.11596806448258022,0.11595331146414169,1.4753018438534715e-05
MAP_0296,0.2907692307692308,0.86,0.8228421640765916,0.08923230738175907,0.08919824170943384,3.406567232522306e-05
MAP_0297,0.2907692307692308,0.9,0.8611138926382935,0.06307962241498306,0.06307003065233392,9.591762649141522e-06
MAP_0298,0.2907692307692308,0.9400000000000001,0.8993856211999955,0.03746312904758418,0.0374475162613151,1.5612786269075807e-05
MAP_0299,0.2907692307692308,0.98,0.9376573497616973,0.010988459635738596,0.012391155894575482,0.001402696258836886
MAP_0300,0.3153846153846154,0.02,0.018979278641494235,0.8823445684972763,0.882147937891715,0.00019663060556129874
MAP_0301,0.3153846153846154,0.06,0.056937835924482705,0.8243392461185735,0.8241082265562406,0.00023101956233284593
MAP_0302,0.3153846153846154,0.1,0.09489639320747117,0.7699243197863697,0.7696895833312327,0.0002347364551369413
MAP_0303,0.3153846153846154,0.13999999999999999,0.13285495049045964,0.7184685833213672,0.7184174107891597,5.117253220754403e-05
MAP_0304,0.3153846153846154,0.18,0.17081350777344811,0.6700018991812794,0.669916278151378,8.562102990139486e-05
MAP_0305,0.3153846153846154,0.22,0.20877206505643658,0.6240279630712231,0.6239440712717337,8.389179948942171e-05
MAP_0306,0.3153846153846154,0.26,0.24673062233942505,0.5802862953919644,0.5802328350443776,5.346034758679785e-05
MAP_0307,0.3153846153846154,0.30000000000000004,0.2846891796224136,0.53855287647963,0.5384971226219456,5.575385768441521e-05
MAP_0308,0.3153846153846154,0.34,0.322647736905402,0.49863357085862897,0.49857014633151164,6.342452711732838e-05
MAP_0309,0.3153846153846154,0.38,0.36060629418839046,0.4603589989621241,0.4602798370821766,7.916187994749802e-05
MAP_0310,0.3153846153846154,0.42000000000000004,0.398564851471379,0.42358048530489195,0.42351865884153933,6.18264633526211e-05
MAP_0311,0.3153846153846154,0.46,0.4365234087543674,0.3881668191510521,0.3881197269021802,4.7092248871893894e-05
MAP_0312,0.3153846153846154,0.5,0.4744819660373559,0.3540016367555259,0.35393681073423156,6.482602129431747e-05
MAP_0313,0.3153846153846154,0.54,0.5124405233203444,0.32098128501687667,0.32091433758142546,6.694743545121451e-05
MAP_0314,0.3153846153846154,0.5800000000000001,0.5503990806033329,0.2890130622302956,0.28897625779150055,3.680443879505724e-05
MAP_0315,0.3153846153846154,0.62,0.5883576378863212,0.2580137573366584,0.2579711921797584,4.256515689998741e-05
MAP_0316,0.3153846153846154,0.66,0.6263161951693098,0.22790842774354303,0.22787140774243472,3.702000110830661e-05
MAP_0317,0.3153846153846154,0.7000000000000001,0.6642747524522983,0.19862936954662,0.19860091276354067,2.8456783079333636e-05
MAP_0318,0.3153846153846154,0.74,0.7022333097352866,0.1701152442184776,0.17007498704856125,4.025716991634676e-05
MAP_0319,0.3153846153846154,0.78,0.7401918670182752,0.14231033353672748,0.1422893520917259,2.0981445001566623e-05
MAP_0320,0.3153846153846154,0.8200000000000001,0.7781504243012637,0.11516390033043097,0.11513105622480259,3.2844105628385134e-05
MAP_0321,0.3153846153846154,0.86,0.816108981584252,0.08862963089538654,0.08860049461084914,2.9136284537406576e-05
MAP_0322,0.3153846153846154,0.9,0.8540675388672406,0.06266449429955946,0.06264245366908598,2.2040630473479927e-05
MAP_0323,0.3153846153846154,0.9400000000000001,0.8920260961502291,0.037222591811720225,0.037228311558837816,5.719747117591267e-06
MAP_0324,0.3153846153846154,0.98,0.9299846534332175,0.010885363258341543,0.012305638438824039,0.0014202751804824956
MAP_0325,0.34,0.02,0.018808508712813997,0.8705713164189643,0.8703567018896291,0.00021461452933524416
MAP_0326,0.34,0.06,0.056425526138441984,0.8136429172226922,0.8134115604291491,0.00023135679354313599
MAP_0327,0.34,0.1,0.09404254356406999,0.7602177370076186,0.759984512558985,0.00023322444863360658
MAP_0328,0.34,0.13999999999999999,0.13165956098969797,0.7096709479720993,0.7096164888371902,5.44591349090906e-05
MAP_0329,0.34,0.18,0.16927657841532595,0.6620380862984271,0.6619666025513532,7.148374707388605e-05
MAP_0330,0.34,0.22,0.20689359584095396,0.6168291168085315,0.6167602981475647,6.881866096675182e-05
MAP_0331,0.34,0.26,0.24451061326658197,0.5737894580317593,0.5737302228376082,5.923519415107492e-05
MAP_0332,0.34,0.30000000000000004,0.28212763069221,0.532700629584191,0.5326280508242054,7.257875998556429e-05
MAP_0333,0.34,0.34,0.319744648117838,0.4933736345029867,0.49330501169207225,6.862281091446487e-05
MAP_0334,0.34,0.38,0.35736166554346593,0.4556438194487243,0.45558594980487804,5.786964384624227e-05
MAP_0335,0.34,0.42000000000000004,0.39497868296909394,0.4193668295370162,0.4193087725954973,5.80569415188914e-05
MAP_0336,0.34,0.46,0.43259570039472195,0.3844153862361844,0.38435266157581466,6.272466036971736e-05
MAP_0337,0.34,0.5,0.4702127178203499,0.3506766926258541,0.3506301460076492,4.654661820491235e-05
MAP_0338,0.34,0.54,0.507829735245978,0.3180503228408425,0.31798829881942037,6.20240214221357e-05
MAP_0339,0.34,0.5800000000000001,0.5454467526716059,0.28644648948818274,0.2864063256939761,4.016379420662686e-05
MAP_0340,0.34,0.62,0.5830637700972339,0.2557846092535424,0.2557491148476506,3.549440589178943e-05
MAP_0341,0.34,0.66,0.6206807875228619,0.22599210606294912,0.2259391744512211,5.2931611728007644e-05
MAP_0342,0.34,0.7000000000000001,0.6582978049484899,0.19700340521525583,0.19698024754785806,2.315766739777181e-05
MAP_0343,0.34,0.74,0.6959148223741178,0.16875908234116827,0.1687228457724386,3.6236568729669516e-05
MAP_0344,0.34,0.78,0.7335318397997459,0.14120513887966366,0.1411563162954941,4.882258416954999e-05
MAP_0345,0.34,0.8200000000000001,0.7711488572253739,0.11429238164387995,0.11428300434611417,9.377297765775228e-06
MAP_0346,0.34,0.86,0.8087658746510018,0.08797588162148158,0.08796504336367529,1.0838257806289331e-05
MAP_0347,0.34,0.9,0.8463828920766299,0.06221379653951332,0.062207518781041214,6.277758472103545e-06
MAP_0348,0.34,0.9400000000000001,0.8839999095022578,0.036961217182818175,0.03694994630800654,1.127087481163358e-05
MAP_0349,0.34,0.98,0.9216169269278858,0.010772605753233104,0.012208168845348541,0.0014355630921154376
MAP_0350,0.3646153846153846,0.02,0.018623164299353373,0.8583214695867689,0.8581126538408175,0.0002088157459514406
MAP_0351,0.3646153846153846,0.06,0.05586949289806012,0.802486724956864,0.8022716991738581,0.00021502578300591768
MAP_0352,0.3646153846153846,0.1,0.09311582149676688,0.7500694847637841,0.7498222345150996,0.0002472502486845496
MAP_0353,0.3646153846153846,0.13999999999999999,0.1303621500954736,0.7004510507353143,0.7003765214748161,7.452926049822395e-05
MAP_0354,0.3646153846153846,0.18,0.16760847869418036,0.6536726955988975,0.6536015619105625,7.113368833500111e-05
MAP_0355,0.3646153846153846,0.22,0.2048548072928871,0.609250271547005,0.6091842651377212,6.600640928378088e-05
MAP_0356,0.3646153846153846,0.26,0.24210113589159388,0.5669348478514927,0.5668684970653315,6.635078616124002e-05
MAP_0357,0.3646153846153846,0.30000000000000004,0.2793474644903007,0.5265132473893419,0.5264491019431826,6.414544615929163e-05
MAP_0358,0.3646153846153846,0.34,0.31659379308900737,0.4878013969648233,0.48773840428991727,6.299267490600391e-05
MAP_0359,0.3646153846153846,0.38,0.3538401216877141,0.4506391806153837,0.45058236643960764,5.68141757760765e-05
MAP_0360,0.3646153846153846,0.42000000000000004,0.3910864502864209,0.41488640241612684,0.4148126054870192,7.379692910763902e-05
MAP_0361,0.3646153846153846,0.46,0.4283327788851276,0.38041958091550016,0.3803701524755778,4.942843992233881e-05
MAP_0362,0.3646153846153846,0.5,0.46557910748383435,0.3471293755737194,0.3470840831691909,4.5292404528496366e-05
MAP_0363,0.3646153846153846,0.54,0.5028254360825412,0.31491849956295825,0.314868554687236,4.9944875722240933e-05
MAP_0364,0.3646153846153846,0.5800000000000001,0.540071764681248,0.283700011178808,0.2836467065515971,5.330462721087059e-05
MAP_0365,0.3646153846153846,0.62,0.5773180932799546,0.25339590312640686,0.2533422740175601,5.362910884676442e-05
MAP_0366,0.3646153846153846,0.66,0.6145644218786613,0.22393592846174892,0.22390117238098955,3.475608075936831e-05
MAP_0367,0.3646153846153846,0.7000000000000001,0.6518107504773681,0.19525661627678045,0.1952175109477125,3.9105329067951056e-05
MAP_0368,0.3646153846153846,0.74,0.6890570790760748,0.16730044080468068,0.1672539032297871,4.653757489359034e-05
MAP_0369,0.3646153846153846,0.78,0.7263034076747816,0.1400151155655335,0.13998386459935214,3.125096618136758e-05
MAP_0370,0.3646153846153846,0.8200000000000001,0.7635497362734884,0.11335299011043486,0.11331323584879786,3.9754261636992805e-05
MAP_0371,0.3646153846153846,0.86,0.8007960648721951,0.08727052363321233,0.08725827718577717,1.2246447435165786e-05
MAP_0372,0.3646153846153846,0.9,0.8380423934709018,0.06172706086077419,0.061720735036137654,6.325824636534139e-06
MAP_0373,0.3646153846153846,0.9400000000000001,0.8752887220696086,0.03667867431997029,0.03667401567645162,4.658643518666572e-06
MAP_0374,0.3646153846153846,0.98,0.9125350506683153,0.010649833519495682,0.012110736639659106,0.0014609031201634239
MAP_0375,0.38923076923076927,0.02,0.018422805522330454,0.8456474188837696,0.8454255811161507,0.00022183776761885987
MAP_0376,0.38923076923076927,0.06,0.05526841656699136,0.7909171627299647,0.7906890987303485,0.0002280639996161682
MAP_0377,0.38923076923076927,0.1,0.09211402761165227,0.7395203501578277,0.7392530087207698,0.0002673414370578664
MAP_0378,0.38923076923076927,0.13999999999999999,0.12895963865631316,0.6908442504567117,0.6907820662415256,6.218421518611184e-05
MAP_0379,0.38923076923076927,0.18,0.16580524970097407,0.6449360604486299,0.6448728444751145,6.321597351544028e-05
MAP_0380,0.38923076923076927,0.22,0.202650860745635,0.6013171571324923,0.601235259129362,8.189800313029849e-05
MAP_0381,0.38923076923076927,0.26,0.23949647179029587,0.5597440320222211,0.5596719378084363,7.20942137848457e-05
MAP_0382,0.38923076923076927,0.30000000000000004,0.2763420828349568,0.5200085768628163,0.519946204147071,6.237271574527359e-05
MAP_0383,0.38923076923076927,0.34,0.3131876938796177,0.48193141683475293,0.4818666735712077,6.474326354521942e-05
MAP_0384,0.38923076923076927,0.38,0.3500333049242786,0.44535676540224484,0.4453161350424716,4.063035977325269e-05
MAP_0385,0.38923076923076927,0.42000000000000004,0.38687891596893953,0.4101483993307211,0.41008505496289926,6.334436782184927e-05
MAP_0386,0.38923076923076927,0.46,0.4237245270136004,0.3761864711993195,0.3761410704602587,4.54007390608413e-05
MAP_0387,0.38923076923076927,0.5,0.4605701380582613,0.34336495685362867,0.34331964239297147,4.5314460657197575e-05
MAP_0388,0.38923076923076927,0.54,0.49741574910292224,0.3115895903681117,0.31155037038857947,3.9219979532212346e-05
MAP_0389,0.38923076923076927,0.5800000000000001,0.5342613601475832,0.2807761776772872,0.28073438091064873,4.179676663845777e-05
MAP_0390,0.38923076923076927,0.62,0.571106971192244,0.2508492074796245,0.25080896025677474,4.0247222849787434e-05
MAP_0391,0.38923076923076927,0.66,0.607952582236905,0.22174069781559175,0.22169564508113235,4.5052734459399835e-05
MAP_0392,0.38923076923076927,0.7000000000000001,0.6447981932815658,0.1933892311938566,0.19335372136965992,3.550982419667226e-05
MAP_0393,0.38923076923076927,0.74,0.6816438043262267,0.16573914184591693,0.16568514934049938,5.399250541754386e-05
MAP_0394,0.38923076923076927,0.78,0.7184894153708876,0.13873982670030427,0.13870638166336782,3.344503693644696e-05
MAP_0395,0.38923076923076927,0.8200000000000001,0.7553350264155486,0.11234515763480228,0.11231103404286419,3.412359193809278e-05
MAP_0396,0.38923076923076927,0.86,0.7921806374602094,0.08651296821059112,0.08651176523909458,1.2029714965416938e-06
MAP_0397,0.38923076923076927,0.9,0.8290262485048704,0.06120377130019247,0.061174195832760264,2.9575467432207958e-05
MAP_0398,0.38923076923076927,0.9400000000000001,0.8658718595495313,0.036374597230421246,0.03637137667162047,3.220558800774709e-06
MAP_0399,0.38923076923076927,0.98,0.9027174705941922,0.010516643033018783,0.012014247761512352,0.0014976047284935689
MAP_0400,0.41384615384615386,0.02,0.01820693671046006,0.8325976692285286,0.8323814740737014,0.0002161951548271812
MAP_0401,0.41384615384615386,0.06,0.054620810131380176,0.7789778962069016,0.7787473826814737,0.00023051352542791115
MAP_0402,0.41384615384615386,0.1,0.09103468355230031,0.7286091527330466,0.728341419689605,0.0002677330434416314
MAP_0403,0.41384615384615386,0.13999999999999999,0.1274485569732204,0.6808846175844133,0.6808214655573859,6.31520270274466e-05
MAP_0404,0.41384615384615386,0.18,0.16386243039414053,0.6358577482304748,0.6357905506625843,6.719756789053122e-05
MAP_0405,0.41384615384615386,0.22,0.20027630381506065,0.5930551262094312,0.5929786076442931,7.651856513812838e-05
MAP_0406,0.41384615384615386,0.26,0.2366901772359808,0.5522384781906284,0.5521934299932199,4.504819740858146e-05
MAP_0407,0.41384615384615386,0.30000000000000004,0.27310405065690097,0.5132045528277789,0.5131355728069442,6.898002083466359e-05
MAP_0408,0.41384615384615386,0.34,0.309517924077821,0.4757784563117393,0.4757068045656763,7.165174606299507e-05
MAP_0409,0.41384615384615386,0.38,0.34593179749874114,0.43980852084201866,0.43975335090070733,5.516994131132824e-05
MAP_0410,0.41384615384615386,0.42000000000000004,0.3823456709196613,0.40516229900939593,0.40510370513234617,5.859387704976182e-05
MAP_0411,0.41384615384615386,0.46,0.4187595443405814,0.37172339824730827,0.3716558725102103,6.752573709795096e-05
MAP_0412,0.41384615384615386,0.5,0.4551734177615015,0.3393889509773698,0.3393488542678593,4.0096709510495376e-05
MAP_0413,0.41384615384615386,0.54,0.49158729118242167,0.3080675719843759,0.30801668706535795,5.088491901794612e-05
MAP_0414,0.41384615384615386,0.5800000000000001,0.5280011646033418,0.2776776936072082,0.2776215021751826,5.61914320255652e-05
MAP_0415,0.41384615384615386,0.62,0.5644150380242619,0.24814619705027358,0.2481120199492715,3.417710100206417e-05
MAP_0416,0.41384615384615386,0.66,0.600828911445182,0.21940727807614216,0.21935837897620605,4.889909993610608e-05
MAP_0417,0.41384615384615386,0.7000000000000001,0.6372427848661022,0.1914014999139787,0.1913689295628183,3.257035116038809e-05
MAP_0418,0.41384615384615386,0.74,0.6736566582870223,0.16407499697308073,0.1640360921811865,3.8904791894223134e-05
MAP_0419,0.41384615384615386,0.78,0.7100705317079423,0.13737880099745045,0.13736002924248772,1.877175496273198e-05
MAP_0420,0.41384615384615386,0.8200000000000001,0.7464844051288625,0.11126826726456102,0.11124545720863584,2.2810055925179262e-05
MAP_0421,0.41384615384615386,0.86,0.7828982785497826,0.08570257274173482,0.08569748154934102,5.091192393794075e-06
MAP_0422,0.41384615384615386,0.9,0.8193121519707027,0.060643361959881535,0.06064718087686659,3.818916985053045e-06
MAP_0423,0.41384615384615386,0.9400000000000001,0.8557260253916229,0.03604858235026592,0.03604302911282437,5.553237441550951e-06
MAP_0424,0.41384615384615386,0.98,0.892139898812543,0.01037257348282151,0.01192260101416723,0.0015500275313457199
MAP_0425,0.43846153846153846,0.02,0.017974999074157873,0.8192167076818268,0.819021344339292,0.00019536334253478227
MAP_0426,0.43846153846153846,0.06,0.05392499722247361,0.7667096116189674,0.766464365439692,0.0002452461792754601
MAP_0427,0.43846153846153846,0.1,0.08987499537078936,0.7173725959859579,0.7171195737994177,0.00025302218654021935
MAP_0428,0.43846153846153846,0.13999999999999999,0.1258249935191051,0.670604802424723,0.6705259333448846,7.886907983833957e-05
MAP_0429,0.43846153846153846,0.18,0.16177499166742085,0.6264664533597775,0.626408715578736,5.773778104145588e-05
MAP_0430,0.43846153846153846,0.22,0.19772498981573658,0.5844890751027746,0.5844143788854667,7.469621730793463e-05
MAP_0431,0.43846153846153846,0.26,0.23367498796405234,0.5444395029665312,0.5443642809203709,7.522204616028372e-05
MAP_0432,0.43846153846153846,0.30000000000000004,0.2696249861123681,0.5061191715222333,0.5060491182248847,7.005329734854904e-05
MAP_0433,0.43846153846153846,0.34,0.30557498426068386,0.46935747593430316,0.469286449665346,7.102626895716391e-05
MAP_0434,0.43846153846153846,0.38,0.34152498240899953,0.4340066694076416,0.4339591552210118,4.7514186629793453e-05
MAP_0435,0.43846153846153846,0.42000000000000004,0.3774749805573153,0.3999378868085595,0.3998861810790905,5.170572946899821e-05
MAP_0436,0.43846153846153846,0.46,0.41342497870563105,0.36703800718288193,0.36697993943006063,5.806775282130028e-05
MAP_0437,0.43846153846153846,0.5,0.4493749768539468,0.3352071501517066,0.3351602878999487,4.6862251757928686e-05
MAP_0438,0.43846153846153846,0.54,0.48532497500226257,0.3043566574952599,0.30429506725026073,6.159024499918786e-05
MAP_0439,0.43846153846153846,0.5800000000000001,0.5212749731505784,0.27440745050314413,0.2743460362440406,6.14142591035538e-05
MAP_0440,0.43846153846153846,0.62,0.557224971298894,0.24528868149130872,0.24524221434100343,4.646715030529047e-05
MAP_0441,0.43846153846153846,0.66,0.5931749694472098,0.21693661789182767,0.21689157820716248,4.503968466518238e-05
MAP_0442,0.43846153846153846,0.7000000000000001,0.6291249675955256,0.18929371190129968,0.18926997807168308,2.3733829616595647e-05
MAP_0443,0.43846153846153846,0.74,0.6650749657438413,0.162307819434467,0.16226398069301406,4.3838741452945085e-05
MAP_0444,0.43846153846153846,0.78,0.701024963892157,0.13593154015753106,0.13591619832661953,1.534183091153607e-05
MAP_0445,0.43846153846153846,0.8200000000000001,0.7369749620404727,0.11012165631364979,0.11010085571141717,2.0800602232612375e-05
MAP_0446,0.43846153846153846,0.86,0.7729249601887884,0.08483864069493742,0.08481765154258403,2.0989152353392826e-05
MAP_0447,0.43846153846153846,0.9,0.8088749583371042,0.06004521503979368,0.06001643687853354,2.8778161260144264e-05
MAP_0448,0.43846153846153846,0.9400000000000001,0.84482495648542,0.035700185960781554,0.03568607782109228,1.4108139689272825e-05
MAP_0449,0.43846153846153846,0.98,0.8807749546337357,0.010217097677878203,0.01178497583771874,0.0015678781598405366
MAP_0450,0.4630769230769231,0.02,0.017726361875056138,0.8055449885343398,0.8053450164708323,0.00019997206350741425
MAP_0451,0.4630769230769231,0.06,0.05317908562516841,0.754149969507882,0.7539169450669947,0.00023302444088735275
MAP_0452,0.4630769230769231,0.1,0.0886318093752807,0.7058452131604451,0.7055718339960089,0.0002733791644362604
MAP_0453,0.4630769230769231,0.13999999999999999,0.12408453312539296,0.660035986964209,0.6599737798790252,6.220708518378526e-05
MAP_0454,0.4630769230769231,0.18,0.15953725687550524,0.6167899642352365,0.6167225723593482,6.739187588822304e-05
MAP_0455,0.4630769230769231,0.22,0.1949899806256175,0.5756434301813401,0.5755887354817035,5.469469963659268e-05
MAP_0456,0.4630769230769231,0.26,0.2304427043757298,0.5363682785861825,0.5363086773446336,5.960124154891222e-05
MAP_0457,0.4630769230769231,0.30000000000000004,0.2658954281258421,0.4987705160313863,0.4986852717924457,8.524423894057387e-05
MAP_0458,0.4630769230769231,0.34,0.3013481518759544,0.4626836756829551,0.46260921878638533,7.44568965697634e-05
MAP_0459,0.4630769230769231,0.38,0.33680087562606664,0.42796376182482937,0.42790822292190384,5.553890292553376e-05
MAP_0460,0.4630769230769231,0.42000000000000004,0.3722535993761789,0.394485314975515,0.3944113987050254,7.391627048958238e-05
MAP_0461,0.4630769230769231,0.46,0.4077063231262912,0.36213831066876156,0.36206857822553545,6.97324432261115e-05
MAP_0462,0.4630769230769231,0.5,0.44315904687640345,0.3308256874474738,0.3307666820739508,5.900537352299118e-05
MAP_0463,0.4630769230769231,0.54,0.4786117706265158,0.3004613559925801,0.30041313751853016,4.821847404995472e-05
MAP_0464,0.4630769230769231,0.5800000000000001,0.514064494376628,0.2709685805444646,0.2709039156173194,6.466492714518601e-05
MAP_0465,0.4630769230769231,0.62,0.5495172181267403,0.24227865153259232,0.24224391913850776,3.473239408455231e-05
MAP_0466,0.4630769230769231,0.66,0.5849699418768526,0.21432978826306598,0.2142756863519371,5.410191112886764e-05
MAP_0467,0.4630769230769231,0.7000000000000001,0.6204226656269649,0.18706622502506504,0.18701070394811437,5.552107695067088e-05
MAP_0468,0.4630769230769231,0.74,0.6558753893770771,0.16043744467443868,0.16040348037402258,3.39643004161061e-05
MAP_0469,0.4630769230769231,0.78,0.6913281131271894,0.13439753172984997,0.1343534252587946,4.410647105537735e-05
MAP_0470,0.4630769230769231,0.8200000000000001,0.7267808368773017,0.10890462287744081,0.10889587081581266,8.75206162814779e-06
MAP_0471,0.4630769230769231,0.86,0.7622335606274139,0.08392042334808487,0.08391527594062989,5.1474074549834326e-06
MAP_0472,0.4630769230769231,0.9,0.7976862843775262,0.059408659454672864,0.05940326433777073,5.395116902132124e-06
MAP_0473,0.4630769230769231,0.9400000000000001,0.8331390081276385,0.03532892149979097,0.03533941064135004,1.0489141559065496e-05
MAP_0474,0.4630769230769231,0.98,0.8685917318777507,0.010049610811075579,0.011672228342075899,0.00162261753100032
MAP_0475,0.4876923076923077,0.02,0.017460311715633847,0.7916190109234811,0.7914041733947365,0.00021483752874462692
MAP_0476,0.4876923076923077,0.06,0.05238093514690154,0.741333647875252,0.7410949676187841,0.0002386802564678936
MAP_0477,0.4876923076923077,0.1,0.08730155857816924,0.6940593987095904,0.693817721609176,0.00024167710041445023
MAP_0478,0.4876923076923077,0.13999999999999999,0.12222218200943692,0.6492079176781798,0.6491386644454081,6.925323277162665e-05
MAP_0479,0.4876923076923077,0.18,0.1571428054407046,0.6068552062949721,0.6067743788187147,8.082747625748343e-05
MAP_0480,0.4876923076923077,0.22,0.1920634288719723,0.5665422054863685,0.5664824874807688,5.9718005599673774e-05
MAP_0481,0.4876923076923077,0.26,0.22698405230324,0.5280459061651498,0.5279888513650218,5.705480012796471e-05
MAP_0482,0.4876923076923077,0.30000000000000004,0.26190467573450776,0.49117684379588367,0.4910961361464328,8.070764945083964e-05
MAP_0483,0.4876923076923077,0.34,0.29682529916577544,0.45577259373856127,0.455719853738988,5.273999957328135e-05
MAP_0484,0.4876923076923077,0.38,0.3317459225970431,0.4216927831266866,0.4216201686321435,7.261449454309954e-05
MAP_0485,0.4876923076923077,0.42000000000000004,0.36666654602831084,0.388815211667972,0.3887558938658203,5.931780215168159e-05
MAP_0486,0.4876923076923077,0.46,0.4015871694595785,0.35703279663418414,0.3569898347382971,4.296189588703925e-05
MAP_0487,0.4876923076923077,0.5,0.4365077928908462,0.3262511393859742,0.32620057249387135,5.056689210286569e-05
MAP_0488,0.4876923076923077,0.54,0.4714284163221139,0.2963865668103737,0.29634018887453617,4.6377935837504936e-05
MAP_0489,0.4876923076923077,0.5800000000000001,0.5063490397533816,0.26736453999959486,0.2673145443659827,4.999563361218762e-05
MAP_0490,0.4876923076923077,0.62,0.5412696631846493,0.2391183500254723,0.2390576336619293,6.0716363542989704e-05
MAP_0491,0.4876923076923077,0.66,0.576190286615917,0.21158804040939486,0.21153958390625724,4.845650313761718e-05
MAP_0492,0.4876923076923077,0.7000000000000001,0.6111109100471848,0.18471951025092417,0.18467859102527734,4.091922564683492e-05
MAP_0493,0.4876923076923077,0.74,0.6460315334784523,0.15846376255379313,0.15841461540913068,4.914714466244807e-05
MAP_0494,0.4876923076923077,0.78,0.6809521569097201,0.1327762701706327,0.13275560154229987,2.0668628332831673e-05
MAP_0495,0.4876923076923077,0.8200000000000001,0.7158727803409878,0.10761643753566658,0.1075766870711584,3.97504645081731e-05
MAP_0496,0.4876923076923077,0.86,0.7507934037722555,0.08294712432306606,0.08293305690993057,1.4067413135490647e-05
MAP_0497,0.4876923076923077,0.9,0.7857140272035231,0.058732970517325137,0.058734243574302944,1.2730569778074408e-06
MAP_0498,0.4876923076923077,0.9400000000000001,0.8206346506347909,0.034934256885022726,0.034935185669030755,9.287840080293708e-07
MAP_0499,0.4876923076923077,0.98,0.8555552740660585,0.009869416505218637,0.011555759651949115,0.0016863431467304783
MAP_0500,0.5123076923076924,0.02,0.017176039455035805,0.7774714676334525,0.7772541255495372,0.0002173420839153284
MAP_0501,0.5123076923076924,0.06,0.051528118365107414,0.7282924607310249,0.7280595996206264,0.00023286111039855228
MAP_0502,0.5123076923076924,0.1,0.08588019727517904,0.6820455185104339,0.6818012305950044,0.00024428791542951966
MAP_0503,0.5123076923076924,0.13999999999999999,0.12023227618525062,0.638149018517044,0.6380721592970523,7.685921999167622e-05
MAP_0504,0.5123076923076924,0.18,0.15458435509532223,0.5966883654726945,0.5966221086632043,6.625680949023938e-05
MAP_0505,0.5123076923076924,0.22,0.18893643400539387,0.557209140037959,0.557131248096316,7.789194164298241e-05
MAP_0506,0.5123076923076924,0.26,0.22328851291546548,0.519493567134521,0.5194319939126933,6.15732218276488e-05
MAP_0507,0.5123076923076924,0.30000000000000004,0.2576405918255371,0.48335675010165136,0.48329505126839994,6.169883325141123e-05
MAP_0508,0.5123076923076924,0.34,0.2919926707356087,0.4486402783223198,0.44857760323261864,6.267508970114744e-05
MAP_0509,0.5123076923076924,0.38,0.32634474964568033,0.41520732818179534,0.41513726335538237,7.00648264129744e-05
MAP_0510,0.5123076923076924,0.42000000000000004,0.36069682855575197,0.38293885513576204,0.38287135655281135,6.749858295068689e-05
MAP_0511,0.5123076923076924,0.46,0.39504890746582355,0.35173059618682273,0.35168017100126064,5.0425185562086305e-05
MAP_0512,0.5123076923076924,0.5,0.42940098637589513,0.32149068314457047,0.32141521860712585,7.54645374446139e-05
MAP_0513,0.5123076923076924,0.54,0.46375306528596677,0.2921377223437433,0.29208422778116117,5.349456258213481e-05
MAP_0514,0.5123076923076924,0.5800000000000001,0.4981051441960384,0.2635992349035828,0.26354104512179877,5.8189781784012684e-05
MAP_0515,0.5123076923076924,0.62,0.53245722310611,0.23581037873639693,0.23578404099779537,2.6337738601556193e-05
MAP_0516,0.5123076923076924,0.66,0.5668093020161816,0.2087128929576826,0.20865569286244656,5.720009523604852e-05
MAP_0517,0.5123076923076924,0.7000000000000001,0.6011613809262533,0.18225421948031154,0.18222793936344714,2.6280116864396685e-05
MAP_0518,0.5123076923076924,0.74,0.6355134598363248,0.15638676698478404,0.15634562935194912,4.113763283492e-05
MAP_0519,0.5123076923076924,0.78,0.6698655387463964,0.13106729019319802,0.13105480015356166,1.2490039636353645e-05
MAP_0520,0.5123076923076924,0.8200000000000001,0.7042176176564681,0.10625636297796309,0.10622065124163792,3.5711736325175214e-05
MAP_0521,0.5123076923076924,0.86,0.7385696965665396,0.08191790854137858,0.08190851120770021,9.397333678370923e-06
MAP_0522,0.5123076923076924,0.9,0.7729217754766112,0.05801737144992853,0.058004136322730555,1.3235127197974705e-05
MAP_0523,0.5123076923076924,0.9400000000000001,0.8072738543866829,0.03451561204700637,0.034508403175516324,7.208871490048396e-06
MAP_0524,0.5123076923076924,0.98,0.8416259332967544,0.009675709228265312,0.011423798938243804,0.0017480897099784922
MAP_0525,0.536923076923077,0.02,0.01687262409309774,0.7631314476818019,0.7629205131131518,0.00021093456865006743
MAP_0526,0.536923076923077,0.06,0.050617872279293215,0.715055540981445,0.7148236213161719,0.0002319196652730282
MAP_0527,0.536923076923077,0.1,0.0843631204654887,0.6698320947397607,0.6695722337257008,0.00025986101405983675
MAP_0528,0.536923076923077,0.13999999999999999,0.11810836865168416,0.6268865863341487,0.626826834205165,5.9752128983681096e-05
MAP_0529,0.536923076923077,0.18,0.15185361683787965,0.5863150999330191,0.586256037857781,5.906207523809215e-05
MAP_0530,0.536923076923077,0.22,0.18559886502407513,0.5476679274797598,0.5475989676904426,6.895978931720226e-05
MAP_0531,0.536923076923077,0.26,0.2193441132102706,0.5107327694230526,0.5106531387970267,7.963062602589499e-05
MAP_0532,0.536923076923077,0.30000000000000004,0.2530893613964661,0.4753294271210272,0.4752539451972291,7.548192379813745e-05
MAP_0533,0.536923076923077,0.34,0.2868346095826616,0.44130355430108387,0.44122758408034457,7.597022073929649e-05
MAP_0534,0.536923076923077,0.38,0.32057985776885706,0.4085218696287002,0.40845457712553285,6.72925031673377e-05
MAP_0535,0.536923076923077,0.42000000000000004,0.35432510595505257,0.3768684364272759,0.3768078012675181,6.0635159757793655e-05
MAP_0536,0.536923076923077,0.46,0.388070354141248,0.3462417347480904,0.3461920401126169,4.9694635473496174e-05
MAP_0537,0.536923076923077,0.5,0.4218156023274435,0.31655233042876285,0.31651087608581446,4.1454342948388234e-05
MAP_0538,0.536923076923077,0.54,0.455560850513639,0.2877209999441012,0.2876626529771916,5.8346966909594844e-05
MAP_0539,0.536923076923077,0.5800000000000001,0.4893060986998345,0.25967720746111567,0.25963772555985015,3.948190126551454e-05
MAP_0540,0.536923076923077,0.62,0.5230513468860299,0.23235785706062717,0.2323210218944067,3.68351662204669e-05
MAP_0541,0.536923076923077,0.66,0.5567965950722255,0.2057062621145707,0.20565691792328877,4.9344191281913696e-05
MAP_0542,0.536923076923077,0.7000000000000001,0.590541843258421,0.17967128763370857,0.17963244332156186,3.884431214670747e-05
MAP_0543,0.536923076923077,0.74,0.6242870914446164,0.15420663157666115,0.1541817979719281,2.4833604733043302e-05
MAP_0544,0.536923076923077,0.78,0.6580323396308119,0.12927021868075972,0.12923970816675276,3.0510514006959477e-05
MAP_0545,0.536923076923077,0.8200000000000001,0.6917775878170074,0.10482368577157058,0.10479719693715012,2.6488834420468343e-05
MAP_0546,0.536923076923077,0.86,0.7255228360032028,0.08083191811891904,0.08080231763097984,2.9600487939207554e-05
MAP_0547,0.536923076923077,0.9,0.7592680841893983,0.057261037933311144,0.05723827573647393,2.2762196837215753e-05
MAP_0548,0.536923076923077,0.9400000000000001,0.7930133323755938,0.034072357017343284,0.03406394826970645,8.4087476368358e-06
MAP_0549,0.536923076923077,0.98,0.8267585805617892,0.009467551871213052,0.011274966887153239,0.0018074150159401864
MAP_0550,0.5615384615384615,0.02,0.016549012734456612,0.7486246796950249,0.7484037883665318,0.00022089132849312243
MAP_0551,0.5615384615384615,0.06,0.04964703820336983,0.7016495802766471,0.7014137525888022,0.00023582768784491392
MAP_0552,0.5615384615384615,0.1,0.08274506367228307,0.6574460652845746,0.6572020389655358,0.00024402631903885919
MAP_0553,0.5615384615384615,0.13999999999999999,0.11584308914119627,0.6154470755886524,0.6153899401811957,5.7135407456665455e-05
MAP_0554,0.5615384615384615,0.18,0.1489411146101095,0.5757608533873231,0.5756965112259766,6.434216134643123e-05
MAP_0555,0.5615384615384615,0.22,0.18203914007902272,0.5379425571533163,0.5378596949419179,8.286221139841565e-05
MAP_0556,0.5615384615384615,0.26,0.21513716554793597,0.5017857124468885,0.501726041548623,5.967089826552918e-05
MAP_0557,0.5615384615384615,0.30000000000000004,0.2482351910168492,0.4671150465979722,0.4670368030377684,7.824356020380563e-05
MAP_0558,0.5615384615384615,0.34,0.2813332164857624,0.43378041566327563,0.4337315233449821,4.889231829352525e-05
MAP_0559,0.5615384615384615,0.38,0.31443124195467564,0.4016521512638538,0.4015996024544394,5.254880941440998e-05
MAP_0560,0.5615384615384615,0.42000000000000004,0.34752926742358886,0.3706174445294319,0.37056497363835367,5.247089107823788e-05
MAP_0561,0.5615384615384615,0.46,0.3806272928925021,0.34057750013397803,0.34051266705852307,6.483307545496197e-05
MAP_0562,0.5615384615384615,0.5,0.4137253183614153,0.31144527056856075,0.3113790430586654,6.622750989537796e-05
MAP_0563,0.5615384615384615,0.54,0.44682334383032857,0.2831436334186419,0.2830768310743041,6.680234433781296e-05
MAP_0564,0.5615384615384615,0.5800000000000001,0.4799213692992418,0.25560391095467827,0.2555561639847697,4.7746969908557535e-05
MAP_0565,0.5615384615384615,0.62,0.513019394768155,0.2287646571414958,0.22872712153397784,3.7535607517957814e-05
MAP_0566,0.5615384615384615,0.66,0.5461174202370682,0.20257065566695925,0.20254357551329444,2.7080153664815754e-05
MAP_0567,0.5615384615384615,0.7000000000000001,0.5792154457059815,0.17697208602507924,0.17693346811691743,3.861790816181432e-05
MAP_0568,0.5615384615384615,0.74,0.6123134711748947,0.15192382458365883,0.1518994600088709,2.436457478793841e-05
MAP_0569,0.5615384615384615,0.78,0.6454114966438079,0.12738485492386753,0.12733562758896397,4.9227334903562125e-05
MAP_0570,0.5615384615384615,0.8200000000000001,0.6785095221127211,0.10331776688821344,0.10329814984620482,1.9617042008618357e-05
MAP_0571,0.5615384615384615,0.86,0.7116075475816342,0.07968829918415042,0.07965573716491997,3.2562019230450434e-05
MAP_0572,0.5615384615384615,0.9,0.7447055730505475,0.05646310764673656,0.056441964395492546,2.114325124401295e-05
MAP_0573,0.5615384615384615,0.9400000000000001,0.7778035985194608,0.03360381116214435,0.033603774587510814,3.657463353706758e-08
MAP_0574,0.5615384615384615,0.98,0.810901623988374,0.009243846801691474,0.011116250787636594,0.0018724039859451206
MAP_0575,0.5861538461538461,0.02,0.01620399541642805,0.7339738080746522,0.7337359226037702,0.0002378854708819933
MAP_0576,0.5861538461538461,0.06,0.04861198624928415,0.6880991228598377,0.687859314021704,0.0002398088381336816
MAP_0577,0.5861538461538461,0.1,0.08101997708214026,0.6449131228791332,0.6446571413570713,0.00025598152206185443
MAP_0578,0.5861538461538461,0.13999999999999999,0.11342796791499635,0.6038564856562645,0.6038039264588942,5.255919737023884e-05
MAP_0579,0.5861538461538461,0.18,0.14583595874785246,0.5650512912304514,0.5649832682966304,6.802293382102143e-05
MAP_0580,0.5861538461538461,0.22,0.17824394958070858,0.5280577952289063,0.5280037491107828,5.404611812342974e-05
MAP_0581,0.5861538461538461,0.26,0.2106519404135647,0.4926758061551343,0.49261615564979117,5.9650505343122884e-05
MAP_0582,0.5861538461538461,0.30000000000000004,0.2430599312464208,0.4587353070596389,0.4586754288301092,5.9878229529686244e-05
MAP_0583,0.5861538461538461,0.34,0.2754679220792769,0.4260905891916588,0.426025462588143,6.512660351581934e-05
MAP_0584,0.5861538461538461,0.38,0.307875912912133,0.3946157553094313,0.3945375214031895,7.823390624184245e-05
MAP_0585,0.5861538461538461,0.42000000000000004,0.3402839037449891,0.36420122401915506,0.36412550450492176,7.57195142332967e-05
MAP_0586,0.5861538461538461,0.46,0.3726918945778452,0.3347509778224319,0.3346836433197308,6.733450270113295e-05
MAP_0587,0.5861538461538461,0.5,0.4050998854107013,0.3061803717911309,0.3061211738479282,5.919794320269345e-05
MAP_0588,0.5861538461538461,0.54,0.4375078762435574,0.27841437045402095,0.27837757390089385,3.679655312710528e-05
MAP_0589,0.5861538461538461,0.5800000000000001,0.4699158670764136,0.25138611567744173,0.2513342032908371,5.1912386604624494e-05
MAP_0590,0.5861538461538461,0.62,0.5023238579092696,0.22503575318916244,0.22500660857762053,2.914461154190917e-05
MAP_0591,0.5861538461538461,0.66,0.5347318487421258,0.1993094632228932,0.1992818465827113,2.7616640181887808e-05
MAP_0592,0.5861538461538461,0.7000000000000001,0.5671398395749818,0.17415865372422368,0.1741338698694243,2.478385479937062e-05
MAP_0593,0.5861538461538461,0.74,0.5995478304078379,0.14953928410899178,0.14951063608821594,2.8648020775845495e-05
MAP_0594,0.5861538461538461,0.78,0.631955821240694,0.1254112946675733,0.12537808872691023,3.320594066308358e-05
MAP_0595,0.5861538461538461,0.8200000000000001,0.6643638120735502,0.10173812154764328,0.10170151222579728,3.6609321846001186e-05
MAP_0596,0.5861538461538461,0.86,0.6967718029064063,0.07848624602634037,0.07846361726935677,2.2628756983597564e-05
MAP_0597,0.5861538461538461,0.9,0.7291797937392623,0.05562269796910555,0.055620473141050626,2.2248280549252986e-06
MAP_0598,0.5861538461538461,0.9400000000000001,0.7615877845721185,0.03310924455263794,0.033113626593593855,4.382040955916433e-06
MAP_0599,0.5861538461538461,0.98,0.7939957754049746,0.009003298123295506,0.010964094646568332,0.001960796523272827
MAP_0600,0.6107692307692307,0.02,0.015836173107737387,0.7191986995790213,0.7189416611723062,0.00025703840671509326
MAP_0601,0.6107692307692307,0.06,0.047508519323212164,0.6744269158119516,0.6741785312936341,0.0002483845183174349
MAP_0602,0.6107692307692307,0.1,0.07918086553868695,0.63225814627572,0.6320025012119063,0.0002556450638137031
MAP_0603,0.6107692307692307,0.13999999999999999,0.1108532117541617,0.5921408732797527,0.5920870478849287,5.382539482401416e-05
MAP_0604,0.6107692307692307,0.18,0.14252555796963648,0.5542128922825688,0.5541573625983093,5.5529684259481016e-05
MAP_0605,0.6107692307692307,0.22,0.17419790418511127,0.5180398486096792,0.517958466368387,8.138224129217164e-05
MAP_0606,0.6107692307692307,0.26,0.20587025040058604,0.4834283961014582,0.48336848136263444,5.991473882377418e-05
MAP_0607,0.6107692307692307,0.30000000000000004,0.23754259661606086,0.45021420573577015,0.45014575776634363,6.844796942651055e-05
MAP_0608,0.6107692307692307,0.34,0.26921494283153563,0.41825633632966625,0.41820372202660683,5.261430305941728e-05
MAP_0609,0.6107692307692307,0.38,0.3008872890470104,0.38743291565322574,0.3873772070332311,5.5708619994654374e-05
MAP_0610,0.6107692307692307,0.42000000000000004,0.33255963526248516,0.357637780438973,0.3575616405300905,7.613990888249988e-05
MAP_0611,0.6107692307692307,0.46,0.36423198147795993,0.328777829600375,0.3287412113400757,3.66182602992704e-05
MAP_0612,0.6107692307692307,0.5,0.3959043276934347,0.30077091564943,0.30070163770184305,6.927794758693206e-05
MAP_0613,0.6107692307692307,0.54,0.4275766739089095,0.27354414760602974,0.2734828092682264,6.133833780336273e-05
MAP_0614,0.6107692307692307,0.5800000000000001,0.4592490201243843,0.24703251227612938,0.24698232237018222,5.0189905947156666e-05
MAP_0615,0.6107692307692307,0.62,0.490921366339859,0.221177744520698,0.22113857748020424,3.916704049375386e-05
MAP_0616,0.6107692307692307,0.66,0.5225937125553338,0.19592739416801333,0.19589780836775064,2.958580026268809e-05
MAP_0617,0.6107692307692307,0.7000000000000001,0.5542660587708086,0.1712340496179557,0.17120540026165604,2.864935629967591e-05
MAP_0618,0.6107692307692307,0.74,0.5859384049862834,0.14705468731446517,0.14703652677872675,1.816053573841514e-05
MAP_0619,0.6107692307692307,0.78,0.6176107512017581,0.12335012306250982,0.1233206384898927,2.9484572617116678e-05
MAP_0620,0.6107692307692307,0.8200000000000001,0.649283097417233,0.10008454559944509,0.10006964842610241,1.4897173342673375e-05
MAP_0621,0.6107692307692307,0.86,0.6809554436327077,0.07722507308840246,0.07720899420882574,1.6078879576719718e-05
MAP_0622,0.6107692307692307,0.9,0.7126277898481824,0.05473893711882937,0.0547199215032551,1.901561557426934e-05
MAP_0623,0.6107692307692307,0.9400000000000001,0.7443001360636573,0.032587883212792476,0.03260291831675544,1.5035103962966756e-05
MAP_0624,0.6107692307692307,0.98,0.775972482279132,0.008744360989988922,0.010802996894752332,0.0020586359047634097
MAP_0625,0.6353846153846154,0.02,0.015443916479087088,0.7043167854162843,0.704055981547402,0.0002608038688822756
MAP_0626,0.6353846153846154,0.06,0.04633174943726126,0.6606543247592044,0.6603893282345762,0.00026499652462819157
MAP_0627,0.6353846153846154,0.1,0.07721958239543544,0.6195057455285637,0.619235134889952,0.00027061063861177903
MAP_0628,0.6353846153846154,0.13999999999999999,0.1081074153536096,0.5803270258674516,0.5802703270819367,5.669878551484153e-05
MAP_0629,0.6353846153846154,0.18,0.13899524831178378,0.5432737458831526,0.5432049737174043,6.87721657482987e-05
MAP_0630,0.6353846153846154,0.22,0.16988308126995796,0.507917275331268,0.5078442487565515,7.302657471641716e-05
MAP_0631,0.6353846153846154,0.26,0.20077091422813215,0.4740717717405841,0.47399300947784373,7.8762262740395e-05
MAP_0632,0.6353846153846154,0.30000000000000004,0.23165874718630636,0.4415791248114933,0.44150112650911105,7.799830238225391e-05
MAP_0633,0.6353846153846154,0.34,0.2625465801444805,0.4103035936703857,0.410236946592015,6.664707837072958e-05
MAP_0634,0.6353846153846154,0.38,0.29343441310265467,0.38012768609733943,0.3800596689892552,6.801710808423955e-05
MAP_0635,0.6353846153846154,0.42000000000000004,0.3243222460608289,0.3509489483262276,0.3508891213559291,5.9826970298493265e-05
MAP_0636,0.6353846153846154,0.46,0.35521007901900303,0.32267743329258486,0.32263393080894476,4.350248364010101e-05
MAP_0637,0.6353846153846154,0.5,0.3860979119771772,0.29523368171830283,0.2951783244235883,5.5357294714508676e-05
MAP_0638,0.6353846153846154,0.54,0.4169857449353514,0.2685470959789509,0.2685038184362949,4.3277542655983936e-05
MAP_0639,0.6353846153846154,0.5800000000000001,0.4478735778935256,0.24255461841899037,0.24250630450852145,4.8313910468916754e-05
MAP_0640,0.6353846153846154,0.62,0.4787614108516997,0.2171996482148642,0.21716568346628057,3.396474858363696e-05
MAP_0641,0.6353846153846154,0.66,0.5096492438098739,0.1924311469961491,0.19237490040038516,5.624659576394797e-05
MAP_0642,0.6353846153846154,0.7000000000000001,0.5405370767680481,0.16820289514440928,0.16815835972415585,4.4535420253427604e-05
MAP_0643,0.6353846153846154,0.74,0.5714249097262223,0.14447286932069925,0.1444257768931497,4.70924275495499e-05
MAP_0644,0.6353846153846154,0.78,0.6023127426843964,0.12120271818686428,0.12116713558864306,3.55825982212149e-05
MAP_0645,0.6353846153846154,0.8200000000000001,0.6332005756425706,0.09835731718802641,0.09834651588477085,1.0801303255564276e-05
MAP_0646,0.6353846153846154,0.86,0.6640884086007448,0.07590433246233425,0.0758758214026125,2.8511059721750276e-05
MAP_0647,0.6353846153846154,0.9,0.6949762415589189,0.053811017661811095,0.05378386758404461,2.7150077766484315e-05
MAP_0648,0.6353846153846154,0.9400000000000001,0.7258640745170931,0.03203892121814501,0.032060378692468916,2.1457474323909043e-05
MAP_0649,0.6353846153846154,0.98,0.7567519074752673,0.008465172952327455,0.010614040873726258,0.0021488679213988032
MAP_0650,0.66,0.02,0.01502531197679436,0.6893434539167395,0.6890739678249713,0.0002694860917681341
MAP_0651,0.66,0.06,0.04507593593038308,0.6468018330579272,0.6465601870792148,0.00024164597871234594
MAP_0652,0.66,0.1,0.07512655988397181,0.6066809573527759,0.6064206345041983,0.0002603228485776876
MAP_0653,0.66,0.13999999999999999,0.10517718383756051,0.568443350681317,0.5683778910202474,6.545966106963341e-05
MAP_0654,0.66,0.18,0.13522780779114923,0.5322646293959717,0.5322057057055681,5.892369040361167e-05
MAP_0655,0.66,0.22,0.16527843174473797,0.4977222369742363,0.4976525213482328,6.971562600349701e-05
MAP_0656,0.66,0.26,0.19532905569832668,0.46463857376024653,0.4645803711372915,5.8202622955028094e-05
MAP_0657,0.66,0.30000000000000004,0.22537967965191544,0.4328623672263678,0.43278983849154845,7.252873481933264e-05
MAP_0658,0.66,0.34,0.2554303036055041,0.40226360489425456,0.4021892063579804,7.439853627416726e-05
MAP_0659,0.66,0.38,0.2854809275590928,0.3727296313024763,0.3726642346778111,6.53966246652038e-05
MAP_0660,0.66,0.42000000000000004,0.3155315515126816,0.3441621007341033,0.3440905969473387,7.150378676462621e-05
MAP_0661,0.66,0.46,0.3455821754662703,0.3164745690002813,0.31639943527827546,7.5133722005849e-05
MAP_0662,0.66,0.5,0.375632799419859,0.2895905693751319,0.2895286498694108,6.19195057210975e-05
MAP_0663,0.66,0.54,0.40568342337344776,0.2634420602636015,0.263388638158439,5.3422105162515e-05
MAP_0664,0.66,0.5800000000000001,0.43573404732703647,0.2379681618242626,0.23792159555122408,4.6566273038506356e-05
MAP_0665,0.66,0.62,0.4657846712806252,0.21311411976221523,0.2130838264779669,3.0293284248333885e-05
MAP_0666,0.66,0.66,0.4958352952342139,0.1888304495733765,0.1887929174655781,3.7532107798388115e-05
MAP_0667,0.66,0.7000000000000001,0.5258859191878027,0.1650722254689165,0.16504608958160633,2.613588731018024e-05
MAP_0668,0.66,0.74,0.5559365431413913,0.14179848624199665,0.14174804406325464,5.044217874200507e-05
MAP_0669,0.66,0.78,0.5859871670949801,0.11897173627492445,0.11892965359078424,4.208268414021554e-05
MAP_0670,0.66,0.8200000000000001,0.6160377910485688,0.09655752306376099,0.0965377540207905,1.976904297049109e-05
MAP_0671,0.66,0.86,0.6460884150021574,0.07452400736146116,0.07451780015679593,6.207204665223398e-06
MAP_0672,0.66,0.9,0.6761390389557462,0.05283828792934775,0.05281818010682396,2.010782252379051e-05
MAP_0673,0.66,0.9400000000000001,0.7061896629093349,0.03146154497427112,0.03148762048164927,2.6075507378146845e-05
MAP_0674,0.66,0.98,0.7362402868629236,0.008163458089136596,0.010421024166919092,0.0022575660777824965
MAP_0675,0.6846153846153846,0.02,0.014578090068975827,0.6742925246679394,0.6740120303809972,0.00028049428694221223
MAP_0676,0.6846153846153846,0.06,0.04373427020692748,0.6328896549886249,0.6326139131878017,0.00027574180082323707
MAP_0677,0.6846153846153846,0.1,0.07289045034487913,0.5938101470351115,0.5935393822278754,0.0002707648072360902
MAP_0678,0.6846153846153846,0.13999999999999999,0.10204663048283077,0.5565210641034406,0.5564673673275271,5.369677591349209e-05
MAP_0679,0.6846153846153846,0.18,0.13120281062078243,0.5212204798889694,0.5211536203569358,6.685953203355854e-05
MAP_0680,0.6846153846153846,0.22,0.16035899075873408,0.4874922376360583,0.48740940347350414,8.283416255416842e-05
MAP_0681,0.6846153846153846,0.26,0.18951517089668574,0.45516777642110356,0.4550835891716289,8.418724947467648e-05
MAP_0682,0.6846153846153846,0.30000000000000004,0.21867135103463742,0.4241033490443056,0.4240380311531532,6.531789115238329e-05
MAP_0683,0.6846153846153846,0.34,0.24782753117258907,0.3941752805644314,0.3941238818004029,5.139876402848742e-05
MAP_0684,0.6846153846153846,0.38,0.2769837113105407,0.3652763029902414,0.36522645775392537,4.984523631601512e-05
MAP_0685,0.6846153846153846,0.42000000000000004,0.3061398914484924,0.3373126840220929,0.33725650663657797,5.617738551494389e-05
MAP_0686,0.6846153846153846,0.46,0.33529607158644403,0.3102019502205628,0.3101405541858731,6.139603468968691e-05
MAP_0687,0.6846153846153846,0.5,0.36445225172439566,0.28387106155135866,0.2838015651143321,6.949643702658381e-05
MAP_0688,0.6846153846153846,0.54,0.39360843186234734,0.25825493343362294,0.2581964762068737,5.845722674924225e-05
MAP_0689,0.6846153846153846,0.5800000000000001,0.422764612000299,0.23329522986311085,0.2332571967029061,3.8033160204759e-05
MAP_0690,0.6846153846153846,0.62,0.4519207921382506,0.20893937067738014,0.2088939604236911,4.541025368903773e-05
MAP_0691,0.6846153846153846,0.66,0.4810769722762023,0.1851397100469489,0.18511115315802495,2.8556888923947366e-05
MAP_0692,0.6846153846153846,0.7000000000000001,0.510233152414154,0.16185285343062775,0.16179802316205688,5.48302685708657e-05
MAP_0693,0.6846153846153846,0.74,0.5393893325521055,0.13903908764250653,0.1390177290140083,2.1358628498224785e-05
MAP_0694,0.6846153846153846,0.78,0.5685455126900573,0.11666190404025199,0.116646306614857,1.5597425394989206e-05
MAP_0695,0.6846153846153846,0.8200000000000001,0.5977016928280089,0.09468759705079871,0.0946710418065106,1.6555244288105064e-05
MAP_0696,0.6846153846153846,0.86,0.6268578729659605,0.07308483585744208,0.0730573290786354,2.7506778806682397e-05
MAP_0697,0.6846153846153846,0.9,0.6560140531039123,0.05182040919399757,0.05179573708395912,2.467211003845393e-05
MAP_0698,0.6846153846153846,0.9400000000000001,0.6851702332418639,0.03085497937412706,0.03086039176069467,5.412386567611033e-06
MAP_0699,0.6846153846153846,0.98,0.7143264133798155,0.007836389620702629,0.01021784693525294,0.002381457314550311
MAP_0700,0.7092307692307692,0.02,0.014099527878284881,0.659176860334751,0.6588692242486791,0.00030763608607187187
MAP_0701,0.7092307692307692,0.06,0.04229858363485464,0.6189385123175534,0.6186531439746089,0.0002853683429444587
MAP_0702,0.7092307692307692,0.1,0.07049763939142441,0.580922204889884,0.5806215330959846,0.00030067179389936527
MAP_0703,0.7092307692307692,0.13999999999999999,0.09869669514799416,0.5445958104438888,0.5445189879449385,7.682249895035742e-05
MAP_0704,0.7092307692307692,0.18,0.12689575090456393,0.5101824342982477,0.5101148702750175,6.7564023230271e-05
MAP_0705,0.7092307692307692,0.22,0.1550948066611337,0.4772725713386607,0.4772114181293578,6.115320930288881e-05
MAP_0706,0.7092307692307692,0.26,0.18329386241770346,0.4457075165239443,0.4456505105166882,5.7006007256110713e-05
MAP_0707,0.7092307692307692,0.30000000000000004,0.21149291817427324,0.41535177078978636,0.415284537881593,6.723290819338201e-05
MAP_0708,0.7092307692307692,0.34,0.239691973930843,0.3860886581723744,0.3860115676269995,7.709054537491378e-05
MAP_0709,0.7092307692307692,0.38,0.26789102968741274,0.3578169205884162,0.357752326352307,6.459423610916115e-05
MAP_0710,0.7092307692307692,0.42000000000000004,0.2960900854439825,0.3304480377646525,0.3303901691829847,5.786858166778597e-05
MAP_0711,0.7092307692307692,0.46,0.3242891412005523,0.30390409103744265,0.303835286869064,6.880416837862224e-05
MAP_0712,0.7092307692307692,0.5,0.352488196957122,0.2781160405480884,0.27806043303281847,5.560751526995089e-05
MAP_0713,0.7092307692307692,0.54,0.3806872527136918,0.253022321055033,0.2529802155709627,4.210548407029835e-05
MAP_0714,0.7092307692307692,0.5800000000000001,0.4088863084702616,0.2285676868416419,0.22851657558394406,5.111125769782787e-05
MAP_0715,0.7092307692307692,0.62,0.4370853642268313,0.20470225431006775,0.2046551427485144,4.711156155334795e-05
MAP_0716,0.7092307692307692,0.66,0.4652844199834011,0.18138070399542822,0.1813494209857851,3.12830096431127e-05
MAP_0717,0.7092307692307692,0.7000000000000001,0.49348347573997087,0.15856161331432145,0.1585232470335819,3.8366280739554615e-05
MAP_0718,0.7092307692307692,0.74,0.5216825314965405,0.13620689829581367,0.13617708956646477,2.980872934890688e-05
MAP_0719,0.7092307692307692,0.78,0.5498815872531104,0.1142813474306772,0.11425262213042851,2.8725300248680363e-05
MAP_0720,0.7092307692307692,0.8200000000000001,0.5780806430096802,0.09275223170468809,0.09271099875815383,4.123294653425591e-05
MAP_0721,0.7092307692307692,0.86,0.6062796987662499,0.07158886522385287,0.07156386621967407,2.499900417879397e-05
MAP_0722,0.7092307692307692,0.9,0.6344787545228197,0.05075763032527404,0.05073590347067232,2.1726854601722412e-05
MAP_0723,0.7092307692307692,0.9400000000000001,0.6626778102793894,0.03021857401437975,0.030224055152594652,5.481138214902953e-06
MAP_0724,0.7092307692307692,0.98,0.6908768660359591,0.0074803864068027975,0.010023424163054061,0.0025430377562512636
MAP_0725,0.7338461538461538,0.02,0.013586314032661062,0.6440092149896048,0.6436893314183195,0.00031988357128531764
MAP_0726,0.7338461538461538,0.06,0.04075894209798318,0.6049706531848341,0.604682270418098,0.0002883827667361505
MAP_0727,0.7338461538461538,0.1,0.06793157016330531,0.5680501756213872,0.5677422137044443,0.0003079619169428227
MAP_0728,0.7338461538461538,0.13999999999999999,0.09510419822862742,0.5327099123656767,0.5326355402814626,7.437208421401387e-05
MAP_0729,0.7338461538461538,0.18,0.12227682629394955,0.49920070996621974,0.49913158984041334,6.912012580639892e-05
MAP_0730,0.7338461538461538,0.22,0.14944945435927168,0.467119824802397,0.4670409610990661,7.886370333087811e-05
MAP_0731,0.7338461538461538,0.26,0.17662208242459382,0.4363191962847212,0.43625844732725494,6.074895746627229e-05
MAP_0732,0.7338461538461538,0.30000000000000004,0.20379471048991596,0.40667227960350905,0.4065852129783861,8.70666251229224e-05
MAP_0733,0.7338461538461538,0.34,0.23096733855523807,0.3780700608515614,0.3779959546818286,7.41061697328016e-05
MAP_0734,0.7338461538461538,0.38,0.25813996662056016,0.3504179397845078,0.35035553196187724,6.240782263056133e-05
MAP_0735,0.7338461538461538,0.42000000000000004,0.2853125946858823,0.3236332619667088,0.32355303383061884,8.022813608993262e-05
MAP_0736,0.7338461538461538,0.46,0.31248522275120444,0.29764333812141963,0.2975722159536961,7.11221677235363e-05
MAP_0737,0.7338461538461538,0.5,0.33965785081652655,0.27238383263517485,0.2723316133735508,5.221926162407575e-05
MAP_0738,0.7338461538461538,0.54,0.3668304788818487,0.247797435196473,0.24772824881199543,6.918638447755976e-05
MAP_0739,0.7338461538461538,0.5800000000000001,0.39400310694717083,0.22383275261391117,0.22379064232274562,4.2110291165547986e-05
MAP_0740,0.7338461538461538,0.62,0.42117573501249295,0.20044337488774713,0.20039395425955053,4.9420628196600314e-05
MAP_0741,0.7338461538461538,0.66,0.44834836307781506,0.17758708238366205,0.1775372395358352,4.984284782685866e-05
MAP_0742,0.7338461538461538,0.7000000000000001,0.47552099114313723,0.15522517063603253,0.15519391514691722,3.125548911531162e-05
MAP_0743,0.7338461538461538,0.74,0.5026936192084593,0.1333218765402533,0.1333001905529496,2.1685987303704524e-05
MAP_0744,0.7338461538461538,0.78,0.5298662472737814,0.11184389474124033,0.11181893930647623,2.4955434764106776e-05
MAP_0745,0.7338461538461538,0.8200000000000001,0.5570388753391036,0.09075997279797586,0.09074380231384101,1.6170484134853114e-05
MAP_0746,0.7338461538461538,0.86,0.5842115034044256,0.07004043068916574,0.07001488043879467,2.5550250371070282e-05
MAP_0747,0.7338461538461538,0.9,0.6113841314697478,0.04965128020615522,0.049647251352320045,4.028853835172375e-06
MAP_0748,0.7338461538461538,0.9400000000000001,0.63855675953507,0.029551965067896372,0.029560884142947233,8.919075050860953e-06
MAP_0749,0.7338461538461538,0.98,0.665729387600392,0.0070907981892799656,0.009807171420434557,0.0027163732311545914
MAP_0750,0.7584615384615385,0.02,0.013034356058886164,0.6288034867994673,0.6284521152662295,0.000351371533237832
MAP_0751,0.7584615384615385,0.06,0.039103068176658484,0.5910112414185719,0.5906997525201783,0.00031148889839360816
MAP_0752,0.7584615384615385,0.1,0.06517178029443081,0.5552335428045456,0.5549370884132665,0.00029645439127912177
MAP_0753,0.7584615384615385,0.13999999999999999,0.09124049241220313,0.5209155757096244,0.5208497913922144,6.578431741000035e-05
MAP_0754,0.7584615384615385,0.18,0.11730920452997547,0.4883387597628754,0.48825951985531296,7.923990756242283e-05
MAP_0755,0.7584615384615385,0.22,0.1433779166477478,0.4571069908492633,0.45704310834343764,6.388250582567423e-05
MAP_0756,0.7584615384615385,0.26,0.16944662876552014,0.4270835475831772,0.42700382231426337,7.97252689138106e-05
MAP_0757,0.7584615384615385,0.30000000000000004,0.19551534088329248,0.39815145293052606,0.3980925779004212,5.8875030104876824e-05
MAP_0758,0.7584615384615385,0.34,0.2215840530010648,0.37020993775027755,0.37014927636709477,6.066138318278069e-05
MAP_0759,0.7584615384615385,0.38,0.2476527651188371,0.3431716488470956,0.34308695564402236,8.469320307324946e-05
MAP_0760,0.7584615384615385,0.42000000000000004,0.27372147723660945,0.31696042562795396,0.3168896738699045,7.075175804943656e-05
MAP_0761,0.7584615384615385,0.46,0.2997901893543818,0.2915095028530008,0.2914466555661163,6.284728688449315e-05
MAP_0762,0.7584615384615385,0.5,0.32585890147215407,0.26676003250372055,0.2667032669267895,5.676557693107265e-05
MAP_0763,0.7584615384615385,0.54,0.3519276135899264,0.24265984545787123,0.2425942299266052,6.561553126602226e-05
MAP_0764,0.7584615384615385,0.5800000000000001,0.37799632570769875,0.21916239415640573,0.21912600877405974,3.638538234598809e-05
MAP_0765,0.7584615384615385,0.62,0.40406503782547104,0.19622583345313194,0.19617416587485087,5.166757828106716e-05
MAP_0766,0.7584615384615385,0.66,0.4301337499432434,0.1738122099365953,0.1737639556451882,4.825429140709048e-05
MAP_0767,0.7584615384615385,0.7000000000000001,0.4562024620610157,0.15188674117713538,0.1518559055743711,3.083560276428976e-05
MAP_0768,0.7584615384615385,0.74,0.482271174178788,0.13041717592676363,0.13039531704029755,2.1858886466080696e-05
MAP_0769,0.7584615384615385,0.78,0.5083398862965604,0.10937323383986688,0.10935336915890337,1.9864680963516124e-05
MAP_0770,0.7584615384615385,0.8200000000000001,0.5344085984143327,0.08872612364187667,0.08869651471151027,2.9608930366395447e-05
MAP_0771,0.7584615384615385,0.86,0.560477310532105,0.06844795286333556,0.0684137136619195,3.423920141605585e-05
MAP_0772,0.7584615384615385,0.9,0.5865460226498773,0.04850468240750918,0.048497027983507246,7.654424001933557e-06
MAP_0773,0.7584615384615385,0.9400000000000001,0.6126147347676497,0.0288553856245671,0.028886479119836005,3.109349526890515e-05
MAP_0774,0.7584615384615385,0.98,0.638683446885422,0.006661394890756964,0.009567385519742073,0.0029059906289851094
MAP_0775,0.7830769230769231,0.02,0.012438497217017475,0.6135766403642166,0.6131194681746286,0.00045717218958796213
MAP_0776,0.7830769230769231,0.06,0.03731549165105242,0.5770903299742145,0.5768022570185576,0.00028807295565691504
MAP_0777,0.7830769230769231,0.1,0.06219248608508737,0.5425215367204896,0.542214120583058,0.00030741613743168195
MAP_0778,0.7830769230769231,0.13999999999999999,0.08706948051912232,0.5092795807099981,0.5091974281513614,8.215255863674997e-05
MAP_0779,0.7830769230769231,0.18,0.11194647495315727,0.4776794166150787,0.47760531640711623,7.410020796244643e-05
MAP_0780,0.7830769230769231,0.22,0.13682346938719223,0.44733110708512847,0.44724424678122293,8.686030390553379e-05
MAP_0781,0.7830769230769231,0.26,0.16170046382122719,0.4181097938646297,0.41801918154990353,9.061231472617948e-05
MAP_0782,0.7830769230769231,0.30000000000000004,0.18657745825526215,0.3899084865152787,0.3898241971790156,8.42893362630881e-05
MAP_0783,0.7830769230769231,0.34,0.21145445268929708,0.362635040485024,0.3625418581776829,9.318230734106647e-05
MAP_0784,0.7830769230769231,0.38,0.236331447123332,0.3362097403121812,0.3361388432847222,7.089702745899373e-05
MAP_0785,0.7830769230769231,0.42000000000000004,0.261208441557367,0.3105633697257944,0.310508675405344,5.469432045041023e-05
MAP_0786,0.7830769230769231,0.46,0.2860854359914019,0.2856356482857096,0.28555280738054234,8.28409051672474e-05
MAP_0787,0.7830769230769231,0.5,0.31096243042543686,0.26137393660517866,0.2613171180880536,5.6818517125079016e-05
MAP_0788,0.7830769230769231,0.54,0.3358394248594718,0.23773213347481933,0.23765763748817573,7.44959866436079e-05
MAP_0789,0.7830769230769231,0.5800000000000001,0.3607164192935068,0.21466970422388051,0.2146020727136026,6.76315102779157e-05
MAP_0790,0.7830769230769231,0.62,0.3855934137275417,0.19215079295066034,0.19209562578436462,5.516716629572205e-05
MAP_0791,0.7830769230769231,0.66,0.4104704081615767,0.17014338412924124,0.17009101893411374,5.2365195127496156e-05
MAP_0792,0.7830769230769231,0.7000000000000001,0.43534740259561167,0.14861849304321106,0.14856797286551138,5.052017769968664e-05
MAP_0793,0.7830769230769231,0.74,0.46022439702964657,0.12754938016961145,0.12751615038877373,3.3229780837723544e-05
MAP_0794,0.7830769230769231,0.78,0.48510139146368153,0.10691080098061759,0.10686473630929962,4.606467131797187e-05
MAP_0795,0.7830769230769231,0.8200000000000001,0.5099783858977165,0.0866783107165126,0.08665407745578368,2.423326072890919e-05
MAP_0796,0.7830769230769231,0.86,0.5348553803317514,0.06682740807323213,0.06681216186798691,1.5246205245220135e-05
MAP_0797,0.7830769230769231,0.9,0.5597323747657864,0.04732493585755393,0.04731952797158217,5.4078859717601735e-06
MAP_0798,0.7830769230769231,0.9400000000000001,0.5846093691998213,0.02813028258984137,0.028162641863244964,3.235927340359407e-05
MAP_0799,0.7830769230769231,0.98,0.6094863636338562,0.006183481051141469,0.009300434436931859,0.0031169533857903896
MAP_0800,0.8076923076923077,0.02,0.011792084397504532,0.5983516277112537,0.5978297707405937,0.000521856970659984
MAP_0801,0.8076923076923077,0.06,0.03537625319251359,0.5632457897182637,0.562912393809246,0.00033339590901770855
MAP_0802,0.8076923076923077,0.1,0.05896042198752266,0.5299781015915817,0.5296328565602832,0.00034524503129840234
MAP_0803,0.8076923076923077,0.13999999999999999,0.08254459078253172,0.49789037324215635,0.4978255859476468,6.478729450953846e-05
MAP_0804,0.8076923076923077,0.18,0.10612875957754078,0.46733425015796304,0.46726647536700927,6.777479095376737e-05
MAP_0805,0.8076923076923077,0.22,0.12971292837254986,0.4379249818409982,0.43783053182537157,9.44500156266348e-05
MAP_0806,0.8076923076923077,0.26,0.15329709716755893,0.40954985072462624,0.40948324279768566,6.660792694057616e-05
MAP_0807,0.8076923076923077,0.30000000000000004,0.176881265962568,0.3821119581020195,0.3820430677623187,6.889033970075564e-05
MAP_0808,0.8076923076923077,0.34,0.20046543475757705,0.355527797150945,0.355451178900265,7.661825068000505e-05
MAP_0809,0.8076923076923077,0.38,0.2240496035525861,0.3297252727468412,0.329644703028827,8.056971801423396e-05
MAP_0810,0.8076923076923077,0.42000000000000004,0.2476337723475952,0.3046421300505751,0.3045638561223974,7.827392817771894e-05
MAP_0811,0.8076923076923077,0.46,0.2712179411426042,0.2802247047902574,0.280152805662805,7.189912745242388e-05
MAP_0812,0.8076923076923077,0.5,0.2948021099376133,0.2564269068877209,0.25636927819654304,5.762869117786895e-05
MAP_0813,0.8076923076923077,0.54,0.3183862787326224,0.23320936013384533,0.23312857769940057,8.078243444475941e-05
MAP_0814,0.8076923076923077,0.5800000000000001,0.34197044752763145,0.21053862676075427,0.2104955625757737,4.3064184980567966e-05
MAP_0815,0.8076923076923077,0.62,0.36555461632264047,0.18838644948400357,0.18833335562590858,5.309385809498801e-05
MAP_0816,0.8076923076923077,0.66,0.3891387851176496,0.16672894903383326,0.16668658632177852,4.236271205473874e-05
MAP_0817,0.8076923076923077,0.7000000000000001,0.4127229539126587,0.14554572717961214,0.14551275809039338,3.296908921876507e-05
MAP_0818,0.8076923076923077,0.74,0.4363071227076677,0.1248188485885759,0.1247842322631203,3.461632545560811e-05
MAP_0819,0.8076923076923077,0.78,0.45989129150267677,0.10453171143807767,0.10448463636693649,4.707507114118381e-05
MAP_0820,0.8076923076923077,0.8200000000000001,0.48347546029768584,0.08466785418281388,0.08464078426764304,2.706991517083257e-05
MAP_0821,0.8076923076923077,0.86,0.5070596290926949,0.06520947136401152,0.06517732424250622,3.214712150530208e-05
MAP_0822,0.8076923076923077,0.9,0.530643797887704,0.04612660043416618,0.04612141314664981,5.187287516368599e-06
MAP_0823,0.8076923076923077,0.9400000000000001,0.554227966682713,0.027380608759782245,0.02742197561808773,4.1366858305486726e-05
MAP_0824,0.8076923076923077,0.98,0.577812135477722,0.00564422643685297,0.009068821156827897,0.0034245947199749273
MAP_0825,0.8323076923076923,0.02,0.011086278100885685,0.5831612678970866,0.582489180254938,0.0006720876421485444
MAP_0826,0.8323076923076923,0.06,0.03325883430265705,0.5495278732144027,0.549196864375884,0.0003310088385186649
MAP_0827,0.8323076923076923,0.1,0.05543139050442843,0.5176896809339032,0.5173533759851406,0.000336304948762578
MAP_0828,0.8323076923076923,0.13999999999999999,0.07760394670619979,0.48686921597203225,0.48679758311037213,7.163286166012028e-05
MAP_0829,0.8323076923076923,0.18,0.09977650290797116,0.45745833159576027,0.45738787985761453,7.045173814573813e-05
MAP_0830,0.8323076923076923,0.22,0.12194905910974253,0.4290758011883256,0.4290029531621131,7.284802621249087e-05
MAP_0831,0.8323076923076923,0.26,0.1441216153115139,0.40162102286736373,0.401520586700438,0.00010043616692573254
MAP_0832,0.8323076923076923,0.30000000000000004,0.1662941715132853,0.375006886566582,0.3749154019603026,9.148460627939059e-05
MAP_0833,0.8323076923076923,0.34,0.18846672771505665,0.34915799375943984,0.34908736238573423,7.063137370560968e-05
MAP_0834,0.8323076923076923,0.38,0.210639283916828,0.3240091792160233,0.3239136199537724,9.555926225091049e-05
MAP_0835,0.8323076923076923,0.42000000000000004,0.2328118401185994,0.29950435911619394,0.29942909889746583,7.526021872811262e-05
MAP_0836,0.8323076923076923,0.46,0.2549843963203708,0.2755956891141544,0.27552907479553074,6.661431862364786e-05
MAP_0837,0.8323076923076923,0.5,0.2771569525221421,0.2522429663182032,0.25218497063009415,5.7995688109047094e-05
MAP_0838,0.8323076923076923,0.54,0.2993295087239135,0.22941320645158608,0.22935691806896916,5.6288382616925814e-05
MAP_0839,0.8323076923076923,0.5800000000000001,0.3215020649256849,0.2070803165066199,0.2070305593591367,4.97571474832037e-05
MAP_0840,0.8323076923076923,0.62,0.3436746211274562,0.18522476196128237,0.1851733984119089,5.13635493734621e-05
MAP_0841,0.8323076923076923,0.66,0.3658471773292276,0.1638331004279457,0.16378681373544382,4.62866925018679e-05
MAP_0842,0.8323076923076923,0.7000000000000001,0.388019733530999,0.14289723133255944,0.14285390743958312,4.332389297631578e-05
MAP_0843,0.8323076923076923,0.74,0.41019228973277033,0.12241321346881752,0.12235213844003087,6.107502878664739e-05
MAP_0844,0.8323076923076923,0.78,0.4323648459345417,0.10237955449490242,0.10235583089677751,2.372359812491398e-05
MAP_0845,0.8323076923076923,0.8200000000000001,0.4545374021363131,0.08279498492574226,0.08274929612345466,4.568880228759953e-05
MAP_0846,0.8323076923076923,0.86,0.47670995833808444,0.0636554934692894,0.06362989022823663,2.5603241052774006e-05
MAP_0847,0.8323076923076923,0.9,0.4988825145398558,0.04493996635716165,0.044940137802445115,1.7144528346307863e-07
MAP_0848,0.8323076923076923,0.9400000000000001,0.5210550707416273,0.026615731675911306,0.02667407826595079,5.834659003948334e-05
MAP_0849,0.8323076923076923,0.98,0.5432276269433985,0.005023133751145171,0.008805863121907696,0.003782729370762525
MAP_0850,0.8569230769230769,0.02,0.010308886268393623,0.5680502247574242,0.5671732272616665,0.0008769974957576476
MAP_0851,0.8569230769230769,0.06,0.030926658805180866,0.5360067435023695,0.5356573376130573,0.0003494058893122043
MAP_0852,0.8569230769230769,0.1,0.051544431341968115,0.5057780809822602,0.5054329867619605,0.00034509422029971315
MAP_0853,0.8569230769230769,0.13999999999999999,0.07216220387875535,0.47638867791292433,0.47629197560820025,9.670230472408337e-05
MAP_0854,0.8569230769230769,0.18,0.0927799764155426,0.4482746077026132,0.4481872785829489,8.732911966430335e-05
MAP_0855,0.8569230769230769,0.22,0.11339774895232985,0.4210559302904803,0.4209839267221483,7.200356833197974e-05
MAP_0856,0.8569230769230769,0.26,0.1340155214891171,0.3946437129028246,0.39457015884745866,7.355405536590975e-05
MAP_0857,0.8569230769230769,0.30000000000000004,0.15463329402590437,0.36895997249552553,0.3688631395878785,9.683290764705976e-05
MAP_0858,0.8569230769230769,0.34,0.1752510665626916,0.34393626680828493,0.3438617140470875,7.455276119744392e-05
MAP_0859,0.8569230769230769,0.38,0.19586883909947883,0.31951278647383335,0.31944083261217066,7.195386166269913e-05
MAP_0860,0.8569230769230769,0.42000000000000004,0.2164866116362661,0.2956376207642158,0.2955482042763312,8.94164878845749e-05
MAP_0861,0.8569230769230769,0.46,0.23710438417305332,0.2722663559204739,0.27219144663534434,7.490928512954298e-05
MAP_0862,0.8569230769230769,0.5,0.25772215670984056,0.24936200187597304,0.24929229331298677,6.970856298627037e-05
MAP_0863,0.8569230769230769,0.54,0.2783399292466278,0.22689523233338177,0.22680387316521122,9.135916817054612e-05
MAP_0864,0.8569230769230769,0.5800000000000001,0.2989577017834151,0.204844904570828,0.20476386819534936,8.103637547862697e-05
MAP_0865,0.8569230769230769,0.62,0.3195754743202023,0.1831987745095232,0.1831176538125502,8.112069697299717e-05
MAP_0866,0.8569230769230769,0.66,0.34019324685698954,0.1619542249399963,0.16189013569728353,6.408924271278371e-05
MAP_0867,0.8569230769230769,0.7000000000000001,0.3608110193937768,0.1411186741707247,0.1410468340108393,7.184015988540016e-05
MAP_0868,0.8569230769230769,0.74,0.381428791930564,0.1207091540372935,0.12064645246173122,6.270157556227673e-05
MAP_0869,0.8569230769230769,0.78,0.40204656446735126,0.10075043087680087,0.10069406649531235,5.636438148852452e-05
MAP_0870,0.8569230769230769,0.8200000000000001,0.4226643370041385,0.0812711445895909,0.081219720707262,5.142388232889927e-05
MAP_0871,0.8569230769230769,0.86,0.44328210954092573,0.06229743812795181,0.06228399433358031,1.3443794371501006e-05
MAP_0872,0.8569230769230769,0.9,0.463899882077713,0.043831743923646464,0.04382774537535101,3.998548295455762e-06
MAP_0873,0.8569230769230769,0.9400000000000001,0.48451765461450025,0.025857668015210764,0.02589624250587195,3.8574490661184846e-05
MAP_0874,0.8569230769230769,0.98,0.5051354271512875,0.004283202170096851,0.008506762796792341,0.00422356062669549
MAP_0875,0.8815384615384616,0.02,0.009442244242306006,0.5533334470021357,0.5518643910511767,0.0014690559509590306
MAP_0876,0.8815384615384616,0.06,0.028326732726918016,0.5239414495834582,0.5224064187726745,0.0015350308107837662
MAP_0877,0.8815384615384616,0.1,0.047211221211530034,0.49442322974592545,0.494052501121596,0.00037072862432946385
MAP_0878,0.8815384615384616,0.13999999999999999,0.06609570969614204,0.4667059118635588,0.46661741531625534,8.849654730347378e-05
MAP_0879,0.8815384615384616,0.18,0.08498019818075406,0.4401166195582719,0.4400245400516661,9.207950660583553e-05
MAP_0880,0.8815384615384616,0.22,0.10386468666536607,0.41427689841608417,0.4141716360258795,0.00010526239020469674
MAP_0881,0.8815384615384616,0.26,0.12274917514997809,0.3891074372933953,0.38902433104276124,8.310625063406851e-05
MAP_0882,0.8815384615384616,0.30000000000000004,0.14163366363459012,0.36453884711645523,0.3644443225005013,9.452461595393924e-05
MAP_0883,0.8815384615384616,0.34,0.16051815211920212,0.34050816195697775,0.3404179369343189,9.022502265887411e-05
MAP_0884,0.8815384615384616,0.38,0.1794026406038141,0.31695865701000514,0.3168628116026423,9.584540736284897e-05
MAP_0885,0.8815384615384616,0.42000000000000004,0.19828712908842613,0.2938393855367658,0.2937608300929627,7.855544380308555e-05
MAP_0886,0.8815384615384616,0.46,0.21717161757303816,0.27110501572940265,0.2710089584446495,9.605728475314823e-05
MAP_0887,0.8815384615384616,0.5,0.23605610605765015,0.24871609707152353,0.2486367893271972,7.930774432632348e-05
MAP_0888,0.8815384615384616,0.54,0.2549405945422622,0.22663987319362128,0.2265397175529788,0.00010015564064247418
MAP_0889,0.8815384615384616,0.5800000000000001,0.2738250830268742,0.20485180023742794,0.20476386819534936,8.793204207857563e-05
MAP_0890,0.8815384615384616,0.62,0.2927095715114862,0.18333794986171886,0.1832716363357678,6.631352595107276e-05
MAP_0891,0.8815384615384616,0.66,0.31159405999609824,0.16209841148294757,0.16202143344114514,7.697804180242795e-05
MAP_0892,0.8815384615384616,0.7000000000000001,0.33047854848071023,0.14115153826656243,0.14108387426146365,6.766400509877757e-05
MAP_0893,0.8815384615384616,0.74,0.3493630369653222,0.1205382232585538,0.12048481460727577,5.340865127803629e-05
MAP_0894,0.8815384615384616,0.78,0.3682475254499342,0.10032422510421325,0.10026738910363375,5.6836000579499335e-05
MAP_0895,0.8815384615384616,0.8200000000000001,0.38713201393454627,0.08059721568125419,0.08053601105654801,6.120462470618482e-05
MAP_0896,0.8815384615384616,0.86,0.40601650241915827,0.061454490053885334,0.061404095312733796,5.039474115153819e-05
MAP_0897,0.8815384615384616,0.9,0.42490099090377026,0.042965451383083976,0.04296757192468588,2.120541601903503e-06
MAP_0898,0.8815384615384616,0.9400000000000001,0.4437854793883823,0.025161812530361177,0.025213682732109756,5.187020174857865e-05
MAP_0899,0.8815384615384616,0.98,0.4626699678729943,0.0033418852976371213,0.008241320151449514,0.0048994348538123934
MAP_0900,0.9061538461538462,0.02,0.008458964643514989,0.5381755071646612,0.5366204143448272,0.0015550928198340142
MAP_0901,0.9061538461538462,0.06,0.02537689393054496,0.511242851330865,0.5096550834787231,0.0015877678521418748
MAP_0902,0.9061538461538462,0.1,0.04229482321757494,0.4839074000145239,0.483519866329569,0.0003875336849549216
MAP_0903,0.9061538461538462,0.13999999999999999,0.05921275250460491,0.45823240893159617,0.45812279162055886,0.00010961731103731331
MAP_0904,0.9061538461538462,0.18,0.07613068179163489,0.433510006213913,0.4334177156662881,9.229054762488476e-05
MAP_0905,0.9061538461538462,0.22,0.09304861107866487,0.4093921205776189,0.4092887009828864,0.00010341959473253448
MAP_0906,0.9061538461538462,0.26,0.10996654036569485,0.38579567294101524,0.38571393296095985,8.173998005539529e-05
MAP_0907,0.9061538461538462,0.30000000000000004,0.12688446965272485,0.36266086323783364,0.3625442480512596,0.00011661518657402059
MAP_0908,0.9061538461538462,0.34,0.1438023989397548,0.33992966020639187,0.3398266652351962,0.00010299497119564682
MAP_0909,0.9061538461538462,0.38,0.16072032822678478,0.3175467668787855,0.3174317381202815,0.00011502875850399885
MAP_0910,0.9061538461538462,0.42000000000000004,0.17763825751381476,0.29545926018932905,0.2953764096114546,8.285057787443817e-05
MAP_0911,0.9061538461538462,0.46,0.19455618680084474,0.27361610928311136,0.2735075563370164,0.00010855294609496413
MAP_0912,0.9061538461538462,0.5,0.2114741160878747,0.2519679624739055,0.2518722931067511,9.566936715443841e-05
MAP_0913,0.9061538461538462,0.54,0.22839204537490468,0.23046741843359725,0.23038005445295823,8.73639806390214e-05
MAP_0914,0.9061538461538462,0.5800000000000001,0.2453099746619347,0.20907014235961754,0.2089608281974658,0.00010931416215173573
MAP_0915,0.9061538461538462,0.62,0.2622279039489646,0.18773748547728272,0.1876297863203775,0.00010769915690522769
MAP_0916,0.9061538461538462,0.66,0.2791458332359946,0.166441751046537,0.16634601134244875,9.57397040882435e-05
MAP_0917,0.9061538461538462,0.7000000000000001,0.29606376252302463,0.1451759109926311,0.14509928282778706,7.662816484405033e-05
MAP_0918,0.9061538461538462,0.74,0.31298169181005453,0.12397003003813,0.12389385158594188,7.617845218811647e-05
MAP_0919,0.9061538461538462,0.78,0.32989962109708454,0.10291531803625457,0.10284760934488978,6.77086913647984e-05
MAP_0920,0.9061538461538462,0.8200000000000001,0.34681755038411455,0.08218973682165519,0.08213568925283714,5.404756881804973e-05
MAP_0921,0.9061538461538462,0.86,0.36373547967114445,0.062062398640920766,0.062014815381989774,4.758325893099158e-05
MAP_0922,0.9061538461538462,0.9,0.38065340895817446,0.04282457858423462,0.042807703467835335,1.6875116399285572e-05
MAP_0923,0.9061538461538462,0.9400000000000001,0.39757133824520446,0.024690626687721758,0.02476925979718106,7.863310945930083e-05
MAP_0924,0.9061538461538462,0.98,0.4144892675322344,0.0018979093098621489,0.007959697013387187,0.0060617877035250385
MAP_0925,0.9307692307692308,0.02,0.007312144392809935,0.5231797657084819,0.5215538369392364,0.0016259287692454993
MAP_0926,0.9307692307692308,0.06,0.021936433178429804,0.4992952422998923,0.49760498177050405,0.0016902605293882544
MAP_0927,0.9307692307692308,0.1,0.03656072196404968,0.47471373183900284,0.474304910065683,0.00040882177331985625
MAP_0928,0.9307692307692308,0.13999999999999999,0.05118501074966954,0.451732156469542,0.4515560227711566,0.0001761336983854278
MAP_0929,0.9307692307692308,0.18,0.06580929953528941,0.4293516381845366,0.4292653632084662,8.627497607038848e-05
MAP_0930,0.9307692307692308,0.22,0.08043358832090929,0.4075184887258028,0.4074303982121808,8.809051362201892e-05
MAP_0931,0.9307692307692308,0.26,0.09505787710652916,0.38605317154488017,0.3859514670266368,0.0001017045182433729
MAP_0932,0.9307692307692308,0.30000000000000004,0.10968216589214905,0.36490712714279827,0.36479303776669225,0.0001140893761060191
MAP_0933,0.9307692307692308,0.34,0.12430645467776891,0.3440310616088744,0.3439175512313735,0.00011351037750090276
MAP_0934,0.9307692307692308,0.38,0.13893074346338877,0.32337343295234344,0.3232578437124615,0.00011558923988191916
MAP_0935,0.9307692307692308,0.42000000000000004,0.15355503224900865,0.3028810390847686,0.3027786454117717,0.00010239367299691438
MAP_0936,0.9307692307692308,0.46,0.16817932103462852,0.2824979938221655,0.2824016802332663,9.63135888992217e-05
MAP_0937,0.9307692307692308,0.5,0.18280360982024838,0.2621641601562926,0.2620709688383577,9.319131793494861e-05
MAP_0938,0.9307692307692308,0.54,0.19742789860586826,0.24181320762502861,0.24169202127561087,0.00012118634941774009
MAP_0939,0.9307692307692308,0.5800000000000001,0.21205218739148815,0.2213702477040969,0.22125470058602464,0.00011554711807226781
MAP_0940,0.9307692307692308,0.62,0.22667647617710798,0.20074907372343076,0.2006285015187515,0.000120572204679259
MAP_0941,0.9307692307692308,0.66,0.24130076496272787,0.17984940941161923,0.17972960601926316,0.00011980339235606596
MAP_0942,0.9307692307692308,0.7000000000000001,0.25592505374834773,0.15855579477761955,0.15843342765157992,0.0001223671260396353
MAP_0943,0.9307692307692308,0.74,0.2705493425339676,0.1367434986569016,0.13662417266245122,0.00011932599445038661
MAP_0944,0.9307692307692308,0.78,0.28517363131958745,0.11430784652093634,0.11419605242439092,0.00011179409654542283
MAP_0945,0.9307692307692308,0.8200000000000001,0.29979792010520734,0.09126096684196548,0.09114723454856065,0.00011373229340483348
MAP_0946,0.9307692307692308,0.86,0.3144222088908272,0.06797281200762223,0.06790539630812507,6.741569949715587e-05
MAP_0947,0.9307692307692308,0.9,0.32904649767644706,0.045466940783471486,0.04542856113720773,3.8379646263755895e-05
MAP_0948,0.9307692307692308,0.9400000000000001,0.34367078646206695,0.025096474141948367,0.02515597958216905,5.9505440220684186e-05
MAP_0949,0.9307692307692308,0.98,0.35829507524768683,2.0605682820285631e-10,0.00773965016943031,0.007739649963373482
MAP_0950,0.9553846153846154,0.02,0.005907291653080643,0.5085101358120807,0.506787148035264,0.0017229877768166757
MAP_0951,0.9553846153846154,0.06,0.017721874959241928,0.48866054604901865,0.48689200922927606,0.0017685368197425944
MAP_0952,0.9553846153846154,0.1,0.029536458265403215,0.46779931182718265,0.46737610904979504,0.00042320277738761014
MAP_0953,0.9553846153846154,0.13999999999999999,0.041351041571564495,0.44920163722822043,0.4481868095426386,0.0010148276855818095
MAP_0954,0.9553846153846154,0.18,0.05316562487772578,0.42947029044203217,0.42935306597726364,0.00011722446476852832
MAP_0955,0.9553846153846154,0.22,0.06498020818388707,0.4108293405149147,0.4107589758441731,7.036467074161834e-05
MAP_0956,0.9553846153846154,0.26,0.07679479149004836,0.392494439025566,0.3924050220709234,8.941695464259602e-05
MAP_0957,0.9553846153846154,0.30000000000000004,0.08860937479620966,0.3743457087886156,0.3742197944237315,0.00012591436488412766
MAP_0958,0.9553846153846154,0.34,0.10042395810237094,0.35635065938534305,0.3562416441026843,0.00010901528265877536
MAP_0959,0.9553846153846154,0.38,0.11223854140853222,0.3384740018060959,0.3383517315604688,0.00012227024562705413
MAP_0960,0.9553846153846154,0.42000000000000004,0.12405312471469351,0.32067458498643314,0.3205460352367497,0.00012854974968345978
MAP_0961,0.9553846153846154,0.46,0.1358677080208548,0.3029063310249356,0.3027871760362286,0.00011915498870695984
MAP_0962,0.9553846153846154,0.5,0.14768229132701607,0.28511712533394795,0.28500968113848263,0.00010744419546532269
MAP_0963,0.9553846153846154,0.54,0.15949687463317738,0.2672463594746873,0.2671063567087524,0.00014000276593489902
MAP_0964,0.9553846153846154,0.5800000000000001,0.17131145793933866,0.24922113919975414,0.24910853127224097,0.00011260792751316417
MAP_0965,0.9553846153846154,0.62,0.18312604124549994,0.23095045715383813,0.23081400213028833,0.00013645502354980854
MAP_0966,0.9553846153846154,0.66,0.19494062455166122,0.21231582256528994,0.21218020644833893,0.0001356161169510095
MAP_0967,0.9553846153846154,0.7000000000000001,0.20675520785782253,0.19315528633071707,0.19302494984521176,0.0001303364855053113
MAP_0968,0.9553846153846154,0.74,0.21856979116398378,0.1732341896489359,0.17310578124172984,0.00012840840720604318
MAP_0969,0.9553846153846154,0.78,0.2303843744701451,0.15218654740896514,0.1520324523333784,0.00015409507558675206
MAP_0970,0.9553846153846154,0.8200000000000001,0.24219895777630637,0.12938301091342708,0.12924351547083568,0.00013949544259139746
MAP_0971,0.9553846153846154,0.86,0.25401354108246765,0.10358624437359619,0.10339793210917371,0.00018831226442247995
MAP_0972,0.9553846153846154,0.9,0.26582812438862896,0.07198771721193015,0.07180247093875099,0.00018524627317915987
MAP_0973,0.9553846153846154,0.9400000000000001,0.2776427076947902,0.03315782977055987,0.033123901531828315,3.392823873155787e-05
MAP_0974,0.9553846153846154,0.98,0.2894572910009515,2.0294028670569698e-09,0.007932996298100228,0.007932994268697362
MAP_0975,0.98,0.02,0.003979949748426484,0.49512983430467017,0.4928757793830387,0.002254054921631443
MAP_0976,0.98,0.06,0.011939849245279452,0.48087245629497105,0.4789832030067253,0.0018892532882457402
MAP_0977,0.98,0.1,0.01989974874213242,0.4657317215885297,0.4653062074233662,0.0004255141651635097
MAP_0978,0.98,0.13999999999999999,0.027859648238985384,0.45651333994253773,0.4517493290741747,0.004764010868363033
MAP_0979,0.98,0.18,0.035819547735838356,0.4410591977679049,0.43834621702465854,0.002712980743246385
MAP_0980,0.98,0.22,0.043779447232691324,0.4257901409300025,0.4250679118509119,0.0007222290790905861
MAP_0981,0.98,0.26,0.05173934672954429,0.41202854520028687,0.4119050143750455,0.00012353082524135806
MAP_0982,0.98,0.30000000000000004,0.059699246226397266,0.3988802424699084,0.3988021857372188,7.80567326895687e-05
MAP_0983,0.98,0.34,0.06765914572325023,0.3859129450177351,0.3858259600881421,8.698492959302584e-05
MAP_0984,0.98,0.38,0.0756190452201032,0.37300953278029275,0.37291048211900385,9.905066128890194e-05
MAP_0985,0.98,0.42000000000000004,0.08357894471695618,0.36014380067175056,0.360042530176942,0.00010127049480856964
MAP_0986,0.98,0.46,0.09153884421380913,0.34730318472445987,0.3471629240203748,0.00014026070408507119
MAP_0987,0.98,0.5,0.0994987437106621,0.3344724728986012,0.33435523243004506,0.00011724046855615677
MAP_0988,0.98,0.54,0.10745864320751508,0.3216323828441833,0.32150795135532245,0.00012443148886082112
MAP_0989,0.98,0.5800000000000001,0.11541854270436805,0.30875999263254644,0.30862844346155655,0.0001315491709898975
MAP_0990,0.98,0.62,0.123378442201221,0.2958286194645748,0.2956801204701221,0.00014849899445268377
MAP_0991,0.98,0.66,0.13133834169807398,0.28280700105883405,0.28267873926816034,0.00012826179067371157
MAP_0992,0.98,0.7000000000000001,0.13929824119492695,0.2696578211140024,0.26951114493353584,0.00014667618046654285
MAP_0993,0.98,0.74,0.1472581406917799,0.25633543553231103,0.25618223193772344,0.00015320359458759203
MAP_0994,0.98,0.78,0.1552180401886329,0.24278238969359392,0.24264629140950406,0.0001360982840898639
MAP_0995,0.98,0.8200000000000001,0.16317793968548586,0.22892389442361488,0.22879467171979237,0.00012922270382251244
MAP_0996,0.98,0.86,0.1711378391823388,0.21465858805412366,0.2144969170094844,0.00016167104463926663
MAP_0997,0.98,0.9,0.1790977386791918,0.1998419844619446,0.1996940831737015,0.0001479012882431019
MAP_0998,0.98,0.9400000000000001,0.18705763817604476,0.18417939103247913,0.18407868012630035,0.00010071090617877476
MAP_0999,0.98,0.98,0.1950175376728977,0.040509821978807425,0.167336844860493,0.12682702288168557
